Q_diff,Q_router,Q_oracle
0,1,1
0,1,1
0,1,1
0,1,1
0,1,1
0,1,1
1,2,1
1,2,1
2,3,1
2,3,1
2,3,1
3,4,1
4,5,1
4,5,1
4,5,1
5,5,0
5,6,1
5,6,1
5,6,1
5,6,1
5,6,1
6,7,1
7,8,1
7,7,0
7,8,1
7,8,1
7,8,1
8,9,1
8,9,1
8,9,1
8,9,1
9,10,1
9,10,1
9,10,1
9,10,1
9,9,0
9,10,1
9,10,1
9,10,1
9,10,1
9,10,1
9,10,1
9,10,1
9,9,0
9,10,1
9,10,1
9,10,1
9,9,0
8,9,1
9,10,1
9,10,1
9,10,1
10,11,1
10,11,1
11,11,0
10,11,1
10,11,1
10,11,1
10,11,1
10,11,1
10,11,1
11,12,1
11,12,1
11,12,1
11,12,1
11,12,1
12,13,1
13,14,1
13,14,1
14,15,1
15,16,1
15,16,1
15,16,1
15,16,1
15,16,1
15,16,1
16,17,1
16,17,1
16,17,1
16,17,1
17,18,1
17,18,1
17,18,1
17,18,1
17,18,1
17,18,1
17,18,1
17,18,1
17,18,1
18,19,1
19,20,1
19,20,1
19,20,1
19,20,1
19,20,1
19,20,1
20,21,1
21,22,1
21,22,1
21,22,1
22,23,1
22,22,0
21,22,1
21,22,1
21,21,0
21,22,1
21,22,1
21,22,1
21,22,1
22,23,1
22,23,1
22,23,1
23,24,1
23,24,1
23,24,1
23,24,1
23,24,1
23,24,1
23,24,1
23,24,1
23,24,1
24,25,1
24,25,1
24,24,0
24,25,1
24,25,1
24,25,1
24,25,1
25,26,1
25,26,1
25,26,1
25,26,1
26,27,1
26,27,1
26,27,1
27,28,1
27,28,1
28,29,1
28,29,1
29,29,0
29,29,0
28,29,1
28,29,1
28,30,2
28,30,2
29,31,2
30,32,2
30,32,2
31,33,2
31,33,2
31,33,2
31,33,2
31,33,2
32,33,1
32,34,2
32,34,2
33,35,2
33,35,2
33,35,2
33,35,2
33,35,2
34,36,2
34,35,1
33,34,1
33,33,0
32,33,1
32,32,0
32,33,1
33,33,0
33,33,0
32,33,1
32,33,1
32,33,1
32,33,1
32,33,1
32,33,1
32,33,1
32,33,1
32,32,0
31,32,1
31,32,1
31,32,1
31,32,1
32,33,1
32,33,1
32,33,1
33,34,1
34,35,1
34,35,1
35,36,1
35,36,1
35,36,1
35,36,1
35,36,1
36,37,1
36,37,1
37,37,0
36,37,1
36,37,1
36,37,1
37,38,1
37,38,1
37,38,1
37,38,1
37,38,1
37,38,1
37,38,1
37,38,1
38,38,0
37,38,1
38,39,1
38,39,1
38,39,1
39,40,1
40,41,1
40,41,1
40,41,1
41,42,1
41,42,1
41,42,1
41,42,1
41,42,1
41,42,1
42,43,1
42,43,1
42,43,1
42,43,1
43,44,1
43,44,1
43,43,0
43,44,1
43,44,1
43,44,1
43,44,1
43,44,1
43,44,1
43,44,1
43,44,1
44,44,0
43,44,1
44,45,1
45,46,1
46,46,0
45,46,1
45,45,0
44,45,1
44,45,1
45,46,1
45,46,1
45,46,1
45,46,1
46,47,1
46,47,1
46,47,1
46,47,1
46,47,1
46,47,1
47,48,1
47,48,1
48,49,1
48,49,1
49,50,1
49,50,1
49,50,1
49,50,1
49,50,1
49,50,1
49,50,1
49,50,1
49,50,1
49,50,1
49,50,1
49,50,1
49,50,1
50,51,1
50,51,1
50,51,1
50,50,0
50,51,1
50,51,1
50,51,1
50,51,1
50,51,1
50,51,1
50,51,1
50,51,1
50,51,1
50,52,2
50,51,1
50,50,0
50,51,1
51,52,1
52,53,1
52,53,1
53,54,1
53,54,1
53,54,1
53,54,1
53,54,1
53,54,1
54,55,1
54,55,1
54,55,1
54,54,0
53,53,0
53,54,1
53,54,1
53,54,1
53,54,1
53,53,0
52,53,1
52,53,1
53,54,1
54,55,1
55,56,1
55,56,1
55,56,1
55,57,2
56,58,2
56,58,2
56,57,1
56,57,1
56,57,1
56,57,1
56,56,0
55,55,0
55,56,1
56,56,0
55,56,1
56,57,1
56,57,1
56,57,1
57,57,0
57,58,1
58,58,0
57,58,1
57,58,1
58,59,1
58,59,1
58,59,1
59,60,1
59,60,1
59,59,0
58,59,1
58,59,1
58,59,1
58,59,1
58,59,1
59,59,0
58,59,1
58,58,0
57,58,1
58,59,1
58,59,1
59,60,1
60,60,0
59,60,1
59,60,1
60,60,0
59,60,1
59,60,1
60,61,1
61,62,1
61,62,1
62,63,1
62,62,0
62,63,1
62,63,1
62,63,1
62,63,1
62,63,1
63,64,1
63,64,1
63,64,1
64,65,1
64,65,1
64,65,1
64,65,1
65,66,1
66,66,0
65,66,1
65,66,1
65,66,1
65,66,1
65,66,1
65,66,1
66,67,1
67,68,1
67,68,1
67,68,1
68,69,1
68,69,1
68,68,0
67,68,1
68,69,1
69,70,1
69,69,0
68,69,1
68,69,1
68,68,0
67,68,1
67,68,1
67,68,1
67,68,1
67,68,1
67,68,1
67,68,1
68,69,1
69,70,1
69,70,1
69,70,1
69,70,1
69,70,1
69,70,1
70,71,1
70,71,1
70,71,1
70,71,1
70,71,1
70,71,1
70,71,1
70,72,2
70,71,1
70,71,1
70,71,1
70,71,1
70,71,1
70,71,1
70,71,1
70,71,1
70,71,1
70,71,1
70,71,1
70,71,1
70,71,1
70,71,1
71,72,1
71,72,1
71,72,1
71,72,1
72,73,1
73,74,1
73,74,1
73,74,1
73,74,1
73,74,1
73,74,1
73,74,1
73,74,1
73,74,1
73,75,2
74,76,2
75,77,2
75,77,2
75,77,2
76,78,2
76,78,2
76,78,2
76,78,2
76,78,2
76,78,2
77,79,2
77,79,2
77,78,1
77,79,2
77,78,1
77,78,1
77,77,0
76,77,1
77,78,1
77,78,1
77,78,1
78,79,1
78,79,1
79,80,1
79,80,1
79,80,1
79,80,1
80,81,1
80,81,1
80,81,1
80,81,1
80,81,1
80,81,1
80,81,1
80,81,1
80,81,1
80,81,1
81,82,1
81,82,1
81,82,1
81,82,1
82,83,1
83,84,1
83,84,1
83,84,1
83,84,1
83,84,1
83,84,1
83,84,1
84,85,1
84,85,1
85,86,1
85,86,1
85,86,1
85,86,1
85,86,1
85,86,1
85,86,1
86,87,1
86,87,1
86,87,1
86,86,0
85,86,1
85,86,1
85,86,1
85,86,1
85,86,1
85,86,1
85,86,1
85,85,0
84,85,1
85,86,1
86,87,1
86,87,1
87,88,1
87,88,1
88,89,1
88,89,1
88,89,1
89,90,1
89,90,1
90,91,1
90,91,1
90,91,1
90,91,1
90,91,1
90,90,0
89,90,1
89,90,1
90,90,0
89,90,1
90,91,1
90,91,1
90,91,1
90,90,0
89,90,1
89,90,1
89,90,1
89,90,1
89,90,1
89,90,1
89,90,1
89,90,1
89,90,1
89,90,1
89,90,1
89,90,1
89,90,1
89,90,1
89,90,1
90,91,1
90,91,1
91,92,1
91,92,1
91,92,1
91,92,1
91,92,1
92,93,1
92,93,1
92,93,1
92,93,1
93,94,1
94,95,1
94,95,1
95,96,1
95,95,0
94,95,1
95,96,1
96,97,1
97,98,1
97,98,1
98,99,1
98,99,1
98,99,1
98,99,1
98,99,1
99,100,1
99,100,1
99,100,1
99,100,1
99,100,1
99,100,1
99,100,1
99,99,0
98,99,1
98,99,1
98,99,1
98,99,1
98,99,1
98,99,1
99,100,1
99,100,1
99,100,1
99,100,1
99,100,1
99,100,1
99,100,1
99,99,0
98,99,1
98,99,1
98,98,0
97,98,1
97,98,1
97,98,1
97,98,1
97,98,1
97,98,1
97,98,1
97,98,1
97,98,1
97,98,1
98,99,1
98,99,1
98,99,1
98,99,1
98,99,1
98,98,0
97,98,1
97,98,1
97,98,1
97,98,1
98,99,1
98,99,1
99,100,1
99,100,1
99,100,1
99,99,0
98,99,1
98,99,1
99,100,1
99,100,1
99,100,1
99,100,1
99,100,1
99,100,1
99,100,1
99,100,1
99,100,1
99,100,1
99,100,1
99,100,1
99,100,1
100,101,1
100,101,1
100,102,2
100,102,2
101,103,2
102,104,2
102,105,3
102,105,3
103,106,3
104,107,3
104,106,2
104,106,2
104,106,2
104,106,2
104,106,2
104,106,2
104,106,2
104,106,2
104,106,2
104,106,2
105,107,2
105,107,2
105,107,2
105,107,2
105,106,1
104,106,2
105,107,2
105,107,2
105,107,2
105,107,2
105,107,2
105,106,1
104,106,2
104,106,2
105,107,2
105,107,2
105,106,1
104,106,2
104,105,1
104,104,0
103,104,1
103,104,1
103,104,1
103,104,1
103,104,1
103,104,1
103,103,0
102,102,0
101,101,0
100,101,1
100,101,1
100,101,1
100,101,1
100,101,1
100,101,1
100,101,1
101,102,1
101,102,1
101,102,1
102,103,1
102,103,1
102,103,1
102,103,1
102,103,1
102,103,1
102,103,1
102,103,1
103,103,0
102,103,1
102,103,1
102,103,1
102,103,1
102,103,1
102,103,1
102,103,1
102,103,1
102,103,1
102,103,1
102,103,1
102,103,1
102,103,1
103,104,1
103,103,0
102,103,1
102,103,1
102,103,1
103,104,1
103,104,1
103,104,1
104,105,1
105,106,1
105,106,1
105,106,1
106,107,1
106,107,1
106,107,1
107,108,1
107,108,1
107,108,1
107,108,1
107,107,0
106,107,1
106,107,1
107,108,1
107,108,1
108,109,1
109,110,1
109,110,1
110,111,1
110,111,1
110,111,1
110,111,1
110,111,1
110,111,1
111,112,1
111,112,1
111,111,0
110,111,1
111,112,1
111,112,1
112,113,1
112,113,1
112,113,1
113,114,1
113,114,1
113,114,1
113,114,1
113,114,1
113,114,1
113,114,1
114,115,1
114,115,1
114,115,1
114,115,1
114,115,1
115,115,0
114,115,1
114,115,1
114,115,1
115,116,1
116,117,1
116,117,1
116,117,1
116,117,1
116,117,1
117,118,1
117,118,1
117,118,1
117,118,1
117,118,1
117,118,1
117,118,1
117,118,1
118,119,1
118,119,1
118,119,1
118,119,1
118,119,1
118,119,1
118,119,1
119,120,1
119,120,1
120,121,1
120,121,1
120,121,1
120,121,1
120,121,1
121,122,1
121,122,1
122,123,1
122,123,1
122,123,1
122,123,1
122,123,1
122,123,1
122,123,1
122,123,1
122,123,1
122,123,1
122,123,1
122,122,0
121,122,1
121,121,0
120,121,1
121,121,0
120,121,1
121,121,0
120,121,1
120,121,1
120,121,1
120,121,1
121,122,1
122,123,1
122,122,0
121,122,1
121,122,1
121,122,1
121,122,1
121,122,1
121,122,1
121,121,0
120,121,1
120,121,1
120,121,1
120,121,1
120,121,1
120,121,1
120,121,1
120,121,1
120,121,1
120,121,1
120,121,1
120,121,1
120,120,0
119,120,1
119,120,1
119,119,0
118,118,0
117,118,1
117,118,1
117,118,1
117,118,1
118,119,1
118,119,1
118,119,1
118,119,1
118,119,1
118,119,1
119,120,1
119,120,1
119,120,1
119,120,1
119,120,1
119,120,1
119,120,1
120,121,1
121,122,1
121,122,1
121,122,1
122,122,0
121,121,0
120,121,1
121,122,1
121,122,1
121,122,1
122,123,1
123,124,1
124,125,1
125,126,1
125,126,1
125,126,1
126,127,1
126,127,1
126,127,1
126,127,1
126,127,1
126,127,1
126,127,1
126,127,1
127,128,1
127,128,1
127,128,1
128,129,1
129,130,1
129,130,1
130,130,0
130,131,1
130,131,1
130,131,1
130,130,0
129,130,1
129,130,1
129,130,1
129,130,1
129,130,1
129,130,1
129,130,1
129,130,1
129,130,1
129,130,1
129,130,1
129,130,1
129,129,0
128,129,1
128,129,1
128,129,1
129,130,1
129,130,1
130,131,1
130,131,1
130,131,1
130,131,1
130,131,1
130,131,1
130,131,1
130,131,1
130,131,1
130,131,1
130,131,1
130,131,1
131,132,1
131,132,1
131,132,1
131,132,1
131,132,1
132,133,1
133,134,1
133,134,1
134,135,1
134,135,1
134,136,2
134,136,2
134,136,2
134,136,2
134,136,2
134,136,2
134,136,2
134,135,1
134,135,1
134,135,1
135,136,1
135,135,0
135,136,1
135,136,1
135,136,1
135,136,1
136,137,1
136,137,1
136,137,1
136,137,1
136,137,1
136,137,1
136,137,1
136,137,1
136,137,1
136,137,1
136,137,1
136,137,1
136,137,1
136,137,1
136,137,1
136,137,1
136,137,1
136,137,1
136,137,1
137,138,1
137,138,1
137,138,1
137,138,1
138,139,1
138,139,1
138,139,1
139,140,1
139,140,1
139,140,1
139,140,1
139,140,1
139,140,1
139,140,1
139,141,2
139,141,2
139,141,2
139,141,2
140,142,2
140,142,2
140,142,2
141,143,2
141,143,2
141,143,2
141,143,2
141,143,2
141,143,2
142,144,2
143,145,2
144,146,2
144,146,2
144,146,2
145,147,2
145,148,3
145,148,3
145,148,3
145,148,3
145,147,2
145,147,2
145,147,2
145,147,2
145,147,2
145,147,2
146,148,2
146,147,1
145,147,2
146,148,2
147,149,2
147,149,2
147,149,2
147,149,2
147,149,2
147,149,2
147,149,2
147,149,2
147,148,1
147,149,2
147,149,2
147,149,2
148,150,2
148,150,2
148,150,2
148,150,2
149,151,2
149,151,2
150,152,2
151,153,2
152,154,2
153,155,2
153,155,2
153,155,2
153,155,2
153,155,2
153,155,2
153,155,2
153,155,2
153,156,3
153,156,3
153,156,3
154,157,3
154,157,3
154,157,3
154,157,3
154,157,3
154,157,3
154,157,3
154,157,3
154,156,2
153,156,3
153,156,3
153,156,3
154,157,3
154,157,3
154,157,3
155,158,3
156,159,3
156,159,3
157,160,3
157,160,3
157,161,4
157,161,4
157,161,4
158,162,4
159,163,4
160,163,3
160,163,3
161,163,2
161,163,2
161,163,2
161,163,2
161,163,2
161,163,2
161,163,2
161,163,2
161,163,2
161,164,3
161,164,3
161,164,3
161,164,3
161,164,3
161,163,2
162,164,2
163,165,2
164,166,2
164,166,2
164,166,2
165,167,2
165,167,2
166,168,2
167,169,2
168,170,2
168,169,1
168,169,1
168,169,1
169,170,1
169,170,1
169,169,0
168,169,1
168,169,1
169,170,1
169,170,1
169,170,1
169,170,1
169,170,1
169,170,1
169,170,1
169,170,1
169,170,1
169,170,1
169,170,1
169,170,1
169,170,1
169,169,0
168,169,1
168,169,1
168,169,1
168,168,0
167,168,1
168,169,1
168,169,1
169,170,1
170,171,1
171,171,0
170,171,1
170,170,0
169,170,1
170,171,1
171,172,1
171,172,1
171,172,1
171,172,1
171,172,1
171,172,1
171,172,1
171,172,1
171,172,1
171,172,1
171,172,1
171,172,1
171,173,2
172,174,2
172,174,2
172,174,2
172,174,2
173,175,2
174,176,2
174,176,2
174,176,2
174,176,2
174,176,2
174,176,2
174,175,1
174,175,1
174,175,1
174,175,1
175,176,1
175,176,1
175,176,1
175,176,1
175,175,0
174,175,1
174,175,1
174,175,1
175,176,1
175,176,1
176,177,1
176,178,2
176,178,2
176,178,2
176,178,2
176,178,2
176,177,1
176,177,1
176,177,1
176,176,0
175,176,1
176,177,1
176,176,0
175,176,1
175,176,1
175,176,1
175,176,1
176,177,1
177,178,1
177,178,1
177,178,1
177,178,1
177,178,1
177,178,1
177,178,1
177,178,1
177,177,0
176,177,1
176,177,1
176,177,1
176,176,0
175,176,1
175,176,1
176,177,1
176,177,1
176,177,1
176,177,1
176,177,1
176,177,1
176,177,1
176,177,1
176,177,1
176,177,1
176,177,1
176,177,1
176,177,1
176,177,1
176,177,1
177,177,0
177,178,1
177,178,1
177,178,1
177,177,0
177,178,1
178,179,1
178,179,1
178,179,1
178,178,0
177,178,1
177,178,1
177,177,0
176,177,1
176,177,1
176,177,1
176,177,1
176,177,1
176,177,1
176,177,1
177,178,1
177,178,1
177,177,0
176,176,0
175,176,1
176,177,1
176,177,1
176,176,0
175,176,1
175,176,1
175,176,1
175,176,1
175,176,1
175,176,1
175,176,1
175,176,1
175,176,1
175,176,1
175,176,1
175,176,1
175,176,1
175,176,1
175,176,1
175,176,1
176,177,1
176,177,1
177,178,1
177,178,1
177,178,1
177,178,1
177,178,1
177,177,0
177,178,1
178,179,1
179,180,1
179,180,1
179,180,1
180,181,1
180,181,1
180,181,1
180,181,1
180,181,1
181,182,1
181,182,1
181,182,1
181,182,1
181,182,1
181,182,1
181,182,1
182,183,1
183,184,1
183,184,1
184,185,1
184,185,1
185,186,1
185,186,1
185,186,1
185,186,1
185,186,1
185,186,1
185,186,1
185,186,1
186,187,1
186,187,1
186,186,0
185,186,1
185,186,1
186,187,1
187,188,1
188,189,1
188,189,1
188,189,1
188,189,1
189,190,1
190,191,1
191,192,1
191,192,1
192,193,1
192,193,1
192,194,2
192,194,2
193,195,2
193,195,2
194,196,2
194,196,2
194,195,1
194,194,0
193,194,1
193,194,1
193,194,1
193,194,1
193,193,0
192,193,1
192,193,1
192,193,1
192,193,1
192,194,2
192,194,2
193,195,2
193,195,2
193,195,2
193,195,2
193,195,2
193,194,1
193,194,1
193,194,1
193,194,1
193,194,1
193,194,1
194,195,1
195,195,0
194,195,1
194,195,1
194,195,1
194,194,0
193,194,1
194,195,1
194,195,1
194,194,0
194,195,1
195,196,1
195,196,1
195,196,1
195,196,1
195,196,1
195,196,1
195,196,1
196,197,1
196,197,1
196,197,1
197,198,1
198,199,1
198,199,1
198,199,1
199,200,1
199,200,1
199,200,1
200,201,1
200,201,1
200,201,1
200,201,1
201,202,1
201,202,1
201,202,1
201,202,1
201,202,1
201,202,1
201,201,0
200,201,1
200,201,1
200,201,1
201,202,1
201,202,1
202,203,1
202,203,1
202,203,1
202,203,1
202,202,0
201,202,1
201,202,1
202,203,1
202,203,1
202,203,1
202,203,1
202,203,1
202,203,1
202,203,1
202,204,2
202,203,1
203,204,1
203,204,1
204,205,1
204,205,1
204,205,1
205,206,1
206,206,0
205,206,1
205,206,1
205,206,1
205,206,1
205,206,1
205,206,1
205,205,0
204,204,0
204,205,1
204,205,1
204,205,1
204,205,1
204,206,2
204,205,1
205,206,1
205,206,1
205,206,1
206,207,1
206,206,0
205,206,1
205,206,1
206,207,1
206,207,1
206,207,1
206,207,1
206,207,1
206,207,1
206,207,1
207,208,1
208,209,1
208,209,1
209,210,1
209,209,0
208,209,1
208,209,1
208,209,1
208,209,1
208,209,1
208,209,1
208,209,1
208,209,1
208,209,1
208,209,1
208,209,1
209,210,1
210,211,1
211,211,0
210,211,1
210,211,1
210,212,2
210,211,1
210,211,1
211,212,1
211,212,1
211,212,1
212,213,1
212,213,1
212,213,1
212,213,1
212,213,1
212,213,1
213,214,1
213,213,0
212,213,1
212,213,1
212,212,0
211,212,1
211,212,1
212,213,1
212,213,1
212,213,1
212,213,1
212,213,1
212,213,1
212,213,1
213,214,1
214,215,1
214,215,1
214,215,1
214,215,1
214,215,1
214,215,1
214,215,1
214,215,1
214,215,1
214,214,0
214,215,1
214,215,1
214,215,1
214,215,1
215,215,0
214,215,1
215,216,1
215,216,1
216,217,1
217,218,1
217,218,1
217,218,1
217,218,1
217,218,1
217,218,1
217,218,1
217,218,1
217,218,1
217,218,1
217,218,1
217,218,1
217,218,1
217,218,1
218,219,1
218,219,1
218,219,1
218,218,0
217,218,1
217,217,0
216,217,1
216,217,1
216,217,1
216,217,1
216,217,1
216,217,1
216,217,1
216,217,1
216,217,1
216,217,1
216,217,1
216,217,1
216,217,1
217,218,1
217,218,1
217,218,1
218,219,1
218,219,1
218,218,0
217,218,1
217,218,1
218,219,1
219,220,1
219,220,1
220,221,1
221,222,1
221,221,0
220,221,1
220,221,1
220,221,1
221,222,1
221,222,1
222,223,1
222,223,1
222,223,1
222,223,1
223,224,1
223,224,1
223,224,1
223,224,1
224,225,1
224,225,1
225,226,1
225,226,1
225,226,1
225,226,1
225,226,1
226,227,1
227,228,1
227,228,1
227,228,1
227,228,1
227,228,1
227,227,0
226,227,1
226,227,1
226,227,1
226,227,1
226,227,1
226,227,1
226,227,1
226,227,1
226,227,1
226,227,1
226,227,1
227,228,1
227,228,1
227,228,1
227,228,1
227,228,1
228,229,1
228,229,1
229,230,1
229,230,1
229,230,1
229,230,1
229,230,1
229,230,1
229,230,1
229,230,1
229,230,1
229,230,1
229,230,1
230,231,1
230,231,1
230,230,0
229,230,1
229,230,1
229,230,1
229,230,1
229,230,1
229,230,1
230,231,1
230,230,0
229,230,1
229,230,1
230,231,1
230,230,0
229,230,1
230,231,1
230,231,1
231,232,1
231,232,1
231,232,1
231,232,1
231,232,1
231,232,1
231,232,1
231,232,1
231,232,1
231,232,1
231,232,1
231,232,1
231,232,1
231,232,1
231,232,1
231,232,1
231,232,1
232,233,1
232,233,1
232,233,1
232,233,1
232,233,1
232,232,0
231,232,1
231,231,0
230,231,1
231,232,1
231,232,1
231,232,1
232,233,1
232,234,2
232,233,1
232,232,0
231,232,1
231,232,1
231,232,1
231,232,1
231,232,1
231,232,1
231,232,1
231,232,1
232,233,1
232,232,0
231,232,1
231,232,1
232,233,1
232,233,1
232,233,1
232,233,1
232,233,1
232,233,1
232,233,1
232,233,1
232,233,1
232,233,1
232,233,1
233,234,1
233,234,1
233,234,1
233,234,1
234,235,1
234,235,1
234,235,1
235,235,0
234,235,1
234,235,1
234,235,1
234,235,1
234,235,1
234,235,1
234,235,1
234,235,1
234,235,1
234,235,1
234,235,1
234,235,1
234,235,1
234,235,1
234,235,1
234,235,1
234,235,1
234,235,1
234,235,1
235,236,1
235,236,1
235,236,1
235,236,1
235,236,1
235,236,1
235,236,1
235,235,0
234,235,1
234,235,1
234,235,1
235,236,1
235,235,0
234,235,1
234,235,1
234,235,1
235,236,1
235,236,1
236,237,1
236,237,1
236,237,1
236,237,1
237,238,1
238,239,1
238,239,1
238,239,1
238,239,1
238,239,1
238,239,1
238,239,1
238,239,1
238,239,1
238,240,2
238,240,2
238,240,2
239,241,2
240,242,2
240,243,3
240,243,3
240,243,3
240,243,3
240,243,3
241,244,3
241,244,3
241,244,3
242,245,3
243,246,3
243,246,3
244,247,3
244,247,3
244,247,3
244,247,3
245,247,2
245,247,2
245,247,2
245,247,2
245,247,2
245,247,2
246,248,2
246,247,1
246,247,1
246,247,1
247,248,1
247,248,1
247,248,1
248,249,1
248,249,1
248,249,1
249,250,1
249,251,2
250,252,2
250,252,2
250,252,2
250,252,2
250,252,2
250,252,2
251,253,2
251,253,2
252,254,2
252,254,2
252,254,2
253,255,2
253,255,2
253,255,2
253,254,1
252,254,2
252,254,2
253,255,2
253,255,2
253,254,1
252,254,2
252,254,2
252,254,2
252,254,2
252,254,2
253,255,2
254,256,2
254,256,2
254,256,2
254,256,2
254,256,2
254,256,2
254,256,2
254,256,2
254,256,2
254,256,2
254,256,2
254,255,1
253,255,2
253,255,2
253,255,2
254,256,2
255,257,2
255,257,2
255,257,2
255,257,2
255,257,2
255,257,2
255,256,1
254,255,1
253,255,2
253,255,2
253,254,1
252,254,2
253,255,2
253,255,2
253,255,2
253,255,2
253,256,3
253,256,3
254,256,2
254,256,2
254,256,2
255,256,1
254,256,2
254,256,2
254,256,2
254,256,2
254,255,1
253,255,2
253,255,2
253,255,2
254,256,2
254,256,2
254,256,2
254,256,2
255,257,2
255,257,2
255,257,2
255,257,2
255,257,2
256,258,2
256,258,2
256,257,1
255,257,2
255,257,2
255,257,2
255,256,1
254,255,1
253,255,2
253,255,2
254,256,2
255,256,1
255,256,1
256,257,1
256,257,1
256,257,1
257,258,1
257,257,0
256,257,1
256,256,0
255,256,1
255,256,1
255,256,1
255,256,1
255,256,1
255,256,1
256,257,1
256,257,1
257,258,1
257,257,0
256,257,1
256,257,1
256,257,1
257,258,1
257,258,1
258,259,1
259,260,1
259,260,1
259,260,1
259,259,0
259,259,0
258,259,1
259,260,1
260,261,1
260,261,1
260,261,1
260,261,1
260,261,1
261,262,1
261,262,1
261,262,1
261,261,0
260,261,1
260,261,1
260,261,1
260,261,1
261,261,0
260,261,1
260,261,1
260,261,1
260,261,1
260,261,1
260,261,1
260,261,1
260,260,0
259,260,1
259,260,1
259,260,1
259,260,1
259,260,1
259,260,1
259,260,1
259,260,1
259,260,1
259,259,0
258,259,1
259,260,1
259,260,1
259,260,1
259,260,1
260,261,1
260,261,1
260,261,1
260,260,0
259,260,1
259,260,1
259,260,1
259,260,1
260,261,1
260,261,1
260,261,1
260,261,1
261,262,1
261,261,0
260,261,1
261,262,1
261,262,1
261,262,1
261,262,1
261,262,1
261,262,1
261,262,1
261,262,1
261,262,1
261,262,1
262,263,1
262,263,1
262,263,1
262,263,1
262,263,1
262,262,0
261,262,1
261,262,1
261,262,1
261,262,1
261,262,1
261,262,1
261,262,1
261,262,1
261,262,1
261,262,1
261,261,0
260,261,1
260,261,1
260,261,1
260,261,1
260,261,1
261,262,1
261,262,1
261,262,1
261,262,1
261,262,1
261,262,1
261,262,1
261,262,1
261,262,1
261,262,1
261,262,1
261,261,0
260,261,1
260,261,1
260,261,1
260,261,1
260,261,1
260,261,1
260,261,1
261,261,0
260,261,1
261,262,1
261,262,1
261,262,1
261,262,1
261,262,1
261,262,1
262,263,1
262,262,0
261,262,1
261,262,1
261,262,1
261,262,1
261,262,1
261,262,1
262,263,1
263,264,1
263,264,1
263,264,1
263,264,1
263,264,1
263,264,1
263,264,1
263,263,0
262,263,1
262,263,1
262,263,1
262,263,1
262,263,1
262,263,1
262,264,2
262,264,2
262,264,2
262,264,2
263,265,2
263,265,2
263,265,2
263,265,2
263,265,2
263,265,2
264,266,2
265,267,2
265,267,2
265,267,2
265,267,2
265,266,1
265,266,1
265,266,1
266,267,1
267,268,1
267,268,1
267,268,1
267,268,1
267,268,1
267,268,1
267,268,1
267,268,1
267,268,1
267,268,1
267,268,1
267,269,2
267,269,2
267,269,2
267,269,2
267,269,2
267,268,1
267,268,1
268,268,0
267,268,1
267,268,1
267,268,1
267,268,1
267,268,1
267,268,1
267,268,1
268,269,1
268,269,1
268,269,1
269,270,1
269,270,1
268,270,2
268,270,2
268,270,2
268,270,2
268,270,2
268,270,2
268,270,2
269,271,2
269,271,2
269,271,2
269,271,2
269,271,2
269,270,1
269,270,1
269,270,1
269,269,0
268,269,1
268,269,1
268,269,1
268,268,0
267,268,1
267,268,1
267,268,1
267,268,1
267,268,1
267,268,1
267,268,1
267,268,1
267,268,1
267,268,1
267,268,1
267,268,1
268,269,1
268,269,1
268,269,1
268,269,1
268,269,1
268,269,1
269,269,0
268,269,1
268,269,1
268,269,1
268,268,0
267,268,1
267,268,1
267,267,0
267,268,1
267,268,1
267,268,1
268,269,1
268,268,0
267,268,1
267,268,1
267,268,1
267,268,1
267,268,1
267,267,0
266,266,0
265,266,1
265,266,1
265,266,1
265,266,1
266,267,1
266,267,1
266,267,1
266,267,1
266,267,1
266,267,1
266,267,1
266,267,1
266,267,1
266,267,1
266,267,1
266,267,1
266,267,1
266,267,1
266,267,1
266,267,1
266,267,1
266,267,1
266,267,1
266,267,1
266,267,1
267,268,1
267,268,1
267,268,1
268,269,1
268,269,1
268,269,1
268,269,1
268,269,1
268,269,1
268,269,1
268,269,1
268,269,1
268,269,1
268,269,1
268,269,1
268,269,1
268,269,1
268,269,1
268,269,1
269,270,1
269,270,1
269,270,1
269,270,1
270,271,1
270,271,1
270,271,1
270,271,1
270,271,1
270,271,1
270,271,1
270,271,1
270,271,1
270,271,1
271,272,1
271,272,1
271,272,1
271,272,1
271,272,1
271,272,1
272,273,1
273,274,1
273,274,1
273,274,1
273,273,0
272,273,1
273,274,1
274,275,1
274,275,1
274,275,1
274,275,1
274,275,1
274,275,1
274,275,1
274,275,1
274,274,0
273,274,1
274,275,1
274,275,1
274,275,1
274,275,1
274,275,1
274,275,1
274,275,1
275,276,1
275,276,1
275,276,1
275,276,1
275,276,1
275,276,1
275,276,1
275,276,1
274,276,2
274,276,2
274,276,2
274,276,2
274,276,2
274,276,2
274,276,2
274,276,2
274,276,2
274,276,2
274,275,1
274,275,1
274,275,1
275,276,1
275,276,1
275,276,1
275,276,1
275,276,1
275,276,1
276,277,1
276,277,1
276,277,1
276,277,1
277,278,1
277,278,1
278,279,1
278,279,1
278,279,1
278,279,1
278,280,2
278,280,2
278,280,2
278,280,2
278,280,2
279,281,2
279,281,2
280,282,2
280,282,2
280,282,2
280,281,1
281,282,1
282,283,1
282,283,1
282,282,0
282,283,1
282,283,1
282,283,1
282,283,1
282,283,1
282,283,1
282,283,1
282,283,1
282,283,1
283,284,1
283,284,1
283,284,1
283,284,1
283,284,1
283,284,1
283,284,1
283,284,1
283,284,1
283,284,1
284,285,1
284,285,1
284,285,1
284,285,1
284,285,1
284,284,0
283,283,0
282,283,1
283,284,1
283,283,0
282,282,0
281,282,1
281,282,1
281,282,1
281,281,0
280,281,1
281,282,1
282,283,1
282,283,1
282,283,1
283,284,1
283,284,1
283,284,1
283,284,1
283,284,1
283,284,1
283,284,1
283,284,1
283,284,1
284,285,1
284,285,1
284,285,1
284,284,0
283,284,1
283,284,1
283,284,1
283,284,1
283,284,1
283,284,1
283,284,1
283,284,1
283,284,1
283,284,1
283,284,1
283,284,1
283,284,1
283,284,1
283,284,1
283,284,1
283,284,1
283,284,1
283,284,1
283,283,0
282,283,1
282,283,1
282,283,1
282,283,1
282,283,1
282,283,1
282,283,1
282,283,1
282,283,1
282,283,1
282,283,1
282,283,1
282,283,1
282,282,0
281,282,1
281,282,1
281,282,1
281,282,1
281,282,1
281,282,1
281,282,1
281,282,1
281,281,0
280,281,1
280,281,1
280,281,1
280,281,1
280,281,1
280,281,1
280,281,1
280,281,1
280,281,1
280,281,1
280,281,1
280,281,1
280,281,1
280,281,1
280,281,1
280,281,1
280,281,1
280,281,1
280,280,0
280,281,1
280,281,1
280,281,1
281,281,0
280,281,1
280,281,1
281,282,1
281,282,1
281,282,1
281,282,1
281,282,1
281,282,1
281,282,1
281,282,1
281,282,1
281,282,1
281,282,1
281,282,1
281,282,1
281,281,0
280,281,1
280,281,1
280,281,1
280,281,1
280,281,1
280,281,1
280,281,1
280,280,0
280,281,1
280,281,1
281,282,1
281,282,1
281,282,1
281,282,1
281,282,1
281,282,1
281,282,1
281,282,1
281,282,1
281,282,1
281,282,1
281,282,1
281,282,1
281,282,1
282,283,1
282,283,1
282,283,1
282,283,1
282,283,1
282,283,1
282,283,1
282,283,1
282,283,1
282,283,1
282,282,0
282,283,1
282,283,1
282,283,1
283,284,1
283,284,1
283,284,1
283,283,0
282,283,1
282,283,1
283,284,1
283,284,1
283,284,1
283,284,1
283,284,1
283,284,1
284,285,1
284,284,0
283,284,1
283,284,1
284,285,1
284,285,1
284,285,1
284,285,1
284,285,1
284,285,1
284,284,0
283,284,1
284,285,1
284,285,1
284,285,1
284,285,1
284,285,1
284,285,1
284,284,0
283,284,1
283,284,1
283,284,1
284,285,1
284,285,1
284,285,1
284,285,1
284,285,1
284,285,1
284,285,1
284,284,0
283,284,1
283,284,1
283,285,2
283,285,2
283,285,2
283,284,1
284,284,0
283,284,1
283,284,1
283,284,1
283,284,1
283,284,1
283,284,1
283,284,1
283,284,1
283,284,1
283,284,1
283,283,0
282,283,1
282,283,1
281,283,2
281,283,2
281,283,2
281,283,2
281,283,2
281,282,1
280,282,2
280,282,2
280,282,2
280,281,1
279,281,2
279,281,2
279,281,2
279,281,2
279,281,2
279,281,2
279,281,2
279,281,2
279,281,2
280,282,2
280,282,2
280,282,2
280,282,2
280,282,2
280,282,2
280,282,2
280,282,2
280,282,2
280,282,2
280,282,2
280,282,2
280,282,2
280,282,2
280,282,2
280,282,2
280,282,2
281,283,2
281,283,2
281,283,2
281,283,2
281,282,1
280,282,2
280,282,2
280,282,2
280,282,2
280,282,2
280,282,2
280,282,2
280,282,2
280,282,2
280,282,2
280,282,2
280,282,2
280,282,2
280,282,2
280,282,2
280,281,1
279,281,2
279,281,2
279,281,2
279,281,2
279,281,2
279,281,2
279,281,2
279,281,2
279,281,2
279,281,2
279,281,2
279,281,2
279,281,2
279,281,2
279,281,2
279,281,2
280,282,2
280,282,2
280,282,2
280,282,2
280,281,1
279,281,2
280,282,2
280,282,2
280,282,2
280,282,2
280,282,2
280,282,2
280,283,3
280,283,3
280,283,3
281,284,3
281,284,3
281,284,3
282,285,3
282,284,2
281,284,3
282,285,3
282,285,3
282,284,2
281,284,3
281,284,3
281,284,3
281,284,3
281,284,3
281,284,3
281,284,3
281,284,3
281,284,3
281,284,3
281,283,2
281,283,2
281,283,2
281,283,2
281,282,1
281,282,1
281,282,1
282,283,1
282,282,0
281,281,0
280,281,1
280,281,1
280,281,1
280,281,1
280,281,1
280,281,1
281,281,0
281,282,1
281,282,1
281,282,1
281,282,1
281,282,1
281,282,1
281,282,1
281,281,0
281,282,1
281,282,1
281,282,1
281,282,1
281,282,1
281,282,1
281,282,1
281,282,1
281,282,1
281,282,1
282,282,0
281,282,1
281,282,1
281,281,0
281,282,1
281,282,1
281,282,1
281,282,1
281,282,1
281,282,1
281,282,1
281,282,1
281,282,1
281,282,1
281,282,1
281,282,1
281,281,0
281,282,1
281,282,1
281,282,1
281,282,1
281,282,1
281,282,1
281,281,0
280,281,1
280,281,1
280,281,1
280,281,1
281,282,1
281,282,1
281,282,1
282,283,1
282,283,1
282,283,1
282,283,1
282,283,1
282,283,1
282,283,1
282,283,1
282,283,1
282,283,1
282,283,1
282,283,1
282,283,1
282,283,1
282,283,1
282,283,1
282,283,1
282,283,1
282,283,1
282,283,1
282,283,1
282,283,1
282,283,1
282,282,0
281,282,1
281,282,1
281,282,1
281,282,1
282,283,1
282,283,1
282,282,0
282,283,1
282,283,1
282,283,1
283,284,1
283,284,1
283,283,0
282,283,1
282,283,1
283,284,1
283,284,1
283,284,1
283,284,1
283,284,1
283,284,1
283,284,1
283,284,1
283,284,1
283,284,1
283,284,1
283,284,1
283,284,1
283,284,1
284,285,1
284,286,2
284,286,2
284,286,2
284,286,2
284,286,2
284,286,2
284,286,2
284,286,2
285,287,2
285,287,2
285,287,2
285,286,1
286,287,1
286,287,1
286,287,1
286,287,1
286,287,1
286,287,1
286,287,1
287,288,1
287,287,0
286,287,1
286,287,1
286,287,1
286,287,1
286,287,1
286,287,1
286,286,0
286,287,1
286,287,1
286,287,1
286,287,1
286,287,1
286,287,1
287,288,1
287,288,1
287,288,1
287,288,1
287,288,1
287,288,1
287,288,1
287,288,1
287,288,1
287,288,1
288,289,1
288,289,1
288,289,1
288,289,1
288,289,1
288,289,1
288,289,1
288,289,1
289,290,1
289,290,1
289,290,1
289,290,1
289,290,1
289,290,1
289,290,1
289,289,0
288,289,1
288,289,1
288,289,1
288,289,1
288,289,1
288,289,1
288,288,0
287,288,1
287,288,1
287,288,1
287,288,1
287,288,1
287,288,1
287,288,1
287,288,1
287,288,1
287,288,1
287,288,1
287,288,1
287,288,1
287,288,1
288,289,1
288,289,1
288,289,1
288,289,1
289,290,1
290,291,1
290,291,1
290,291,1
291,292,1
291,292,1
291,292,1
291,293,2
291,292,1
291,292,1
291,292,1
291,292,1
291,292,1
291,292,1
291,292,1
292,293,1
292,293,1
293,294,1
293,294,1
293,294,1
293,293,0
292,293,1
292,293,1
292,292,0
291,292,1
291,292,1
291,292,1
291,292,1
291,292,1
291,291,0
290,291,1
290,291,1
290,290,0
289,290,1
289,290,1
289,290,1
289,290,1
289,289,0
289,290,1
289,289,0
288,289,1
288,289,1
288,289,1
288,289,1
289,290,1
289,290,1
290,291,1
290,291,1
291,292,1
291,292,1
291,292,1
291,292,1
291,292,1
291,292,1
291,292,1
291,292,1
291,292,1
291,292,1
291,292,1
291,292,1
291,292,1
291,292,1
291,292,1
291,292,1
291,292,1
291,292,1
291,292,1
291,292,1
291,292,1
291,292,1
291,292,1
291,292,1
291,291,0
291,292,1
291,292,1
291,292,1
291,292,1
291,292,1
291,292,1
291,292,1
292,293,1
292,292,0
291,292,1
291,292,1
291,292,1
291,292,1
291,292,1
291,292,1
291,292,1
291,292,1
291,292,1
291,292,1
291,292,1
291,292,1
291,291,0
290,291,1
290,291,1
290,291,1
290,291,1
290,291,1
290,291,1
291,292,1
291,292,1
291,292,1
291,292,1
291,293,2
291,293,2
291,293,2
291,293,2
291,293,2
292,294,2
292,294,2
292,294,2
292,294,2
292,294,2
292,294,2
292,294,2
292,294,2
292,294,2
292,294,2
292,294,2
292,294,2
292,294,2
292,294,2
292,294,2
292,294,2
292,294,2
292,294,2
292,294,2
292,294,2
292,293,1
292,293,1
292,293,1
292,293,1
292,293,1
292,293,1
293,294,1
293,293,0
292,293,1
292,293,1
292,293,1
292,293,1
293,294,1
293,294,1
293,294,1
293,294,1
293,294,1
293,294,1
293,294,1
293,293,0
292,293,1
292,293,1
292,293,1
293,294,1
293,294,1
293,294,1
293,294,1
293,294,1
293,294,1
293,294,1
293,293,0
293,294,1
293,293,0
292,293,1
292,293,1
292,293,1
292,293,1
292,293,1
292,293,1
292,293,1
292,293,1
292,293,1
292,293,1
292,293,1
292,293,1
292,293,1
292,293,1
292,293,1
292,293,1
292,292,0
291,292,1
291,291,0
290,291,1
290,291,1
290,291,1
290,291,1
290,291,1
290,291,1
290,291,1
290,291,1
290,291,1
290,291,1
290,291,1
290,291,1
290,291,1
290,291,1
290,291,1
290,291,1
290,291,1
290,291,1
290,291,1
290,291,1
290,291,1
290,291,1
290,291,1
291,292,1
291,292,1
291,292,1
291,292,1
291,292,1
291,292,1
291,292,1
292,293,1
292,293,1
292,293,1
292,293,1
292,293,1
292,293,1
292,293,1
291,293,2
291,293,2
292,294,2
292,294,2
292,294,2
292,294,2
292,294,2
293,295,2
293,295,2
293,295,2
293,295,2
293,295,2
293,295,2
293,295,2
293,295,2
294,296,2
294,296,2
294,295,1
293,295,2
292,295,3
292,295,3
292,295,3
292,295,3
293,296,3
293,296,3
293,296,3
293,296,3
293,296,3
293,296,3
293,295,2
293,295,2
293,295,2
293,295,2
293,295,2
293,295,2
293,295,2
293,295,2
293,295,2
293,295,2
293,295,2
293,295,2
293,295,2
293,295,2
293,294,1
293,295,2
293,295,2
293,295,2
293,295,2
293,295,2
293,295,2
293,295,2
293,295,2
293,295,2
293,295,2
293,295,2
293,295,2
293,295,2
293,295,2
293,295,2
293,295,2
294,296,2
294,296,2
294,296,2
294,296,2
295,297,2
295,297,2
295,296,1
295,296,1
295,296,1
295,296,1
295,296,1
295,296,1
295,296,1
295,296,1
296,297,1
297,298,1
297,298,1
298,298,0
298,299,1
298,299,1
298,299,1
299,300,1
299,300,1
299,300,1
299,300,1
299,300,1
299,300,1
299,300,1
300,301,1
300,301,1
300,301,1
300,301,1
300,301,1
300,301,1
300,301,1
300,300,0
299,300,1
299,300,1
299,299,0
298,299,1
298,299,1
298,299,1
298,299,1
298,299,1
298,299,1
298,299,1
298,299,1
298,299,1
298,299,1
298,299,1
298,299,1
298,299,1
298,299,1
298,299,1
298,299,1
298,299,1
298,299,1
299,300,1
299,300,1
299,300,1
299,300,1
299,300,1
299,300,1
299,300,1
299,300,1
299,300,1
299,300,1
299,300,1
299,300,1
299,300,1
299,300,1
299,299,0
298,299,1
298,299,1
298,299,1
298,299,1
298,298,0
297,298,1
297,298,1
297,298,1
297,298,1
297,297,0
296,297,1
296,297,1
296,297,1
296,297,1
296,297,1
296,297,1
296,296,0
296,297,1
296,297,1
296,297,1
296,297,1
296,297,1
296,298,2
296,298,2
296,298,2
296,298,2
296,298,2
296,297,1
296,297,1
296,297,1
296,297,1
296,297,1
296,297,1
296,297,1
296,297,1
296,297,1
296,297,1
296,297,1
296,297,1
296,296,0
295,295,0
294,295,1
295,296,1
295,296,1
295,296,1
296,297,1
296,297,1
296,297,1
297,298,1
297,298,1
297,298,1
297,297,0
297,298,1
297,298,1
297,297,0
296,297,1
297,298,1
297,298,1
297,298,1
297,298,1
297,298,1
297,298,1
297,298,1
297,298,1
297,298,1
297,298,1
297,297,0
296,296,0
295,296,1
295,295,0
294,295,1
294,295,1
294,294,0
293,294,1
293,294,1
294,295,1
294,295,1
294,295,1
294,295,1
294,295,1
294,295,1
294,295,1
294,295,1
294,294,0
293,294,1
293,293,0
293,294,1
293,294,1
293,294,1
293,294,1
293,294,1
293,294,1
293,294,1
293,294,1
293,294,1
293,294,1
293,293,0
292,292,0
291,292,1
291,292,1
291,293,2
291,293,2
291,293,2
291,293,2
291,293,2
291,293,2
291,293,2
291,292,1
291,292,1
291,292,1
291,292,1
291,292,1
291,292,1
291,292,1
291,292,1
291,292,1
291,292,1
291,292,1
291,292,1
291,292,1
291,292,1
291,292,1
291,292,1
292,293,1
292,293,1
292,292,0
292,293,1
292,293,1
293,294,1
293,294,1
294,294,0
293,294,1
293,294,1
293,294,1
293,294,1
293,294,1
293,294,1
293,294,1
293,294,1
293,294,1
293,294,1
293,294,1
293,294,1
293,294,1
293,294,1
293,294,1
293,294,1
293,294,1
293,294,1
293,294,1
294,294,0
293,294,1
293,294,1
293,294,1
293,294,1
293,294,1
293,294,1
293,294,1
293,294,1
293,294,1
293,294,1
293,294,1
293,294,1
293,294,1
293,294,1
293,294,1
293,294,1
293,294,1
294,295,1
295,296,1
296,297,1
296,297,1
296,297,1
296,297,1
297,297,0
297,298,1
297,298,1
297,298,1
297,298,1
297,298,1
297,297,0
296,297,1
296,297,1
296,297,1
296,297,1
296,297,1
296,297,1
296,296,0
296,297,1
296,296,0
296,297,1
297,298,1
297,298,1
297,298,1
297,298,1
297,298,1
297,298,1
297,298,1
297,298,1
298,299,1
298,299,1
298,299,1
298,299,1
298,299,1
298,299,1
298,299,1
298,299,1
298,299,1
298,299,1
298,298,0
297,298,1
297,298,1
297,298,1
297,298,1
297,298,1
297,298,1
297,298,1
298,299,1
298,299,1
299,300,1
299,300,1
299,300,1
299,300,1
299,301,2
299,301,2
299,301,2
299,301,2
299,301,2
299,301,2
299,301,2
299,301,2
299,302,3
299,302,3
299,302,3
299,302,3
299,302,3
299,302,3
299,302,3
299,302,3
299,302,3
299,301,2
299,301,2
299,301,2
299,301,2
299,301,2
299,301,2
300,302,2
300,302,2
301,303,2
301,303,2
301,303,2
301,303,2
301,303,2
301,303,2
301,303,2
301,303,2
301,303,2
301,303,2
301,303,2
301,303,2
301,303,2
301,303,2
301,303,2
301,303,2
301,303,2
301,303,2
301,303,2
301,302,1
301,302,1
301,302,1
301,302,1
301,302,1
301,302,1
301,302,1
301,302,1
301,302,1
302,303,1
302,303,1
302,303,1
302,303,1
302,303,1
302,303,1
302,303,1
302,302,0
301,302,1
301,302,1
301,302,1
301,302,1
301,302,1
301,302,1
301,302,1
301,302,1
301,302,1
301,302,1
301,302,1
301,302,1
301,302,1
301,302,1
301,302,1
301,302,1
301,302,1
301,302,1
301,301,0
300,300,0
299,300,1
299,300,1
299,300,1
299,300,1
299,300,1
299,300,1
299,300,1
299,300,1
299,300,1
299,300,1
299,300,1
299,299,0
298,299,1
298,299,1
298,298,0
298,299,1
298,299,1
298,299,1
298,299,1
298,299,1
298,299,1
298,298,0
297,298,1
297,298,1
297,298,1
297,298,1
297,298,1
297,297,0
296,297,1
296,296,0
296,297,1
296,297,1
296,297,1
296,297,1
297,298,1
297,298,1
297,298,1
297,298,1
298,299,1
298,299,1
298,299,1
298,299,1
298,299,1
298,299,1
298,299,1
298,299,1
298,299,1
298,299,1
298,299,1
298,299,1
298,298,0
297,298,1
297,298,1
297,298,1
297,298,1
297,298,1
297,298,1
297,298,1
297,298,1
297,297,0
296,297,1
296,296,0
295,296,1
295,296,1
295,296,1
295,296,1
296,297,1
296,297,1
296,297,1
296,297,1
296,296,0
295,296,1
295,296,1
295,296,1
296,297,1
296,297,1
296,297,1
297,298,1
297,298,1
297,298,1
297,298,1
297,297,0
297,298,1
297,298,1
297,298,1
297,298,1
297,298,1
297,298,1
297,298,1
297,298,1
297,298,1
297,298,1
297,298,1
297,298,1
298,299,1
298,299,1
298,299,1
298,299,1
299,300,1
299,300,1
299,300,1
299,300,1
299,300,1
299,300,1
299,300,1
299,300,1
299,299,0
298,299,1
298,299,1
299,300,1
299,300,1
299,300,1
300,301,1
300,301,1
300,301,1
300,301,1
300,301,1
300,301,1
300,300,0
299,300,1
299,300,1
299,300,1
299,299,0
298,299,1
298,299,1
298,298,0
297,298,1
297,298,1
297,298,1
297,298,1
297,298,1
297,298,1
297,298,1
297,298,1
297,298,1
297,298,1
297,298,1
297,298,1
297,298,1
297,297,0
296,297,1
296,297,1
296,297,1
296,297,1
296,297,1
296,297,1
296,297,1
296,297,1
296,297,1
296,297,1
296,297,1
296,297,1
296,297,1
296,297,1
296,296,0
296,297,1
296,297,1
296,297,1
296,297,1
296,297,1
296,297,1
296,297,1
296,297,1
296,297,1
296,297,1
296,297,1
296,297,1
296,296,0
295,296,1
295,296,1
295,296,1
295,296,1
295,296,1
295,296,1
295,296,1
295,296,1
295,296,1
295,296,1
295,295,0
294,295,1
294,295,1
294,294,0
294,295,1
294,295,1
294,295,1
294,295,1
294,295,1
294,295,1
294,295,1
294,295,1
294,295,1
294,295,1
294,295,1
294,295,1
294,295,1
294,295,1
294,295,1
294,295,1
294,295,1
294,295,1
295,296,1
296,297,1
296,297,1
296,296,0
295,296,1
295,296,1
295,296,1
295,296,1
295,296,1
295,296,1
295,296,1
295,296,1
295,296,1
296,297,1
296,297,1
296,297,1
296,297,1
296,297,1
296,297,1
296,297,1
296,297,1
296,297,1
296,297,1
296,296,0
295,296,1
295,296,1
295,296,1
295,296,1
295,296,1
295,296,1
295,296,1
295,296,1
295,296,1
295,296,1
295,296,1
295,296,1
295,296,1
295,296,1
295,295,0
295,296,1
295,296,1
295,296,1
295,296,1
295,296,1
295,296,1
296,297,1
296,297,1
296,297,1
296,297,1
296,297,1
297,298,1
297,298,1
297,298,1
297,298,1
297,298,1
297,298,1
297,298,1
297,298,1
297,297,0
296,297,1
296,297,1
296,297,1
296,297,1
296,297,1
296,297,1
296,297,1
296,296,0
295,296,1
295,296,1
295,296,1
295,295,0
294,295,1
294,295,1
294,295,1
294,295,1
294,295,1
294,296,2
294,296,2
294,296,2
294,296,2
294,296,2
294,296,2
294,296,2
294,295,1
293,294,1
293,295,2
293,295,2
293,295,2
293,295,2
293,295,2
294,296,2
294,295,1
293,295,2
293,295,2
293,295,2
293,294,1
292,293,1
291,293,2
291,293,2
291,293,2
291,293,2
292,294,2
292,294,2
292,294,2
292,294,2
292,294,2
292,294,2
292,294,2
292,294,2
292,294,2
293,294,1
293,295,2
293,295,2
293,295,2
293,294,1
293,295,2
293,295,2
293,295,2
293,295,2
293,295,2
293,295,2
293,295,2
293,295,2
293,295,2
293,294,1
293,295,2
294,296,2
294,296,2
294,296,2
294,296,2
294,296,2
294,295,1
294,295,1
294,295,1
295,296,1
295,296,1
296,297,1
296,297,1
296,297,1
296,297,1
296,297,1
296,297,1
297,298,1
297,298,1
297,298,1
297,298,1
297,298,1
297,298,1
297,297,0
296,297,1
296,297,1
296,297,1
296,297,1
296,297,1
296,297,1
296,297,1
296,296,0
295,296,1
295,295,0
294,294,0
294,295,1
294,295,1
294,295,1
294,295,1
294,295,1
294,295,1
294,294,0
293,293,0
292,293,1
292,293,1
292,292,0
291,292,1
291,292,1
291,292,1
291,292,1
291,291,0
290,291,1
290,291,1
290,291,1
290,290,0
289,290,1
289,290,1
289,290,1
289,290,1
289,290,1
289,290,1
289,290,1
289,290,1
289,290,1
289,290,1
289,289,0
288,289,1
288,289,1
288,289,1
288,289,1
288,289,1
288,289,1
289,290,1
289,290,1
289,290,1
289,290,1
289,290,1
289,290,1
289,289,0
288,289,1
288,289,1
289,290,1
289,290,1
289,290,1
290,291,1
290,291,1
290,291,1
290,290,0
289,289,0
288,289,1
288,289,1
288,289,1
288,289,1
288,288,0
287,288,1
287,288,1
287,288,1
287,289,2
287,289,2
287,289,2
287,289,2
287,288,1
287,288,1
287,288,1
287,288,1
287,289,2
287,289,2
287,289,2
287,289,2
287,288,1
286,287,1
286,287,1
286,287,1
286,286,0
285,285,0
284,285,1
284,285,1
284,285,1
284,285,1
284,285,1
284,285,1
284,285,1
284,285,1
284,284,0
283,284,1
283,284,1
283,284,1
283,284,1
284,284,0
284,285,1
284,285,1
284,285,1
284,284,0
283,284,1
283,284,1
283,284,1
283,284,1
283,284,1
283,284,1
283,284,1
283,284,1
283,284,1
283,284,1
283,283,0
282,283,1
282,283,1
282,283,1
282,283,1
282,283,1
282,283,1
283,284,1
283,283,0
282,283,1
282,283,1
282,283,1
282,283,1
282,283,1
282,283,1
283,284,1
283,284,1
283,284,1
283,284,1
283,284,1
283,284,1
283,284,1
283,284,1
283,284,1
283,284,1
283,284,1
283,284,1
283,284,1
283,284,1
283,284,1
283,284,1
283,284,1
283,284,1
283,284,1
283,284,1
283,284,1
283,284,1
284,285,1
284,285,1
284,285,1
284,285,1
284,285,1
284,285,1
284,285,1
284,284,0
283,284,1
283,284,1
283,284,1
283,284,1
283,283,0
282,282,0
281,282,1
281,282,1
281,282,1
281,282,1
281,282,1
281,281,0
280,281,1
280,280,0
279,280,1
279,280,1
279,280,1
279,280,1
280,281,1
280,281,1
281,282,1
281,282,1
281,282,1
281,282,1
281,282,1
282,282,0
281,282,1
281,281,0
280,281,1
280,281,1
281,282,1
281,282,1
281,282,1
281,282,1
281,282,1
281,282,1
281,282,1
281,282,1
281,282,1
281,282,1
281,282,1
281,282,1
281,282,1
281,282,1
281,282,1
281,282,1
282,283,1
282,282,0
282,283,1
282,283,1
282,282,0
281,282,1
281,282,1
281,282,1
281,282,1
281,282,1
281,281,0
280,281,1
280,281,1
280,281,1
280,281,1
280,281,1
280,281,1
280,281,1
280,281,1
280,281,1
280,281,1
280,281,1
280,280,0
279,280,1
280,281,1
280,281,1
280,281,1
280,280,0
280,281,1
280,281,1
280,281,1
280,281,1
280,281,1
280,281,1
281,281,0
280,280,0
280,281,1
280,281,1
281,282,1
281,282,1
281,281,0
280,280,0
279,280,1
279,280,1
279,280,1
279,280,1
279,280,1
279,280,1
279,280,1
280,281,1
281,282,1
281,282,1
281,282,1
281,282,1
281,282,1
281,282,1
281,282,1
281,282,1
281,282,1
281,282,1
281,282,1
281,282,1
281,281,0
280,280,0
279,280,1
279,280,1
279,279,0
278,279,1
278,279,1
278,279,1
278,279,1
278,279,1
278,279,1
278,279,1
278,279,1
278,279,1
278,279,1
278,279,1
278,279,1
279,280,1
279,280,1
279,280,1
279,280,1
279,280,1
279,280,1
279,280,1
279,280,1
279,280,1
279,280,1
279,279,0
278,279,1
278,279,1
278,279,1
279,280,1
279,279,0
278,279,1
277,279,2
277,279,2
277,279,2
277,278,1
278,279,1
278,279,1
278,279,1
278,279,1
278,279,1
279,280,1
279,280,1
279,280,1
279,280,1
279,281,2
279,281,2
279,281,2
279,281,2
279,281,2
279,281,2
279,281,2
279,281,2
279,281,2
279,281,2
279,281,2
279,281,2
279,281,2
279,281,2
279,281,2
279,281,2
279,281,2
279,281,2
279,281,2
279,281,2
279,281,2
279,281,2
279,281,2
279,281,2
279,281,2
279,282,3
279,282,3
279,282,3
279,282,3
279,282,3
279,282,3
279,282,3
279,283,4
279,283,4
279,282,3
279,282,3
279,282,3
279,282,3
279,282,3
279,282,3
279,282,3
279,281,2
278,281,3
278,281,3
278,281,3
278,280,2
277,280,3
277,280,3
277,280,3
277,280,3
277,279,2
276,279,3
276,279,3
276,279,3
276,279,3
276,279,3
276,279,3
276,279,3
276,279,3
276,279,3
276,279,3
276,279,3
276,279,3
276,279,3
276,279,3
276,279,3
276,280,4
276,280,4
276,280,4
276,280,4
276,280,4
276,280,4
276,280,4
276,280,4
276,280,4
276,280,4
276,280,4
276,280,4
277,281,4
277,281,4
278,282,4
278,282,4
278,282,4
278,282,4
278,282,4
278,282,4
278,282,4
278,282,4
278,282,4
278,282,4
279,283,4
280,284,4
280,284,4
280,283,3
279,283,4
279,283,4
279,283,4
279,284,5
279,284,5
279,284,5
279,284,5
279,284,5
280,285,5
280,285,5
280,285,5
280,285,5
280,285,5
281,286,5
281,285,4
281,285,4
281,285,4
281,285,4
281,285,4
281,285,4
281,285,4
281,285,4
281,285,4
281,285,4
282,286,4
282,286,4
282,286,4
282,286,4
282,286,4
283,287,4
283,286,3
283,286,3
283,286,3
283,286,3
283,286,3
283,286,3
283,286,3
283,286,3
283,286,3
283,286,3
284,287,3
284,287,3
284,287,3
284,287,3
284,287,3
285,288,3
285,287,2
285,288,3
285,288,3
285,288,3
285,288,3
285,288,3
285,287,2
284,287,3
284,286,2
283,286,3
283,286,3
283,286,3
283,285,2
282,285,3
282,284,2
281,284,3
281,284,3
281,283,2
281,284,3
281,284,3
281,284,3
281,284,3
281,285,4
281,285,4
282,286,4
282,285,3
282,286,4
282,286,4
283,287,4
283,287,4
283,288,5
283,288,5
283,288,5
283,288,5
283,288,5
283,288,5
283,288,5
283,288,5
284,289,5
284,288,4
283,288,5
283,288,5
283,288,5
283,288,5
283,288,5
283,288,5
283,288,5
283,288,5
283,288,5
283,288,5
283,288,5
283,288,5
283,288,5
283,288,5
283,288,5
284,289,5
284,289,5
284,289,5
284,289,5
284,289,5
284,289,5
284,289,5
285,290,5
285,290,5
285,289,4
284,289,5
284,289,5
284,289,5
284,289,5
284,289,5
284,289,5
284,289,5
284,289,5
284,289,5
284,288,4
283,288,5
283,288,5
283,288,5
283,287,4
283,288,5
283,288,5
283,288,5
284,289,5
284,289,5
284,289,5
284,289,5
284,289,5
284,289,5
284,289,5
284,289,5
284,289,5
284,289,5
284,289,5
285,290,5
285,289,4
284,289,5
285,290,5
285,290,5
285,290,5
285,290,5
285,289,4
285,290,5
285,289,4
284,289,5
284,289,5
285,290,5
286,291,5
286,291,5
286,291,5
286,291,5
286,291,5
286,291,5
286,292,6
286,292,6
286,292,6
286,292,6
286,292,6
286,292,6
286,292,6
286,292,6
286,292,6
286,292,6
286,292,6
286,292,6
286,292,6
286,292,6
286,292,6
286,292,6
286,291,5
287,292,5
287,292,5
287,292,5
287,292,5
287,291,4
287,292,5
287,291,4
286,291,5
286,291,5
286,291,5
286,291,5
286,291,5
286,291,5
286,290,4
285,290,5
285,290,5
285,290,5
285,290,5
285,290,5
286,291,5
286,292,6
286,292,6
286,292,6
286,291,5
285,291,6
285,291,6
285,291,6
285,291,6
285,291,6
285,291,6
285,291,6
285,291,6
285,291,6
286,292,6
286,292,6
286,292,6
286,291,5
286,291,5
286,290,4
286,290,4
286,290,4
286,290,4
286,290,4
286,290,4
286,290,4
286,290,4
286,290,4
286,290,4
286,289,3
286,289,3
286,288,2
285,288,3
285,288,3
285,288,3
285,288,3
285,288,3
285,288,3
285,287,2
284,287,3
284,287,3
284,287,3
285,288,3
285,288,3
285,288,3
285,288,3
285,288,3
285,288,3
285,288,3
285,288,3
285,288,3
285,288,3
285,288,3
285,288,3
285,288,3
285,288,3
285,288,3
285,287,2
284,287,3
284,287,3
284,287,3
284,287,3
284,287,3
284,287,3
284,287,3
284,287,3
284,287,3
284,287,3
284,287,3
284,287,3
284,287,3
284,287,3
285,288,3
285,288,3
285,288,3
285,288,3
285,288,3
285,288,3
285,288,3
286,289,3
286,289,3
286,289,3
286,289,3
286,289,3
286,289,3
286,289,3
286,289,3
287,290,3
287,290,3
287,290,3
287,290,3
287,290,3
287,290,3
287,290,3
287,290,3
287,290,3
287,290,3
287,290,3
287,290,3
287,290,3
287,290,3
287,290,3
287,290,3
287,290,3
287,290,3
287,290,3
287,290,3
287,290,3
287,290,3
288,291,3
289,292,3
289,292,3
289,292,3
289,292,3
289,292,3
289,292,3
289,292,3
290,293,3
290,292,2
289,292,3
289,292,3
289,291,2
288,291,3
288,291,3
288,290,2
287,290,3
287,289,2
287,290,3
287,290,3
287,290,3
287,290,3
287,290,3
287,290,3
287,290,3
287,290,3
287,290,3
287,290,3
287,290,3
287,290,3
287,289,2
286,289,3
286,289,3
286,289,3
286,288,2
285,288,3
284,287,3
283,287,4
283,287,4
283,287,4
283,287,4
283,287,4
283,287,4
283,287,4
283,287,4
283,287,4
283,287,4
283,287,4
283,287,4
283,287,4
283,286,3
282,286,4
282,286,4
282,286,4
282,286,4
282,286,4
282,286,4
282,285,3
281,285,4
281,285,4
281,285,4
281,285,4
281,285,4
281,285,4
281,284,3
281,285,4
281,285,4
281,285,4
281,285,4
281,285,4
281,285,4
281,285,4
281,285,4
281,285,4
281,285,4
281,285,4
281,285,4
281,285,4
281,285,4
281,284,3
280,284,4
280,284,4
280,284,4
280,283,3
279,283,4
279,283,4
280,284,4
280,283,3
279,283,4
279,283,4
279,282,3
279,283,4
279,283,4
279,283,4
279,283,4
279,282,3
278,281,3
278,282,4
278,282,4
278,282,4
278,281,3
277,281,4
277,281,4
277,281,4
277,281,4
277,281,4
277,281,4
277,282,5
277,281,4
277,281,4
277,282,5
277,282,5
277,282,5
277,282,5
277,282,5
278,283,5
278,283,5
278,283,5
278,283,5
278,282,4
278,282,4
278,282,4
278,282,4
278,282,4
278,281,3
277,281,4
277,281,4
277,281,4
277,281,4
277,281,4
277,281,4
277,281,4
277,281,4
277,281,4
277,281,4
277,281,4
277,280,3
276,280,4
276,280,4
276,280,4
276,280,4
276,280,4
276,280,4
276,280,4
276,280,4
276,280,4
276,280,4
276,280,4
276,280,4
276,280,4
276,280,4
276,280,4
276,280,4
276,280,4
276,281,5
276,281,5
276,281,5
276,281,5
276,281,5
276,281,5
276,281,5
276,281,5
276,281,5
276,281,5
276,281,5
276,281,5
276,281,5
276,281,5
276,281,5
276,281,5
276,281,5
276,280,4
277,280,3
276,280,4
276,280,4
276,279,3
275,279,4
274,279,5
274,279,5
274,279,5
274,279,5
274,279,5
274,279,5
274,279,5
274,279,5
274,279,5
274,279,5
274,279,5
274,279,5
274,279,5
274,279,5
274,279,5
274,279,5
274,279,5
274,279,5
274,279,5
274,279,5
274,279,5
274,279,5
274,279,5
275,280,5
275,280,5
275,280,5
275,280,5
275,280,5
275,280,5
275,280,5
275,280,5
275,280,5
275,280,5
275,280,5
275,280,5
275,279,4
274,279,5
274,279,5
274,279,5
274,279,5
274,279,5
274,279,5
274,279,5
274,279,5
274,278,4
273,277,4
272,277,5
272,277,5
272,277,5
272,277,5
272,276,4
271,276,5
271,276,5
271,276,5
271,276,5
271,276,5
271,275,4
270,275,5
270,275,5
270,275,5
270,275,5
270,274,4
269,273,4
268,273,5
268,273,5
268,273,5
268,273,5
268,273,5
268,272,4
267,272,5
267,272,5
267,271,4
266,271,5
266,271,5
266,270,4
265,270,5
265,270,5
265,270,5
265,270,5
265,270,5
265,270,5
265,270,5
266,271,5
266,271,5
266,271,5
266,271,5
266,271,5
266,271,5
267,272,5
267,272,5
267,272,5
267,271,4
266,271,5
266,271,5
266,271,5
266,271,5
266,271,5
266,271,5
266,271,5
265,271,6
265,270,5
265,270,5
265,270,5
265,270,5
265,270,5
265,270,5
265,270,5
265,270,5
265,270,5
265,270,5
265,270,5
266,271,5
266,271,5
266,271,5
266,270,4
266,271,5
266,271,5
266,271,5
266,271,5
266,271,5
266,270,4
266,271,5
266,271,5
267,272,5
267,272,5
267,272,5
267,272,5
267,272,5
267,272,5
267,272,5
267,272,5
267,272,5
267,273,6
267,273,6
267,273,6
267,273,6
267,273,6
267,273,6
267,273,6
267,273,6
267,273,6
267,273,6
267,273,6
267,273,6
267,273,6
267,273,6
267,273,6
267,273,6
267,273,6
267,273,6
267,272,5
267,272,5
267,272,5
267,272,5
267,272,5
267,272,5
267,271,4
266,270,4
266,271,5
266,271,5
266,271,5
266,271,5
266,271,5
266,271,5
266,271,5
266,270,4
266,271,5
266,271,5
266,271,5
266,271,5
266,271,5
266,270,4
266,270,4
265,270,5
265,270,5
265,270,5
266,271,5
266,271,5
266,271,5
266,271,5
266,271,5
266,271,5
266,271,5
266,271,5
266,271,5
266,271,5
266,271,5
266,271,5
266,271,5
266,271,5
266,271,5
266,271,5
266,271,5
266,271,5
266,270,4
265,270,5
265,270,5
265,270,5
265,269,4
264,269,5
264,269,5
264,269,5
264,269,5
264,269,5
264,269,5
264,269,5
264,269,5
264,269,5
264,269,5
264,269,5
264,269,5
264,269,5
264,269,5
264,269,5
264,269,5
264,269,5
264,269,5
264,268,4
263,267,4
262,267,5
262,267,5
262,267,5
262,267,5
262,266,4
261,266,5
261,266,5
261,266,5
261,266,5
261,266,5
261,266,5
261,265,4
261,266,5
261,266,5
261,266,5
261,266,5
261,266,5
261,266,5
261,265,4
260,265,5
260,265,5
261,265,4
260,265,5
260,265,5
261,266,5
261,266,5
261,266,5
261,266,5
261,266,5
261,266,5
261,266,5
261,266,5
261,266,5
261,266,5
261,265,4
261,266,5
261,266,5
261,266,5
261,266,5
261,266,5
261,266,5
262,267,5
262,267,5
262,267,5
262,267,5
262,267,5
262,266,4
261,265,4
261,266,5
261,266,5
261,266,5
261,266,5
261,266,5
261,266,5
262,267,5
262,267,5
262,267,5
262,267,5
262,267,5
262,267,5
262,267,5
262,267,5
262,267,5
262,267,5
262,267,5
262,267,5
262,267,5
262,266,4
262,267,5
263,268,5
263,268,5
263,268,5
263,268,5
263,268,5
263,268,5
264,269,5
264,269,5
264,269,5
264,269,5
264,269,5
264,269,5
264,269,5
264,269,5
264,269,5
264,269,5
264,269,5
265,270,5
265,270,5
265,270,5
265,270,5
265,270,5
265,270,5
266,271,5
266,271,5
266,271,5
266,271,5
266,271,5
266,271,5
266,271,5
266,271,5
266,271,5
266,271,5
266,271,5
266,271,5
266,271,5
266,270,4
265,270,5
265,270,5
265,270,5
265,270,5
265,270,5
265,270,5
265,270,5
265,270,5
265,270,5
266,270,4
266,270,4
266,270,4
266,270,4
266,270,4
266,270,4
266,270,4
266,270,4
266,270,4
266,270,4
266,270,4
266,270,4
266,270,4
266,270,4
266,270,4
266,270,4
266,270,4
266,270,4
266,270,4
266,270,4
266,269,3
265,269,4
265,268,3
265,268,3
265,268,3
265,268,3
265,268,3
265,268,3
265,268,3
265,268,3
265,268,3
266,269,3
266,269,3
266,269,3
266,269,3
266,269,3
266,269,3
266,269,3
266,269,3
267,270,3
267,270,3
268,271,3
268,271,3
269,272,3
269,272,3
269,271,2
268,271,3
268,271,3
268,271,3
268,271,3
268,271,3
268,271,3
268,271,3
268,271,3
268,271,3
268,271,3
268,271,3
268,271,3
268,271,3
268,271,3
268,271,3
268,271,3
268,271,3
268,270,2
267,270,3
268,271,3
268,271,3
268,271,3
268,271,3
268,271,3
268,271,3
268,271,3
268,271,3
268,271,3
268,270,2
268,271,3
268,271,3
268,272,4
268,272,4
268,272,4
268,272,4
268,272,4
268,272,4
268,272,4
269,273,4
269,273,4
269,273,4
269,273,4
269,273,4
269,273,4
269,273,4
270,274,4
270,274,4
270,274,4
270,275,5
270,275,5
270,275,5
270,275,5
270,275,5
270,274,4
270,274,4
270,274,4
270,274,4
270,274,4
270,274,4
270,273,3
269,273,4
269,273,4
269,273,4
269,272,3
269,272,3
269,272,3
269,272,3
269,272,3
269,272,3
269,272,3
269,271,2
269,272,3
269,272,3
269,272,3
269,272,3
269,272,3
269,272,3
269,272,3
269,272,3
269,272,3
269,272,3
269,272,3
269,272,3
269,272,3
269,272,3
269,272,3
269,272,3
269,272,3
269,273,4
269,273,4
269,273,4
269,273,4
269,273,4
269,273,4
269,273,4
269,273,4
269,273,4
269,273,4
269,273,4
269,273,4
269,272,3
269,271,2
268,271,3
268,271,3
268,271,3
268,271,3
268,271,3
268,271,3
268,271,3
268,271,3
268,271,3
268,271,3
268,271,3
268,271,3
268,271,3
268,270,2
268,271,3
268,271,3
268,271,3
268,271,3
268,271,3
268,271,3
268,271,3
268,271,3
268,271,3
268,271,3
268,271,3
268,271,3
268,272,4
268,271,3
267,271,4
267,271,4
267,270,3
266,270,4
266,270,4
266,270,4
266,269,3
265,269,4
265,269,4
265,269,4
265,269,4
265,268,3
265,268,3
265,268,3
265,268,3
265,268,3
265,268,3
265,268,3
266,269,3
266,269,3
266,269,3
266,269,3
266,269,3
266,269,3
266,269,3
266,269,3
266,269,3
266,269,3
266,268,2
265,268,3
265,268,3
265,268,3
265,268,3
265,268,3
265,268,3
265,268,3
265,268,3
266,269,3
266,269,3
266,269,3
267,270,3
267,270,3
267,270,3
267,270,3
267,270,3
267,270,3
267,270,3
267,270,3
267,270,3
267,270,3
267,270,3
266,270,4
266,270,4
266,269,3
265,269,4
265,268,3
264,268,4
264,268,4
264,268,4
264,268,4
264,268,4
264,268,4
264,268,4
264,268,4
264,268,4
264,268,4
264,268,4
264,268,4
264,268,4
264,268,4
264,267,3
263,267,4
263,266,3
263,266,3
263,266,3
263,266,3
263,265,2
262,265,3
263,266,3
263,266,3
263,266,3
264,267,3
265,268,3
265,268,3
265,268,3
265,268,3
265,268,3
265,268,3
265,268,3
266,269,3
266,269,3
266,269,3
266,269,3
266,269,3
266,269,3
266,269,3
266,269,3
266,269,3
266,269,3
266,269,3
266,269,3
266,269,3
266,269,3
266,269,3
266,268,2
265,268,3
265,268,3
265,268,3
265,268,3
265,268,3
265,268,3
265,268,3
265,268,3
265,268,3
266,269,3
266,269,3
266,269,3
266,269,3
266,269,3
266,269,3
266,269,3
266,269,3
266,269,3
266,268,2
265,268,3
265,268,3
265,268,3
265,268,3
265,268,3
265,268,3
265,268,3
265,268,3
265,268,3
265,268,3
265,268,3
265,268,3
265,268,3
265,268,3
265,268,3
265,268,3
265,268,3
265,268,3
265,268,3
265,268,3
265,268,3
265,268,3
265,268,3
265,267,2
264,267,3
264,267,3
265,268,3
265,268,3
265,268,3
265,268,3
265,269,4
265,269,4
265,268,3
266,268,2
266,268,2
266,268,2
266,268,2
266,268,2
266,268,2
266,267,1
265,267,2
265,267,2
265,267,2
265,267,2
265,266,1
264,266,2
264,266,2
264,266,2
264,266,2
264,266,2
264,266,2
264,266,2
264,266,2
264,266,2
264,266,2
264,266,2
264,266,2
264,266,2
264,266,2
264,266,2
264,266,2
264,266,2
264,266,2
264,266,2
264,266,2
264,266,2
264,267,3
264,268,4
264,267,3
264,267,3
264,267,3
264,267,3
264,267,3
264,267,3
264,267,3
264,267,3
264,267,3
264,267,3
264,267,3
264,267,3
264,267,3
265,268,3
265,268,3
265,268,3
265,268,3
265,268,3
265,268,3
265,268,3
265,268,3
266,269,3
266,269,3
266,269,3
266,269,3
266,269,3
266,269,3
266,269,3
266,268,2
266,268,2
266,268,2
266,268,2
266,268,2
266,268,2
266,268,2
266,268,2
266,268,2
266,268,2
266,268,2
266,268,2
266,268,2
266,268,2
266,268,2
266,267,1
266,268,2
266,268,2
266,268,2
266,268,2
266,268,2
266,268,2
266,268,2
266,268,2
266,268,2
267,269,2
267,269,2
268,269,1
267,269,2
267,269,2
267,269,2
267,269,2
267,269,2
267,269,2
267,269,2
267,270,3
267,270,3
267,270,3
267,269,2
267,270,3
267,270,3
267,270,3
267,269,2
267,269,2
267,268,1
267,268,1
266,267,1
266,268,2
266,268,2
266,268,2
266,268,2
266,268,2
266,268,2
266,268,2
266,268,2
267,269,2
267,269,2
267,268,1
267,269,2
267,269,2
267,269,2
267,269,2
267,269,2
267,269,2
267,269,2
267,269,2
268,270,2
268,269,1
267,269,2
267,269,2
267,269,2
267,269,2
267,268,1
267,269,2
267,269,2
267,269,2
267,269,2
267,269,2
267,269,2
267,269,2
267,269,2
267,269,2
267,269,2
267,268,1
266,268,2
266,268,2
266,268,2
266,268,2
266,268,2
266,267,1
266,267,1
266,267,1
266,267,1
266,267,1
266,266,0
266,267,1
266,267,1
266,267,1
266,267,1
266,267,1
266,267,1
266,267,1
266,266,0
266,267,1
266,268,2
266,268,2
266,268,2
266,268,2
266,268,2
266,268,2
266,268,2
266,268,2
266,267,1
266,267,1
266,267,1
266,267,1
266,267,1
266,267,1
266,267,1
266,266,0
265,266,1
265,266,1
265,266,1
265,266,1
265,266,1
265,266,1
265,266,1
265,266,1
265,266,1
265,266,1
265,266,1
265,266,1
265,266,1
265,266,1
265,266,1
265,266,1
265,266,1
265,266,1
265,266,1
265,266,1
265,266,1
265,266,1
266,267,1
266,267,1
266,266,0
265,266,1
265,266,1
265,266,1
265,266,1
265,267,2
265,267,2
266,268,2
266,268,2
266,268,2
266,267,1
266,267,1
266,267,1
266,267,1
266,268,2
266,268,2
266,268,2
266,268,2
266,268,2
266,268,2
266,268,2
267,269,2
267,269,2
267,269,2
267,269,2
267,269,2
267,269,2
267,269,2
267,269,2
267,269,2
267,269,2
267,269,2
267,269,2
267,268,1
267,268,1
267,268,1
267,268,1
267,268,1
267,268,1
267,269,2
267,268,1
267,268,1
267,268,1
267,267,0
266,267,1
266,267,1
266,266,0
265,266,1
265,266,1
265,266,1
265,266,1
265,266,1
265,266,1
265,266,1
265,266,1
265,266,1
265,266,1
265,266,1
265,266,1
265,266,1
265,266,1
265,266,1
265,266,1
265,266,1
265,266,1
265,266,1
265,265,0
264,265,1
264,265,1
264,265,1
264,265,1
264,265,1
264,265,1
264,265,1
264,265,1
264,265,1
264,265,1
264,265,1
265,266,1
265,266,1
265,266,1
265,266,1
265,266,1
265,266,1
265,266,1
265,266,1
265,266,1
265,266,1
265,266,1
265,266,1
265,266,1
265,267,2
265,267,2
265,267,2
265,267,2
265,268,3
265,268,3
265,268,3
265,267,2
265,267,2
265,267,2
265,267,2
265,267,2
265,267,2
265,267,2
265,267,2
265,267,2
265,267,2
265,267,2
265,267,2
265,267,2
265,267,2
265,267,2
265,267,2
265,267,2
265,267,2
265,267,2
265,267,2
265,267,2
265,266,1
265,266,1
265,266,1
265,266,1
265,266,1
265,266,1
265,266,1
265,266,1
265,265,0
264,265,1
264,265,1
264,265,1
264,265,1
264,265,1
264,265,1
264,265,1
264,265,1
264,265,1
264,265,1
264,265,1
264,265,1
264,264,0
263,263,0
263,264,1
263,264,1
263,264,1
263,263,0
263,263,0
263,264,1
263,264,1
263,264,1
263,264,1
263,264,1
263,264,1
263,264,1
263,264,1
263,264,1
263,264,1
263,264,1
263,263,0
263,264,1
263,264,1
263,263,0
263,264,1
263,264,1
263,264,1
263,263,0
262,263,1
262,263,1
262,262,0
261,262,1
261,261,0
261,261,0
261,262,1
261,262,1
261,262,1
261,262,1
261,261,0
261,262,1
261,262,1
261,263,2
261,262,1
261,261,0
261,262,1
261,262,1
261,262,1
261,263,2
261,263,2
261,263,2
262,264,2
262,264,2
262,264,2
263,265,2
263,265,2
263,265,2
263,265,2
263,265,2
263,265,2
263,265,2
263,265,2
263,265,2
263,265,2
263,265,2
263,265,2
263,265,2
263,265,2
263,265,2
263,265,2
263,265,2
263,264,1
263,264,1
263,264,1
263,264,1
263,264,1
263,264,1
263,264,1
263,264,1
263,264,1
263,264,1
263,264,1
263,264,1
263,264,1
263,264,1
263,264,1
263,264,1
263,263,0
262,263,1
262,263,1
262,263,1
262,263,1
262,263,1
262,263,1
262,263,1
262,263,1
262,263,1
263,264,1
263,264,1
263,264,1
263,264,1
263,264,1
263,264,1
263,264,1
263,264,1
263,264,1
263,264,1
263,264,1
263,264,1
263,264,1
263,264,1
263,264,1
263,263,0
263,264,1
263,264,1
263,263,0
262,263,1
262,263,1
262,262,0
262,263,1
262,263,1
262,263,1
262,263,1
262,263,1
262,263,1
262,263,1
262,263,1
262,263,1
262,263,1
262,263,1
263,264,1
263,264,1
263,264,1
263,264,1
263,264,1
264,265,1
264,265,1
264,265,1
264,265,1
264,265,1
264,265,1
264,265,1
264,265,1
264,265,1
264,265,1
264,265,1
264,265,1
264,265,1
264,265,1
264,265,1
264,265,1
264,265,1
264,264,0
264,265,1
264,265,1
264,265,1
264,265,1
264,265,1
264,265,1
264,265,1
264,264,0
264,265,1
264,265,1
264,265,1
264,265,1
264,265,1
264,265,1
264,265,1
264,265,1
264,265,1
264,264,0
264,265,1
264,265,1
265,265,0
265,266,1
265,266,1
265,266,1
265,266,1
265,266,1
265,266,1
265,266,1
265,266,1
265,266,1
265,266,1
265,266,1
265,266,1
265,266,1
265,266,1
265,266,1
265,266,1
265,266,1
265,266,1
265,266,1
265,266,1
265,266,1
265,266,1
265,266,1
265,266,1
265,266,1
265,266,1
265,266,1
265,266,1
265,266,1
265,266,1
265,266,1
265,266,1
265,266,1
265,266,1
265,266,1
265,265,0
264,265,1
264,265,1
264,265,1
264,265,1
264,265,1
264,265,1
264,265,1
264,265,1
264,265,1
264,265,1
264,265,1
264,265,1
264,265,1
264,265,1
264,264,0
263,264,1
263,264,1
263,264,1
263,264,1
263,264,1
263,264,1
263,264,1
263,264,1
263,264,1
263,263,0
262,263,1
262,263,1
262,263,1
262,263,1
262,263,1
262,263,1
262,263,1
262,263,1
262,263,1
262,263,1
262,263,1
262,263,1
262,263,1
262,263,1
262,263,1
262,263,1
262,263,1
262,263,1
262,263,1
262,263,1
262,263,1
262,263,1
262,263,1
262,263,1
262,263,1
262,263,1
262,263,1
262,263,1
262,262,0
261,262,1
261,262,1
261,261,0
260,261,1
260,261,1
260,261,1
260,261,1
260,261,1
260,261,1
260,261,1
260,261,1
260,261,1
260,261,1
260,261,1
260,260,0
259,260,1
259,260,1
259,260,1
259,260,1
259,260,1
259,260,1
259,260,1
259,260,1
259,260,1
259,259,0
258,259,1
258,259,1
258,258,0
257,258,1
257,258,1
257,258,1
257,258,1
257,258,1
257,257,0
257,258,1
258,259,1
258,259,1
258,259,1
258,259,1
258,259,1
258,259,1
258,259,1
258,259,1
258,258,0
257,258,1
257,258,1
257,258,1
257,258,1
257,258,1
257,258,1
257,258,1
257,257,0
256,257,1
256,257,1
256,257,1
256,257,1
256,257,1
256,257,1
256,257,1
256,257,1
256,257,1
256,257,1
256,257,1
256,257,1
256,257,1
256,257,1
256,257,1
256,257,1
256,257,1
256,257,1
256,257,1
256,257,1
256,257,1
256,257,1
256,256,0
256,257,1
256,257,1
256,256,0
256,257,1
256,257,1
256,257,1
256,257,1
256,257,1
256,257,1
256,257,1
256,257,1
256,257,1
256,257,1
256,257,1
256,257,1
256,257,1
256,257,1
256,257,1
256,257,1
256,257,1
256,257,1
256,257,1
256,257,1
256,257,1
256,257,1
256,257,1
256,257,1
256,257,1
256,257,1
256,256,0
255,256,1
256,257,1
256,257,1
256,257,1
256,257,1
256,256,0
255,256,1
255,256,1
255,256,1
255,256,1
255,256,1
255,256,1
255,256,1
255,256,1
255,256,1
255,255,0
254,255,1
254,255,1
254,255,1
254,255,1
254,255,1
254,255,1
254,255,1
254,255,1
254,255,1
254,255,1
254,255,1
254,254,0
253,254,1
253,254,1
253,254,1
253,254,1
253,254,1
253,254,1
253,254,1
253,253,0
252,253,1
252,252,0
251,252,1
251,252,1
250,252,2
250,252,2
250,252,2
250,252,2
250,252,2
250,251,1
249,251,2
249,251,2
249,251,2
249,251,2
249,250,1
248,250,2
248,250,2
248,250,2
248,250,2
248,249,1
247,249,2
247,249,2
247,249,2
247,249,2
247,249,2
248,250,2
248,250,2
248,250,2
248,250,2
248,250,2
248,250,2
248,250,2
248,249,1
247,249,2
247,249,2
247,249,2
247,249,2
247,249,2
247,249,2
248,250,2
248,250,2
248,250,2
248,250,2
248,250,2
248,250,2
248,250,2
248,250,2
248,250,2
248,250,2
248,250,2
248,250,2
248,250,2
248,250,2
248,249,1
248,250,2
248,250,2
248,250,2
248,249,1
247,249,2
247,249,2
247,249,2
247,248,1
247,248,1
247,248,1
247,248,1
247,248,1
247,248,1
247,248,1
247,248,1
247,248,1
247,247,0
246,247,1
246,247,1
246,247,1
246,247,1
246,247,1
246,247,1
246,247,1
246,247,1
246,247,1
246,247,1
246,247,1
246,246,0
245,246,1
245,246,1
245,245,0
244,245,1
244,245,1
244,245,1
244,245,1
244,245,1
244,245,1
244,245,1
244,245,1
244,244,0
243,244,1
243,244,1
244,245,1
244,245,1
244,245,1
244,245,1
244,245,1
244,245,1
244,245,1
244,244,0
244,245,1
244,245,1
244,245,1
244,245,1
244,245,1
244,245,1
244,245,1
244,245,1
244,245,1
245,246,1
245,246,1
245,246,1
245,245,0
244,245,1
244,245,1
244,245,1
244,245,1
244,245,1
244,245,1
244,245,1
244,245,1
244,245,1
244,245,1
244,245,1
244,245,1
245,246,1
245,246,1
245,246,1
245,246,1
245,246,1
245,246,1
245,246,1
245,246,1
245,246,1
245,246,1
245,245,0
244,245,1
244,245,1
244,245,1
245,246,1
245,246,1
245,246,1
245,246,1
245,246,1
245,246,1
245,246,1
245,246,1
245,246,1
245,246,1
245,246,1
245,246,1
245,246,1
245,246,1
245,246,1
245,246,1
245,246,1
245,246,1
245,246,1
245,246,1
245,246,1
245,246,1
246,246,0
245,246,1
245,246,1
245,246,1
245,246,1
245,245,0
245,246,1
245,246,1
245,246,1
245,246,1
245,246,1
245,246,1
245,246,1
245,246,1
245,246,1
245,246,1
245,246,1
245,246,1
245,246,1
245,246,1
245,246,1
245,246,1
245,246,1
245,246,1
245,247,2
245,247,2
245,247,2
245,247,2
245,247,2
245,247,2
245,247,2
245,247,2
245,247,2
245,247,2
245,247,2
245,247,2
245,247,2
245,247,2
245,247,2
245,248,3
245,248,3
245,248,3
245,248,3
245,248,3
245,248,3
245,248,3
245,248,3
245,248,3
245,248,3
245,248,3
245,248,3
245,248,3
245,248,3
245,248,3
245,248,3
245,248,3
245,248,3
245,248,3
245,248,3
245,248,3
245,248,3
245,248,3
245,248,3
245,248,3
245,248,3
245,248,3
245,247,2
245,247,2
245,247,2
245,246,1
245,246,1
245,246,1
245,245,0
244,244,0
243,244,1
243,244,1
243,244,1
244,245,1
244,245,1
244,245,1
244,245,1
244,245,1
244,245,1
244,245,1
244,246,2
244,246,2
244,246,2
244,246,2
244,246,2
244,246,2
244,246,2
244,246,2
244,246,2
244,246,2
244,246,2
244,245,1
244,245,1
244,245,1
244,245,1
244,245,1
244,244,0
243,244,1
243,244,1
243,244,1
243,244,1
243,244,1
243,244,1
243,244,1
243,244,1
243,243,0
243,244,1
243,243,0
243,244,1
243,244,1
243,244,1
243,244,1
243,244,1
243,244,1
243,244,1
243,244,1
243,244,1
243,244,1
243,244,1
243,244,1
243,244,1
243,243,0
242,243,1
242,243,1
242,243,1
242,243,1
242,242,0
241,242,1
241,242,1
241,242,1
241,242,1
241,242,1
241,242,1
241,242,1
241,242,1
241,242,1
241,242,1
241,242,1
241,242,1
241,242,1
241,242,1
241,242,1
241,241,0
240,241,1
240,241,1
240,241,1
240,241,1
240,241,1
240,241,1
240,241,1
240,241,1
240,241,1
240,241,1
240,241,1
240,241,1
240,241,1
240,241,1
240,241,1
240,240,0
239,240,1
239,240,1
239,240,1
239,240,1
239,239,0
238,239,1
238,239,1
238,239,1
238,239,1
238,239,1
238,239,1
238,239,1
238,239,1
238,239,1
238,239,1
238,239,1
238,239,1
238,239,1
238,239,1
238,238,0
237,238,1
237,237,0
236,237,1
236,237,1
236,237,1
236,237,1
236,237,1
236,237,1
236,237,1
236,237,1
236,237,1
236,237,1
236,237,1
236,237,1
236,237,1
236,237,1
236,237,1
236,237,1
236,237,1
236,237,1
236,237,1
236,237,1
236,237,1
236,237,1
236,237,1
236,237,1
236,237,1
236,237,1
236,237,1
236,236,0
235,236,1
235,236,1
235,235,0
234,235,1
234,235,1
234,235,1
234,235,1
234,235,1
234,235,1
234,235,1
235,236,1
235,236,1
236,237,1
236,237,1
237,238,1
237,238,1
237,238,1
237,238,1
238,239,1
238,239,1
238,239,1
238,239,1
238,238,0
238,239,1
239,240,1
239,239,0
238,239,1
238,238,0
237,238,1
237,238,1
237,238,1
237,238,1
237,238,1
237,238,1
237,238,1
237,237,0
237,238,1
238,239,1
238,238,0
238,239,1
238,239,1
238,239,1
238,239,1
239,240,1
239,240,1
239,240,1
240,241,1
240,241,1
240,241,1
240,241,1
240,241,1
240,241,1
240,241,1
240,241,1
240,241,1
240,241,1
240,241,1
240,241,1
240,241,1
240,241,1
240,240,0
240,241,1
240,241,1
240,241,1
240,240,0
239,240,1
239,240,1
239,240,1
239,239,0
238,239,1
238,239,1
238,239,1
238,239,1
238,239,1
238,239,1
238,238,0
238,238,0
238,239,1
238,239,1
238,239,1
238,239,1
238,239,1
238,239,1
239,240,1
239,240,1
239,240,1
239,240,1
240,241,1
240,241,1
240,241,1
240,241,1
240,241,1
240,241,1
240,241,1
240,241,1
240,242,2
240,242,2
240,242,2
240,242,2
240,242,2
240,242,2
240,242,2
240,242,2
240,242,2
240,242,2
240,242,2
240,242,2
240,242,2
240,242,2
240,242,2
240,241,1
240,241,1
240,240,0
239,240,1
239,239,0
239,239,0
239,240,1
239,240,1
239,240,1
239,240,1
239,240,1
239,240,1
239,240,1
239,240,1
239,240,1
239,240,1
239,240,1
239,239,0
238,239,1
238,238,0
238,239,1
238,239,1
238,239,1
238,239,1
239,240,1
239,240,1
239,240,1
239,240,1
239,239,0
238,239,1
238,238,0
237,238,1
237,237,0
236,237,1
236,237,1
236,237,1
236,237,1
236,237,1
236,237,1
236,237,1
236,237,1
236,237,1
236,237,1
236,237,1
237,238,1
237,238,1
237,238,1
237,237,0
237,237,0
237,238,1
237,239,2
237,239,2
237,239,2
237,239,2
237,238,1
237,238,1
237,238,1
237,238,1
237,238,1
237,238,1
237,238,1
237,238,1
237,238,1
237,239,2
237,239,2
237,239,2
237,238,1
237,238,1
237,238,1
237,237,0
237,238,1
237,238,1
237,238,1
237,238,1
237,238,1
237,238,1
237,238,1
237,238,1
237,238,1
237,238,1
237,238,1
237,238,1
237,238,1
237,238,1
237,238,1
237,238,1
237,238,1
237,238,1
237,237,0
236,237,1
236,237,1
236,237,1
236,237,1
236,237,1
236,236,0
235,236,1
235,236,1
235,235,0
234,235,1
234,235,1
234,236,2
234,236,2
234,236,2
234,235,1
234,235,1
234,234,0
233,234,1
233,234,1
233,234,1
233,234,1
233,234,1
233,233,0
233,234,1
233,234,1
234,235,1
234,235,1
234,235,1
234,235,1
234,235,1
234,235,1
234,235,1
234,235,1
234,235,1
234,235,1
234,235,1
234,236,2
234,236,2
234,236,2
234,235,1
233,235,2
233,235,2
233,236,3
233,236,3
233,236,3
233,236,3
233,236,3
233,236,3
233,236,3
233,236,3
233,236,3
233,236,3
233,236,3
233,236,3
233,236,3
233,236,3
234,237,3
234,237,3
234,237,3
234,237,3
234,236,2
234,235,1
233,235,2
233,235,2
233,235,2
233,235,2
233,235,2
233,235,2
233,235,2
233,234,1
233,234,1
233,234,1
233,234,1
234,235,1
235,236,1
235,236,1
235,235,0
234,235,1
234,235,1
234,235,1
235,236,1
235,236,1
235,236,1
235,236,1
235,236,1
235,235,0
234,235,1
234,235,1
234,235,1
234,234,0
233,234,1
233,234,1
233,234,1
233,234,1
233,234,1
233,234,1
233,233,0
232,233,1
232,233,1
232,232,0
231,232,1
232,233,1
232,233,1
232,232,0
231,232,1
231,232,1
231,232,1
232,233,1
232,233,1
232,232,0
231,232,1
231,232,1
231,232,1
231,232,1
231,233,2
231,233,2
231,233,2
231,233,2
231,233,2
231,233,2
231,233,2
231,233,2
231,233,2
231,233,2
231,233,2
231,233,2
231,233,2
231,233,2
231,233,2
231,233,2
231,233,2
231,233,2
231,232,1
231,232,1
231,232,1
231,232,1
231,231,0
231,232,1
231,232,1
231,232,1
231,232,1
231,232,1
231,232,1
231,232,1
231,232,1
231,232,1
231,232,1
231,232,1
231,232,1
231,232,1
231,231,0
231,232,1
231,232,1
231,232,1
231,232,1
231,232,1
231,232,1
231,232,1
231,232,1
231,232,1
231,232,1
231,232,1
231,231,0
230,230,0
229,230,1
229,230,1
229,230,1
229,230,1
229,230,1
229,230,1
229,230,1
229,229,0
228,229,1
228,229,1
228,229,1
228,229,1
228,229,1
228,229,1
228,229,1
228,228,0
228,229,1
228,229,1
228,229,1
228,229,1
228,229,1
228,229,1
228,229,1
228,229,1
228,229,1
228,229,1
228,229,1
228,229,1
228,230,2
228,230,2
228,230,2
228,230,2
228,230,2
228,230,2
228,230,2
228,230,2
228,230,2
228,230,2
228,230,2
228,230,2
228,230,2
228,230,2
228,230,2
228,230,2
228,230,2
228,230,2
228,230,2
228,230,2
228,230,2
228,230,2
228,230,2
228,229,1
229,230,1
229,230,1
229,230,1
229,230,1
229,230,1
229,230,1
229,230,1
229,230,1
229,230,1
229,230,1
229,230,1
229,230,1
230,230,0
229,230,1
229,230,1
229,230,1
230,231,1
230,231,1
230,231,1
230,231,1
230,231,1
230,231,1
230,231,1
230,231,1
230,231,1
230,231,1
230,231,1
230,231,1
230,231,1
230,231,1
230,231,1
230,231,1
230,231,1
230,231,1
230,231,1
230,231,1
230,231,1
230,230,0
229,230,1
229,229,0
228,229,1
228,229,1
228,229,1
228,229,1
228,229,1
228,229,1
228,229,1
228,228,0
227,227,0
226,227,1
226,227,1
226,227,1
227,227,0
226,227,1
226,227,1
226,228,2
226,228,2
226,228,2
226,228,2
226,228,2
227,229,2
227,229,2
227,229,2
227,229,2
227,229,2
227,229,2
227,229,2
227,228,1
228,229,1
228,229,1
228,229,1
228,229,1
228,229,1
228,229,1
228,229,1
228,229,1
228,228,0
227,228,1
227,228,1
227,227,0
226,227,1
226,226,0
225,226,1
226,227,1
226,227,1
226,227,1
226,227,1
226,227,1
226,226,0
225,226,1
225,226,1
224,226,2
224,226,2
224,226,2
224,226,2
224,226,2
224,226,2
224,226,2
224,226,2
224,226,2
224,226,2
224,225,1
224,226,2
225,227,2
225,227,2
225,227,2
225,227,2
225,227,2
225,227,2
225,227,2
225,227,2
225,227,2
225,227,2
225,227,2
225,227,2
225,227,2
225,227,2
225,227,2
225,227,2
225,226,1
224,226,2
224,226,2
224,226,2
224,226,2
224,226,2
224,226,2
224,226,2
224,226,2
224,226,2
224,226,2
224,226,2
224,226,2
224,226,2
224,226,2
224,226,2
224,226,2
224,226,2
225,227,2
225,227,2
226,228,2
227,229,2
227,229,2
227,229,2
228,230,2
228,230,2
228,230,2
228,230,2
228,230,2
228,229,1
227,229,2
227,229,2
227,229,2
227,229,2
228,230,2
228,230,2
228,230,2
228,230,2
228,230,2
228,230,2
228,230,2
228,229,1
228,230,2
228,229,1
227,229,2
227,229,2
227,229,2
227,229,2
227,229,2
227,229,2
227,229,2
227,229,2
227,229,2
227,229,2
227,229,2
227,229,2
227,228,1
227,228,1
227,228,1
227,229,2
227,229,2
227,229,2
227,229,2
227,228,1
227,229,2
227,228,1
227,228,1
227,228,1
227,228,1
228,229,1
228,229,1
228,230,2
228,229,1
229,230,1
229,230,1
229,230,1
229,230,1
229,230,1
229,230,1
229,230,1
229,229,0
228,229,1
228,229,1
228,229,1
228,229,1
228,229,1
228,229,1
228,229,1
228,229,1
228,229,1
228,229,1
228,229,1
229,230,1
230,231,1
230,231,1
230,231,1
230,231,1
230,231,1
230,231,1
230,231,1
230,231,1
230,231,1
230,230,0
230,231,1
230,231,1
230,231,1
230,231,1
230,231,1
230,231,1
230,231,1
230,231,1
230,231,1
230,231,1
230,231,1
230,230,0
229,230,1
229,230,1
229,230,1
229,230,1
229,230,1
229,229,0
228,229,1
228,229,1
228,229,1
228,229,1
228,229,1
228,229,1
228,229,1
228,229,1
228,228,0
227,228,1
228,229,1
228,229,1
229,229,0
229,230,1
229,230,1
229,230,1
229,230,1
229,230,1
229,230,1
229,230,1
229,229,0
229,229,0
229,230,1
229,230,1
229,229,0
228,229,1
228,229,1
228,229,1
228,229,1
228,229,1
228,229,1
228,229,1
228,229,1
228,229,1
228,229,1
228,229,1
228,229,1
228,229,1
229,229,0
229,230,1
229,230,1
229,230,1
229,230,1
229,230,1
229,230,1
229,230,1
229,230,1
229,230,1
229,229,0
228,229,1
228,228,0
227,228,1
227,228,1
227,228,1
227,227,0
226,227,1
226,227,1
226,227,1
226,227,1
226,227,1
226,227,1
226,227,1
226,227,1
226,227,1
226,227,1
226,227,1
226,227,1
226,226,0
225,226,1
225,226,1
225,226,1
225,225,0
224,225,1
224,225,1
224,225,1
224,225,1
224,225,1
224,225,1
224,225,1
224,225,1
224,225,1
224,225,1
224,225,1
224,225,1
224,225,1
224,225,1
224,225,1
224,225,1
224,225,1
224,225,1
224,225,1
224,224,0
223,224,1
223,224,1
223,224,1
223,224,1
223,224,1
223,224,1
223,224,1
223,224,1
223,224,1
223,224,1
223,224,1
223,224,1
223,224,1
223,224,1
223,224,1
223,223,0
222,223,1
222,223,1
222,223,1
222,223,1
222,223,1
222,222,0
221,222,1
221,222,1
221,222,1
221,222,1
221,222,1
221,222,1
221,222,1
221,222,1
221,222,1
221,222,1
221,222,1
221,222,1
221,222,1
221,222,1
221,222,1
221,222,1
221,222,1
221,222,1
221,222,1
221,222,1
221,222,1
221,222,1
221,222,1
221,222,1
221,222,1
221,222,1
221,222,1
221,222,1
221,222,1
221,222,1
221,222,1
221,222,1
221,221,0
220,221,1
220,221,1
220,221,1
220,221,1
220,221,1
220,221,1
220,221,1
220,221,1
220,221,1
220,221,1
220,221,1
220,221,1
220,221,1
220,220,0
220,221,1
221,222,1
221,222,1
221,222,1
221,222,1
221,222,1
221,222,1
221,222,1
221,222,1
221,222,1
221,222,1
221,223,2
221,223,2
221,222,1
221,222,1
221,222,1
221,222,1
221,222,1
221,222,1
221,222,1
221,222,1
222,223,1
222,223,1
222,223,1
223,224,1
223,224,1
223,224,1
223,224,1
223,224,1
223,224,1
223,224,1
223,224,1
224,225,1
224,225,1
224,225,1
224,224,0
223,224,1
223,224,1
223,224,1
223,224,1
223,224,1
223,224,1
223,224,1
223,224,1
223,223,0
223,224,1
223,224,1
223,224,1
223,224,1
223,224,1
223,224,1
223,224,1
223,224,1
223,224,1
223,224,1
223,224,1
223,224,1
223,224,1
223,224,1
223,224,1
223,224,1
223,224,1
223,224,1
223,224,1
223,224,1
224,225,1
224,225,1
224,225,1
224,225,1
224,225,1
224,225,1
224,225,1
224,225,1
224,225,1
224,225,1
224,225,1
224,225,1
224,225,1
224,225,1
224,225,1
224,225,1
224,225,1
224,225,1
224,225,1
224,225,1
224,225,1
224,225,1
224,225,1
224,225,1
224,225,1
224,225,1
224,225,1
224,224,0
223,224,1
223,224,1
223,224,1
223,224,1
223,224,1
223,224,1
224,225,1
224,225,1
224,226,2
225,227,2
225,227,2
225,227,2
225,227,2
225,227,2
225,226,1
225,225,0
224,224,0
223,224,1
223,223,0
222,223,1
222,223,1
222,223,1
222,223,1
222,223,1
222,222,0
221,222,1
221,222,1
221,222,1
221,222,1
221,222,1
221,222,1
221,222,1
221,222,1
221,222,1
221,222,1
221,222,1
221,222,1
221,222,1
221,221,0
220,221,1
220,221,1
220,221,1
220,221,1
220,221,1
220,221,1
220,222,2
220,222,2
221,223,2
221,223,2
221,223,2
221,223,2
221,223,2
221,223,2
221,223,2
221,222,1
221,222,1
221,222,1
221,222,1
221,222,1
221,222,1
221,222,1
221,222,1
221,221,0
220,221,1
220,221,1
220,221,1
220,221,1
220,220,0
219,220,1
219,220,1
219,220,1
220,221,1
220,221,1
220,221,1
220,221,1
220,221,1
220,221,1
220,221,1
220,220,0
219,220,1
219,220,1
219,220,1
219,220,1
219,219,0
218,219,1
218,219,1
218,219,1
218,219,1
218,219,1
218,219,1
218,219,1
218,219,1
218,219,1
218,218,0
217,218,1
217,218,1
217,218,1
217,218,1
217,218,1
217,218,1
217,218,1
217,218,1
217,218,1
217,217,0
217,217,0
216,217,1
216,217,1
216,217,1
216,217,1
216,217,1
216,217,1
216,217,1
216,217,1
216,216,0
216,217,1
216,217,1
216,216,0
216,217,1
216,217,1
216,217,1
216,216,0
215,216,1
215,216,1
215,215,0
214,215,1
214,215,1
214,214,0
213,214,1
213,214,1
213,214,1
214,215,1
214,215,1
214,215,1
214,215,1
214,215,1
214,215,1
214,215,1
214,215,1
214,215,1
214,215,1
214,215,1
214,215,1
214,215,1
214,215,1
214,215,1
214,215,1
214,215,1
214,215,1
214,215,1
214,215,1
214,214,0
213,214,1
213,214,1
214,215,1
214,215,1
214,215,1
214,215,1
214,215,1
214,215,1
214,215,1
214,215,1
214,215,1
214,215,1
214,215,1
214,215,1
214,214,0
213,214,1
213,214,1
213,214,1
213,214,1
213,214,1
213,214,1
214,215,1
214,215,1
214,215,1
214,215,1
214,215,1
215,216,1
214,216,2
214,216,2
214,216,2
214,215,1
214,216,2
214,215,1
214,216,2
214,216,2
214,216,2
214,216,2
214,216,2
214,216,2
214,216,2
214,215,1
213,215,2
213,215,2
214,216,2
214,216,2
214,216,2
214,216,2
214,216,2
214,216,2
214,216,2
214,216,2
214,216,2
214,216,2
214,216,2
214,216,2
214,216,2
214,216,2
214,216,2
214,216,2
214,215,1
214,215,1
214,215,1
214,215,1
214,215,1
214,215,1
214,215,1
214,215,1
214,215,1
214,215,1
214,215,1
215,216,1
215,216,1
215,216,1
215,216,1
215,216,1
215,215,0
214,214,0
213,214,1
213,214,1
213,214,1
213,214,1
213,214,1
213,214,1
213,214,1
213,214,1
213,214,1
213,214,1
213,214,1
213,214,1
213,214,1
213,214,1
213,214,1
213,214,1
213,214,1
213,214,1
213,214,1
213,214,1
213,214,1
213,214,1
213,214,1
213,214,1
213,214,1
213,214,1
213,214,1
213,214,1
213,214,1
213,214,1
213,214,1
213,214,1
213,214,1
213,214,1
213,214,1
213,214,1
213,214,1
213,214,1
213,214,1
213,214,1
213,213,0
212,212,0
211,212,1
211,212,1
211,212,1
211,212,1
211,212,1
211,212,1
211,211,0
210,211,1
210,211,1
210,211,1
210,211,1
210,211,1
210,210,0
209,210,1
209,210,1
209,210,1
209,210,1
209,209,0
209,210,1
209,210,1
209,210,1
209,209,0
209,209,0
208,209,1
208,209,1
208,209,1
208,208,0
207,208,1
207,208,1
207,208,1
207,207,0
206,207,1
206,207,1
206,207,1
206,207,1
206,206,0
205,206,1
205,205,0
204,205,1
204,205,1
204,205,1
204,205,1
204,204,0
204,205,1
204,205,1
204,205,1
204,205,1
205,206,1
205,206,1
205,206,1
205,206,1
205,206,1
205,205,0
204,205,1
204,205,1
204,204,0
204,205,1
204,205,1
204,205,1
204,205,1
204,205,1
204,205,1
204,205,1
204,205,1
204,205,1
204,205,1
204,205,1
204,205,1
204,205,1
204,205,1
204,205,1
204,204,0
204,205,1
204,205,1
204,205,1
204,205,1
204,206,2
204,206,2
204,206,2
204,206,2
204,206,2
204,206,2
204,205,1
204,205,1
204,205,1
204,205,1
204,205,1
204,205,1
204,205,1
204,205,1
204,205,1
204,205,1
204,205,1
204,205,1
204,205,1
204,205,1
204,205,1
204,204,0
204,205,1
204,205,1
204,204,0
203,204,1
203,204,1
203,204,1
203,204,1
203,204,1
203,204,1
203,204,1
203,204,1
203,204,1
203,204,1
203,204,1
203,204,1
203,204,1
203,204,1
203,204,1
203,204,1
203,204,1
203,204,1
203,204,1
203,204,1
203,204,1
203,204,1
203,204,1
203,204,1
203,204,1
203,205,2
203,205,2
203,205,2
203,205,2
203,205,2
203,205,2
203,205,2
203,205,2
203,205,2
203,205,2
203,205,2
203,205,2
203,205,2
203,205,2
203,204,1
203,204,1
203,204,1
203,204,1
202,204,2
202,204,2
202,204,2
202,203,1
202,203,1
202,203,1
202,203,1
202,203,1
202,202,0
201,202,1
201,202,1
201,202,1
201,202,1
201,202,1
201,202,1
201,202,1
201,202,1
201,201,0
200,201,1
200,201,1
200,201,1
200,201,1
200,201,1
200,201,1
200,201,1
200,201,1
200,201,1
200,201,1
200,201,1
200,201,1
200,201,1
201,202,1
201,202,1
201,202,1
201,202,1
201,202,1
201,201,0
200,201,1
200,201,1
199,201,2
199,201,2
199,201,2
199,201,2
199,201,2
199,201,2
199,201,2
199,201,2
199,201,2
199,201,2
199,201,2
199,201,2
199,201,2
199,201,2
199,200,1
199,201,2
199,201,2
199,201,2
199,201,2
199,201,2
199,201,2
199,201,2
199,201,2
199,201,2
199,201,2
199,200,1
199,201,2
199,201,2
199,201,2
199,201,2
199,201,2
199,201,2
199,201,2
199,201,2
199,200,1
199,200,1
199,200,1
199,200,1
199,200,1
199,200,1
199,200,1
199,200,1
199,200,1
199,200,1
199,200,1
199,200,1
199,200,1
199,200,1
199,200,1
199,200,1
199,200,1
200,200,0
199,199,0
198,199,1
198,199,1
198,198,0
197,198,1
197,198,1
197,198,1
197,198,1
197,198,1
197,198,1
197,198,1
197,197,0
196,197,1
196,197,1
196,197,1
196,197,1
196,197,1
196,197,1
196,197,1
196,197,1
196,197,1
196,197,1
196,197,1
196,197,1
196,197,1
196,197,1
196,197,1
196,197,1
196,196,0
196,197,1
196,197,1
196,197,1
196,197,1
196,197,1
196,197,1
196,197,1
196,197,1
196,197,1
197,198,1
197,198,1
197,198,1
197,198,1
197,198,1
197,198,1
197,198,1
197,198,1
197,197,0
196,197,1
196,197,1
196,197,1
196,197,1
196,197,1
196,197,1
196,197,1
197,198,1
197,198,1
197,198,1
196,198,2
196,198,2
196,197,1
196,197,1
196,197,1
196,197,1
196,197,1
196,197,1
196,197,1
197,198,1
197,198,1
197,198,1
197,197,0
196,197,1
196,197,1
196,197,1
196,197,1
196,197,1
196,197,1
196,197,1
196,197,1
196,197,1
196,197,1
196,196,0
196,197,1
196,197,1
196,197,1
196,197,1
196,197,1
196,197,1
196,197,1
196,197,1
196,197,1
196,197,1
196,197,1
196,197,1
197,198,1
197,198,1
197,198,1
198,199,1
198,199,1
198,199,1
198,199,1
198,199,1
199,200,1
199,200,1
199,200,1
199,199,0
198,198,0
197,198,1
197,198,1
197,198,1
197,198,1
197,198,1
197,198,1
197,198,1
197,197,0
196,197,1
196,197,1
196,197,1
196,197,1
196,197,1
196,197,1
196,196,0
195,196,1
195,196,1
195,196,1
195,196,1
195,196,1
195,196,1
195,196,1
195,195,0
194,195,1
194,195,1
194,195,1
194,194,0
193,194,1
193,194,1
193,193,0
192,193,1
192,193,1
192,193,1
192,193,1
192,193,1
192,194,2
192,194,2
192,194,2
192,194,2
193,195,2
193,195,2
193,195,2
193,195,2
193,195,2
193,195,2
193,195,2
193,195,2
193,195,2
193,195,2
193,195,2
193,195,2
193,195,2
193,195,2
193,195,2
193,195,2
193,195,2
193,195,2
193,195,2
193,195,2
193,195,2
193,195,2
193,195,2
193,195,2
193,194,1
193,193,0
192,193,1
192,193,1
192,193,1
192,193,1
192,193,1
192,192,0
191,191,0
190,191,1
190,191,1
190,191,1
190,191,1
190,191,1
190,191,1
190,191,1
190,191,1
190,191,1
190,191,1
190,191,1
190,191,1
190,191,1
190,191,1
190,192,2
190,192,2
190,192,2
190,192,2
190,192,2
190,192,2
190,192,2
191,193,2
191,193,2
191,193,2
191,193,2
191,193,2
191,193,2
191,192,1
191,193,2
191,193,2
191,193,2
191,193,2
191,193,2
191,193,2
191,193,2
191,193,2
191,193,2
191,193,2
191,193,2
191,193,2
191,193,2
191,193,2
191,193,2
191,193,2
191,193,2
191,193,2
191,193,2
191,193,2
192,194,2
192,194,2
192,194,2
193,195,2
193,194,1
193,194,1
193,193,0
192,193,1
192,193,1
192,193,1
192,193,1
192,193,1
192,192,0
191,192,1
191,192,1
191,191,0
190,190,0
189,190,1
189,190,1
189,190,1
189,190,1
189,190,1
189,189,0
188,189,1
188,189,1
188,189,1
188,189,1
188,189,1
188,189,1
188,189,1
188,188,0
188,189,1
188,189,1
188,189,1
188,189,1
188,189,1
188,189,1
188,189,1
188,189,1
188,189,1
188,189,1
188,188,0
187,188,1
187,188,1
187,188,1
187,188,1
187,188,1
187,188,1
187,188,1
187,188,1
187,188,1
187,188,1
187,188,1
187,187,0
186,187,1
186,187,1
186,187,1
186,186,0
185,186,1
185,186,1
185,186,1
185,186,1
185,186,1
185,186,1
185,186,1
185,186,1
185,186,1
185,186,1
185,186,1
185,186,1
185,186,1
185,186,1
185,186,1
185,186,1
185,187,2
185,187,2
185,187,2
185,187,2
185,187,2
185,186,1
185,186,1
185,186,1
185,186,1
185,186,1
185,186,1
185,186,1
185,186,1
185,186,1
185,186,1
185,186,1
185,186,1
185,186,1
185,186,1
185,186,1
185,186,1
185,186,1
185,185,0
185,186,1
186,187,1
186,187,1
186,187,1
186,187,1
186,187,1
186,187,1
186,187,1
186,187,1
186,187,1
186,187,1
186,187,1
186,186,0
185,186,1
185,186,1
185,186,1
185,186,1
185,186,1
185,186,1
185,186,1
185,186,1
185,186,1
185,186,1
185,186,1
185,186,1
185,186,1
185,186,1
185,186,1
185,186,1
185,187,2
185,186,1
185,186,1
185,187,2
185,187,2
185,187,2
185,187,2
185,187,2
185,187,2
185,187,2
185,187,2
185,188,3
185,188,3
185,188,3
185,187,2
185,187,2
185,187,2
185,187,2
185,187,2
185,187,2
185,187,2
185,187,2
185,186,1
185,186,1
185,186,1
185,186,1
185,186,1
186,187,1
186,186,0
185,185,0
184,185,1
184,185,1
184,185,1
184,185,1
184,185,1
184,185,1
184,185,1
184,186,2
184,186,2
184,186,2
184,186,2
184,186,2
184,186,2
184,186,2
184,185,1
184,185,1
184,185,1
184,185,1
184,185,1
184,185,1
184,184,0
183,184,1
183,184,1
183,184,1
183,184,1
183,184,1
184,185,1
184,185,1
184,185,1
184,185,1
184,184,0
184,185,1
184,184,0
183,184,1
183,184,1
183,184,1
183,184,1
183,184,1
182,184,2
182,183,1
182,183,1
182,182,0
181,182,1
181,182,1
181,182,1
181,182,1
181,182,1
181,181,0
180,181,1
180,180,0
179,180,1
179,180,1
179,180,1
179,180,1
179,180,1
179,179,0
178,179,1
178,178,0
177,178,1
178,179,1
178,178,0
178,179,1
178,179,1
178,179,1
178,178,0
178,179,1
178,179,1
178,179,1
178,179,1
178,179,1
178,179,1
178,179,1
178,179,1
178,179,1
178,178,0
177,178,1
177,177,0
176,177,1
176,177,1
176,177,1
176,177,1
176,176,0
176,177,1
176,177,1
176,177,1
176,177,1
176,177,1
176,177,1
176,178,2
176,177,1
176,177,1
176,177,1
176,177,1
176,177,1
176,177,1
176,177,1
176,176,0
175,175,0
174,175,1
174,175,1
174,175,1
174,175,1
174,176,2
175,177,2
175,177,2
175,177,2
175,177,2
175,177,2
175,177,2
175,177,2
175,176,1
175,176,1
175,176,1
175,177,2
175,177,2
175,177,2
175,177,2
175,178,3
175,178,3
175,178,3
175,178,3
175,178,3
175,177,2
175,177,2
175,176,1
175,176,1
175,176,1
175,176,1
175,176,1
175,176,1
176,177,1
176,177,1
176,177,1
177,178,1
176,178,2
176,178,2
176,177,1
175,176,1
174,176,2
174,176,2
174,175,1
174,176,2
174,176,2
174,176,2
174,176,2
174,175,1
174,176,2
174,176,2
174,176,2
174,176,2
174,176,2
174,176,2
174,176,2
174,176,2
174,176,2
174,175,1
174,176,2
174,175,1
173,175,2
173,175,2
173,175,2
173,175,2
173,175,2
173,175,2
173,175,2
173,175,2
173,175,2
173,175,2
173,175,2
173,175,2
173,175,2
173,175,2
173,174,1
173,174,1
173,175,2
173,175,2
173,175,2
173,175,2
173,175,2
173,175,2
173,175,2
173,175,2
173,175,2
173,175,2
173,175,2
173,175,2
173,175,2
173,175,2
173,175,2
173,175,2
173,175,2
173,175,2
173,175,2
173,175,2
173,175,2
173,175,2
173,174,1
172,174,2
172,174,2
172,174,2
172,174,2
172,174,2
172,174,2
172,173,1
172,174,2
172,173,1
172,174,2
172,174,2
172,173,1
171,173,2
171,173,2
171,173,2
171,173,2
171,173,2
172,174,2
173,175,2
173,176,3
173,176,3
173,176,3
173,176,3
173,176,3
173,176,3
173,176,3
173,176,3
173,176,3
173,176,3
173,176,3
173,176,3
173,176,3
173,176,3
173,176,3
173,176,3
173,176,3
173,176,3
173,176,3
173,176,3
173,175,2
173,175,2
173,175,2
173,175,2
173,175,2
173,175,2
173,175,2
173,175,2
173,175,2
173,175,2
173,175,2
173,174,1
173,175,2
173,175,2
173,175,2
173,175,2
173,175,2
173,175,2
173,175,2
173,175,2
173,174,1
172,174,2
172,174,2
172,174,2
172,174,2
172,174,2
172,174,2
172,174,2
172,174,2
172,174,2
172,174,2
172,174,2
172,174,2
172,174,2
172,174,2
172,174,2
172,174,2
172,174,2
172,174,2
172,174,2
172,174,2
172,173,1
171,173,2
171,173,2
171,173,2
171,173,2
171,173,2
171,173,2
171,173,2
171,173,2
171,173,2
171,173,2
171,173,2
171,173,2
171,173,2
171,173,2
171,173,2
171,173,2
171,172,1
170,172,2
170,171,1
169,171,2
169,171,2
169,171,2
169,170,1
168,170,2
169,171,2
169,171,2
169,171,2
169,171,2
169,171,2
169,171,2
169,171,2
169,171,2
169,171,2
169,171,2
169,171,2
169,171,2
169,171,2
169,171,2
169,171,2
170,172,2
170,172,2
170,172,2
170,172,2
171,173,2
172,174,2
172,174,2
172,173,1
171,173,2
171,173,2
171,173,2
171,173,2
171,173,2
171,173,2
171,173,2
171,173,2
171,173,2
171,173,2
171,173,2
171,173,2
171,173,2
171,173,2
171,173,2
171,173,2
171,173,2
171,173,2
171,173,2
171,173,2
171,173,2
171,173,2
171,173,2
171,173,2
171,173,2
171,173,2
171,173,2
171,173,2
171,173,2
172,174,2
172,174,2
172,174,2
172,173,1
172,173,1
172,173,1
172,173,1
172,173,1
172,173,1
172,173,1
172,173,1
172,173,1
172,173,1
172,173,1
172,173,1
172,173,1
172,173,1
172,173,1
172,173,1
172,173,1
172,173,1
172,173,1
172,173,1
172,173,1
172,172,0
172,173,1
172,173,1
172,173,1
172,173,1
172,173,1
172,173,1
173,174,1
173,173,0
173,174,1
173,174,1
173,174,1
173,174,1
173,174,1
173,175,2
173,174,1
173,174,1
173,174,1
173,174,1
173,174,1
173,174,1
173,174,1
173,174,1
173,174,1
173,174,1
173,174,1
173,174,1
173,174,1
173,174,1
173,174,1
173,174,1
173,174,1
173,174,1
174,175,1
174,175,1
174,174,0
174,175,1
174,175,1
174,175,1
174,175,1
174,174,0
174,175,1
174,175,1
174,175,1
174,175,1
174,175,1
174,175,1
174,175,1
174,175,1
174,175,1
174,175,1
174,175,1
174,175,1
174,175,1
174,175,1
174,175,1
174,175,1
174,176,2
174,176,2
174,176,2
174,176,2
174,176,2
174,176,2
174,176,2
174,176,2
174,175,1
175,176,1
175,176,1
176,177,1
176,177,1
176,177,1
176,177,1
176,177,1
176,177,1
176,177,1
176,177,1
176,177,1
176,177,1
176,177,1
176,177,1
176,177,1
176,177,1
176,177,1
176,177,1
176,177,1
176,177,1
176,177,1
176,177,1
176,177,1
176,177,1
176,177,1
176,177,1
176,177,1
176,177,1
176,177,1
176,177,1
176,177,1
176,177,1
176,177,1
176,176,0
176,177,1
176,177,1
177,178,1
177,178,1
177,178,1
177,178,1
177,178,1
177,178,1
177,178,1
177,178,1
177,178,1
177,178,1
177,178,1
177,178,1
177,178,1
177,178,1
177,178,1
177,178,1
177,178,1
177,178,1
177,178,1
177,178,1
177,178,1
177,178,1
177,178,1
177,178,1
178,179,1
179,180,1
179,179,0
178,179,1
178,179,1
178,179,1
178,179,1
178,179,1
178,179,1
178,179,1
178,178,0
177,178,1
177,178,1
177,178,1
177,178,1
177,178,1
177,178,1
177,178,1
177,178,1
178,179,1
178,179,1
178,179,1
178,178,0
177,177,0
176,177,1
176,177,1
176,176,0
176,177,1
176,177,1
176,176,0
175,176,1
175,175,0
174,175,1
174,174,0
173,174,1
173,174,1
173,174,1
172,174,2
172,173,1
171,173,2
171,173,2
171,173,2
171,173,2
171,172,1
170,172,2
170,171,1
169,171,2
169,170,1
168,170,2
168,170,2
168,170,2
168,170,2
168,170,2
168,170,2
168,170,2
168,170,2
168,170,2
168,170,2
168,170,2
168,170,2
168,170,2
167,170,3
167,169,2
168,170,2
168,169,1
167,169,2
167,169,2
167,169,2
167,168,1
166,168,2
166,168,2
166,168,2
166,168,2
166,168,2
166,168,2
166,168,2
166,168,2
166,167,1
165,167,2
165,168,3
165,168,3
165,168,3
165,168,3
165,168,3
165,168,3
165,168,3
165,168,3
165,168,3
165,168,3
165,168,3
165,168,3
165,168,3
165,168,3
165,167,2
165,167,2
165,167,2
165,167,2
165,167,2
165,166,1
165,165,0
165,166,1
165,165,0
165,166,1
165,166,1
165,166,1
165,166,1
165,166,1
165,166,1
165,166,1
165,166,1
165,166,1
165,166,1
165,166,1
165,166,1
165,166,1
165,165,0
164,165,1
164,165,1
164,165,1
164,165,1
164,165,1
165,166,1
165,166,1
165,166,1
165,166,1
165,166,1
165,166,1
165,166,1
165,167,2
165,168,3
165,167,2
165,167,2
165,166,1
165,166,1
165,166,1
165,166,1
165,166,1
165,166,1
165,166,1
165,166,1
165,166,1
165,166,1
165,166,1
165,166,1
165,166,1
165,166,1
165,166,1
165,166,1
165,165,0
164,165,1
164,165,1
164,165,1
164,165,1
164,165,1
164,165,1
164,165,1
164,165,1
164,165,1
164,165,1
164,165,1
164,165,1
164,165,1
164,164,0
163,163,0
163,163,0
163,164,1
163,164,1
163,164,1
163,164,1
163,163,0
163,164,1
163,164,1
163,164,1
163,164,1
163,164,1
163,164,1
163,164,1
163,164,1
163,164,1
163,164,1
163,164,1
163,164,1
163,164,1
163,164,1
163,164,1
163,164,1
164,164,0
163,164,1
163,164,1
163,164,1
163,164,1
163,164,1
163,164,1
163,164,1
163,164,1
164,165,1
164,165,1
164,165,1
164,166,2
164,166,2
164,166,2
164,166,2
164,166,2
164,166,2
164,166,2
164,166,2
164,166,2
164,166,2
164,166,2
164,166,2
164,166,2
164,166,2
164,166,2
164,166,2
164,166,2
164,166,2
164,166,2
164,166,2
164,166,2
164,166,2
164,166,2
164,166,2
164,165,1
164,166,2
164,166,2
164,166,2
164,166,2
164,166,2
164,166,2
164,166,2
164,166,2
164,166,2
164,165,1
163,165,2
163,165,2
163,165,2
163,164,1
163,164,1
163,164,1
163,164,1
163,164,1
163,164,1
163,164,1
163,164,1
163,164,1
163,164,1
163,164,1
163,164,1
163,164,1
163,164,1
163,164,1
163,164,1
163,164,1
163,164,1
163,163,0
162,163,1
162,163,1
162,163,1
162,163,1
162,163,1
162,163,1
162,163,1
162,163,1
162,162,0
161,162,1
162,163,1
162,163,1
162,163,1
162,164,2
162,164,2
162,164,2
162,164,2
162,164,2
162,163,1
163,164,1
163,164,1
163,164,1
163,164,1
163,163,0
163,164,1
163,164,1
163,164,1
163,164,1
163,164,1
163,164,1
163,164,1
163,164,1
163,164,1
163,164,1
163,164,1
163,164,1
163,165,2
163,165,2
163,165,2
163,165,2
163,165,2
163,165,2
163,165,2
163,165,2
163,165,2
163,165,2
163,165,2
163,165,2
163,165,2
163,165,2
163,165,2
163,165,2
163,165,2
163,165,2
163,165,2
163,165,2
163,165,2
163,165,2
163,165,2
163,165,2
163,165,2
163,165,2
163,165,2
163,165,2
163,165,2
163,165,2
163,165,2
163,165,2
164,166,2
164,166,2
164,167,3
164,167,3
164,166,2
164,166,2
164,166,2
164,165,1
165,166,1
165,166,1
165,166,1
165,166,1
165,165,0
164,165,1
165,166,1
165,166,1
166,167,1
166,167,1
166,167,1
166,167,1
166,167,1
166,167,1
166,167,1
166,167,1
166,166,0
165,166,1
165,166,1
165,166,1
166,167,1
166,167,1
166,167,1
166,168,2
166,168,2
166,168,2
166,168,2
166,168,2
166,168,2
166,168,2
166,168,2
166,168,2
166,168,2
166,168,2
166,168,2
166,168,2
166,168,2
166,168,2
166,168,2
166,168,2
166,168,2
166,168,2
166,168,2
166,168,2
166,168,2
166,168,2
166,168,2
166,168,2
166,168,2
166,168,2
166,168,2
166,168,2
166,168,2
166,168,2
166,167,1
166,166,0
166,167,1
166,167,1
166,166,0
166,167,1
166,167,1
166,167,1
166,167,1
166,166,0
166,167,1
166,167,1
166,166,0
165,166,1
165,166,1
165,166,1
166,167,1
166,167,1
166,167,1
166,167,1
165,167,2
165,167,2
165,167,2
165,167,2
165,167,2
165,167,2
165,167,2
165,167,2
165,167,2
165,167,2
165,167,2
165,167,2
165,167,2
165,167,2
165,167,2
165,167,2
165,167,2
165,167,2
165,166,1
165,167,2
165,167,2
165,167,2
165,166,1
164,166,2
164,166,2
164,166,2
164,167,3
164,167,3
164,166,2
164,166,2
164,166,2
164,166,2
164,165,1
163,165,2
163,165,2
163,165,2
163,165,2
163,165,2
163,165,2
163,165,2
163,165,2
163,165,2
163,165,2
163,165,2
163,165,2
163,165,2
163,165,2
163,164,1
162,164,2
162,164,2
162,164,2
162,164,2
162,164,2
162,164,2
162,164,2
162,164,2
162,164,2
162,164,2
162,164,2
162,164,2
162,163,1
161,162,1
161,163,2
161,163,2
161,163,2
161,163,2
161,163,2
161,163,2
161,163,2
161,163,2
161,163,2
161,163,2
161,162,1
160,162,2
160,162,2
160,162,2
160,161,1
159,161,2
159,161,2
159,161,2
159,161,2
159,161,2
159,161,2
159,161,2
159,161,2
159,161,2
159,161,2
159,160,1
158,159,1
157,159,2
157,159,2
157,159,2
157,159,2
157,159,2
157,159,2
157,159,2
157,159,2
157,159,2
157,158,1
157,159,2
157,159,2
157,159,2
157,158,1
157,159,2
157,159,2
157,159,2
157,159,2
157,159,2
157,159,2
157,159,2
157,159,2
157,159,2
157,158,1
156,158,2
156,158,2
156,158,2
156,158,2
156,158,2
156,158,2
156,157,1
156,158,2
156,158,2
156,158,2
156,158,2
156,158,2
156,157,1
156,158,2
156,158,2
156,158,2
156,158,2
156,158,2
156,158,2
156,158,2
156,159,3
156,159,3
156,159,3
157,160,3
157,160,3
157,160,3
157,160,3
157,160,3
157,160,3
157,160,3
157,160,3
157,160,3
157,160,3
157,160,3
157,160,3
158,161,3
158,161,3
158,161,3
158,161,3
158,161,3
158,161,3
158,161,3
158,161,3
158,161,3
158,161,3
158,161,3
158,161,3
158,161,3
158,161,3
158,161,3
158,161,3
158,161,3
158,161,3
158,161,3
158,161,3
158,161,3
158,160,2
158,161,3
158,161,3
158,161,3
158,160,2
158,161,3
158,161,3
158,160,2
158,161,3
158,161,3
158,161,3
158,161,3
158,161,3
158,160,2
158,161,3
158,161,3
158,161,3
158,161,3
158,161,3
158,161,3
158,161,3
158,160,2
158,161,3
158,161,3
158,161,3
158,161,3
158,161,3
158,161,3
158,161,3
158,161,3
158,161,3
158,161,3
158,161,3
158,161,3
158,161,3
158,161,3
158,161,3
158,161,3
158,162,4
158,162,4
158,162,4
158,162,4
158,162,4
158,162,4
158,162,4
158,162,4
158,162,4
158,162,4
158,162,4
158,162,4
158,162,4
158,162,4
158,162,4
158,162,4
158,162,4
158,162,4
158,162,4
158,162,4
158,162,4
158,161,3
158,161,3
158,161,3
159,162,3
159,162,3
159,162,3
159,162,3
159,162,3
159,162,3
159,162,3
159,162,3
159,162,3
159,162,3
158,161,3
157,161,4
157,161,4
157,161,4
157,161,4
157,161,4
157,161,4
157,161,4
157,161,4
157,161,4
157,161,4
157,161,4
157,161,4
157,161,4
157,160,3
156,160,4
156,160,4
156,160,4
156,160,4
156,159,3
155,159,4
155,159,4
155,159,4
155,159,4
155,159,4
155,159,4
155,159,4
155,159,4
155,158,3
155,158,3
155,158,3
155,158,3
155,158,3
155,158,3
155,158,3
155,158,3
155,157,2
154,157,3
154,157,3
154,156,2
153,156,3
153,156,3
153,156,3
153,157,4
153,157,4
153,156,3
153,157,4
153,157,4
153,157,4
153,157,4
153,157,4
153,157,4
153,157,4
153,157,4
153,157,4
153,157,4
153,157,4
153,157,4
153,157,4
153,157,4
153,157,4
153,157,4
153,157,4
153,157,4
153,157,4
153,157,4
153,157,4
153,157,4
153,157,4
153,157,4
153,156,3
153,156,3
153,156,3
153,156,3
153,155,2
152,155,3
152,155,3
152,154,2
151,154,3
151,154,3
152,155,3
152,155,3
152,154,2
152,155,3
152,155,3
152,155,3
152,155,3
152,155,3
152,155,3
152,155,3
152,155,3
152,155,3
152,155,3
152,155,3
152,155,3
152,155,3
152,155,3
152,155,3
152,155,3
152,155,3
152,155,3
152,155,3
152,154,2
151,154,3
151,153,2
150,153,3
150,153,3
150,153,3
150,153,3
150,153,3
150,153,3
150,153,3
150,153,3
150,152,2
149,152,3
149,152,3
149,152,3
149,152,3
149,152,3
150,153,3
150,153,3
150,153,3
150,153,3
150,153,3
150,153,3
150,153,3
150,153,3
150,153,3
150,153,3
150,153,3
150,153,3
150,153,3
150,153,3
150,153,3
150,153,3
150,153,3
150,153,3
150,152,2
150,152,2
150,152,2
150,152,2
150,152,2
150,152,2
150,152,2
151,153,2
151,153,2
151,153,2
151,153,2
151,153,2
152,154,2
152,154,2
152,154,2
152,154,2
152,154,2
152,154,2
152,154,2
152,154,2
152,154,2
152,154,2
152,154,2
152,154,2
152,154,2
152,154,2
152,154,2
152,154,2
152,154,2
152,154,2
152,154,2
152,154,2
152,154,2
152,154,2
152,154,2
152,153,1
152,154,2
152,154,2
152,154,2
152,154,2
152,154,2
152,154,2
152,154,2
152,154,2
152,154,2
152,154,2
152,153,1
152,154,2
152,155,3
152,155,3
152,155,3
152,155,3
152,154,2
152,154,2
152,154,2
152,154,2
152,153,1
152,154,2
152,154,2
152,154,2
152,154,2
152,154,2
152,154,2
152,154,2
152,154,2
152,154,2
152,154,2
152,154,2
152,154,2
152,154,2
152,154,2
152,154,2
152,154,2
152,154,2
152,154,2
152,154,2
152,154,2
152,153,1
152,153,1
152,153,1
152,153,1
152,153,1
152,153,1
152,153,1
152,153,1
152,153,1
152,153,1
152,153,1
152,153,1
152,153,1
152,153,1
152,153,1
152,153,1
152,152,0
151,151,0
150,150,0
150,151,1
150,151,1
150,151,1
150,150,0
149,150,1
149,150,1
149,150,1
149,150,1
149,150,1
149,150,1
149,150,1
149,150,1
149,150,1
149,150,1
149,150,1
149,150,1
149,150,1
149,150,1
149,150,1
149,150,1
149,150,1
149,150,1
149,150,1
149,150,1
149,150,1
149,150,1
149,150,1
149,150,1
148,150,2
148,149,1
147,149,2
147,149,2
147,149,2
147,149,2
147,148,1
146,148,2
146,149,3
146,149,3
146,149,3
146,149,3
146,149,3
146,149,3
146,149,3
146,149,3
146,149,3
146,149,3
146,149,3
146,149,3
145,149,4
145,149,4
145,149,4
145,149,4
145,149,4
145,149,4
145,149,4
145,149,4
145,149,4
145,148,3
145,148,3
145,147,2
144,147,3
144,147,3
144,147,3
144,147,3
144,147,3
144,147,3
143,147,4
143,147,4
143,147,4
143,147,4
143,147,4
143,147,4
143,147,4
143,147,4
143,147,4
143,147,4
143,147,4
143,147,4
143,147,4
143,147,4
143,147,4
143,147,4
143,147,4
143,146,3
143,147,4
143,147,4
143,147,4
143,147,4
143,147,4
143,147,4
143,147,4
143,147,4
143,147,4
143,147,4
143,147,4
143,147,4
143,147,4
143,147,4
143,147,4
143,147,4
143,147,4
143,147,4
143,147,4
143,147,4
143,147,4
143,147,4
143,147,4
143,147,4
143,147,4
143,147,4
143,147,4
143,147,4
143,147,4
143,147,4
143,147,4
143,147,4
143,147,4
143,147,4
143,147,4
143,147,4
143,147,4
143,147,4
143,146,3
143,147,4
143,147,4
143,147,4
143,147,4
143,147,4
143,147,4
143,146,3
143,147,4
143,147,4
143,146,3
144,147,3
144,147,3
144,147,3
144,147,3
144,147,3
144,147,3
144,147,3
144,146,2
144,147,3
144,147,3
144,147,3
144,147,3
144,147,3
144,147,3
144,147,3
144,147,3
144,147,3
144,146,2
143,146,3
143,146,3
143,145,2
142,145,3
142,145,3
142,145,3
142,145,3
142,144,2
141,144,3
141,144,3
141,144,3
141,144,3
141,144,3
141,144,3
141,144,3
141,144,3
141,143,2
140,142,2
139,142,3
139,142,3
139,142,3
139,142,3
139,142,3
139,142,3
139,142,3
139,142,3
139,142,3
139,142,3
139,142,3
139,142,3
139,142,3
139,142,3
139,142,3
139,142,3
139,142,3
139,142,3
139,142,3
139,142,3
139,142,3
139,141,2
138,141,3
138,141,3
138,141,3
138,141,3
138,141,3
138,141,3
138,141,3
138,141,3
138,140,2
137,140,3
137,140,3
137,140,3
137,140,3
137,140,3
137,139,2
136,139,3
136,139,3
136,139,3
136,139,3
136,139,3
136,139,3
136,139,3
136,139,3
136,139,3
136,139,3
136,139,3
136,139,3
136,139,3
136,139,3
136,139,3
135,139,4
135,139,4
135,138,3
134,138,4
134,138,4
134,138,4
134,138,4
134,138,4
134,138,4
135,138,3
135,139,4
135,139,4
135,139,4
135,139,4
135,139,4
135,139,4
135,138,3
135,139,4
135,139,4
136,140,4
136,139,3
135,139,4
135,139,4
135,139,4
135,138,3
135,139,4
135,139,4
135,139,4
135,139,4
135,139,4
135,139,4
135,139,4
135,139,4
135,139,4
135,139,4
135,139,4
135,139,4
135,138,3
135,139,4
135,139,4
136,140,4
137,141,4
137,141,4
137,141,4
137,141,4
137,141,4
137,141,4
137,141,4
137,141,4
137,141,4
137,141,4
137,141,4
137,141,4
137,141,4
136,141,5
136,141,5
136,140,4
136,140,4
136,140,4
136,140,4
136,140,4
136,140,4
136,140,4
136,140,4
136,140,4
136,140,4
136,140,4
136,139,3
136,140,4
136,140,4
136,140,4
136,140,4
136,140,4
136,140,4
136,140,4
137,141,4
137,141,4
137,141,4
137,141,4
137,141,4
137,141,4
137,141,4
137,142,5
137,142,5
137,142,5
137,141,4
137,141,4
137,141,4
137,141,4
137,141,4
137,141,4
137,141,4
137,141,4
137,141,4
137,141,4
137,141,4
137,140,3
136,140,4
136,140,4
137,141,4
137,140,3
136,140,4
136,140,4
136,140,4
136,140,4
136,140,4
136,140,4
136,140,4
136,140,4
136,140,4
136,139,3
135,139,4
135,139,4
135,138,3
135,137,2
134,136,2
133,136,3
133,136,3
133,136,3
133,136,3
133,136,3
133,136,3
133,136,3
133,136,3
133,136,3
133,136,3
133,136,3
133,135,2
132,135,3
132,135,3
132,135,3
132,135,3
132,135,3
132,135,3
132,135,3
132,135,3
132,135,3
132,135,3
132,135,3
132,135,3
132,135,3
132,135,3
132,135,3
132,135,3
132,135,3
132,135,3
132,135,3
132,135,3
132,134,2
132,133,1
132,132,0
131,132,1
131,132,1
131,132,1
131,132,1
131,132,1
131,131,0
130,131,1
130,131,1
129,131,2
129,131,2
129,131,2
129,131,2
129,131,2
129,131,2
129,130,1
129,130,1
129,130,1
129,130,1
129,130,1
129,129,0
128,129,1
128,129,1
128,129,1
128,129,1
128,129,1
128,129,1
128,129,1
128,129,1
128,129,1
128,129,1
128,129,1
128,129,1
128,129,1
128,129,1
128,129,1
128,129,1
128,129,1
128,129,1
128,129,1
128,129,1
128,129,1
128,129,1
128,129,1
128,129,1
128,129,1
128,129,1
128,129,1
128,129,1
128,129,1
128,129,1
128,129,1
128,129,1
128,129,1
128,129,1
128,129,1
128,129,1
128,129,1
128,129,1
128,129,1
128,129,1
128,129,1
128,129,1
128,129,1
128,129,1
128,128,0
127,128,1
128,129,1
128,129,1
128,129,1
128,129,1
128,129,1
128,129,1
128,129,1
128,129,1
128,129,1
128,129,1
128,129,1
128,129,1
128,129,1
128,129,1
128,129,1
128,129,1
128,129,1
128,129,1
128,129,1
128,129,1
128,129,1
128,129,1
128,128,0
127,128,1
127,128,1
127,128,1
127,128,1
127,128,1
127,127,0
126,126,0
125,126,1
125,126,1
125,125,0
124,125,1
124,125,1
124,125,1
124,124,0
123,124,1
123,124,1
123,123,0
122,123,1
122,123,1
122,123,1
122,123,1
122,122,0
122,123,1
122,122,0
122,123,1
122,123,1
122,123,1
122,123,1
122,123,1
122,123,1
122,123,1
122,123,1
122,123,1
122,123,1
122,123,1
122,122,0
122,123,1
122,123,1
122,123,1
122,123,1
122,123,1
122,123,1
122,123,1
122,123,1
122,123,1
122,123,1
122,123,1
122,123,1
122,123,1
122,123,1
122,123,1
122,123,1
122,123,1
122,123,1
122,123,1
122,123,1
122,123,1
122,123,1
122,123,1
122,123,1
122,123,1
122,123,1
122,122,0
122,123,1
122,123,1
122,123,1
122,123,1
122,123,1
122,123,1
122,123,1
122,123,1
122,123,1
122,123,1
122,122,0
122,123,1
122,123,1
122,122,0
122,123,1
122,123,1
122,123,1
122,123,1
122,122,0
122,123,1
122,123,1
122,123,1
122,123,1
122,123,1
122,123,1
122,122,0
122,123,1
122,123,1
122,123,1
122,123,1
122,123,1
122,123,1
122,123,1
122,123,1
122,123,1
122,124,2
122,124,2
122,124,2
122,124,2
122,124,2
122,124,2
122,124,2
122,124,2
122,124,2
122,124,2
122,124,2
122,124,2
122,125,3
122,124,2
122,124,2
122,124,2
122,124,2
122,124,2
122,124,2
122,124,2
122,124,2
122,124,2
122,124,2
122,124,2
122,124,2
122,124,2
122,124,2
122,124,2
122,124,2
122,124,2
122,124,2
122,124,2
122,124,2
122,124,2
122,124,2
123,125,2
123,125,2
123,125,2
123,124,1
123,124,1
123,123,0
123,124,1
124,125,1
124,125,1
124,125,1
124,125,1
124,125,1
124,125,1
124,125,1
124,125,1
124,125,1
124,125,1
124,124,0
123,124,1
123,124,1
123,124,1
123,124,1
123,124,1
123,124,1
123,124,1
123,124,1
123,123,0
122,123,1
122,123,1
122,123,1
122,123,1
122,122,0
121,122,1
121,122,1
121,122,1
121,122,1
121,122,1
121,122,1
121,122,1
121,122,1
121,122,1
121,122,1
121,122,1
121,122,1
121,122,1
121,123,2
121,122,1
121,122,1
121,122,1
121,122,1
121,122,1
121,122,1
121,122,1
120,122,2
120,122,2
120,122,2
120,122,2
120,121,1
119,121,2
119,121,2
119,121,2
119,121,2
119,120,1
118,120,2
118,120,2
118,120,2
118,120,2
118,120,2
118,120,2
118,120,2
118,120,2
118,119,1
117,119,2
117,119,2
117,119,2
117,119,2
117,119,2
117,119,2
117,119,2
117,119,2
117,118,1
117,118,1
117,118,1
117,118,1
117,118,1
117,118,1
117,118,1
117,118,1
117,117,0
116,116,0
115,115,0
114,115,1
114,115,1
114,115,1
114,115,1
114,116,2
114,116,2
114,116,2
114,116,2
114,116,2
114,116,2
114,116,2
114,115,1
114,116,2
114,116,2
114,116,2
114,116,2
115,117,2
115,117,2
115,117,2
115,117,2
115,117,2
115,117,2
115,117,2
115,117,2
115,117,2
115,117,2
115,117,2
115,117,2
115,117,2
115,117,2
115,117,2
115,117,2
115,117,2
115,117,2
115,116,1
115,117,2
115,117,2
115,117,2
115,117,2
115,117,2
115,117,2
116,118,2
116,117,1
115,117,2
115,116,1
115,116,1
115,116,1
115,116,1
115,116,1
115,116,1
115,116,1
115,116,1
115,116,1
115,116,1
115,116,1
115,116,1
115,116,1
115,116,1
115,116,1
115,115,0
115,116,1
115,116,1
115,116,1
115,116,1
116,117,1
116,117,1
116,117,1
116,117,1
116,117,1
116,117,1
116,117,1
116,117,1
116,117,1
116,117,1
116,117,1
116,117,1
116,117,1
116,117,1
116,116,0
116,117,1
116,117,1
116,116,0
115,116,1
115,116,1
115,116,1
115,116,1
115,116,1
115,116,1
115,116,1
115,116,1
115,116,1
115,116,1
115,116,1
115,116,1
115,116,1
115,115,0
115,116,1
115,116,1
115,115,0
114,115,1
114,114,0
113,114,1
113,114,1
113,114,1
113,114,1
113,114,1
113,114,1
113,113,0
113,114,1
113,114,1
113,114,1
113,114,1
113,114,1
113,114,1
113,113,0
113,114,1
113,114,1
113,114,1
113,114,1
113,114,1
113,114,1
113,114,1
113,114,1
113,114,1
113,114,1
113,114,1
113,114,1
113,114,1
113,114,1
114,115,1
114,115,1
114,115,1
114,115,1
114,115,1
114,115,1
114,115,1
114,115,1
114,115,1
114,115,1
114,115,1
114,115,1
114,115,1
114,115,1
114,114,0
113,114,1
113,114,1
113,114,1
113,114,1
113,114,1
113,114,1
113,114,1
113,114,1
113,114,1
114,114,0
113,114,1
113,114,1
113,114,1
113,114,1
113,114,1
113,114,1
113,114,1
113,114,1
113,114,1
113,114,1
113,114,1
113,114,1
113,114,1
113,114,1
113,114,1
113,114,1
113,114,1
113,114,1
113,114,1
113,114,1
113,114,1
113,114,1
113,114,1
113,114,1
113,113,0
113,114,1
113,114,1
113,114,1
113,114,1
113,114,1
114,115,1
114,115,1
114,115,1
114,115,1
114,115,1
114,115,1
114,115,1
114,115,1
114,115,1
114,115,1
114,114,0
113,114,1
113,114,1
113,114,1
113,114,1
113,113,0
113,114,1
113,114,1
113,114,1
113,114,1
113,114,1
113,114,1
113,114,1
113,114,1
114,115,1
114,114,0
113,114,1
113,114,1
113,114,1
113,114,1
113,113,0
113,114,1
113,114,1
113,114,1
113,113,0
112,112,0
112,113,1
112,113,1
112,113,1
112,113,1
112,113,1
112,112,0
111,112,1
111,112,1
111,112,1
111,112,1
111,111,0
111,112,1
111,112,1
111,112,1
111,111,0
111,112,1
111,112,1
111,112,1
111,112,1
111,112,1
111,112,1
111,112,1
111,112,1
111,112,1
111,112,1
111,112,1
111,112,1
111,113,2
111,113,2
111,113,2
111,113,2
111,113,2
111,113,2
111,113,2
111,112,1
111,112,1
111,112,1
111,111,0
110,110,0
110,111,1
110,111,1
110,111,1
110,111,1
110,110,0
109,110,1
109,110,1
109,110,1
109,110,1
109,110,1
109,110,1
109,110,1
109,110,1
109,110,1
109,110,1
109,110,1
109,110,1
109,110,1
109,110,1
109,110,1
109,109,0
109,110,1
109,110,1
109,110,1
109,111,2
109,111,2
109,111,2
109,111,2
109,110,1
109,110,1
109,110,1
109,110,1
109,110,1
109,110,1
109,110,1
109,110,1
109,110,1
109,109,0
109,110,1
109,110,1
109,110,1
109,110,1
109,110,1
110,110,0
109,110,1
109,110,1
109,110,1
109,110,1
109,110,1
109,110,1
110,111,1
110,111,1
110,111,1
110,111,1
110,111,1
110,111,1
110,111,1
110,111,1
110,111,1
110,111,1
110,111,1
110,111,1
110,110,0
109,110,1
109,110,1
109,110,1
109,110,1
109,110,1
109,110,1
109,110,1
109,110,1
109,110,1
109,110,1
109,110,1
109,109,0
109,110,1
109,110,1
109,110,1
109,110,1
109,110,1
110,111,1
110,111,1
110,111,1
110,112,2
110,111,1
110,111,1
110,111,1
110,111,1
110,111,1
110,111,1
110,111,1
110,111,1
110,111,1
110,111,1
110,111,1
110,111,1
110,111,1
110,111,1
110,111,1
110,111,1
110,111,1
110,111,1
110,111,1
110,111,1
110,111,1
110,111,1
110,112,2
110,112,2
110,111,1
109,111,2
109,111,2
109,111,2
109,111,2
109,111,2
109,111,2
109,111,2
109,111,2
109,111,2
109,111,2
109,111,2
109,110,1
108,110,2
108,110,2
108,110,2
108,110,2
108,110,2
108,110,2
108,110,2
108,110,2
108,110,2
108,110,2
108,110,2
108,110,2
108,110,2
108,110,2
108,110,2
108,110,2
108,109,1
108,110,2
108,110,2
108,110,2
108,110,2
108,110,2
108,110,2
108,110,2
108,110,2
108,110,2
108,110,2
108,110,2
108,110,2
108,110,2
108,110,2
108,110,2
108,110,2
108,110,2
108,110,2
108,110,2
108,110,2
108,110,2
108,110,2
108,110,2
108,110,2
108,110,2
108,110,2
108,110,2
108,111,3
108,111,3
108,111,3
108,111,3
108,111,3
108,111,3
108,111,3
108,111,3
108,111,3
108,111,3
108,110,2
108,111,3
108,111,3
108,111,3
108,111,3
108,111,3
108,111,3
108,111,3
109,112,3
109,112,3
110,113,3
110,113,3
110,113,3
110,113,3
110,113,3
110,113,3
110,113,3
110,113,3
110,113,3
110,113,3
110,113,3
110,112,2
110,112,2
110,112,2
110,111,1
109,111,2
109,111,2
109,111,2
109,111,2
109,111,2
110,112,2
110,112,2
110,112,2
110,112,2
110,112,2
110,112,2
110,112,2
110,112,2
110,112,2
110,112,2
110,112,2
110,112,2
110,112,2
110,112,2
111,113,2
111,113,2
111,113,2
111,113,2
111,113,2
111,113,2
111,112,1
110,112,2
110,112,2
110,112,2
110,112,2
110,112,2
110,112,2
110,111,1
109,110,1
109,110,1
109,110,1
109,110,1
109,110,1
109,110,1
109,110,1
109,110,1
109,110,1
109,110,1
109,110,1
109,110,1
109,110,1
109,110,1
109,110,1
109,110,1
109,110,1
109,110,1
109,109,0
109,110,1
109,110,1
109,110,1
109,110,1
109,110,1
109,110,1
109,110,1
109,110,1
109,109,0
109,110,1
109,110,1
109,110,1
109,110,1
109,110,1
109,110,1
109,110,1
109,110,1
109,110,1
109,110,1
109,110,1
109,110,1
109,109,0
109,109,0
108,109,1
108,109,1
108,109,1
108,109,1
108,109,1
108,109,1
108,109,1
108,108,0
108,109,1
108,109,1
108,109,1
108,109,1
108,109,1
108,109,1
108,109,1
108,109,1
108,109,1
108,109,1
108,109,1
108,109,1
108,109,1
108,109,1
108,109,1
108,109,1
108,109,1
108,108,0
108,109,1
108,109,1
108,109,1
108,109,1
109,110,1
109,110,1
110,111,1
110,111,1
110,111,1
110,110,0
109,110,1
110,111,1
110,111,1
110,111,1
110,111,1
110,111,1
110,111,1
110,110,0
109,110,1
109,110,1
109,110,1
109,109,0
108,109,1
108,109,1
108,109,1
108,109,1
108,109,1
108,109,1
108,109,1
108,109,1
108,109,1
108,109,1
108,109,1
108,109,1
108,109,1
108,109,1
108,109,1
108,108,0
108,109,1
108,109,1
108,109,1
108,109,1
108,109,1
108,109,1
108,109,1
108,109,1
108,109,1
108,109,1
108,109,1
108,109,1
108,108,0
107,108,1
107,108,1
107,108,1
107,108,1
107,108,1
107,108,1
107,108,1
107,108,1
107,108,1
107,107,0
106,107,1
106,107,1
106,107,1
106,107,1
106,107,1
106,107,1
106,107,1
106,107,1
106,107,1
106,107,1
106,107,1
106,107,1
106,107,1
106,107,1
106,107,1
106,107,1
106,107,1
106,107,1
106,107,1
106,107,1
105,107,2
105,107,2
105,107,2
105,107,2
105,107,2
105,107,2
105,107,2
105,108,3
105,108,3
105,107,2
105,107,2
105,106,1
104,106,2
104,106,2
104,106,2
104,106,2
104,106,2
104,105,1
104,104,0
103,104,1
103,105,2
103,105,2
103,105,2
103,105,2
103,105,2
103,105,2
103,105,2
103,104,1
103,104,1
103,104,1
103,104,1
103,104,1
103,103,0
103,104,1
103,104,1
103,104,1
103,104,1
103,104,1
103,104,1
103,104,1
103,104,1
103,104,1
103,104,1
103,104,1
103,104,1
103,104,1
103,104,1
103,104,1
103,104,1
103,104,1
103,104,1
103,104,1
103,104,1
103,104,1
103,104,1
103,104,1
103,104,1
103,104,1
103,104,1
103,103,0
103,104,1
103,104,1
103,104,1
103,104,1
103,104,1
103,104,1
103,104,1
103,104,1
103,104,1
103,103,0
103,104,1
103,104,1
103,104,1
103,103,0
103,104,1
103,104,1
104,105,1
104,105,1
104,105,1
104,105,1
104,105,1
104,105,1
104,105,1
104,105,1
104,105,1
104,105,1
104,105,1
104,105,1
104,105,1
104,105,1
104,105,1
104,105,1
104,105,1
104,105,1
104,105,1
104,104,0
103,104,1
103,103,0
103,104,1
103,104,1
103,104,1
103,104,1
103,103,0
103,104,1
103,104,1
103,105,2
103,104,1
103,104,1
103,104,1
103,104,1
103,104,1
103,104,1
103,104,1
103,104,1
103,104,1
103,104,1
103,104,1
103,104,1
103,104,1
103,104,1
103,103,0
103,104,1
103,104,1
103,104,1
103,104,1
103,104,1
103,103,0
103,104,1
103,104,1
103,104,1
103,104,1
103,104,1
103,104,1
103,104,1
103,104,1
103,103,0
102,103,1
102,104,2
102,104,2
102,104,2
102,104,2
102,104,2
102,104,2
102,104,2
102,104,2
102,104,2
102,104,2
102,104,2
102,104,2
102,104,2
102,104,2
102,104,2
102,104,2
102,104,2
102,104,2
102,104,2
102,104,2
102,104,2
102,104,2
102,104,2
102,104,2
102,103,1
102,103,1
102,103,1
102,102,0
101,102,1
101,102,1
101,102,1
101,102,1
101,102,1
101,102,1
101,102,1
101,102,1
101,102,1
101,102,1
101,102,1
101,102,1
101,102,1
101,102,1
101,102,1
101,102,1
101,102,1
101,102,1
101,102,1
101,102,1
101,102,1
101,102,1
101,101,0
101,102,1
101,102,1
101,102,1
101,102,1
101,102,1
101,102,1
101,102,1
101,102,1
101,102,1
101,102,1
101,102,1
101,102,1
101,102,1
101,102,1
101,102,1
101,102,1
101,102,1
101,102,1
101,102,1
101,102,1
101,101,0
100,101,1
100,101,1
100,101,1
100,100,0
100,101,1
100,101,1
100,101,1
100,101,1
100,101,1
100,101,1
100,101,1
100,101,1
100,101,1
101,102,1
101,102,1
101,102,1
101,102,1
101,102,1
101,102,1
101,102,1
101,102,1
101,102,1
101,102,1
101,102,1
101,102,1
101,102,1
101,102,1
101,102,1
101,101,0
100,101,1
100,101,1
100,101,1
100,101,1
100,101,1
100,101,1
100,101,1
100,101,1
100,101,1
100,100,0
100,101,1
100,100,0
100,101,1
101,102,1
101,102,1
101,102,1
101,101,0
100,101,1
100,101,1
100,101,1
100,101,1
100,101,1
100,101,1
100,100,0
99,99,0
98,99,1
98,99,1
98,99,1
98,99,1
98,99,1
98,99,1
98,98,0
98,99,1
98,99,1
98,99,1
98,99,1
98,99,1
98,99,1
98,99,1
98,99,1
98,99,1
98,99,1
98,99,1
98,99,1
98,99,1
98,99,1
98,99,1
99,100,1
99,100,1
99,100,1
99,99,0
98,99,1
98,99,1
98,98,0
97,98,1
97,98,1
97,98,1
97,98,1
97,98,1
97,98,1
97,98,1
97,98,1
97,98,1
97,98,1
97,97,0
96,97,1
96,97,1
96,97,1
96,97,1
96,97,1
96,97,1
96,97,1
96,97,1
96,97,1
96,97,1
96,97,1
96,96,0
96,97,1
96,97,1
96,97,1
96,96,0
96,97,1
96,97,1
97,98,1
97,98,1
97,97,0
97,98,1
97,98,1
97,98,1
97,98,1
97,98,1
97,98,1
97,98,1
97,98,1
97,98,1
97,98,1
97,98,1
97,98,1
97,97,0
96,97,1
96,97,1
96,97,1
96,97,1
96,97,1
96,97,1
96,97,1
96,97,1
96,97,1
96,98,2
96,98,2
96,98,2
96,98,2
96,98,2
96,98,2
96,98,2
96,98,2
96,98,2
96,98,2
96,98,2
96,98,2
96,98,2
96,97,1
96,96,0
96,97,1
96,97,1
96,97,1
96,96,0
96,96,0
96,96,0
96,97,1
96,97,1
96,97,1
96,97,1
96,97,1
96,96,0
96,97,1
96,97,1
96,97,1
96,97,1
96,97,1
96,97,1
96,97,1
97,97,0
97,98,1
97,98,1
97,98,1
97,97,0
96,97,1
96,96,0
96,97,1
96,97,1
96,97,1
96,97,1
96,97,1
96,97,1
96,97,1
96,97,1
96,96,0
96,97,1
96,97,1
96,97,1
96,97,1
96,97,1
96,97,1
96,97,1
96,97,1
96,97,1
96,97,1
96,97,1
96,97,1
96,97,1
96,97,1
96,97,1
96,97,1
96,97,1
96,97,1
96,97,1
97,98,1
97,98,1
97,98,1
97,98,1
97,98,1
97,98,1
97,98,1
97,98,1
97,97,0
97,98,1
97,98,1
97,98,1
97,98,1
97,98,1
97,98,1
97,98,1
97,98,1
97,97,0
97,98,1
97,98,1
97,98,1
97,98,1
97,98,1
97,98,1
97,98,1
97,97,0
96,97,1
96,97,1
96,97,1
96,97,1
96,97,1
96,97,1
96,97,1
96,97,1
96,97,1
96,97,1
96,97,1
96,97,1
96,97,1
96,97,1
96,97,1
96,97,1
96,97,1
96,97,1
96,97,1
97,97,0
96,97,1
96,97,1
96,97,1
96,97,1
96,97,1
96,97,1
96,97,1
96,97,1
96,97,1
96,97,1
96,97,1
96,97,1
96,97,1
96,97,1
96,97,1
96,97,1
96,97,1
96,96,0
96,96,0
96,97,1
97,98,1
97,98,1
97,97,0
96,97,1
96,96,0
96,97,1
96,97,1
96,97,1
96,97,1
96,97,1
96,97,1
96,97,1
96,97,1
96,97,1
96,97,1
96,97,1
96,97,1
96,97,1
96,97,1
96,97,1
96,97,1
96,97,1
96,97,1
96,97,1
96,97,1
96,97,1
96,97,1
96,97,1
96,97,1
96,97,1
96,97,1
96,97,1
96,97,1
96,97,1
96,97,1
96,97,1
96,97,1
96,97,1
96,97,1
96,97,1
96,96,0
96,97,1
96,97,1
96,97,1
96,97,1
96,97,1
96,97,1
97,98,1
97,97,0
96,97,1
96,97,1
96,97,1
96,97,1
96,97,1
96,97,1
96,97,1
96,97,1
96,97,1
96,97,1
96,97,1
96,97,1
96,96,0
96,97,1
97,98,1
97,97,0
97,98,1
97,98,1
97,98,1
97,98,1
97,98,1
97,98,1
97,98,1
97,98,1
97,98,1
97,98,1
97,98,1
97,98,1
97,98,1
97,98,1
97,98,1
97,98,1
98,99,1
99,100,1
99,100,1
99,100,1
99,99,0
98,99,1
98,99,1
98,99,1
98,99,1
98,98,0
97,98,1
97,98,1
97,98,1
97,98,1
97,98,1
97,98,1
97,98,1
97,98,1
97,98,1
97,98,1
97,98,1
97,98,1
97,98,1
97,98,1
97,98,1
97,98,1
97,98,1
97,98,1
97,98,1
97,98,1
97,98,1
97,98,1
97,98,1
97,98,1
97,98,1
97,98,1
97,98,1
97,97,0
97,98,1
97,98,1
97,98,1
97,98,1
98,99,1
98,99,1
98,98,0
97,98,1
97,98,1
97,98,1
97,98,1
98,99,1
98,99,1
98,99,1
98,99,1
98,99,1
98,99,1
98,99,1
98,99,1
98,99,1
98,99,1
98,99,1
98,99,1
98,99,1
99,100,1
99,100,1
99,100,1
99,100,1
99,100,1
99,100,1
99,100,1
100,101,1
100,100,0
99,100,1
99,100,1
99,100,1
99,100,1
99,100,1
99,100,1
99,101,2
99,101,2
99,101,2
99,101,2
99,101,2
99,101,2
99,102,3
99,102,3
99,102,3
99,102,3
99,102,3
99,101,2
100,101,1
100,101,1
100,101,1
100,101,1
100,100,0
99,100,1
99,100,1
99,100,1
99,100,1
99,100,1
99,99,0
99,100,1
99,99,0
98,99,1
98,99,1
98,99,1
98,99,1
98,99,1
98,99,1
98,99,1
98,99,1
98,98,0
98,99,1
98,99,1
98,99,1
98,99,1
98,99,1
98,100,2
98,100,2
98,100,2
98,100,2
98,100,2
98,100,2
98,100,2
98,100,2
98,100,2
98,99,1
98,99,1
98,99,1
98,99,1
98,99,1
98,99,1
98,99,1
98,99,1
98,99,1
98,99,1
98,99,1
98,99,1
98,99,1
99,100,1
99,100,1
99,100,1
100,101,1
100,101,1
100,101,1
100,101,1
100,101,1
100,101,1
100,101,1
100,100,0
99,100,1
99,100,1
99,100,1
99,100,1
99,101,2
99,101,2
99,101,2
99,101,2
99,101,2
99,101,2
99,101,2
99,101,2
99,101,2
99,101,2
99,101,2
99,101,2
99,101,2
99,101,2
99,101,2
99,101,2
99,101,2
99,101,2
99,101,2
99,101,2
99,101,2
99,101,2
99,101,2
99,101,2
99,101,2
99,101,2
99,101,2
99,101,2
99,101,2
99,101,2
99,101,2
99,101,2
99,100,1
99,100,1
99,100,1
100,101,1
101,102,1
101,102,1
101,102,1
101,102,1
101,102,1
101,102,1
101,102,1
101,102,1
101,102,1
101,102,1
101,102,1
101,102,1
101,102,1
102,103,1
102,103,1
102,103,1
102,103,1
102,103,1
103,104,1
103,103,0
102,103,1
102,104,2
102,104,2
102,104,2
102,104,2
102,104,2
102,104,2
102,104,2
102,104,2
102,104,2
102,104,2
102,104,2
102,104,2
102,104,2
102,104,2
102,103,1
102,103,1
102,103,1
102,103,1
102,103,1
102,103,1
102,103,1
102,103,1
102,103,1
102,103,1
102,103,1
103,104,1
103,104,1
103,104,1
103,104,1
103,104,1
103,104,1
103,104,1
103,103,0
102,103,1
102,103,1
102,103,1
102,103,1
102,103,1
102,103,1
102,103,1
102,103,1
102,103,1
103,104,1
103,103,0
102,103,1
102,103,1
102,103,1
102,103,1
102,103,1
102,103,1
102,103,1
102,103,1
102,103,1
102,103,1
102,103,1
102,103,1
102,103,1
102,103,1
102,103,1
102,103,1
102,103,1
102,103,1
102,103,1
102,103,1
102,103,1
102,103,1
102,103,1
103,104,1
103,103,0
102,103,1
102,102,0
101,102,1
101,101,0
100,101,1
100,101,1
100,101,1
100,101,1
100,101,1
100,101,1
100,100,0
99,99,0
99,100,1
99,99,0
99,100,1
99,100,1
98,100,2
98,99,1
97,99,2
97,99,2
97,99,2
97,99,2
97,99,2
97,99,2
97,99,2
97,99,2
97,99,2
97,99,2
97,98,1
96,98,2
96,98,2
96,98,2
96,98,2
96,98,2
96,98,2
96,98,2
96,98,2
96,98,2
96,98,2
96,98,2
96,98,2
96,98,2
96,98,2
96,98,2
96,98,2
96,98,2
96,98,2
96,98,2
96,98,2
96,98,2
96,98,2
96,97,1
96,98,2
96,98,2
96,98,2
96,98,2
96,98,2
96,98,2
96,99,3
96,99,3
96,99,3
96,99,3
96,99,3
96,99,3
96,99,3
96,98,2
95,98,3
95,98,3
95,98,3
95,98,3
95,97,2
94,97,3
94,97,3
94,97,3
94,97,3
94,97,3
94,97,3
94,97,3
94,97,3
94,97,3
94,97,3
94,96,2
93,96,3
93,96,3
93,95,2
92,95,3
92,95,3
92,95,3
92,95,3
92,95,3
92,95,3
92,95,3
92,95,3
92,95,3
92,95,3
92,94,2
91,94,3
91,94,3
91,94,3
91,94,3
91,94,3
91,93,2
91,93,2
91,93,2
91,93,2
91,93,2
91,92,1
91,92,1
91,92,1
91,92,1
91,92,1
91,92,1
91,92,1
91,92,1
91,93,2
91,93,2
91,93,2
91,93,2
91,92,1
91,91,0
90,91,1
90,91,1
90,91,1
90,91,1
90,91,1
90,91,1
90,91,1
90,91,1
90,91,1
90,91,1
90,91,1
90,91,1
90,90,0
89,90,1
89,90,1
89,90,1
89,90,1
89,90,1
89,90,1
89,89,0
89,90,1
89,90,1
89,89,0
89,89,0
88,89,1
88,89,1
88,89,1
88,89,1
88,89,1
88,89,1
88,89,1
88,89,1
88,89,1
88,89,1
88,89,1
88,89,1
88,89,1
88,88,0
88,89,1
88,89,1
88,89,1
88,89,1
88,89,1
88,89,1
88,89,1
88,88,0
88,89,1
88,89,1
88,89,1
88,89,1
88,89,1
88,89,1
88,89,1
88,89,1
88,89,1
88,89,1
88,89,1
88,89,1
88,89,1
88,89,1
88,89,1
88,89,1
88,89,1
88,89,1
88,89,1
88,88,0
88,89,1
88,89,1
88,89,1
88,89,1
88,88,0
87,88,1
87,88,1
87,88,1
87,88,1
87,88,1
87,88,1
87,88,1
87,87,0
86,87,1
86,87,1
86,87,1
87,88,1
87,87,0
86,87,1
86,87,1
86,87,1
86,87,1
86,87,1
86,87,1
86,87,1
86,87,1
86,87,1
86,86,0
86,87,1
86,87,1
86,87,1
86,87,1
86,87,1
86,87,1
86,87,1
86,87,1
86,87,1
86,87,1
86,87,1
86,87,1
86,86,0
86,86,0
86,87,1
86,87,1
86,87,1
86,87,1
86,87,1
86,87,1
86,87,1
86,87,1
86,87,1
86,87,1
86,87,1
87,88,1
87,88,1
87,88,1
87,88,1
87,88,1
87,88,1
87,88,1
87,88,1
87,88,1
87,88,1
87,88,1
87,88,1
87,88,1
87,87,0
86,87,1
86,87,1
86,87,1
86,87,1
86,87,1
86,87,1
86,86,0
86,87,1
86,87,1
86,87,1
86,87,1
86,87,1
86,86,0
86,87,1
86,87,1
86,87,1
86,87,1
86,87,1
86,87,1
86,87,1
86,87,1
86,87,1
86,87,1
86,87,1
86,87,1
87,88,1
87,88,1
87,88,1
87,88,1
87,87,0
86,86,0
85,86,1
85,86,1
85,86,1
85,86,1
85,86,1
85,86,1
85,86,1
85,86,1
85,86,1
85,85,0
84,85,1
84,85,1
84,85,1
84,85,1
84,85,1
84,85,1
84,85,1
84,85,1
84,85,1
84,85,1
84,85,1
84,85,1
84,85,1
84,85,1
84,85,1
84,85,1
84,85,1
84,85,1
84,84,0
84,84,0
83,84,1
83,84,1
83,84,1
83,84,1
83,84,1
83,84,1
83,84,1
83,85,2
83,85,2
83,84,1
83,84,1
83,84,1
83,84,1
83,83,0
82,83,1
82,83,1
82,83,1
82,83,1
83,84,1
83,84,1
83,84,1
83,84,1
83,84,1
83,84,1
83,84,1
83,84,1
83,84,1
83,84,1
83,84,1
83,84,1
83,83,0
82,83,1
82,82,0
81,82,1
81,82,1
81,82,1
81,82,1
81,82,1
81,82,1
81,82,1
81,82,1
81,82,1
81,82,1
81,82,1
81,82,1
81,82,1
81,82,1
81,82,1
81,82,1
81,82,1
81,81,0
80,81,1
80,81,1
80,81,1
80,81,1
80,81,1
80,81,1
80,81,1
80,80,0
79,80,1
79,80,1
79,80,1
79,80,1
79,80,1
79,79,0
79,80,1
80,81,1
80,81,1
80,81,1
80,81,1
80,81,1
80,81,1
81,82,1
81,82,1
81,82,1
81,82,1
81,82,1
81,82,1
81,82,1
81,82,1
81,82,1
81,82,1
81,82,1
81,82,1
81,82,1
81,82,1
81,82,1
81,82,1
81,82,1
81,82,1
81,82,1
81,82,1
81,82,1
81,81,0
80,81,1
80,81,1
80,81,1
80,80,0
79,80,1
79,80,1
79,80,1
79,80,1
79,79,0
79,80,1
79,80,1
79,80,1
79,80,1
79,80,1
79,80,1
79,80,1
79,79,0
79,80,1
79,80,1
80,81,1
80,81,1
80,81,1
80,80,0
80,80,0
80,81,1
80,82,2
80,82,2
80,82,2
80,82,2
80,82,2
80,82,2
80,82,2
80,82,2
80,82,2
80,82,2
80,82,2
80,82,2
80,82,2
80,82,2
80,82,2
80,82,2
80,82,2
80,82,2
80,82,2
80,82,2
80,81,1
80,81,1
80,81,1
80,81,1
80,80,0
79,80,1
79,79,0
78,79,1
78,80,2
78,80,2
78,80,2
78,81,3
78,81,3
78,81,3
78,80,2
78,80,2
79,81,2
79,81,2
79,81,2
79,81,2
79,81,2
79,81,2
79,81,2
79,81,2
79,81,2
79,81,2
79,81,2
79,81,2
79,81,2
79,81,2
79,81,2
79,81,2
79,80,1
79,80,1
79,80,1
79,80,1
79,80,1
79,80,1
79,80,1
79,80,1
79,80,1
79,80,1
79,80,1
79,80,1
79,80,1
79,80,1
79,80,1
79,80,1
79,80,1
79,80,1
79,80,1
79,79,0
78,79,1
78,79,1
78,79,1
78,79,1
78,79,1
78,79,1
78,79,1
78,79,1
78,79,1
78,78,0
77,78,1
77,78,1
77,78,1
77,78,1
77,78,1
77,78,1
77,78,1
77,78,1
77,78,1
77,78,1
77,78,1
77,78,1
77,78,1
77,78,1
77,78,1
77,77,0
77,78,1
77,78,1
77,78,1
77,79,2
77,79,2
77,79,2
77,79,2
77,79,2
77,78,1
77,78,1
77,78,1
77,78,1
77,78,1
78,79,1
78,79,1
78,79,1
78,79,1
78,79,1
78,79,1
78,79,1
78,79,1
78,79,1
78,79,1
78,79,1
78,79,1
78,79,1
78,79,1
78,79,1
78,78,0
78,79,1
78,79,1
78,79,1
78,79,1
78,79,1
78,79,1
78,79,1
78,79,1
78,79,1
78,79,1
78,79,1
78,79,1
78,78,0
78,79,1
78,79,1
78,79,1
78,79,1
78,79,1
78,79,1
78,78,0
78,79,1
78,78,0
78,79,1
78,79,1
78,79,1
78,79,1
78,79,1
78,79,1
78,79,1
78,79,1
78,79,1
78,79,1
78,78,0
77,78,1
77,78,1
77,78,1
77,78,1
77,78,1
77,78,1
77,78,1
77,78,1
77,78,1
77,78,1
77,78,1
77,77,0
77,78,1
77,78,1
77,78,1
77,78,1
77,78,1
77,78,1
77,78,1
77,78,1
77,78,1
77,78,1
77,78,1
77,78,1
77,78,1
77,78,1
77,78,1
77,78,1
77,78,1
77,78,1
77,78,1
77,78,1
77,78,1
77,78,1
77,78,1
77,78,1
77,77,0
77,78,1
77,78,1
77,78,1
77,78,1
77,78,1
77,78,1
77,78,1
77,78,1
77,78,1
77,78,1
77,78,1
77,77,0
77,78,1
77,78,1
77,78,1
77,78,1
77,78,1
77,78,1
77,78,1
77,78,1
77,78,1
77,78,1
77,78,1
77,78,1
77,78,1
77,78,1
77,77,0
77,78,1
77,78,1
77,78,1
77,78,1
77,78,1
77,78,1
77,78,1
77,78,1
77,78,1
77,77,0
76,77,1
76,77,1
76,77,1
76,77,1
76,77,1
76,77,1
76,77,1
76,76,0
75,76,1
75,76,1
75,76,1
75,76,1
75,76,1
75,75,0
74,74,0
73,73,0
72,73,1
72,73,1
72,73,1
72,73,1
72,73,1
72,73,1
72,73,1
72,73,1
72,73,1
72,73,1
72,73,1
72,73,1
72,73,1
72,73,1
72,73,1
72,73,1
72,73,1
72,73,1
72,73,1
72,73,1
72,73,1
72,73,1
72,73,1
72,73,1
72,73,1
72,73,1
72,73,1
72,73,1
72,73,1
72,73,1
72,73,1
72,73,1
72,72,0
71,72,1
71,72,1
71,71,0
70,71,1
70,71,1
70,70,0
69,70,1
69,70,1
69,70,1
69,70,1
69,70,1
69,70,1
69,70,1
69,70,1
69,70,1
69,70,1
69,70,1
69,70,1
69,70,1
69,70,1
70,71,1
70,71,1
70,71,1
70,71,1
70,70,0
69,70,1
69,70,1
69,70,1
69,70,1
69,70,1
69,70,1
69,70,1
69,70,1
69,70,1
69,69,0
68,69,1
68,68,0
67,68,1
67,68,1
67,68,1
67,68,1
67,68,1
67,68,1
67,68,1
67,68,1
67,68,1
66,68,2
66,68,2
66,68,2
66,68,2
66,68,2
66,67,1
66,67,1
66,67,1
66,67,1
66,68,2
66,69,3
66,69,3
66,69,3
66,69,3
66,69,3
66,69,3
66,69,3
66,68,2
66,68,2
66,67,1
66,67,1
66,67,1
66,67,1
66,67,1
66,67,1
66,67,1
66,67,1
66,67,1
66,67,1
66,67,1
66,67,1
66,67,1
66,67,1
66,67,1
66,67,1
66,67,1
66,67,1
66,67,1
66,68,2
66,68,2
66,68,2
66,68,2
67,69,2
67,69,2
67,68,1
67,68,1
67,68,1
67,68,1
67,68,1
67,68,1
67,68,1
67,68,1
67,68,1
67,67,0
66,67,1
66,67,1
66,67,1
66,67,1
66,67,1
66,67,1
66,67,1
66,67,1
66,67,1
66,67,1
66,67,1
66,67,1
66,66,0
66,67,1
66,67,1
66,67,1
66,67,1
66,67,1
66,67,1
66,67,1
66,67,1
67,68,1
67,68,1
67,68,1
67,68,1
67,68,1
67,68,1
67,68,1
67,68,1
67,68,1
67,68,1
67,68,1
67,68,1
67,68,1
67,68,1
67,68,1
67,68,1
67,68,1
67,68,1
68,68,0
67,68,1
67,68,1
67,68,1
67,68,1
67,67,0
66,67,1
66,67,1
66,67,1
66,67,1
66,67,1
66,67,1
66,67,1
66,67,1
66,67,1
66,67,1
66,67,1
66,67,1
66,67,1
66,67,1
66,67,1
66,67,1
66,67,1
66,67,1
66,67,1
66,67,1
66,67,1
66,67,1
66,67,1
66,67,1
66,66,0
66,67,1
66,67,1
66,67,1
66,66,0
66,67,1
66,67,1
67,68,1
67,68,1
67,68,1
67,68,1
67,68,1
67,68,1
67,67,0
66,67,1
66,66,0
66,67,1
66,66,0
66,67,1
66,67,1
66,67,1
66,67,1
66,66,0
66,67,1
66,67,1
66,67,1
66,67,1
66,67,1
66,67,1
66,67,1
66,67,1
66,66,0
66,67,1
66,67,1
66,67,1
66,67,1
66,67,1
66,67,1
66,67,1
66,67,1
66,67,1
66,67,1
66,67,1
66,67,1
66,67,1
66,67,1
66,67,1
66,67,1
66,67,1
66,67,1
66,67,1
66,66,0
66,67,1
66,67,1
66,67,1
66,67,1
66,67,1
67,68,1
67,68,1
67,68,1
67,68,1
67,68,1
67,68,1
67,68,1
67,68,1
67,68,1
67,68,1
67,68,1
67,68,1
67,68,1
67,68,1
67,68,1
67,68,1
67,67,0
66,67,1
66,67,1
66,67,1
66,67,1
66,67,1
66,67,1
66,67,1
66,67,1
66,67,1
66,66,0
66,67,1
66,67,1
66,67,1
66,67,1
66,67,1
66,67,1
66,67,1
66,67,1
66,66,0
65,66,1
65,66,1
65,66,1
65,66,1
65,66,1
65,66,1
65,66,1
65,66,1
65,66,1
65,65,0
65,66,1
65,66,1
65,66,1
65,66,1
65,66,1
65,66,1
65,66,1
65,66,1
65,66,1
65,65,0
64,65,1
64,65,1
64,64,0
64,65,1
64,65,1
64,65,1
64,65,1
64,65,1
64,65,1
64,65,1
64,65,1
64,65,1
64,65,1
64,65,1
64,65,1
64,65,1
64,64,0
64,65,1
64,65,1
64,65,1
64,65,1
64,65,1
64,65,1
64,64,0
63,64,1
63,64,1
63,64,1
63,64,1
63,63,0
62,63,1
62,63,1
62,63,1
62,63,1
62,63,1
62,63,1
62,63,1
62,63,1
62,63,1
62,64,2
62,64,2
62,63,1
62,63,1
62,62,0
62,63,1
62,63,1
62,63,1
62,62,0
62,63,1
62,63,1
62,63,1
62,63,1
62,63,1
62,63,1
62,62,0
62,63,1
62,63,1
62,63,1
62,63,1
62,63,1
62,63,1
62,63,1
62,63,1
63,64,1
63,63,0
62,63,1
62,63,1
62,63,1
62,63,1
62,62,0
61,62,1
62,63,1
62,63,1
62,63,1
62,63,1
62,63,1
62,63,1
62,63,1
62,63,1
62,63,1
62,62,0
61,62,1
61,62,1
61,62,1
61,62,1
61,62,1
61,62,1
61,62,1
61,62,1
61,62,1
61,62,1
61,62,1
61,62,1
61,62,1
61,62,1
61,61,0
61,62,1
61,62,1
61,62,1
61,62,1
61,61,0
61,62,1
62,62,0
61,62,1
61,62,1
61,62,1
61,61,0
61,62,1
61,62,1
61,62,1
61,62,1
61,62,1
61,62,1
61,63,2
61,63,2
61,63,2
61,63,2
61,62,1
61,61,0
61,61,0
61,62,1
61,63,2
61,63,2
61,63,2
61,63,2
61,63,2
61,62,1
61,62,1
61,62,1
61,62,1
61,61,0
61,62,1
61,62,1
61,63,2
61,63,2
61,63,2
61,63,2
62,64,2
62,63,1
62,63,1
62,63,1
62,63,1
62,62,0
61,62,1
61,61,0
61,62,1
61,62,1
61,62,1
61,62,1
61,62,1
61,62,1
61,62,1
61,62,1
61,62,1
61,62,1
61,61,0
60,61,1
60,60,0
60,61,1
60,61,1
60,61,1
60,60,0
60,61,1
60,61,1
60,61,1
60,61,1
60,61,1
60,61,1
60,61,1
60,61,1
60,61,1
60,61,1
60,61,1
60,61,1
60,61,1
60,62,2
60,62,2
60,61,1
60,61,1
60,61,1
60,61,1
60,61,1
60,61,1
60,60,0
60,61,1
60,61,1
60,61,1
60,61,1
60,61,1
60,60,0
60,61,1
60,61,1
60,61,1
60,61,1
60,61,1
60,61,1
60,61,1
60,61,1
60,61,1
60,61,1
60,61,1
60,61,1
60,60,0
60,61,1
60,60,0
60,61,1
60,61,1
60,61,1
60,61,1
60,61,1
60,61,1
60,61,1
60,61,1
60,60,0
60,61,1
60,61,1
60,61,1
60,61,1
61,61,0
60,61,1
60,61,1
60,60,0
60,61,1
60,60,0
60,61,1
60,61,1
60,61,1
60,61,1
60,61,1
60,60,0
59,59,0
58,59,1
58,59,1
58,59,1
58,59,1
58,59,1
58,59,1
58,59,1
58,59,1
58,59,1
58,59,1
58,58,0
57,58,1
57,58,1
57,58,1
57,58,1
57,58,1
56,58,2
56,58,2
56,57,1
55,57,2
55,57,2
55,57,2
55,57,2
55,57,2
55,57,2
55,56,1
55,57,2
55,57,2
55,57,2
55,57,2
55,57,2
55,57,2
55,57,2
55,57,2
55,57,2
55,57,2
55,56,1
55,57,2
55,57,2
55,57,2
55,57,2
55,57,2
55,57,2
55,56,1
55,57,2
55,57,2
55,57,2
55,57,2
55,57,2
55,57,2
55,56,1
55,57,2
55,57,2
55,57,2
55,57,2
55,57,2
55,57,2
55,56,1
55,57,2
55,57,2
55,57,2
55,57,2
55,57,2
55,57,2
55,57,2
55,57,2
55,57,2
55,57,2
55,57,2
55,57,2
55,57,2
55,57,2
55,57,2
55,57,2
55,57,2
55,57,2
55,56,1
55,57,2
55,57,2
55,57,2
55,57,2
55,57,2
55,57,2
55,57,2
55,57,2
55,57,2
55,57,2
55,56,1
55,57,2
55,57,2
55,57,2
55,57,2
55,57,2
55,56,1
54,56,2
54,56,2
54,56,2
54,55,1
53,55,2
53,55,2
53,55,2
53,55,2
53,56,3
53,56,3
53,57,4
53,57,4
53,57,4
53,57,4
53,57,4
53,57,4
53,57,4
53,57,4
53,57,4
53,57,4
53,57,4
53,57,4
53,57,4
53,57,4
54,58,4
54,57,3
54,57,3
54,57,3
54,57,3
54,57,3
54,57,3
54,56,2
53,56,3
53,56,3
53,56,3
54,57,3
54,57,3
54,57,3
54,57,3
54,57,3
54,57,3
54,57,3
54,57,3
54,57,3
54,57,3
54,57,3
54,57,3
54,57,3
53,57,4
53,56,3
53,56,3
53,56,3
53,56,3
53,56,3
53,56,3
53,56,3
53,57,4
53,57,4
53,56,3
53,55,2
53,56,3
53,56,3
53,56,3
53,56,3
53,56,3
53,56,3
53,56,3
53,56,3
53,56,3
53,55,2
53,56,3
53,56,3
53,56,3
53,56,3
53,56,3
53,56,3
53,56,3
53,56,3
53,56,3
53,56,3
53,56,3
53,56,3
53,56,3
53,56,3
53,56,3
53,56,3
53,55,2
53,55,2
53,55,2
53,55,2
53,55,2
53,55,2
53,55,2
53,55,2
53,54,1
53,55,2
53,55,2
53,55,2
53,55,2
53,54,1
52,53,1
52,53,1
52,53,1
52,53,1
52,53,1
52,53,1
52,53,1
52,53,1
52,53,1
52,53,1
52,53,1
52,53,1
52,53,1
52,53,1
52,53,1
52,53,1
52,53,1
53,54,1
53,53,0
52,53,1
52,53,1
52,53,1
52,53,1
52,53,1
52,53,1
52,53,1
52,53,1
52,53,1
52,53,1
52,53,1
52,53,1
52,53,1
52,53,1
52,53,1
52,53,1
52,53,1
52,53,1
52,53,1
52,53,1
52,53,1
52,53,1
52,53,1
52,52,0
51,52,1
51,52,1
51,52,1
51,52,1
51,52,1
51,52,1
51,52,1
51,52,1
52,53,1
52,52,0
51,52,1
51,51,0
50,51,1
50,51,1
50,51,1
50,51,1
50,51,1
50,51,1
50,51,1
50,51,1
50,51,1
50,51,1
50,50,0
49,50,1
49,50,1
49,50,1
49,50,1
49,50,1
49,51,2
49,51,2
49,51,2
49,51,2
49,50,1
49,50,1
49,49,0
48,49,1
48,48,0
47,48,1
47,48,1
47,48,1
47,48,1
47,48,1
47,48,1
48,48,0
47,48,1
47,48,1
47,48,1
47,48,1
47,48,1
47,48,1
47,48,1
47,48,1
47,48,1
47,48,1
47,48,1
47,48,1
47,48,1
47,48,1
47,48,1
47,48,1
47,48,1
47,48,1
47,48,1
47,48,1
47,48,1
47,48,1
47,48,1
47,48,1
47,48,1
47,48,1
47,48,1
47,48,1
47,48,1
47,48,1
47,48,1
47,48,1
48,49,1
48,49,1
48,49,1
48,49,1
48,49,1
48,49,1
48,49,1
48,49,1
48,49,1
48,48,0
47,48,1
47,48,1
47,47,0
46,47,1
46,47,1
46,47,1
46,47,1
46,46,0
45,46,1
45,46,1
45,46,1
45,46,1
45,46,1
45,46,1
45,46,1
45,46,1
45,46,1
45,46,1
45,46,1
45,46,1
45,46,1
45,46,1
45,46,1
45,46,1
45,46,1
45,46,1
45,46,1
45,46,1
45,46,1
45,46,1
45,46,1
45,46,1
45,46,1
45,46,1
45,46,1
45,46,1
45,46,1
45,46,1
45,46,1
45,46,1
45,46,1
45,46,1
45,46,1
45,46,1
45,46,1
45,46,1
45,46,1
45,45,0
44,45,1
44,45,1
44,44,0
43,44,1
43,44,1
43,44,1
43,44,1
43,43,0
42,43,1
42,43,1
42,43,1
42,43,1
42,43,1
42,42,0
41,42,1
41,42,1
41,42,1
41,42,1
41,42,1
41,42,1
41,42,1
41,42,1
41,42,1
41,42,1
41,42,1
41,42,1
41,42,1
41,42,1
41,42,1
41,42,1
41,42,1
42,43,1
42,43,1
42,42,0
41,42,1
41,42,1
41,42,1
41,42,1
41,42,1
41,42,1
41,42,1
41,42,1
41,42,1
40,42,2
40,42,2
40,42,2
40,42,2
40,42,2
40,41,1
40,42,2
40,42,2
40,42,2
40,42,2
40,42,2
40,42,2
40,42,2
40,41,1
39,41,2
39,41,2
39,41,2
39,41,2
39,41,2
39,41,2
39,41,2
39,41,2
39,41,2
39,41,2
39,41,2
39,41,2
39,41,2
39,41,2
39,41,2
39,41,2
39,41,2
39,41,2
39,41,2
39,40,1
38,40,2
38,40,2
38,40,2
38,40,2
38,40,2
38,40,2
38,40,2
38,40,2
38,40,2
38,40,2
38,40,2
38,40,2
38,40,2
38,40,2
38,41,3
38,41,3
38,40,2
38,41,3
38,41,3
38,41,3
38,41,3
38,41,3
38,41,3
38,41,3
38,41,3
38,41,3
38,41,3
38,40,2
38,41,3
38,41,3
38,41,3
38,40,2
38,40,2
38,40,2
38,40,2
38,40,2
38,40,2
38,39,1
38,39,1
38,39,1
38,39,1
38,39,1
38,38,0
38,39,1
38,39,1
38,39,1
38,39,1
38,39,1
38,39,1
38,39,1
38,39,1
38,39,1
38,39,1
38,38,0
37,38,1
37,38,1
37,38,1
37,38,1
37,38,1
37,38,1
37,38,1
37,38,1
37,38,1
37,38,1
37,38,1
37,38,1
37,38,1
37,38,1
37,38,1
37,38,1
37,38,1
37,38,1
37,38,1
37,38,1
37,38,1
37,37,0
36,36,0
36,37,1
36,37,1
36,37,1
36,37,1
36,37,1
36,37,1
36,37,1
36,36,0
36,37,1
36,37,1
36,37,1
36,38,2
36,38,2
36,38,2
36,38,2
36,38,2
36,38,2
36,38,2
36,38,2
36,38,2
36,38,2
36,38,2
36,38,2
36,38,2
36,39,3
36,39,3
36,38,2
36,38,2
36,37,1
36,37,1
36,37,1
36,37,1
36,37,1
36,37,1
36,37,1
36,37,1
36,37,1
36,37,1
36,37,1
36,37,1
36,37,1
36,37,1
36,37,1
36,37,1
36,37,1
36,37,1
36,37,1
36,37,1
36,37,1
36,37,1
36,36,0
36,37,1
36,36,0
36,37,1
36,36,0
35,36,1
35,36,1
35,36,1
35,36,1
35,35,0
35,36,1
35,36,1
35,36,1
35,36,1
36,37,1
36,37,1
36,37,1
36,37,1
36,37,1
36,37,1
36,37,1
36,37,1
36,37,1
36,37,1
36,37,1
36,37,1
36,37,1
36,37,1
36,37,1
36,37,1
36,37,1
35,37,2
35,37,2
35,36,1
35,37,2
35,37,2
35,37,2
35,37,2
35,37,2
35,37,2
35,36,1
35,37,2
35,37,2
35,37,2
35,37,2
35,37,2
35,36,1
35,37,2
35,36,1
35,36,1
35,37,2
35,37,2
35,37,2
35,37,2
35,37,2
35,37,2
35,37,2
35,37,2
35,37,2
35,36,1
35,36,1
35,37,2
35,37,2
35,37,2
35,37,2
35,37,2
35,36,1
35,36,1
35,36,1
35,36,1
35,36,1
35,36,1
35,36,1
35,36,1
35,36,1
35,36,1
35,36,1
35,36,1
35,36,1
35,36,1
35,36,1
36,37,1
36,36,0
35,36,1
35,35,0
35,36,1
35,36,1
35,36,1
35,36,1
35,36,1
35,36,1
35,36,1
35,36,1
35,36,1
35,36,1
35,36,1
35,36,1
35,36,1
35,36,1
35,36,1
35,36,1
35,36,1
35,35,0
34,35,1
34,35,1
34,35,1
34,35,1
34,35,1
34,35,1
34,35,1
34,35,1
34,35,1
34,35,1
34,35,1
34,35,1
34,35,1
34,35,1
34,35,1
34,35,1
34,35,1
34,35,1
34,35,1
34,35,1
34,35,1
34,35,1
34,35,1
34,35,1
34,35,1
34,35,1
34,35,1
34,35,1
34,34,0
34,35,1
34,35,1
34,35,1
34,35,1
34,35,1
34,35,1
34,35,1
34,35,1
34,35,1
34,35,1
34,35,1
34,35,1
34,35,1
34,34,0
34,35,1
34,35,1
34,35,1
35,36,1
35,36,1
35,36,1
35,35,0
34,35,1
34,35,1
34,35,1
34,35,1
34,35,1
34,35,1
34,35,1
34,35,1
34,35,1
34,35,1
34,35,1
34,35,1
34,35,1
34,35,1
34,34,0
34,35,1
34,35,1
34,35,1
34,35,1
34,35,1
34,35,1
34,35,1
34,35,1
34,34,0
34,35,1
34,35,1
34,35,1
34,35,1
34,35,1
34,35,1
34,35,1
34,35,1
34,35,1
34,35,1
34,35,1
34,35,1
34,35,1
34,35,1
34,35,1
34,35,1
34,35,1
34,35,1
34,35,1
34,35,1
34,35,1
34,35,1
34,35,1
34,35,1
34,35,1
34,35,1
34,35,1
34,35,1
34,35,1
34,35,1
34,35,1
34,35,1
34,35,1
34,35,1
34,35,1
34,35,1
34,35,1
34,35,1
34,35,1
34,35,1
34,35,1
34,35,1
34,35,1
34,35,1
34,35,1
34,35,1
34,35,1
34,35,1
34,35,1
34,35,1
34,35,1
34,34,0
34,35,1
34,35,1
34,35,1
34,35,1
34,35,1
34,35,1
34,35,1
35,36,1
35,36,1
35,36,1
35,35,0
35,36,1
35,36,1
35,36,1
35,36,1
35,36,1
35,36,1
35,36,1
35,36,1
35,36,1
35,35,0
35,36,1
35,36,1
35,36,1
35,36,1
35,35,0
34,35,1
34,35,1
34,35,1
34,35,1
34,35,1
34,35,1
34,35,1
34,35,1
35,36,1
35,36,1
35,36,1
35,36,1
35,36,1
35,36,1
36,37,1
36,37,1
36,37,1
37,37,0
36,37,1
36,37,1
36,37,1
36,37,1
36,37,1
36,37,1
36,37,1
36,37,1
36,37,1
36,37,1
36,37,1
36,37,1
36,37,1
36,37,1
36,37,1
36,37,1
36,37,1
36,37,1
36,37,1
36,37,1
36,37,1
36,37,1
36,37,1
36,37,1
36,37,1
36,37,1
36,37,1
36,37,1
36,36,0
35,36,1
35,36,1
35,36,1
35,35,0
35,36,1
35,36,1
35,36,1
35,36,1
35,36,1
35,36,1
35,36,1
35,35,0
35,36,1
35,36,1
35,36,1
35,35,0
35,36,1
35,36,1
35,36,1
35,36,1
35,36,1
35,35,0
35,36,1
35,36,1
35,36,1
35,36,1
35,36,1
35,36,1
35,36,1
35,36,1
35,36,1
35,35,0
35,36,1
35,36,1
35,36,1
35,36,1
35,35,0
35,36,1
35,36,1
35,36,1
35,36,1
35,36,1
35,36,1
35,36,1
36,37,1
36,37,1
36,37,1
36,37,1
36,37,1
36,37,1
36,37,1
36,37,1
36,37,1
36,37,1
36,37,1
36,37,1
36,37,1
36,37,1
36,37,1
36,37,1
36,37,1
36,37,1
36,37,1
36,37,1
36,37,1
36,37,1
36,37,1
36,37,1
36,37,1
36,37,1
36,37,1
36,37,1
36,37,1
36,37,1
36,37,1
36,37,1
36,37,1
36,37,1
36,36,0
36,37,1
36,37,1
36,37,1
36,37,1
36,37,1
36,37,1
36,37,1
36,38,2
36,38,2
36,38,2
36,37,1
36,36,0
35,36,1
35,36,1
35,36,1
35,36,1
35,35,0
34,35,1
34,35,1
34,35,1
34,35,1
34,35,1
34,35,1
34,35,1
34,36,2
34,36,2
34,36,2
34,36,2
34,36,2
34,36,2
34,36,2
34,36,2
34,35,1
34,35,1
34,35,1
34,35,1
34,35,1
34,35,1
34,35,1
34,35,1
34,35,1
34,35,1
34,35,1
34,35,1
34,35,1
34,35,1
35,36,1
35,36,1
35,36,1
35,36,1
35,36,1
35,36,1
35,36,1
35,36,1
35,36,1
35,36,1
35,36,1
35,36,1
35,36,1
35,36,1
35,36,1
35,35,0
34,35,1
34,35,1
34,35,1
34,35,1
34,35,1
34,35,1
34,35,1
34,35,1
34,35,1
34,35,1
34,35,1
34,35,1
34,35,1
34,35,1
34,35,1
34,35,1
34,35,1
34,34,0
34,35,1
34,34,0
33,34,1
33,34,1
33,34,1
33,34,1
33,34,1
33,34,1
33,34,1
33,34,1
33,34,1
33,34,1
33,34,1
33,34,1
33,34,1
33,34,1
33,34,1
33,34,1
33,34,1
33,34,1
33,34,1
33,34,1
33,34,1
33,34,1
33,34,1
33,34,1
33,35,2
33,35,2
33,35,2
33,35,2
33,35,2
33,35,2
33,35,2
33,35,2
33,35,2
33,35,2
33,35,2
33,35,2
33,35,2
33,35,2
33,35,2
33,35,2
34,36,2
34,36,2
34,36,2
34,36,2
34,36,2
34,36,2
34,36,2
34,36,2
34,36,2
34,36,2
34,36,2
34,36,2
34,36,2
34,36,2
34,36,2
34,36,2
34,36,2
34,36,2
34,36,2
34,36,2
34,36,2
34,36,2
34,36,2
34,36,2
34,36,2
34,36,2
34,36,2
34,36,2
34,36,2
34,36,2
34,36,2
34,36,2
34,36,2
34,35,1
34,35,1
34,36,2
34,36,2
34,36,2
34,36,2
34,36,2
34,36,2
34,37,3
34,36,2
34,36,2
34,36,2
34,36,2
34,37,3
34,37,3
34,37,3
34,37,3
34,37,3
34,37,3
35,38,3
35,38,3
36,38,2
36,38,2
36,38,2
36,38,2
36,38,2
36,38,2
36,38,2
36,38,2
36,37,1
35,37,2
35,37,2
35,37,2
35,37,2
35,36,1
34,36,2
34,36,2
34,36,2
34,36,2
34,36,2
34,36,2
34,37,3
34,36,2
34,36,2
34,36,2
34,36,2
34,36,2
34,36,2
34,36,2
34,36,2
34,36,2
34,36,2
34,36,2
34,36,2
35,37,2
35,36,1
34,36,2
34,36,2
34,36,2
34,35,1
34,35,1
34,36,2
34,36,2
34,36,2
34,36,2
34,36,2
34,36,2
34,36,2
34,36,2
34,36,2
34,36,2
34,36,2
34,36,2
34,36,2
34,35,1
34,35,1
34,35,1
34,34,0
34,35,1
34,35,1
34,35,1
34,35,1
34,34,0
34,35,1
34,34,0
34,34,0
34,35,1
34,35,1
34,35,1
34,35,1
34,34,0
33,34,1
33,34,1
33,34,1
33,34,1
33,34,1
33,34,1
33,34,1
33,33,0
33,34,1
33,34,1
33,34,1
33,34,1
33,34,1
33,34,1
33,34,1
33,34,1
33,34,1
33,34,1
33,34,1
33,34,1
33,34,1
33,33,0
33,34,1
33,34,1
33,33,0
33,34,1
33,35,2
33,35,2
33,35,2
33,35,2
33,35,2
33,35,2
33,35,2
33,35,2
33,35,2
33,35,2
33,35,2
33,35,2
33,35,2
33,34,1
33,34,1
33,34,1
33,34,1
33,34,1
33,34,1
33,34,1
33,34,1
33,34,1
33,34,1
33,34,1
33,33,0
33,34,1
33,33,0
33,34,1
33,34,1
33,34,1
33,33,0
33,34,1
33,34,1
33,34,1
33,33,0
33,34,1
33,34,1
33,34,1
33,34,1
33,34,1
33,34,1
33,34,1
33,34,1
33,34,1
33,34,1
33,33,0
32,33,1
32,32,0
31,32,1
31,32,1
31,32,1
31,32,1
31,32,1
31,32,1
31,32,1
31,32,1
31,32,1
31,32,1
31,32,1
31,32,1
31,32,1
31,32,1
31,32,1
31,32,1
31,32,1
31,32,1
31,32,1
31,32,1
31,32,1
31,32,1
31,32,1
31,32,1
31,32,1
31,32,1
31,33,2
31,33,2
31,33,2
31,33,2
31,33,2
31,33,2
31,33,2
31,32,1
31,32,1
31,32,1
31,32,1
31,31,0
31,32,1
31,32,1
31,32,1
31,32,1
31,32,1
31,32,1
31,32,1
31,31,0
31,32,1
31,32,1
31,32,1
31,32,1
31,32,1
31,32,1
31,31,0
31,32,1
31,32,1
31,32,1
31,32,1
31,32,1
31,32,1
31,32,1
31,32,1
31,32,1
31,32,1
31,31,0
31,32,1
31,32,1
31,32,1
31,32,1
31,32,1
31,32,1
31,31,0
31,32,1
31,32,1
31,32,1
31,32,1
31,31,0
31,32,1
31,32,1
31,32,1
31,32,1
31,32,1
31,32,1
31,32,1
31,32,1
31,32,1
31,32,1
31,32,1
31,32,1
31,32,1
31,32,1
31,31,0
31,32,1
32,33,1
32,32,0
32,33,1
32,33,1
32,33,1
32,33,1
32,33,1
32,33,1
32,33,1
32,33,1
32,33,1
32,33,1
32,33,1
33,34,1
33,34,1
33,34,1
33,34,1
33,34,1
33,34,1
33,33,0
32,33,1
32,33,1
32,33,1
32,33,1
33,34,1
33,34,1
33,34,1
33,34,1
33,34,1
33,33,0
32,33,1
32,33,1
32,33,1
32,33,1
32,33,1
32,33,1
32,33,1
32,33,1
32,33,1
32,33,1
32,33,1
32,32,0
32,33,1
32,33,1
32,33,1
32,33,1
32,33,1
32,32,0
31,32,1
31,32,1
31,32,1
31,32,1
31,32,1
31,32,1
31,32,1
31,32,1
32,33,1
32,33,1
32,33,1
32,33,1
32,34,2
32,34,2
32,34,2
32,34,2
32,34,2
32,33,1
32,33,1
32,33,1
32,33,1
32,33,1
32,33,1
32,33,1
32,33,1
32,33,1
32,33,1
32,33,1
32,33,1
32,32,0
31,32,1
31,32,1
31,31,0
31,32,1
31,32,1
31,32,1
31,32,1
31,32,1
31,32,1
31,32,1
31,32,1
31,32,1
31,32,1
31,32,1
31,32,1
31,32,1
31,32,1
31,32,1
31,32,1
31,32,1
31,32,1
31,32,1
31,32,1
31,32,1
31,32,1
31,32,1
31,32,1
31,32,1
31,32,1
31,32,1
31,32,1
31,32,1
32,33,1
33,34,1
33,34,1
33,34,1
33,34,1
33,34,1
33,34,1
33,34,1
33,34,1
33,34,1
33,34,1
33,34,1
33,34,1
33,34,1
33,34,1
33,34,1
33,33,0
32,33,1
32,32,0
31,32,1
31,32,1
31,32,1
31,32,1
31,32,1
31,32,1
31,32,1
31,32,1
31,32,1
31,32,1
31,32,1
31,32,1
31,32,1
31,31,0
31,32,1
31,32,1
31,32,1
31,32,1
31,32,1
31,32,1
31,32,1
31,32,1
31,31,0
31,32,1
31,32,1
31,32,1
31,32,1
31,32,1
31,32,1
31,32,1
31,32,1
31,32,1
31,32,1
31,32,1
31,32,1
31,32,1
31,32,1
31,32,1
31,32,1
31,32,1
31,31,0
31,32,1
31,32,1
32,33,1
32,33,1
32,33,1
32,33,1
32,33,1
32,33,1
32,33,1
32,33,1
33,34,1
33,34,1
33,34,1
33,34,1
33,34,1
33,33,0
33,34,1
33,34,1
33,34,1
33,34,1
33,34,1
33,34,1
33,33,0
32,33,1
32,33,1
32,33,1
32,33,1
32,33,1
32,33,1
32,33,1
32,33,1
32,33,1
32,33,1
32,33,1
32,33,1
32,33,1
32,33,1
32,32,0
32,33,1
32,33,1
32,33,1
32,33,1
32,33,1
32,33,1
32,33,1
32,33,1
32,33,1
32,33,1
32,33,1
33,33,0
32,33,1
32,33,1
32,33,1
32,32,0
32,33,1
32,33,1
32,33,1
32,33,1
32,33,1
32,33,1
32,33,1
32,33,1
32,33,1
32,33,1
32,33,1
32,32,0
32,33,1
32,33,1
32,33,1
32,33,1
32,33,1
32,33,1
32,33,1
32,33,1
33,34,1
33,34,1
33,34,1
33,34,1
33,34,1
33,34,1
33,34,1
33,34,1
33,34,1
34,35,1
34,35,1
34,35,1
34,35,1
34,35,1
34,35,1
34,35,1
34,34,0
33,34,1
33,34,1
33,34,1
33,34,1
33,34,1
33,34,1
33,34,1
33,34,1
33,33,0
32,33,1
32,33,1
32,33,1
32,34,2
32,34,2
32,34,2
32,34,2
32,34,2
32,34,2
32,34,2
32,34,2
32,34,2
32,34,2
33,35,2
33,35,2
33,35,2
33,35,2
33,35,2
33,35,2
33,35,2
33,35,2
33,34,1
33,34,1
33,34,1
33,34,1
33,34,1
33,34,1
33,34,1
33,34,1
33,34,1
33,34,1
33,33,0
32,33,1
32,33,1
32,33,1
32,33,1
32,33,1
32,32,0
32,33,1
32,33,1
32,33,1
32,33,1
32,33,1
32,33,1
32,33,1
32,33,1
32,33,1
32,33,1
32,33,1
32,33,1
32,33,1
32,34,2
32,34,2
32,33,1
32,33,1
32,33,1
32,33,1
32,33,1
32,33,1
32,33,1
32,33,1
32,32,0
31,32,1
31,32,1
31,31,0
31,32,1
31,32,1
31,32,1
31,32,1
31,32,1
31,31,0
30,31,1
30,31,1
30,30,0
30,31,1
30,31,1
30,31,1
30,31,1
30,31,1
30,30,0
30,31,1
30,31,1
30,31,1
30,31,1
30,31,1
30,31,1
30,31,1
30,31,1
30,31,1
30,31,1
30,30,0
30,31,1
31,31,0
30,31,1
30,31,1
30,31,1
30,30,0
30,31,1
30,32,2
30,32,2
30,32,2
30,32,2
30,33,3
30,33,3
30,33,3
30,33,3
30,32,2
30,31,1
30,31,1
30,30,0
29,30,1
29,29,0
28,29,1
28,29,1
28,29,1
28,29,1
28,29,1
28,29,1
28,28,0
27,27,0
27,28,1
27,27,0
27,28,1
27,28,1
27,28,1
27,28,1
27,29,2
27,28,1
27,28,1
27,28,1
27,28,1
27,28,1
27,28,1
27,28,1
27,28,1
27,28,1
27,28,1
27,28,1
27,28,1
27,28,1
27,28,1
27,28,1
27,28,1
27,27,0
27,27,0
26,27,1
26,27,1
26,27,1
26,27,1
26,27,1
26,27,1
26,27,1
26,27,1
26,27,1
26,27,1
26,26,0
26,27,1
26,27,1
26,27,1
26,27,1
26,27,1
26,27,1
26,27,1
26,27,1
27,28,1
27,28,1
27,28,1
27,28,1
27,28,1
27,28,1
27,28,1
27,28,1
27,28,1
27,28,1
27,27,0
26,27,1
26,27,1
26,27,1
26,27,1
26,27,1
26,27,1
26,27,1
26,27,1
26,27,1
26,27,1
26,27,1
26,27,1
26,27,1
26,27,1
26,27,1
27,28,1
27,28,1
27,27,0
26,27,1
26,28,2
26,28,2
26,28,2
26,28,2
26,28,2
26,28,2
26,28,2
26,28,2
26,27,1
26,27,1
26,27,1
26,27,1
26,27,1
26,27,1
26,27,1
26,27,1
26,27,1
26,27,1
26,27,1
26,26,0
26,26,0
26,27,1
26,27,1
26,27,1
26,26,0
26,27,1
26,27,1
26,27,1
26,26,0
26,27,1
26,27,1
26,27,1
26,27,1
26,27,1
26,27,1
26,27,1
26,27,1
26,27,1
26,27,1
26,26,0
25,26,1
25,26,1
25,26,1
25,26,1
25,26,1
25,26,1
25,26,1
25,26,1
25,25,0
25,26,1
25,26,1
25,26,1
25,26,1
25,26,1
25,26,1
25,26,1
25,25,0
25,26,1
25,26,1
25,26,1
25,26,1
25,26,1
25,26,1
25,26,1
25,26,1
25,25,0
25,26,1
25,26,1
25,26,1
25,26,1
25,26,1
25,26,1
25,26,1
25,26,1
25,26,1
25,26,1
25,26,1
25,26,1
25,26,1
25,26,1
25,26,1
25,26,1
25,26,1
25,26,1
25,26,1
25,26,1
25,26,1
25,26,1
25,26,1
25,26,1
25,26,1
25,26,1
25,26,1
25,26,1
25,25,0
25,26,1
25,26,1
25,25,0
25,25,0
24,25,1
24,25,1
24,25,1
24,25,1
24,25,1
24,24,0
24,25,1
24,25,1
24,25,1
24,25,1
24,25,1
24,25,1
24,24,0
24,25,1
24,25,1
24,24,0
23,24,1
23,24,1
23,24,1
23,24,1
23,23,0
23,24,1
23,24,1
23,24,1
23,24,1
23,24,1
23,24,1
23,24,1
24,25,1
24,25,1
24,25,1
24,25,1
24,25,1
24,25,1
24,25,1
24,25,1
24,25,1
24,24,0
23,23,0
23,24,1
23,24,1
23,24,1
23,24,1
23,24,1
23,24,1
23,24,1
23,24,1
23,24,1
23,24,1
23,24,1
23,24,1
23,24,1
23,23,0
23,24,1
23,24,1
23,23,0
23,24,1
23,24,1
23,24,1
23,24,1
23,23,0
23,24,1
23,24,1
23,24,1
23,24,1
23,24,1
23,24,1
24,25,1
24,25,1
24,25,1
24,25,1
24,25,1
24,25,1
24,25,1
24,25,1
24,24,0
24,25,1
24,25,1
24,25,1
24,25,1
24,25,1
24,25,1
24,24,0
24,25,1
24,25,1
24,25,1
24,24,0
24,25,1
24,25,1
25,26,1
25,25,0
25,26,1
25,25,0
24,25,1
24,25,1
24,26,2
24,26,2
24,26,2
24,26,2
24,25,1
24,25,1
24,24,0
24,25,1
24,25,1
24,25,1
24,25,1
24,25,1
24,25,1
24,25,1
24,25,1
24,25,1
24,25,1
24,25,1
24,25,1
24,25,1
24,25,1
24,25,1
24,25,1
24,25,1
24,25,1
24,25,1
24,25,1
24,25,1
24,25,1
24,25,1
24,25,1
24,25,1
24,24,0
24,25,1
24,25,1
24,25,1
24,25,1
24,25,1
25,26,1
25,26,1
25,26,1
25,26,1
25,26,1
25,26,1
25,26,1
25,26,1
25,26,1
25,26,1
25,26,1
25,25,0
24,25,1
24,25,1
24,25,1
24,25,1
24,25,1
25,26,1
25,27,2
25,27,2
25,27,2
25,27,2
25,27,2
25,27,2
26,28,2
26,28,2
26,28,2
26,28,2
26,27,1
26,27,1
26,27,1
26,26,0
25,26,1
25,26,1
25,26,1
25,26,1
25,26,1
25,26,1
25,26,1
25,26,1
25,26,1
25,26,1
25,26,1
25,26,1
25,26,1
25,26,1
25,26,1
25,26,1
25,25,0
24,25,1
24,25,1
24,25,1
24,25,1
24,25,1
24,25,1
24,25,1
24,25,1
24,25,1
24,25,1
24,25,1
24,25,1
24,25,1
24,25,1
24,25,1
24,26,2
24,26,2
24,26,2
24,26,2
24,26,2
25,27,2
25,26,1
24,26,2
24,27,3
24,27,3
24,27,3
24,27,3
24,27,3
24,27,3
24,27,3
24,27,3
24,28,4
24,28,4
25,29,4
25,29,4
25,29,4
25,29,4
25,29,4
25,28,3
25,28,3
25,28,3
25,27,2
25,28,3
25,28,3
25,28,3
25,28,3
25,28,3
25,28,3
25,28,3
25,28,3
25,28,3
25,28,3
25,28,3
25,28,3
25,29,4
26,29,3
26,29,3
26,29,3
26,29,3
26,28,2
25,28,3
25,28,3
25,28,3
25,28,3
25,28,3
25,28,3
25,27,2
25,28,3
25,28,3
25,27,2
25,28,3
25,28,3
25,28,3
25,28,3
25,28,3
25,28,3
25,27,2
25,28,3
25,28,3
25,28,3
25,28,3
25,28,3
26,28,2
25,28,3
25,28,3
25,28,3
25,28,3
25,28,3
25,28,3
25,28,3
25,28,3
25,28,3
25,28,3
25,27,2
25,27,2
25,27,2
25,27,2
25,27,2
25,26,1
25,27,2
25,27,2
25,26,1
25,27,2
25,27,2
25,27,2
25,27,2
25,27,2
25,27,2
25,27,2
25,27,2
25,27,2
25,27,2
25,26,1
25,27,2
25,27,2
25,27,2
25,27,2
25,27,2
25,27,2
25,27,2
25,27,2
25,27,2
25,27,2
25,27,2
25,27,2
25,27,2
25,26,1
25,27,2
25,27,2
25,27,2
25,27,2
25,27,2
25,27,2
25,27,2
25,27,2
25,28,3
25,28,3
25,28,3
25,28,3
25,28,3
25,28,3
25,28,3
25,28,3
25,28,3
25,28,3
25,28,3
25,28,3
25,28,3
25,28,3
25,28,3
25,28,3
25,28,3
25,28,3
25,28,3
25,28,3
25,28,3
25,28,3
25,28,3
25,27,2
25,28,3
25,28,3
25,28,3
25,27,2
25,28,3
25,28,3
25,28,3
25,28,3
25,28,3
25,27,2
25,28,3
25,28,3
25,28,3
25,28,3
25,28,3
25,28,3
25,28,3
25,28,3
25,28,3
25,28,3
25,28,3
25,28,3
25,27,2
25,28,3
25,28,3
25,28,3
25,28,3
25,28,3
25,28,3
25,28,3
25,28,3
25,28,3
25,28,3
25,28,3
25,28,3
25,28,3
25,28,3
25,28,3
25,28,3
25,28,3
25,27,2
25,28,3
25,28,3
25,28,3
25,28,3
25,28,3
25,28,3
25,27,2
25,28,3
25,28,3
25,27,2
25,28,3
25,28,3
25,28,3
25,28,3
25,28,3
25,28,3
25,28,3
25,28,3
25,28,3
25,28,3
25,27,2
25,27,2
25,27,2
25,27,2
25,27,2
25,28,3
25,28,3
25,28,3
25,28,3
25,28,3
25,28,3
25,28,3
25,27,2
25,27,2
25,27,2
25,27,2
25,27,2
25,27,2
25,27,2
25,26,1
25,26,1
25,26,1
25,27,2
25,27,2
25,27,2
25,27,2
25,27,2
25,27,2
25,27,2
25,27,2
25,27,2
25,27,2
25,27,2
25,27,2
25,27,2
25,27,2
25,27,2
25,27,2
25,27,2
25,27,2
25,27,2
25,27,2
25,27,2
25,27,2
25,27,2
25,27,2
25,27,2
25,27,2
25,26,1
25,27,2
25,27,2
25,27,2
25,27,2
25,27,2
25,27,2
25,27,2
25,27,2
25,27,2
25,27,2
25,27,2
25,27,2
25,27,2
25,27,2
25,26,1
25,27,2
25,27,2
25,27,2
25,27,2
25,27,2
25,26,1
25,26,1
25,26,1
25,26,1
25,26,1
25,27,2
25,27,2
25,27,2
25,27,2
25,27,2
25,27,2
25,27,2
25,27,2
25,26,1
26,27,1
26,27,1
26,27,1
26,27,1
26,27,1
26,27,1
26,26,0
26,27,1
26,27,1
26,27,1
26,27,1
26,26,0
25,26,1
25,26,1
25,26,1
25,26,1
25,26,1
25,26,1
25,26,1
25,26,1
25,26,1
25,25,0
25,26,1
25,26,1
25,26,1
25,25,0
25,26,1
25,26,1
25,26,1
25,26,1
25,26,1
25,26,1
25,26,1
25,25,0
25,26,1
25,26,1
25,26,1
25,26,1
25,26,1
25,26,1
25,26,1
26,27,1
26,27,1
26,27,1
26,27,1
26,27,1
26,27,1
26,27,1
26,27,1
26,26,0
25,26,1
25,26,1
25,26,1
25,26,1
25,26,1
25,26,1
25,26,1
25,26,1
25,25,0
25,26,1
25,26,1
25,26,1
25,26,1
25,26,1
25,26,1
25,26,1
25,26,1
25,26,1
25,25,0
25,26,1
25,26,1
25,26,1
25,27,2
25,27,2
25,27,2
25,27,2
25,27,2
25,27,2
25,27,2
25,27,2
25,27,2
25,27,2
25,27,2
25,27,2
25,27,2
25,27,2
25,27,2
25,27,2
25,27,2
25,27,2
25,27,2
25,27,2
25,27,2
26,28,2
26,27,1
26,27,1
26,27,1
26,27,1
26,26,0
25,26,1
25,26,1
25,26,1
25,26,1
25,26,1
25,26,1
25,25,0
25,25,0
25,26,1
25,26,1
25,25,0
25,25,0
25,26,1
25,25,0
25,26,1
25,26,1
25,25,0
25,26,1
25,26,1
25,26,1
25,26,1
25,26,1
25,26,1
25,25,0
25,26,1
25,26,1
25,26,1
25,26,1
25,26,1
25,26,1
25,26,1
25,26,1
25,26,1
25,26,1
25,25,0
24,25,1
24,25,1
24,25,1
24,25,1
24,25,1
24,25,1
24,25,1
24,25,1
24,25,1
24,25,1
24,25,1
24,25,1
24,25,1
24,25,1
24,25,1
24,25,1
24,25,1
24,25,1
24,25,1
24,25,1
24,25,1
24,25,1
24,25,1
24,25,1
24,25,1
24,25,1
24,25,1
24,25,1
24,25,1
24,25,1
24,25,1
24,25,1
24,25,1
24,25,1
24,25,1
24,25,1
24,26,2
24,26,2
24,26,2
24,26,2
24,26,2
24,25,1
24,25,1
24,25,1
24,25,1
24,25,1
24,24,0
24,25,1
24,25,1
24,25,1
24,24,0
24,24,0
24,25,1
24,25,1
24,25,1
24,25,1
24,25,1
24,25,1
24,25,1
24,25,1
24,25,1
24,25,1
24,25,1
24,24,0
24,25,1
24,25,1
24,25,1
24,25,1
24,25,1
24,25,1
24,25,1
24,25,1
24,25,1
25,26,1
25,26,1
25,26,1
25,26,1
25,26,1
25,26,1
25,26,1
25,26,1
25,26,1
25,26,1
25,26,1
25,26,1
25,26,1
25,26,1
25,26,1
25,26,1
26,27,1
26,26,0
25,26,1
25,26,1
25,26,1
25,26,1
25,26,1
25,26,1
25,26,1
25,26,1
25,26,1
25,25,0
24,25,1
24,25,1
24,26,2
24,25,1
24,25,1
24,25,1
24,25,1
24,24,0
24,25,1
24,25,1
24,25,1
24,25,1
24,25,1
24,25,1
24,25,1
24,25,1
24,25,1
24,25,1
24,25,1
24,25,1
24,25,1
24,24,0
24,25,1
25,26,1
25,26,1
25,26,1
25,26,1
25,26,1
25,26,1
25,26,1
25,26,1
25,26,1
25,26,1
24,26,2
24,26,2
24,26,2
24,26,2
24,26,2
24,26,2
24,26,2
24,26,2
24,26,2
24,27,3
24,27,3
24,26,2
24,26,2
24,26,2
24,26,2
24,26,2
24,27,3
24,27,3
24,27,3
24,26,2
24,26,2
24,26,2
24,25,1
24,26,2
24,26,2
24,25,1
24,26,2
25,27,2
25,27,2
25,27,2
25,26,1
24,26,2
24,26,2
24,26,2
24,26,2
24,26,2
24,25,1
24,26,2
24,26,2
24,26,2
24,26,2
24,26,2
24,25,1
24,26,2
24,26,2
24,26,2
24,26,2
24,26,2
24,26,2
24,26,2
24,26,2
24,26,2
24,25,1
24,26,2
24,26,2
24,26,2
24,26,2
24,26,2
24,26,2
24,26,2
24,26,2
24,26,2
24,25,1
24,26,2
24,26,2
24,26,2
24,27,3
24,27,3
24,27,3
24,27,3
24,27,3
24,26,2
24,25,1
24,26,2
24,26,2
24,26,2
24,26,2
24,26,2
24,26,2
24,26,2
24,26,2
24,26,2
24,25,1
24,26,2
24,26,2
24,26,2
24,27,3
24,27,3
24,27,3
24,26,2
24,27,3
24,27,3
24,27,3
24,27,3
24,27,3
24,27,3
24,27,3
24,26,2
24,27,3
24,27,3
24,26,2
24,27,3
24,27,3
24,27,3
24,27,3
24,26,2
24,27,3
25,28,3
26,29,3
26,28,2
26,29,3
26,29,3
26,29,3
26,29,3
26,29,3
26,29,3
26,29,3
26,29,3
26,29,3
26,29,3
26,29,3
26,29,3
26,29,3
26,29,3
26,29,3
26,29,3
26,29,3
26,28,2
25,28,3
25,28,3
25,28,3
25,28,3
25,28,3
25,28,3
25,28,3
25,28,3
25,28,3
25,28,3
25,28,3
25,28,3
25,28,3
25,28,3
25,28,3
25,28,3
25,28,3
25,28,3
25,28,3
26,29,3
26,29,3
26,29,3
26,29,3
26,29,3
26,29,3
26,29,3
26,29,3
26,29,3
26,29,3
26,29,3
26,29,3
26,29,3
26,29,3
26,29,3
26,29,3
26,29,3
26,29,3
26,30,4
26,30,4
26,30,4
26,30,4
26,30,4
26,30,4
26,29,3
26,28,2
26,27,1
26,28,2
26,27,1
26,27,1
26,27,1
26,26,0
26,26,0
26,27,1
26,27,1
26,27,1
26,27,1
26,27,1
26,27,1
26,27,1
26,27,1
26,27,1
26,27,1
26,26,0
26,27,1
27,28,1
27,28,1
27,27,0
26,27,1
26,27,1
26,26,0
26,27,1
26,27,1
26,27,1
26,27,1
26,27,1
26,27,1
26,27,1
26,27,1
26,26,0
26,27,1
26,27,1
26,27,1
26,27,1
26,27,1
27,28,1
27,27,0
27,28,1
27,28,1
27,28,1
27,28,1
27,28,1
27,28,1
27,28,1
27,28,1
27,27,0
27,28,1
27,28,1
27,28,1
27,28,1
27,28,1
27,27,0
27,28,1
27,28,1
27,28,1
27,28,1
27,28,1
27,28,1
27,28,1
27,28,1
27,28,1
27,28,1
27,28,1
27,28,1
27,28,1
27,28,1
27,28,1
27,28,1
27,27,0
27,28,1
27,28,1
27,28,1
27,27,0
27,28,1
27,28,1
27,28,1
27,28,1
27,28,1
27,28,1
27,28,1
27,28,1
27,28,1
27,28,1
27,28,1
27,28,1
27,28,1
27,28,1
27,28,1
27,28,1
27,28,1
27,28,1
27,28,1
27,28,1
27,28,1
27,28,1
27,28,1
27,27,0
27,28,1
27,28,1
27,28,1
27,27,0
27,28,1
27,28,1
27,27,0
27,28,1
27,28,1
27,28,1
27,28,1
27,28,1
27,28,1
27,27,0
27,27,0
26,27,1
26,27,1
26,27,1
26,27,1
26,27,1
26,27,1
26,27,1
26,27,1
26,27,1
26,27,1
26,27,1
26,27,1
26,27,1
27,28,1
27,28,1
27,28,1
27,28,1
27,28,1
27,28,1
27,29,2
27,29,2
27,29,2
27,29,2
27,29,2
27,29,2
27,29,2
27,29,2
27,29,2
27,29,2
27,29,2
27,29,2
27,29,2
27,29,2
27,29,2
27,29,2
27,28,1
27,28,1
27,28,1
27,28,1
27,28,1
27,28,1
27,28,1
27,28,1
27,28,1
27,28,1
27,28,1
27,28,1
27,28,1
27,28,1
27,28,1
27,28,1
27,28,1
27,28,1
27,28,1
27,28,1
27,28,1
27,27,0
26,27,1
26,27,1
26,27,1
26,27,1
26,27,1
26,27,1
26,27,1
26,26,0
26,27,1
26,26,0
25,26,1
25,26,1
25,26,1
25,26,1
25,26,1
25,26,1
25,26,1
25,26,1
25,26,1
25,26,1
25,25,0
25,26,1
25,26,1
25,26,1
25,26,1
25,26,1
25,26,1
25,25,0
25,26,1
25,26,1
25,26,1
25,26,1
25,25,0
24,24,0
24,25,1
24,25,1
24,25,1
24,25,1
24,25,1
24,26,2
24,26,2
24,26,2
24,26,2
24,25,1
24,25,1
24,25,1
24,26,2
24,26,2
24,26,2
24,25,1
24,24,0
24,25,1
24,25,1
24,25,1
24,25,1
24,25,1
24,24,0
23,23,0
22,23,1
22,23,1
22,23,1
22,23,1
22,23,1
22,23,1
22,23,1
22,23,1
22,23,1
22,23,1
22,23,1
22,23,1
22,23,1
22,23,1
22,23,1
22,22,0
22,23,1
22,23,1
22,23,1
22,23,1
22,22,0
22,23,1
22,22,0
22,23,1
22,23,1
22,22,0
22,23,1
22,23,1
22,23,1
22,23,1
22,23,1
22,22,0
22,23,1
22,23,1
22,23,1
22,23,1
22,23,1
22,23,1
22,23,1
22,23,1
23,24,1
23,24,1
23,24,1
23,24,1
23,24,1
23,24,1
23,24,1
23,24,1
23,24,1
23,24,1
23,24,1
23,24,1
23,24,1
23,24,1
23,24,1
23,23,0
22,23,1
22,23,1
22,23,1
22,23,1
22,23,1
22,23,1
22,23,1
22,24,2
22,24,2
22,24,2
22,24,2
22,24,2
22,24,2
22,24,2
22,24,2
22,24,2
23,25,2
23,25,2
23,25,2
23,25,2
23,25,2
23,24,1
22,24,2
22,24,2
22,24,2
22,24,2
22,24,2
22,24,2
22,24,2
22,24,2
22,24,2
22,24,2
22,24,2
22,24,2
22,24,2
22,24,2
22,24,2
22,24,2
22,24,2
22,24,2
22,23,1
22,24,2
22,24,2
22,24,2
22,24,2
22,24,2
22,24,2
22,24,2
22,24,2
22,24,2
22,24,2
22,24,2
22,24,2
22,24,2
22,24,2
22,24,2
22,24,2
22,24,2
22,24,2
22,24,2
22,24,2
22,24,2
22,24,2
22,24,2
22,24,2
22,24,2
22,24,2
22,24,2
22,23,1
22,24,2
22,23,1
22,24,2
22,24,2
22,24,2
22,24,2
22,24,2
22,24,2
22,24,2
22,23,1
22,24,2
22,24,2
22,24,2
22,24,2
22,24,2
22,24,2
22,24,2
22,24,2
22,24,2
22,24,2
22,24,2
22,24,2
22,24,2
22,24,2
22,24,2
22,24,2
22,24,2
22,24,2
22,24,2
22,24,2
22,24,2
23,25,2
23,25,2
23,25,2
23,25,2
23,25,2
23,25,2
23,25,2
23,25,2
23,25,2
23,25,2
23,25,2
23,24,1
22,24,2
22,24,2
22,24,2
22,24,2
22,24,2
22,23,1
22,24,2
22,24,2
22,24,2
22,24,2
22,23,1
22,24,2
22,23,1
22,24,2
22,24,2
22,24,2
22,24,2
22,24,2
22,24,2
22,25,3
22,25,3
22,25,3
22,25,3
22,25,3
22,25,3
22,25,3
22,25,3
22,25,3
22,25,3
22,26,4
22,26,4
22,26,4
22,26,4
22,26,4
22,26,4
22,26,4
22,26,4
22,26,4
22,26,4
22,26,4
22,27,5
22,27,5
22,27,5
22,26,4
22,26,4
22,26,4
22,25,3
22,25,3
22,25,3
22,25,3
22,25,3
22,25,3
22,25,3
22,25,3
22,25,3
22,25,3
22,25,3
22,25,3
22,24,2
22,25,3
22,25,3
22,25,3
22,25,3
22,25,3
22,25,3
22,25,3
22,25,3
22,25,3
22,25,3
22,25,3
22,25,3
22,25,3
22,24,2
22,25,3
22,25,3
22,25,3
22,25,3
22,25,3
22,25,3
22,25,3
22,25,3
22,24,2
22,24,2
22,23,1
22,24,2
22,24,2
22,24,2
22,24,2
22,24,2
22,24,2
22,24,2
22,23,1
22,24,2
23,25,2
23,25,2
23,25,2
23,25,2
23,25,2
23,25,2
23,25,2
23,25,2
23,25,2
23,25,2
23,25,2
23,25,2
23,24,1
22,24,2
22,24,2
22,24,2
22,24,2
22,24,2
22,24,2
22,24,2
22,24,2
22,24,2
22,24,2
23,25,2
23,25,2
23,25,2
23,25,2
23,25,2
23,26,3
23,26,3
24,27,3
24,27,3
24,27,3
24,27,3
24,27,3
24,27,3
24,27,3
24,27,3
24,27,3
24,27,3
24,26,2
24,26,2
24,26,2
24,26,2
24,25,1
24,26,2
24,26,2
24,26,2
24,26,2
24,26,2
24,26,2
24,26,2
24,26,2
24,26,2
25,27,2
25,27,2
25,27,2
25,27,2
25,27,2
25,26,1
24,26,2
24,26,2
24,26,2
24,26,2
24,26,2
24,26,2
24,26,2
24,26,2
24,26,2
24,26,2
24,26,2
24,26,2
24,26,2
24,25,1
24,24,0
24,25,1
24,25,1
24,25,1
24,25,1
24,25,1
24,25,1
24,24,0
24,25,1
24,24,0
24,25,1
24,25,1
24,25,1
24,25,1
24,25,1
25,26,1
25,26,1
25,26,1
25,26,1
25,26,1
25,25,0
24,25,1
24,24,0
24,25,1
24,25,1
24,25,1
24,24,0
24,25,1
24,25,1
24,25,1
24,25,1
24,25,1
24,25,1
24,25,1
24,25,1
24,25,1
24,24,0
24,25,1
24,25,1
24,25,1
24,25,1
24,25,1
24,25,1
24,25,1
24,25,1
24,25,1
24,25,1
24,25,1
24,25,1
24,25,1
24,25,1
24,25,1
24,25,1
24,25,1
24,25,1
24,25,1
24,25,1
24,25,1
24,25,1
24,25,1
24,25,1
24,25,1
24,25,1
24,25,1
24,24,0
23,24,1
23,24,1
23,24,1
23,24,1
23,24,1
23,24,1
23,24,1
23,24,1
23,24,1
23,24,1
23,24,1
23,23,0
23,23,0
23,24,1
23,24,1
23,24,1
23,24,1
23,24,1
23,24,1
23,24,1
23,24,1
23,23,0
23,24,1
23,24,1
23,24,1
23,24,1
24,25,1
24,25,1
24,25,1
24,25,1
24,25,1
24,24,0
23,24,1
23,24,1
23,24,1
23,24,1
23,24,1
23,24,1
23,24,1
23,24,1
23,24,1
23,24,1
23,24,1
23,24,1
23,24,1
23,24,1
23,24,1
23,24,1
23,24,1
23,24,1
23,23,0
23,24,1
23,24,1
23,24,1
23,24,1
23,24,1
23,24,1
23,24,1
23,24,1
24,24,0
23,23,0
22,22,0
22,23,1
22,23,1
22,23,1
22,23,1
22,23,1
22,23,1
22,22,0
22,23,1
22,23,1
22,23,1
22,23,1
22,22,0
22,22,0
22,23,1
22,22,0
22,23,1
22,23,1
22,23,1
22,23,1
22,23,1
22,22,0
22,23,1
22,23,1
22,23,1
22,23,1
22,23,1
22,23,1
22,23,1
22,23,1
22,23,1
22,23,1
22,23,1
22,23,1
22,23,1
22,23,1
22,23,1
22,23,1
22,23,1
22,23,1
22,23,1
22,23,1
22,23,1
22,23,1
22,23,1
22,23,1
22,23,1
22,23,1
22,23,1
22,23,1
22,23,1
22,23,1
22,23,1
22,23,1
22,23,1
22,23,1
22,23,1
22,23,1
22,23,1
22,23,1
22,23,1
23,24,1
23,24,1
23,24,1
23,23,0
22,23,1
22,23,1
22,23,1
22,22,0
22,23,1
22,23,1
22,23,1
22,23,1
22,23,1
22,23,1
22,23,1
22,23,1
22,23,1
22,22,0
22,23,1
22,23,1
22,23,1
22,23,1
22,22,0
21,21,0
21,22,1
21,22,1
21,22,1
21,21,0
21,22,1
21,22,1
21,22,1
21,22,1
21,22,1
21,22,1
21,22,1
21,22,1
21,22,1
21,22,1
21,22,1
21,22,1
21,21,0
21,22,1
21,22,1
21,22,1
21,22,1
21,22,1
21,22,1
21,22,1
21,22,1
21,22,1
21,22,1
21,22,1
21,22,1
21,22,1
21,22,1
21,21,0
21,22,1
21,22,1
21,22,1
21,22,1
21,22,1
21,22,1
21,22,1
21,22,1
21,22,1
21,22,1
21,22,1
21,22,1
21,22,1
21,22,1
21,22,1
21,22,1
21,22,1
21,22,1
21,22,1
21,22,1
21,22,1
21,22,1
21,21,0
21,22,1
21,22,1
21,22,1
21,22,1
21,22,1
21,22,1
21,22,1
21,22,1
21,22,1
21,22,1
21,22,1
21,22,1
21,22,1
22,23,1
22,23,1
22,23,1
22,23,1
22,22,0
21,22,1
21,22,1
21,21,0
21,22,1
21,22,1
21,22,1
21,21,0
21,22,1
21,22,1
21,22,1
21,22,1
21,22,1
21,22,1
22,23,1
22,23,1
22,23,1
22,23,1
22,23,1
21,23,2
21,23,2
21,22,1
21,22,1
21,22,1
21,22,1
21,22,1
21,22,1
21,22,1
21,22,1
21,22,1
21,22,1
21,21,0
21,22,1
21,22,1
21,22,1
21,22,1
21,22,1
21,22,1
21,22,1
21,22,1
21,22,1
21,22,1
21,22,1
21,22,1
21,22,1
21,22,1
21,22,1
21,22,1
21,22,1
21,22,1
21,22,1
21,22,1
21,22,1
21,22,1
21,22,1
21,22,1
21,22,1
21,21,0
21,22,1
21,22,1
21,22,1
21,22,1
21,22,1
21,22,1
21,22,1
21,22,1
21,21,0
21,22,1
21,22,1
21,22,1
21,22,1
21,21,0
21,21,0
21,22,1
21,22,1
21,22,1
21,21,0
21,22,1
21,22,1
21,22,1
21,22,1
21,22,1
21,22,1
21,22,1
21,22,1
21,22,1
21,22,1
21,21,0
21,22,1
21,22,1
21,22,1
21,22,1
21,22,1
21,22,1
21,22,1
21,22,1
21,22,1
21,21,0
21,22,1
21,22,1
21,22,1
21,22,1
21,23,2
21,23,2
21,22,1
21,22,1
21,22,1
21,22,1
21,22,1
21,22,1
21,22,1
21,22,1
21,22,1
21,22,1
21,22,1
21,22,1
21,22,1
21,22,1
21,22,1
21,22,1
21,22,1
21,22,1
21,21,0
21,22,1
21,22,1
21,22,1
21,21,0
21,22,1
21,22,1
21,22,1
21,22,1
21,22,1
21,22,1
21,22,1
21,22,1
21,22,1
21,22,1
21,22,1
21,22,1
21,22,1
21,22,1
21,22,1
21,22,1
21,22,1
21,22,1
22,23,1
22,23,1
22,23,1
22,23,1
22,23,1
22,23,1
22,23,1
22,23,1
22,23,1
22,23,1
22,23,1
22,23,1
22,23,1
22,23,1
23,23,0
22,22,0
22,23,1
22,24,2
22,24,2
22,24,2
22,24,2
22,24,2
22,24,2
22,24,2
22,24,2
22,24,2
22,23,1
22,24,2
22,24,2
22,24,2
22,24,2
22,24,2
22,24,2
22,24,2
22,24,2
22,24,2
22,24,2
22,24,2
22,24,2
22,24,2
22,24,2
22,24,2
22,24,2
23,25,2
23,24,1
23,25,2
23,25,2
23,25,2
23,25,2
23,25,2
23,25,2
23,25,2
23,25,2
23,25,2
23,25,2
23,25,2
23,25,2
23,25,2
23,25,2
23,25,2
23,25,2
23,25,2
23,25,2
23,25,2
23,25,2
23,25,2
23,25,2
23,25,2
23,25,2
23,25,2
23,25,2
23,25,2
23,25,2
24,26,2
24,26,2
24,26,2
24,26,2
24,25,1
24,26,2
24,26,2
24,25,1
23,25,2
23,25,2
23,25,2
23,25,2
23,25,2
23,25,2
23,25,2
23,25,2
23,25,2
23,25,2
23,25,2
23,25,2
23,25,2
23,25,2
23,25,2
23,25,2
23,25,2
23,25,2
23,25,2
23,25,2
23,25,2
23,25,2
23,25,2
23,25,2
23,25,2
23,25,2
23,25,2
23,25,2
23,25,2
23,25,2
23,25,2
23,25,2
23,24,1
23,25,2
23,25,2
23,25,2
23,24,1
22,24,2
22,24,2
22,24,2
22,24,2
22,24,2
22,24,2
22,24,2
22,24,2
22,23,1
22,24,2
22,24,2
22,24,2
22,24,2
22,24,2
22,24,2
22,24,2
22,23,1
21,23,2
21,23,2
21,23,2
21,22,1
21,23,2
21,23,2
21,22,1
21,23,2
21,22,1
21,23,2
21,23,2
21,24,3
21,24,3
21,24,3
21,23,2
21,24,3
21,24,3
21,24,3
21,23,2
21,24,3
21,24,3
21,24,3
21,24,3
22,25,3
22,25,3
22,25,3
22,25,3
22,24,2
21,24,3
21,24,3
21,24,3
21,24,3
21,24,3
21,24,3
21,24,3
21,24,3
21,23,2
21,23,2
21,24,3
21,23,2
21,24,3
21,24,3
22,25,3
22,25,3
22,25,3
22,25,3
22,24,2
22,25,3
22,25,3
22,25,3
22,25,3
22,25,3
22,25,3
22,25,3
22,24,2
21,24,3
21,24,3
21,24,3
21,24,3
21,24,3
21,23,2
21,24,3
21,24,3
21,24,3
21,24,3
21,24,3
21,23,2
21,23,2
21,23,2
21,22,1
21,23,2
21,23,2
21,23,2
21,23,2
21,23,2
21,23,2
21,23,2
21,23,2
21,23,2
21,23,2
21,24,3
21,24,3
21,24,3
21,23,2
21,23,2
21,23,2
21,23,2
21,23,2
21,23,2
21,23,2
21,23,2
21,23,2
21,23,2
21,23,2
21,22,1
21,22,1
21,22,1
21,23,2
21,22,1
21,23,2
22,24,2
22,24,2
22,24,2
22,24,2
22,24,2
22,24,2
23,25,2
23,25,2
23,25,2
23,25,2
23,24,1
22,24,2
22,24,2
22,24,2
22,23,1
21,23,2
21,22,1
21,23,2
21,23,2
21,23,2
21,23,2
21,23,2
21,23,2
21,23,2
21,23,2
21,22,1
21,22,1
21,22,1
21,22,1
21,22,1
21,22,1
21,22,1
21,22,1
21,22,1
21,23,2
21,23,2
21,23,2
21,23,2
21,22,1
21,22,1
21,22,1
21,22,1
21,22,1
21,22,1
21,21,0
20,21,1
20,21,1
20,22,2
20,22,2
20,21,1
20,21,1
20,20,0
20,21,1
20,21,1
20,21,1
20,21,1
20,21,1
20,21,1
20,21,1
20,20,0
20,21,1
20,21,1
20,21,1
20,21,1
20,21,1
20,21,1
20,21,1
20,21,1
20,21,1
20,20,0
20,21,1
20,21,1
20,21,1
20,20,0
19,20,1
19,20,1
19,20,1
19,20,1
19,20,1
19,20,1
19,20,1
19,20,1
19,20,1
19,20,1
19,20,1
19,20,1
19,20,1
19,20,1
19,20,1
19,20,1
19,20,1
19,20,1
19,20,1
19,20,1
19,20,1
19,20,1
19,20,1
19,19,0
19,20,1
19,19,0
19,20,1
19,20,1
19,20,1
19,20,1
19,20,1
19,20,1
19,20,1
19,20,1
19,20,1
19,20,1
19,20,1
19,20,1
19,20,1
19,19,0
19,20,1
19,20,1
19,20,1
19,19,0
19,20,1
19,20,1
19,20,1
19,20,1
19,20,1
19,20,1
19,20,1
19,19,0
18,19,1
18,19,1
18,19,1
18,19,1
18,19,1
18,19,1
18,19,1
18,19,1
18,19,1
18,19,1
18,19,1
18,19,1
18,19,1
18,19,1
18,19,1
18,19,1
18,19,1
18,19,1
18,19,1
18,19,1
18,19,1
18,19,1
18,19,1
18,19,1
18,19,1
18,19,1
18,19,1
18,19,1
18,19,1
18,19,1
18,19,1
18,18,0
17,18,1
17,18,1
17,18,1
17,18,1
17,18,1
17,18,1
17,18,1
17,18,1
17,18,1
17,18,1
17,19,2
17,19,2
17,18,1
18,19,1
18,19,1
17,18,1
17,18,1
17,18,1
17,18,1
17,18,1
17,18,1
17,18,1
17,18,1
17,19,2
17,19,2
17,18,1
17,17,0
17,18,1
17,18,1
17,18,1
17,18,1
17,17,0
17,18,1
17,18,1
17,18,1
17,17,0
16,17,1
16,16,0
16,17,1
16,17,1
16,17,1
16,17,1
16,17,1
16,17,1
16,17,1
16,17,1
16,17,1
16,17,1
16,17,1
16,17,1
16,17,1
16,17,1
16,17,1
16,17,1
16,17,1
16,17,1
16,17,1
16,17,1
16,17,1
16,18,2
16,18,2
16,18,2
16,18,2
16,18,2
16,18,2
16,18,2
16,18,2
16,18,2
16,18,2
16,18,2
16,18,2
16,18,2
16,18,2
16,18,2
16,18,2
16,18,2
16,18,2
16,18,2
16,18,2
16,18,2
16,17,1
16,17,1
16,17,1
16,17,1
16,17,1
16,17,1
16,17,1
16,17,1
16,17,1
16,17,1
16,17,1
16,17,1
16,17,1
16,17,1
16,17,1
16,17,1
16,17,1
16,17,1
16,17,1
16,17,1
16,17,1
16,16,0
16,17,1
16,17,1
16,17,1
16,17,1
16,17,1
16,17,1
16,17,1
16,17,1
16,17,1
16,17,1
16,17,1
16,17,1
16,17,1
16,17,1
16,17,1
16,17,1
16,17,1
16,17,1
16,17,1
16,17,1
16,17,1
16,17,1
16,17,1
16,17,1
16,17,1
17,18,1
17,18,1
18,19,1
19,19,0
18,19,1
18,19,1
18,19,1
18,19,1
18,19,1
18,19,1
18,19,1
18,18,0
17,17,0
16,17,1
16,17,1
16,17,1
16,17,1
16,17,1
16,17,1
16,17,1
16,17,1
16,17,1
16,17,1
16,17,1
16,17,1
16,17,1
16,17,1
16,17,1
16,17,1
16,17,1
16,17,1
16,17,1
16,17,1
16,17,1
16,17,1
16,16,0
16,17,1
16,17,1
16,17,1
16,17,1
16,17,1
16,17,1
16,17,1
16,17,1
16,17,1
16,16,0
16,17,1
16,17,1
16,17,1
16,17,1
16,17,1
17,18,1
17,18,1
17,18,1
17,17,0
16,17,1
16,17,1
16,17,1
16,18,2
16,18,2
16,18,2
16,18,2
16,18,2
16,18,2
16,17,1
16,17,1
16,17,1
16,17,1
16,17,1
16,17,1
17,18,1
17,18,1
17,18,1
17,17,0
16,17,1
16,17,1
16,17,1
16,17,1
16,17,1
16,17,1
16,17,1
16,17,1
16,17,1
16,16,0
15,16,1
15,16,1
15,16,1
15,16,1
15,16,1
15,16,1
15,16,1
15,16,1
15,16,1
15,16,1
15,16,1
15,16,1
15,16,1
15,16,1
15,16,1
15,16,1
15,16,1
15,16,1
15,16,1
15,16,1
15,16,1
15,16,1
15,16,1
15,16,1
15,16,1
15,16,1
15,16,1
15,15,0
15,16,1
15,16,1
15,15,0
14,15,1
14,14,0
14,15,1
14,15,1
14,15,1
14,15,1
14,15,1
14,15,1
14,15,1
14,15,1
14,15,1
14,15,1
14,15,1
14,15,1
14,16,2
14,16,2
14,16,2
14,16,2
14,16,2
14,16,2
14,16,2
14,16,2
14,16,2
14,16,2
14,16,2
14,16,2
14,16,2
14,16,2
14,16,2
14,16,2
14,16,2
14,16,2
14,16,2
14,16,2
14,16,2
14,16,2
14,16,2
14,16,2
14,16,2
14,16,2
14,16,2
14,16,2
14,16,2
14,16,2
14,16,2
14,16,2
14,16,2
14,16,2
14,16,2
14,16,2
14,16,2
14,16,2
14,16,2
14,16,2
14,16,2
14,16,2
14,16,2
14,16,2
14,16,2
14,15,1
14,15,1
14,14,0
14,15,1
14,15,1
14,15,1
14,15,1
14,15,1
14,15,1
14,15,1
14,15,1
14,15,1
14,15,1
14,15,1
14,15,1
14,15,1
14,15,1
14,15,1
14,15,1
14,15,1
14,15,1
14,15,1
14,15,1
14,15,1
14,15,1
14,15,1
14,15,1
14,15,1
14,15,1
14,15,1
14,15,1
14,15,1
14,15,1
14,15,1
14,15,1
14,15,1
14,15,1
14,15,1
14,15,1
14,15,1
14,15,1
14,15,1
15,16,1
15,16,1
15,16,1
15,16,1
15,16,1
15,16,1
15,16,1
15,16,1
15,16,1
15,15,0
14,15,1
14,15,1
14,15,1
14,15,1
14,15,1
14,15,1
14,15,1
14,15,1
14,15,1
14,15,1
14,15,1
14,14,0
14,15,1
14,16,2
14,16,2
14,16,2
14,16,2
14,16,2
14,16,2
14,15,1
14,16,2
14,16,2
14,16,2
14,16,2
14,16,2
14,16,2
14,16,2
14,16,2
14,16,2
14,16,2
14,16,2
14,16,2
14,16,2
14,16,2
14,16,2
14,17,3
14,17,3
15,18,3
15,18,3
15,18,3
15,18,3
15,18,3
15,18,3
15,18,3
15,18,3
15,18,3
15,18,3
15,17,2
14,17,3
14,17,3
14,17,3
14,17,3
14,17,3
14,17,3
14,17,3
15,18,3
15,18,3
15,18,3
15,18,3
15,18,3
15,18,3
15,18,3
15,18,3
15,18,3
15,18,3
15,17,2
14,17,3
14,16,2
14,17,3
14,16,2
14,17,3
14,17,3
14,17,3
14,17,3
14,17,3
14,17,3
14,17,3
14,17,3
14,17,3
14,17,3
14,17,3
14,17,3
14,17,3
14,17,3
14,16,2
14,16,2
14,16,2
14,16,2
14,16,2
14,15,1
14,15,1
14,16,2
14,16,2
14,16,2
14,16,2
14,16,2
14,15,1
14,16,2
14,16,2
14,16,2
14,16,2
14,16,2
14,16,2
14,16,2
14,16,2
14,15,1
14,16,2
14,15,1
14,14,0
14,15,1
14,15,1
14,15,1
14,15,1
14,15,1
14,15,1
14,15,1
14,14,0
14,15,1
14,15,1
14,15,1
14,15,1
14,15,1
14,15,1
14,15,1
14,15,1
14,15,1
14,15,1
14,15,1
14,15,1
14,15,1
14,15,1
14,15,1
14,15,1
14,15,1
14,15,1
14,16,2
14,15,1
14,15,1
14,15,1
15,15,0
14,15,1
14,15,1
14,15,1
14,15,1
14,14,0
14,15,1
14,15,1
14,15,1
14,15,1
14,15,1
14,15,1
14,15,1
14,15,1
14,15,1
14,15,1
14,15,1
14,15,1
14,15,1
14,15,1
14,16,2
14,16,2
14,16,2
14,16,2
14,16,2
14,16,2
14,16,2
14,16,2
14,16,2
14,16,2
14,16,2
14,15,1
14,15,1
14,15,1
14,15,1
14,15,1
14,16,2
14,16,2
14,16,2
14,16,2
14,16,2
14,16,2
14,15,1
14,15,1
14,15,1
14,15,1
14,15,1
14,15,1
14,15,1
14,15,1
14,15,1
14,15,1
14,15,1
14,15,1
14,15,1
14,14,0
13,14,1
13,14,1
13,14,1
13,14,1
13,15,2
13,15,2
13,15,2
13,15,2
13,15,2
13,15,2
13,15,2
13,15,2
13,15,2
13,15,2
13,15,2
13,15,2
13,15,2
13,15,2
13,15,2
13,15,2
13,14,1
13,13,0
13,14,1
13,14,1
13,14,1
13,14,1
13,14,1
13,14,1
13,14,1
13,14,1
13,14,1
13,14,1
13,14,1
13,14,1
13,14,1
13,13,0
12,13,1
12,13,1
12,13,1
12,13,1
12,13,1
12,13,1
12,13,1
12,13,1
12,12,0
12,13,1
12,13,1
12,13,1
12,13,1
12,13,1
12,13,1
12,13,1
12,13,1
12,13,1
12,13,1
12,13,1
12,13,1
12,13,1
12,13,1
12,13,1
12,13,1
12,13,1
13,14,1
13,14,1
13,14,1
13,14,1
13,14,1
13,14,1
13,14,1
13,14,1
13,14,1
13,14,1
13,14,1
13,14,1
13,13,0
12,13,1
12,12,0
11,12,1
11,12,1
11,12,1
11,12,1
11,12,1
11,12,1
11,12,1
11,12,1
11,12,1
11,11,0
11,12,1
11,12,1
11,12,1
11,12,1
11,12,1
11,12,1
11,12,1
11,11,0
11,11,0
11,12,1
11,12,1
11,12,1
11,12,1
11,12,1
11,12,1
11,12,1
11,12,1
11,12,1
11,12,1
11,12,1
11,12,1
11,12,1
11,12,1
11,12,1
11,12,1
11,12,1
11,12,1
11,12,1
11,12,1
11,12,1
11,12,1
11,12,1
11,12,1
11,12,1
11,13,2
11,13,2
11,13,2
11,13,2
11,13,2
11,13,2
11,12,1
11,12,1
11,12,1
11,12,1
11,12,1
11,12,1
11,12,1
11,12,1
11,12,1
11,12,1
11,12,1
11,12,1
11,12,1
11,12,1
11,12,1
11,12,1
11,12,1
11,12,1
11,12,1
11,12,1
11,12,1
11,12,1
11,12,1
11,12,1
11,12,1
11,12,1
11,12,1
11,12,1
11,12,1
11,11,0
11,12,1
11,12,1
11,12,1
11,12,1
11,12,1
11,12,1
11,12,1
11,11,0
10,11,1
10,11,1
10,10,0
10,11,1
10,11,1
10,11,1
10,10,0
10,11,1
10,11,1
10,11,1
10,11,1
10,11,1
10,11,1
10,11,1
10,10,0
10,11,1
10,11,1
10,11,1
10,11,1
10,11,1
10,11,1
10,10,0
10,11,1
10,10,0
10,11,1
10,11,1
10,11,1
10,11,1
11,12,1
11,12,1
11,11,0
10,11,1
10,11,1
11,12,1
12,13,1
12,13,1
12,13,1
12,13,1
12,13,1
12,13,1
12,13,1
12,13,1
12,13,1
12,12,0
12,13,1
12,13,1
12,13,1
12,13,1
12,13,1
12,12,0
11,11,0
10,11,1
10,11,1
10,11,1
10,11,1
10,11,1
10,11,1
10,11,1
10,11,1
10,11,1
10,10,0
9,10,1
9,10,1
9,10,1
9,11,2
9,11,2
9,11,2
9,11,2
9,11,2
9,10,1
10,11,1
10,11,1
10,11,1
10,11,1
10,11,1
10,11,1
10,11,1
10,11,1
10,11,1
10,11,1
10,11,1
10,11,1
10,11,1
10,11,1
10,11,1
10,11,1
10,11,1
10,10,0
10,11,1
10,11,1
10,11,1
10,11,1
10,11,1
10,11,1
10,11,1
10,11,1
10,11,1
10,11,1
10,11,1
10,11,1
10,11,1
10,11,1
10,11,1
10,10,0
10,11,1
10,11,1
10,10,0
9,10,1
9,10,1
9,10,1
9,10,1
9,10,1
9,10,1
9,10,1
9,10,1
9,10,1
9,9,0
9,10,1
9,10,1
9,10,1
9,10,1
9,10,1
9,10,1
9,10,1
9,10,1
9,10,1
9,10,1
9,9,0
9,10,1
9,9,0
9,10,1
9,10,1
9,10,1
9,10,1
9,9,0
9,10,1
10,11,1
10,11,1
10,11,1
10,11,1
10,11,1
10,11,1
10,11,1
10,11,1
10,11,1
10,11,1
10,10,0
9,10,1
9,10,1
9,10,1
9,9,0
9,10,1
9,10,1
9,10,1
9,10,1
9,10,1
9,10,1
9,11,2
9,11,2
9,11,2
9,11,2
9,11,2
9,11,2
9,11,2
9,11,2
9,11,2
9,11,2
9,11,2
9,12,3
9,12,3
9,12,3
9,12,3
9,12,3
9,12,3
9,12,3
9,12,3
9,11,2
9,11,2
9,11,2
9,10,1
9,10,1
9,10,1
9,10,1
9,10,1
9,10,1
9,10,1
9,10,1
9,10,1
9,10,1
9,10,1
9,10,1
9,10,1
9,10,1
9,10,1
9,9,0
9,10,1
9,10,1
9,10,1
9,10,1
9,9,0
9,10,1
9,10,1
9,10,1
9,10,1
9,10,1
9,10,1
9,10,1
9,10,1
9,9,0
9,10,1
9,10,1
9,10,1
9,10,1
9,10,1
9,10,1
9,10,1
9,10,1
9,10,1
9,10,1
9,10,1
9,10,1
9,10,1
9,10,1
9,10,1
9,10,1
9,10,1
9,10,1
9,10,1
9,10,1
9,10,1
9,10,1
9,10,1
9,10,1
9,10,1
9,10,1
9,10,1
9,10,1
9,10,1
9,10,1
9,10,1
9,9,0
9,10,1
9,10,1
9,9,0
9,10,1
9,10,1
9,10,1
9,10,1
9,10,1
9,10,1
9,10,1
9,10,1
9,10,1
9,10,1
9,10,1
9,10,1
9,10,1
9,10,1
9,10,1
9,10,1
9,10,1
9,10,1
9,10,1
9,10,1
9,10,1
9,9,0
9,10,1
9,10,1
9,9,0
9,10,1
9,10,1
9,9,0
8,8,0
8,9,1
8,9,1
8,9,1
8,9,1
8,9,1
8,9,1
8,9,1
8,9,1
8,9,1
8,9,1
8,9,1
8,9,1
8,9,1
8,9,1
8,9,1
8,9,1
8,9,1
8,9,1
8,9,1
8,10,2
8,10,2
8,10,2
8,10,2
8,10,2
8,10,2
8,10,2
8,10,2
8,10,2
8,10,2
8,10,2
8,10,2
8,10,2
8,10,2
8,10,2
8,10,2
8,10,2
8,10,2
8,10,2
8,10,2
8,10,2
8,10,2
8,10,2
8,10,2
8,10,2
8,10,2
8,10,2
8,10,2
8,10,2
8,10,2
8,10,2
8,10,2
8,9,1
8,9,1
8,9,1
8,9,1
8,9,1
8,9,1
8,9,1
8,9,1
8,9,1
8,8,0
8,9,1
8,9,1
8,9,1
8,9,1
8,9,1
8,9,1
8,9,1
8,9,1
8,9,1
8,9,1
8,8,0
8,8,0
8,9,1
8,9,1
8,9,1
8,9,1
8,9,1
8,8,0
7,8,1
7,8,1
7,8,1
7,8,1
7,8,1
7,8,1
7,8,1
7,8,1
7,8,1
7,8,1
7,8,1
7,8,1
7,8,1
7,8,1
7,8,1
7,7,0
6,7,1
6,7,1
6,7,1
6,7,1
6,7,1
6,7,1
6,7,1
6,8,2
6,8,2
6,8,2
6,8,2
6,8,2
6,8,2
6,8,2
6,8,2
6,8,2
6,8,2
6,8,2
6,8,2
6,8,2
6,8,2
7,9,2
8,10,2
8,10,2
8,9,1
8,9,1
8,9,1
8,8,0
7,8,1
7,7,0
6,7,1
6,7,1
6,7,1
6,7,1
6,6,0
6,7,1
6,7,1
6,6,0
6,7,1
6,7,1
6,7,1
6,6,0
6,7,1
6,7,1
6,7,1
6,7,1
6,7,1
6,7,1
6,7,1
6,7,1
6,7,1
6,7,1
6,7,1
6,7,1
6,7,1
6,7,1
6,7,1
6,7,1
6,7,1
6,7,1
7,8,1
7,8,1
7,8,1
7,8,1
7,8,1
7,7,0
6,7,1
6,7,1
6,7,1
6,7,1
6,7,1
6,7,1
6,7,1
6,7,1
6,7,1
6,6,0
5,6,1
5,6,1
6,7,1
6,7,1
6,6,0
5,5,0
5,6,1
5,6,1
5,6,1
5,6,1
5,5,0
5,5,0
5,5,0
5,6,1
5,6,1
5,6,1
6,7,1
6,7,1
6,7,1
6,7,1
6,7,1
6,7,1
6,7,1
6,6,0
5,6,1
5,6,1
5,6,1
5,6,1
5,5,0
5,6,1
5,6,1
5,6,1
5,6,1
5,6,1
5,6,1
5,6,1
5,6,1
5,6,1
5,6,1
5,6,1
5,6,1
5,6,1
5,6,1
5,6,1
5,6,1
5,6,1
5,6,1
6,7,1
6,7,1
6,7,1
6,7,1
6,7,1
6,7,1
6,7,1
6,7,1
6,7,1
6,7,1
6,7,1
6,7,1
6,7,1
6,7,1
6,7,1
6,7,1
6,6,0
5,6,1
5,6,1
5,6,1
5,6,1
5,6,1
5,6,1
5,6,1
5,6,1
5,6,1
5,6,1
5,6,1
5,6,1
5,5,0
4,5,1
4,5,1
4,5,1
5,6,1
5,6,1
5,6,1
5,6,1
5,5,0
4,5,1
4,5,1
4,5,1
4,5,1
4,5,1
4,5,1
4,5,1
4,4,0
4,5,1
4,5,1
4,5,1
4,5,1
4,4,0
4,5,1
4,5,1
4,5,1
4,5,1
4,4,0
4,5,1
4,5,1
4,5,1
4,5,1
4,5,1
4,5,1
4,5,1
4,5,1
4,5,1
4,5,1
4,5,1
4,5,1
4,5,1
4,5,1
4,5,1
4,5,1
4,5,1
4,4,0
4,5,1
4,4,0
4,5,1
4,5,1
4,5,1
4,5,1
4,5,1
4,4,0
4,4,0
4,5,1
4,5,1
4,5,1
4,5,1
4,5,1
4,5,1
4,4,0
4,5,1
4,5,1
4,5,1
4,5,1
4,5,1
4,5,1
4,4,0
4,5,1
4,4,0
4,4,0
4,4,0
4,5,1
4,5,1
4,5,1
4,5,1
4,5,1
4,5,1
4,5,1
5,6,1
5,6,1
5,6,1
5,5,0
5,6,1
5,6,1
5,6,1
5,5,0
5,6,1
5,6,1
5,5,0
5,6,1
5,6,1
5,6,1
5,5,0
5,6,1
5,6,1
5,6,1
5,6,1
5,6,1
6,7,1
6,7,1
6,7,1
6,7,1
6,7,1
6,7,1
6,7,1
6,7,1
6,7,1
6,7,1
6,7,1
6,7,1
6,7,1
6,7,1
6,7,1
6,7,1
6,7,1
6,7,1
6,7,1
6,7,1
6,7,1
6,7,1
6,7,1
6,6,0
6,7,1
6,6,0
6,7,1
6,7,1
6,7,1
6,7,1
6,7,1
6,7,1
6,7,1
6,7,1
6,6,0
6,7,1
6,7,1
6,7,1
6,7,1
6,7,1
6,7,1
6,7,1
6,7,1
6,7,1
6,7,1
6,7,1
6,7,1
6,8,2
6,8,2
6,7,1
6,8,2
6,8,2
6,8,2
6,8,2
6,8,2
6,8,2
6,8,2
7,9,2
7,9,2
7,9,2
7,9,2
7,9,2
7,9,2
7,8,1
7,8,1
7,7,0
7,8,1
7,8,1
7,7,0
7,8,1
7,7,0
7,7,0
7,7,0
7,8,1
7,8,1
7,8,1
7,8,1
7,8,1
7,8,1
7,8,1
7,8,1
7,8,1
7,8,1
7,8,1
7,8,1
7,8,1
7,8,1
7,7,0
7,8,1
7,8,1
7,8,1
7,8,1
7,8,1
7,8,1
7,8,1
7,8,1
7,8,1
7,8,1
7,8,1
7,8,1
7,8,1
7,8,1
7,8,1
7,8,1
7,8,1
7,7,0
7,8,1
7,8,1
7,8,1
7,8,1
7,8,1
7,8,1
8,9,1
8,9,1
8,8,0
7,8,1
7,8,1
7,8,1
7,8,1
7,8,1
8,9,1
9,10,1
9,9,0
8,8,0
7,8,1
7,8,1
7,8,1
7,8,1
7,8,1
7,8,1
7,8,1
7,8,1
7,8,1
7,8,1
7,8,1
7,8,1
7,8,1
7,8,1
7,8,1
7,8,1
7,8,1
7,8,1
7,8,1
7,8,1
7,8,1
7,8,1
7,8,1
7,8,1
7,8,1
7,8,1
7,7,0
7,8,1
7,8,1
7,7,0
7,8,1
7,8,1
7,8,1
7,8,1
7,9,2
7,9,2
7,9,2
7,9,2
7,9,2
7,9,2
7,8,1
7,8,1
7,7,0
7,8,1
7,8,1
7,8,1
7,8,1
7,8,1
7,8,1
7,7,0
7,8,1
7,8,1
7,8,1
7,8,1
7,8,1
7,8,1
7,8,1
7,8,1
7,8,1
7,8,1
7,8,1
7,8,1
7,8,1
7,8,1
7,8,1
7,8,1
7,8,1
7,8,1
7,7,0
7,8,1
7,8,1
7,8,1
7,7,0
6,7,1
6,7,1
6,7,1
6,6,0
6,7,1
6,7,1
6,7,1
6,7,1
6,7,1
6,7,1
6,7,1
6,7,1
6,7,1
6,7,1
6,7,1
6,7,1
6,7,1
6,6,0
6,7,1
6,7,1
6,7,1
6,7,1
6,7,1
6,7,1
6,7,1
6,8,2
6,8,2
6,8,2
6,7,1
6,7,1
6,8,2
6,8,2
6,8,2
6,9,3
6,8,2
6,8,2
6,7,1
6,7,1
6,7,1
6,7,1
6,7,1
6,7,1
6,7,1
6,7,1
7,8,1
7,8,1
7,8,1
7,8,1
7,8,1
7,8,1
7,8,1
7,8,1
7,8,1
7,8,1
7,8,1
7,8,1
7,8,1
7,8,1
7,8,1
8,8,0
7,8,1
7,8,1
7,8,1
7,8,1
7,8,1
7,8,1
7,8,1
7,8,1
7,8,1
7,8,1
7,7,0
7,8,1
7,8,1
7,8,1
7,8,1
7,8,1
7,8,1
7,8,1
7,8,1
7,8,1
7,8,1
7,8,1
7,7,0
7,8,1
7,8,1
7,8,1
7,8,1
7,8,1
7,8,1
7,8,1
7,8,1
7,9,2
7,8,1
8,9,1
8,9,1
8,8,0
7,8,1
7,8,1
7,8,1
7,8,1
7,8,1
7,8,1
7,8,1
7,8,1
7,8,1
7,8,1
7,8,1
7,8,1
7,8,1
7,8,1
7,8,1
7,8,1
7,8,1
7,8,1
7,8,1
7,8,1
7,8,1
7,7,0
7,8,1
7,8,1
7,8,1
7,8,1
7,8,1
7,8,1
7,8,1
7,8,1
7,8,1
7,8,1
7,8,1
7,8,1
7,8,1
7,8,1
7,8,1
7,8,1
7,8,1
7,8,1
7,8,1
7,8,1
7,8,1
7,8,1
7,8,1
7,7,0
7,8,1
7,8,1
7,8,1
7,8,1
7,8,1
7,8,1
7,8,1
7,8,1
7,7,0
7,8,1
7,8,1
7,8,1
7,8,1
7,8,1
7,7,0
7,7,0
7,8,1
7,8,1
7,8,1
7,7,0
7,8,1
7,8,1
7,7,0
6,7,1
6,7,1
6,7,1
6,6,0
6,7,1
6,7,1
6,7,1
6,6,0
6,7,1
6,7,1
6,7,1
6,7,1
6,7,1
6,7,1
6,7,1
6,7,1
6,6,0
6,6,0
5,6,1
5,6,1
5,6,1
5,6,1
5,6,1
5,6,1
5,6,1
5,6,1
5,6,1
5,6,1
5,6,1
5,6,1
5,6,1
5,6,1
5,6,1
5,6,1
5,6,1
5,6,1
5,6,1
5,5,0
5,6,1
5,6,1
5,6,1
5,6,1
5,6,1
5,6,1
5,6,1
5,6,1
5,6,1
5,6,1
5,6,1
5,6,1
5,6,1
5,6,1
5,6,1
5,6,1
5,6,1
5,6,1
5,6,1
5,6,1
5,6,1
5,6,1
5,6,1
5,6,1
5,6,1
5,6,1
5,6,1
5,6,1
5,6,1
5,6,1
5,6,1
5,6,1
5,6,1
5,6,1
5,6,1
5,5,0
5,6,1
5,6,1
5,6,1
5,6,1
5,6,1
5,6,1
5,6,1
5,6,1
5,5,0
5,6,1
5,6,1
5,6,1
5,6,1
5,6,1
6,7,1
6,7,1
6,7,1
6,6,0
6,7,1
6,7,1
6,7,1
6,6,0
5,6,1
5,6,1
5,6,1
5,6,1
5,6,1
5,6,1
5,6,1
5,6,1
5,6,1
5,6,1
5,6,1
5,6,1
5,5,0
5,6,1
5,6,1
5,6,1
5,6,1
5,6,1
5,6,1
5,6,1
5,5,0
5,6,1
5,6,1
5,6,1
5,6,1
5,6,1
5,6,1
5,6,1
5,6,1
5,6,1
5,6,1
5,6,1
5,6,1
5,6,1
5,6,1
5,6,1
5,6,1
5,6,1
5,6,1
5,6,1
5,6,1
5,6,1
5,6,1
5,6,1
5,6,1
5,6,1
5,6,1
5,5,0
5,6,1
5,6,1
5,6,1
5,6,1
5,6,1
5,6,1
5,6,1
5,6,1
6,7,1
6,7,1
6,7,1
6,7,1
6,7,1
6,7,1
6,7,1
6,7,1
6,7,1
6,7,1
6,6,0
5,6,1
5,5,0
5,6,1
5,6,1
5,7,2
5,7,2
5,7,2
5,7,2
5,7,2
5,7,2
5,7,2
5,7,2
5,7,2
5,6,1
5,7,2
5,6,1
5,7,2
5,7,2
6,8,2
6,8,2
6,8,2
6,8,2
6,7,1
5,6,1
5,7,2
5,6,1
5,7,2
5,7,2
5,7,2
5,7,2
5,7,2
5,7,2
5,7,2
5,7,2
5,7,2
5,7,2
5,7,2
5,6,1
5,7,2
6,8,2
6,8,2
6,8,2
6,8,2
6,8,2
6,8,2
6,8,2
6,8,2
6,8,2
6,8,2
6,8,2
6,8,2
6,7,1
6,7,1
6,7,1
6,7,1
6,7,1
6,7,1
6,7,1
6,7,1
6,7,1
6,7,1
6,7,1
6,7,1
6,7,1
6,7,1
6,7,1
6,7,1
6,7,1
6,7,1
6,7,1
6,7,1
6,7,1
6,7,1
6,7,1
6,7,1
6,7,1
6,7,1
6,7,1
6,7,1
6,7,1
6,7,1
6,7,1
6,7,1
6,7,1
6,7,1
6,7,1
6,7,1
6,7,1
6,7,1
6,6,0
5,5,0
4,5,1
4,5,1
4,5,1
4,4,0
3,4,1
3,4,1
3,3,0
3,4,1
3,4,1
3,4,1
3,4,1
3,4,1
3,4,1
3,4,1
3,4,1
3,3,0
3,4,1
3,4,1
3,4,1
3,4,1
3,4,1
3,4,1
3,4,1
3,4,1
3,4,1
3,4,1
3,4,1
3,3,0
3,4,1
3,4,1
3,4,1
3,4,1
3,4,1
3,3,0
3,4,1
3,4,1
3,4,1
3,4,1
3,4,1
3,4,1
3,4,1
3,4,1
3,4,1
3,4,1
3,4,1
3,4,1
3,3,0
3,4,1
3,4,1
3,4,1
3,4,1
3,5,2
3,5,2
3,5,2
3,5,2
3,4,1
3,4,1
3,4,1
3,4,1
3,4,1
3,4,1
3,4,1
3,4,1
3,5,2
3,5,2
3,5,2
4,6,2
4,6,2
4,6,2
4,5,1
4,5,1
4,5,1
4,5,1
4,5,1
4,5,1
4,5,1
4,4,0
4,5,1
4,4,0
4,5,1
4,5,1
4,5,1
4,5,1
4,5,1
4,5,1
4,5,1
4,5,1
4,5,1
4,4,0
3,4,1
3,3,0
3,3,0
3,4,1
3,4,1
3,4,1
3,3,0
3,4,1
3,5,2
3,5,2
3,5,2
3,5,2
3,5,2
3,5,2
3,5,2
3,4,1
3,5,2
3,5,2
3,5,2
3,5,2
3,4,1
3,4,1
3,5,2
3,4,1
3,4,1
3,3,0
3,4,1
3,4,1
3,4,1
3,4,1
3,4,1
3,4,1
3,4,1
3,4,1
3,4,1
3,4,1
3,4,1
3,4,1
3,4,1
3,4,1
3,4,1
3,4,1
3,4,1
3,3,0
3,4,1
3,4,1
3,4,1
3,3,0
3,4,1
3,4,1
4,4,0
3,4,1
3,3,0
3,4,1
3,4,1
3,4,1
3,4,1
3,4,1
3,4,1
3,4,1
3,4,1
3,4,1
3,4,1
3,4,1
3,4,1
3,4,1
3,4,1
4,5,1
4,5,1
4,5,1
4,5,1
4,5,1
4,5,1
4,5,1
4,5,1
4,4,0
3,4,1
3,3,0
3,4,1
3,4,1
3,4,1
3,4,1
3,4,1
3,4,1
3,4,1
3,4,1
3,3,0
3,4,1
3,4,1
3,4,1
3,4,1
3,4,1
3,4,1
3,3,0
3,4,1
3,4,1
3,4,1
3,3,0
3,4,1
3,3,0
3,4,1
3,4,1
3,4,1
3,4,1
3,3,0
3,3,0
2,3,1
2,4,2
2,4,2
2,4,2
2,4,2
2,4,2
2,4,2
2,4,2
2,4,2
2,4,2
2,4,2
2,4,2
2,3,1
2,3,1
2,3,1
2,3,1
2,3,1
2,3,1
2,3,1
2,3,1
2,3,1
2,3,1
2,4,2
2,4,2
2,4,2
2,4,2
2,4,2
2,3,1
2,3,1
2,3,1
2,3,1
2,3,1
2,3,1
2,3,1
2,3,1
2,3,1
2,3,1
2,3,1
2,3,1
2,3,1
2,2,0
1,2,1
1,2,1
1,2,1
1,2,1
1,2,1
1,2,1
1,2,1
1,2,1
1,2,1
1,2,1
1,2,1
1,2,1
1,2,1
1,2,1
1,2,1
1,2,1
1,2,1
1,2,1
1,2,1
1,2,1
1,2,1
1,2,1
1,2,1
1,2,1
1,2,1
1,2,1
1,2,1
1,2,1
1,2,1
1,3,2
1,3,2
1,3,2
1,3,2
1,3,2
1,3,2
1,3,2
1,3,2
1,3,2
1,3,2
1,3,2
1,3,2
1,3,2
1,3,2
1,3,2
1,3,2
1,3,2
1,2,1
1,3,2
1,3,2
1,3,2
1,3,2
1,3,2
1,3,2
1,3,2
1,3,2
1,2,1
1,3,2
1,3,2
1,3,2
1,3,2
1,3,2
1,3,2
1,3,2
1,3,2
1,3,2
1,3,2
1,3,2
1,3,2
1,3,2
1,3,2
1,3,2
1,3,2
2,4,2
2,4,2
2,4,2
2,3,1
1,2,1
1,3,2
1,3,2
1,3,2
1,2,1
1,1,0
1,2,1
1,2,1
1,2,1
1,3,2
1,3,2
1,3,2
1,3,2
1,3,2
1,3,2
1,3,2
1,4,3
1,4,3
1,4,3
1,4,3
1,4,3
1,4,3
1,4,3
1,4,3
1,3,2
1,3,2
1,3,2
1,3,2
1,3,2
1,3,2
1,3,2
1,3,2
1,3,2
1,3,2
1,3,2
1,3,2
1,3,2
1,3,2
1,3,2
1,3,2
1,3,2
1,3,2
1,3,2
1,3,2
1,2,1
1,2,1
1,2,1
1,2,1
1,2,1
1,2,1
1,1,0
1,2,1
1,2,1
1,2,1
1,2,1
1,2,1
1,2,1
1,2,1
1,2,1
1,2,1
1,2,1
1,2,1
1,2,1
1,2,1
1,2,1
1,1,0
1,2,1
1,2,1
1,2,1
1,2,1
1,2,1
1,2,1
1,2,1
1,1,0
1,2,1
1,2,1
1,1,0
0,0,0
0,1,1
0,1,1
0,1,1
0,0,0
0,1,1
0,1,1
0,1,1
0,1,1
0,1,1
0,1,1
0,1,1
1,2,1
1,2,1
1,2,1
1,2,1
1,2,1
1,2,1
1,2,1
1,2,1
1,2,1
1,2,1
1,2,1
1,2,1
1,2,1
1,2,1
1,2,1
1,1,0
0,1,1
0,1,1
0,1,1
0,1,1
0,1,1
0,1,1
0,1,1
0,1,1
0,1,1
0,0,0
0,1,1
0,0,0
0,1,1
0,1,1
0,2,2
0,2,2
0,2,2
0,2,2
0,2,2
0,2,2
1,3,2
1,4,3
1,4,3
1,4,3
1,3,2
1,3,2
1,3,2
1,3,2
1,3,2
1,3,2
1,3,2
1,3,2
1,3,2
1,3,2
1,2,1
1,1,0
0,1,1
0,1,1
0,1,1
0,1,1
0,0,0
0,1,1
0,1,1
0,1,1
0,1,1
0,1,1
0,1,1
0,1,1
0,1,1
0,1,1
0,1,1
0,1,1
0,1,1
0,0,0
0,1,1
0,1,1
0,1,1
0,1,1
0,1,1
0,1,1
0,1,1
0,1,1
0,1,1
0,1,1
0,1,1
0,1,1
0,1,1
0,1,1
0,1,1
0,1,1
0,1,1
0,1,1
0,1,1
0,1,1
0,1,1
0,1,1
0,1,1
0,1,1
0,1,1
0,1,1
0,1,1
0,1,1
0,1,1
0,1,1
0,1,1
0,1,1
0,1,1
0,1,1
0,1,1
0,1,1
0,1,1
0,1,1
0,0,0
0,1,1
0,1,1
0,1,1
0,1,1
0,1,1
0,1,1
0,1,1
0,1,1
0,0,0
0,1,1
0,1,1
0,1,1
0,1,1
0,1,1
0,1,1
0,1,1
0,1,1
0,1,1
0,1,1
0,0,0
0,1,1
0,1,1
0,1,1
0,1,1
0,0,0
0,1,1
0,1,1
0,1,1
0,1,1
0,1,1
0,1,1
0,1,1
0,1,1
0,1,1
0,1,1
0,1,1
0,0,0
0,1,1
0,0,0
0,1,1
0,1,1
0,1,1
0,1,1
0,1,1
0,1,1
0,1,1
0,1,1
0,1,1
0,1,1
0,1,1
0,1,1
0,1,1
0,1,1
0,1,1
0,0,0
0,1,1
0,1,1
0,1,1
0,1,1
0,1,1
0,1,1
0,1,1
0,1,1
0,1,1
0,1,1
0,1,1
0,1,1
0,1,1
0,1,1
0,1,1
0,2,2
0,2,2
0,1,1
0,1,1
0,0,0
0,1,1
0,1,1
0,1,1
0,1,1
0,1,1
0,1,1
0,1,1
0,1,1
0,1,1
0,1,1
0,1,1
0,1,1
0,1,1
0,1,1
0,1,1
0,1,1
0,1,1
0,1,1
0,0,0
0,1,1
0,1,1
0,1,1
0,1,1
0,0,0
0,1,1
0,1,1
0,1,1
0,1,1
0,1,1
0,1,1
0,1,1
0,1,1
0,0,0
0,1,1
0,1,1
0,1,1
0,1,1
0,1,1
0,1,1
0,1,1
0,1,1
0,1,1
0,1,1
0,0,0
0,1,1
0,1,1
0,1,1
0,1,1
0,1,1
0,1,1
0,1,1
0,1,1
0,1,1
0,1,1
0,1,1
0,1,1
0,1,1
0,1,1
0,1,1
0,1,1
0,1,1
0,1,1
0,1,1
0,1,1
0,1,1
0,1,1
0,1,1
0,1,1
0,1,1
0,1,1
0,1,1
0,1,1
0,1,1
0,1,1
0,1,1
0,1,1
0,1,1
0,1,1
0,1,1
0,1,1
0,1,1
0,1,1
1,2,1
1,2,1
1,2,1
1,2,1
1,2,1
1,2,1
1,2,1
