t,cum_regret_mean,cum_regret_sd,n_runs
1,0.0,0.0,10
2,0.10680000900486361,0.2776647862555948,10
3,0.22250001083056176,0.38049741645632246,10
4,0.32040001528382456,0.41786845565985964,10
5,0.614100017752059,0.6071890483002238,10
6,0.8188000198608792,0.8667541935705129,10
7,1.263800020973894,0.985540765320154,10
8,1.6732000259916802,0.8565399011843661,10
9,1.9491000310874793,1.1024270545673418,10
10,2.180500035044043,1.1659037588290362,10
11,2.4920000465010412,1.1374371836270833,10
12,2.5454000502337553,1.1329404533256777,10
13,3.1862000611280807,1.4281965968350416,10
14,3.4710000590447145,1.465425225002653,10
15,3.5689000623549036,1.5199354084195582,10
16,4.094000067456945,1.7293402004717866,10
17,4.28980006505231,1.897182744766781,10
18,4.592400071995853,1.956741005880794,10
19,4.97510008643983,2.104640385733285,10
20,5.153100086700905,2.0504152519322134,10
21,5.268800088488458,1.969562821140323,10
22,5.731600098740249,1.9657161137574368,10
23,5.838400107706965,1.91537337978704,10
24,6.016400107968041,1.9866480081786402,10
25,6.203300123292118,2.049814267507866,10
26,6.479200128387916,2.0398071791172243,10
27,6.675000125983281,2.0935504218739283,10
28,6.96870012841337,1.932687137476773,10
29,7.235700128995714,2.0673431245562592,10
30,7.413700129256789,2.1929466766133516,10
31,7.440400142415693,2.1618838964469886,10
32,7.707400142998037,2.3778531833286753,10
33,7.912100145106857,2.4925120466235837,10
34,8.018900142380954,2.6138505154433047,10
35,8.383800147798022,2.8252886051247286,10
36,8.713100154923238,2.810186648478554,10
37,8.82880016840341,2.895138378589751,10
38,9.024600177691395,3.0103116272839854,10
39,9.754400177214368,2.9443923809409585,10
40,9.88790018802883,2.9065612854555587,10
41,10.243900188932443,3.0299093933980963,10
42,10.36850020692607,3.1166241875459555,10
43,10.751200209677425,3.1934895531672054,10
44,10.849100214130688,3.2197423454748644,10
45,11.036000218905217,3.3115229848372785,10
46,11.22290022367975,3.3808157367098794,10
47,11.596700233610273,3.6433396590847837,10
48,11.76580024911986,3.6558193732854494,10
49,11.952700253894388,3.5730910705019476,10
50,11.961600258026385,3.553368258877011,10
51,12.237500263122186,3.5486715548127394,10
52,12.451100258051842,3.6909554086925938,10
53,12.771500260663599,3.8329172544840833,10
54,13.136400266080667,4.0009764831258385,10
55,13.341100268608177,3.6959594773073885,10
56,13.492400276756928,3.761752043112427,10
57,13.670400277018,3.9817927524157266,10
58,13.679300281149997,3.9844111445742616,10
59,13.892900276079649,3.980521602614108,10
60,14.017500282380661,4.070986627005921,10
61,14.133200295860831,4.080822249578438,10
62,14.257800302161836,4.108121033074502,10
63,14.444700306936369,4.212259222397207,10
64,14.658300301866024,4.272422280026781,10
65,14.845200306640555,4.171053109787841,10
66,14.934200305437292,4.206980153405222,10
67,15.219000303353923,4.193821651622121,10
68,15.494900308449724,4.358769334197894,10
69,15.60170031741644,4.351615592119107,10
70,15.806400319525263,4.41090557242888,10
71,16.100100321955352,4.593536277335647,10
72,16.109000326087347,4.602446514196986,10
73,16.198000326027156,4.681132997746582,10
74,16.304800334993875,4.779520026422258,10
75,16.420500336781423,4.852880876009586,10
76,16.616300334376795,4.534644820560605,10
77,16.64300033584308,4.555934597767756,10
78,16.821000336104152,4.563655220804959,10
79,16.945600330712544,4.670064773895717,10
80,17.052400327986643,4.684741436310352,10
81,17.14140032792645,4.766501852870237,10
82,17.363900327369556,4.715311084871116,10
83,17.666500334313106,4.895314591931906,10
84,17.675400338445098,4.902850835335191,10
85,18.06700033401729,5.0619713992852695,10
86,18.440800332255197,5.124490500437115,10
87,18.823500335006553,5.098050690221659,10
88,18.930300343973272,5.110947610854697,10
89,19.20620034906907,5.1342706993474305,10
90,19.304100353522333,5.098948323766823,10
91,19.491000358296866,4.999691529539486,10
92,19.58890036275013,4.846747090297514,10
93,19.891500369693674,4.860129811754455,10
94,20.069500369954753,4.983514329541307,10
95,20.24750037021583,5.140001467175919,10
96,20.363200372003384,5.226017171962363,10
97,20.72810037742045,5.319929003211286,10
98,20.834900386387172,5.35537975497951,10
99,20.879400385187743,5.385656259037791,10
100,20.915000402860105,5.3743358570267326,10
101,21.11080040045547,5.332545119394648,10
102,21.386700405551274,5.551084369299823,10
103,21.449000413378755,5.580646124012232,10
104,21.813900418795825,5.602124019706182,10
105,21.92070042776254,5.64541149061805,10
106,22.152100420026485,5.677187720399946,10
107,22.454700426970028,5.867261155560248,10
108,22.686100419233977,5.763195702467829,10
109,22.97090042884323,5.828643104266521,10
110,23.16670043813122,5.631988281627398,10
111,23.45150044774047,5.75491273717446,10
112,23.496000446541043,5.717437051126489,10
113,23.78080044445768,5.604378003699718,10
114,23.798600441410507,5.599884861217418,10
115,24.00330044351933,5.622760782974005,10
116,24.19910045280732,5.800034359350241,10
117,24.66190046305911,5.673621032744702,10
118,24.928900463641455,5.511847893601206,10
119,25.391700462200625,5.5404515299742565,10
120,25.676500460117257,5.369953471583964,10
121,25.792200473597426,5.400278654887801,10
122,25.818900486756338,5.409828707485674,10
123,26.174900487659947,5.290732052589404,10
124,26.450800492755754,5.217421244157772,10
125,26.64660049035112,5.160669934229448,10
126,26.851300492459938,5.245222696814293,10
127,26.958100501426657,5.226631861310368,10
128,27.064900510393375,5.2508239962733,10
129,27.42980051581045,5.2709577336176565,10
130,27.465400521790183,5.278032662325775,10
131,27.56330052624345,5.085571052768611,10
132,27.86590054487961,5.182495778983075,10
133,28.1596005473097,5.195174601719501,10
134,28.4355005524055,5.145135729852778,10
135,28.90720055547813,5.113486950917799,10
136,28.92500055243096,5.119713745083199,10
137,29.129700554539777,5.124361701021094,10
138,29.31660055931431,5.050517979634724,10
139,29.405600559254122,5.012209413084829,10
140,29.548000562889417,4.977638747880949,10
141,29.832800572498677,4.889117025362477,10
142,30.019700585342555,4.781959269911244,10
143,30.10870058528235,4.638457053238411,10
144,30.286700585543436,4.682646228760967,10
145,30.47360059031796,4.5559732149085574,10
146,30.740600590900307,4.610318304361738,10
147,31.069900591708564,4.811938761274995,10
148,31.319100593813538,4.816326391399901,10
149,31.470400590269673,4.708727056467707,10
150,31.568300594722935,4.688844521693863,10
151,31.764100604010924,4.692859656487069,10
152,31.968800606119736,4.937125142251244,10
153,32.057800606059544,5.086912053118253,10
154,32.15570061051281,4.970038824911316,10
155,32.33370061077388,4.8050933822474065,10
156,32.51170061103496,5.024284477260317,10
157,32.78760061613075,4.995676360382097,10
158,33.16140061436867,5.107355955958402,10
159,33.49960062600733,5.396757225960565,10
160,33.606400634974044,5.5063762488950605,10
161,33.87340063555639,5.355174315640576,10
162,33.962400635496195,5.523292754088159,10
163,34.078100637283754,5.463251750952076,10
164,34.362900635200376,5.505616989330324,10
165,34.469700632474485,5.582703866677734,10
166,34.86130062804667,5.482163989984436,10
167,35.22620063346373,5.798418086259266,10
168,35.50210063855954,5.8728686284631895,10
169,35.617800640347085,5.703072308187313,10
170,35.80470064512162,5.829035691440843,10
171,35.9827006453827,6.016857816090824,10
172,36.16070064564377,5.789341836036671,10
173,36.365400647752594,5.990639549714807,10
174,36.54340064801367,5.920889916767697,10
175,36.730300652788195,5.96322873054061,10
176,37.03290065973174,5.904404518965358,10
177,37.059600672890646,5.9219303446562215,10
178,37.41560067265118,5.857976093589761,10
179,37.51350067710444,5.946557324071504,10
180,37.73600067654755,6.034815435366843,10
181,37.922900681322076,6.011208991720222,10
182,38.198800686417876,6.236607893556319,10
183,38.49250068884796,6.384505124283654,10
184,38.80400068861234,6.512357016693852,10
185,38.999800697900326,6.510978408545516,10
186,39.15110070604907,6.510255196129626,10
187,39.50710070695268,6.5914032564744724,10
188,39.96100071269102,6.5702123036350555,10
189,40.29920071801273,6.449590641066973,10
190,40.40600072697946,6.487578396684102,10
191,40.673000727561785,6.688632748597285,10
192,40.94000072814413,6.726029396767202,10
193,41.39390073388247,6.652805399195536,10
194,41.491800738335726,6.678862145730802,10
195,41.60750075181589,6.850655810617788,10
196,41.82110074674555,6.654260454827561,10
197,41.99910074700663,6.606740687233531,10
198,42.30170075395016,6.450034113780506,10
199,42.515300772265064,6.431860567570254,10
200,42.542000785423966,6.443610908453361,10
201,42.89800078632757,6.680996555110432,10
202,42.98700078626739,6.623444597709161,10
203,43.20060079288966,6.65237542177512,10
204,43.440900799693594,6.708662587630912,10
205,43.51210080034192,6.760674687989017,10
206,43.51210079996045,6.760674687989016,10
207,43.71680080206927,6.957424733740266,10
208,44.072800802972885,7.100417769564156,10
209,44.170700807426144,7.166701608889663,10
210,44.44660081252195,7.386606791910081,10
211,44.56230082600212,7.490706993293968,10
212,44.67800082778967,7.337208999768528,10
213,44.811500838604125,7.304057406894101,10
214,44.91830084757085,7.1936680953188485,10
215,45.18530084815318,7.4430881706134056,10
216,45.514600857363156,7.501291576745537,10
217,45.576900853498024,7.567669483184082,10
218,45.772700851093376,7.603127337481146,10
219,45.95960085586791,7.708790668052227,10
220,46.34230085861927,7.778671244146122,10
221,46.56480085806237,7.662481306943482,10
222,46.947500860813726,7.675042419212523,10
223,47.07210087880735,7.7518551170348395,10
224,47.259000883581884,7.907265845954411,10
225,47.43700088384297,7.813211026154963,10
226,47.49930089000436,7.884867581841617,10
227,47.72180088936576,7.837481917533889,10
228,47.82860089833247,7.7369392631709255,10
229,47.94430091181263,7.724968721115452,10
230,48.22020091690843,7.675908185627526,10
231,48.41600092619642,7.834584174154575,10
232,48.46050093668962,7.852453398591529,10
233,48.50500093549018,7.867877411734866,10
234,48.62960094179119,7.87527915863725,10
235,48.83430095559263,7.849964824834292,10
236,48.93220096004589,7.710685712387478,10
237,49.22590096247597,7.66508249491334,10
238,49.24370097112141,7.6820113630874545,10
239,49.261500979766865,7.681232262574165,10
240,49.626400985183935,7.540960894658165,10
241,50.080300990922275,7.7812731675563,10
242,50.712200997303135,7.876463692413982,10
243,50.98810100239894,7.724102799977622,10
244,51.16610100266001,7.831825800437662,10
245,51.37970100928228,8.090035259367497,10
246,51.56660101405682,8.104942001296692,10
247,52.01160101528169,8.285895209320891,10
248,52.18960101554277,8.112214245915306,10
249,52.385401024830756,8.367704077696944,10
250,52.75030103024782,8.439950289554405,10
251,52.9283010305089,8.428054084569318,10
252,53.15080102995201,8.247311998879686,10
253,53.230901033447694,8.276463011971359,10
254,53.337701042414416,8.364532334428004,10
255,53.70260104783149,8.331021219638226,10
256,53.98740105744073,8.142103011820973,10
257,54.1832010550361,8.090769579392784,10
258,54.227701053836675,8.098407737560132,10
259,54.42350106312465,8.039201408526122,10
260,54.71720106555474,8.221446440186018,10
261,55.01090106798483,8.300884979038823,10
262,55.375801073401895,8.190880213180526,10
263,55.642801073984245,7.920922268517607,10
264,56.00770107940131,8.088076886253187,10
265,56.22130109771619,8.325721600485114,10
266,56.40820110249073,8.287552116203418,10
267,56.51500111145746,8.33469679412603,10
268,56.6129011159107,8.422455006609965,10
269,56.799801120685245,8.434395649199335,10
270,56.88880112062505,8.487757298393957,10
271,56.9867011250783,8.460572431220559,10
272,57.27150113468755,8.316011767767323,10
273,57.36940113914083,8.282495620287591,10
274,57.38720114778626,8.286702513585261,10
275,57.74320114868986,8.472397029226931,10
276,57.93900115797786,8.515522050833809,10
277,58.23270117210056,8.821337373199404,10
278,58.517501170017205,8.929149266163549,10
279,58.82900116978158,8.801555604956707,10
280,59.05150116922467,8.791275128901464,10
281,59.407501170128285,8.843180077565268,10
282,59.719001178776146,8.901582151679717,10
283,60.08390118419322,8.804000154825465,10
284,60.45770119412373,8.583469623523703,10
285,60.653501199788444,8.523812174332386,10
286,60.92940120488424,8.750932606874445,10
287,61.03620121385096,8.730956042489957,10
288,61.160801231844594,8.894242901638238,10
289,61.19640123782432,8.86027678184015,10
290,61.38330124259886,8.916306753980654,10
291,61.67700125672157,8.889610689408281,10
292,61.78380126568827,9.055849099010508,10
293,62.03300127700568,8.88604580547984,10
294,62.21990128178021,8.832345206279367,10
295,62.40680128655474,8.883450472859575,10
296,62.76280128745835,9.060221456968712,10
297,62.80730129795154,9.096406749114943,10
298,62.82510130659699,9.105825689396317,10
299,63.06540131340093,9.069677967548184,10
300,63.20780131703623,9.255125259032075,10
301,63.31460132600294,9.224110546098807,10
302,63.40360132594276,9.283173660303857,10
303,63.688401335552,9.373934462968617,10
304,63.946501342170436,9.487885274339876,10
305,64.41820134524306,9.45904362739535,10
306,64.62290134735187,9.466544694285979,10
307,64.71190134729169,9.527153490043487,10
308,64.75640134609226,9.502247833305109,10
309,64.88100135239327,9.59981443697828,10
310,64.98780136135997,9.525338072620654,10
311,65.01450137451889,9.532860827989031,10
312,65.29040137961468,9.677901598648488,10
313,65.58410138204476,9.61323160418109,10
314,65.7176013811666,9.496781618882931,10
315,65.95790138797055,9.71251070867214,10
316,66.05580139242382,9.78827394092428,10
317,66.2338013926849,9.731100950076362,10
318,66.33170139713815,9.661504811295755,10
319,66.72330139271034,9.833061439591393,10
320,66.90130139297142,9.85951941229008,10
321,67.19500139540148,9.751447443094602,10
322,67.42640139769199,9.804032296586872,10
323,67.69340139827435,9.686355333125968,10
324,67.72900140425406,9.72288523765663,10
325,68.01380141386332,9.908293731393723,10
326,68.04940141984306,9.931485639541982,10
327,68.32530142493884,9.675796090396883,10
328,68.48550143593499,9.745962952499472,10
329,68.75250143651733,9.845691467508873,10
330,69.01950143709969,9.956802623043972,10
331,69.29540144219547,9.611835318281248,10
332,69.58020145180474,9.490440529002365,10
333,69.7582014520658,9.678138025809059,10
334,69.94510145684033,9.661085743319468,10
335,69.95400146097232,9.654209906022345,10
336,70.24770146340241,9.758128485667068,10
337,70.43460146817694,9.769679854553623,10
338,70.52360146811675,9.840679879257113,10
339,70.96860146934164,9.688808283136355,10
340,71.05760146928142,9.759494829927535,10
341,71.16440146655552,9.66525262742621,10
342,71.20000148422788,9.670605436200221,10
343,71.23560147851501,9.6641598621735,10
344,71.5916014794186,9.85569368487924,10
345,71.65390148766478,9.785364767090988,10
346,71.92980149276059,9.6038291851357,10
347,72.17010149956452,9.574610612508321,10
348,72.17900150369653,9.575764157046681,10
349,72.4549015087923,9.599764029220502,10
350,72.47270150574514,9.612554103342363,10
351,72.56170150568495,9.686614325779498,10
352,72.85540150811502,9.780304248275561,10
353,73.07790150747641,9.667642662814261,10
354,73.11350150176352,9.67190224849986,10
355,73.40720151588621,9.7281159181241,10
356,73.52290151767377,9.846603291094842,10
357,73.6297015266405,9.759301019462823,10
358,74.00350153657101,9.807537275617234,10
359,74.19930154585902,9.66569431971391,10
360,74.28830154579882,9.466786472600223,10
361,74.49300154790762,9.48916074211531,10
362,74.53750154670819,9.497805663307172,10
363,74.81340155180399,9.560789516606574,10
364,75.17830155722108,9.36584252571073,10
365,75.4453015578034,9.455065223565512,10
366,75.55210156677012,9.545795940026808,10
367,75.66780156855766,9.659022234305834,10
368,75.75680156849748,9.735531712777131,10
369,75.75680156811602,9.735531712777131,10
370,75.81910157427743,9.792647374617752,10
371,75.82800157840941,9.800333143264137,10
372,75.93480159792568,9.680320385747816,10
373,76.04160159519975,9.719915833479662,10
374,76.31750160029557,9.810587930745426,10
375,76.69130161022609,9.949888006007052,10
376,76.82480160934793,9.92391486474644,10
377,76.94940160395632,9.983457312479768,10
378,77.1452016149967,10.095807079821027,10
379,77.34100162428466,10.049164855218908,10
380,77.63470162671476,10.017854193103574,10
381,77.99070162761836,10.198781515898322,10
382,78.31110163023013,10.164585586140463,10
383,78.56920164606098,9.963125225758402,10
384,78.8273016501992,9.782000442372237,10
385,78.94300165198676,9.632854148448715,10
386,79.12990165676129,9.62238253248588,10
387,79.32570166604928,9.666513785030233,10
388,79.52150166364464,9.763376372108933,10
389,79.73510167026691,9.704351868071214,10
390,79.75290167891237,9.690284341314898,10
391,80.11780168432944,9.743393492942305,10
392,80.23350168611697,9.800175973608974,10
393,80.42040169089151,9.782553720085295,10
394,80.61620168848687,9.633018551492537,10
395,80.71410169294013,9.743361868170679,10
396,81.15910169054175,9.83685576673351,10
397,81.42610169112407,9.531309679155116,10
398,81.79100169654114,9.811641905035536,10
399,81.88000169648095,9.896046016224318,10
400,82.08470169858977,10.001587881166806,10
401,82.61870170013592,10.025494531085705,10
402,82.98360170555297,10.16863263263088,10
403,83.09930170734053,10.09504419122347,10
404,83.38410171694977,9.99880677444397,10
405,83.67780171937986,10.21152367271719,10
406,84.01600172180612,10.353794352305485,10
407,84.29190172690191,10.187418601305612,10
408,84.56780173199769,10.102168858532428,10
409,84.68350174547787,10.162922956049321,10
410,85.04840175089494,10.235920241033023,10
411,85.23530175566945,10.19645120190069,10
412,85.60020176108652,10.395853760829485,10
413,85.77820176134762,10.478827912174724,10
414,85.86720176128742,10.428059282988164,10
415,85.9740017585615,10.526609758214601,10
416,86.16980175615687,10.516722609921525,10
417,86.26770176061012,10.53037562068641,10
418,86.56140176304021,10.614881082244713,10
419,86.67710178706993,10.647023355634134,10
420,87.03310178797354,10.48408848882041,10
421,87.25560179910927,10.65468756402095,10
422,87.63830181355324,10.652031530833877,10
423,87.76290180816162,10.680614057114301,10
424,87.95870181744962,10.71833731574432,10
425,88.06550182641634,10.805938424012103,10
426,88.19900182553816,10.743758015200598,10
427,88.47490183063397,10.878443617447031,10
428,88.76860184475667,10.99334764920358,10
429,88.79530185791558,11.006217536078033,10
430,89.00890185284523,11.102268073407123,10
431,89.33820185997044,11.18490791771054,10
432,89.80100187022222,11.272786971347443,10
433,89.89000187016202,11.336238662715367,10
434,89.90780186711487,11.339328192545135,10
435,90.21930187857186,11.262558554213431,10
436,90.34390187318024,11.32850728322868,10
437,90.55750187980252,11.460725347509234,10
438,90.56640188393453,11.437891029562623,10
439,90.70880188590372,11.54493126049934,10
440,90.79780188584354,11.462533682826816,10
441,91.12710189296877,11.598980105593194,10
442,91.24280190644893,11.671546966035185,10
443,91.34960191541565,11.7459172610534,10
444,91.45640192438236,11.675422214736713,10
445,91.54540193239151,11.728070584859713,10
446,91.65220192966561,11.768045469980716,10
447,91.92810193476141,11.723811109620287,10
448,92.0438019482416,11.669887910452724,10
449,92.14170195269483,11.625401202812048,10
450,92.31970195295591,11.721453688413563,10
451,92.34640196611481,11.73609748183872,10
452,92.44430197056809,11.73931042978898,10
453,92.56000198404824,11.72835576595437,10
454,92.76470199784968,11.797568496227735,10
455,92.95160200262424,11.831995142147548,10
456,93.16520200924649,11.866281100636145,10
457,93.36100200684187,11.893558798444076,10
458,93.45000200678166,11.951506827491704,10
459,93.55680201574837,12.021612847384523,10
460,93.77040203406327,11.989679829702915,10
461,93.89500205205691,11.997443652656106,10
462,94.2510020529605,12.140374372686301,10
463,94.51800205354286,12.2669425693566,10
464,94.7049020583174,12.32880790333365,10
465,94.72270206696281,12.307559219735454,10
466,95.02530207390637,12.236056246857292,10
467,95.23890209222127,12.323595568614852,10
468,95.50590209280361,12.108322070462334,10
469,95.69280209757814,12.169974042942876,10
470,95.83520208952082,11.943388896296499,10
471,96.03100208711616,11.892300730910488,10
472,96.23570208922499,11.730610481641012,10
473,96.42260209399953,11.734372482033763,10
474,96.53830209578707,11.68505573673748,10
475,96.72520210056159,11.822663658883304,10
476,96.91210210533612,11.937097770586494,10
477,97.01000210978938,11.958647758813651,10
478,97.20580210738476,11.997428963146389,10
479,97.65970211312307,12.083335761185422,10
480,97.9445021110397,12.145610974755897,10
481,98.12250211130078,12.199115964546921,10
482,98.31830212058877,12.35288447161105,10
483,98.41620212504203,12.443587846176323,10
484,98.79000213497255,12.503153922844701,10
485,98.97690213974708,12.541700522114567,10
486,98.9947021366999,12.558503144361618,10
487,99.08370213663972,12.65081083903506,10
488,99.27060214141423,12.605938907824525,10
489,99.44860214167532,12.7082942434058,10
490,99.599902148158,12.851759627577406,10
491,99.89360216228071,13.011409074852859,10
492,100.26740216051859,13.020943027193157,10
493,100.4899021599617,12.796856915275542,10
494,101.02390216150785,12.710873689329086,10
495,101.1574021606297,12.812579664528364,10
496,101.34430216540423,12.8649424279589,10
497,101.4422021698575,12.960279869912885,10
498,101.62910217463201,12.980748252785473,10
499,101.99400218004908,13.106826032068454,10
500,102.28770219417179,13.239116910161062,10
501,102.37670219411157,13.255194844748697,10
502,102.4835022030783,13.356673363814387,10
503,102.92850220430319,13.188910538711323,10
504,103.21330220221982,13.275298037513473,10
505,103.33790220852082,13.257146792790492,10
506,103.6138022136166,13.463882599047063,10
507,103.81850222741805,13.425158280396738,10
508,103.94310223371906,13.42392574443813,10
509,104.03210223365889,13.522953787712982,10
510,104.23680223576768,13.307991847521915,10
511,104.34360223304176,13.268809275358615,10
512,104.46820223976147,13.315661192282054,10
513,104.65510224453598,13.298706716453367,10
514,104.86870225115827,13.373452355039474,10
515,104.98440225294583,13.413218340478515,10
516,105.0022022615913,13.423686449219492,10
517,105.09120226153107,13.503893895040202,10
518,105.12680227920343,13.509106862980989,10
519,105.1446022878489,13.493227112522614,10
520,105.68750229390848,13.641844991267918,10
521,105.86550229416954,13.636037351933862,10
522,106.07020229627838,13.37073737530414,10
523,106.18590230975853,13.41907320642329,10
524,106.37280231453308,13.542357298943989,10
525,106.57750232833453,13.670717391280641,10
526,106.80890233229108,13.510842966652715,10
527,106.9513023342603,13.589020618381785,10
528,107.12930233452137,13.666905617056528,10
529,107.31620233929591,13.695066502761884,10
530,107.52090235309734,13.740340143393688,10
531,107.90360236754131,13.723980838711245,10
532,107.92140237618678,13.703122912271303,10
533,108.11720238547476,13.751119217721238,10
534,108.29520238573585,13.871811018589499,10
535,108.39310239018907,13.626688295138283,10
536,108.41980239165537,13.620702972305246,10
537,108.43760240030083,13.621181120085232,10
538,108.70460240088316,13.699975430208744,10
539,108.89150240565769,13.699400443936062,10
540,109.0161024119587,13.627269555167237,10
541,109.38100241737577,13.668383414941003,10
542,109.71920242901442,13.649877998869558,10
543,109.90610243378899,13.82488627596701,10
544,110.01290243106305,13.593385121613402,10
545,110.21760243317188,13.430070795258818,10
546,110.39560243343297,13.52293746862215,10
547,110.59140244272093,13.392796422044363,10
548,110.68930244717419,13.461480031055672,10
549,110.77830244711402,13.562310605447648,10
550,111.06310244503064,13.670794652824652,10
551,111.33010244561297,13.715015834185394,10
552,111.59710244619532,13.732202981686191,10
553,111.88190244411194,13.497156399745284,10
554,112.06880244888649,13.435613793385583,10
555,112.2735024626879,13.499490648497897,10
556,112.39810246898892,13.539929760427135,10
557,112.39810246860745,13.539929760427137,10
558,112.57610246886853,13.571224158820915,10
559,112.76300247364307,13.541395454030546,10
560,112.97660246857272,13.33253142339559,10
561,113.10120246318108,13.352359973075968,10
562,113.28810246795561,13.45182656441235,10
563,113.46610246821669,13.453265887319025,10
564,113.65300247299122,13.3267739431262,10
565,113.9467024754213,13.353233344517035,10
566,114.12470247568237,13.161642732431158,10
567,114.31160248045691,13.217703674917574,10
568,114.41840248942363,12.978968404150683,10
569,114.60530249419817,13.010249021596438,10
570,114.72990250049915,12.993624179545304,10
571,114.75660250196543,13.014587897495522,10
572,115.0236025025478,13.165396932546212,10
573,115.12150250700104,13.227025733197252,10
574,115.48640251241814,13.477041386120877,10
575,115.67330251719264,13.548611191001875,10
576,115.7890025189802,13.63518221578972,10
577,115.80680252762565,13.642848258872835,10
578,116.01150252973446,13.383399246192596,10
579,116.10050252967426,13.450308614225035,10
580,116.54550253089913,13.632939005258061,10
581,116.65230252817325,13.647314879341335,10
582,116.85700253028203,13.501299738059158,10
583,117.0439025350566,13.547922572623808,10
584,117.2486025371654,13.649323599264486,10
585,117.45330253927423,13.396597627536709,10
586,117.59570255460214,13.388580246789191,10
587,117.7114025680823,13.396935975425555,10
588,117.72920256503512,13.400916497515269,10
589,118.03180257197869,13.475055999827072,10
590,118.24540257860095,13.602365719467073,10
591,118.33440257854079,13.580932213611995,10
592,118.51240257880184,13.519097170781347,10
593,118.61920257607592,13.619216831079957,10
594,118.71710258052921,13.599534673197878,10
595,118.9129025898172,13.675171805664393,10
596,119.19770259942645,13.730959658491377,10
597,119.38460260420099,13.873041917678936,10
598,119.57150260897552,13.864477994087478,10
599,119.75840261375004,14.03651624174652,10
600,119.87410262723022,14.081479585874582,10
601,119.96310262717004,14.143593910723869,10
602,120.15890262476539,14.11793318391998,10
603,120.4348026298612,14.157423296952823,10
604,120.63060262745655,14.010659375148254,10
605,120.82640262505193,13.72090235839929,10
606,120.9421026385321,13.711999519111275,10
607,121.04890264749883,13.716876757820643,10
608,121.04890264711737,13.716876757820648,10
609,121.04890264673593,13.716876757820652,10
610,121.32480265183172,13.474990665772726,10
611,121.68970265724879,13.42068661382691,10
612,121.88550265484415,13.514347170567115,10
613,121.98340265929741,13.606829457095905,10
614,122.25040265987977,13.775061158772946,10
615,122.25040265949829,13.775061158772948,10
616,122.37500266579931,13.886788969761538,10
617,122.57970266790812,13.767957781250281,10
618,122.77550267719612,13.786432384693734,10
619,122.88230267447022,13.885207645520111,10
620,123.16710268407947,13.953079026971645,10
621,123.36290269336746,13.947779617281666,10
622,123.54090269362852,13.887578064001223,10
623,123.89690269453214,13.88035155038646,10
624,124.09270270382015,13.955765837890143,10
625,124.28850271310812,14.02824039205334,10
626,124.59110270835905,14.090039754629844,10
627,124.96490270659694,13.859665468629263,10
628,124.96490270621548,13.859665468629261,10
629,125.07170271518218,13.931970309270529,10
630,125.34760272027802,13.749288785039218,10
631,125.44550272473126,13.732126230976196,10
632,125.55230272200535,13.847442389164684,10
633,125.74810271960072,13.723612282958555,10
634,125.86380273308092,13.715487675160288,10
635,125.97060274204762,13.709801116220131,10
636,126.06850274650087,13.836646130809367,10
637,126.1575027464407,13.834101605183905,10
638,126.35330274403609,13.790696281630341,10
639,126.46900274582363,13.560036121732702,10
640,126.67370274835112,13.663105859521318,10
641,126.85170275668156,13.515962301848932,10
642,127.0564027576473,13.702737790183754,10
643,127.15430276210054,13.706517142192489,10
644,127.34120276687511,13.706244250373588,10
645,127.51920276713618,13.6059628856107,10
646,127.62600277610288,13.593874244058586,10
647,127.72390278055619,13.678260827488154,10
648,127.9820027871746,13.450750457296182,10
649,128.29350278693894,13.528797187131163,10
650,128.41810279324,13.656366401219724,10
651,128.6050027980145,13.789863438137452,10
652,128.7118028069812,13.905270410971632,10
653,128.89870281175575,13.8525896718354,10
654,129.11230281837805,13.691869174296356,10
655,129.2102028228313,13.68831725607288,10
656,129.33480282913231,13.770690423670064,10
657,129.6107028342281,13.777096113779072,10
658,129.8866028393239,13.896811848645951,10
659,130.09130284143274,13.956648805690847,10
660,130.12690284741248,13.937743112512642,10
661,130.1625028533922,13.968007651352988,10
662,130.26930286235896,14.010461643581698,10
663,130.38500287583912,14.014541099901974,10
664,130.46510288471046,14.064469089960003,10
665,130.652002889485,14.11085907608924,10
666,130.68760288377212,14.117668365578332,10
667,130.7944028810462,14.105319418885761,10
668,130.99020289033422,14.08243909399684,10
669,131.0970028876083,13.855318171174414,10
670,131.20380288488244,13.931006961512665,10
671,131.30170288933567,13.912373251193735,10
672,131.4263028956367,13.938854425661178,10
673,131.55090290193772,13.889859409447407,10
674,131.62210291261258,13.743414542104363,10
675,131.7823029236087,13.600609044024202,10
676,132.05820292870453,13.551258146503349,10
677,132.2451029334791,13.36406469757449,10
678,132.44980293558788,13.45171877901761,10
679,132.5032029510132,13.452111340004572,10
680,132.62780295731423,13.516792519293647,10
681,132.73460296628096,13.561347135108377,10
682,133.0016029668633,13.669491134873969,10
683,133.09950297131658,13.733023545703384,10
684,133.38430298092584,13.805813159055388,10
685,133.6513029815082,13.844899908860041,10
686,133.83820298628274,14.015910075241448,10
687,133.95390298807027,14.032393161740837,10
688,134.14080299284484,14.029278784382623,10
689,134.18530300333802,14.056870244042551,10
690,134.47010301294725,14.109265457849778,10
691,134.58580301473484,14.173266950005514,10
692,134.63030302522802,14.196363579689127,10
693,134.74600302701555,14.300072158739164,10
694,134.93290303179012,14.28304150099342,10
695,135.0397030290642,14.3758835006465,10
696,135.2355030266596,14.452889630817953,10
697,135.41350302692067,14.529414952097687,10
698,135.680503027503,14.275201376350378,10
699,135.71610303348274,14.269293781417518,10
700,135.81400303793606,14.323194719938332,10
701,136.00980304722404,14.069371176439533,10
702,136.2145030493329,14.19724385614252,10
703,136.3302030511204,14.296058775345744,10
704,136.41920305106024,14.265058872777962,10
705,136.50820305100007,14.382233792637116,10
706,136.5082030506186,14.382233792637114,10
707,136.6328030569196,14.35951273963278,10
708,136.81970306169416,14.41281373080157,10
709,136.99770306195524,14.474600679683665,10
710,137.104503070922,14.472180495679298,10
711,137.29140307569648,14.222510887213032,10
712,137.4694030759576,14.169068570204299,10
713,137.74530308105338,14.130370900879576,10
714,137.86990309904698,14.22339266398616,10
715,138.00340311028017,14.226965661527183,10
716,138.1102031192469,14.270240482073753,10
717,138.2437031300613,14.360876401956979,10
718,138.52850312797798,14.548241382433632,10
719,138.6175031279178,14.30790172201681,10
720,138.72430312519188,14.292934120286027,10
721,138.7332031293239,14.291256056873715,10
722,139.02690313175398,14.230816062986214,10
723,139.1159031316938,14.230444990842674,10
724,139.2227031406605,14.354807907139659,10
725,139.3206031451138,14.397976613043491,10
726,139.52530314722262,14.140893193650838,10
727,139.64100314901017,14.131551184166025,10
728,139.66770315047648,14.164151349466136,10
729,139.76560315492972,13.920035266451931,10
730,140.04150316002554,14.083529664016098,10
731,140.08600315882614,14.0773884514509,10
732,140.29070316093492,14.1006920626826,10
733,140.39750316990165,14.080842238352488,10
734,140.57550317016276,14.179254904360992,10
735,140.85140317525855,14.068082508128121,10
736,140.8959031857518,14.074790565373869,10
737,141.08280319052628,14.051281161350783,10
738,141.3142031827085,14.197402004302438,10
739,141.58120318329088,14.406690801635053,10
740,141.68800319225755,14.407252825011936,10
741,141.70580318921046,14.405774419429493,10
742,141.8037031936637,14.501936685235417,10
743,141.9995032029517,14.573567250449972,10
744,141.99950320257022,14.57356725044998,10
745,142.31100320225286,14.603656165715297,10
746,142.57800320283522,14.721005681790489,10
747,142.8628032124445,14.710826568095815,10
748,143.04080321270555,14.60310172683881,10
749,143.1298032126454,14.741247311399112,10
750,143.25440321894638,14.719164190301683,10
751,143.45910322105524,14.945845038233522,10
752,143.5748032228428,14.965579646813824,10
753,143.57480322246133,14.965579646813826,10
754,143.76170322723587,15.078376651280415,10
755,143.8507032271757,15.173335991008496,10
756,143.86850323582115,15.18175581103154,10
757,144.06430323341652,15.299721937141133,10
758,144.18890323971752,15.432168647605954,10
759,144.30460324150508,15.426164969513566,10
760,144.34910325199832,15.448926638923151,10
761,144.63390326160751,15.202217599067938,10
762,144.72290326154734,15.204185859557088,10
763,144.9098032663219,14.996657361431648,10
764,145.00770327077515,14.993326509175118,10
765,145.11450327974188,15.011524277934605,10
766,145.221303277016,15.07242184069549,10
767,145.31920328146924,15.06475592970858,10
768,145.5061032862438,15.062632146356245,10
769,145.62180328803134,14.861656165865147,10
770,145.63960329667682,14.871033700669821,10
771,145.81760329693788,14.983764158514418,10
772,146.11130329936796,15.259343916757578,10
773,146.2893033101786,15.012450606906201,10
774,146.38720331463188,15.019234969700959,10
775,146.422803308919,15.047687098226154,10
776,146.45840331489876,15.058293115684899,10
777,146.68090331434183,14.84788999749157,10
778,146.70760332750075,14.861739118024573,10
779,147.01910332718344,14.65175712270909,10
780,147.1259033244575,14.791173887275516,10
781,147.33060332542328,14.811732571750243,10
782,147.33060332504184,14.81173257175024,10
783,147.3573033265081,14.841463171989938,10
784,147.63320333160394,14.637955868210534,10
785,147.811203331865,14.751990224628884,10
786,147.8379033450239,14.76419470410915,10
787,147.94470335399063,14.763753570312801,10
788,148.05150336295736,14.854456245286462,10
789,148.06930335991018,14.860427337799935,10
790,148.1761033688769,14.898365939037271,10
791,148.22060337937015,14.91081066574211,10
792,148.33630338115768,14.983050530987263,10
793,148.42530338109748,15.096460309724902,10
794,148.63890338771978,15.151417994541772,10
795,148.73680339217304,15.122308425496556,10
796,149.02160340178227,14.901009270734466,10
797,149.29750340687812,14.803830618402673,10
798,149.5200034180138,14.829773374866024,10
799,149.55560342399357,14.853505282654774,10
800,149.76030342610238,14.636347448505838,10
801,149.93830342636346,14.754093109411128,10
802,149.96500342782977,14.77268983916811,10
803,150.1519034326043,14.728205302039102,10
804,150.32990343286536,14.851860932376432,10
805,150.6058034379612,15.017945802069622,10
806,150.72150343974874,15.04870775608333,10
807,150.83720345322894,15.027319528652738,10
808,151.11310345832473,15.250078301533255,10
809,151.12200346245672,15.2523029350817,10
810,151.13090346658876,15.266517345571836,10
811,151.25550347288973,15.273191728277721,10
812,151.3712034746773,15.058386735494418,10
813,151.57590347678612,14.900138147096028,10
814,151.70050348308715,15.026584523691547,10
815,151.71830348004,15.054952612331444,10
816,151.82510347731406,15.19277818819029,10
817,151.91410347725392,15.17051691690674,10
818,152.10100348202843,15.31116236375808,10
819,152.30570349582985,15.252882866944866,10
820,152.57270349641226,15.148432081604279,10
821,152.71510351174015,15.135784437768319,10
822,152.8575035153754,15.280335528459752,10
823,153.05330352466345,15.415426862879176,10
824,153.06220352879544,15.429850349668486,10
825,153.21350353527814,15.512532899059027,10
826,153.23130353223095,15.538541333520802,10
827,153.34700354571115,15.522727758701004,10
828,153.54280355499913,15.676345566686042,10
829,153.82760355291575,15.851897457019282,10
830,153.8454035498686,15.845955609989337,10
831,153.86320355851404,15.837599932646901,10
832,154.09460356080456,15.823000271900595,10
833,154.19250356525782,15.784521283511673,10
834,154.47730356317444,15.561520422289933,10
835,154.74430356375686,15.328112984352934,10
836,154.98460357181278,15.46883898044171,10
837,155.26050357690855,15.481467527012796,10
838,155.35840358136187,15.515480078413193,10
839,155.64320359097113,15.787674121323843,10
840,155.65210359510314,15.789940064152438,10
841,155.7678035968907,15.907410012796424,10
842,155.79450361004956,15.915400013632354,10
843,155.88350360998942,16.04702117848973,10
844,155.97250360992922,16.070587551492764,10
845,156.1505036101903,15.866107254240662,10
846,156.36410360511996,16.007219599308062,10
847,156.55100360989448,15.933458811138312,10
848,156.67560361619547,15.97589037540311,10
849,156.68450362032752,15.976609282597114,10
850,156.78240362478078,16.114719861703154,10
851,156.80910362666577,16.158203293609915,10
852,157.0138036404672,16.301276502504383,10
853,157.0494036347543,16.320723013163736,10
854,157.14730363920762,16.353038537572928,10
855,157.15620364333958,16.35211012486484,10
856,157.34310364811412,16.634640563890542,10
857,157.43210364805395,16.653993755451406,10
858,157.52110364799375,16.674907982101512,10
859,157.71690365728176,16.76980132934015,10
860,158.16190365850665,16.708811432133118,10
861,158.35770365610202,16.701941402580108,10
862,158.48230367409565,16.720585069649317,10
863,158.6692036788702,16.733094687385183,10
864,158.76710368332343,16.724605994297367,10
865,159.04300368841925,16.953663551482272,10
866,159.22990369319376,16.776832435444202,10
867,159.51470369111044,17.00741446098996,10
868,159.61260369556368,17.002712437892853,10
869,159.63930370872262,17.019674478759683,10
870,159.63930370834117,17.019674478759686,10
871,159.7372037127944,16.964499476990373,10
872,159.8351037172477,16.95794321418383,10
873,159.87960373943352,16.9741152251326,10
874,159.94190373556836,16.96733446249225,10
875,160.05760374904855,17.10865181124666,10
876,160.3424037586578,17.207035577652857,10
877,160.39580377366445,17.226900346318345,10
878,160.58270378692703,17.378036595359454,10
879,160.59160379105901,17.3803230696589,10
880,160.6895037955123,17.53906093848347,10
881,160.96540380060813,17.667650154526623,10
882,161.08110380239566,17.81242910133775,10
883,161.276903799991,17.78859757439623,10
884,161.59730380468758,17.86854944074491,10
885,161.7931038139755,17.810699652211877,10
886,162.0067038089052,17.79644272815272,10
887,162.1847038091663,17.600714153055545,10
888,162.18470380878483,17.60071415305554,10
889,162.29150381775156,17.422759371213182,10
890,162.4784038225261,17.569791865539766,10
891,162.74540382310846,17.72126919318254,10
892,162.84330382756175,17.69183614798291,10
893,162.85220383169369,17.69321656744605,10
894,163.137003841303,17.68073668351248,10
895,163.31500384156408,17.526247826688472,10
896,163.41290384601731,17.472657434354332,10
897,163.51970385498407,17.45025829730514,10
898,163.61760385943734,17.588116111671745,10
899,163.70660385937714,17.739635416053574,10
900,163.795603859317,17.885443256818494,10
901,163.88460385925677,18.038368402062417,10
902,163.98250386371006,17.989220070969292,10
903,164.2406038703285,17.866389526701855,10
904,164.5165038754243,17.792495896569072,10
905,164.61440387987759,17.802779239999975,10
906,164.6322038768304,17.799545783449663,10
907,164.65000388547585,17.815371272120792,10
908,164.65000388509446,17.81537127212079,10
909,164.76570388688197,17.627196584922025,10
910,164.87250389584872,17.630900942020517,10
911,164.89030389280157,17.66166393749567,10
912,165.09500390660295,17.51368915957538,10
913,165.18400390654284,17.54757698269389,10
914,165.64680391679457,17.815064988061586,10
915,165.78920392034814,17.636767916399958,10
916,166.05620392093053,17.78440897996754,10
917,166.1808039155389,17.619293534496638,10
918,166.30540392183997,17.79783489562119,10
919,166.49230392661445,17.80949396729508,10
920,166.62580393742894,17.82222691486043,10
921,166.73260394639567,17.977667782388757,10
922,166.85720395269664,18.135377437565772,10
923,166.91950395885812,18.10596620175529,10
924,167.18650395944047,18.196637796686606,10
925,167.29330395671454,18.35424971130372,10
926,167.40010395398866,18.310196676306944,10
927,167.667103954571,18.23351389462792,10
928,167.78280395635855,18.270130103495866,10
929,168.06760396596783,18.343464706740853,10
930,168.0943039674341,18.343217608300534,10
931,168.1032039715661,18.358073466114757,10
932,168.11210397569812,18.339589946339537,10
933,168.39690398530735,18.58367288336292,10
934,168.67280399040314,18.8730284363285,10
935,168.96650399283325,18.941336832832015,10
936,169.08220399462084,18.93076541082512,10
937,169.16230400059675,18.911985327101252,10
938,169.3581040098847,18.862843342918413,10
939,169.456004014338,18.878399861158098,10
940,169.705204016443,19.001393027147188,10
941,169.81200402540966,19.018393485968925,10
942,169.9900040256708,19.15350468326288,10
943,170.00780403431622,19.16736750214019,10
944,170.28370403941204,19.025983688481666,10
945,170.47950403700744,18.79697724027331,10
946,170.63080403346356,18.95710749479335,10
947,170.63970403759555,18.950478957397515,10
948,170.9245040472048,19.279876430333633,10
949,171.12030405649278,19.426120495687933,10
950,171.32500405860162,19.49752447949913,10
951,171.6187040727243,19.44930311319559,10
952,171.74330406733273,19.53229838065401,10
953,171.75220407146475,19.5288623078432,10
954,171.94800408075275,19.5628674603405,10
955,172.14380409004073,19.552148164382047,10
956,172.170504091507,19.571829434470345,10
957,172.18830410015246,19.568447528592166,10
958,172.28620410460576,19.54282815346701,10
959,172.39300411357246,19.507362455978555,10
960,172.4019041177045,19.489327665007924,10
961,172.45530412101851,19.54635182151363,10
962,172.7490041234486,19.403134743495386,10
963,172.9715041228917,19.444786488458018,10
964,173.08720412467926,19.462365118176784,10
965,173.2741041294538,19.2473559033306,10
966,173.55890412737045,19.159452053546723,10
967,173.959404127042,19.140689428040268,10
968,174.28870412258354,19.220614837304066,10
969,174.46670412284465,19.21484443499847,10
970,174.5824041246322,19.181660773331146,10
971,174.71590413544664,19.157338839539392,10
972,175.09860413819803,19.161048221517504,10
973,175.38340414780725,19.19083512993672,10
974,176.00640414967472,19.078283197563643,10
975,176.00640414929325,19.078283197563643,10
976,176.2111041514021,19.074234706337883,10
977,176.22890416004753,19.085904906534257,10
978,176.4247041693355,19.174999685131933,10
979,176.54930418732914,19.005804309213165,10
980,176.72730418759028,19.088330324296308,10
981,176.8252041920435,19.022409880759895,10
982,177.03880418697318,18.82390632223874,10
983,177.25240419359542,19.024972904147788,10
984,177.626204203526,18.982949411422208,10
985,177.72410420797922,18.952865972992626,10
986,178.00000421307504,19.119839428125143,10
987,178.09790421752834,19.092498007475864,10
988,178.21360423100847,19.262656736239474,10
989,178.4183042331173,19.396105067556245,10
990,178.51620423757058,19.38052361301092,10
991,178.6052042375104,19.3517563816913,10
992,178.78320423777149,19.30047835450098,10
993,178.81880424375123,19.332599959755782,10
994,179.11250424618135,19.279465622104244,10
995,179.24600424530317,19.297021512849753,10
996,179.3528042542699,19.271911284926354,10
997,179.47740426057092,19.26763628917356,10
998,179.68210426267976,19.267190914340887,10
999,179.78000426713302,19.32122452945496,10
1000,180.06480427674222,19.26967343336329,10
1001,180.09150427820856,19.263435721605774,10
1002,180.18050427814836,19.25383880692417,10
1003,180.29620429162853,19.400131734912524,10
1004,180.47420429188963,19.431590399696464,10
1005,180.59880429819063,19.426199809229722,10
1006,180.6878042981305,19.465711213401267,10
1007,180.7056043067759,19.46645270066124,10
1008,180.72340431542133,19.469888486958713,10
1009,181.00820432503065,19.314199217126788,10
1010,181.1951043298052,19.383777125664178,10
1011,181.4621043303875,19.532496673077404,10
1012,181.87150433498658,19.728724409093225,10
1013,181.9961043417063,19.799803875175712,10
1014,182.1118043551865,19.836989574637833,10
1015,182.1741043751253,19.880981873576463,10
1016,182.36990438441327,19.989719059543443,10
1017,182.54790438467438,19.870398770412457,10
1018,182.74370439396233,20.13569426276165,10
1019,182.93950439155773,20.01887966081831,10
1020,183.13530438915308,19.886585534290777,10
1021,183.34000439126194,20.028362646263734,10
1022,183.52690439603649,20.21606332836133,10
1023,183.53580440016844,20.198526249526665,10
1024,183.63370440462174,20.334030502599806,10
1025,183.81170440488285,20.262661982661438,10
1026,183.90070440482262,20.315237137585594,10
1027,184.07870440508373,20.279854979396852,10
1028,184.09650441372918,20.293572888009265,10
1029,184.11430442237466,20.28441129057201,10
1030,184.14100443553357,20.286187976640093,10
1031,184.32790444030806,20.31910979080047,10
1032,184.53260444241695,20.37515720017698,10
1033,184.81740445202618,20.620327367949898,10
1034,184.8174044516447,20.620327367949905,10
1035,185.06660446296215,20.571270402147366,10
1036,185.08440445991496,20.59935998486389,10
1037,185.36030446501076,20.68790346004342,10
1038,185.39590447099053,20.689749698929862,10
1039,185.58280447576504,20.874703575496092,10
1040,185.7875044895665,20.98292385995672,10
1041,186.0812044919966,21.128283275122847,10
1042,186.34820449257896,21.326096103284442,10
1043,186.5707044920221,21.531381889320524,10
1044,186.67750450098876,21.500834217612255,10
1045,186.85550450124987,21.606185342155634,10
1046,186.97120451473003,21.759355040694807,10
1047,187.17590451683884,21.650426300272194,10
1048,187.2649045167787,21.7131007017819,10
1049,187.28270452542415,21.730020969726684,10
1050,187.65650453535463,21.670287403872297,10
1051,187.7900045344765,21.694266696594813,10
1052,187.90570454795667,21.732531941530823,10
1053,187.92350455660215,21.743390638319934,10
1054,188.2083045545188,22.01838604301981,10
1055,188.22610456316426,22.013644892879903,10
1056,188.3240045676175,21.963955310333493,10
1057,188.43970456940508,22.14083841788693,10
1058,188.63550456700042,22.136354108009936,10
1059,188.74230457596718,22.278740999229115,10
1060,188.93810458525516,22.429627205265636,10
1061,188.9381045848737,22.42962720526564,10
1062,189.0449045821478,22.558587494409114,10
1063,189.16060458393537,22.504125835869626,10
1064,189.37420459055767,22.62039340211706,10
1065,189.4098045965374,22.62545086419448,10
1066,189.58780459679846,22.809705039045948,10
1067,189.5967046009305,22.806087412680974,10
1068,189.86370460151284,22.864131696655157,10
1069,189.87260460564488,22.860826824767607,10
1070,190.0506046059059,22.791887264452036,10
1071,190.13960460584576,22.759852835564125,10
1072,190.33540461513377,22.93097924202912,10
1073,190.3354046147523,22.93097924202911,10
1074,190.54900462137454,23.088140024623545,10
1075,190.76260461630423,23.213791077536843,10
1076,190.99400461859472,23.5317458194901,10
1077,191.1809046233693,23.471807283239762,10
1078,191.27880462782252,23.618312049066013,10
1079,191.31440463380227,23.641084232463342,10
1080,191.43010463558988,23.457179072746804,10
1081,191.53690463286392,23.52334590682497,10
1082,191.71490464657006,23.344913506891693,10
1083,191.72380465070202,23.335612861283227,10
1084,191.8217046551553,23.155249268964845,10
1085,191.9196046596086,23.283560410114873,10
1086,192.01750466406185,23.32978322079584,10
1087,192.23110467068415,23.245322975458674,10
1088,192.3468046724717,23.072192873653282,10
1089,192.4447046769249,23.12904614367758,10
1090,192.453604681057,23.132856760108655,10
1091,192.63160468131804,23.31143989250303,10
1092,192.7295046857713,23.270215193604756,10
1093,192.91640469054587,23.086165327058243,10
1094,193.0143046949991,23.092106015357547,10
1095,193.11220469945243,23.16496807841467,10
1096,193.22790470123996,23.221950469695905,10
1097,193.43260471504138,23.190045204011184,10
1098,193.45040471199425,23.182947073114516,10
1099,193.6462047212822,23.092668180558167,10
1100,193.82420472154328,23.157520204363593,10
1101,193.9399047233309,23.201399603267763,10
1102,194.06450472963186,23.15054326897203,10
1103,194.0912047427908,23.154175498209053,10
1104,194.4472047436944,23.168159278274217,10
1105,194.53620474363422,23.207519363762124,10
1106,194.81210474873006,23.286782601929946,10
1107,194.94560475954447,23.249629359050356,10
1108,195.21260476012682,23.250121486124765,10
1109,195.39950476490142,23.137081399357037,10
1110,195.69320477902406,23.212903905736674,10
1111,195.71990479218303,23.201968609629475,10
1112,195.93350479880527,23.265903178730028,10
1113,196.0492048005928,23.259227411819197,10
1114,196.06700479754574,23.251968718144127,10
1115,196.0848047944985,23.280407731330055,10
1116,196.19160479177265,23.267641321359044,10
1117,196.3073047935602,23.243755462738914,10
1118,196.52090480018245,23.33933319380981,10
1119,196.69890480044356,23.073018732306803,10
1120,196.90360480255237,23.143393092768576,10
1121,196.9392048085321,23.158964362099393,10
1122,197.03710481298538,23.19271118042859,10
1123,197.05490482163086,23.20280309219677,10
1124,197.25960482373972,23.269948554633533,10
1125,197.35750482819293,23.41706601980532,10
1126,197.4287048388678,23.393782324904127,10
1127,197.4465048475133,23.391193816800136,10
1128,197.4643048444661,23.419501348144188,10
1129,197.4821048531116,23.430149181099512,10
1130,197.58890486207832,23.585969046937937,10
1131,197.71350486837932,23.423905357265117,10
1132,197.90040487315383,23.467560443360668,10
1133,198.0784048734149,23.26559866264688,10
1134,198.18520488238164,23.340779329683123,10
1135,198.30090488416923,23.32971534168906,10
1136,198.4344049066763,23.351086152142294,10
1137,198.43440490629487,23.35108615214229,10
1138,198.75480490890664,23.33810197631031,10
1139,198.95950492270805,23.236643476451963,10
1140,199.13750492296919,23.346979445175293,10
1141,199.14640492710114,23.330686762533567,10
1142,199.1731049402601,23.3139787696517,10
1143,199.1731049398786,23.313978769651705,10
1144,199.2799049488453,23.283532109763588,10
1145,199.39560496232554,23.12703505900525,10
1146,199.5647049661425,23.071973603507452,10
1147,199.68930497244352,23.063656208617836,10
1148,199.71600497390983,23.073077913895187,10
1149,199.9207049760186,23.04292597296663,10
1150,199.9652049748192,23.062616326290964,10
1151,200.09870497394107,23.005771026184508,10
1152,200.3657049709001,23.004776339257994,10
1153,200.3835049795456,23.015493673363657,10
1154,200.68610497479648,23.04611114857879,10
1155,200.9798049772266,23.138852100744955,10
1156,201.09550499070676,23.001264044077754,10
1157,201.1133049876596,22.99448273711738,10
1158,201.23790499396065,22.952127024515594,10
1159,201.36250500026165,22.934742257603272,10
1160,201.7274050056787,22.7611289887068,10
1161,202.01220501528798,22.921750691190685,10
1162,202.10120501522778,22.88666798492082,10
1163,202.20800501250187,22.9473160604903,10
1164,202.49280501041852,23.013755622189205,10
1165,202.86660502034903,23.17668228369418,10
1166,202.87550502448107,23.19156521715206,10
1167,203.07130503376905,23.302862462627143,10
1168,203.2493050340301,23.097479417946175,10
1169,203.4629050406524,23.00651321310238,10
1170,203.5519050405922,23.159559213418486,10
1171,203.74770504988024,23.29500535511755,10
1172,203.7655050585257,23.289269472437677,10
1173,204.1482050616957,23.241322660871695,10
1174,204.24610506614903,23.21668189481605,10
1175,204.34400507060226,23.371046078522156,10
1176,204.45080506787636,23.378004264554928,10
1177,204.56650506966395,23.379075305798487,10
1178,204.66440507411716,23.271801870446634,10
1179,204.91360508543463,23.304907568661875,10
1180,204.93140509408005,23.32061254825018,10
1181,205.28740509498365,23.17584690039433,10
1182,205.42980509903768,23.194242461664945,10
1183,205.50100510971257,23.303993662397275,10
1184,205.67900510997362,23.409501129719388,10
1185,205.803605104582,23.606064099944902,10
1186,205.96380511557817,23.58023503693869,10
1187,206.00830511437874,23.602740047687565,10
1188,206.1863051146398,23.611911251911998,10
1189,206.1952051187718,23.60750318334024,10
1190,206.28420511871164,23.76530814147272,10
1191,206.48000511630704,23.85343985792098,10
1192,206.58680511358116,23.82119994155836,10
1193,206.69360512254784,23.969022574120718,10
1194,206.8271051216697,24.078753065339757,10
1195,206.95170513966332,24.243859703960364,10
1196,207.0852051387851,24.260616576185484,10
1197,207.1920051477519,24.157777216859067,10
1198,207.2810051476917,24.191089344729523,10
1199,207.38780514496585,24.28922255101991,10
1200,207.51240513957424,24.277240414602776,10
1201,207.62810514136177,24.25864481621509,10
1202,207.7349051503285,24.24238579535648,10
1203,207.75270515897395,24.241136884301962,10
1204,207.9396051637485,24.21015307442448,10
1205,208.1443051658573,24.29923030134253,10
1206,208.2600051793375,24.279915703973778,10
1207,208.37570518112506,24.25928334642447,10
1208,208.4736051855783,24.257184506804748,10
1209,208.72280519689576,24.180674674445115,10
1210,208.74060519384858,24.211061878339866,10
1211,208.83850519830185,24.17326486120501,10
1212,208.87410521597423,24.157975751438666,10
1213,209.14110521655658,24.1083050001258,10
1214,209.25680523003675,24.05261745654163,10
1215,209.36360522731084,24.048021184270407,10
1216,209.47930522909843,24.035276194967707,10
1217,209.59500523088596,24.081477838639643,10
1218,209.60390523501798,24.094611162968373,10
1219,209.70180523947124,24.125250875051147,10
1220,209.89760524875925,24.13507683153165,10
1221,209.9955052532125,23.98352395646049,10
1222,210.0400052637057,23.98949557202953,10
1223,210.0489052678377,23.986320068917845,10
1224,210.08450527381743,24.02766592305505,10
1225,210.19130528278419,24.15449997742475,10
1226,210.209105279737,24.184155847706975,10
1227,210.30700528419024,24.072522132066915,10
1228,210.39600528413013,24.222502698622343,10
1229,210.56510528794706,24.182590960646245,10
1230,210.7520052927216,24.061405103543038,10
1231,210.85880530168834,24.04709165143863,10
1232,211.01900531476923,24.217342684197295,10
1233,211.04570532792815,24.20949331279807,10
1234,211.18810532989733,24.15710143972615,10
1235,211.35720533619457,24.170991110652224,10
1236,211.55300534433945,24.074788846891956,10
1237,211.76660535096175,24.111106794722858,10
1238,211.86450535541502,23.940366807425256,10
1239,211.97130536438172,23.920720141938922,10
1240,212.1048053635036,23.95872456092995,10
1241,212.12260536045642,23.98946628425791,10
1242,212.13150536458843,23.979083332534266,10
1243,212.31840536936298,24.092008535898817,10
1244,212.4875053756601,24.185968174058495,10
1245,212.68330537325545,24.282092431563296,10
1246,212.70110537020832,24.31267867646316,10
1247,213.01260536997273,24.361309559663148,10
1248,213.19060537023378,24.585424727428606,10
1249,213.2885053746871,24.662664845806145,10
1250,213.47540537946162,24.78355632667323,10
1251,213.7513053845574,24.85797872253439,10
1252,214.12510538279534,25.000058908872333,10
1253,214.17850538610938,25.010646129625965,10
1254,214.22300538490995,25.024005751262056,10
1255,214.32980539387668,24.91257612237518,10
1256,214.52560539147208,25.10526578348294,10
1257,214.80150539656788,24.958511379329178,10
1258,214.97950539682893,24.988466912841456,10
1259,215.25540540192475,24.942565652433974,10
1260,215.38890541273923,24.99143231191033,10
1261,215.53130541470847,24.866156039736936,10
1262,215.7271054123038,24.9028112944847,10
1263,215.91400541707836,25.114722314160584,10
1264,216.02970541886594,25.11065866476284,10
1265,216.29670541944824,25.432659992774905,10
1266,216.43020543026267,25.582088978391294,10
1267,216.45690543172904,25.592223944241102,10
1268,216.55480543618228,25.725288038757235,10
1269,216.58150543764856,25.748727904467682,10
1270,216.75950543790964,25.563141160879372,10
1271,217.026505438492,25.70117272327623,10
1272,217.12440544294526,25.606414385723486,10
1273,217.30240544320637,25.735255464475472,10
1274,217.4448054451756,25.87466828132129,10
1275,217.44480544479416,25.8746682813213,10
1276,217.88980544601904,26.055503150081005,10
1277,218.15680544660137,25.906078515374084,10
1278,218.33480544686245,25.942607863132572,10
1279,218.521705451637,25.960861749085762,10
1280,218.7976054567328,26.163383953413827,10
1281,218.89550546118608,26.130600663364937,10
1282,219.00230547015275,26.229899659503072,10
1283,219.17140547645,26.19884911547945,10
1284,219.3316054757535,26.165334950805693,10
1285,219.6164054853628,26.361708142074782,10
1286,219.8656054849875,26.518224329577453,10
1287,219.98130549846775,26.594047188179136,10
1288,220.1059055047687,26.528054722908568,10
1289,220.1237055134142,26.51443553580329,10
1290,220.28390552441033,26.74154976353929,10
1291,220.34620553057175,26.64066101644973,10
1292,220.45300553953842,26.78816318720268,10
1293,220.5420055394783,26.942626736744742,10
1294,220.73780553707365,26.992553108498548,10
1295,221.004805537656,27.194895621893767,10
1296,221.11160554662274,27.33271741099609,10
1297,221.2006055465625,27.30665525087267,10
1298,221.46760554714487,27.664106389913485,10
1299,221.74350555224072,27.772984595881333,10
1300,221.7791055582204,27.763419069236225,10
1301,221.89480557170063,27.898146919386047,10
1302,222.09060558098864,27.892480458643725,10
1303,222.15290558881605,27.892772340010946,10
1304,222.27750559511713,27.870575175979354,10
1305,222.45550559537824,27.711915249594284,10
1306,222.54450559531801,27.83897875164263,10
1307,222.66910560161904,27.805422039644665,10
1308,222.77590561058574,27.921691790170883,10
1309,222.92720561706847,28.08998895119889,10
1310,223.22090561949852,28.063646870269878,10
1311,223.30990561943835,28.044007859479702,10
1312,223.78160562292965,28.148531009346982,10
1313,223.79050562706166,28.16334908757385,10
1314,223.88840563151498,28.311210475166057,10
1315,224.10200563813723,28.53930350753609,10
1316,224.1198056467827,28.552184960493136,10
1317,224.23550566026287,28.58876426548826,10
1318,224.52030566987213,28.790642811817275,10
1319,224.70720567464664,28.85460689956209,10
1320,224.9297056740898,28.793118823602637,10
1321,225.12550568337775,28.83188800573119,10
1322,225.21450568331755,28.7802534726359,10
1323,225.58830568155548,28.85546854301457,10
1324,225.67730569204483,28.82660046805295,10
1325,225.69510568899767,28.855846745946796,10
1326,225.7040056931297,28.8543689697655,10
1327,225.99770569555977,28.72153425902418,10
1328,226.19350569315512,28.943852220520878,10
1329,226.3893057024431,29.209543996338358,10
1330,226.49610571140988,29.163389092231757,10
1331,226.64740571789252,29.122642105986014,10
1332,226.83430572266707,29.318715273761182,10
1333,226.9322057271203,29.474093363734745,10
1334,227.11910573189485,29.45075261581031,10
1335,227.33270573851715,29.546215280396613,10
1336,227.44840574030474,29.557626200107126,10
1337,227.63530574507922,29.434897803389383,10
1338,227.75100575855944,29.354504332532127,10
1339,227.9468057678474,29.490601633847245,10
1340,228.14260576544274,29.33486546127232,10
1341,228.1871057876286,29.349990191927123,10
1342,228.222705805301,29.37171057408432,10
1343,228.31170581868574,29.375605719779486,10
1344,228.32950582733125,29.364614105980518,10
1345,228.34730582428406,29.361460902017072,10
1346,228.6232058293799,29.45575337877169,10
1347,228.91690583180994,29.4830397616355,10
1348,228.94360583327625,29.51716259647213,10
1349,228.97920583925603,29.56109795310479,10
1350,229.1661058440305,29.551737448364925,10
1351,229.2818058458181,29.70493677897799,10
1352,229.47760585510605,29.69401372779015,10
1353,229.57550585955929,29.67714563452038,10
1354,229.6823058685261,29.812744250719952,10
1355,229.78020587297934,29.759846791197987,10
1356,229.96710587775382,29.739482708024397,10
1357,229.96710587737238,29.739482708024383,10
1358,230.05610587731226,29.70531156081086,10
1359,230.1896058764341,29.712354779290393,10
1360,230.3676058766952,29.596369333246905,10
1361,230.4922058829962,29.585798868364193,10
1362,230.66130588681312,29.591249658815613,10
1363,230.84820589158767,29.49045242171398,10
1364,231.14190589401773,29.43969345117235,10
1365,231.22200589751347,29.365415824806508,10
1366,231.3288059064802,29.34598218132338,10
1367,231.4445059082678,29.4903464793533,10
1368,231.60470591926386,29.43214689942733,10
1369,231.7204059327441,29.437114888119773,10
1370,231.81830593719732,29.440159856649014,10
1371,231.85390594317704,29.47754661749006,10
1372,231.94290594311693,29.456758809597275,10
1373,232.04080594757016,29.286449979123635,10
1374,232.05860595621562,29.277324819009053,10
1375,232.34340596582487,29.390137543565725,10
1376,232.53920597511282,29.443380847398927,10
1377,232.53920597473143,29.443380847398917,10
1378,232.73500598401944,29.453428712917468,10
1379,232.8596059907391,29.440283918339865,10
1380,232.95750599519232,29.38765342700204,10
1381,233.2423060048016,29.5701548928224,10
1382,233.27790601078135,29.603512858387784,10
1383,233.45590601104246,29.403587598991283,10
1384,233.5538060154957,29.319638429994775,10
1385,233.65170601994896,29.477027104367885,10
1386,233.6695060285944,29.48724258427463,10
1387,233.7229060319085,29.509983337423602,10
1388,233.74070604055396,29.524283559345978,10
1389,234.03440604298402,29.43089545860885,10
1390,234.043306047116,29.443298661206665,10
1391,234.23020605189058,29.410691152570518,10
1392,234.4171060566651,29.698229658723832,10
1393,234.68410605724748,29.610320262983034,10
1394,234.684106056866,29.610320262983016,10
1395,234.9600060619618,29.6743800918116,10
1396,235.31600606286543,29.73926227548168,10
1397,235.41390606731866,29.734540145415625,10
1398,235.94790606886485,30.057311174497805,10
1399,236.04580607331815,30.02289642124756,10
1400,236.3484060802616,29.79892952411505,10
1401,236.5353060850361,29.924450262033343,10
1402,236.73110608263156,30.02241711073072,10
1403,236.84680608441903,30.162928463821718,10
1404,236.84680608403764,30.162928463821697,10
1405,236.86460609268312,30.154214479368445,10
1406,236.98030610616325,30.20358329758347,10
1407,236.98920611029524,30.21161739346796,10
1408,237.08710611474854,30.14371262917887,10
1409,237.2740061195231,30.330072915431376,10
1410,237.3986061258241,30.27376099113759,10
1411,237.43420613180382,30.29929267804061,10
1412,237.46980613778356,30.332069293119098,10
1413,237.76350614021368,30.26701704437826,10
1414,237.78130614885913,30.239869056272447,10
1415,237.88810615782586,30.14829624769264,10
1416,237.91480615929214,30.162636674689985,10
1417,238.11060616858012,30.026015334101537,10
1418,238.1729061764076,30.03103453566933,10
1419,238.27080618086092,30.107028881362613,10
1420,238.36870618531415,30.075974999019902,10
1421,238.37760618944617,30.091660237404085,10
1422,238.55560618970722,30.33002068638243,10
1423,238.74250619448176,30.38933461267239,10
1424,238.77810620046154,30.368655075131237,10
1425,238.97390620974952,30.373639383475528,10
1426,239.0629062096893,30.202895613600717,10
1427,239.15190621769844,30.243343941782925,10
1428,239.3477062233632,30.42504596769463,10
1429,239.552406225472,30.60674904536365,10
1430,239.7571062275809,30.655429266778285,10
1431,239.8550062320341,30.65791401353085,10
1432,239.88170623350038,30.67958192732664,10
1433,239.89950624214583,30.679931909287895,10
1434,239.89950624176436,30.67993190928789,10
1435,239.99740624621768,30.728659467448512,10
1436,240.2288062485082,30.740875450425715,10
1437,240.602606246746,30.797436361190226,10
1438,240.73610624586792,30.682060397834974,10
1439,240.78950624918193,30.659299105130607,10
1440,241.15440625459897,30.630290718659563,10
1441,241.27900627259265,30.610855056282137,10
1442,241.2790062722112,30.61085505628213,10
1443,241.48370627432,30.82374064341605,10
1444,241.6261062775412,30.930128365112896,10
1445,241.64390627449407,30.953850581011586,10
1446,241.7418062789474,30.799396711856076,10
1447,241.8664062852484,30.898036015850177,10
1448,242.06220629453637,31.004770596544933,10
1449,242.25800630382432,31.28093739327866,10
1450,242.27580630077713,31.275022709489985,10
1451,242.37370630523046,31.2417493477146,10
1452,242.5161063071997,31.297658190439606,10
1453,242.71190630479504,31.361595518197355,10
1454,242.91660630690384,31.296891893508292,10
1455,243.03230632038398,31.261293906074684,10
1456,243.1391063176581,31.126554243947197,10
1457,243.50400632307523,30.992198597875756,10
1458,243.53960632905492,31.00884094768377,10
1459,243.66420632366334,30.89699918734923,10
1460,243.68200633230876,30.888344127048125,10
1461,243.966806341918,30.83783546401954,10
1462,244.25160635152733,31.031056539442883,10
1463,244.38510637403436,31.082158730988112,10
1464,244.39400637816638,31.086166553558012,10
1465,244.5987063802752,31.071470582111406,10
1466,244.80340638238403,31.024447458019857,10
1467,244.8479063811029,30.94827724453811,10
1468,244.8657063897483,30.94348789048837,10
1469,244.89240639121468,30.968539879768844,10
1470,244.9814063911544,31.01423318746089,10
1471,245.07040639109422,31.167914711500714,10
1472,245.1149063898948,31.124603242223355,10
1473,245.22170639886153,31.17694525053945,10
1474,245.33740641234175,31.021950974393054,10
1475,245.4264064122815,30.987859154563527,10
1476,245.7201064147116,31.041329128472224,10
1477,245.74680642787052,31.011951549957246,10
1478,246.01380643020525,30.911950387196885,10
1479,246.12950643199275,30.84164392880326,10
1480,246.22740643644607,30.9016818468874,10
1481,246.41430644122062,30.764064185872027,10
1482,246.42320644535258,30.768977291896828,10
1483,246.5211064498058,30.597236749231183,10
1484,246.71690645909385,30.537434645687274,10
1485,246.7436064605601,30.558113715776585,10
1486,246.85040646952683,30.70350206564898,10
1487,246.8860064755066,30.688472272853947,10
1488,247.010606470115,30.584656926908753,10
1489,247.28650647521076,30.701181572172114,10
1490,247.50900647465386,30.79205766586203,10
1491,247.68700647491497,30.70045771584073,10
1492,247.86500647517605,30.87540549298303,10
1493,248.14090648027187,31.0144956916812,10
1494,248.3278064850464,30.965885393055892,10
1495,248.65710649217164,31.074144411781763,10
1496,248.69270648645875,31.10029247439976,10
1497,248.790606490912,31.05606202155727,10
1498,249.00420649753423,31.131257517580007,10
1499,249.111006506501,31.160707594556058,10
1500,249.3869065115968,31.18694818145234,10
1501,249.50260652507694,31.32011155823412,10
1502,249.68060652533808,31.33674263551113,10
1503,249.71620653131777,31.386712016537437,10
1504,249.9209065334266,31.66781510391178,10
1505,250.01880653787993,31.716617728247147,10
1506,250.2146065354753,31.629237183839816,10
1507,250.31250653992862,31.74927421301153,10
1508,250.5083065492165,31.563662932158536,10
1509,250.5439065668889,31.604246656885643,10
1510,250.5706065683552,31.60733066734912,10
1511,250.70410656747708,31.628242415959285,10
1512,250.7219065761225,31.648549434543025,10
1513,250.83760657791004,31.773934687144816,10
1514,251.02450658268458,31.871149877007262,10
1515,251.2203065919726,32.08096034654141,10
1516,251.3805065937563,32.12578920117574,10
1517,251.5585065940174,32.24938041786314,10
1518,251.64750659395722,32.22699420368912,10
1519,251.84330659155256,32.14826781242465,10
1520,251.86110658850538,32.131684252873974,10
1521,251.9679065974721,32.106666754398546,10
1522,252.0925066037731,32.05986209717992,10
1523,252.1993066127398,32.039947641617744,10
1524,252.31500661452736,32.07610278175601,10
1525,252.59980661244398,31.823743041323805,10
1526,252.60870661657606,31.81550745677058,10
1527,253.06260662231435,31.847612115474636,10
1528,253.10710663280756,31.859941880727938,10
1529,253.16940663896898,31.90766180214852,10
1530,253.26730664342222,31.87771598733361,10
1531,253.3741066406963,32.0013961899576,10
1532,253.47200664514958,31.849043599398765,10
1533,253.4987066583085,31.826460121980823,10
1534,253.62330666460952,31.79386768930021,10
1535,253.73900666639707,31.921389704405605,10
1536,253.82800666633685,32.07061469651663,10
1537,253.83690667046886,32.08563481113141,10
1538,254.10390667105122,31.909654629114012,10
1539,254.20180667550449,31.884306963143416,10
1540,254.201806675123,31.8843069631434,10
1541,254.30860667239713,31.854492522974923,10
1542,254.4866066726582,31.978636849221935,10
1543,254.68240667025356,31.86822122327493,10
1544,254.87820667954156,31.942441651659855,10
1545,254.88710668367358,31.955544570450737,10
1546,254.90490669231903,31.983514746768194,10
1547,254.9494066911196,32.014230334436505,10
1548,255.15410669322847,32.240706268936876,10
1549,255.26090670219514,32.21681154977321,10
1550,255.26090670181367,32.216811549773205,10
1551,255.34990670175347,32.289505701004934,10
1552,255.5279067020146,32.30798057977627,10
1553,255.88390670291818,32.3568689518535,10
1554,255.95510670438065,32.32040021763647,10
1555,256.15090671366863,32.51928132694529,10
1556,256.2577067109427,32.48986538761026,10
1557,256.4535067202307,32.50630952746254,10
1558,256.6315067204918,32.70416776505734,10
1559,256.6404067246238,32.702148010341794,10
1560,256.73830672907707,32.846187800937415,10
1561,256.86290673537815,32.96351151683568,10
1562,256.96970674434476,32.87460491312077,10
1563,257.0676067487981,32.82785896202498,10
1564,257.2545067535726,32.907870717035806,10
1565,257.4414067583471,32.82587496975349,10
1566,257.65500677666205,32.84197937160467,10
1567,257.6817067898209,32.833216475132296,10
1568,257.9576067949167,33.0948719033131,10
1569,258.05550679937,33.051364131394735,10
1570,258.064406803502,33.04675573030378,10
1571,258.2513068082766,33.22115920957437,10
1572,258.54500681070664,33.223727565719436,10
1573,258.669606805315,33.202374702118334,10
1574,258.7675068097683,33.152982365985565,10
1575,258.98110681639054,33.15882748116935,10
1576,259.0879068253573,33.23200344827899,10
1577,259.3638068304531,33.31155440913405,10
1578,259.63080683103544,33.12181616470916,10
1579,259.8266068403234,33.11911635867229,10
1580,259.9334068492901,33.10016359589244,10
1581,260.12920685857813,33.02966937164323,10
1582,260.2627068693926,33.02066843665428,10
1583,260.27160687352455,33.034102993257825,10
1584,260.3873068870048,33.12562243177814,10
1585,260.4763068869446,33.06946131344173,10
1586,260.7700068893747,33.11124419575974,10
1587,260.95690689414926,33.32958559428962,10
1588,261.04590689408906,33.39195174967783,10
1589,261.14380689854227,33.29937232995787,10
1590,261.6867069046019,33.351933675247594,10
1591,261.77570690454166,33.48340647617087,10
1592,261.7935069014946,33.478969276823165,10
1593,261.9893069107826,33.54811019056234,10
1594,262.26520691587837,33.57650335563598,10
1595,262.5322069164607,33.61687196441501,10
1596,262.71020691672175,33.658839519782255,10
1597,262.98610692181757,33.69614902716477,10
1598,263.1730069265921,33.886893265145886,10
1599,263.37770692870095,34.11168998678827,10
1600,263.48450692597504,34.0826568248009,10
1601,263.57350692591484,34.2166721327125,10
1602,263.7693069235102,34.2572061023461,10
1603,263.95620692828476,34.03333953030144,10
1604,264.07190694176495,33.991695827306714,10
1605,264.1876069552451,33.95529168005683,10
1606,264.2143069567114,33.94701840457479,10
1607,264.30330695665117,33.772815236939316,10
1608,264.37450695811356,33.63449871184218,10
1609,264.41010696409336,33.649337302710265,10
1610,264.7839069623313,33.66622942434686,10
1611,264.8996069758114,33.66742542438463,10
1612,264.99750698026475,33.64982902258013,10
1613,265.18440698503923,33.73902881020459,10
1614,265.46920698295594,33.74131383601453,10
1615,265.56710698740915,33.813376307756,10
1616,265.9320069928262,34.07745954962378,10
1617,266.21680699074284,33.79146231998516,10
1618,266.3948069910039,33.869144505285156,10
1619,266.40370699513596,33.878478561907535,10
1620,266.6084069972448,33.93571663535836,10
1621,266.72410699903236,34.05657089830433,10
1622,266.83090699630645,34.120032940838655,10
1623,266.87540700679955,34.103720432465906,10
1624,266.9021070082659,34.089943215603014,10
1625,266.94660701875904,34.07219564139178,10
1626,267.03560701869884,34.17229781932524,10
1627,267.0801070174995,34.15081774557452,10
1628,267.0979070144523,34.162155237007816,10
1629,267.2759070147133,34.05476184771238,10
1630,267.29370701166624,34.07841639365137,10
1631,267.3026070157982,34.08407570753546,10
1632,267.32930702895703,34.0774349895828,10
1633,267.6141070385664,34.232466708979835,10
1634,267.765407045049,34.26401740899304,10
1635,268.05020705465824,34.47416901082677,10
1636,268.0680070633037,34.47361246093091,10
1637,268.18370706509126,34.292616010438884,10
1638,268.21040706655754,34.25168583732583,10
1639,268.3172070755242,34.20222757522019,10
1640,268.4329070773118,34.16027449053469,10
1641,268.7088070824076,34.1991138203937,10
1642,268.80670708686085,34.15088475901249,10
1643,269.0203070817905,34.12422687275973,10
1644,269.038107090436,34.13295356580043,10
1645,269.3140070955318,34.27580021345148,10
1646,269.5276071138467,34.1404238756089,10
1647,269.73230711595545,34.099664626150044,10
1648,269.82130712396463,34.172860559616154,10
1649,270.02600713776604,34.02442169656055,10
1650,270.1595071373066,33.927469688709515,10
1651,270.2663071345807,33.973893004916434,10
1652,270.4621071438687,34.05657088533825,10
1653,270.56890715283544,34.052358283102535,10
1654,270.7736071549442,34.000258475441925,10
1655,270.87150715939754,34.106663568172905,10
1656,270.96940716385075,34.05692621691189,10
1657,271.0762071728175,34.16386454728612,10
1658,271.2542071730786,34.37763417472279,10
1659,271.26310717721054,34.39093530853047,10
1660,271.3610071816638,34.50255136429687,10
1661,271.5390071819249,34.50714260356248,10
1662,271.7170071821859,34.466820848880644,10
1663,271.7437071953449,34.45504846282712,10
1664,272.01960720044065,34.51678730207733,10
1665,272.1976072007018,34.70551794037523,10
1666,272.295507205155,34.66128957705708,10
1667,272.491307214443,34.59667844546419,10
1668,272.5269072204227,34.56808315257591,10
1669,272.61590722036254,34.54373459820732,10
1670,272.874007226981,34.54527725439776,10
1671,273.02530723346365,34.69290821198076,10
1672,273.02530723308223,34.692908211980736,10
1673,273.1054072365779,34.767922019834955,10
1674,273.22110723836545,34.72545101637106,10
1675,273.4347072332951,34.82429715029002,10
1676,273.79070723419875,34.571102577344966,10
1677,273.97760723897323,34.426303531328124,10
1678,274.44930724204585,34.61270135526738,10
1679,274.6273072423069,34.492628298214036,10
1680,274.83200724441576,34.61961563357417,10
1681,274.92990724886903,34.76863708267707,10
1682,275.13460726267044,34.846862300404666,10
1683,275.2414072716371,34.89978507630846,10
1684,275.5262072812464,34.75155522307515,10
1685,275.6241072856997,34.69147226823413,10
1686,275.7309072946664,34.821527095716576,10
1687,276.0068072997623,34.85728159030497,10
1688,276.1937073150863,34.97097542022114,10
1689,276.300507324053,34.89887844548199,10
1690,276.4963073216483,34.87614377098557,10
1691,276.7099073282706,34.71089997443328,10
1692,276.99470733787996,34.95569577463507,10
1693,276.9947073374984,34.95569577463506,10
1694,277.0837073374382,35.05807029587883,10
1695,277.119307343418,35.09121751061185,10
1696,277.1282073475499,35.1008659752523,10
1697,277.2617073583644,35.04009094482241,10
1698,277.4575073559598,34.82824451389524,10
1699,277.64440736073436,34.57357569602666,10
1700,277.76010736252186,34.71176207430044,10
1701,277.7690073666539,34.71071110030237,10
1702,277.7957073798127,34.712512570786885,10
1703,277.9114073932929,34.53129259944025,10
1704,278.0360073995939,34.46143247785026,10
1705,278.2140074016074,34.65907404294827,10
1706,278.40090740638186,34.546435147639386,10
1707,278.4276074195408,34.53045150953118,10
1708,278.69460742012313,34.434048866739815,10
1709,278.7925074245764,34.252612102750255,10
1710,278.9260074236982,34.08582632668067,10
1711,279.0328074209723,34.0327187730476,10
1712,279.0595074224386,34.032575250076285,10
1713,279.0773074310841,34.03903467839258,10
1714,279.17520743553735,34.04427657810024,10
1715,279.33540744653345,33.89814239923914,10
1716,279.37100744082056,33.87743805175656,10
1717,279.37100744043903,33.87743805175655,10
1718,279.397707453598,33.87195727874787,10
1719,279.49560745805127,33.8748971926919,10
1720,279.7804074559679,33.949225853941115,10
1721,279.8783074604212,34.03580255324555,10
1722,280.3322074661595,34.06792292467932,10
1723,280.51910747093405,34.154812017145325,10
1724,280.643707477235,34.12652217671654,10
1725,280.7416074816882,34.20838735518456,10
1726,281.1065074871053,34.39146754066995,10
1727,281.37350748768773,34.368171854911694,10
1728,281.4714074921409,34.321865142281226,10
1729,281.480307496273,34.32683565583927,10
1730,281.48030749589145,34.32683565583926,10
1731,281.667207500666,34.08584699046304,10
1732,281.77400749794003,34.03621497776605,10
1733,281.8630074978799,34.13987731588639,10
1734,281.96090750233316,33.971260874744736,10
1735,282.14780750710764,34.04324249332142,10
1736,282.174507508574,34.01809013047683,10
1737,282.3792075223754,34.137474616904534,10
1738,282.4949075241629,34.08965920842951,10
1739,282.58390752410276,34.138264808055645,10
1740,282.6017075210556,34.130158368169596,10
1741,282.8687075216379,34.28340114281568,10
1742,282.9043075276176,34.27726507571315,10
1743,283.01110752489166,34.21251006008365,10
1744,283.2158075386932,33.99734882901659,10
1745,283.3226075359672,33.97969922560084,10
1746,283.34930754912614,33.99292822817306,10
1747,283.6608075488906,34.12393672076292,10
1748,283.7854075551915,34.09125341773226,10
1749,283.89220756415824,34.191675612906685,10
1750,284.1770075737675,34.44084193310633,10
1751,284.45290757886335,34.44726696944485,10
1752,284.5419075788031,34.55196309355074,10
1753,284.6843075824384,34.68851919604645,10
1754,284.8267075977663,34.68204878558922,10
1755,284.9335076067331,34.65303631395767,10
1756,284.97800760553366,34.62828366239757,10
1757,285.2539076106294,34.847777924844095,10
1758,285.6455076062016,34.977422684635414,10
1759,285.77010760081,35.10489392483492,10
1760,285.96590759840535,35.169066896090825,10
1761,286.0727075956795,35.16535295740273,10
1762,286.1617075956193,35.11380797601648,10
1763,286.268507604586,34.93960849676743,10
1764,286.27740760871797,34.934543778067265,10
1765,286.27740760833643,34.93454377806725,10
1766,286.4554076085975,35.00295177639427,10
1767,286.48210761006385,34.98560446200572,10
1768,286.49100761419584,34.9965596129694,10
1769,286.4999076183278,34.989755020365834,10
1770,286.59780762278103,35.12836118313526,10
1771,286.7046076200552,35.14415177210436,10
1772,286.81140762902186,35.0987447146435,10
1773,286.90040762896166,35.0962120237191,10
1774,286.9182076259145,35.12410171615869,10
1775,287.12290762802337,35.222929776612474,10
1776,287.30980763279786,35.33340716261655,10
1777,287.48780763305894,35.21579153612216,10
1778,287.5145076462178,35.24048617829204,10
1779,287.7904076513136,35.41522238931003,10
1780,287.92390766212804,35.335988865716125,10
1781,288.02180766658137,35.30931218168129,10
1782,288.1108076665211,35.30689430593839,10
1783,288.19980766646097,35.417473834951636,10
1784,288.2265076679272,35.44257424288608,10
1785,288.32440767238046,35.42809296833859,10
1786,288.324407671999,35.42809296833858,10
1787,288.52020768128705,35.38433377766642,10
1788,288.73380767621666,35.5197810991695,10
1789,288.84060767349075,35.55079959921815,10
1790,289.01860767375183,35.490888051623585,10
1791,289.01860767337035,35.49088805162358,10
1792,289.19660767363143,35.311690034040204,10
1793,289.29450767808464,35.270517630306095,10
1794,289.38350767802444,35.20157951865233,10
1795,289.6505076786068,35.209829217662545,10
1796,289.7128076847682,35.22393799108715,10
1797,289.81070768922143,35.198824183532274,10
1798,289.90860769367475,35.141897806421916,10
1799,289.9976076936145,35.28064589849838,10
1800,290.09550769806776,35.21550288354866,10
1801,290.45150769897134,35.17274035089821,10
1802,290.5850077097858,35.182641617677184,10
1803,290.61170772294474,35.193898046476384,10
1804,290.7986077277193,35.338547961026485,10
1805,290.9232077340203,35.45889882027615,10
1806,291.0923077432129,35.40917932679906,10
1807,291.3860077573356,35.28902179415628,10
1808,291.4839077617888,35.40560989664982,10
1809,291.848807767206,35.38321449541133,10
1810,291.8577077713379,35.386926701544226,10
1811,291.95560777579124,35.326965200830436,10
1812,292.05350778024444,35.319541504920274,10
1813,292.16920779372464,35.32750333345196,10
1814,292.27600780269137,35.45662021542428,10
1815,292.3828077999654,35.287794731933985,10
1816,292.4718077999052,35.236204066318585,10
1817,292.4896078085507,35.226946197361826,10
1818,292.81000780113584,35.00882990858481,10
1819,292.9346078074369,35.02358883109906,10
1820,293.2016078080192,34.943662511135486,10
1821,293.48640781762845,34.98159808055564,10
1822,293.59320782659523,34.977109382300675,10
1823,293.7712078374058,35.0439776762889,10
1824,293.8602078373456,35.15222966883169,10
1825,293.9492078372854,35.08549242816894,10
1826,294.23400784689466,35.31537361260901,10
1827,294.2785078573878,35.30002489740713,10
1828,294.54550785797016,35.31074415665534,10
1829,294.750207860079,35.533926575747536,10
1830,294.79470785887963,35.509056800381586,10
1831,294.8837078588194,35.540322393840455,10
1832,295.1240078656233,35.568788057374796,10
1833,295.1240078652419,35.56878805737478,10
1834,295.23970786702944,35.584473468989465,10
1835,295.2486078711614,35.57908497121822,10
1836,295.2664078798069,35.57361772537448,10
1837,295.5423078849027,35.57999649623373,10
1838,295.55120788903463,35.58305746191062,10
1839,295.5779078905009,35.61407644929751,10
1840,295.5868078946329,35.60748626125797,10
1841,295.77370789940744,35.53091090483825,10
1842,295.80930790538713,35.53437856438607,10
1843,295.9250079071747,35.510393928175866,10
1844,295.9250079067932,35.51039392817586,10
1845,296.0496079130943,35.46166368751807,10
1846,296.14750791754744,35.55604880650679,10
1847,296.44120791997756,35.743836189581586,10
1848,296.45010792410955,35.742522541046895,10
1849,296.6459079217049,35.48273469389301,10
1850,296.86840792114805,35.59498712664165,10
1851,296.92180792446214,35.608301894157854,10
1852,297.1176079337501,35.70016322272874,10
1853,297.21550793820336,35.836849419633694,10
1854,297.58040794362034,35.665829913298154,10
1855,297.5893079477524,35.68023443966868,10
1856,297.60710795639784,35.6772595195114,10
1857,297.6338079695567,35.68686298430019,10
1858,297.82070797433124,35.92529451940068,10
1859,297.92750798329797,36.026482165961106,10
1860,297.98090798661195,36.04871107537499,10
1861,298.0877079838861,36.05680600628903,10
1862,298.18560798833937,36.014703941685006,10
1863,298.29240799730604,36.01558368268414,10
1864,298.4081079990936,36.135132441749356,10
1865,298.42590800773905,36.13043140489514,10
1866,298.58610801873516,36.21128678591112,10
1867,298.5950080228672,36.210449471892765,10
1868,298.7018080318339,36.15048201782018,10
1869,298.7107080359659,36.152800879439354,10
1870,298.8086080404191,36.070402866426946,10
1871,298.8531080509122,36.081240846932765,10
1872,299.0400080556868,36.31961080100825,10
1873,299.0756080616665,36.303497527566606,10
1874,299.1824080706333,36.2432517975375,10
1875,299.1913080747653,36.2526931925025,10
1876,299.2091080834107,36.26163578643916,10
1877,299.38710808367176,36.17882519219816,10
1878,299.4939080809458,36.344112393010505,10
1879,299.51170808959125,36.3478317923181,10
1880,299.6007080895311,36.34860662410125,10
1881,299.6986080939844,36.495239359947085,10
1882,299.7876080939242,36.43927195540646,10
1883,299.9033081074043,36.58716988471866,10
1884,299.9923081073441,36.73787793705576,10
1885,300.2771081169534,36.67535574418069,10
1886,300.4106081281865,36.76977774515459,10
1887,300.44620814585886,36.796183737654516,10
1888,300.4640081545043,36.815916039826675,10
1889,300.4818081631498,36.831136066783046,10
1890,300.4907081672817,36.83135710333698,10
1891,300.62420816640366,37.004831620581776,10
1892,300.7221081708568,37.0173551885278,10
1893,300.9179081684522,36.9687734614892,10
1894,301.08700817764486,36.93894451055579,10
1895,301.18490818209807,37.03387558954169,10
1896,301.39850818872037,37.302793899169565,10
1897,301.63880819719043,37.45876551661378,10
1898,301.6833082081023,37.47998179854711,10
1899,301.79900820988985,37.66423842118969,10
1900,301.89690821434317,37.82951365734653,10
1901,302.35080822008143,37.96744237292172,10
1902,302.5288082203425,38.012293675876904,10
1903,302.53770822447444,38.022601302798684,10
1904,302.537708224093,38.022601302798684,10
1905,302.6534082258806,38.11295611371725,10
1906,302.76020823484725,38.12262128097181,10
1907,302.8581082393006,38.27576040163546,10
1908,303.2230082447176,38.34065298070409,10
1909,303.3298082536843,38.35960457930017,10
1910,303.37430825248487,38.381102542649344,10
1911,303.4722082569382,38.400537257292044,10
1912,303.49000825389095,38.43165355686394,10
1913,303.5879082583442,38.42101356708434,10
1914,303.8638082634401,38.76528363033049,10
1915,303.95280826337984,38.754679597306534,10
1916,303.9884082693596,38.75212239689119,10
1917,303.9884082689781,38.75212239689117,10
1918,304.0240082632653,38.80211859406893,10
1919,304.14860826956624,38.65593421589067,10
1920,304.1575082736982,38.63769402255719,10
1921,304.18420827516445,38.663301160451795,10
1922,304.36220827542553,38.495031599825396,10
1923,304.4512082753653,38.485359338288546,10
1924,304.4690082840108,38.477244654570185,10
1925,304.5580082839506,38.572395346301235,10
1926,304.682608278559,38.76794892551233,10
1927,304.7716082784988,38.77705137596096,10
1928,304.7983082916577,38.78896191846546,10
1929,304.9140083051378,38.61362668140737,10
1930,305.03860831143885,38.63810292653251,10
1931,305.2255083162134,38.56432295657094,10
1932,305.2255083158319,38.564322956570926,10
1933,305.23440831996385,38.55863873968444,10
1934,305.50140832054626,38.635870559101775,10
1935,305.6883083253207,38.739353119416585,10
1936,305.7951083342874,38.81643849937942,10
1937,305.8841083342272,38.762119717931114,10
1938,305.9820083386805,38.69350102715375,10
1939,306.16000833894157,38.95442438902001,10
1940,306.2579083433949,38.96550373059626,10
1941,306.4359083436559,39.160573104686115,10
1942,306.55160834544347,39.28250366300812,10
1943,306.5694083423963,39.30102794820887,10
1944,306.7385083361867,39.412259906278756,10
1945,306.8275083361265,39.3590764789619,10
1946,307.04110834274877,39.148929622026884,10
1947,307.22800834752326,39.11662331361423,10
1948,307.40600834778434,39.04433256781981,10
1949,307.4060083474029,39.04433256781981,10
1950,307.51280834467696,38.95778614137149,10
1951,307.6107083491303,38.90161164993916,10
1952,307.62850835777573,38.913220574696524,10
1953,307.73530836674234,38.94116098984838,10
1954,307.84210836401644,38.759213332178334,10
1955,308.07350837966567,38.641520614686364,10
1956,308.0913083883112,38.66637980351964,10
1957,308.1447084033178,38.684107065424165,10
1958,308.1536084074498,38.685316275683995,10
1959,308.18030840891606,38.66986216371388,10
1960,308.1803084085346,38.66986216371389,10
1961,308.2782084129878,38.67142686014629,10
1962,308.56300841090444,38.60671983196818,10
1963,308.8300084114868,38.46569176500548,10
1964,309.01690841626134,38.48066295083369,10
1965,309.19490841652237,38.434159936765894,10
1966,309.3106084183099,38.39527461342418,10
1967,309.41740842727665,38.324585678493214,10
1968,309.63100842220626,38.22268920505354,10
1969,309.906908427302,38.259730240530175,10
1970,310.00480843175535,38.244230723784085,10
1971,310.2273084311985,38.34508414594105,10
1972,310.4053084314595,38.292165320314126,10
1973,310.6011084407475,38.34949990056272,10
1974,310.88590843866416,38.56982708708877,10
1975,310.91260844013044,38.56226766687969,10
1976,311.02830845361063,38.51195209848204,10
1977,311.2063084538717,38.46475470501862,10
1978,311.5712084592888,38.3340596115059,10
1979,311.6780084682555,38.15154198368471,10
1980,311.77590847270875,38.10215312468682,10
1981,311.8649084726485,38.25807386547669,10
1982,312.0607084702439,38.15468038020866,10
1983,312.1141084731438,38.166059908191876,10
1984,312.3099084824318,38.211461193722634,10
1985,312.43450850042547,38.30731339981303,10
1986,312.81720850317686,38.03250108599674,10
1987,312.8261085073088,38.0138830346739,10
1988,312.84390851595424,38.03793074404133,10
1989,312.9863085195895,37.877702364821445,10
1990,313.0308085300827,37.87857949830139,10
1991,313.128708534536,37.85127426415705,10
1992,313.2355085435027,37.8871859633096,10
1993,313.2533085521482,37.89187344624028,10
1994,313.44910856143616,37.77687436921835,10
1995,313.5381085613759,37.93348249343955,10
1996,313.80510856195826,37.97332162937971,10
1997,314.1700085673753,38.07737286882305,10
1998,314.4370085764457,37.960005226081286,10
1999,314.4904085780937,37.924473474323136,10
2000,314.7218085937428,38.01308080952124,10
2001,314.73960859069564,38.03010360295092,10
2002,314.9176085909568,38.04171936892923,10
2003,315.21130860507947,38.23721684621759,10
2004,315.47830860566177,38.018943835753646,10
2005,315.6029086119628,37.99371200285819,10
2006,315.7453086039055,37.927904459947094,10
2007,316.0212086090013,38.02727086178897,10
2008,316.12800861796796,37.84022686821319,10
2009,316.306008618229,37.776444517984544,10
2010,316.41280861550314,37.86442670391577,10
2011,316.51960862446987,37.826366847302566,10
2012,316.69760862473095,37.74932070232244,10
2013,316.8044086336977,37.752747795555415,10
2014,316.91120864266435,37.58104774206193,10
2015,317.00020864260415,37.667762000592056,10
2016,317.0091086467361,37.67653808460725,10
2017,317.13370865303716,37.51295969532709,10
2018,317.2405086503112,37.61860362973387,10
2019,317.41850865057233,37.66746877005803,10
2020,317.6054086553468,37.707657810101836,10
2021,317.6321086568131,37.712494780669836,10
2022,317.81900866158765,37.67984447627169,10
2023,318.0059086663622,37.6582897517288,10
2024,318.1127086636362,37.77281103508246,10
2025,318.3975086732455,37.930739967606016,10
2026,318.4242086864044,37.92119184157502,10
2027,318.7980086963349,37.848296739344455,10
2028,318.91370869812255,37.8105616536328,10
2029,318.9315087067679,37.79347722639324,10
2030,318.9493087154134,37.76861674388295,10
2031,318.9760087285723,37.77693373552204,10
2032,318.98490873270424,37.774148404839885,10
2033,319.01160873417047,37.758132567454744,10
2034,319.1451087332923,37.829769469034844,10
2035,319.32310873355345,37.80305176532496,10
2036,319.34090874219885,37.818996227447464,10
2037,319.44770873947294,37.98575637887168,10
2038,319.5367087394128,38.13703005702625,10
2039,319.71470875943584,38.10221314861377,10
2040,319.83040876122334,38.249969609985115,10
2041,319.92830876567666,38.40402638004106,10
2042,320.07960877424404,38.29095050222656,10
2043,320.2576087745051,38.11983682917074,10
2044,320.5335087796009,38.171289513344625,10
2045,320.63140878405414,38.11099309051564,10
2046,320.7382087813283,38.28917142956925,10
2047,320.8361087857815,38.443730438431004,10
2048,320.8450087899135,38.45180069613625,10
2049,320.96070879170105,38.52132060245764,10
2050,320.9874088048599,38.50466468399708,10
2051,321.09420881382664,38.622396156916544,10
2052,321.12980881980644,38.628548319978194,10
2053,321.30780882006746,38.72130434654909,10
2054,321.5125088221763,38.73838055688134,10
2055,321.6282088239638,38.925082491514445,10
2056,321.6905088317913,38.94769647973552,10
2057,321.69940883592324,38.94073476831017,10
2058,321.90410883803213,38.8809140150096,10
2059,321.9575088530388,38.886749161118914,10
2060,322.15330886232675,38.92131199245565,10
2061,322.1889088566139,38.934117647757645,10
2062,322.28680886106713,38.91174003303704,10
2063,322.56270886616295,38.7330819993174,10
2064,322.85640886859306,38.989929272908284,10
2065,322.9721088820732,38.9803628817271,10
2066,323.07000889707604,38.988660666686215,10
2067,323.2658088946714,39.14617199491663,10
2068,323.44380889493243,39.14675653824032,10
2069,323.799808895836,39.13780753885498,10
2070,323.89770890028933,39.11432916791541,10
2071,323.9155089089348,39.11473868456944,10
2072,323.92440891306677,39.11365750711672,10
2073,324.0401089148544,39.131097819611504,10
2074,324.0579089234997,39.12054795129409,10
2075,324.084608924966,39.09184760814479,10
2076,324.093508929098,39.10393685083356,10
2077,324.1024089332299,39.085768371019206,10
2078,324.3961089473527,39.28490626303546,10
2079,324.6631089479351,39.35402679918371,10
2080,324.86780895004387,39.43524373759172,10
2081,324.95680894998367,39.425712843055585,10
2082,324.9746089469364,39.441099507982145,10
2083,325.09030894872404,39.57037573266497,10
2084,325.3751089466407,39.850571760538216,10
2085,325.5531089469017,39.98114686896145,10
2086,325.8646089583587,40.12620905531782,10
2087,325.87350896249075,40.13368880806683,10
2088,325.900208963957,40.146746774443486,10
2089,326.0515089704396,40.11333308425892,10
2090,326.1583089677137,40.08885743956985,10
2091,326.25620897216703,40.032544276994045,10
2092,326.53210897726285,39.813495406442264,10
2093,326.7190089820374,40.082796566733144,10
2094,326.9237089841462,40.30779965207347,10
2095,327.1373089907684,40.48379661166105,10
2096,327.2530090042486,40.507115674871834,10
2097,327.35090900870193,40.57902252660076,10
2098,327.53780901347636,40.56154516245956,10
2099,327.55560902212187,40.55573831550414,10
2100,327.84040903173116,40.368043706780696,10
2101,327.8582090403765,40.36188629997735,10
2102,327.8671090445085,40.359349148064105,10
2103,327.9116090433091,40.37811503919081,10
2104,328.01840905227584,40.528819787397474,10
2105,328.134109065756,40.53742371598607,10
2106,328.24090907472277,40.52891207184535,10
2107,328.25870908336816,40.53574323925283,10
2108,328.4545090926561,40.64639277259455,10
2109,328.64140910798017,40.72130655860067,10
2110,328.73930911243343,40.64907332250082,10
2111,328.93510912172155,40.67109555863434,10
2112,329.13090913100945,40.84776802042857,10
2113,329.3267091286048,40.74554594134572,10
2114,329.52250913789277,40.857372137729264,10
2115,329.8607091495315,41.00732002566584,10
2116,329.93190916020626,41.072479287458485,10
2117,329.9408091643383,41.073686752392895,10
2118,330.1188091645994,40.99359794551048,10
2119,330.3057091693739,41.091580264620205,10
2120,330.4036091738272,41.022601544960395,10
2121,330.7062091690781,40.800562229255895,10
2122,330.91090917118686,40.79563618251156,10
2123,331.11560918498833,40.940134121158344,10
2124,331.1156091846069,40.94013412115833,10
2125,331.222409181881,41.082115479303496,10
2126,331.2491091833473,41.081349594684184,10
2127,331.5606091831116,41.171545767184725,10
2128,331.5784091917571,41.1797963463,10
2129,331.66740919169695,41.300565669540475,10
2130,331.68520920034234,41.28661810539886,10
2131,331.7742092002821,41.278239639929396,10
2132,332.1302092011857,41.6268230428685,10
2133,332.32600919878104,41.723802429673746,10
2134,332.4328092077478,41.86053583815687,10
2135,332.46840921372757,41.839934833183264,10
2136,332.47730921785944,41.83906922623271,10
2137,332.61080921698135,41.97337126465875,10
2138,332.87780921756365,42.02029311550469,10
2139,332.89560922620916,42.020699444773236,10
2140,332.9401092250097,42.013038220617425,10
2141,333.02910923301886,42.020495234124475,10
2142,333.03800923715085,42.02785774046788,10
2143,333.22490924192533,42.13701717773888,10
2144,333.4919092425077,42.286136333535296,10
2145,333.52750926018007,42.308479690206966,10
2146,333.70550926044115,42.47270667198092,10
2147,333.8034092648944,42.4882027198513,10
2148,333.89240926483416,42.64800262655179,10
2149,333.9992092738009,42.485625795723585,10
2150,334.1772092740619,42.42891032026857,10
2151,334.28400928302864,42.435054022686415,10
2152,334.3107092961876,42.44368210500843,10
2153,334.42640930966775,42.35808372799798,10
2154,334.524309314121,42.519342435412796,10
2155,334.6222093185742,42.60597814719034,10
2156,334.72900932754095,42.76054667065734,10
2157,334.83580932481505,42.895001264490304,10
2158,335.0405093269238,42.65456561954542,10
2159,335.2541093335461,42.79331041163836,10
2160,335.3787093281545,42.735429874736646,10
2161,335.41430933413426,42.7187039368689,10
2162,335.4499093518066,42.73881547095173,10
2163,335.64570936109465,42.84811808155596,10
2164,335.77030937908825,42.83708653444793,10
2165,335.7881093877337,42.83649892882388,10
2166,335.87710938767344,42.661213159728284,10
2167,335.9928094011536,42.57338955199256,10
2168,336.0106094097991,42.56287406353494,10
2169,336.20640940739446,42.628930063435156,10
2170,336.2153094115264,42.62909213380752,10
2171,336.6603094127513,42.64766928816031,10
2172,336.76710942171803,42.65737574630494,10
2173,336.77600942585,42.65678875945298,10
2174,336.90060943215093,42.776540192732135,10
2175,336.909509436283,42.783350883453856,10
2176,337.105309445571,42.86499883917702,10
2177,337.229909451872,42.907364514183364,10
2178,337.3367094608386,42.976876342672064,10
2179,337.3456094649706,42.984005419995576,10
2180,337.3634094736161,42.99311597383256,10
2181,337.38120947056893,42.992309408499565,10
2182,337.40790948372785,42.98210628860095,10
2183,337.78170949365835,42.72434865449191,10
2184,337.9953095002806,42.96610319164261,10
2185,338.2712095053765,43.055192364205865,10
2186,338.3602095053162,43.02568521284105,10
2187,338.55600951460417,42.97216492737119,10
2188,338.6094095162522,42.969793170831885,10
2189,338.69840951619193,43.13086964322527,10
2190,338.9120095111216,43.22587141398321,10
2191,339.02770952460173,43.24185266799943,10
2192,339.02770952422026,43.241852667999446,10
2193,339.22350953350826,43.52641509904264,10
2194,339.330309542475,43.67270073149937,10
2195,339.4460095442626,43.4971820864561,10
2196,339.4460095438811,43.49718208645609,10
2197,339.5617095456686,43.32674404833254,10
2198,339.5795095543141,43.3355632100469,10
2199,339.6685095542538,43.40232909432946,10
2200,339.66850955387235,43.40232909432945,10
2201,339.6774095580043,43.41885148932673,10
2202,339.8821095718058,43.65654359857603,10
2203,340.0690095765803,43.40719048895636,10
2204,340.2025095873948,43.56736193069859,10
2205,340.3271095936958,43.559345377356614,10
2206,340.3360095978278,43.54215874228814,10
2207,340.3360095974463,43.54215874228814,10
2208,340.42500959738607,43.54185554148407,10
2209,340.4428096060315,43.546237499580705,10
2210,340.54960961499825,43.623463818115255,10
2211,340.55850961913023,43.6062721794807,10
2212,340.64750961907004,43.60748314350403,10
2213,340.6742096205363,43.640460091137264,10
2214,340.69200962918177,43.633203282483244,10
2215,340.7187096423407,43.6058846309845,10
2216,340.80770964228043,43.67570336855225,10
2217,341.00350965156844,43.95439386059506,10
2218,341.02130966021383,43.94688047964476,10
2219,341.13700967369397,44.03936559267752,10
2220,341.24380968266075,43.971461366589075,10
2221,341.25270968679274,43.95430972662737,10
2222,341.6176096922098,43.85115168939831,10
2223,341.8045096969843,43.89267878656667,10
2224,341.89350969692407,43.8892699172062,10
2225,341.9914097013774,44.0617466916071,10
2226,342.1071097148576,44.00234742879739,10
2227,342.2050097193108,43.99261664641714,10
2228,342.302909723764,44.159139537538046,10
2229,342.48980972853855,44.22572378172392,10
2230,342.507609737184,44.220835962185305,10
2231,342.7835097422798,43.98407830774005,10
2232,342.79240974641186,43.990880106242244,10
2233,342.8903097508651,44.14123039462954,10
2234,343.0060097643452,44.14585488953224,10
2235,343.1039097687984,44.07876663266552,10
2236,343.2374097796129,44.02071992470953,10
2237,343.4421097817218,43.970213345897555,10
2238,343.468809783188,43.9839892529486,10
2239,343.5756097804622,43.81354362570887,10
2240,343.57560978008064,43.81354362570885,10
2241,343.66460978002044,43.8171793324324,10
2242,343.86930979382186,43.688497331790344,10
2243,343.8693097934404,43.688497331790344,10
2244,343.9583097933802,43.68684540533684,10
2245,344.0740097951678,43.87885613811964,10
2246,344.358809804777,43.63487330281675,10
2247,344.554609814065,43.81501001319472,10
2248,344.5546098136835,43.81501001319472,10
2249,344.55460981330197,43.81501001319472,10
2250,344.7593098154108,43.8552026902139,10
2251,344.85720981986407,43.85527795730449,10
2252,345.061909821973,43.971694518385455,10
2253,345.16870983093975,43.92981436750515,10
2254,345.2577098308795,44.050696395985916,10
2255,345.36450982815353,43.89299960065311,10
2256,345.382309836799,43.910075972817644,10
2257,345.4802098412522,43.97214187679432,10
2258,345.569209841192,43.96607685922546,10
2259,345.68490985467224,44.079745024727636,10
2260,345.77390985461204,44.20304441557671,10
2261,345.8807098635787,44.14938451294168,10
2262,345.88960986771065,44.1494273721606,10
2263,345.9875098721639,44.31761708201634,10
2264,346.0854098766171,44.48101401061578,10
2265,346.09430988074917,44.47515393203943,10
2266,346.1299098867289,44.46346510259689,10
2267,346.14770989537436,44.47270004239386,10
2268,346.15660989950635,44.45575960540443,10
2269,346.17440990815174,44.44215666203272,10
2270,346.17440990777027,44.44215666203273,10
2271,346.27230991222353,44.429239921650705,10
2272,346.37910990949763,44.544032970920306,10
2273,346.3880099136296,44.55050431237363,10
2274,346.4770099135694,44.54684942699974,10
2275,346.5660099135092,44.54497248015645,10
2276,346.56600991312774,44.54497248015645,10
2277,346.57490991725973,44.561851351886425,10
2278,346.59270991421255,44.56172494825397,10
2279,346.8241099181691,44.71095388509273,10
2280,346.92200992262235,44.72269512149757,10
2281,347.0110099225621,44.64518993847364,10
2282,347.02880993120755,44.651612125029814,10
2283,347.16230993032946,44.64570348627461,10
2284,347.17120993446144,44.64147972348905,10
2285,347.2958099290698,44.79980691818674,10
2286,347.4827099338444,44.70202808587853,10
2287,347.5717099337841,44.76718856407739,10
2288,347.77640993589296,44.906656682879465,10
2289,348.0523099409887,45.032555553908686,10
2290,348.1947099680093,45.02551920688716,10
2291,348.31930997431033,44.991103435385256,10
2292,348.3193099739288,44.99110343538525,10
2293,348.59520997902456,45.16724115543973,10
2294,348.7732099792857,45.23118662766626,10
2295,348.9601099840603,45.44998187980958,10
2296,348.97790999270563,45.439582008905255,10
2297,349.08471000167236,45.610936397365236,10
2298,349.28050999926774,45.50718315229274,10
2299,349.49410999419734,45.28685399112334,10
2300,349.6009100031641,45.34381850447504,10
2301,349.70771001213075,45.18267600624494,10
2302,349.81451002109753,45.09962323796878,10
2303,349.9035100210373,44.932265843117484,10
2304,349.9480100315305,44.96458829754425,10
2305,349.9658100284833,44.9645843838988,10
2306,350.15271003325785,44.883697837835115,10
2307,350.33071003351887,45.17422135201187,10
2308,350.36631003949867,45.164732331303675,10
2309,350.4642100439519,45.28392615017954,10
2310,350.57101004122603,45.40467665409886,10
2311,350.7668100388213,45.35936981020417,10
2312,350.76681003843987,45.35936981020418,10
2313,350.811310048933,45.37497206069085,10
2314,350.82021005306495,45.39209101234351,10
2315,350.83801006171046,45.397736764880534,10
2316,350.9537100634981,45.49358121046026,10
2317,351.04271006343777,45.327134728674224,10
2318,351.1584100652254,45.27981343565035,10
2319,351.33641006548646,45.378601958804225,10
2320,351.35421007413186,45.38941524296746,10
2321,351.6212100747142,45.30423159989594,10
2322,351.63901008335966,45.30479885583624,10
2323,351.7280100832994,45.47823641375529,10
2324,351.7814100983061,45.482091246284554,10
2325,351.7992101069516,45.498489967383684,10
2326,351.9861101117261,45.51633397096405,10
2327,352.03951011504006,45.489270770913876,10
2328,352.1730101258546,45.434246588961756,10
2329,352.36881012344986,45.50094654148599,10
2330,352.38661013209537,45.512558421357966,10
2331,352.4044101407409,45.51828204411514,10
2332,352.54681014271006,45.61978763650742,10
2333,352.5913101415106,45.64257099747996,10
2334,352.68921014596384,45.648581975335276,10
2335,352.95621014654614,45.50086918604065,10
2336,353.14311015132074,45.27939071098391,10
2337,353.4190101564165,45.128354562007814,10
2338,353.68601015699886,45.085721688531244,10
2339,353.8907101591077,44.9934899496106,10
2340,353.9886101635609,44.99372762518396,10
2341,353.9886101631794,44.99372762518395,10
2342,354.10431016496693,44.82972186090203,10
2343,354.20221016942025,44.80137856200863,10
2344,354.2912101693601,44.76299594739742,10
2345,354.4069101711476,44.922396590464366,10
2346,354.6116101732564,44.850255493841004,10
2347,354.7095101777096,44.96743126302181,10
2348,355.09221018046105,45.06865331847936,10
2349,355.1990101894277,45.239809627986816,10
2350,355.42151020056343,45.23358868791847,10
2351,355.5105102005033,45.304162647797256,10
2352,355.86651020140687,45.29075624511283,10
2353,356.12461020802533,45.17833494895203,10
2354,356.4806102089289,45.0422317150369,10
2355,356.65861020919,45.290327757120885,10
2356,356.84551021396453,45.239328163959364,10
2357,357.13031022357376,45.471870026184845,10
2358,357.19261023140126,45.47727268552606,10
2359,357.29941022867536,45.54437729220962,10
2360,357.5130102352976,45.44222681809232,10
2361,357.5308102322505,45.44071224050985,10
2362,357.7088102325116,45.44934969855144,10
2363,357.79781023245135,45.564674837672214,10
2364,358.0114102390736,45.375789661992705,10
2365,358.04701024505334,45.37524269041413,10
2366,358.34961025199686,45.415631041694716,10
2367,358.4475102564501,45.3442999034357,10
2368,358.4564102605821,45.35604017874805,10
2369,358.4831102737411,45.3801390259657,10
2370,358.66111027400206,45.311858878735165,10
2371,358.7679102829687,45.4979222477753,10
2372,358.8836102847563,45.33218579264622,10
2373,359.00821030274994,45.1658382395405,10
2374,359.1239103045375,45.151623744704054,10
2375,359.23961030632506,45.14391874673434,10
2376,359.3553103198052,45.07894848335443,10
2377,359.57781033094096,45.36910920354068,10
2378,359.77361034022897,45.31511706998418,10
2379,360.04061034081127,45.52850933970055,10
2380,360.2364103384067,45.53854101183692,10
2381,360.32541033834644,45.534076311741046,10
2382,360.3343103424785,45.53221782609721,10
2383,360.44111035144516,45.53085315679268,10
2384,360.46781035291144,45.516379452214416,10
2385,360.76151036703413,45.73384497340834,10
2386,360.9484103718086,45.56261575812974,10
2387,361.1353103765831,45.61797900776229,10
2388,361.34001037869194,45.52900809131586,10
2389,361.3578103873375,45.52832764242051,10
2390,361.3934103933172,45.52922459714812,10
2391,361.5803103980917,45.737285747277205,10
2392,361.7850104002005,45.53666245199225,10
2393,361.8829104046537,45.72070319004027,10
2394,361.98971041362046,45.91706381081466,10
2395,362.1143104199215,45.85205944892173,10
2396,362.29231042018256,45.929080191239265,10
2397,362.39911042914935,45.91827899763963,10
2398,362.48811042908903,45.755570401543686,10
2399,362.5949104263632,45.67667711414701,10
2400,362.8708104314589,45.58240320732052,10
2401,362.8975104446178,45.58905341306447,10
2402,363.08441044939235,45.50513222837965,10
2403,363.0933104535244,45.503137168348765,10
2404,363.1111104621699,45.51438108806759,10
2405,363.22681047565,45.52084595928239,10
2406,363.50271048074575,45.462869145519065,10
2407,363.51161048487774,45.45597975587437,10
2408,363.6006104848176,45.2930677796133,10
2409,363.7875104895921,45.229599941447255,10
2410,363.88541049404535,45.173308714713976,10
2411,363.97441049398515,45.17445820201259,10
2412,364.09901048859354,45.23679425593251,10
2413,364.23251049940797,45.18429678857904,10
2414,364.43721050151674,45.281399642204285,10
2415,364.6330105108048,45.33093943711688,10
2416,364.66861052847713,45.31292238872847,10
2417,364.77541053744386,45.15444524715036,10
2418,365.15811054019514,44.83589393533213,10
2419,365.34501054496974,44.953528070669975,10
2420,365.45181055393647,44.97963397110166,10
2421,365.4607105580685,44.979795398216105,10
2422,365.4785105667139,44.99167480200617,10
2423,365.61201057752834,45.162821762640604,10
2424,365.80781058681634,45.179067542665884,10
2425,365.9235105886038,45.18408251466032,10
2426,365.96801059909706,45.17246706182372,10
2427,366.08371061257725,45.1071710994598,10
2428,366.21721063508437,45.06181808997462,10
2429,366.4130106326797,45.173947795839226,10
2430,366.61771064648116,45.11249744111822,10
2431,366.8135106440764,44.89615170613936,10
2432,366.9203106530432,44.891285914604666,10
2433,367.0983106533043,45.14633331092709,10
2434,367.19621065775755,45.09362318090315,10
2435,367.29411066221076,45.07335271227827,10
2436,367.50771066883306,45.030405857234484,10
2437,367.6946106736076,44.91377061963944,10
2438,367.7836106735474,44.85241416138824,10
2439,367.8815106780006,44.83740150150466,10
2440,367.8993106866461,44.844581199114934,10
2441,368.0061106956128,45.01714078112805,10
2442,368.1218107090929,45.0319254376955,10
2443,368.1307107132249,45.03237983790634,10
2444,368.2375107221916,45.11903649007049,10
2445,368.3799107241608,45.2658604394094,10
2446,368.4867107331276,45.3323189146698,10
2447,368.4867107327461,45.3323189146698,10
2448,368.60241074622627,45.32663297227924,10
2449,368.61131075035826,45.31006424887895,10
2450,368.6291107590037,45.313723619747385,10
2451,368.71811075894345,45.31811292434941,10
2452,368.9139107682314,45.38087612568881,10
2453,369.029610770019,45.552995223980005,10
2454,369.02961076963754,45.55299522398002,10
2455,369.0563107827964,45.571459086741235,10
2456,369.0652107869285,45.57195638869161,10
2457,369.1809108004086,45.5596651748858,10
2458,369.20761081356744,45.554424926557935,10
2459,369.2165108176995,45.54785661784591,10
2460,369.2254108218315,45.544821873533984,10
2461,369.4212108194268,45.68860942988864,10
2462,369.51911082388006,45.86893611027657,10
2463,369.7060108286546,45.920091234274494,10
2464,369.74161083463434,45.942533137793845,10
2465,369.76831083610057,45.92701064760107,10
2466,369.8484108395963,45.904318620596065,10
2467,370.0353108443708,45.698610765493456,10
2468,370.2311108536588,45.726651023960486,10
2469,370.3290108581121,45.582271972746554,10
2470,370.33791086224403,45.58141178366304,10
2471,370.44471087121076,45.515591600641045,10
2472,370.53371087115056,45.702423901501405,10
2473,370.54261087528255,45.721160435919785,10
2474,370.6761108977896,45.82618558709383,10
2475,370.8541108980507,45.93556436012415,10
2476,370.95201090250396,45.876256535266435,10
2477,371.1478109000993,45.779230220353405,10
2478,371.1834108943864,45.8100646125263,10
2479,371.32581089802176,45.754403854488395,10
2480,371.4148108979615,45.70057035394701,10
2481,371.6195109117629,45.98670758475778,10
2482,371.7085109117027,45.82393465847115,10
2483,371.7975109116425,45.82643142336543,10
2484,371.984410916417,45.84864562609711,10
2485,372.180210925705,45.93729542970273,10
2486,372.2870109346718,45.92957754444657,10
2487,372.313710936138,45.923503684756916,10
2488,372.4650109426208,45.73978635604131,10
2489,372.47391094675265,45.7327904978605,10
2490,372.7498109518485,45.89959426810382,10
2491,372.7587109559805,45.89258058021241,10
2492,372.82991096665535,45.99339023767414,10
2493,372.83881097078734,46.000304371667596,10
2494,373.1147109758831,46.236394230650774,10
2495,373.20371097582296,46.22558106270349,10
2496,373.4885109854322,46.45224632029337,10
2497,373.7555109860145,46.61697892604229,10
2498,373.85341099046775,46.45366634369548,10
2499,373.86231099459974,46.44653925522,10
2500,373.8712109987317,46.44689454659845,10
2501,373.98691101221186,46.359964377399876,10
2502,373.99581101634385,46.37071489020159,10
2503,374.12931101546576,46.22645684185679,10
2504,374.1382110195977,46.225519154461416,10
2505,374.13821101921616,46.22551915446142,10
2506,374.24501102818283,46.06949744784825,10
2507,374.5120110287653,45.81787942747902,10
2508,374.6900110290264,45.66529878702344,10
2509,374.8947110428278,45.578758707205004,10
2510,374.98371104276754,45.58343141547954,10
2511,375.0905110517343,45.44738330010668,10
2512,375.3842110541644,45.279222723680505,10
2513,375.39311105829637,45.26364386180755,10
2514,375.51771105290476,45.31299722181974,10
2515,375.70461105767924,45.37037798308197,10
2516,375.70461105729777,45.370377983081966,10
2517,375.82921105190616,45.32757664615705,10
2518,376.0072110539196,45.26878363554232,10
2519,376.1318110602206,45.383151957720166,10
2520,376.33651106232946,45.33329352934777,10
2521,376.37211106830915,45.301272036795176,10
2522,376.67471106356015,45.336919959391345,10
2523,376.6747110631786,45.336919959391345,10
2524,376.6836110673106,45.33546689559436,10
2525,376.69251107144265,45.34220378610928,10
2526,376.7637110821175,45.30917075170092,10
2527,376.7904110835837,45.30596849635027,10
2528,376.83491108238434,45.29208167500841,10
2529,376.8616110955432,45.276800758608246,10
2530,377.0485111003177,45.573606606843974,10
2531,377.15531110928447,45.68302756615425,10
2532,377.44011110720106,45.62554907932727,10
2533,377.54691110447516,45.826377640285166,10
2534,377.65371111344183,45.774293891172235,10
2535,377.85841111555067,45.683088266897144,10
2536,377.97411112903086,45.64817051843811,10
2537,378.1610111338054,45.788326639424284,10
2538,378.27671114728554,45.751600184078356,10
2539,378.3746111517388,45.94098144220835,10
2540,378.64161115232116,45.924368965989714,10
2541,378.82851115709565,45.76414467878191,10
2542,378.9175111570354,45.768567706023745,10
2543,378.9353111656809,45.748483744061936,10
2544,378.9620111788398,45.7403443650841,10
2545,379.0688111761139,45.70301609610581,10
2546,379.08661118475936,45.69175695724239,10
2547,379.39811119621635,45.86367843548768,10
2548,379.6740112013121,45.780483684477325,10
2549,379.8609112060867,45.7763780925705,10
2550,379.9766112195669,45.77541198531248,10
2551,380.0745112240201,45.97028396820268,10
2552,380.18131123298684,45.93505859514486,10
2553,380.29701123477435,45.91330600725706,10
2554,380.42161124107537,45.86196577558744,10
2555,380.56401123301805,45.85537914437362,10
2556,380.9467112357694,45.943928761699844,10
2557,381.0535112447361,45.87597360548452,10
2558,381.2404112495107,45.69797815298069,10
2559,381.27601125549035,45.72027115121046,10
2560,381.36501125543015,45.68397066512836,10
2561,381.56081126471815,45.603116248053134,10
2562,381.85451127884085,45.56522454220955,10
2563,381.9524112832941,45.764874545935314,10
2564,382.18381128725076,45.79718303137386,10
2565,382.28171129170397,45.77390941872895,10
2566,382.4241112953393,45.77880059248384,10
2567,382.61991130462724,45.693880577067674,10
2568,382.62881130875917,45.68959190591466,10
2569,382.6466113174046,45.696302587511695,10
2570,382.6555113215366,45.69237433727562,10
2571,382.69111132751635,45.692435975375034,10
2572,382.7801113274562,45.678103062153056,10
2573,382.90471134544987,45.65184523750698,10
2574,382.9136113495818,45.65231081814095,10
2575,383.00261134952154,45.65792054282959,10
2576,383.1895113542961,45.60150375339247,10
2577,383.2785113542358,45.565205225832266,10
2578,383.37641135868927,45.50604133976963,10
2579,383.49211137216935,45.52356533682644,10
2580,383.51881138532826,45.50400280543569,10
2581,383.61671138978147,45.46977984154199,10
2582,383.6434113912477,45.480175704613366,10
2583,383.65231139537974,45.4989592709733,10
2584,383.66121139951167,45.49471799935227,10
2585,383.6790114081572,45.47521756974677,10
2586,383.7858114171239,45.512686290397724,10
2587,383.97271142189845,45.42041473594225,10
2588,384.07061142635166,45.37904830259906,10
2589,384.27531142846044,45.63537824209576,10
2590,384.38211143742717,45.83507694015616,10
2591,384.4088114505861,45.83773341954693,10
2592,384.43551145205237,45.8478788409414,10
2593,384.55121146553256,46.03589668181606,10
2594,384.6580114744992,46.1246941483005,10
2595,384.68471147596546,46.109523114149475,10
2596,384.7114114891244,46.11471746107641,10
2597,384.72921149776994,46.12043505212257,10
2598,384.9250115070579,46.00924240964423,10
2599,385.03181151602456,45.96786305353408,10
2600,385.04071152015655,45.96863368374907,10
2601,385.1297115200963,45.95392726858982,10
2602,385.1564115215626,45.95653474816954,10
2603,385.174211530208,45.97389372717956,10
2604,385.18311153434007,45.98408950145748,10
2605,385.18311153395854,45.98408950145746,10
2606,385.28991154292527,45.832042994997465,10
2607,385.36111155360015,45.8864703009255,10
2608,385.387811566759,45.899632741416845,10
2609,385.39671157089094,45.91852072561874,10
2610,385.5035115798577,45.99845721891432,10
2611,385.788311589467,45.89386563652545,10
2612,385.8773115894068,45.859295492997546,10
2613,385.92181158820733,45.84347412374463,10
2614,385.96631159870054,45.84238462388903,10
2615,386.2333115992828,45.94965626122294,10
2616,386.2600116124418,45.97665426371223,10
2617,386.3757116142293,46.16537730160566,10
2618,386.48251162319605,46.15123324502619,10
2619,386.5893116321628,46.26710679105213,10
2620,386.6516116399902,46.26764228290871,10
2621,386.77621164629124,46.220016667367155,10
2622,386.87411165074457,46.40628214878202,10
2623,387.0699116483398,46.5020342120933,10
2624,387.3102116488268,46.54736615981627,10
2625,387.3369116619857,46.55344747985436,10
2626,387.4437116709524,46.76106858570706,10
2627,387.63061167572687,46.9209498087092,10
2628,387.80861167598806,47.097162780541616,10
2629,388.0133116897895,47.12038235920401,10
2630,388.1290117032696,47.094673579491996,10
2631,388.1735117137628,47.075892938665845,10
2632,388.4405117143451,46.999927582865126,10
2633,388.6363117236332,46.992358005808605,10
2634,388.81431172389426,47.05386063132719,10
2635,388.92111173286094,47.04507626139199,10
2636,389.09911173312196,47.14938771158143,10
2637,389.2059117420887,47.341280199114344,10
2638,389.2949117420285,47.53226839345661,10
2639,389.3216117434948,47.52494934751959,10
2640,389.58861174407707,47.7085432435972,10
2641,389.77551174885156,47.81705903133178,10
2642,389.8912117506392,47.81721641563668,10
2643,390.24721175154286,47.84882703925431,10
2644,390.35401176050954,47.70608597916843,10
2645,390.3629117646415,47.69031810299042,10
2646,390.37181176877345,47.68895889261974,10
2647,390.5676117780614,47.69998278939133,10
2648,390.6655117825147,47.69649634807699,10
2649,390.7990117815549,47.610407759781566,10
2650,390.9236117995485,47.638944823109604,10
2651,391.0215118040017,47.57181712704282,10
2652,391.12831180302817,47.72643139268947,10
2653,391.2351118119949,47.72402297334478,10
2654,391.43091182128285,47.642699659658426,10
2655,391.46651181556996,47.6290423458593,10
2656,391.4665118151885,47.6290423458593,10
2657,391.57331181246263,47.61020536751838,10
2658,391.6623118124024,47.45036792911563,10
2659,391.6623118120209,47.450367929115615,10
2660,391.8759118303359,47.30337705292211,10
2661,391.98271183930257,47.1638445554778,10
2662,392.09841184109007,47.093294396400125,10
2663,392.2052118500568,46.9304325514333,10
2664,392.2052118496753,46.93043255143329,10
2665,392.32091185146294,46.88706655133124,10
2666,392.3298118555948,46.8712465991265,10
2667,392.32981185521334,46.8712465991265,10
2668,392.3387118593454,46.85543821078721,10
2669,392.43661186379853,46.92815206027963,10
2670,392.4811118625992,46.95373083714289,10
2671,392.5256118730924,46.9782372117889,10
2672,392.63241187036647,46.85957324753021,10
2673,392.6591118718327,46.84490699758194,10
2674,392.7481118717725,46.769808459778325,10
2675,392.94391188106056,46.65583990820981,10
2676,392.9617118780133,46.649191798156934,10
2677,393.0062118885065,46.67970323322839,10
2678,393.0329118899728,46.66183823408264,10
2679,393.04181189410485,46.66235409356625,10
2680,393.3088118946871,46.6708220193792,10
2681,393.6025118971172,46.5843437308338,10
2682,393.71821189890477,46.52747081801678,10
2683,393.81611190335803,46.5252698987837,10
2684,393.94071190965906,46.50579281916313,10
2685,394.1276119144335,46.54935897685168,10
2686,394.18101191608145,46.59440781560673,10
2687,394.1899119202135,46.57852814467358,10
2688,394.37681192498803,46.717509518483304,10
2689,394.40351193814683,46.69515074236286,10
2690,394.50141194260016,46.65657080339294,10
2691,394.5370119602725,46.65558611486205,10
2692,394.63491196472575,46.62241990921421,10
2693,394.6705119707055,46.645346565554796,10
2694,394.70611197668524,46.62672375541136,10
2695,394.82181199016543,46.468415546292434,10
2696,394.9108119901051,46.47339650274176,10
2697,395.11551200390664,46.43037702582457,10
2698,395.2579120196532,46.36171111858895,10
2699,395.2757120282987,46.378633797039235,10
2700,395.4359120291866,46.38505503776824,10
2701,395.4537120261394,46.399920700368774,10
2702,395.4715120347848,46.400398690787014,10
2703,395.61391203833836,46.4213570989733,10
2704,395.81861204044714,46.376473223458035,10
2705,395.91651204490034,46.31239970242848,10
2706,396.02331204217455,46.29435779349327,10
2707,396.04111205082,46.28385100879651,10
2708,396.05891205946546,46.28639901779337,10
2709,396.1657120567395,46.244502588042806,10
2710,396.2636120611927,46.18135322912651,10
2711,396.38821207918636,46.22603338921793,10
2712,396.4950120881531,46.20695587840989,10
2713,396.5840120880929,46.1693224095082,10
2714,396.6908120970596,46.103505422444975,10
2715,396.91331209650264,46.07479004504041,10
2716,396.9222121006347,46.09413133645152,10
2717,396.9222121002532,46.094131336451504,10
2718,397.1091121050278,46.38368881953171,10
2719,397.2871121052888,46.6738890387781,10
2720,397.48291210288414,46.748652176705036,10
2721,397.50071211152965,46.75201446115474,10
2722,397.5096121156616,46.73605087070666,10
2723,397.62531212914183,46.801253806047306,10
2724,397.6431121377873,46.7971051741309,10
2725,397.76771214408825,46.77036531587325,10
2726,397.7766121482202,46.766717357953524,10
2727,397.87451215267345,46.71512527937695,10
2728,398.08811215929575,46.90862915111832,10
2729,398.27501216407023,47.077795031193105,10
2730,398.47081217335824,46.915333367063354,10
2731,398.57761218232497,46.9751832222618,10
2732,398.6933121841125,47.08441346891885,10
2733,398.72001218557875,47.100111363509,10
2734,398.8980121858398,47.25681280364407,10
2735,399.00481219480656,47.247756943074066,10
2736,399.0315121962728,47.25430315451183,10
2737,399.12051219621264,47.44686574463812,10
2738,399.15611220219233,47.46808521308792,10
2739,399.36081220430117,47.439678221404016,10
2740,399.5566122135891,47.488545582033964,10
2741,399.74351221836366,47.43246922829012,10
2742,399.75241222249565,47.42883137296091,10
2743,399.9304122227568,47.39686639403772,10
2744,400.02831222721,47.582098532753896,10
2745,400.04611223585545,47.6109150562085,10
2746,400.0461122354739,47.610915056208505,10
2747,400.0728122486329,47.623194314638184,10
2748,400.1796122459069,47.711568453590296,10
2749,400.18851225003885,47.71197519798019,10
2750,400.1885122496575,47.7119751979802,10
2751,400.1974122537895,47.71055388517043,10
2752,400.2864122537292,47.80765171941312,10
2753,400.38431225818243,47.90184922435833,10
2754,400.58011226747044,47.79193211179555,10
2755,400.5890122716024,47.7870618890498,10
2756,400.6068122802479,47.77849336380969,10
2757,400.60681227986635,47.77849336380969,10
2758,400.8916122894757,47.51718919122593,10
2759,400.9895122939289,47.46670950417179,10
2760,401.01621229539523,47.47895562335699,10
2761,401.30101230500446,47.473286713439656,10
2762,401.4968123142924,47.55023198645671,10
2763,401.60361232325914,47.735321641322585,10
2764,401.69261232319894,47.719296918156964,10
2765,401.87061232346,47.98711968423937,10
2766,402.03081233331307,48.137288395708474,10
2767,402.226612341458,48.39478626967828,10
2768,402.6004123396958,48.31366294143564,10
2769,402.61821234834133,48.312544428128646,10
2770,402.7250123573081,48.27850667446853,10
2771,402.92971237110953,48.47154064694275,10
2772,403.1255123803975,48.736822436831474,10
2773,403.3213123779928,48.60570065693592,10
2774,403.38361238415416,48.70755805237432,10
2775,403.5082124021478,48.5705374229192,10
2776,403.6328124084489,48.53948749504738,10
2777,403.7218124083887,48.384266313692784,10
2778,403.8375124101762,48.35527089625248,10
2779,403.94431241914293,48.31196604395606,10
2780,404.0689124258626,48.33774386426326,10
2781,404.2825124207922,48.26954130310109,10
2782,404.4605124291227,48.20451416460008,10
2783,404.5762124389796,48.19181506708221,10
2784,404.7809124410884,48.2444312150286,10
2785,405.0746124435185,48.470472075260766,10
2786,405.0924124521639,48.462827086624635,10
2787,405.15471244829877,48.524131889402724,10
2788,405.44841245072894,48.42463859013476,10
2789,405.6620124573512,48.40971108347906,10
2790,405.7866124636522,48.362567989592236,10
2791,405.8934124726189,48.44911392658515,10
2792,406.000212469893,48.49638704368709,10
2793,406.1871124746675,48.300914176087446,10
2794,406.29391248363424,48.30772850852271,10
2795,406.4719124838953,48.494075827996205,10
2796,406.4897124925407,48.489984905213866,10
2797,406.5787124924805,48.488206144370785,10
2798,406.69441249426814,48.453146554145675,10
2799,406.7300124885552,48.46209702803567,10
2800,406.7300124881737,48.46209702803568,10
2801,406.8457124899613,48.65275649310312,10
2802,406.9347124899011,48.85173368340174,10
2803,407.0593124962021,48.88022662566199,10
2804,407.07711250484743,48.88496903683253,10
2805,407.2017125111485,49.0426361744167,10
2806,407.2640125072834,49.04789314099261,10
2807,407.2818125159289,49.07551541484889,10
2808,407.3619125219047,49.23495076070516,10
2809,407.4509125218445,49.43642711980339,10
2810,407.58441254435155,49.44681847399827,10
2811,407.602212552997,49.45110076524898,10
2812,407.7802125532581,49.44334040120977,10
2813,407.88701256222487,49.63291078110933,10
2814,407.9938125711915,49.61636012580747,10
2815,408.13621256313417,49.635230098831094,10
2816,408.1540125717796,49.63177586473315,10
2817,408.1629125759116,49.630826262171134,10
2818,408.27861257769916,49.61627850498794,10
2819,408.32311257691845,49.60817585912943,10
2820,408.4299125858852,49.56827747209795,10
2821,408.6168125906596,49.64343914835409,10
2822,408.70581259059946,49.63391794333551,10
2823,408.8838125908605,49.68382629479824,10
2824,408.89271259499253,49.68429129237563,10
2825,408.91941259645876,49.691077978643364,10
2826,409.0262126054255,49.895662128113955,10
2827,409.48901260398463,49.866958694568424,10
2828,409.7649126090804,49.81480367449636,10
2829,409.8806126225606,49.80129932258633,10
2830,409.898412631206,49.81292644458283,10
2831,409.99631263565936,49.66010569127592,10
2832,410.1031126446261,49.655380597827545,10
2833,410.11201264875797,49.650799516899916,10
2834,410.15651264755854,49.643553475991276,10
2835,410.16541265169064,49.63943938040468,10
2836,410.53031265710763,49.57139523230889,10
2837,410.79731265769,49.58460276132461,10
2838,410.904112654964,49.43717479337268,10
2839,411.0020126699668,49.48174225319683,10
2840,411.0999126744202,49.4774634990159,10
2841,411.1889126743599,49.43980949782224,10
2842,411.2423126775922,49.402048438163504,10
2843,411.3402126820455,49.35122647540158,10
2844,411.49151267850164,49.49433799138304,10
2845,411.50041268263357,49.47978923420656,10
2846,411.5182126795864,49.52051602216913,10
2847,411.63391268137394,49.56572057034852,10
2848,411.7407126903407,49.785229797147686,10
2849,412.01661269543655,49.91732518495094,10
2850,412.1323126972241,49.86233525734912,10
2851,412.1501126941768,49.85266873306417,10
2852,412.3459126917722,50.01260676790247,10
2853,412.3459126913907,50.01260676790248,10
2854,412.44381269584403,50.00467568791799,10
2855,412.8176126940819,50.04428594525876,10
2856,412.8532127000616,50.09376086052314,10
2857,412.94221270000133,50.05433746641785,10
2858,413.2092127005837,50.2598314944906,10
2859,413.24481269487086,50.29400177913652,10
2860,413.36941270117194,50.2404498153284,10
2861,413.46731270562515,50.09088378772474,10
2862,413.5741127145919,50.03254105810992,10
2863,413.5919127232372,50.02937461695559,10
2864,413.5919127228558,50.02937461695561,10
2865,413.6275127170612,49.971689235727,10
2866,413.7432127188487,50.018507805968454,10
2867,413.77881271313584,50.05273733678364,10
2868,413.8233127236291,50.02254144891823,10
2869,413.9123127235688,50.02145058353029,10
2870,413.9301127322143,50.00894623745956,10
2871,414.019112732154,50.215765261581,10
2872,414.11701273660736,50.158693416516336,10
2873,414.3217127387162,50.20494318895969,10
2874,414.3306127428481,50.204840635406356,10
2875,414.41961274278793,50.164346607935,10
2876,414.4730127694873,50.14019596701125,10
2877,414.57091277394045,50.101256185815586,10
2878,414.70441277306224,50.065930364282444,10
2879,414.8201127748499,50.05526313881433,10
2880,414.9180127781601,50.04173222653118,10
2881,415.1138127874481,50.251460350038215,10
2882,415.20281278738787,50.253089146702635,10
2883,415.2206127960333,50.259172996354366,10
2884,415.41641280532133,50.37138369157696,10
2885,415.5232128025955,50.36305912643979,10
2886,415.5410128112409,50.39064862668763,10
2887,415.6300128111807,50.35019915600406,10
2888,415.78131281766326,50.53861179649706,10
2889,415.7991128263087,50.55622189103443,10
2890,415.98601283108326,50.67580870393893,10
2891,416.0928128400501,50.888717473488825,10
2892,416.09281283966857,50.88871747348884,10
2893,416.19071284412183,50.797149819188036,10
2894,416.1907128437403,50.79714981918805,10
2895,416.29751285270703,50.64688792903723,10
2896,416.31531284965985,50.63737812602832,10
2897,416.4132128541131,50.49290820097593,10
2898,416.68021285469547,50.672487922259094,10
2899,416.8582128549565,50.53132760154993,10
2900,416.9739128567441,50.477369238943794,10
2901,417.169712866032,50.750746949925826,10
2902,417.54351287596256,50.81703964017863,10
2903,417.561312884608,50.809311216622994,10
2904,417.57911289325347,50.80438117677667,10
2905,417.8728129073762,50.804872315689735,10
2906,418.05971291215076,51.089774673994135,10
2907,418.34451291006735,50.9468890830584,10
2908,418.4424129145206,50.90544574955847,10
2909,418.7272129241299,50.89253949656972,10
2910,418.7361129282619,50.893052247908464,10
2911,418.7539129369073,50.89926018352762,10
2912,418.9586129507088,50.846611408163824,10
2913,419.1544129599967,50.67798308421349,10
2914,419.4659129714538,50.57604638082822,10
2915,419.750712981063,50.48252301059112,10
2916,419.7507129806815,50.48252301059114,10
2917,419.7863129866613,50.48508574346869,10
2918,419.9643129869223,50.34308526418907,10
2919,420.0622129913756,50.28861165167924,10
2920,420.24021299163667,50.470714454602664,10
2921,420.4182129918978,50.244629383194074,10
2922,420.68521299248005,50.36501634851193,10
2923,420.7208129984598,50.3695595490258,10
2924,420.8276130074266,50.312886941547056,10
2925,421.0234130167146,50.22888658214048,10
2926,421.05901302269433,50.22423953145843,10
2927,421.1569130271476,50.426239148800846,10
2928,421.27261302893504,50.406979972600034,10
2929,421.27261302855356,50.406979972600055,10
2930,421.43281301783054,50.38012965107259,10
2931,421.4595130192969,50.37657362351421,10
2932,421.5574130237501,50.369182128018366,10
2933,421.6731130255377,50.250683616413376,10
2934,421.699813027004,50.260409300950265,10
2935,421.7265130401629,50.259296461821684,10
2936,421.9490130512986,50.45939936674398,10
2937,421.9579130554306,50.454906986715805,10
2938,422.04691305537034,50.42863019627676,10
2939,422.24271306465835,50.35081179623419,10
2940,422.3495130736251,50.5609532884912,10
2941,422.36731308227047,50.55235004622726,10
2942,422.58091308889277,50.47552097774353,10
2943,422.6788130933461,50.42352240378623,10
2944,422.6877130974781,50.41483373457943,10
2945,422.7945131064447,50.29327457575554,10
2946,422.88351310638456,50.29519950087717,10
2947,422.99031310365865,50.155904280287366,10
2948,423.0882131081119,50.10927203788057,10
2949,423.381913110542,50.37474265519959,10
2950,423.58661311265087,50.55741869832961,10
2951,423.8981131124152,50.75172500246407,10
2952,424.10281312621663,50.9089137943916,10
2953,424.12951313937555,50.896991479382955,10
2954,424.1651131570479,50.920074544361086,10
2955,424.1740131611799,50.91740493246996,10
2956,424.27191316563324,50.89761745163288,10
2957,424.2719131652517,50.897617451632904,10
2958,424.4766131673605,50.81362675505841,10
2959,424.6902131739827,50.80908168317948,10
2960,424.70801317093554,50.799834399749976,10
2961,424.9839131760315,50.681547425374646,10
2962,425.1975131709611,50.78193876540147,10
2963,425.3043131799277,50.721847202305966,10
2964,425.43781317904967,50.68011216586106,10
2965,425.6425131811585,50.541209980824426,10
2966,425.642513180777,50.54120998082443,10
2967,425.6425131803955,50.54120998082445,10
2968,425.65141318452754,50.53682065719598,10
2969,425.8472131938155,50.426995744472364,10
2970,425.9629132072957,50.41105235558528,10
2971,426.1676132094045,50.47717308068802,10
2972,426.283313211192,50.50586168950875,10
2973,426.3901132084661,50.7374509516577,10
2974,426.57701321324066,51.01176316967187,10
2975,426.6927132150282,51.11405862068601,10
2976,426.781713214968,51.176730249143276,10
2977,426.8974132167556,51.18424759168281,10
2978,426.91521322540103,51.18561629404716,10
2979,427.02201323436776,51.14872422146265,10
2980,427.1288132433345,51.19985135217885,10
2981,427.4136132529437,51.396971485764084,10
2982,427.6005132577182,51.271284138517075,10
2983,427.70731326668493,51.48424329499956,10
2984,427.71621327081687,51.50613277486873,10
2985,427.76071328131013,51.492653237671334,10
2986,427.8586132857634,51.51239325928345,10
2987,427.8675132898954,51.49870686306714,10
2988,427.9654132943486,51.72395476461678,10
2989,427.9654132939671,51.72395476461679,10
2990,428.0989132930889,51.94311431659223,10
2991,428.45491329399266,51.838907388119644,10
2992,428.5439132939324,51.903450805560524,10
2993,428.5795133116047,51.90922932946787,10
2994,428.76641331637927,51.81540053413349,10
2995,428.8643133208326,51.79178275755061,10
2996,428.87321332496447,51.7976068720802,10
2997,428.8821133290965,51.803445622327395,10
2998,429.00671332370496,51.701197449577165,10
2999,429.01561332783683,51.70768537517863,10
3000,429.2025133326114,51.620329273621955,10
3001,429.31821334609157,51.605418031257315,10
3002,429.336013354737,51.62671828454991,10
3003,429.3538133633825,51.61399579958458,10
3004,429.38051336484875,51.657279815699454,10
3005,429.4695133647885,51.57150995946268,10
3006,429.56741336924176,51.65179260068906,10
3007,429.6030133752215,51.61028177915916,10
3008,429.60301337484015,51.610281779159166,10
3009,429.665313370975,51.65748085694423,10
3010,429.7632133754282,51.59271076055831,10
3011,429.9679133892297,51.64268001234921,10
3012,430.1726133917571,51.61555429547743,10
3013,430.2705133962104,51.6824210578692,10
3014,430.27051339582897,51.68242105786921,10
3015,430.3150133946295,51.66134736337047,10
3016,430.43961340093045,51.50904444364727,10
3017,430.44851340506256,51.50465386948155,10
3018,430.5375134050023,51.72376848185931,10
3019,430.5464134091343,51.73036926818134,10
3020,430.7778134013982,51.70825729188058,10
3021,430.866813401338,51.65773217058245,10
3022,431.13381340192035,51.646980487448666,10
3023,431.16051340338663,51.64201197402816,10
3024,431.3385134036477,51.870897359544735,10
3025,431.44531341261444,52.09605394563327,10
3026,431.55211340988853,52.14681935652153,10
3027,431.6678134116761,52.08069081062204,10
3028,431.9526134095927,52.00405495462532,10
3029,431.9971134083932,52.033599905496544,10
3030,432.02381340985966,52.06886017284886,10
3031,432.21071341463414,52.350565558495205,10
3032,432.2285134232796,52.358268198180106,10
3033,432.40651342354056,52.32497501222299,10
3034,432.60231343282857,52.34261294139135,10
3035,432.6112134369606,52.34933408195516,10
3036,432.8871134420564,52.324372834345716,10
3037,432.97611344199623,52.27600897175963,10
3038,433.0740134464495,52.34605895799563,10
3039,433.26981344404487,52.228870072155665,10
3040,433.27871344817686,52.22405466141725,10
3041,433.30541344964314,52.21908543629117,10
3042,433.3232134582885,52.21710671423375,10
3043,433.5991134633843,52.32316176213559,10
3044,433.5991134630029,52.323161762135605,10
3045,433.8750134680987,52.61667601894816,10
3046,433.89281347674415,52.62376438381086,10
3047,433.9907134811974,52.5762492678506,10
3048,433.99961348532935,52.571363554503016,10
3049,434.11531348711685,52.455031208110036,10
3050,434.32001348922574,52.35974322737706,10
3051,434.59591349432156,52.43624275338262,10
3052,434.7739134945826,52.2495700160352,10
3053,435.0676135087054,52.19922742129376,10
3054,435.0765135128373,52.19462511123037,10
3055,435.1744135172906,52.15547264957402,10
3056,435.2189135394764,52.17081377760054,10
3057,435.4058135442509,52.36429488995727,10
3058,435.41471354838285,52.359676832881455,10
3059,435.54821354750476,52.570486316037375,10
3060,435.646113551958,52.781235853104754,10
3061,435.74401355641123,52.76533495924872,10
3062,435.77071355787757,52.78483078914262,10
3063,435.77961356200956,52.79060202978091,10
3064,435.9398135613131,52.934260325624074,10
3065,436.064413567614,53.03048016289133,10
3066,436.2068135712493,53.12959373526871,10
3067,436.2157135753813,53.15142655285561,10
3068,436.30471357532116,53.10524122203509,10
3069,436.4916135800957,53.03356700550448,10
3070,436.49161357971417,53.03356700550449,10
3071,436.58951358416743,53.089381847008255,10
3072,436.67851358410724,53.16128130856592,10
3073,436.8832135979087,53.113854336509,10
3074,437.0078136042097,53.15226692693589,10
3075,437.1057136086629,53.10827402134524,10
3076,437.114613612795,53.115468278943425,10
3077,437.29261361305606,53.142668889044536,10
3078,437.3816136129958,53.0986141627325,10
3079,437.4083136144621,53.09909235016034,10
3080,437.6931136240713,53.04460595097201,10
3081,437.71981363723023,53.027784890973464,10
3082,437.8622136408656,53.03241530200878,10
3083,438.04911364564015,52.88817908970057,10
3084,438.15591364291424,52.858882853556196,10
3085,438.3428136476888,52.926528477244545,10
3086,438.4318136476285,53.142314461880375,10
3087,438.4407136517605,53.149522326883584,10
3088,438.7077136523429,53.11947552465922,10
3089,438.9035136616309,52.938158300921636,10
3090,439.02811366793185,53.139642210251154,10
3091,439.2328136700406,52.950668150421485,10
3092,439.4375136838421,52.86758683394625,10
3093,439.53541368829536,52.8703993510763,10
3094,439.63331369274863,52.844122022731995,10
3095,439.7490136949549,52.83377750893002,10
3096,440.0249137000507,52.67557927696288,10
3097,440.20291370031174,52.86134699803326,10
3098,440.30971369758583,52.91066623296902,10
3099,440.3186137017178,52.91196615836292,10
3100,440.3275137058498,52.913281021615376,10
3101,440.3453137144953,52.89554384452244,10
3102,440.4343137144351,52.96767319457036,10
3103,440.53221371888833,52.92145638486625,10
3104,440.55891372035455,52.90954177303002,10
3105,440.7458137251291,53.10011577907232,10
3106,440.7547137292612,53.09571090476575,10
3107,440.87041374274133,53.061655502283806,10
3108,440.9149137415419,53.098203869585134,10
3109,441.0306137550221,52.965199833481975,10
3110,441.03951375915403,52.96091335950396,10
3111,441.0662137606203,52.92928876609335,10
3112,441.07511376475225,52.925025990691275,10
3113,441.1730137692055,52.90495966769367,10
3114,441.1819137733375,52.90616491201829,10
3115,441.1819137729561,52.90616491201829,10
3116,441.31541377207793,52.88171782028371,10
3117,441.4311137855581,52.84226330871319,10
3118,441.7159137951674,52.98650241180115,10
3119,441.822713804134,53.0610558972376,10
3120,441.9384138059216,53.15957521560548,10
3121,442.21431380739403,53.25113147057792,10
3122,442.2232138115261,53.2728070930521,10
3123,442.41901382081414,53.347382812890594,10
3124,442.44571383397306,53.347664098359154,10
3125,442.6326138387475,53.284806485151876,10
3126,442.72161383868735,53.14771979902185,10
3127,442.9886138392696,52.99437087620608,10
3128,443.1666138395308,53.27036856779303,10
3129,443.26451384398405,53.49442658804931,10
3130,443.2734138481161,53.48093309761897,10
3131,443.37131385256924,53.49054039173735,10
3132,443.3980138540355,53.471318320895556,10
3133,443.4336138717078,53.4723091734139,10
3134,443.4425138758399,53.470729888886126,10
3135,443.54931388480657,53.42516322857156,10
3136,443.60271391150593,53.411718975861895,10
3137,443.6383139291782,53.40631396125152,10
3138,443.73621393363146,53.37564909560015,10
3139,443.7718139396112,53.409819865213194,10
3140,443.78961394825666,53.40712392229744,10
3141,443.96761394851774,53.28589657109321,10
3142,443.98541394547055,53.28264266627711,10
3143,444.0833139499238,53.24389188098379,10
3144,444.28801395203266,53.21422830384151,10
3145,444.37701395197246,53.228697986529525,10
3146,444.4749139564257,53.17505693734604,10
3147,444.5817139536998,53.18776013033293,10
3148,444.61731395967956,53.19560294451653,10
3149,444.71521396413283,53.05831481029803,10
3150,444.830913977613,52.90584876548715,10
3151,444.8398139817449,52.907468200704535,10
3152,444.8576139903904,52.905096008928645,10
3153,444.9466139903302,52.772359929569106,10
3154,445.1246139905914,52.900487737119704,10
3155,445.31151399536583,52.780181925016336,10
3156,445.4005139953056,52.7336380738297,10
3157,445.75651399620926,52.73246978412292,10
3158,446.032414001305,52.935680143956915,10
3159,446.16591400034514,52.941336859187764,10
3160,446.2638140047984,52.90711887604134,10
3161,446.3528140047382,52.862568168375255,10
3162,446.64651401886096,52.68113937422127,10
3163,446.76221402064846,52.63781109996454,10
3164,446.86011402510167,52.70873443586466,10
3165,447.0025140287371,52.76140250356437,10
3166,447.1004140331903,52.65620671159012,10
3167,447.28731403796485,52.62095868823341,10
3168,447.34071404119715,52.599562432050455,10
3169,447.4386140456503,52.49521927529203,10
3170,447.5365140501037,52.485579034839844,10
3171,447.65221406358387,52.49392160637277,10
3172,447.67001407222926,52.5027095945005,10
3173,447.67891407636125,52.50110784890673,10
3174,447.68781408049324,52.49725792985984,10
3175,448.1417140862316,52.27170884677125,10
3176,448.1773140922113,52.28280340787187,10
3177,448.2841140894855,52.494351643706764,10
3178,448.38201409393866,52.361558461618365,10
3179,448.6579140990345,52.161821284425706,10
3180,448.74691409897423,52.13623597680905,10
3181,448.7647141076197,52.13545269272055,10
3182,448.94271410788076,52.307930013574776,10
3183,449.1296141126553,52.127807462597595,10
3184,449.31651411742985,52.15468026281534,10
3185,449.4233141263966,52.114921051079435,10
3186,449.6903141269789,52.28931759130534,10
3187,449.78821413143214,52.18507256236806,10
3188,449.8861141358855,52.13653980369996,10
3189,449.9929141331596,52.34668848220635,10
3190,450.0018141372915,52.34484488950015,10
3191,450.12641415528515,52.403498611339714,10
3192,450.3133141600597,52.437293304665296,10
3193,450.31331415967816,52.43729330466532,10
3194,450.4112141641314,52.40970563440158,10
3195,450.41121416375006,52.4097056344016,10
3196,450.5002141636898,52.37689882918383,10
3197,450.6782141639508,52.54942109000635,10
3198,450.79391416573844,52.61462598521694,10
3199,450.9719141659995,52.60472237337661,10
3200,451.158814170774,52.53389318417048,10
3201,451.23001417142234,52.51759315162135,10
3202,451.4525141825581,52.35673843748713,10
3203,451.56821418434566,52.38066270026959,10
3204,451.76401419363367,52.40242041096669,10
3205,451.77291419776566,52.399354349328476,10
3206,451.87971419503975,52.34910284002791,10
3207,452.05771419530083,52.29601615908167,10
3208,452.34251420491,52.24136271059916,10
3209,452.3870142037105,52.214295172187654,10
3210,452.50271420549814,52.232968850299336,10
3211,452.59171420543805,52.20671038259966,10
3212,452.8676142105338,52.13207887804143,10
3213,452.8765142146658,52.11836945805283,10
3214,452.88541421879773,52.11637593448144,10
3215,453.0723142235723,52.3098312558487,10
3216,453.19691422987324,52.53779066056596,10
3217,453.22361423133964,52.546446522264425,10
3218,453.31261423127944,52.52233889131677,10
3219,453.45501423324856,52.578725728567164,10
3220,453.47281424189407,52.56256683010396,10
3221,453.4906142505395,52.57958275416794,10
3222,453.490614250158,52.57958275416795,10
3223,453.49951425429,52.58493968809401,10
3224,453.86441425970696,52.72610959557603,10
3225,453.8644142593256,52.726109595576034,10
3226,453.89111426121053,52.74682463799726,10
3227,454.1225142655859,52.68750409904165,10
3228,454.2115142655257,52.74226594487908,10
3229,454.3183142627997,52.73907528243778,10
3230,454.58531426338203,52.708093205715244,10
3231,454.6031142720275,52.696126172365794,10
3232,454.8790142771233,52.645404819024876,10
3233,455.1460142777056,52.425861331346695,10
3234,455.3329142824802,52.43600769769417,10
3235,455.635514277731,52.529662027661786,10
3236,455.74231428669793,52.4861961151677,10
3237,455.8402142911511,52.38081391724874,10
3238,455.93811429560435,52.434899886773294,10
3239,456.0093142945867,52.35718894022725,10
3240,456.10721429903987,52.228853131478886,10
3241,456.1784143033977,52.21982692451348,10
3242,456.5255143132328,52.093218978592226,10
3243,456.8103143228421,52.098570995241154,10
3244,456.83701432430854,52.09530966341775,10
3245,456.8637143257747,52.07897119936435,10
3246,457.03281433207195,52.05036509949409,10
3247,457.0417143362039,52.0524152575276,10
3248,457.1307143361437,51.94852923259685,10
3249,457.23751433341783,51.93943397294062,10
3250,457.2375143330363,51.939433972940634,10
3251,457.32651434104554,51.9712807170421,10
3252,457.33541434517736,51.96838397751993,10
3253,457.51341434543855,51.88801363639325,10
3254,457.6558143474078,51.90225277142082,10
3255,457.74481434734764,51.974659915296286,10
3256,457.7537143514795,51.97190391835128,10
3257,457.8783143694732,52.16825948464549,10
3258,457.9851143784399,52.13339986199376,10
3259,458.0919143874065,52.16625859307498,10
3260,458.2966144012081,52.13349695073063,10
3261,458.58141441081733,52.16865003427867,10
3262,458.85731441591315,52.350027468168044,10
3263,459.0620144297145,52.45108719031968,10
3264,459.1510144296543,52.663005608636645,10
3265,459.1688144382999,52.654846109752135,10
3266,459.26671444275297,52.67473705851633,10
3267,459.337914431627,52.65716356298928,10
3268,459.3913144349411,52.681152682738606,10
3269,459.4447144381734,52.63622680388676,10
3270,459.6227144384344,52.47083397000053,10
3271,459.8185144360297,52.753294899244814,10
3272,459.8541144420095,52.74909381723853,10
3273,459.96091445097625,52.836017059800625,10
3274,460.1478144557508,52.681616305545624,10
3275,460.1656144643962,52.665248333327234,10
3276,460.1745144685282,52.67290244810623,10
3277,460.1834144726601,52.66733722201657,10
3278,460.20121446961303,52.66143131058862,10
3279,460.2991144740663,52.656244290745335,10
3280,460.4148144747107,52.70907420043695,10
3281,460.51271447916395,52.6592628252958,10
3282,460.521614483296,52.68052039548208,10
3283,460.5483144847623,52.6990589298307,10
3284,460.67291449106324,52.71437792377645,10
3285,460.7708144955165,52.69052001071072,10
3286,460.87761450448323,52.715208552071374,10
3287,460.966614504423,52.73876076698336,10
3288,460.9666145040416,52.73876076698338,10
3289,461.1624145016369,52.69172934909759,10
3290,461.4472145112462,52.42864469559393,10
3291,461.5718145175471,52.498850606160744,10
3292,461.5718145171657,52.49885060616076,10
3293,461.91891452410545,52.43917988405019,10
3294,461.9545145417778,52.45218210776912,10
3295,461.9723145504233,52.44640634970903,10
3296,461.9812145545552,52.45418803650058,10
3297,462.0791145590085,52.506907783277036,10
3298,462.266014563783,52.39259431975979,10
3299,462.3728145727497,52.459858926943014,10
3300,462.3817145768818,52.467596682600686,10
3301,462.39951458552724,52.451192126558084,10
3302,462.43511459150693,52.41995930972778,10
3303,462.44401459563886,52.41415901277919,10
3304,462.7199146007348,52.57305852001399,10
3305,462.746614602201,52.58559164109502,10
3306,462.95131460430974,52.46908953972822,10
3307,462.96021460844185,52.47680077716051,10
3308,462.9691146125738,52.463459915728265,10
3309,463.06701461702704,52.413201867270935,10
3310,463.1026146230068,52.423329698884416,10
3311,463.2094146319735,52.501707170527546,10
3312,463.2361146451325,52.492624766067266,10
3313,463.378514660879,52.51191598308045,10
3314,463.5654146656536,52.50742321261821,10
3315,463.77011467945505,52.53418892219284,10
3316,463.85911467939485,52.50144314014468,10
3317,463.95701468384806,52.48324396865818,10
3318,464.0638146928148,52.371370263854445,10
3319,464.0816146897676,52.3508538254387,10
3320,464.2774146873629,52.50799307732819,10
3321,464.2952146960085,52.49293240480553,10
3322,464.3041147001403,52.49141754813001,10
3323,464.4020147045938,52.55933851798536,10
3324,464.59781470218905,52.51909804245721,10
3325,464.6156147108345,52.51861876459556,10
3326,464.6334147194799,52.538138307157524,10
3327,464.7224147194197,52.613450919057414,10
3328,464.7402147163725,52.592915122078566,10
3329,464.8381147208259,52.61561296200775,10
3330,464.93601472527916,52.48285828637537,10
3331,464.9716147312588,52.480279084274926,10
3332,465.2475147363546,52.30870741200063,10
3333,465.26531474499996,52.29790106597596,10
3334,465.4522147497746,52.18822635225667,10
3335,465.45221474939297,52.18822635225669,10
3336,465.47891475085936,52.227145298643336,10
3337,465.8349147481398,52.53244658450753,10
3338,465.92391474807954,52.50503042137542,10
3339,466.0396147498671,52.55204053342994,10
3340,466.21761475012806,52.59994982513132,10
3341,466.244314763287,52.602239574835835,10
3342,466.4312147680615,52.62558731621149,10
3343,466.5291147725149,52.52349939461429,10
3344,466.81391477043155,52.536668357813724,10
3345,466.94741476955323,52.45763427097247,10
3346,467.1343147743279,52.22825075764309,10
3347,467.29451477611144,52.21839523023925,10
3348,467.47251477637263,52.11294860460853,10
3349,467.5882147898528,51.97667504786273,10
3350,467.86411479494853,51.89522621769961,10
3351,467.9709148039154,51.79303008980949,10
3352,468.06881480836853,51.76492222476124,10
3353,468.16671481282185,51.75744502254125,10
3354,468.3625148221098,51.69701305799947,10
3355,468.576114828732,51.61068168979936,10
3356,468.7363148397282,51.515483134389896,10
3357,468.8342148441815,51.496733857503834,10
3358,469.1101148492773,51.524936769596565,10
3359,469.2347148438856,51.42073132671885,10
3360,469.2347148435041,51.42073132671888,10
3361,469.24361484763614,51.40743312814339,10
3362,469.2525148517681,51.39693815777891,10
3363,469.2703148604136,51.3861113436077,10
3364,469.35931486035344,51.463776858267586,10
3365,469.4572148648067,51.42950673883408,10
3366,469.742014874416,51.32602664509813,10
3367,469.76871487588215,51.308379721705094,10
3368,469.9556148806567,51.35092213532957,10
3369,470.1425148854314,51.403650237517084,10
3370,470.1514148895632,51.41152470473237,10
3371,470.2404148895031,51.34932819581379,10
3372,470.33831489395624,51.39400649660648,10
3373,470.4629149002573,51.42279204695044,10
3374,470.7566149026874,51.30713012422039,10
3375,470.8545149071407,51.28765775502046,10
3376,470.8634149112727,51.28139300573727,10
3377,470.95241491121243,51.149398837602476,10
3378,470.9613149153444,51.143115431496575,10
3379,470.9702149194765,51.13684674314838,10
3380,471.1482149197374,50.98143712485454,10
3381,471.1571149238695,50.983951474091164,10
3382,471.17491492082235,50.97935943751432,10
3383,471.3618149255969,51.02098940489053,10
3384,471.46861493456356,51.005313659272986,10
3385,471.67331493667245,50.93111113840041,10
3386,471.7890149384599,50.83466330818455,10
3387,471.88691494291317,50.770069111612905,10
3388,471.98481494736643,50.81909288433284,10
3389,472.09161495633316,50.710379128510276,10
3390,472.2874149539286,50.56989888871237,10
3391,472.38531495838185,50.55490933315895,10
3392,472.4120149598481,50.544827643778476,10
3393,472.4120149594666,50.54482764377849,10
3394,472.50101495940646,50.437888907371516,10
3395,472.6968149570018,50.27986032949992,10
3396,472.7235149584682,50.29327466832251,10
3397,472.90151495872925,50.097950074074504,10
3398,472.9104149628612,50.10418538218801,10
3399,473.0439149736756,50.011955651103406,10
3400,473.1596149871558,50.036037146837636,10
3401,473.18631498862214,50.0174388978463,10
3402,473.2753149885619,49.88684622755077,10
3403,473.30201499002817,49.90012811217012,10
3404,473.4889149948027,49.939663542507105,10
3405,473.5957149920767,50.02991295811115,10
3406,473.6847149920166,50.00284961032455,10
3407,473.8004149938041,49.99260727844183,10
3408,474.06741499438647,49.83915696506781,10
3409,474.1030150003661,49.83929470541161,10
3410,474.2009150048196,49.71780204567473,10
3411,474.3077150137862,49.61214257337815,10
3412,474.34331501976595,49.62193400152655,10
3413,474.35221502389794,49.62412882624785,10
3414,474.37001503254334,49.61987565911749,10
3415,474.37891503667544,49.617666456101055,10
3416,474.3967150453209,49.61808506797101,10
3417,474.42341504678717,49.62805531590584,10
3418,474.5391150485747,49.60510645640038,10
3419,474.7616150484364,49.578836397286096,10
3420,474.9040150520717,49.57222874129199,10
3421,475.08201505233285,49.53350962730172,10
3422,475.1799150567861,49.73836763772727,10
3423,475.3045150630872,49.70976104852691,10
3424,475.5181150580168,49.66383432396902,10
3425,475.54481505948297,49.68554446037329,10
3426,475.58931506997624,49.66506770930423,10
3427,475.7673150702373,49.574360056942545,10
3428,475.79401508339623,49.60068041802076,10
3429,475.92751509421066,49.52621090674021,10
3430,476.0432150959982,49.50688248909507,10
3431,476.0610151046437,49.51689380051369,10
3432,476.15891510909694,49.487850637399724,10
3433,476.18561511056316,49.48567644700578,10
3434,476.2034151192088,49.477405648405835,10
3435,476.3992151284967,49.74460204601991,10
3436,476.5950151377847,49.829157416357624,10
3437,476.68401513772443,49.81334689477558,10
3438,476.7908151349986,49.70607033430684,10
3439,476.924315145813,49.67748855943854,10
3440,477.0400151480193,49.750036914159914,10
3441,477.0667151494857,49.743863373956636,10
3442,477.1646151539388,49.73735462459285,10
3443,477.2803151557265,49.799246582890994,10
3444,477.5562151608222,50.0276743277571,10
3445,477.84991516325226,50.14632950278704,10
3446,478.21481516866936,50.151425120817834,10
3447,478.3216151659434,50.01809252080022,10
3448,478.42841517491024,50.02428588003952,10
3449,478.51741517485,50.046959001539314,10
3450,478.53521518349544,50.04621336221459,10
3451,478.55301518044826,50.025109269602474,10
3452,478.66871518223587,50.01622470945819,10
3453,478.8467151824969,50.07327525985721,10
3454,478.87341518396323,50.05001883366033,10
3455,478.9624151839031,50.07391065507777,10
3456,479.06031518835624,49.9427052495859,10
3457,479.1671151973231,49.94017460318558,10
3458,479.37181519943186,49.789591692607154,10
3459,479.48751521291194,49.65399450639563,10
3460,479.5854152173653,49.63654927883825,10
3461,479.6922152146393,49.67436597038342,10
3462,479.8168152209403,49.72285315112745,10
3463,479.8613152314335,49.745031163316426,10
3464,480.07491523805584,49.76235612338574,10
3465,480.16391523799575,49.84159833398442,10
3466,480.2173152296171,49.85645722418374,10
3467,480.2173152292356,49.85645722418376,10
3468,480.42201523134435,49.88284045673024,10
3469,480.422015230963,49.88284045673027,10
3470,480.70681524057215,49.76680138254415,10
3471,480.7157152447042,49.759642981083516,10
3472,480.82251525367093,49.81550686033717,10
3473,480.87591525698497,49.81816043991342,10
3474,481.053915257246,49.86509579999991,10
3475,481.08951526322573,49.85660197863734,10
3476,481.09841526735784,49.84948648673429,10
3477,481.12511526882406,49.84334646230404,10
3478,481.1251152684425,49.84334646230406,10
3479,481.2052152719383,49.80434952887308,10
3480,481.22301526889106,49.801490217301584,10
3481,481.23191527302316,49.79075219586171,10
3482,481.24081527715515,49.7969800172326,10
3483,481.2497152812872,49.7862551652722,10
3484,481.29421529178035,49.781194648866894,10
3485,481.3209153049394,49.78924970451584,10
3486,481.52561531874073,49.8593548714277,10
3487,481.5612153247204,49.87814352034306,10
3488,481.73031532853736,49.9209368884667,10
3489,481.8282153329907,49.870767282791306,10
3490,481.8282153326092,49.870767282791334,10
3491,481.83711533674114,49.86908453274465,10
3492,482.0240153415158,49.81887681462494,10
3493,482.0418153384685,49.82357227535974,10
3494,482.1130153374508,49.829740356718084,10
3495,482.210915341904,49.69981351785958,10
3496,482.2465153478838,49.70804376275822,10
3497,482.36221534967143,49.70791185139175,10
3498,482.4512153496112,49.789768526880586,10
3499,482.57581535591225,49.85029158680555,10
3500,482.7538153561733,49.90033628927411,10
3501,482.78941536215297,49.908085547931385,10
3502,482.88731536660634,49.90325077825014,10
3503,482.90511536355905,49.907807804009686,10
3504,483.181015368655,49.75859853395346,10
3505,483.35901536891595,49.673625419953204,10
3506,483.4836153635244,49.66320974952452,10
3507,483.51921535781156,49.64643520699605,10
3508,483.62601536677823,49.71280190438876,10
3509,483.71501536671815,49.73536928169886,10
3510,483.72391537084997,49.72136012781833,10
3511,483.7239153704686,49.72136012781836,10
3512,483.7862153782961,49.67271825460853,10
3513,483.8040153869416,49.67844444959809,10
3514,483.8129153910735,49.68077318607581,10
3515,483.8129153906922,49.68077318607583,10
3516,483.83961539215835,49.69800279029135,10
3517,484.02651539693295,49.742929261766065,10
3518,484.1155153968728,49.732489172714985,10
3519,484.30241540164724,49.8067068192152,10
3520,484.48041540611104,49.79571452502173,10
3521,484.4804154057297,49.79571452502175,10
3522,484.57831541018294,49.863553172089134,10
3523,484.58721541431487,49.86123650266429,10
3524,484.62281540860204,49.904851211733096,10
3525,484.64061541724743,49.910801173343444,10
3526,484.9254154268568,49.73661148817148,10
3527,484.9432154355021,49.71534763347904,10
3528,485.04111543995543,49.79607242906524,10
3529,485.05891544860094,49.792926299326574,10
3530,485.1123154519149,49.80832981844488,10
3531,485.1479154695873,49.813955619060366,10
3532,485.23691546952705,49.80660519302065,10
3533,485.24581547365904,49.80429647751028,10
3534,485.2458154732776,49.80429647751029,10
3535,485.43271547805216,49.64463136884992,10
3536,485.53061548250554,49.52297570918418,10
3537,485.74421548912767,49.62072352508549,10
3538,485.8510154980944,49.56001247106756,10
3539,486.0557155002034,49.40529071573056,10
3540,486.06461550433534,49.40369009187059,10
3541,486.0913155058016,49.41832892974864,10
3542,486.1180155189604,49.41834585003374,10
3543,486.2159155234138,49.428041230334756,10
3544,486.3227155206879,49.337497176521715,10
3545,486.36721551948847,49.35819896976613,10
3546,486.3850155164413,49.336943286416926,10
3547,486.5096155227423,49.29106199528431,10
3548,486.5185155268743,49.280419920865796,10
3549,486.5630155373675,49.28668364639288,10
3550,486.63421554172544,49.33856300406219,10
3551,486.6609155548843,49.35608860871496,10
3552,486.75881555933756,49.258743858436205,10
3553,486.88341556563853,49.33849879042984,10
3554,486.92791557613174,49.3357204075239,10
3555,487.025815580585,49.3588230511301,10
3556,487.12371558503827,49.212719030978036,10
3557,487.13261558917037,49.21527903473025,10
3558,487.32841558676574,49.040269974093164,10
3559,487.595415587348,49.12216416294935,10
3560,487.72001559364907,49.103756601261956,10
3561,487.728915597781,49.106238049287505,10
3562,487.7289155973996,49.106238049287526,10
3563,487.90691559766054,49.12376321732102,10
3564,488.1027155952561,49.34495312809174,10
3565,488.2095156042227,49.4278240034671,10
3566,488.39641560899724,49.674674285146615,10
3567,488.51211562247744,49.65982923600701,10
3568,488.6367156287785,49.49659272455004,10
3569,488.6545156374239,49.507548323860156,10
3570,488.67231564606925,49.52631406114823,10
3571,488.8948156572052,49.53505196576803,10
3572,488.90371566133706,49.537863586027385,10
3573,489.0283156676381,49.54321097681979,10
3574,489.0550156691044,49.53130642510675,10
3575,489.2508156783924,49.40838580130427,10
3576,489.35761568735927,49.421430315627376,10
3577,489.4822156819675,49.435151491274254,10
3578,489.7670156798842,49.352032565355415,10
3579,489.7759156840161,49.35123808253329,10
3580,489.80261568548246,49.35405126005264,10
3581,489.82931568694875,49.389896938350006,10
3582,490.02511569623664,49.32854854145173,10
3583,490.11411569617655,49.260810170753324,10
3584,490.2120157006299,49.16390690592993,10
3585,490.44341570458647,48.998382453038616,10
3586,490.44341570420494,48.99838245303864,10
3587,490.4612157128504,49.00469750548856,10
3588,490.46121571246897,49.00469750548858,10
3589,490.5591157169221,48.999123377396124,10
3590,490.64811572493136,49.01740505323107,10
3591,490.6748157380904,49.01215021746684,10
3592,490.8617157428648,48.93671318682572,10
3593,490.8884157443311,48.941625456675204,10
3594,491.07531574910564,48.98573283807956,10
3595,491.0931157577511,48.9921357499966,10
3596,491.2711157580122,49.03149774928198,10
3597,491.3690157624654,49.05851480775978,10
3598,491.6449157675614,49.39984646672838,10
3599,491.7339157675011,49.4823372714467,10
3600,491.742815771633,49.48520702142538,10
3601,491.8407157760863,49.46763641706636,10
3602,491.8496157802183,49.475947095832325,10
3603,491.9475157846715,49.67178716970694,10
3604,492.04541578912483,49.74041590427831,10
3605,492.0543157932569,49.737564418558414,10
3606,492.0721158019023,49.76527431736129,10
3607,492.3569158115116,49.74958504980316,10
3608,492.3658158156435,49.75627792584834,10
3609,492.5794158222658,49.80819121538111,10
3610,492.6150158282455,49.80449452969716,10
3611,492.6506158342253,49.785656879554345,10
3612,492.6684158311781,49.79111908495588,10
3613,492.85531583595264,49.92569692188046,10
3614,492.88201583741903,49.93657158750781,10
3615,493.06891584219346,49.85510512588645,10
3616,493.0867158391463,49.834227399482884,10
3617,493.10451584779184,49.826618552040706,10
3618,493.2202158612719,49.720658399958175,10
3619,493.3181158657252,49.74284446157003,10
3620,493.33591586267795,49.74882441190064,10
3621,493.6207158722873,49.875395328605386,10
3622,493.71861587674067,49.89542239453965,10
3623,493.74531587862555,49.92197719561444,10
3624,493.80761588478697,49.926157911245475,10
3625,493.99451588956146,49.89993871334964,10
3626,494.11911589586254,49.7952772643814,10
3627,494.3238158979713,49.80834325726406,10
3628,494.43061590693804,49.894240593346126,10
3629,494.4306159065567,49.89424059334614,10
3630,494.4395159106886,49.91311221640697,10
3631,494.6531159177296,49.7741516740355,10
3632,494.7154159255571,49.81020566836099,10
3633,494.7332159225099,49.78982173646498,10
3634,494.813315922139,49.77379096815817,10
3635,494.84891593981126,49.798829779310545,10
3636,494.86671594845683,49.79207103640583,10
3637,494.9646159529101,49.817078568330366,10
3638,495.16931595501893,50.006123581466575,10
3639,495.17821595915086,50.00967427176785,10
3640,495.1782159587695,50.009674271767864,10
3641,495.3562159695801,50.27280590404389,10
3642,495.62321597016233,50.336682301443744,10
3643,495.71221597010225,50.23529254329075,10
3644,495.9970159680188,50.31762409003611,10
3645,496.10381596529305,50.2746265701568,10
3646,496.1305159784518,50.27999102187634,10
3647,496.24621599193216,50.190790128240906,10
3648,496.42421599219324,50.242562737164484,10
3649,496.70011599728895,50.35693662808811,10
3650,496.9760160023849,50.30515138203689,10
3651,497.1629160071592,50.48577291215142,10
3652,497.34981601193397,50.69879490282015,10
3653,497.3676160205794,50.69800329849426,10
3654,497.46551602503257,50.708453748247365,10
3655,497.50111604270495,50.71241430484674,10
3656,497.67911604296603,50.745239225670524,10
3657,497.76811604290594,50.71411504199139,10
3658,497.8927160492068,50.73650764718749,10
3659,498.2309160608455,50.95197147830879,10
3660,498.4267160701335,50.972602043856625,10
3661,498.444516078779,50.96062123264325,10
3662,498.56021609225917,50.87380748586108,10
3663,498.5691160963912,50.88274469300447,10
3664,498.658116096331,50.7826011671135,10
3665,498.7560161007843,50.96324194350565,10
3666,498.8539161052375,50.98654098696351,10
3667,499.03191610549857,51.006698610767465,10
3668,499.0497161024515,50.98681028678365,10
3669,499.2277161027126,51.14285752952444,10
3670,499.34341611619277,51.08062938299555,10
3671,499.4502161251595,50.91728085776266,10
3672,499.54811612961277,50.94775664102575,10
3673,499.72611612987384,51.11886961291879,10
3674,499.7528161313401,51.13547008248425,10
3675,499.8507161357934,51.21681942764378,10
3676,499.9575161330675,51.306530835901846,10
3677,499.9664161371995,51.305037558476776,10
3678,500.153316141974,51.42119370168935,10
3679,500.3313161422351,51.50936678577661,10
3680,500.4648161530496,51.54545349943714,10
3681,500.66061616233765,51.49152804288882,10
3682,500.6962161683173,51.528000460276964,10
3683,500.7229161814763,51.552840271004754,10
3684,500.72291618109483,51.55284027100478,10
3685,500.8297161900615,51.54344296670279,10
3686,500.84751619870696,51.54954184649003,10
3687,500.87421621186587,51.550080501432866,10
3688,500.89201622051144,51.55192776064808,10
3689,500.99881622947805,51.57708281767537,10
3690,501.17681622973913,51.54543647829673,10
3691,501.2836162270132,51.63677910740987,10
3692,501.3815162314665,51.60994530359356,10
3693,501.56841623624115,51.74967621043322,10
3694,501.58621623319385,51.76856083201666,10
3695,501.6040162418393,51.78155128370985,10
3696,501.6307162549982,51.75982589063118,10
3697,501.6485162636437,51.74340105518331,10
3698,501.6930162624443,51.80326838156145,10
3699,501.70191626657623,51.80942585929859,10
3700,501.9689162671586,51.74843892720658,10
3701,502.06681627161197,51.84714726806879,10
3702,502.18251627339953,51.93011379908218,10
3703,502.3961162917143,51.94513094995062,10
3704,502.52071630970806,51.81684210706752,10
3705,502.6275163186747,51.66160749965045,10
3706,502.9390163184392,51.60426205841546,10
3707,503.0547163319194,51.6009200277361,10
3708,503.15261633637255,51.448505795365584,10
3709,503.2505163408259,51.3044209355671,10
3710,503.37511634712683,51.30912453581164,10
3711,503.3929163440797,51.3288125292622,10
3712,503.48191634401945,51.3660755745793,10
3713,503.59761635749965,51.46461775241517,10
3714,503.88241635541635,51.358308967891716,10
3715,503.88241635503493,51.35830896789174,10
3716,504.2829163551206,51.43241021532566,10
3717,504.2918163592525,51.436095154295344,10
3718,504.2918163588712,51.43609515429538,10
3719,504.39861635614506,51.493493721908955,10
3720,504.5143163579328,51.69746965675535,10
3721,504.63891636423375,51.682969763727485,10
3722,504.6656163657,51.69588892585276,10
3723,504.8436163659611,51.52812692254655,10
3724,504.9593163677488,51.43863174236574,10
3725,505.32421637316577,51.35951875448731,10
3726,505.3331163772979,51.357953329454595,10
3727,505.431016381751,51.34891371843913,10
3728,505.6179163865257,51.24718152708879,10
3729,505.7069163864654,51.43307753074452,10
3730,505.85821638663117,51.39795815519018,10
3731,505.8671163907631,51.39689049589029,10
3732,505.956116390703,51.3277665288008,10
3733,505.96501639483495,51.32643848383505,10
3734,505.9828163917879,51.31278397088376,10
3735,506.0095163932542,51.30277401668018,10
3736,506.0362163947204,51.29468553705403,10
3737,506.1430163919946,51.349410758368286,10
3738,506.1608163889474,51.33583093244999,10
3739,506.2498163888872,51.323365582991286,10
3740,506.3032164038938,51.362568899639854,10
3741,506.3299164053601,51.34125935141528,10
3742,506.3477164140057,51.31911690300171,10
3743,506.3744164271645,51.32973409037414,10
3744,506.37441642678306,51.329734090374146,10
3745,506.46341642672286,51.176887982196845,10
3746,506.4723164308548,51.180462346809705,10
3747,506.57021643530805,51.17944346939287,10
3748,506.6770164442749,51.10069480312854,10
3749,506.783816441549,51.306591772284726,10
3750,506.80161645019433,51.31522635386713,10
3751,507.0864164598037,51.39594439871807,10
3752,507.2644164600648,51.4424667309174,10
3753,507.3623164645181,51.63353799728649,10
3754,507.3890164776769,51.62893469834397,10
3755,507.4068164746298,51.64795207907797,10
3756,507.5759164838225,51.66493278918141,10
3757,507.6738164882756,51.74519633988426,10
3758,507.9497164933715,52.003257252071776,10
3759,508.05651650233824,51.9908537534991,10
3760,508.0654165064702,51.99430614635124,10
3761,508.0743165106022,51.99311869880258,10
3762,508.0921165192476,51.98958751201936,10
3763,508.37691652885695,51.97587352454033,10
3764,508.4837165378237,51.92990698836958,10
3765,508.51931655549606,51.93693996200966,10
3766,508.62611655277016,52.07267440267903,10
3767,508.7151165527099,52.10707469330109,10
3768,509.00881655514,52.11218125829667,10
3769,509.0533165539406,52.060260402774816,10
3770,509.249116551536,52.06672471271852,10
3771,509.4449165608241,52.00636101104401,10
3772,509.4805165668037,51.98880537663446,10
3773,509.6051165614123,52.104321463756435,10
3774,509.70301656586537,52.13768045458434,10
3775,509.8810165661266,52.165525892165434,10
3776,509.97001656606625,52.220582312918076,10
3777,510.0679165705196,52.256762312245414,10
3778,510.13021657668094,52.2622247453716,10
3779,510.2192165766208,52.25594292756522,10
3780,510.2370165735738,52.224980950585675,10
3781,510.3527165753612,52.182058185287865,10
3782,510.3705165840067,52.18538408837951,10
3783,510.5930165951424,52.05011520645751,10
3784,510.6108165920953,52.057585031462104,10
3785,510.7888165923564,52.19546087849986,10
3786,511.1270165947826,52.24956271110295,10
3787,511.1537165962489,52.24754218471009,10
3788,511.1893166022286,52.216116758770454,10
3789,511.3940166043375,52.43069630717115,10
3790,511.76781661426804,52.368765732595264,10
3791,511.8657166187213,52.42809524930195,10
3792,512.0882166298571,52.42740280167634,10
3793,512.1861166343103,52.417054968625564,10
3794,512.2751166342501,52.4607929019742,10
3795,512.3641166341898,52.359801513521184,10
3796,512.7201166350935,52.24190556011114,10
3797,512.9070166398681,52.14208615998855,10
3798,513.0939166446426,52.05791731107001,10
3799,513.0939166442613,52.05791731107003,10
3800,513.0939166438798,52.05791731107004,10
3801,513.3787166417964,52.12856513575285,10
3802,513.4143166594688,52.139690162027506,10
3803,513.5033166594086,52.193475440652136,10
3804,513.7347166616992,52.29216252242575,10
3805,514.0996166671162,52.47652280950314,10
3806,514.1085166712481,52.46619136796392,10
3807,514.2687166705516,52.51606939837695,10
3808,514.4556166753262,52.41392768716888,10
3809,514.473416672279,52.40796634688892,10
3810,514.8383166776962,52.35342389120691,10
3811,514.9362166821495,52.27239541904616,10
3812,515.0341166866026,52.32546654516238,10
3813,515.1498166883903,52.33273813924019,10
3814,515.1765167015491,52.34560959464739,10
3815,515.3634167063237,52.56923776235733,10
3816,515.4880167009321,52.43120002907226,10
3817,515.6393167074149,52.48654874084261,10
3818,515.6571167043675,52.496581943802276,10
3819,515.6749167130131,52.49861048452304,10
3820,515.7283167163271,52.5082089422803,10
3821,515.8440167298073,52.399649613971626,10
3822,515.9597167432875,52.51132647884762,10
3823,515.9864167447537,52.53133711081454,10
3824,516.0398167480678,52.52657204788264,10
3825,516.1555167498552,52.442869235541174,10
3826,516.1733167585008,52.434406922048744,10
3827,516.280116755775,52.50315348245806,10
3828,516.458116756036,52.65550940407485,10
3829,516.5471167559759,52.70790005955813,10
3830,516.5649167529286,52.67663232527299,10
3831,516.5916167660877,52.664630567867285,10
3832,516.6895167705409,52.78418432144462,10
3833,516.7785167704808,52.837680011601314,10
3834,516.8764167749339,52.898092488519175,10
3835,516.9921167767216,52.79817512007743,10
3836,517.0010167808535,52.815500905973956,10
3837,517.2858167787701,52.802448137911064,10
3838,517.4638167790313,52.700107456750615,10
3839,517.9088167802562,52.78812839526511,10
3840,518.1936167898655,52.9479493337553,10
3841,518.3182167961664,52.9641967000873,10
3842,518.4072167961062,53.13684940626166,10
3843,518.4072167957249,53.136849406261675,10
3844,518.5051168001781,53.10655761797025,10
3845,518.558516801826,53.16805258801333,10
3846,518.7454168066006,53.31208629997183,10
3847,518.8522168155674,53.277449774168325,10
3848,518.9412168155071,53.3350218009925,10
3849,519.2972168164108,53.32607722388702,10
3850,519.3061168205428,53.32283649796041,10
3851,519.3951168204827,53.25455974994301,10
3852,519.4841168204224,53.22275327043255,10
3853,519.484116820041,53.222753270432584,10
3854,519.5197168260208,53.24278496614614,10
3855,519.6265168349876,53.35235307798856,10
3856,519.8223168325828,53.35401587203071,10
3857,519.8401168412283,53.35753593746268,10
3858,519.9647168475294,53.316227356514965,10
3859,519.9736168516614,53.32207312797892,10
3860,520.1605168564358,53.20503654943926,10
3861,520.1783168533888,53.17288266463651,10
3862,520.3029168596898,53.206115071961946,10
3863,520.3919168596296,53.26487127583883,10
3864,520.525416870444,53.25465476592376,10
3865,520.6322168794107,53.218062506829305,10
3866,520.6411168835427,53.21641944791012,10
3867,520.7657168898438,53.29015584009426,10
3868,520.8725168988107,53.345919173871366,10
3869,520.8814169029426,53.34497794224473,10
3870,521.1573169080384,53.37275169240876,10
3871,521.1662169121703,53.36582136089597,10
3872,521.2641169166237,53.362863425216815,10
3873,521.5311169172061,53.53441125371165,10
3874,521.6290169216593,53.439526140850745,10
3875,521.6468169303049,53.43509242106044,10
3876,521.6646169389503,53.434193116874766,10
3877,521.6913169404166,53.41272470630044,10
3878,521.7002169445485,53.429525059383124,10
3879,521.7447169550418,53.44805739839012,10
3880,521.7536169591738,53.44647904510761,10
3881,521.8426169591136,53.3479311003166,10
3882,521.9405169635669,53.349763118999,10
3883,522.0562169653545,53.24911151450785,10
3884,522.2342169656156,52.989050074315614,10
3885,522.3410169745823,53.11836513426371,10
3886,522.376616980562,53.11210504225731,10
3887,522.5190169841974,53.19556967937321,10
3888,522.5457169856636,53.18733055591226,10
3889,522.7415169832591,53.30034824198138,10
3890,522.8483169805332,53.37764900582681,10
3891,523.053016982642,53.38623793898159,10
3892,523.1598169916087,53.53629118563992,10
3893,523.2577169960621,53.37233947167953,10
3894,523.3022170182479,53.36737161665156,10
3895,523.4268170245489,53.534712953038536,10
3896,523.6226170221443,53.64683804424908,10
3897,523.6493170236106,53.6592368130601,10
3898,523.6493170232291,53.65923681306012,10
3899,523.6671170318746,53.663081274125965,10
3900,523.871817045676,53.790434788021976,10
3901,523.9875170474636,53.86370970571381,10
3902,524.1121170537646,53.93417223307329,10
3903,524.1299170507175,53.956393105858496,10
3904,524.1566170638764,53.929664112054546,10
3905,524.1833170770353,53.93220746388134,10
3906,524.2011170856807,53.932703554354326,10
3907,524.2189170943262,53.92242179366592,10
3908,524.2278170984582,53.906299146827955,10
3909,524.3524171047593,54.05670949382166,10
3910,524.5571171068681,54.13236845040819,10
3911,524.8508171092982,54.154334898681185,10
3912,524.9754171039067,54.15767293790169,10
3913,524.993217112552,54.1728751575854,10
3914,525.1801171173266,54.07606849792849,10
3915,525.2780171217798,53.978597439780245,10
3916,525.3670171217198,54.03538985898921,10
3917,525.5183171218855,54.12426460700129,10
3918,525.6518171210073,54.242786815861926,10
3919,525.8031171317226,54.362619419458056,10
3920,525.9099171406892,54.36014235871276,10
3921,525.9277171493347,54.36489564749483,10
3922,526.0879171540139,54.6147227517741,10
3923,526.1413171573279,54.6221770020331,10
3924,526.2481171662946,54.695334499180284,10
3925,526.3371171662345,54.60057204351407,10
3926,526.3549171748801,54.61008148016655,10
3927,526.6219171754624,54.94815372403386,10
3928,526.8355171825034,55.159155361860705,10
3929,526.9423171797773,55.25188939854481,10
3930,526.9957171713171,55.2031568249838,10
3931,527.1025171802839,55.32023382623517,10
3932,527.1292171817502,55.28922648265765,10
3933,527.3339171838591,55.37129850968058,10
3934,527.360617197018,55.37696866209501,10
3935,527.4674172059847,55.43372559304908,10
3936,527.5742172032589,55.5418936086811,10
3937,527.6009172051438,55.51391300207356,10
3938,527.8323172212117,55.658622560551386,10
3939,527.8590172343705,55.67477997827645,10
3940,527.876817243016,55.66404209236716,10
3941,527.8946172516615,55.65332743736503,10
3942,527.9302172576413,55.62489578499599,10
3943,528.0637172688745,55.60597312088701,10
3944,528.1616172733277,55.596351450957165,10
3945,528.446417282937,55.51761874807635,10
3946,528.473117296096,55.551648317346256,10
3947,528.5799173050626,55.54903415147066,10
3948,528.6867173140294,55.497368666074145,10
3949,528.8202173252624,55.435195830623286,10
3950,528.8291173293946,55.42583828139114,10
3951,528.9537173361143,55.44370888115976,10
3952,529.0427173360541,55.557598684807814,10
3953,529.060517333007,55.542819848353076,10
3954,529.2474173377816,55.70627975443512,10
3955,529.265217346427,55.697851854283236,10
3956,529.478817341275,55.63903911835419,10
3957,529.514417335562,55.694824188564475,10
3958,529.6123173400154,55.73477172209558,10
3959,529.8259173348631,55.911389650036874,10
3960,529.995017328572,55.93327428802277,10
3961,530.0217173300382,55.913854691673606,10
3962,530.0573173360181,55.91283154878393,10
3963,530.1018173347368,55.88094346248735,10
3964,530.2976173323323,56.118439609610135,10
3965,530.3154173292851,56.14084628513442,10
3966,530.3421173424441,56.15287305880533,10
3967,530.3688173556029,56.14573097874568,10
3968,530.4756173645696,56.052374861175196,10
3969,530.4845173687017,56.03605931670408,10
3970,530.582417373155,56.01536968732957,10
3971,530.6002173818005,56.01564621704742,10
3972,530.600217381419,56.01564621704745,10
3973,530.8049173952205,55.92130569046551,10
3974,530.8138173993525,55.93248434248506,10
3975,530.8227174034845,55.94910223045379,10
3976,530.8494174049508,55.93294696844013,10
3977,531.0541174187522,56.1014875167427,10
3978,531.1520174232056,56.018351745499686,10
3979,531.2588174204798,56.03042915644077,10
3980,531.2677174246116,56.04697089458401,10
3981,531.4724174267205,56.061245560391384,10
3982,531.8729174268062,56.10719761289125,10
3983,531.8818174309381,56.11286555433517,10
3984,531.9263174297388,56.10725409845421,10
3985,531.9352174338708,56.118464715697456,10
3986,531.9441174380028,56.11467947075199,10
3987,532.1221174382638,56.078154870520095,10
3988,532.2111174382037,56.244206532791644,10
3989,532.4069174474918,56.44356902971065,10
3990,532.5226174492793,56.43400595927757,10
3991,532.9676174505041,56.6019524839128,10
3992,533.1545174552787,56.7750458670784,10
3993,533.5283174652093,56.500790410013344,10
3994,533.5461174621621,56.48546682787756,10
3995,533.5728174636283,56.4868745832967,10
3996,533.7775174657373,56.633866664626346,10
3997,533.9021174720383,56.57879900215884,10
3998,534.0979174696337,56.471893998729364,10
3999,534.3204174690769,56.33499750253153,10
4000,534.356017463364,56.34000907769626,10
4001,534.4183174711914,56.32482377750893,10
4002,534.4361174798369,56.327408199736304,10
4003,534.445017483969,56.333666417090896,10
4004,534.7120174845513,56.32780742213679,10
4005,534.8188174935179,56.31411528994535,10
4006,534.8455174949844,56.31876382382647,10
4007,534.8455174946027,56.3187638238265,10
4008,534.9345174945427,56.310793332945394,10
4009,534.9523175031883,56.31274386532406,10
4010,534.9612175073202,56.30900450343405,10
4011,534.9701175114523,56.30795180980444,10
4012,535.0057175057393,56.33922875808792,10
4013,535.1214175075269,56.3344506712105,10
4014,535.228217504801,56.296092601317056,10
4015,535.3261175092543,56.218146525200204,10
4016,535.3350175133863,56.22292979640842,10
4017,535.4329175178395,56.21917975798425,10
4018,535.5219175177795,56.183224377834144,10
4019,535.6376175195671,56.2546701862836,10
4020,535.65541751652,56.267263099362886,10
4021,535.6910175224996,56.28866928990375,10
4022,535.7088175311451,56.3100048209681,10
4023,535.726617528098,56.30855748883516,10
4024,535.8601175389124,56.39720836185164,10
4025,535.9580175433657,56.32885430707787,10
4026,536.0737175568458,56.387198075504116,10
4027,536.1805175658127,56.48636749442883,10
4028,536.2784175702659,56.48446580095107,10
4029,536.3941175720535,56.47226807395722,10
4030,536.4208175739385,56.44544564892606,10
4031,536.5187175783918,56.35620695644256,10
4032,536.5187175780104,56.35620695644257,10
4033,536.5276175821424,56.35556899967722,10
4034,536.7056175824034,56.41538202343773,10
4035,536.8124175913701,56.26734136016574,10
4036,537.088317596466,56.43893163747128,10
4037,537.3553175970483,56.70611131860818,10
4038,537.3642176011803,56.71274985787145,10
4039,537.5511176059549,56.60680758662574,10
4040,537.5600176100869,56.613594574771184,10
4041,537.7469176148614,56.612964206740926,10
4042,537.8448176193148,56.582148876347595,10
4043,537.9605176211023,56.60347716408172,10
4044,538.0495176210421,56.64792902274892,10
4045,538.1385176198389,56.74414261284245,10
4046,538.1385176194575,56.74414261284247,10
4047,538.1563176164104,56.728177306765645,10
4048,538.1563176160289,56.728177306765666,10
4049,538.3877176183195,56.50279989719947,10
4050,538.6636176234151,56.77755639472465,10
4051,538.8416176236763,56.852098454337295,10
4052,538.8594176206292,56.87403039522165,10
4053,538.8683176247612,56.85760698984226,10
4054,538.8683176243798,56.857606989842274,10
4055,539.0463176246408,56.73357605497471,10
4056,539.1353176245808,56.89774588911308,10
4057,539.3311176221761,57.036364754992924,10
4058,539.4290176266293,57.19739674727997,10
4059,539.4379176307614,57.19378754935028,10
4060,539.5358176352147,57.31063951029211,10
4061,539.6426176441813,57.466428827838364,10
4062,539.8295176489559,57.36562828068462,10
4063,539.8384176530878,57.36461492370874,10
4064,539.9363176575413,57.4345467155074,10
4065,540.0520176593288,57.367588205320786,10
4066,540.1588176566029,57.195916472791765,10
4067,540.2567176610562,57.023920069276826,10
4068,540.4436176658307,56.92784154257015,10
4069,540.5860176694661,56.98766859665402,10
4070,540.7017176712536,56.894234458776594,10
4071,540.799617675707,56.881241110973555,10
4072,540.8975176801603,56.946731428995726,10
4073,541.004317689127,56.795764816213286,10
4074,541.1912176939015,56.844444221514216,10
4075,541.2980177028682,56.853225382473084,10
4076,541.4048177001423,56.84809802711727,10
4077,541.4226177087879,56.835763876094255,10
4078,541.6095177135624,56.85240876183803,10
4079,541.7163177225292,56.75474735736403,10
4080,541.8142177269823,56.809302851306526,10
4081,541.8320177356279,56.81655592283418,10
4082,542.027817744916,56.948331731210985,10
4083,542.3304177518594,57.16469248896345,10
4084,542.3393177559914,57.17160259807206,10
4085,542.5529177743063,57.15859917002637,10
4086,542.6597177715805,57.1666916320231,10
4087,542.6686177757125,57.1580409990828,10
4088,542.8733177778213,57.12513939502406,10
4089,542.9623177777611,57.09274527347172,10
4090,542.9623177773798,57.09274527347173,10
4091,543.2293177743388,57.03064884100215,10
4092,543.3361177716129,57.18883223377847,10
4093,543.3539177685659,57.171500961136715,10
4094,543.5052177687315,57.07826445023707,10
4095,543.5141177728635,57.075067151045474,10
4096,543.514117772482,57.0750671510455,10
4097,543.7188177745909,56.937976184555566,10
4098,543.8345177763786,56.96428550898593,10
4099,543.8523177850241,56.95229177421946,10
4100,543.9680177985042,56.87148925611112,10
4101,543.9769178026361,56.88797517869954,10
4102,544.1727178119243,56.796586017693166,10
4103,544.2973178299178,56.82938124858096,10
4104,544.3240178313841,56.85351943613152,10
4105,544.5109178361588,57.0729391300847,10
4106,544.7779178367412,57.19728047574852,10
4107,544.9826178388499,57.14113159721025,10
4108,545.2763178412799,57.14240767185824,10
4109,545.3386178411245,57.13501651531896,10
4110,545.3564178380773,57.16814103719671,10
4111,545.463217847044,57.156756747070645,10
4112,545.5522178469839,57.14870292538786,10
4113,545.5611178511159,57.148574330963186,10
4114,545.5789178480688,57.18167560749859,10
4115,545.6056178612276,57.19858451518165,10
4116,545.7213178630152,57.03751574926714,10
4117,545.828117871982,56.94396789184936,10
4118,545.9171178719218,56.988710134179236,10
4119,546.2019178698386,56.76601063208621,10
4120,546.4778178749342,56.86350021607313,10
4121,546.5668178748742,56.85673610171896,10
4122,546.5846178835196,56.83189233176857,10
4123,546.6914178807938,56.825914338537544,10
4124,546.7982178897605,56.76657419576794,10
4125,546.8338179074328,56.79656660228248,10
4126,546.8605179088992,56.78527598633089,10
4127,546.8783179058519,56.798584909505855,10
4128,546.9762179103052,56.793901264412725,10
4129,547.0029179117716,56.76732849879876,10
4130,547.0118179159035,56.77400018528909,10
4131,547.1275179176912,56.688868299059635,10
4132,547.2343179266579,56.61703075007561,10
4133,547.4301179242533,56.70144552163368,10
4134,547.4568179257196,56.73883075417219,10
4135,547.4657179298515,56.73523582003531,10
4136,547.4746179339836,56.73495891966298,10
4137,547.5814179429503,56.80343710175648,10
4138,547.6882179519172,56.818256720969906,10
4139,547.7060179605626,56.820211518296745,10
4140,547.7327179620289,56.84475768347027,10
4141,547.759417963495,56.85397148172349,10
4142,547.777217960448,56.863113354037814,10
4143,547.8039179619143,56.866203401744045,10
4144,547.8217179705598,56.84593435827461,10
4145,547.8395179792053,56.84220607291591,10
4146,547.8573179878507,56.85847371969016,10
4147,548.026417994148,56.829879179898775,10
4148,548.1154179940877,56.99455916279257,10
4149,548.142117995554,57.00439874754614,10
4150,548.4981179964577,56.78851833216898,10
4151,548.5159180051031,56.78442669641518,10
4152,548.5337180137487,56.81111929628296,10
4153,548.6227180136884,56.77659288543596,10
4154,548.7117180136283,56.610050656542356,10
4155,548.7206180177603,56.614514776636824,10
4156,548.8185180222137,56.52430982796993,10
4157,548.9787180231016,56.41960719477387,10
4158,548.9965180317469,56.410437127954594,10
4159,549.0855180316869,56.576353574170994,10
4160,549.1122180448458,56.55053299110133,10
4161,549.1211180489778,56.53387238409174,10
4162,549.1300180531098,56.53327379543848,10
4163,549.1834180681165,56.54082689193786,10
4164,549.2012180650693,56.54973924517365,10
4165,549.3169180668568,56.617301248591886,10
4166,549.41481807131,56.76730293936026,10
4167,549.5483180703503,56.56883632515924,10
4168,549.6551180676245,56.53261137412386,10
4169,549.7797180622329,56.505011562760906,10
4170,549.8865180711995,56.50442279774561,10
4171,549.9844180756528,56.51110372304791,10
4172,550.0200180699401,56.52425921276012,10
4173,550.2247180720487,56.613144377051135,10
4174,550.3493180666571,56.515524258970466,10
4175,550.3582180707892,56.514819578913986,10
4176,550.7142180716928,56.34759736442739,10
4177,550.8032180716326,56.517233353936774,10
4178,551.0702180722151,56.67555459740486,10
4179,551.0880180691679,56.659809174678124,10
4180,551.2749180739426,56.66998954372614,10
4181,551.3817180829092,56.51483906327102,10
4182,551.3995180915547,56.52392056862579,10
4183,551.506318088829,56.550085569947136,10
4184,551.6665180935081,56.363799319513,10
4185,551.844518093769,56.37207456285613,10
4186,551.8534180979011,56.37878677819871,10
4187,551.8623181020332,56.370791197364845,10
4188,552.058118111321,56.354823193185084,10
4189,552.075918108274,56.34788867740432,10
4190,552.1649181082138,56.259789783632804,10
4191,552.3429181084749,56.05978941492372,10
4192,552.520918108736,56.08000673712224,10
4193,552.7345181153582,55.992379146386284,10
4194,552.7434181194903,55.9919539619872,10
4195,552.7523181236223,55.991542921154796,10
4196,552.8413181235621,55.91333519660312,10
4197,552.8502181276942,55.905586329842706,10
4198,552.957018136661,55.82186950297262,10
4199,552.9748181453064,55.80546685303449,10
4200,553.0638181452462,55.796366200086545,10
4201,553.3664181521898,55.71116140235951,10
4202,553.4020181698622,55.72687479738354,10
4203,553.4376181875346,55.72856781607049,10
4204,553.6423181896434,55.67158742088679,10
4205,553.6512181937753,55.66372584478931,10
4206,553.8648182003977,55.66639787682524,10
4207,553.8826181973507,55.68678014569752,10
4208,553.9805182018039,55.67876738059021,10
4209,554.0072182149628,55.686204844092266,10
4210,554.1140182122369,55.50299730911427,10
4211,554.1496182299094,55.50455444768255,10
4212,554.2653182433895,55.506565810383265,10
4213,554.3543182433293,55.60902774314803,10
4214,554.3721182519747,55.62235861954406,10
4215,554.51451825561,55.59030471229454,10
4216,554.7281182622323,55.43387246719881,10
4217,554.9061182624935,55.458983838702565,10
4218,555.0129182597677,55.35818384680455,10
4219,555.1019182597074,55.274239813153955,10
4220,555.1286182615925,55.305578606907474,10
4221,555.1820182649064,55.284151557385776,10
4222,555.2087182663728,55.2893737977593,10
4223,555.3244182681603,55.40982588420587,10
4224,555.3511182813193,55.397661623460934,10
4225,555.457918290286,55.400362365312084,10
4226,555.5024182890864,55.42397641050509,10
4227,555.5380182832921,55.40937794962466,10
4228,555.73381829258,55.32733775844818,10
4229,555.8673182917017,55.28937379358655,10
4230,555.9741183006686,55.19554193416041,10
4231,556.0097183066483,55.18974709410297,10
4232,556.1343183012568,55.17312780533389,10
4233,556.1521183099023,55.18635665446844,10
4234,556.3301183101634,55.027477406282046,10
4235,556.4636183092035,55.01939582239767,10
4236,556.5615183136567,55.17975059017977,10
4237,556.6950183244712,55.0923996571164,10
4238,556.8819183292459,55.12921734398467,10
4239,557.0777183385339,55.0095067606904,10
4240,557.1133183328209,55.029758085999816,10
4241,557.1400183459799,55.00814599211861,10
4242,557.3269183507543,55.10976909790895,10
4243,557.3358183548864,55.10150152751203,10
4244,557.3625183563528,55.11808572157255,10
4245,557.5405183566138,55.18048425425374,10
4246,557.576118350901,55.20104275225439,10
4247,557.5939183478538,55.21424259179754,10
4248,557.6206183610128,55.1885852856961,10
4249,557.718518365466,55.28722791326534,10
4250,557.7185183650846,55.28722791326536,10
4251,557.8965183653457,55.3133287413459,10
4252,557.9855183652857,55.30314452779665,10
4253,558.110118359894,55.42391681946497,10
4254,558.2169183571681,55.56601611865935,10
4255,558.3148183616214,55.39391764578699,10
4256,558.3237183657535,55.40054661622731,10
4257,558.3771183690675,55.37290385862584,10
4258,558.4750183735207,55.408218375576325,10
4259,558.653018373782,55.36451980217079,10
4260,558.7598183827488,55.406356731401296,10
4261,558.8755183845362,55.27391815441244,10
4262,558.9912183863238,55.243872578446826,10
4263,559.0179183877901,55.21062413370785,10
4264,559.1336183895777,55.068994229389496,10
4265,559.3116183898388,55.21905228996335,10
4266,559.4273183916264,55.261079786938915,10
4267,559.427318391245,55.261079786938936,10
4268,559.4540183927113,55.29959158562048,10
4269,559.4896183986909,55.28781617048768,10
4270,559.5875184031443,55.215705901212566,10
4271,559.6053184117898,55.22131313940852,10
4272,559.7121184207565,55.14666381199801,10
4273,559.7655184244893,55.19895094924158,10
4274,559.9791184311117,55.2257819714894,10
4275,560.0948184328993,55.150355935759436,10
4276,560.3707184379949,55.05936990409486,10
4277,560.3796184421271,55.05874889093499,10
4278,560.5042184367354,55.11566745121103,10
4279,560.5131184408674,55.1118452703051,10
4280,560.5309184378204,55.110599629470805,10
4281,560.5665184438001,55.10588511866625,10
4282,560.6021184497798,55.131707820430954,10
4283,560.7623184507495,55.06533192198496,10
4284,560.8958184498713,55.142631562621055,10
4285,560.9225184513376,55.133652187467305,10
4286,561.0293184486118,55.050849390971315,10
4287,561.296318449194,54.9395295975843,10
4288,561.3942184536473,54.97398903262685,10
4289,561.4209184551138,54.95537713090414,10
4290,561.5099184550535,54.78333078331997,10
4291,561.7235184499832,54.91924818440165,10
4292,561.7591184559631,54.90796824547951,10
4293,561.7769184646083,54.91835395745236,10
4294,561.9015184709095,55.06602237418597,10
4295,561.9193184795549,55.06290243404699,10
4296,562.0528184786768,54.97917590095465,10
4297,562.168518492157,55.044137547097016,10
4298,562.1952184936233,55.0491827068823,10
4299,562.2308184996031,55.05055763717294,10
4300,562.2308184992216,55.05055763717295,10
4301,562.4355185013304,55.05384214335697,10
4302,562.5334185057837,54.88035567100821,10
4303,562.5423185099158,54.87956744979651,10
4304,562.8271185078326,54.64515554868916,10
4305,563.0051185080936,54.69766788176685,10
4306,563.2098185102024,54.62815069976678,10
4307,563.3077185146558,54.620968782895986,10
4308,563.334418516122,54.582866631095165,10
4309,563.4590185107304,54.46693548448422,10
4310,563.4946185284028,54.44581528034222,10
4311,563.6103185301905,54.45770891811102,10
4312,563.6459185478628,54.4387062884068,10
4313,563.7349185478027,54.602780525964434,10
4314,563.7527185447555,54.60032402310505,10
4315,563.7616185488876,54.6113991841081,10
4316,563.8506185488275,54.57159454525647,10
4317,563.9485185532806,54.55262594795577,10
4318,564.0375185532205,54.59391144320761,10
4319,564.0464185573526,54.585994624692106,10
4320,564.3223185624485,54.6847392813724,10
4321,564.4113185623883,54.79660881464709,10
4322,564.4291185710337,54.80670088538181,10
4323,564.5270185743439,54.74124848601077,10
4324,564.7228185719393,54.85906420152082,10
4325,564.8296185692135,54.83445494171263,10
4326,565.1144185788227,54.87435759691691,10
4327,565.230118592303,54.98776605500457,10
4328,565.408118592564,55.019639920819344,10
4329,565.5060185970174,54.9464969799785,10
4330,565.790818594934,55.263417093525845,10
4331,565.8976186039007,55.26533451469896,10
4332,565.9866186038406,55.429295958819665,10
4333,566.1023186056282,55.532563721350655,10
4334,566.3960186080583,55.537079573369425,10
4335,566.5918186056537,55.62499086323508,10
4336,566.5918186052722,55.624990863235105,10
4337,566.6986186025463,55.46931015243178,10
4338,566.6986186021649,55.469310152431795,10
4339,566.8143186039524,55.40963298812397,10
4340,567.1080186063826,55.168692340089414,10
4341,567.1525186168759,55.174726264563375,10
4342,567.1614186210079,55.191376167825396,10
4343,567.1881186224742,55.16901859765227,10
4344,567.3127186170826,55.108772724889825,10
4345,567.508518614678,55.2011513376717,10
4346,567.642018612575,55.24957905477479,10
4347,567.8378186101703,55.16958252838468,10
4348,568.0158186104316,55.40082874808807,10
4349,568.2027186194089,55.358352486949656,10
4350,568.3896186241834,55.290204017274114,10
4351,568.5142186346872,55.24968732458207,10
4352,568.6121186391405,55.42366286099892,10
4353,568.7901186394016,55.47575557091748,10
4354,568.9058186528816,55.38570293522813,10
4355,569.0126186618484,55.39101648552581,10
4356,569.1105186663019,55.340466994523815,10
4357,569.1105186659204,55.34046699452383,10
4358,569.3864186710161,55.090262205172,10
4359,569.7513186764334,55.10243201405424,10
4360,569.7691186733862,55.08911591815877,10
4361,569.7780186775183,55.10013116680886,10
4362,569.8225186763187,55.0699699896636,10
4363,569.8581186822984,55.102150909183266,10
4364,569.9115186856126,55.09323443040348,10
4365,570.0984186903871,54.87931322997616,10
4366,570.2942186879825,54.88673153258067,10
4367,570.3298186939622,54.91097116556429,10
4368,570.3476187026079,54.91314131067285,10
4369,570.4544186998818,54.8689201336516,10
4370,570.4811187013482,54.86176973178644,10
4371,570.4989187099937,54.86393540639557,10
4372,570.6057187189605,54.71112749019873,10
4373,570.6947187189004,54.5418284966048,10
4374,570.801518727867,54.70723763234184,10
4375,570.9083187368338,54.805345488459345,10
4376,570.9439187311209,54.81729839538431,10
4377,570.9528187352529,54.808777956040245,10
4378,571.1842187509022,54.93757116990201,10
4379,571.3978187458318,54.82220065770079,10
4380,571.6648187464142,55.10033561244729,10
4381,571.771618755381,55.05516814600665,10
4382,571.8873187575872,55.06443683867942,10
4383,571.9852187620406,55.074549334201315,10
4384,572.1721187668151,54.96945251046448,10
4385,572.1988187682814,54.98336983043338,10
4386,572.2878187682213,54.94114351685114,10
4387,572.3145187813801,54.95761596629931,10
4388,572.3234187855121,54.97429960608286,10
4389,572.412418785452,54.8075318313973,10
4390,572.5904187857132,54.72087742808941,10
4391,572.6082187943587,54.71234599330667,10
4392,572.7150187916326,54.74536411824769,10
4393,572.7328188002782,54.75048905500268,10
4394,572.7595188134371,54.76063864365951,10
4395,572.8574188178904,54.8072267286309,10
4396,572.9731188196781,54.98531704706371,10
4397,572.98201882381,54.98534185561907,10
4398,572.990918827942,54.98538106982693,10
4399,573.0977188252162,55.016290120920104,10
4400,573.1244188266826,55.00562130734116,10
4401,573.1422188236354,54.98850783728562,10
4402,573.1600188322808,55.00617813295366,10
4403,573.1956188382607,55.01502875077502,10
4404,573.2935188532634,54.8954291099579,10
4405,573.311318861909,54.91315500087068,10
4406,573.4181188708757,54.765559737005276,10
4407,573.5071188708155,54.693452037764196,10
4408,573.6317188775353,54.599550314902594,10
4409,573.6762188880285,54.60855628554208,10
4410,573.7741188924817,54.657877790774776,10
4411,573.9610188972564,54.589764159232004,10
4412,574.0767189107366,54.500874995676725,10
4413,574.0945189076895,54.49223805640153,10
4414,574.219118925683,54.66707135163826,10
4415,574.3259189346498,54.709798759382764,10
4416,574.4683189265925,54.88001650694026,10
4417,574.5929189328936,54.84219461736963,10
4418,574.7709189331547,54.80090342846544,10
4419,574.8955189394557,54.881543182322524,10
4420,574.922218940922,54.89558220567286,10
4421,574.9756189559287,54.90823678343214,10
4422,575.1180189595639,54.84552529278295,10
4423,575.3316189544936,54.93049621440787,10
4424,575.3583189559599,54.9298689512892,10
4425,575.5185189552634,54.90713160642367,10
4426,575.5452189684224,54.93342184344692,10
4427,575.7232189821286,54.97288444347215,10
4428,575.9012189823895,54.958857989444816,10
4429,575.9457189928828,54.95327283330113,10
4430,576.0525190018495,54.99987776453888,10
4431,576.079219003316,54.99430157563742,10
4432,576.3640190012327,55.091025997579685,10
4433,576.4708190101993,55.196759565910824,10
4434,576.5687190146525,55.28042723983237,10
4435,576.7467190149137,55.28176457924673,10
4436,576.7556190190458,55.28472809488058,10
4437,576.7645190231776,55.28315282692533,10
4438,576.7645190227962,55.28315282692534,10
4439,576.7823190314418,55.31076406689711,10
4440,576.9959190380641,55.4259337743849,10
4441,577.0938190425175,55.44862584291605,10
4442,577.1205190439836,55.4620595455432,10
4443,577.2362190457713,55.56956977706435,10
4444,577.2629190472376,55.56747356936338,10
4445,577.2718190513696,55.55071933714838,10
4446,577.3786190603363,55.69166383813115,10
4447,577.3964190689819,55.69458737174892,10
4448,577.5922190782699,55.803543004766894,10
4449,577.6812190782097,55.636856367126676,10
4450,577.7257190770104,55.67732603263386,10
4451,577.7257190766289,55.67732603263387,10
4452,577.7880190727639,55.70313267474618,10
4453,577.8948190817306,55.860528231885134,10
4454,578.0194190880314,56.037220973173675,10
4455,578.1351191015117,56.03199460078813,10
4456,578.250819114992,56.1246750553835,10
4457,578.3665191167795,56.09048633753843,10
4458,578.4021191227594,56.114930612801196,10
4459,578.4911191226992,56.074388293025265,10
4460,578.5089191313447,56.05774866843433,10
4461,578.5623191346587,56.0507240196555,10
4462,578.6335191453335,56.07476184401883,10
4463,578.7403191543003,56.09572372409754,10
4464,578.8471191632672,56.10247604384564,10
4465,578.8827191692468,56.075103969895096,10
4466,578.9984191710344,56.117969286431354,10
4467,579.0963191754876,56.07072482273514,10
4468,579.2031191727618,56.032010288342356,10
4469,579.2209191697146,56.03185321284924,10
4470,579.318819174168,56.01817595630968,10
4471,579.3366191828135,55.99987572876498,10
4472,579.4612191891144,56.0977122809626,10
4473,579.6392191893756,56.281504719387144,10
4474,579.7638191956767,56.26168829452717,10
4475,579.9151192038254,56.200093208466484,10
4476,579.9418192052917,56.18020656452574,10
4477,580.0575192070794,56.211380036119024,10
4478,580.093119213059,56.23613171400461,10
4479,580.1999192220258,56.182817244844934,10
4480,580.2266192351847,56.189940515713346,10
4481,580.3156192351246,56.11832997146778,10
4482,580.4224192323987,56.101703379416705,10
4483,580.5470192503924,56.09537769459802,10
4484,580.6805192612069,56.084915726457915,10
4485,580.7873192701736,56.13452595484718,10
4486,580.8140192833325,56.13259666836255,10
4487,580.8229192874645,56.13105146685666,10
4488,580.9119192874043,56.16356149346124,10
4489,581.0276193008846,56.160251013723105,10
4490,581.0276193005033,56.16025101372312,10
4491,581.0365193046352,56.1675385417225,10
4492,581.0543193132806,56.169274684497395,10
4493,581.0721193219263,56.145286720757674,10
4494,581.2056193327405,56.19573556575183,10
4495,581.3124193300148,56.299350693296766,10
4496,581.3213193341468,56.31565090780389,10
4497,581.4192193386001,56.212609910139506,10
4498,581.5260193475667,56.13090331241159,10
4499,581.7307193613684,56.29697215098463,10
4500,581.7396193655003,56.304290440174924,10
4501,581.7574193741458,56.316731612174266,10
4502,581.9354193744069,56.31357468262695,10
4503,582.0244193743467,56.47617594184982,10
4504,582.1223193788001,56.5076907526278,10
4505,582.1668193892932,56.52699663370799,10
4506,582.2647193937466,56.611123574326406,10
4507,582.3715194027134,56.63789161515995,10
4508,582.5584194074879,56.582792858677834,10
4509,582.5762194044407,56.60494731139265,10
4510,582.7720194020362,56.83741781010208,10
4511,582.7987194035024,56.827848216119484,10
4512,582.8877194034424,56.75457691795233,10
4513,582.9945194124091,56.82023104034974,10
4514,583.0835194123489,56.98294651376353,10
4515,583.2793194099443,57.00559699104444,10
4516,583.4573194102054,57.08051968602044,10
4517,583.5730194119931,57.00215322084816,10
4518,583.697619418294,56.84090486580553,10
4519,583.6976194179126,56.840904865805534,10
4520,583.8934194272006,56.83604277514971,10
4521,583.9379194264199,56.810273615631324,10
4522,583.9379194260384,56.81027361563134,10
4523,584.1159194262996,56.97051490750186,10
4524,584.2405194326005,56.9296048622857,10
4525,584.2494194367326,56.94591168081032,10
4526,584.276119438199,56.92857217042003,10
4527,584.3740194426522,56.95502644396181,10
4528,584.4808194516189,56.78733060251941,10
4529,584.4897194557509,56.78390923146653,10
4530,584.6232194669841,56.86874718420543,10
4531,584.6232194666028,56.86874718420543,10
4532,584.7300194755695,56.72178427775864,10
4533,584.7478194842149,56.71399146035602,10
4534,584.7656194928605,56.724657819297214,10
4535,584.9614195021485,56.77592888355154,10
4536,585.0682195111152,56.8807864259183,10
4537,585.1839195245955,57.04367862580511,10
4538,585.3797195221908,57.1414068398726,10
4539,585.4420195534036,57.16779959161003,10
4540,585.5310195533434,57.245877052367085,10
4541,585.6378195506175,57.292054923169474,10
4542,585.9137195557134,57.18828775834539,10
4543,586.1095195650014,57.15051199111718,10
4544,586.1362195781603,57.14395973191521,10
4545,586.1451195822923,57.13546739885492,10
4546,586.2341195822322,56.9688001775636,10
4547,586.323119582172,56.88416948298317,10
4548,586.4388195956523,56.94785289543057,10
4549,586.5278195955921,57.11163793845912,10
4550,586.7058195958532,57.11080577138416,10
4551,586.7948195957931,57.027265519468365,10
4552,586.8126195927459,57.06039706558284,10
4553,586.9995195975205,57.059518648111826,10
4554,587.0173195944733,57.08056604063498,10
4555,587.0262195986054,57.07812596994687,10
4556,587.0351196027373,57.07028696894813,10
4557,587.0618196042036,57.08951977489335,10
4558,587.0974196101836,57.13058028874359,10
4559,587.4712196201141,57.16166889291597,10
4560,587.5780196290807,57.32409380129963,10
4561,587.6937196308684,57.29169003714664,10
4562,587.8094196330745,57.39667178640101,10
4563,587.9162196420414,57.374503976110574,10
4564,588.0319196438289,57.383241603579485,10
4565,588.1298196482821,57.317841615311025,10
4566,588.2277196527355,57.31763047452782,10
4567,588.2811196677421,57.36352964677323,10
4568,588.4680196725167,57.34363514649149,10
4569,588.4947196856757,57.35925807684554,10
4570,588.7617196862581,57.57559716581069,10
4571,588.7795196949035,57.56473071426845,10
4572,588.9931196898332,57.63250090268331,10
4573,589.0376196886339,57.613099533748894,10
4574,589.135519693087,57.542281998645436,10
4575,589.4025196936693,57.78724586534587,10
4576,589.4203197023149,57.7817139897817,10
4577,589.4203197019335,57.78171398978171,10
4578,589.420319701552,57.78171398978171,10
4579,589.4381196985049,57.776145029813875,10
4580,589.5360197029581,57.942670419398226,10
4581,589.5360197025768,57.94267041939824,10
4582,589.8297197166996,58.16958097467588,10
4583,589.8386197208314,58.166784108766684,10
4584,589.8653197339905,58.17192609242271,10
4585,589.8920197354568,58.17464858343595,10
4586,589.8920197350753,58.17464858343597,10
4587,589.9365197455686,58.16157963267269,10
4588,590.0433197428426,58.23584331300046,10
4589,590.1501197518094,58.21857277494166,10
4590,590.2658197535972,58.05768846293447,10
4591,590.28361975055,58.06368212066691,10
4592,590.2836197501684,58.063682120666925,10
4593,590.3904197591353,58.15242321335609,10
4594,590.4082197677807,58.147225772325456,10
4595,590.5150197650548,58.143974478490726,10
4596,590.612919769508,58.17162956353398,10
4597,590.8087197671035,58.163634546763575,10
4598,590.9066197715568,58.14980485127923,10
4599,591.0312197778578,58.20973373833886,10
4600,591.1202197777976,58.18155900455469,10
4601,591.1202197774162,58.181559004554714,10
4602,591.2092197773561,58.34722071764634,10
4603,591.2181197814881,58.33893371325736,10
4604,591.307119781428,58.4211858902198,10
4605,591.3249197783808,58.420462766900684,10
4606,591.3338197825129,58.4287532713531,10
4607,591.5385197846216,58.57311099954484,10
4608,591.5563197815745,58.56876535986262,10
4609,591.6453197815144,58.73559761003829,10
4610,591.8411197908024,58.81122556793321,10
4611,591.8678198039613,58.82140614408667,10
4612,591.9657198084145,58.89687685580961,10
4613,591.9657198080332,58.896876855809616,10
4614,592.0725198053073,58.91090989309015,10
4615,592.2594198100819,58.98678382333741,10
4616,592.2594198097005,58.98678382333742,10
4617,592.375119811488,58.88612271438492,10
4618,592.4819198087622,58.88426937367523,10
4619,592.5976198222423,58.788530487172864,10
4620,592.6154198191953,58.78267661583086,10
4621,592.6154198188137,58.782676615830866,10
4622,592.713319823267,58.753456161730135,10
4623,592.9002198280416,58.79895820367756,10
4624,592.9892198279815,58.715481487633035,10
4625,593.0782198279213,58.63323687817753,10
4626,593.2206198432492,58.66739671962754,10
4627,593.2295198473812,58.66529719123559,10
4628,593.2384198515134,58.67533209030855,10
4629,593.3363198559666,58.76175435583618,10
4630,593.3452198600986,58.75369209623277,10
4631,593.3452198597172,58.75369209623278,10
4632,593.3986198630313,58.77056278608704,10
4633,593.5143198765115,58.864171931300795,10
4634,593.6122198809646,58.98240600762497,10
4635,593.6211198850967,58.980281879554006,10
4636,593.6300198892288,58.97214204002193,10
4637,593.6300198888473,58.97214204002195,10
4638,593.914819886764,59.10676570154881,10
4639,593.99491989274,59.0337534404442,10
4640,594.1373198963753,59.079886506819385,10
4641,594.1818198951759,59.104264091482555,10
4642,594.3509198989929,59.208908292530154,10
4643,594.359819903125,59.22527706083312,10
4644,594.3776199117704,59.24143405949902,10
4645,594.3954199087232,59.22522357393267,10
4646,594.5200199033317,59.172412881928835,10
4647,594.6802199026351,59.30181812058707,10
4648,594.8760199002306,59.20402590143318,10
4649,595.0629199050051,59.15953761211261,10
4650,595.1519199049449,59.1960342908911,10
4651,595.1519199045636,59.19603429089111,10
4652,595.1875199222359,59.18712486533214,10
4653,595.481219924666,59.26105015115895,10
4654,595.5969199264537,59.34747664525911,10
4655,595.5969199260721,59.347476645259114,10
4656,595.819419937208,59.570036482003395,10
4657,595.8461199386743,59.59392557929339,10
4658,595.8639199473197,59.58274479360868,10
4659,595.9885199536208,59.445047688944214,10
4660,596.1932199674222,59.696217989858646,10
4661,596.1932199670407,59.696217989858646,10
4662,596.3801199718152,59.831122528175264,10
4663,596.3979199687682,59.814733431706905,10
4664,596.415719965721,59.79839282814291,10
4665,596.6026199667906,59.881185218788495,10
4666,596.7272199730917,59.88383954370233,10
4667,596.8340199703658,59.94382017939768,10
4668,596.9230199703055,59.864409937140415,10
4669,597.0298199792724,59.798286145239054,10
4670,597.0476199879179,59.7870169784557,10
4671,597.0565199920499,59.779126855964016,10
4672,597.0743199890028,59.778078587396585,10
4673,597.1811199862769,59.75738038126253,10
4674,597.2701199862166,59.75422847956347,10
4675,597.3769199951835,59.766437446813676,10
4676,597.5638199999579,59.77373146293091,10
4677,597.5816199969108,59.75740615791006,10
4678,597.5816199965295,59.757406157910076,10
4679,597.6795200009826,59.86728037883944,10
4680,597.8664200057573,59.71736187011128,10
4681,597.8842200027102,59.7169875230633,10
4682,597.9910200116768,59.820126617088356,10
4683,598.21352001112,59.79309708469289,10
4684,598.3915200113811,59.81899741577502,10
4685,598.5873200206692,59.72210510511936,10
4686,598.8721200302783,59.771797443192156,10
4687,598.9878200437587,59.6090517680047,10
4688,598.9967200478907,59.61282034617186,10
4689,599.263720048473,59.778917813855934,10
4690,599.3616200529262,59.86627998074743,10
4691,599.3705200570582,59.869985326240545,10
4692,599.584120051988,59.90033685048973,10
4693,599.6998200537756,59.986307380478436,10
4694,599.8333200528157,60.064343974277904,10
4695,599.993520054204,59.98926295930198,10
4696,600.020220067363,59.98792126786198,10
4697,600.0558200733427,60.00421905502672,10
4698,600.0825200748089,60.01727829320797,10
4699,600.1181200924813,60.04455063480289,10
4700,600.1804200886163,60.06806787229809,10
4701,600.2961201020964,60.01392304333272,10
4702,600.4919201113845,60.16125858482103,10
4703,600.5008201155166,60.16095648982644,10
4704,600.5453201260096,60.15911683285753,10
4705,600.6699201286875,60.06184417351791,10
4706,600.6877201373329,60.07190437051113,10
4707,600.8034201391205,60.25456077062324,10
4708,600.9102201480873,60.289527462819045,10
4709,601.0170201453614,60.310504168959035,10
4710,601.0704201486755,60.358688505661284,10
4711,601.0793201528074,60.36246277176548,10
4712,601.2840201549163,60.262649318620134,10
4713,601.4353201512907,60.39270959201086,10
4714,601.6222201560653,60.34558719151876,10
4715,601.80912016084,60.42572912204437,10
4716,601.8981201607797,60.5157622127112,10
4717,602.0850201655543,60.59846622791188,10
4718,602.2630201658153,60.539762229018535,10
4719,602.2808201744609,60.55355406869694,10
4720,602.4054201807619,60.38405473902936,10
4721,602.4410201984343,60.386325516087695,10
4722,602.5834202020696,60.32123198991952,10
4723,602.6813202065229,60.150470048172494,10
4724,602.7080202079893,60.14568451609873,10
4725,602.8415202071111,60.07964251585839,10
4726,602.850420211243,60.08986597316015,10
4727,602.8682202198886,60.10908801341744,10
4728,602.983920221676,60.02434906851038,10
4729,603.1797202309642,60.10755426349847,10
4730,603.3666202357388,60.16078682451183,10
4731,603.4022202417185,60.16787577539417,10
4732,603.60692025552,60.20093457414749,10
4733,603.615820259652,60.19719696628796,10
4734,603.6425202728109,60.19650176047128,10
4735,603.651420276943,60.19278727184942,10
4736,603.7404202768828,60.17376163625848,10
4737,603.9184202771439,60.22767877789225,10
4738,604.0697202836267,60.15216737221008,10
4739,604.0875202805794,60.18372197204992,10
4740,604.1142202937383,60.17632994562024,10
4741,604.1320203023838,60.184698100214725,10
4742,604.1498203110293,60.18751744584507,10
4743,604.19432030983,60.18197879583972,10
4744,604.2121203184754,60.17809449106733,10
4745,604.3011203184153,60.28193093209331,10
4746,604.3456203289085,60.28045266018139,10
4747,604.3812203348882,60.24375976616714,10
4748,604.3812203345068,60.24375976616715,10
4749,604.4702203344466,60.33553769929152,10
4750,604.4880203313995,60.35636717610433,10
4751,604.5859203358528,60.32521874562976,10
4752,604.612620337319,60.36578927712129,10
4753,604.6215203414512,60.37501821489352,10
4754,604.7283203504179,60.487040788078104,10
4755,604.8618203495397,60.54119865094075,10
4756,604.9330203618808,60.53609872724522,10
4757,604.9686203678605,60.52979154162799,10
4758,605.0665203723138,60.49514776354172,10
4759,605.1822203741012,60.45102876069343,10
4760,605.2712203740411,60.41967494238717,10
4761,605.3157203962271,60.45637536799153,10
4762,605.3424203976933,60.437726137625866,10
4763,605.3602204063388,60.44583096408375,10
4764,605.5471204111134,60.4060630923725,10
4765,605.6628204129009,60.363173699535984,10
4766,605.7785204146886,60.309719919431274,10
4767,605.9654204194632,60.341742736744564,10
4768,605.9832204281086,60.36648334311867,10
4769,606.0900204370754,60.395026103453716,10
4770,606.205720438863,60.3957845913674,10
4771,606.2413204448427,60.41319607966819,10
4772,606.3659204511438,60.27552128322599,10
4773,606.4727204601104,60.187930588325415,10
4774,606.4994204732694,60.188532311122245,10
4775,606.5083204774014,60.197727018800144,10
4776,606.6062204818547,60.04228392702779,10
4777,606.704120486308,59.8813360467236,10
4778,606.7041204859266,59.8813360467236,10
4779,606.8109204948934,59.71397591490815,10
4780,607.0245205132084,59.60954581712672,10
4781,607.0512205263673,59.61613858749098,10
4782,607.255920528476,59.61397800893618,10
4783,607.264820532608,59.606438546283314,10
4784,607.3716205298822,59.574129061353,10
4785,607.3716205295008,59.57412906135301,10
4786,607.4962205358019,59.67898097623835,10
4787,607.6030205330759,59.8035728276242,10
4788,607.6030205326945,59.80357282762421,10
4789,607.6920205326344,59.634459606311275,10
4790,607.7988205416011,59.55191465154863,10
4791,607.8967205460544,59.55194789899377,10
4792,607.9056205501863,59.551107712198636,10
4793,607.9946205501262,59.53427194175827,10
4794,607.9946205497449,59.534271941758284,10
4795,608.0836205496847,59.36537003923978,10
4796,608.0925205538167,59.37453213248478,10
4797,608.19042055827,59.351521581992394,10
4798,608.2082205669154,59.343833837752705,10
4799,608.4307205663587,59.194199826277526,10
4800,608.5286205708119,59.30201727255635,10
4801,608.6176205707518,59.28704063592833,10
4802,608.6354205793973,59.282883910953245,10
4803,608.6532205880427,59.307680393935485,10
4804,608.7689206015228,59.41892835437106,10
4805,609.0448206066188,59.439577826865836,10
4806,609.0626206152642,59.43974662475108,10
4807,609.2584206128597,59.32946708596813,10
4808,609.3741206146472,59.33786640020591,10
4809,609.3919206232925,59.33369840269936,10
4810,609.4097206202456,59.33060707327842,10
4811,609.59662062502,59.06855136695206,10
4812,609.6055206291521,59.065244256745395,10
4813,609.694520629092,58.97786174226018,10
4814,609.7924206335452,58.965727550483685,10
4815,609.9704206338063,59.025072567471,10
4816,610.2463206389023,59.14762917799587,10
4817,610.4332206436767,59.351159763444905,10
4818,610.5222206436166,59.38684214672944,10
4819,610.6468206499176,59.51505947981281,10
4820,610.7358206498575,59.50623035381027,10
4821,610.7714206441447,59.52117252978662,10
4822,611.1363206495616,59.600329070087646,10
4823,611.1897206512097,59.69204944614361,10
4824,611.2965206484838,59.67584631706104,10
4825,611.394420652937,59.722063285172595,10
4826,611.4122206615828,59.71182917890002,10
4827,611.4478206675624,59.70590367902809,10
4828,611.4656206762078,59.7204127403568,10
4829,611.4745206803399,59.71249907793385,10
4830,611.4834206844719,59.72170960152782,10
4831,611.5724206844118,59.76014572877732,10
4832,611.7771206865207,59.75406668471135,10
4833,611.7949206834734,59.747762388567715,10
4834,611.8928206879267,59.74461514368871,10
4835,611.9106206965723,59.746374026435674,10
4836,612.0352207028733,59.7138484362422,10
4837,612.0352207024919,59.71384843624221,10
4838,612.1509207148289,59.75841155912481,10
4839,612.159820718961,59.749490983818426,10
4840,612.1776207276065,59.73740230092523,10
4841,612.2043207407653,59.740538138610674,10
4842,612.2132207448974,59.73738167453553,10
4843,612.2221207490295,59.72849184936789,10
4844,612.3111207489693,59.69762837553742,10
4845,612.3289207576148,59.69786426066664,10
4846,612.4179207575546,59.789847185938235,10
4847,612.4802207573991,59.86420137728922,10
4848,612.506920770558,59.837521217475064,10
4849,612.5069207701765,59.83752121747509,10
4850,612.7205207767989,59.81786468749659,10
4851,612.8095207767387,59.80712309187354,10
4852,612.8629207800527,59.82901916178261,10
4853,612.8896207932117,59.802398362809,10
4854,613.0676207934728,59.80787283578949,10
4855,613.2634208027608,60.04815276439546,10
4856,613.4681208048698,60.27095086218068,10
4857,613.5660208093229,60.4218628085724,10
4858,613.7618208069183,60.448160558619996,10
4859,613.7707208110503,60.445106569213124,10
4860,613.770720810669,60.44510656921314,10
4861,613.8152208094696,60.4046840329484,10
4862,614.0021208142441,60.454095551962986,10
4863,614.1178208160317,60.40478600093383,10
4864,614.2068208159716,60.375828032962254,10
4865,614.3848208162326,60.2781691878505,10
4866,614.3937208203646,60.27704856231412,10
4867,614.4026208244967,60.27594105718823,10
4868,614.50052082895,60.3787645249744,10
4869,614.5984208334033,60.34941416819348,10
4870,614.6429208438965,60.36751333652028,10
4871,614.829820848671,60.37814573271956,10
4872,614.8476208573167,60.40267909526727,10
4873,614.9544208662833,60.41695671021744,10
4874,615.1413208710579,60.39014476749409,10
4875,615.2392208755111,60.39666981020492,10
4876,615.2481208796431,60.41183245324429,10
4877,615.2481208792618,60.4118324532443,10
4878,615.2748208807282,60.39379903228709,10
4879,615.292620877681,60.37650438664966,10
4880,615.301520881813,60.367874881975965,10
4881,615.3193208904584,60.34257185964004,10
4882,615.4973208907197,60.42326182450109,10
4883,615.7732208958155,60.67610069953462,10
4884,615.9690209051034,60.92838798375596,10
4885,615.9690209047219,60.92838798375598,10
4886,616.0580209046618,60.96716049598396,10
4887,616.1559209091153,61.042965681477455,10
4888,616.1648209132471,61.04017359105152,10
4889,616.2271209210747,61.06979149121021,10
4890,616.3250209255278,61.09276711714715,10
4891,616.4318209344947,61.063858676648856,10
4892,616.4496209314476,61.08246874058812,10
4893,616.5653209332352,61.08720680607026,10
4894,616.5742209373673,61.097532482074264,10
4895,616.6810209346413,61.174481749302565,10
4896,616.7789209390946,61.206548213737,10
4897,616.9836209412035,61.332478934577416,10
4898,617.0103209543624,61.35571912825756,10
4899,617.1349209606634,61.36018580146625,10
4900,617.2595209669645,61.48422801574728,10
4901,617.3218209752107,61.485924972800554,10
4902,617.3485209883696,61.491971640030215,10
4903,617.4731209946707,61.453604713192746,10
4904,617.5710209991239,61.562431668827045,10
4905,617.5888210077694,61.56057026952698,10
4906,617.7045210212495,61.62600638586633,10
4907,617.8024210257029,61.68424663273109,10
4908,617.9181210274905,61.7754552029734,10
4909,618.0338210409707,61.85724046404761,10
4910,618.0694210473691,61.84034086299912,10
4911,618.158421047309,61.83022108188786,10
4912,618.1584210469276,61.83022108188786,10
4913,618.1851210600865,61.836871713741694,10
4914,618.1851210597051,61.836871713741694,10
4915,618.2029210566578,61.83502142221272,10
4916,618.2118210607899,61.8341154702127,10
4917,618.2296210577429,61.81654038947227,10
4918,618.2474210663884,61.82486875260077,10
4919,618.3542210753551,61.746004739783416,10
4920,618.4610210843218,61.589288464532295,10
4921,618.5678210815961,61.52184272338996,10
4922,618.6568210815359,61.353420434539814,10
4923,618.8348210817969,61.18141300601051,10
4924,618.9238210817368,61.01306073214451,10
4925,618.9505210948957,61.02578871734789,10
4926,619.2264210999916,60.851567261013216,10
4927,619.3243211044448,60.855846058494016,10
4928,619.6002211095407,60.81362700487505,10
4929,619.6091211136728,60.81257992566374,10
4930,619.6981211136126,60.80282465587292,10
4931,619.7159211105654,60.7691758232322,10
4932,619.90282111534,60.51480752370169,10
4933,619.9829211305284,60.61045369549143,10
4934,620.0986211323159,60.64173426966317,10
4935,620.1164211409614,60.643083992712796,10
4936,620.2143211454147,60.73693712913342,10
4937,620.3923211456759,60.74499335368735,10
4938,620.4991211546426,60.6473542964485,10
4939,620.7127211729575,60.673754499141545,10
4940,620.7572211834507,60.65724121873621,10
4941,620.7572211830693,60.65724121873621,10
4942,620.8551211875226,60.76309274793223,10
4943,620.8640211916547,60.75432258910895,10
4944,620.9530211915944,60.79624623730678,10
4945,621.157721205396,60.91667272073784,10
4946,621.2556212098493,60.89984087721181,10
4947,621.2645212139812,60.914652880798464,10
4948,621.380221215769,61.00909373570293,10
4949,621.3802212153876,61.00909373570293,10
4950,621.567121220162,61.018666749635976,10
4951,621.6650212246154,61.13607112483313,10
4952,621.6650212242339,61.13607112483313,10
4953,621.6650212238525,61.13607112483313,10
4954,621.7718212328193,61.06339755243153,10
4955,621.8786212300934,60.99801945670272,10
4956,621.878621229712,60.99801945670272,10
4957,622.1545212348077,60.84268697105995,10
4958,622.2702212365954,60.92504832874483,10
4959,622.2791212407274,60.92410428704415,10
4960,622.2880212448595,60.93878763154526,10
4961,622.66182125479,60.93550618296211,10
4962,622.7063212652831,60.929139961961766,10
4963,622.9021212628786,60.87151249854497,10
4964,623.0089212718455,60.97958066780855,10
4965,623.2047212811333,60.99352989297157,10
4966,623.2314212825997,61.024244908017614,10
4967,623.2492212795526,61.044787484433165,10
4968,623.2670212881981,61.05385828421848,10
4969,623.4539212929726,61.14870159342673,10
4970,623.6586212950814,61.31242907192471,10
4971,623.9434212929982,61.33719999482099,10
4972,624.0413212974515,61.43358864555066,10
4973,624.0502213015835,61.44364125443649,10
4974,624.1392213015233,61.43657916941826,10
4975,624.1481213056554,61.428178821044796,10
4976,624.1748213188142,61.44599032150043,10
4977,624.281621327781,61.42863371193047,10
4978,624.3884213250551,61.59346393825373,10
4979,624.5041213268428,61.53408222936974,10
4980,624.530821328309,61.49152161771158,10
4981,624.6287213327623,61.64118296922872,10
4982,624.7177213327022,61.55891549604885,10
4983,624.9135213302977,61.54185960177759,10
4984,625.0203213392643,61.46234892664592,10
4985,625.0203213388829,61.46234892664592,10
4986,625.0381213358357,61.48320033199542,10
4987,625.1716213466502,61.46866564115439,10
4988,625.1983213481166,61.4757791548398,10
4989,625.2962213525699,61.52564796739145,10
4990,625.4030213615366,61.55641272137305,10
4991,625.4297213746955,61.56952297778777,10
4992,625.5187213746354,61.48887725096844,10
4993,625.5365213832808,61.501975429018046,10
4994,625.6789213873349,61.53086397304759,10
4995,625.8658213921095,61.44336903973749,10
4996,625.9014213980893,61.48271004516744,10
4997,626.0082214070559,61.408666675787785,10
4998,626.0349214085223,61.402914251078855,10
4999,626.1417214057965,61.5052495597637,10
5000,626.2485214147631,61.496522980339634,10
