t,cum_regret_mean,cum_regret_sd,n_runs
1,0.0,0.0,10
2,0.12229881919207233,0.27481968361814385,10
3,0.48258008901783267,0.599658566050423,10
4,0.7285169250859241,0.6306855110879356,10
5,0.997689536696876,0.888022268258248,10
6,1.404573515683669,1.0541011344218216,10
7,1.4864552574659906,1.1189848322922336,10
8,1.59073864504467,1.154658299528566,10
9,1.7947471454297905,1.176747480974901,10
10,2.0431564039248857,1.376299858460947,10
11,2.190616675244099,1.4323295527631787,10
12,2.4343536107097172,1.5649578691557076,10
13,2.634241011591488,1.6612981141829328,10
14,3.0751300767727416,1.8393761347304747,10
15,3.476881772891539,1.8953627686556718,10
16,3.7421488273279655,2.0696715731765267,10
17,4.024278570253531,2.3693546400117853,10
18,4.3089024850246265,2.480590937749036,10
19,4.590494339754615,2.413261649819218,10
20,4.834599040635171,2.6439621511191786,10
21,5.143538194353131,2.707072824395158,10
22,5.368872130194013,2.6449675198854967,10
23,5.591446208700391,2.812884708293583,10
24,5.839369633261682,2.858280256357288,10
25,6.153063920084241,2.8542617735374125,10
26,6.4593884807863775,3.0102231449306367,10
27,6.710153672555583,3.0175252371894308,10
28,7.017428828420217,3.2159237544426724,10
29,7.429880530869504,3.3553042373729864,10
30,7.855776465221117,3.427677795701197,10
31,8.28225541370232,3.5532754039471217,10
32,8.746800540188667,3.396280403634023,10
33,9.134860046652111,3.309797628996667,10
34,9.442545607172054,3.121107934926341,10
35,9.703886388131426,2.966158173312408,10
36,10.229120066774232,3.042574353761732,10
37,10.591646930865238,3.2505160911921918,10
38,11.120804197403508,3.5184274614952997,10
39,11.507001908147554,3.6480852992320694,10
40,11.852354939834372,3.6114473433677006,10
41,12.205389235746061,3.311050775014282,10
42,12.674375923935482,3.2886328482204026,10
43,13.223757798877179,3.4896873261397796,10
44,13.613473271441785,3.4744951292748762,10
45,13.917326997644452,3.47630364727184,10
46,14.186489091780867,3.433493976548433,10
47,14.42931821775689,3.758943375104724,10
48,14.897632696611888,3.9080580466092525,10
49,15.386521189800792,3.8821651165070317,10
50,15.701003695542079,4.050168892127993,10
51,16.21204941204299,4.056876561334552,10
52,16.457631320766815,3.9625652375921843,10
53,16.842756615021592,3.756795416985246,10
54,17.052683111766747,3.7764803199643975,10
55,17.382824049039844,3.6733854265500545,10
56,17.630149365569917,3.8701539060895014,10
57,17.896465509421812,3.808658369615923,10
58,18.16234743154111,3.7861032554036274,10
59,18.30784520524275,3.7540938658790317,10
60,18.45970951720554,3.7261146564342833,10
61,18.664514727333188,3.686908633399476,10
62,18.752528766130087,3.807431344842107,10
63,18.99808913036447,3.913191486096384,10
64,19.24319690844563,4.003384227827434,10
65,19.32674202701418,4.046811065413211,10
66,19.535038461873324,4.0140231021721355,10
67,19.700747696586742,3.8644620491380532,10
68,19.867631515145128,3.742749483476979,10
69,19.959171265621354,3.738025369817694,10
70,20.071160702714685,3.7744271579507576,10
71,20.179101514805346,3.7845624292802555,10
72,20.342221732207456,3.981724166800752,10
73,20.45111308965606,4.045744098742314,10
74,20.55839165945265,4.122802611028055,10
75,20.887934348415996,4.007189513736469,10
76,21.23280488879908,4.084394203179235,10
77,21.60169805338116,4.082383780420167,10
78,21.85505821304987,4.014683855174234,10
79,21.937913588337832,3.92337647554119,10
80,22.205233811441108,4.116627233818149,10
81,22.530043597689307,3.968348969496382,10
82,22.71316608405959,4.00026992773831,10
83,22.950096335189343,4.101586771032706,10
84,23.07425398127122,4.2506178403749395,10
85,23.36837614260119,4.449978423131554,10
86,23.481166531634123,4.5012171270759165,10
87,23.58599319350793,4.465354112518833,10
88,23.772713619311922,4.68474526695628,10
89,23.989025217477213,4.832732032206961,10
90,24.275343078763594,5.0474166053063305,10
91,24.505674092761005,5.156168742453691,10
92,24.77776327067526,5.393100052840725,10
93,24.945964421658914,5.566698904701931,10
94,25.217839832055905,5.746018833162074,10
95,25.272642981850048,5.791493436365035,10
96,25.542954613307305,5.798599758073558,10
97,25.67052747498002,5.806258745319528,10
98,25.83651147606537,5.748079004707533,10
99,26.002938434338848,5.657963502398566,10
100,26.294459952291113,5.847345301916986,10
101,26.48203470567242,5.895780779832716,10
102,26.670211462870032,5.953444036446966,10
103,26.823124143602012,5.994514368198528,10
104,27.036032545994516,6.084806760594078,10
105,27.302110082569026,6.3376441288669225,10
106,27.6679294421311,6.631824888766067,10
107,27.918826935570934,6.766334757025115,10
108,28.13409691952914,6.783634404795018,10
109,28.530950816504173,6.994764586002181,10
110,28.7816216811542,7.094995073769719,10
111,28.998796779553846,7.259130665343784,10
112,29.310346270592856,7.514851917397998,10
113,29.530630192719876,7.702274737072855,10
114,30.030049675239166,8.005079656377793,10
115,30.344163221748328,8.216075056162236,10
116,30.58850101051749,8.16690934770867,10
117,30.859254239730184,8.457354246246396,10
118,31.109655957149933,8.544424156350106,10
119,31.4746425891284,8.565963168836657,10
120,32.00537816241875,8.776833835739668,10
121,32.112382431511136,8.819228828239645,10
122,32.40217665657245,8.88763027762145,10
123,32.85020088612574,9.008732145706002,10
124,33.01261390492376,8.998701820113945,10
125,33.176148595846755,9.198454572681886,10
126,33.58704886819229,9.393119474496855,10
127,33.942782172720875,9.5817555497601,10
128,34.27104824188659,9.920773294737003,10
129,34.394331847323954,10.015290441890516,10
130,34.72289027528864,10.066480515395241,10
131,35.17628271801629,10.201570482029242,10
132,35.53345235549605,10.257581055253942,10
133,35.89767025759926,10.138780710996537,10
134,36.268487460150446,10.055084389960447,10
135,36.626000867829354,10.01840350048364,10
136,36.86057814581095,10.125917207981617,10
137,37.072161954757135,10.213732681524139,10
138,37.431002996506614,10.12742537607264,10
139,37.77974396937407,10.256137702278608,10
140,37.90923785168335,10.357177660131851,10
141,38.36044572093113,10.256185186652761,10
142,38.598255278820076,10.151997463615997,10
143,38.81045711743992,10.352423859430118,10
144,39.023025143412085,10.309679392065688,10
145,39.47393586919209,10.473376317368064,10
146,39.702851435012434,10.702106170375375,10
147,39.96934189752934,10.814766718735735,10
148,40.27754791309308,10.987934292599224,10
149,40.53864354539935,10.991370555843385,10
150,40.665866459690236,11.09413629181244,10
151,41.03745180989258,11.354326688032954,10
152,41.2417055246226,11.324198817642982,10
153,41.64785342938064,11.338167591456568,10
154,41.97454415262044,11.340323207236002,10
155,42.2767847090259,11.300155819008575,10
156,42.42422004013547,11.448145497060164,10
157,42.51359879658388,11.344483356593393,10
158,42.80315704783988,11.173931643926302,10
159,42.99252984596526,11.158330826469241,10
160,43.26854604885885,11.285776243079036,10
161,43.37407882995465,11.406577371496658,10
162,43.61670947784159,11.535178500912119,10
163,43.77975721568355,11.604361036177528,10
164,44.02495448128283,11.608145388047788,10
165,44.18539123816089,11.696737710682319,10
166,44.29410006548959,11.87712396252741,10
167,44.53522882069446,11.901478257855217,10
168,44.72555728112665,11.993312689777452,10
169,44.75383742037415,11.972170020301853,10
170,44.99637358057821,12.124884621750098,10
171,45.15356907604712,12.10768998584676,10
172,45.47727522274094,12.204044777500437,10
173,45.846033264835924,12.461284614352953,10
174,46.037016827127516,12.409376851005375,10
175,46.44877568018678,12.68133764035012,10
176,46.85875540036527,12.932251592951488,10
177,47.10254794819186,13.07823151154068,10
178,47.427944253670624,13.300520348805046,10
179,47.71525832147891,13.292824538160081,10
180,48.038035054349024,13.343106654982368,10
181,48.291153306140544,13.219018847957544,10
182,48.3943934512647,13.409505422006749,10
183,48.6592226214234,13.193716089989094,10
184,48.93216595707894,13.048580320679756,10
185,49.17877496165028,13.07302017507501,10
186,49.2647978209429,13.015119235408038,10
187,49.52720802900094,13.135880714214334,10
188,49.77731273526173,13.287821796902012,10
189,50.02963965537943,13.474014533344905,10
190,50.315573862423,13.666208927224668,10
191,50.643469431865256,13.878512102954517,10
192,50.9667468143779,14.095834241935114,10
193,51.361385995258914,14.280352725197286,10
194,51.741461346390636,14.37033753495252,10
195,51.98756942851158,14.52239533761888,10
196,52.17463854873588,14.53872219321676,10
197,52.421347885452086,14.719927806699237,10
198,52.650031927506596,14.90876091198217,10
199,52.859103321577756,15.01668987064161,10
200,53.17318619422847,14.998784631090027,10
201,53.560826704154785,15.142556296681322,10
202,53.87296594665429,15.293213499834666,10
203,54.200915917344616,15.359755528545012,10
204,54.67823657954209,15.510482749536406,10
205,54.983290568267606,15.66433059779774,10
206,55.150763782653314,15.752176484429668,10
207,55.478741232576695,15.839252866437183,10
208,55.62378686084977,16.01398702779365,10
209,55.812627031800425,16.25251673368974,10
210,56.142402604145424,16.50594206634918,10
211,56.42975512923832,16.658204206555105,10
212,56.75731819426842,16.92290751299836,10
213,57.0274363010235,17.117679313194852,10
214,57.240174028454945,17.030038452598905,10
215,57.4751628019262,17.19591127162618,10
216,57.7680666186125,17.442442925829717,10
217,57.875353108021294,17.632085632018935,10
218,58.04284040220506,17.618942807024567,10
219,58.26951734026039,17.871547155007224,10
220,58.59231932491313,18.08480389041725,10
221,58.84315104534282,18.25885793434029,10
222,59.15003605666656,18.460891944418368,10
223,59.23343285905962,18.50669850867984,10
224,59.46145599979893,18.677443581383514,10
225,59.7072716386196,18.945311587037658,10
226,59.96553956346334,19.064090798443196,10
227,60.15761828385155,19.147506466922675,10
228,60.24870629920885,19.04722151376521,10
229,60.33508408075835,18.949530028000087,10
230,60.41881352648022,18.858069194407467,10
231,60.442599728860145,18.865249128400226,10
232,60.44667195833747,18.86516917844858,10
233,60.612598564956,18.787164624169023,10
234,60.69637883817349,18.670248213482555,10
235,60.7791736821747,18.554313016072904,10
236,61.02625619298243,18.67235710251717,10
237,61.05330926287693,18.681611361764006,10
238,61.260060472350254,18.716906264703134,10
239,61.2624738703655,18.717592741622546,10
240,61.43398195078665,18.8065623174124,10
241,61.600757901818326,18.74748555856656,10
242,61.68393870873697,18.64512202716552,10
243,61.813362274870826,18.67190682892343,10
244,61.84121470206719,18.64376005140003,10
245,61.90869170447159,18.63579418184306,10
246,62.075930144388835,18.862098444393936,10
247,62.28292973583477,19.00891140273175,10
248,62.55454579761672,19.122831852060862,10
249,62.75730016603676,19.211911364411183,10
250,62.93086527933817,19.384268295288265,10
251,63.19670788697541,19.583952308563084,10
252,63.406803970808916,19.816309448622636,10
253,63.58210608410273,20.024485731275085,10
254,63.854545699989444,20.287327517551752,10
255,63.94452569176781,20.33289831199648,10
256,64.18891699102319,20.60044966138794,10
257,64.35817420520034,20.839266947425045,10
258,64.51622322500693,20.79319294074924,10
259,64.62973945428948,20.75782754159236,10
260,64.76388637911745,20.742250649302246,10
261,65.17197415468496,20.63908130174234,10
262,65.32199983580969,20.534045942401328,10
263,65.53192512618993,20.47293009171951,10
264,65.77850948494708,20.395777753045078,10
265,65.88537293150773,20.332023540458678,10
266,66.06794479998277,20.265542098436953,10
267,66.23514703953431,20.37765855804734,10
268,66.64326213458159,20.54122036393723,10
269,66.87374760722368,20.622676838352383,10
270,67.08170226574913,20.760588145677545,10
271,67.32507207409935,20.933538451669413,10
272,67.43173929033385,21.095116867272818,10
273,67.6821606747127,21.287706177888072,10
274,67.79159791180317,21.30106754249337,10
275,67.95682383846354,21.29683853176892,10
276,68.20381431476099,21.460250714126357,10
277,68.23184997431404,21.466959510455577,10
278,68.4709783548763,21.54519507032224,10
279,68.8223557382036,21.757998513614822,10
280,69.1095364873247,21.943644448420866,10
281,69.44348301825214,22.126817994718724,10
282,69.87592296545586,22.260963000471435,10
283,70.08295547745158,22.444692169037907,10
284,70.33768444141229,22.539083833849304,10
285,70.6275417474418,22.35461700793501,10
286,70.775265401415,22.30757008445322,10
287,71.0530418161532,22.239897700276224,10
288,71.1622823336892,22.277185739054556,10
289,71.3963731926678,22.15640016664062,10
290,71.66323505557509,22.02349838866555,10
291,71.93081946282123,21.925261354428766,10
292,72.13642154762732,21.850533059546827,10
293,72.28465048933732,22.062259897312035,10
294,72.42229557775401,21.976593934809422,10
295,72.69453989675034,21.86319765907876,10
296,72.78009685625732,21.79526044638015,10
297,72.96136884182543,22.06298414932833,10
298,73.0428811841238,22.261998197447948,10
299,73.14642852205745,22.33324712727317,10
300,73.32087664995282,22.428081037757682,10
301,73.40385656855509,22.317782534780378,10
302,73.56898655239169,22.405866883247654,10
303,73.82028658471418,22.610637401083483,10
304,74.13474669016863,22.63628038385989,10
305,74.37205344430063,22.7135167355016,10
306,74.56796189954795,22.792057474560163,10
307,74.85674827574238,22.876288594028424,10
308,74.88139173197685,22.863868201905525,10
309,74.96455341615183,22.76703804286337,10
310,75.13055309480345,22.61876650691852,10
311,75.22671454423653,22.628087410236617,10
312,75.39682291317379,22.552340802969717,10
313,75.52350573455318,22.607197896578175,10
314,75.69106164192877,22.693365527229464,10
315,75.90130620156997,22.555903170483795,10
316,76.14900104223578,22.49149341518378,10
317,76.55652165466722,22.622231124485186,10
318,76.79950296104013,22.78841923076851,10
319,77.1701928421811,22.968594923346934,10
320,77.48650590292391,22.88833258391397,10
321,77.75702210405933,23.130859519300092,10
322,78.02147648075812,23.162252678399756,10
323,78.20788894013546,23.03225828222108,10
324,78.55163509476743,23.11163945374579,10
325,78.65850934605226,23.1002343560835,10
326,78.86472587531617,23.0900117903773,10
327,79.05203627063685,22.958006630369987,10
328,79.37908784795337,23.211668367989372,10
329,79.70668264379006,23.444404029932688,10
330,79.9779419470747,23.535364315426182,10
331,80.24495450077919,23.65381716999305,10
332,80.67713882044625,23.87106591050817,10
333,80.76407717302685,23.883664862079637,10
334,80.87367729331214,23.877504976476473,10
335,81.2830829952973,23.95709792068021,10
336,81.61656985649962,24.161128853387204,10
337,81.8682159131647,24.166360032954838,10
338,82.26159268199055,24.356371204932874,10
339,82.58650065307748,24.389710460570207,10
340,82.8343946480056,24.46372115454191,10
341,83.2412926825111,24.591894065491854,10
342,83.56804360169032,24.87385062964102,10
343,83.75516463902913,24.852745691220026,10
344,83.84360716604169,24.873243775887715,10
345,84.05724410443258,24.963725161633413,10
346,84.08633592823448,24.953901092807037,10
347,84.22079319567086,24.95577085601626,10
348,84.30600338821571,24.930034116061453,10
349,84.4738085160332,24.940811016010638,10
350,84.54665481089012,25.015447114386742,10
351,84.59524039178882,25.05056376578774,10
352,84.85056105166454,25.08731903843761,10
353,85.10184273435502,25.193846899095217,10
354,85.28937859152002,25.151131293161857,10
355,85.41851434821237,25.07879459533032,10
356,85.57468003649808,24.989565402401414,10
357,85.82285892888524,24.975017222487462,10
358,86.11727123067188,24.914807290594304,10
359,86.30604924888813,24.899428528875706,10
360,86.65656209856682,24.906814785871536,10
361,86.89492800640548,24.86936801920527,10
362,86.98868189343557,24.966368329435635,10
363,87.25373066788092,25.1489448427738,10
364,87.30244411352348,25.148351484003843,10
365,87.67214553426524,25.26885709850499,10
366,88.09880007582508,25.47448233979711,10
367,88.36650407952517,25.444015654576535,10
368,88.61573791302057,25.656350873946696,10
369,88.84125483034076,25.82071811915176,10
370,89.05362211550974,26.0481709530211,10
371,89.41720104024753,26.063856328033538,10
372,89.80713295945401,26.111462761118208,10
373,90.07269435816947,26.199004204716413,10
374,90.46498344472873,26.388336610129997,10
375,90.57645835837576,26.46433029679376,10
376,90.62388285327259,26.53261517622731,10
377,90.94866015713129,26.698485920499017,10
378,91.27298424492228,26.684521116659244,10
379,91.56242324550978,26.52696692527639,10
380,91.73870102064117,26.375816927136025,10
381,91.97283544324088,26.21795470162679,10
382,92.26023939397777,26.233957756860157,10
383,92.6102585372519,26.13293397414199,10
384,92.93988763287946,26.335042008729488,10
385,93.06433572981015,26.4839616317774,10
386,93.32684279708566,26.55378884518714,10
387,93.43025537573025,26.511442295713856,10
388,93.69972181974458,26.5563488484299,10
389,94.0555018357529,26.474508206245527,10
390,94.40606765181313,26.427215018753156,10
391,94.90344329140581,26.387615719563826,10
392,95.34241503119983,26.52401116890669,10
393,95.65459886258368,26.56173725198095,10
394,95.95212692631061,26.784936456986024,10
395,96.16539098708213,26.722297902481948,10
396,96.57863960279576,26.873688778471603,10
397,96.9860691492781,27.07537459053002,10
398,97.0929932007102,27.061917726489295,10
399,97.43114927896278,27.257383179453676,10
400,97.86217610792119,27.443424782408872,10
401,97.97132132067438,27.528985246028423,10
402,98.37552078691975,27.771968628385796,10
403,98.56203937768998,27.91045409458972,10
404,98.77596400644137,27.97135556235218,10
405,98.8048300528272,27.947747266019384,10
406,99.2883821155638,28.11637850750747,10
407,99.676991708289,28.246413553820627,10
408,99.84292946383833,28.356864171630427,10
409,100.23819916331158,28.408836207142738,10
410,100.71420903417786,28.467230761080213,10
411,101.25496274922816,28.608213989515857,10
412,101.71071250212783,28.728523762762435,10
413,102.03741466474634,28.597705429533686,10
414,102.18920843333811,28.54260916951139,10
415,102.56046822850428,28.542195245756936,10
416,102.8723862645234,28.592513428312152,10
417,103.12213734292648,28.732050710766302,10
418,103.37286638190449,28.793892436157726,10
419,103.66120075222796,28.88251854464899,10
420,103.94993515248295,28.878521919603255,10
421,104.11790765502876,29.00207261557019,10
422,104.28761040800444,29.004958962438337,10
423,104.70819556710642,28.9396181978376,10
424,105.08946695349627,28.952581896573587,10
425,105.40749684839469,28.93036698768106,10
426,105.7454576747793,28.88741783776493,10
427,105.94071645226336,28.791541564837672,10
428,106.175578583173,28.621466006489165,10
429,106.36263524152389,28.644935887241957,10
430,106.63688611988744,28.723592134950138,10
431,106.99521298500224,28.661589498970898,10
432,107.19244695167336,28.720038326740234,10
433,107.40170462718443,28.86532863950854,10
434,107.7154283625654,28.989994961775547,10
435,107.93023819711598,28.98125325345159,10
436,108.20249465871157,29.191831729146443,10
437,108.42242224012782,29.214549111966466,10
438,108.57229903022392,29.17146148718229,10
439,108.6609112653111,29.08763382732354,10
440,108.78819867291045,29.301060875150434,10
441,109.00636625610882,29.470716683826122,10
442,109.32251771877964,29.64120416231422,10
443,109.53217382796845,29.489489558916688,10
444,109.72939633756953,29.462035331878905,10
445,109.78078624425086,29.519166130882123,10
446,110.10420743790492,29.644204228442078,10
447,110.34214254151341,29.57313428879811,10
448,110.5389103623651,29.76944585441166,10
449,110.85758021321416,29.630270054889678,10
450,111.0663521080066,29.50945440433512,10
451,111.1771189508095,29.440229138696413,10
452,111.26066300820582,29.55842114835439,10
453,111.36795365892587,29.665597445148137,10
454,111.49643068320225,29.746677670588795,10
455,111.63191549913086,29.829492934327536,10
456,111.82912480889668,29.86283527706404,10
457,112.00403100203566,29.86615702383434,10
458,112.27406220835721,29.783250281934478,10
459,112.46614046251902,29.851915286267328,10
460,112.71533615695705,29.791707659980016,10
461,112.80068881535877,29.815554948241193,10
462,113.06910417667282,29.701562688063202,10
463,113.49077397485591,29.69604530609824,10
464,113.78647723445508,29.795031058335038,10
465,114.20763493208581,29.955226323382554,10
466,114.32148115359196,30.057268281828758,10
467,114.73385747403813,30.1578267109061,10
468,115.16999270917786,29.96919539722931,10
469,115.57081879098112,30.107419185825645,10
470,115.92598211741952,30.12831933641528,10
471,116.30027914268123,30.359239117657342,10
472,116.4658999684511,30.569041394952798,10
473,116.81773052010453,30.73538082530488,10
474,116.90052053085981,30.658206961596736,10
475,117.06758813958174,30.82091435449332,10
476,117.19567501163833,30.95144524676185,10
477,117.22172573508367,30.932353769465497,10
478,117.51518835511042,30.986908142664344,10
479,117.75944738993277,31.21798744445388,10
480,118.00272404087158,31.356894805433303,10
481,118.31081707105099,31.415170994707246,10
482,118.58142650273166,31.48271953726721,10
483,118.77732394523905,31.76952161435146,10
484,119.10965141882536,31.74852662909668,10
485,119.43517377127473,31.811046578011737,10
486,119.6237190653266,31.867106858835417,10
487,119.74510496218443,31.88951034697949,10
488,119.89800505094254,32.02783647381945,10
489,120.33059535906925,32.01673484608058,10
490,120.59622999217052,32.273614368093206,10
491,120.82910221866453,32.29828406018335,10
492,121.13905736153352,32.50714805136642,10
493,121.4510056731269,32.714398586582156,10
494,121.99413216005644,32.87687965780542,10
495,122.24916225867007,32.71662008344459,10
496,122.54397914665279,32.74009900734628,10
497,122.69852399634776,32.71343316348574,10
498,123.04621698078597,32.8952926558262,10
499,123.47050627538553,32.86643641298946,10
500,123.73334866659377,32.94636735930757,10
501,123.92022599258505,32.85777078990234,10
502,124.16857527122579,32.92211363466742,10
503,124.52202196971898,33.12754904949917,10
504,124.8766756651174,33.22986515600492,10
505,125.24608452446651,33.24376678403133,10
506,125.61311308685231,33.263828489037074,10
507,125.9379942668213,33.28492208570494,10
508,126.22588591188853,33.40117377276162,10
509,126.43296206429746,33.44204276321564,10
510,126.70246155398061,33.52105580318209,10
511,126.93271072828111,33.658157466804,10
512,127.18376796608955,33.73296348144367,10
513,127.31899946676387,33.71027737279308,10
514,127.73317354753411,33.83928447814256,10
515,128.14055154529092,34.034522906192365,10
516,128.49684664438922,34.14476428617939,10
517,128.74968278620872,34.2581035343611,10
518,129.1011097186119,34.105091865758276,10
519,129.53242177060184,34.23675799278119,10
520,129.9362965613197,34.35163636468127,10
521,130.3441671546622,34.39834679652811,10
522,130.61180439220726,34.36109175142671,10
523,130.9356644796824,34.380470102856194,10
524,131.18766278965126,34.44197379738555,10
525,131.5360673236238,34.75608839820414,10
526,131.7020130752776,34.88765924032466,10
527,131.94235813760207,34.97469624365842,10
528,132.10388282216357,35.131828789740524,10
529,132.4522008193733,35.33759097620498,10
530,132.6613055346486,35.46194413003055,10
531,132.74887612324304,35.44759627344069,10
532,133.07811827861636,35.727241327833184,10
533,133.4330058252822,36.03320732521112,10
534,133.5970930019169,36.05211783966083,10
535,133.763258490409,36.21131522670611,10
536,134.01004162309894,36.393971321176494,10
537,134.21968006154978,36.69693299761202,10
538,134.40620362018598,36.65946065385626,10
539,134.6758769673263,36.748841893936046,10
540,134.7785606278657,36.899582930043245,10
541,135.1854442818875,37.0771347912989,10
542,135.45270955384402,37.36185627223036,10
543,135.76362418160534,37.25865489415262,10
544,136.19022395057024,37.41998884140908,10
545,136.51604685218658,37.673654703271374,10
546,136.60367998418968,37.84338736626633,10
547,136.689341505042,37.98217525919265,10
548,136.77390815551536,38.148901099872475,10
549,136.8783406990326,38.33239065261108,10
550,137.08614108685268,38.64448558325391,10
551,137.11165946942373,38.68432680854178,10
552,137.20235735044918,38.822480155964755,10
553,137.33035872041924,38.936291066012075,10
554,137.5216640172022,39.085964286988386,10
555,137.64588557668847,39.16303767008402,10
556,137.81288113329853,39.32788696412217,10
557,138.09262844517585,39.40209666776942,10
558,138.28120487671634,39.709425097640406,10
559,138.46940407730963,39.630143625904715,10
560,138.5595938458493,39.79055217841839,10
561,138.6442380093863,39.81453118429809,10
562,138.8919653161592,40.12681962600896,10
563,138.94206024851576,40.20772742220445,10
564,139.01880203997527,40.25687278215943,10
565,139.07310444823122,40.33205005294445,10
566,139.25830102746139,40.6230485199799,10
567,139.50276326148935,40.87196248947243,10
568,139.7514891198065,41.1283088505096,10
569,139.91838011946282,41.218067454243105,10
570,140.24951254992112,41.486924256517135,10
571,140.45332173085748,41.662937592642564,10
572,140.8008059026122,41.80138183598302,10
573,141.0939385822931,41.801505578198764,10
574,141.28328583958034,41.7679677970195,10
575,141.49821344040092,41.882188112594456,10
576,141.8324371335089,42.16059540167126,10
577,142.08999050606886,42.2026211026118,10
578,142.5076357589628,42.150060748645956,10
579,142.8571987824107,42.143196078284426,10
580,143.14585308662544,42.35778119172699,10
581,143.41181172711566,42.36757031681755,10
582,143.65780440440247,42.436393402398096,10
583,143.90470366725052,42.552628011633914,10
584,144.00985483689976,42.70184372908672,10
585,144.32438470096002,42.897063617757375,10
586,144.59415754738723,42.897122713176664,10
587,144.78583396551738,43.05937956327007,10
588,144.94145799262833,43.05783517074809,10
589,145.35083590394282,43.11851780863538,10
590,145.50842157692483,43.184703647070315,10
591,145.76763364787354,43.222794353086705,10
592,145.9430243339468,43.317006753006105,10
593,146.21815296788998,43.14141519476237,10
594,146.40694437339835,43.199316183031435,10
595,146.57904809759836,43.14880119119199,10
596,146.75187918167322,43.24799966251455,10
597,146.75610892981928,43.24705845622605,10
598,146.9276587360792,43.201980059749246,10
599,147.01418233676347,43.20717102458198,10
600,147.34804668414966,43.43212203984344,10
601,147.6152495795108,43.594777307528155,10
602,147.6217231389454,43.59426735120794,10
603,147.86638773878136,43.66802919979536,10
604,148.1068763618331,43.74697799972258,10
605,148.27760341997677,43.765032073885514,10
606,148.63059920015021,43.86740062787841,10
607,148.92552177511212,43.97644580140542,10
608,149.07731420029364,43.97158752704775,10
609,149.27109423333712,43.8153788289806,10
610,149.51025109268232,44.00133423691035,10
611,149.98764816424827,44.20191546591325,10
612,150.45156093252092,44.212010437050736,10
613,150.76823605231954,44.20301233990782,10
614,150.92872174572375,44.19253656537777,10
615,151.34353947610094,44.30673402151004,10
616,151.61837570726703,44.39664171643846,10
617,151.96410379517812,44.714904472706266,10
618,152.29559496837555,44.48773478373958,10
619,152.61045025731713,44.3642272489695,10
620,153.18575359623313,44.460226045608636,10
621,153.5959943324865,44.60572266551281,10
622,153.8441522505415,44.887043463837216,10
623,154.03360541667564,45.00457871350588,10
624,154.28497084998003,45.28078685653434,10
625,154.4529516803792,45.40888611791685,10
626,154.56598561090635,45.60778053402744,10
627,154.73028998176034,45.52119269384195,10
628,154.81420180035326,45.6827250683471,10
629,154.98305219155645,45.713312805653125,10
630,155.17357628563784,45.62545777346997,10
631,155.22488190702748,45.662141044244315,10
632,155.3955595883993,45.64224513537911,10
633,155.68712863374623,45.582724456225655,10
634,156.0385343949105,45.61641521999118,10
635,156.16930704028238,45.60423733440634,10
636,156.38141654184773,45.49644103741645,10
637,156.62886775714028,45.556214213211916,10
638,157.11435007552032,45.44514260878758,10
639,157.54940870161658,45.16193789362357,10
640,157.87628910999382,45.08432257069143,10
641,158.31190548972637,45.1587983610503,10
642,158.3952129329528,45.176993604551555,10
643,158.5483435577187,45.14385307146894,10
644,158.840435856636,45.37652287448348,10
645,159.1964740472025,45.45514643585059,10
646,159.48648785841036,45.49359367008516,10
647,159.92035607755665,45.51476820935224,10
648,160.35246183354352,45.518092906500996,10
649,160.6445037632478,45.64876355149877,10
650,160.9097038082455,45.981046619282715,10
651,161.40003394198126,46.19757330251487,10
652,161.62811850421977,46.302714739756595,10
653,162.0425895555915,46.423074346570765,10
654,162.2214606372567,46.421594939069266,10
655,162.49311604835938,46.45042995929442,10
656,162.78476851236854,46.70010039314274,10
657,163.00961287839766,46.78512103030123,10
658,163.41859673544369,46.99870780217011,10
659,163.82962819719043,47.08006051368108,10
660,164.26171342998447,47.33844617349099,10
661,164.65189596348839,47.38801773301701,10
662,164.89902559826936,47.5784377882375,10
663,165.12752484529554,47.6600796558446,10
664,165.4769318495953,47.70570866964306,10
665,165.77054574915948,47.771532894148045,10
666,166.05841836549203,47.86827072144093,10
667,166.30730397423895,48.02775635086552,10
668,166.5204507919496,48.06974519186639,10
669,166.79402463698608,48.0400230131197,10
670,167.13014737072578,48.36764341243074,10
671,167.53926942162974,48.61946914692425,10
672,168.01117193134934,48.62263861571354,10
673,168.3247203980033,48.83705410932029,10
674,168.51227155202045,48.987324443751504,10
675,168.7007950439063,49.160191959934906,10
676,169.01189949959823,49.30727985905755,10
677,169.2047382804789,49.332749515350294,10
678,169.5653379309312,49.30448978365207,10
679,169.86082386775678,49.4806322767414,10
680,170.11828351989854,49.447167824718264,10
681,170.48739258182061,49.70480193611107,10
682,170.61843487968295,49.69652191696547,10
683,170.76980428569942,49.73069943309808,10
684,171.00723730249587,49.86643374592014,10
685,171.20417080690834,49.995741895693904,10
686,171.48251875411862,50.13127868079341,10
687,171.7718961716869,50.30418298446758,10
688,171.98254400339647,50.33476481674807,10
689,172.25706726863757,50.353598428611456,10
690,172.41881278873103,50.53514134779577,10
691,172.50274296377398,50.56663636997731,10
692,172.69764917660862,50.54397769590642,10
693,172.80962588451195,50.56477346347454,10
694,173.0573424554175,50.64844351592779,10
695,173.33820122173125,50.79856933940506,10
696,173.4696890997756,50.829631002653095,10
697,173.6822361548346,50.92562962951606,10
698,173.93235344450179,50.98177708297066,10
699,174.1238085982996,50.97395104177645,10
700,174.31585798731072,50.97220237727615,10
701,174.50829732446948,50.98364636066552,10
702,174.5775484689454,50.96777797824492,10
703,174.7969061392742,51.090662471322204,10
704,174.9627459190409,51.386189999616185,10
705,175.23161042721216,51.59743425275046,10
706,175.46760932721014,51.73771066638581,10
707,175.6812380502019,51.858627935870246,10
708,175.76955598496653,52.00409275846238,10
709,175.89765767972557,51.913811059729774,10
710,176.1478122386871,51.7724723327426,10
711,176.48267412238792,51.73554758592421,10
712,176.73555247641573,51.67589293582727,10
713,177.0924901834858,51.70995210213925,10
714,177.42749810682795,51.84004514404691,10
715,177.45349759539872,51.837893008098966,10
716,177.56320750937854,51.874365139164134,10
717,177.77623595065282,51.85468995969928,10
718,177.98831276283713,51.95061307077617,10
719,178.40416221492683,52.195421109807114,10
720,178.61345186326935,52.22505647525887,10
721,178.70123048381083,52.175027020510335,10
722,178.87048458147734,52.207575504460905,10
723,179.04166068911104,52.14589763738243,10
724,179.21286940972726,52.33599978242904,10
725,179.29887062608958,52.476463091118646,10
726,179.4717652573283,52.62206007528748,10
727,179.64810221780834,52.76982691936577,10
728,179.75951907588396,52.90645973269158,10
729,179.81427661118255,52.94287538976682,10
730,180.00817230800277,53.133591068687,10
731,180.26514873049572,53.32364411662848,10
732,180.4415066366857,53.47281538907096,10
733,180.57254229971636,53.458967234983746,10
734,180.88967747676563,53.41434841979206,10
735,181.1816168618913,53.441327866422036,10
736,181.66600141924945,53.63169229313043,10
737,181.81607536061583,53.74730132784621,10
738,182.14162603004135,53.86790005475685,10
739,182.47726408290941,53.85942005247769,10
740,182.8928814933844,53.89858960820344,10
741,183.3038386183303,54.15543583692142,10
742,183.54631599948988,54.13032508767846,10
743,183.89728916398343,54.33289828986021,10
744,184.08324968794162,54.63839766850123,10
745,184.43918302356138,54.961342079329484,10
746,184.53047363021616,55.10490839567461,10
747,184.80347439939177,55.27100457254089,10
748,185.05186334120643,55.468883582269,10
749,185.29930089041827,55.564097780504405,10
750,185.4316562407485,55.689043724606975,10
751,185.59665629705222,55.83915429020594,10
752,185.76536902270843,55.99656172605164,10
753,185.8574794415698,56.012127210977624,10
754,186.01184792866894,56.114933655061755,10
755,186.0980928405326,56.251985107980104,10
756,186.347416920023,56.45390821205676,10
757,186.53545056366227,56.652647033940845,10
758,186.77921512908148,56.789191135568856,10
759,186.91039830051537,56.91935297114464,10
760,187.0846102052057,56.88587685356042,10
761,187.24528983655438,56.97840253536588,10
762,187.33311548248085,57.02996368022303,10
763,187.495715427405,57.0913825363448,10
764,187.7279978361178,57.28120198884928,10
765,187.85897935413365,57.41171549596397,10
766,187.9054495242204,57.38681992733689,10
767,188.05755838906117,57.532690736146755,10
768,188.26668902713544,57.42184137313403,10
769,188.4393264416809,57.28322530532285,10
770,188.6032247378192,57.37981406092435,10
771,188.90100433487288,57.53953600641721,10
772,189.06489795837027,57.595878322017356,10
773,189.3941522521419,57.65852667899326,10
774,189.74555264994075,57.85728286312811,10
775,190.0380299570253,57.81732334125981,10
776,190.19065542788672,57.95172843356919,10
777,190.40697911286284,57.96647217266763,10
778,190.6483822854511,58.01786913277952,10
779,190.85268225970685,58.127686093332834,10
780,191.13690166708278,58.22013122483173,10
781,191.40764237829592,58.320228645467196,10
782,191.5552097126387,58.32358516294747,10
783,191.84963780628286,58.30498487785553,10
784,192.12393479462563,58.435212343829626,10
785,192.70205842426805,58.524751413335196,10
786,193.0975237995415,58.512875235856434,10
787,193.2916901149699,58.70081072497021,10
788,193.5910474976343,58.83288418671955,10
789,193.921865638153,58.78441313708703,10
790,194.09101660228367,58.658591808427296,10
791,194.5271576902341,58.41976029923106,10
792,194.84335403179767,58.203138910820606,10
793,195.03108234765998,58.05599482322879,10
794,195.21946530107533,57.929268932067714,10
795,195.4595131379103,57.74796703807341,10
796,195.67415149472967,57.55075629290101,10
797,195.8950606444991,57.5584479065326,10
798,196.1490873829938,57.47918359897888,10
799,196.19667199417776,57.4967653153792,10
800,196.36700690041397,57.487836699400326,10
801,196.47350552206052,57.428080566295456,10
802,196.7875865336885,57.532902708224455,10
803,196.99621490102967,57.575178848360615,10
804,197.24556626852672,57.71479237305417,10
805,197.40937745600004,57.54957019937181,10
806,197.57912069279496,57.5267790325666,10
807,197.8472203601671,57.410703212240456,10
808,198.06489580235308,57.44911202349908,10
809,198.33636486006708,57.55610408925004,10
810,198.74681203185352,57.53301664256787,10
811,199.0707835965983,57.65838814635837,10
812,199.34470155440087,57.758406277506964,10
813,199.59369961566745,57.741723188536646,10
814,199.67781717032062,57.677038529202385,10
815,199.9449644526781,57.74684312611955,10
816,200.13480817008264,57.718526624376196,10
817,200.40746147225923,57.87785671893994,10
818,200.64833726216938,58.07583035282448,10
819,200.8084449793584,58.20685143636581,10
820,200.88560380614905,58.19167953487931,10
821,201.32363877525282,58.179895120512604,10
822,201.70291894501054,58.36047667448221,10
823,202.00252293103242,58.508226956142224,10
824,202.24147660977638,58.648709010827076,10
825,202.43562284059314,58.76977392579977,10
826,202.60185782828353,58.6892916258338,10
827,202.88749481754695,58.912970032940784,10
828,203.15651178406475,58.92850790291737,10
829,203.4059802007115,59.22394605254296,10
830,203.67560903486313,59.415562472760804,10
831,203.92078179550631,59.502395990131234,10
832,204.09134630751026,59.66428484179087,10
833,204.17459540788133,59.60424420457768,10
834,204.44519350229476,59.72993792098226,10
835,204.61937331384348,59.89269399251838,10
836,204.89083002019302,60.02451545738624,10
837,204.97660798849483,59.96542095431363,10
838,205.17080737282942,60.1539754511486,10
839,205.30252896288053,60.21160588558566,10
840,205.44913194810448,60.241199458879215,10
841,205.78396640688328,60.512008842090665,10
842,205.99445240765698,60.42896689818552,10
843,206.24546594510375,60.61016322940947,10
844,206.3311236893634,60.76430990141273,10
845,206.59062033192737,60.93775847067535,10
846,206.76833704388673,61.09791751054347,10
847,207.0170569313541,61.310199105009474,10
848,207.21164173784004,61.46556107248001,10
849,207.4642976742713,61.66252768041933,10
850,207.8165627373869,61.761671642233104,10
851,207.99593142612738,61.7152494610241,10
852,208.37260330662303,61.759618216174985,10
853,208.564189687749,61.899344390801474,10
854,208.9600812503857,61.980893608657134,10
855,209.2708390868907,62.00501009461796,10
856,209.46009411312062,62.133696590065135,10
857,209.59742395961393,62.2363420518687,10
858,209.73190005336897,62.22752483687052,10
859,210.00335310184286,62.1751180413645,10
860,210.35743568558755,62.10870092034271,10
861,210.7328374262275,62.10272302950447,10
862,211.1827472619654,62.02772315782374,10
863,211.55427478087722,61.85340409230617,10
864,211.80848800600455,61.74250679146253,10
865,212.04604121181578,61.6107327118555,10
866,212.320264211505,61.692491874680506,10
867,212.59232979471713,61.64580782951398,10
868,212.68967009160625,61.60185635039591,10
869,212.86117750718049,61.705911384000174,10
870,213.1137407740213,61.67337688688647,10
871,213.29016447450232,61.672003144958055,10
872,213.4610475998902,61.63976539697827,10
873,213.7105610237953,61.637628566755424,10
874,213.95369595091333,61.74154583063793,10
875,214.14223551142345,61.73738210597025,10
876,214.4112684997718,61.941032988698616,10
877,214.67837226239166,61.915612485721546,10
878,214.8282814299386,61.80531396351326,10
879,215.0417839433298,61.63870114495611,10
880,215.15236366152544,61.52604976180064,10
881,215.44374788019482,61.370878154560856,10
882,215.55002782124402,61.36373608477492,10
883,215.65570176270757,61.405509331855924,10
884,215.92175106746964,61.29750700698159,10
885,216.08726225472878,61.326176346832355,10
886,216.27953618639214,61.46827617146659,10
887,216.5875532127408,61.5480439736133,10
888,216.91456845688248,61.41308057696414,10
889,217.081614051125,61.26905014017246,10
890,217.41167347599838,61.14831058953611,10
891,217.6894700463808,61.103922116047926,10
892,217.92376209596173,61.09979382112011,10
893,218.09332853719184,60.96215630570997,10
894,218.10067046118598,60.95967864927782,10
895,218.28723544248192,61.10808673257921,10
896,218.436501088969,61.003296306979394,10
897,218.54627463960315,61.199299589567325,10
898,218.81569207412994,61.07094701113867,10
899,219.05894422036772,61.145055102219814,10
900,219.3058899390437,61.2248714848185,10
901,219.49599965558156,61.101694121362634,10
902,219.6654646435316,60.91615393084432,10
903,219.66975209514786,60.91682979156611,10
904,219.98510312484876,60.86353725551336,10
905,220.23891545724632,61.039237830803465,10
906,220.85536689125087,60.96265360303386,10
907,221.3125082797495,61.06421262044808,10
908,221.4561638859599,61.111826045928,10
909,221.56600972761703,61.30771236361528,10
910,221.81669703399206,61.52206803367682,10
911,222.15295742060826,61.74630819622745,10
912,222.47582064069465,61.860423249389676,10
913,222.84914668669057,61.74500212505086,10
914,223.30325981763485,61.68134687286715,10
915,223.63277680934704,61.58709555940302,10
916,223.74176957327867,61.69835562149659,10
917,223.89516795783297,61.75864698218787,10
918,224.304642811277,61.947537154888224,10
919,224.57271898650453,62.03660428539225,10
920,224.65998401935548,61.987232765090766,10
921,224.99340712490698,61.90442295536998,10
922,225.1701942276349,61.89677342897312,10
923,225.30171062361833,61.78743268227323,10
924,225.4331635782134,61.921111270593855,10
925,225.4841286247049,61.94141804970984,10
926,225.64997495083648,62.167463843095156,10
927,225.8982802980304,62.392692716445445,10
928,226.03044902905103,62.53433409810792,10
929,226.28184924372937,62.712900558987336,10
930,226.43533686277368,62.82100795068436,10
931,226.62940701315284,62.899215500233765,10
932,226.76708190066967,62.99366551285896,10
933,227.06414952553664,63.13836987872492,10
934,227.2612384024316,63.17896549441423,10
935,227.49648937980942,63.31560402540375,10
936,227.7935782635177,63.44836991135441,10
937,228.2727468300781,63.74621448359796,10
938,228.46627728828412,63.907498002358835,10
939,228.56356061391438,63.919325818090435,10
940,228.89913582681214,63.87295286200326,10
941,229.14036355273538,64.09255325474538,10
942,229.35616689402045,64.29315928552222,10
943,229.52502167107588,64.5242857234148,10
944,229.6397112343167,64.51434746229542,10
945,229.96715400454272,64.35730752270364,10
946,230.17923105865535,64.43738888933412,10
947,230.37200429772133,64.39680988741132,10
948,230.62471008450333,64.5744678434963,10
949,230.79253830588692,64.73882987875112,10
950,230.87823547774843,64.84980307460476,10
951,231.15222604176256,64.89694224826324,10
952,231.42583235150332,65.08877938184969,10
953,231.72085031071742,65.17897419492476,10
954,232.0378537608363,65.1142480541106,10
955,232.3949497762325,65.21004794729278,10
956,232.52802000351676,65.11310361582593,10
957,232.88304345958204,65.19547876553517,10
958,232.8900149502959,65.19469655961784,10
959,233.06193663921948,65.37038401610492,10
960,233.33262366670414,65.71596953479275,10
961,233.4970591769714,65.90232868698448,10
962,233.52231541081315,65.90646858141638,10
963,233.79933412654418,66.13054915988846,10
964,233.94998863534155,66.24584252566055,10
965,233.9985133123001,66.26682958791095,10
966,234.1962174388171,66.20900532685562,10
967,234.47150547520286,66.33461269054824,10
968,234.82594837811718,66.4137578204022,10
969,235.1082336143839,66.40448037580946,10
970,235.30687813524634,66.53634999206233,10
971,235.529683604333,66.56983787320873,10
972,235.54240225942422,66.5768386630136,10
973,235.8852883422929,66.76019095307826,10
974,236.16251850986063,66.98467904295197,10
975,236.45394003328906,67.10117057758434,10
976,236.8668308387828,67.28612373009318,10
977,236.91622585308522,67.25039212736161,10
978,237.18572213859733,67.313704520453,10
979,237.51540861085041,67.22336254508198,10
980,237.76908296458396,67.19731799177576,10
981,237.96198519816772,67.15259154916345,10
982,237.99232550383982,67.13621932616638,10
983,238.2699919549882,67.16561292295029,10
984,238.6001358273305,67.14571611649028,10
985,238.87804306263993,67.19174084248607,10
986,238.96141840479748,67.12464571277341,10
987,239.2084782544287,67.29240731710564,10
988,239.2353419250911,67.27902735947667,10
989,239.59183362288445,67.30019692800084,10
990,239.86867504605001,67.17396724856128,10
991,240.20707851181638,67.18122328872856,10
992,240.5442698363193,67.08687634163739,10
993,240.95860876933352,66.9063203689597,10
994,241.2826435041959,66.79780009083821,10
995,241.575038367341,66.80091597248042,10
996,241.82976369953616,66.88958961793705,10
997,242.1465595222105,66.99050629861138,10
998,242.35602012986828,66.8545610369916,10
999,242.6724704660046,66.75295720605885,10
1000,243.0430402873173,66.54442193914208,10
1001,243.37291272727006,66.50907589289369,10
1002,243.70402920232695,66.47685514930635,10
1003,243.97640586884876,66.77415390868306,10
1004,244.24553894879176,66.71981530650937,10
1005,244.68184041954441,66.80872416872835,10
1006,244.87072799254685,66.77126271311057,10
1007,245.06406125698317,66.99957760333277,10
1008,245.24053256173065,67.06771874310196,10
1009,245.41008893087027,67.15553576069938,10
1010,245.52478244941418,67.28621404776028,10
1011,245.85730962861112,67.52005201158586,10
1012,245.96293179726644,67.44573020299143,10
1013,246.07213618148938,67.50139392861036,10
1014,246.20391364218807,67.57709616406915,10
1015,246.4375444806206,67.52915822999874,10
1016,246.68776626507847,67.50334634908529,10
1017,246.85264451054263,67.53902607388441,10
1018,247.04318959379953,67.54350919462304,10
1019,247.39473022414464,67.44303178942867,10
1020,247.54674983717692,67.4513356044979,10
1021,247.79786961713407,67.51938512517968,10
1022,248.05011407559132,67.5070638812673,10
1023,248.2518980999364,67.57851166503531,10
1024,248.40400570155649,67.65426490362081,10
1025,248.55587943342144,67.68489897179398,10
1026,248.94732934738514,67.97150664191904,10
1027,249.5210907054177,68.2410739700457,10
1028,250.00886654542546,68.4772849277097,10
1029,250.49823233925002,68.70920497281821,10
1030,251.07544294770423,68.98002269407587,10
1031,251.32457846696576,69.10905063133478,10
1032,251.65718193185018,69.18803433353324,10
1033,251.99000097803892,69.2688763896517,10
1034,252.20349425504065,69.37370989185904,10
1035,252.29032603969227,69.46337826745898,10
1036,252.54101942993208,69.50857519049032,10
1037,252.75292460389915,69.71902150516996,10
1038,252.83590430378118,69.64841223768657,10
1039,253.1677918283016,69.47417078233599,10
1040,253.33929276128455,69.4662750597963,10
1041,253.53446168747413,69.51296055675424,10
1042,253.768675630177,69.6877563033471,10
1043,253.95951786479668,69.79738522983692,10
1044,254.3099555130916,69.99164028672575,10
1045,254.39256417572238,70.09246298258596,10
1046,254.5574103744512,70.06973201534194,10
1047,254.72471875232623,70.09444711552501,10
1048,254.88865680782547,70.18708612046412,10
1049,255.1353909116032,70.32316826406893,10
1050,255.21463570380874,70.31389642007576,10
1051,255.46225174525162,70.16755974596354,10
1052,255.673515046937,70.0144813969105,10
1053,256.0455143043493,69.92369781700803,10
1054,256.15468323332965,69.89064575552841,10
1055,256.428234369675,69.79970176421074,10
1056,256.700607462903,69.606702588044,10
1057,256.864166321301,69.45852777507314,10
1058,256.9553327384616,69.50301780698402,10
1059,257.3284951580056,69.78251215959483,10
1060,257.5812666804921,70.06426928177973,10
1061,257.83072278668175,70.19972659819865,10
1062,258.0031903594318,70.44157356400368,10
1063,258.22026954548176,70.70701173023471,10
1064,258.4376646723136,70.79580616689033,10
1065,258.52697965876285,70.84535156478893,10
1066,258.7848900582994,70.98166279334593,10
1067,259.20110801551203,70.92088055088917,10
1068,259.28674401734105,71.01479021513738,10
1069,259.46236208535095,70.8753251159786,10
1070,259.878880981218,71.06808870804849,10
1071,260.129288896808,71.06171978367134,10
1072,260.26078431179593,71.06714654781548,10
1073,260.5093391073407,71.06417405944308,10
1074,260.7254998345751,71.18324613927845,10
1075,260.85741149481646,71.15380381033985,10
1076,261.26742132659433,71.10377646754334,10
1077,261.4357498297307,71.10445140988391,10
1078,261.52417795843064,71.20533450673327,10
1079,261.85647457653903,71.20682587427369,10
1080,262.1092322946169,71.3116462178162,10
1081,262.4357094331584,71.21867692419879,10
1082,262.7083539852735,71.24726005619026,10
1083,262.9013110078666,71.37755299602254,10
1084,263.0938359152521,71.4201323654393,10
1085,263.38852758865676,71.47781167801985,10
1086,263.498252220277,71.5083821457138,10
1087,263.7749147928856,71.59435955957433,10
1088,264.0437990964836,71.72261509278938,10
1089,264.31668862316883,71.70967588416433,10
1090,264.49021817876644,71.6665149359284,10
1091,264.6885008939872,71.76221038435037,10
1092,264.95790331240306,71.7775442537358,10
1093,265.2853638176057,71.62078089958382,10
1094,265.45570394055267,71.63744679707223,10
1095,265.5731078984473,71.5691692576615,10
1096,265.9897082059662,71.86515870959185,10
1097,266.1354781709491,72.0367464207492,10
1098,266.5304219678187,72.30173025247528,10
1099,266.8079483139426,72.5710951483617,10
1100,267.12292545994535,72.81519552302927,10
1101,267.4335280716774,72.79453616252597,10
1102,267.78868555365773,72.95815944409908,10
1103,268.00236936089243,72.9710996026542,10
1104,268.2760783096513,72.94475593605434,10
1105,268.45605963717094,73.1616706533782,10
1106,268.7100678900152,73.26252247786724,10
1107,269.0011375997566,73.29067527675839,10
1108,269.13636093151285,73.45443516427066,10
1109,269.3269600919121,73.50485679951501,10
1110,269.5373445779149,73.53622889785645,10
1111,269.86890940228375,73.59627950495911,10
1112,270.19769007355114,73.69274113041065,10
1113,270.4087490357673,73.61674379385741,10
1114,270.7831712034791,73.77276837411395,10
1115,271.0371130329182,73.84869075650745,10
1116,271.31147452941303,73.76985175767749,10
1117,271.501403899083,73.80816153897365,10
1118,271.7592893195896,73.96538354594668,10
1119,272.1333957982772,74.04420190771845,10
1120,272.51026677300405,74.33929884348194,10
1121,272.93747108432154,74.36337709372506,10
1122,273.4319050178392,74.50674089526697,10
1123,273.78856372034056,74.7350413855678,10
1124,274.0844398396895,74.8058088283621,10
1125,274.4158908360706,74.8776120744081,10
1126,274.5254152193246,74.81907873138982,10
1127,274.96990613398685,74.95675368026627,10
1128,275.34496060592966,75.11214184360234,10
1129,275.7000781281328,75.29780335031413,10
1130,275.85906576738364,75.44090702249922,10
1131,276.1371740166392,75.46900557893319,10
1132,276.4911878194761,75.36899635667065,10
1133,276.9636871257045,75.23948578627498,10
1134,277.21246630066605,75.18177648318982,10
1135,277.5470917014351,75.26917393037373,10
1136,277.8973504396136,75.3506534373862,10
1137,278.2273651266599,75.4077108985274,10
1138,278.55540502815023,75.59149418541296,10
1139,278.7937269355138,75.58953797344664,10
1140,278.94757528531426,75.7373278586939,10
1141,279.1562943049079,75.95527440442388,10
1142,279.2442485936328,76.01908054166312,10
1143,279.50090704425696,76.16553051157763,10
1144,279.8191008052414,76.44871762197424,10
1145,280.0081845407529,76.70020078147935,10
1146,280.41934794343524,76.80446614118183,10
1147,280.66723162243704,76.78433630388997,10
1148,280.75682495486785,76.88505161383118,10
1149,280.86638569094373,76.96536346578579,10
1150,281.1084930619572,76.98489741779441,10
1151,281.53883412056956,77.23217566359669,10
1152,281.9541519028612,77.25829760686686,10
1153,282.4419671518534,77.48830782347879,10
1154,283.0200689540985,77.57308931095731,10
1155,283.3273920658875,77.55895894773296,10
1156,283.497164191665,77.76001844590512,10
1157,283.66404525868893,77.85071221771327,10
1158,284.10090874070283,78.02573475675838,10
1159,284.31436575071814,78.13220199648302,10
1160,284.5296362092157,78.16009510880522,10
1161,284.6024011877719,78.13673320323328,10
1162,284.7113225705356,78.2653152716761,10
1163,284.8776478574224,78.30348961006571,10
1164,285.1275359261283,78.56694104313513,10
1165,285.37165053786606,78.53867387827913,10
1166,285.56445366114974,78.58367031786095,10
1167,285.75166833477215,78.80199252767667,10
1168,286.08280697085536,78.99282098052105,10
1169,286.1687439670278,79.05723051200675,10
1170,286.46262227789975,78.97602725465127,10
1171,286.7329021944747,78.8959553821481,10
1172,286.8377842832334,78.85610850312825,10
1173,287.03034478771724,78.8834144176026,10
1174,287.42108134167745,79.01838066481363,10
1175,287.61539984711766,79.22922467183717,10
1176,287.8283999447359,79.3185964400186,10
1177,288.10456829630647,79.2173491883447,10
1178,288.29869698439,79.30327779898482,10
1179,288.5931133389132,79.39384170542964,10
1180,288.9203103995866,79.44447669326453,10
1181,289.1371709257106,79.42838089237661,10
1182,289.4530404435626,79.42134438730565,10
1183,289.75243336625755,79.67670323046706,10
1184,290.0559450253088,79.99697141108628,10
1185,290.2175979975354,80.03361411575388,10
1186,290.41033690874485,80.17204849180871,10
1187,290.610765337347,80.37611033660058,10
1188,290.78175939707427,80.3651850201362,10
1189,290.9979321134188,80.3262595825373,10
1190,291.2336701294736,80.31619309394054,10
1191,291.45067499377603,80.35552266763654,10
1192,291.56204999064266,80.41071027718174,10
1193,291.5669544573007,80.41077968811865,10
1194,291.92774511605984,80.46642599659341,10
1195,292.12438077076297,80.4260475719436,10
1196,292.4049672794754,80.46470610067718,10
1197,292.5595645040559,80.35316321465561,10
1198,292.7523245736433,80.28762583500615,10
1199,292.94762170366164,80.29183317148298,10
1200,293.14661542889786,80.41976819164817,10
1201,293.2786189707912,80.3434717316124,10
1202,293.6307602598338,80.12221016074683,10
1203,293.7966378492681,79.97284983458185,10
1204,294.041688014409,80.06852983714765,10
1205,294.2282674026113,80.02497936704816,10
1206,294.48032973315026,79.99694469275805,10
1207,294.8062912525128,80.05590000213135,10
1208,295.01472337382654,80.2420895731281,10
1209,295.30718901481754,80.4054042117835,10
1210,295.41113457662993,80.32851523358295,10
1211,295.6648711528268,80.57657989133344,10
1212,296.1035364380629,80.7430385584319,10
1213,296.2550932329839,80.77768107588315,10
1214,296.57286508804447,81.1083447864977,10
1215,296.8454108448351,81.18461877359236,10
1216,296.9709416495626,81.13569053945605,10
1217,297.2470646027986,81.08317050282464,10
1218,297.70994504003403,81.18992639703386,10
1219,297.9617053519511,81.30892977348945,10
1220,298.1338832882819,81.26804886692798,10
1221,298.3294945912005,81.16119274353142,10
1222,298.49284675845786,81.21206692039688,10
1223,298.6642857549082,81.28977137552333,10
1224,298.91035201978855,81.46016189651921,10
1225,299.157899999792,81.43715546021282,10
1226,299.51549625394165,81.46868016141305,10
1227,299.680220660781,81.32840259736659,10
1228,299.76899268400535,81.39504385383424,10
1229,300.0653201168103,81.50315825812723,10
1230,300.33996355559754,81.79784134066566,10
1231,300.61149889655815,81.99337432014369,10
1232,300.8667585840768,82.1123701411324,10
1233,301.0572413556678,82.16852724522015,10
1234,301.32953851927505,82.27263638135658,10
1235,301.51878228006245,82.34036018210303,10
1236,301.66328360728824,82.39652834591652,10
1237,301.93769579117355,82.57112438903512,10
1238,302.03321018018136,82.61403572629641,10
1239,302.12975726161875,82.70118579667721,10
1240,302.2656021268028,82.84202120883809,10
1241,302.54581930916737,82.78198634337218,10
1242,302.8380270557429,82.83199073298809,10
1243,303.0113829434798,82.88841460802628,10
1244,303.1991354837627,83.09411299369343,10
1245,303.2903258180016,83.0712478048885,10
1246,303.48471670521826,83.28281666953256,10
1247,303.60061183423824,83.29660832371843,10
1248,303.83334576361494,83.32081052717727,10
1249,304.00576257321757,83.38866469678278,10
1250,304.17402232417606,83.54752418734117,10
1251,304.5049303268219,83.64543161820032,10
1252,304.8537691108142,83.52186913392623,10
1253,305.2287647806444,83.39272234436395,10
1254,305.5833848571978,83.35964954810983,10
1255,306.01977525229097,83.35849899263687,10
1256,306.27124543967204,83.49669678437714,10
1257,306.58252642761033,83.50961520226348,10
1258,306.7540137353595,83.55700881387303,10
1259,306.9915084391372,83.76875289079409,10
1260,307.12249457183293,83.81679026146635,10
1261,307.49217630829713,83.95440576911908,10
1262,307.8985571087199,84.01947392752508,10
1263,308.38997902197025,84.16546565174826,10
1264,308.76350382372186,84.24687148270066,10
1265,308.9122579970375,84.26096015310631,10
1266,309.16077792636656,84.23108419826882,10
1267,309.4267391572991,84.21646647067911,10
1268,309.6377257087678,84.26868614246564,10
1269,310.0117339027835,84.44623475092587,10
1270,310.25511770436856,84.66425674602634,10
1271,310.6083244555305,84.88594690164427,10
1272,310.98356584768464,85.05239548774973,10
1273,311.39921004212226,85.25702011518294,10
1274,311.8060906693137,85.14965087528566,10
1275,312.03588542190107,85.32565573254827,10
1276,312.5746921483257,85.33587084378736,10
1277,313.2465019646647,85.27594327287282,10
1278,313.7788913399837,85.39641270239412,10
1279,314.2703864407555,85.48214767970215,10
1280,314.7624145188199,85.44589518688898,10
1281,315.05565331865125,85.603486811104,10
1282,315.3796590999508,85.76667846851564,10
1283,315.6501470814237,85.7907545799253,10
1284,315.9853231002082,85.84490487457586,10
1285,316.54453135224446,85.89347496517793,10
1286,316.78012045157027,85.99624232068639,10
1287,317.47185742415456,85.90585652797138,10
1288,317.68814791756097,85.85797501553782,10
1289,317.8412938034386,85.87563450153063,10
1290,318.1090487252854,85.70728051028733,10
1291,318.38180994040465,85.77711976459807,10
1292,318.77474236827425,85.78090596979987,10
1293,319.1078701083392,85.63299165188947,10
1294,319.5236343269471,85.63669912489168,10
1295,319.7592086819335,85.8071692093434,10
1296,319.9690547860563,85.86150788218019,10
1297,320.33702617494515,85.78268346909967,10
1298,320.63136327011176,85.85586416251034,10
1299,320.861531635684,85.7953326315708,10
1300,321.29746484949493,85.92615770847013,10
1301,321.59702470265415,86.0213691835425,10
1302,321.9029681370956,85.96911561764338,10
1303,322.3142095737438,86.04705925346836,10
1304,322.5719198068407,86.2093094403408,10
1305,322.73683266269643,86.07893238542127,10
1306,322.9319163112817,86.17104508771314,10
1307,323.17073149353087,86.45672981075454,10
1308,323.3655431625396,86.44265448910866,10
1309,323.53261529279996,86.50274291174325,10
1310,323.7306567535583,86.49018442370674,10
1311,323.99704869367804,86.68534023862844,10
1312,324.25339781149535,86.78542244630911,10
1313,324.59650299053317,86.87967243853608,10
1314,325.03823524025836,87.06674269296619,10
1315,325.335545594602,87.12396100203944,10
1316,325.52162542880325,87.01698768870314,10
1317,325.63571097846506,87.10769431221146,10
1318,325.9063288929568,87.12704065283245,10
1319,326.09936856340465,87.14895540825816,10
1320,326.32825836037944,87.28500140961621,10
1321,326.74825956124994,87.32382454829259,10
1322,326.88490003274626,87.47166858332555,10
1323,326.9983259467033,87.479474132288,10
1324,327.193519882291,87.37846870715602,10
1325,327.44668320418555,87.39758450445258,10
1326,327.5956523942502,87.52181008335637,10
1327,327.7315330230585,87.67194855873235,10
1328,327.90477216293743,87.78110281056705,10
1329,328.15142334756683,88.00003709740612,10
1330,328.33963296325294,88.0587560933565,10
1331,328.44716751933595,88.14627004299092,10
1332,328.72651004801907,88.37683051723418,10
1333,329.0571730096897,88.37399461188365,10
1334,329.45140786846946,88.31211401472652,10
1335,329.7278726627413,88.43056480563426,10
1336,330.00158600024696,88.37287724829991,10
1337,330.1752997266238,88.42672179830225,10
1338,330.61792892481117,88.60760469001289,10
1339,330.7143614084122,88.5310235821865,10
1340,330.9684330801462,88.52650483915664,10
1341,331.135029121126,88.406575533134,10
1342,331.42596216178674,88.47095547362291,10
1343,331.57982545741396,88.50527456379056,10
1344,331.9151085607144,88.41976748847176,10
1345,332.10136417777187,88.36354176807015,10
1346,332.1737472405228,88.30723344148407,10
1347,332.5001205815969,88.3645468528021,10
1348,332.7611990085772,88.31909280850658,10
1349,333.11866416169494,88.358254538782,10
1350,333.16774527329835,88.29467064217135,10
1351,333.4900718878368,88.21651003548779,10
1352,333.9249667430421,88.26932843122044,10
1353,334.1759104548774,88.49198700574105,10
1354,334.44713761905575,88.73202166627772,10
1355,334.7655842646177,88.91578670275698,10
1356,335.1227306834837,89.22337756140931,10
1357,335.35326353819175,89.3333688993949,10
1358,335.66753481956243,89.36021945732057,10
1359,335.94276355379907,89.31895119433864,10
1360,336.12630764392173,89.33127782189693,10
1361,336.3006940181623,89.3892092259793,10
1362,336.35057081973207,89.41259361827758,10
1363,336.37517358695203,89.41038954507833,10
1364,336.6528812839215,89.5424609875846,10
1365,336.829336018303,89.59582931877155,10
1366,337.2076430793922,89.84749963035877,10
1367,337.3955582010549,89.99232506551424,10
1368,337.7399958132693,90.12553356553056,10
1369,338.05666551033573,90.11226111489113,10
1370,338.2567195054959,90.23435705424285,10
1371,338.6569069132073,90.32507177448288,10
1372,338.9746907840646,90.3255553224844,10
1373,339.14929303269366,90.32749835046481,10
1374,339.3626070156924,90.57595551906131,10
1375,339.6329152343183,90.75459288687907,10
1376,339.8863542122002,90.84688837300246,10
1377,340.0506659495921,90.72398263761785,10
1378,340.3017945019369,90.8203734221296,10
1379,340.46818319984254,90.69859766996021,10
1380,340.65894728547585,90.80361821072499,10
1381,340.82938971560077,90.95748620126471,10
1382,341.0021068646512,91.11180819689864,10
1383,341.2526618940145,91.26429530987245,10
1384,341.4728829472827,91.37668023927687,10
1385,341.8707619036135,91.5985529651059,10
1386,342.17220193788364,91.897350438305,10
1387,342.40744534111735,92.10814598077857,10
1388,342.8589227036382,92.42833779128657,10
1389,343.1286918142895,92.62819883864674,10
1390,343.3050327898415,92.75310060063157,10
1391,343.57693352082947,92.90453496581084,10
1392,343.786628506805,93.05215734440122,10
1393,344.0368923680011,93.16024884883672,10
1394,344.20086573422475,93.13540734126205,10
1395,344.45194165420463,93.22517903909738,10
1396,344.78809580979987,93.62081210186373,10
1397,344.838063620727,93.63468581095857,10
1398,344.92615422210747,93.74108978347984,10
1399,345.27996801125084,94.10757638734553,10
1400,345.4720448047001,93.91008847999989,10
1401,345.82458495867365,93.94958748773989,10
1402,345.95592847877504,93.96296470296483,10
1403,346.11828128527236,93.92646653632872,10
1404,346.4108707581838,94.0320995386007,10
1405,346.68685327711586,93.9772191925135,10
1406,347.058860547552,93.89839968681116,10
1407,347.269388173337,93.85438836841895,10
1408,347.3985204809652,93.71678555442584,10
1409,347.61299123252144,93.66192747709857,10
1410,347.8607615956441,93.61711019160845,10
1411,348.31437117831,93.63371823856411,10
1412,348.58225153020527,93.6645747795291,10
1413,348.80001353015996,93.51119388371018,10
1414,349.1173856071946,93.81191822974252,10
1415,349.4532162001032,93.81729721064427,10
1416,349.607635397782,93.90916682615536,10
1417,349.8863337751226,94.02559169489871,10
1418,350.1809395841152,93.88966969006555,10
1419,350.34857328570786,93.86571332825817,10
1420,350.7213115735,93.71512673890571,10
1421,351.01668234841645,93.70109528047398,10
1422,351.1719963105205,93.78959452697993,10
1423,351.38642940936006,93.81954384622614,10
1424,351.57646563835453,93.82907467193274,10
1425,351.8171098717058,93.84110277019478,10
1426,351.97772764058914,93.92671226372084,10
1427,352.06715612658377,93.84659142957227,10
1428,352.25840602442656,93.8942487461249,10
1429,352.4442731553921,93.93375976892341,10
1430,352.4695718420928,93.95755309039801,10
1431,352.581041765944,93.9101406469705,10
1432,352.5841582962322,93.91016844677826,10
1433,352.71567289504355,93.76585939191982,10
1434,352.7183497099456,93.76640188589242,10
1435,352.80302213661423,93.6639965915722,10
1436,353.03603361626864,93.66152151023282,10
1437,353.1480524357355,93.75727475328972,10
1438,353.58321350246837,93.76922901314337,10
1439,353.828528511226,93.55278155758084,10
1440,354.23672554384626,93.53407781598145,10
1441,354.6456875635169,93.52282190813072,10
1442,354.93943417739405,93.43428304629899,10
1443,355.1331912525335,93.41639361390693,10
1444,355.30173089606217,93.61567131963331,10
1445,355.54190074868336,93.76583342402226,10
1446,355.94119792353587,94.0344412046991,10
1447,356.2953556358983,93.99932683890034,10
1448,356.7455633853959,94.01247774768082,10
1449,357.0413014361072,93.99110119078905,10
1450,357.3945543789331,94.1643600151629,10
1451,357.73156452718507,94.50289386332993,10
1452,358.1584975322206,94.52398582302119,10
1453,358.58560457067296,94.73225143862604,10
1454,358.7583525894714,94.68295823347209,10
1455,359.11241866292164,94.69409194237767,10
1456,359.50654722070186,94.86130835923925,10
1457,359.94354382680115,94.99887347036916,10
1458,360.2937028273628,95.0203204103145,10
1459,360.7054511048294,95.32018357481488,10
1460,361.0003021462128,95.21123805771546,10
1461,361.41718843340044,95.09866457189227,10
1462,361.77301368233645,95.12202910150997,10
1463,362.027282882092,95.21868609887217,10
1464,362.2040248031239,95.24165212124619,10
1465,362.452960163222,95.34844848551252,10
1466,362.83082206980225,95.41303467238377,10
1467,363.26287731230997,95.3813549401077,10
1468,363.5110828153161,95.49839718177066,10
1469,364.0228342365738,95.57080263146099,10
1470,364.517095817487,95.66192449347693,10
1471,364.9314054718858,95.58274840377301,10
1472,365.34058858921924,95.7380678689914,10
1473,365.56166486917795,95.91741220844175,10
1474,365.6757144497751,96.07067777570929,10
1475,365.9037926936714,96.1592976241744,10
1476,366.13856940548885,96.17021180502171,10
1477,366.44120657617185,96.11868931011875,10
1478,366.7630087380406,96.12007701245584,10
1479,367.17488080198945,96.32046325174177,10
1480,367.45301189833333,96.31479168793258,10
1481,367.7001827604184,96.24448672249264,10
1482,368.0339129543274,96.33372844848917,10
1483,368.356783872621,96.38744040895538,10
1484,368.5206273251315,96.26119468959304,10
1485,368.8178538758269,96.50391209707693,10
1486,369.09058588156614,96.73160176231892,10
1487,369.2197760476544,96.81713967272248,10
1488,369.42824396331787,96.81815034177657,10
1489,369.6389049099788,96.87954630926619,10
1490,370.0118444410111,97.01829321607569,10
1491,370.22050948617726,97.1019131455096,10
1492,370.38725127540056,97.12989694078848,10
1493,370.51784359001755,97.05414991871838,10
1494,370.70962390787963,97.1741398791134,10
1495,370.91439440098986,97.22361045710414,10
1496,371.12267879746645,97.3087275017261,10
1497,371.23295681410144,97.39965863015163,10
1498,371.4057240109406,97.50095148613404,10
1499,371.5365351377154,97.62186257585412,10
1500,371.70271468637486,97.67754113920631,10
1501,371.83130610282035,97.83225241653422,10
1502,372.03828470743326,97.95400369214364,10
1503,372.1757132248138,98.02964079617398,10
1504,372.47695855977315,98.13305843489039,10
1505,372.5678700331626,98.22796665148422,10
1506,372.79658408007555,98.30162070567981,10
1507,373.07452253939016,98.41325449247276,10
1508,373.1049303078197,98.39985561374895,10
1509,373.2811268712238,98.35373939190785,10
1510,373.47390040735115,98.380863223259,10
1511,373.7903864930715,98.46334287513328,10
1512,374.11120878628395,98.38939388553545,10
1513,374.2232719798741,98.36614913596131,10
1514,374.45825240831647,98.4211189204955,10
1515,374.63188103109735,98.45810960003121,10
1516,374.76055930388725,98.53930717904684,10
1517,374.83129373862545,98.49615757060135,10
1518,374.9838628671135,98.55339739074665,10
1519,375.05310791568843,98.51128604580717,10
1520,375.20403411449524,98.59626900684131,10
1521,375.2088821062056,98.59459356856013,10
1522,375.31625548317186,98.68557918653428,10
1523,375.53027647531036,98.87170115923803,10
1524,375.80610493173225,98.68513417231289,10
1525,375.90508423167523,98.6459946293279,10
1526,376.1610234705955,98.64234972274366,10
1527,376.3571040366684,98.68908415308537,10
1528,376.5694847847726,98.53073607329634,10
1529,376.6768498677657,98.48524657217071,10
1530,376.9194857050182,98.33664538537926,10
1531,377.328942484172,98.00069744747327,10
1532,377.60801629464595,97.72241930841919,10
1533,378.02318954840104,97.57199821647855,10
1534,378.2781582304382,97.62657823720717,10
1535,378.5660280319371,97.83336652747903,10
1536,378.81655498002374,97.90223350507277,10
1537,379.13129565073035,98.04637841228498,10
1538,379.44245054362625,98.02509751957662,10
1539,379.77152873631815,98.0225291181151,10
1540,380.341848612014,98.00806076111662,10
1541,380.63611030146154,98.16758243402596,10
1542,380.9621784670331,98.21906762243448,10
1543,381.31442648929067,98.4185242850918,10
1544,381.68761124719737,98.25573676638479,10
1545,381.9825747539568,98.35614858819008,10
1546,382.2265335900567,98.30931074198975,10
1547,382.5177896174134,98.25570211788161,10
1548,383.20857316551746,98.10253705481392,10
1549,383.70725842428885,98.23707944041573,10
1550,383.94124110761913,98.45467688840877,10
1551,384.31141609472036,98.15236712982693,10
1552,384.5869259311474,98.25091239393743,10
1553,384.9980188614869,98.34375380031572,10
1554,385.4058907132004,98.50654191734651,10
1555,385.70227127409004,98.5209831268991,10
1556,385.98297427190664,98.68515042030755,10
1557,386.16114880486964,98.92057508973645,10
1558,386.497230424694,98.82182665974311,10
1559,386.9093261393475,98.88330356004923,10
1560,387.2393972599408,99.00743123468592,10
1561,387.8106890661819,99.10245502583275,10
1562,388.1390957826981,98.99200457049152,10
1563,388.3998379427147,99.15216219390663,10
1564,388.5876897659808,99.23818654502527,10
1565,388.9365157804987,99.32636624990394,10
1566,389.02591354204316,99.21640926859804,10
1567,389.403455322646,99.27569289071218,10
1568,389.69682469306696,99.2079799557346,10
1569,389.9290671721582,99.16564879038158,10
1570,390.2053897569199,99.11432975648778,10
1571,390.35878361144853,99.14207263216024,10
1572,390.5288962702565,99.22087603197905,10
1573,390.74420506061676,99.24627608943834,10
1574,391.0708320513602,99.2848350280571,10
1575,391.1870508629603,99.33399199557753,10
1576,391.5240209919276,99.34614262704343,10
1577,391.78154675306115,99.4218040591199,10
1578,391.93490126803863,99.48309146158007,10
1579,392.0176512960675,99.54664894805656,10
1580,392.24674946421885,99.52332908403606,10
1581,392.50001001406906,99.46718790418582,10
1582,392.7429312968128,99.42055321883983,10
1583,392.76848223823316,99.45005588872112,10
1584,392.8347766990255,99.4336471100793,10
1585,392.98034620165527,99.3323417344365,10
1586,393.1728654706644,99.37861796179243,10
1587,393.3258079445784,99.4663220868668,10
1588,393.4956145826169,99.49350127271116,10
1589,393.6292197227806,99.48240894290943,10
1590,393.97955770513806,99.62795646484373,10
1591,394.2966338604529,99.8468616593674,10
1592,394.55197397155206,99.94819256860117,10
1593,394.86412354690094,100.03365489064721,10
1594,394.9946596444752,100.00141324012688,10
1595,395.3065845809486,100.08971934193373,10
1596,395.7051096527323,100.19947554821425,10
1597,395.9411243740565,100.13325401576732,10
1598,396.1323922938637,100.19221423508486,10
1599,396.41162291132537,100.13703969272397,10
1600,396.6077295471795,100.07138901234141,10
1601,396.84897559676153,99.947298864338,10
1602,397.1196570052519,100.01707965078855,10
1603,397.2313353004448,99.96142600842504,10
1604,397.58790200120217,100.12349684506277,10
1605,397.8585608143477,100.0006308746691,10
1606,398.1817795253738,99.89053475162714,10
1607,398.51685496664277,99.94741109878238,10
1608,398.846562279703,100.15405861007632,10
1609,399.3075716954899,100.29302597927196,10
1610,399.65190652947064,100.32659828251718,10
1611,399.9415970181902,100.56751173551872,10
1612,400.2632618262283,100.74636695126001,10
1613,400.40044791415363,100.81617578941422,10
1614,400.5867015376722,100.75786475897715,10
1615,400.8780665564434,100.75712070859043,10
1616,401.13016026121215,100.91357755699288,10
1617,401.26589221674027,100.81535179307083,10
1618,401.427088287066,100.92890588654974,10
1619,401.5350471516401,100.89085006656902,10
1620,401.6202547252163,100.81589882224714,10
1621,401.74735154658526,100.8715861827226,10
1622,401.9155628567903,100.86518095471631,10
1623,402.10262533236613,100.88671186574639,10
1624,402.26523498916833,100.79306048222178,10
1625,402.4315973103757,100.96363019208442,10
1626,402.7613538799129,101.09811851709428,10
1627,402.9238743755632,101.05431249821488,10
1628,403.00445108213506,101.12006275139065,10
1629,403.2532792622043,101.09495080999858,10
1630,403.3396318546309,101.1632985482002,10
1631,403.52401513246866,101.12977402045708,10
1632,403.71539891402176,101.0359481118008,10
1633,403.80518144425315,101.09898913906251,10
1634,404.0339572716298,101.06920323094198,10
1635,404.18176720228223,101.0667888319092,10
1636,404.2351526373736,101.09678907137396,10
1637,404.62287013004163,101.10004292997729,10
1638,404.7529472989183,101.07909621678829,10
1639,405.0396883592016,101.12647129607275,10
1640,405.3642164785805,101.20966165259875,10
1641,405.6317485947768,101.34099357373577,10
1642,405.8743807556265,101.30817771305055,10
1643,406.0403758268984,101.49892358893507,10
1644,406.36731865577065,101.68420428484235,10
1645,406.8540309409736,101.786164226675,10
1646,407.2270326695868,101.9200126724916,10
1647,407.3936317761518,101.97032226944901,10
1648,407.67992302387813,101.95626026536162,10
1649,407.9680529117985,102.07528579597123,10
1650,408.3172405296681,102.097878229236,10
1651,408.5662717812869,101.99936256476329,10
1652,408.9173508656271,102.17033989429468,10
1653,409.0262533781396,102.28639260066608,10
1654,409.079986351965,102.3040292394816,10
1655,409.1489662104708,102.35914871439525,10
1656,409.34186340982603,102.42688071743456,10
1657,409.5544715340795,102.36875518093115,10
1658,409.84288536003777,102.29026430763905,10
1659,410.11279726163264,102.28264477348303,10
1660,410.29838170906004,102.18334741531014,10
1661,410.6299978399803,101.9603945931148,10
1662,410.89703490406237,102.00072058722868,10
1663,411.14673047967983,102.1917132095559,10
1664,411.49889759789374,102.22272666865726,10
1665,411.7918871493486,102.32871621070235,10
1666,412.03584170829265,102.28988093657203,10
1667,412.285033621796,102.404964001702,10
1668,412.2965035700495,102.40393671356621,10
1669,412.6237911293375,102.47751493341795,10
1670,412.91411109367255,102.57920079926697,10
1671,413.05041426822856,102.54915663981868,10
1672,413.26164658796887,102.56186882537347,10
1673,413.5907427271085,102.63260664234352,10
1674,413.8608032520845,102.63144816500268,10
1675,414.2145309894008,102.58210115142178,10
1676,414.3003507768332,102.50657636180883,10
1677,414.54537210787396,102.61583186828926,10
1678,414.7146660879307,102.65363240302412,10
1679,414.9045989494243,102.682373985242,10
1680,415.17541716077795,102.63910055049134,10
1681,415.4204397124452,102.37523232173147,10
1682,415.89307453520723,102.24681663158557,10
1683,416.28635408908224,102.37059423147554,10
1684,416.6781877974918,102.22413579313002,10
1685,416.9703720658948,102.28512833560029,10
1686,417.32015654715724,102.26308773182177,10
1687,417.7370793649261,102.11758956689286,10
1688,418.0313022462948,101.92376133192425,10
1689,418.2454201875932,101.96886628540629,10
1690,418.4523956233264,102.14634723647357,10
1691,418.583870637248,102.07138076198393,10
1692,418.8092395068641,102.01509351880989,10
1693,418.9007393069877,101.99426669670648,10
1694,419.1540776695464,101.97346907749944,10
1695,419.3672430032855,102.0272252853915,10
1696,419.5554472369119,102.03213375985675,10
1697,419.68381589385024,101.90730636445322,10
1698,419.7721478634955,101.88714738194008,10
1699,419.90491986775186,101.79156476667934,10
1700,420.07590409337763,101.68281162602408,10
1701,420.40732048293086,101.70256018635939,10
1702,420.66154893853525,101.66935743179504,10
1703,420.8547051396252,101.69496335730246,10
1704,421.1951739251375,101.8029685484724,10
1705,421.4029817589083,101.75204304189974,10
1706,421.63490813424795,101.92635065704003,10
1707,421.9660972209029,101.99329983444105,10
1708,422.23437808949654,101.89375563298431,10
1709,422.34286653539255,101.76567871939645,10
1710,422.6141262850666,101.64750217030554,10
1711,422.88179049589905,101.61467056053675,10
1712,423.25358624305017,101.77831708890216,10
1713,423.6046406276226,102.03405386452647,10
1714,423.93483902192,102.10541787129532,10
1715,424.2644963439467,102.15868127857689,10
1716,424.59971558943244,102.24634759998939,10
1717,424.74087959661927,102.18338130550825,10
1718,424.847259236468,102.23460745505712,10
1719,424.9971264281638,102.28718015410304,10
1720,425.26954572040347,102.39518717857767,10
1721,425.72412198280745,102.4905288969123,10
1722,425.96745381005985,102.60296061722654,10
1723,426.2597374566758,102.51695539148214,10
1724,426.5156348450487,102.38673464344848,10
1725,426.8575376998867,102.54786305465264,10
1726,426.96802056259156,102.63732097283808,10
1727,427.07691474946205,102.71204405598874,10
1728,427.1852840947039,102.81290965061464,10
1729,427.18842561703525,102.81246760802149,10
1730,427.35631600791277,103.01881276709256,10
1731,427.4909168216442,103.11015528572831,10
1732,427.62496223224025,103.20315857563672,10
1733,427.8336333393392,103.21928232800046,10
1734,428.042438695497,103.15304527855915,10
1735,428.3159062234023,103.17941820652297,10
1736,428.61140851479405,103.15750907022576,10
1737,428.78196858455857,103.18977514559947,10
1738,428.9452881578794,103.14274569369191,10
1739,429.2960671897814,103.31872977009166,10
1740,429.48270423741207,103.2968325478292,10
1741,429.5934067105857,103.26976416218892,10
1742,429.70123683829286,103.35711147733066,10
1743,429.9527867203307,103.53176740404199,10
1744,429.99966822259194,103.51753468229388,10
1745,430.11196671532707,103.65700144315959,10
1746,430.3473676065611,103.87270040037771,10
1747,430.43591540155785,103.97930196396725,10
1748,430.7913075620242,103.92801923709459,10
1749,431.16342953700786,103.88505815251432,10
1750,431.35337544742634,103.91525560157947,10
1751,431.5456256884155,103.95612837928098,10
1752,431.96028111114117,103.98004472290387,10
1753,432.2168458137629,103.99605188899626,10
1754,432.48773135661787,103.98369724261778,10
1755,432.6774170602081,103.90675006141589,10
1756,432.94911992057814,103.93118069184177,10
1757,433.0971856078187,103.85644934408272,10
1758,433.356475668185,103.71237160762597,10
1759,433.6920067018483,103.4969739013741,10
1760,433.8573074575437,103.32242022272749,10
1761,434.12860221025056,103.31566591908178,10
1762,434.40113527755057,103.17642475813571,10
1763,434.6341486340536,103.02266879133538,10
1764,434.7196165951638,102.93799284298815,10
1765,435.13045981776406,102.76149237281167,10
1766,435.40419372396326,102.90404757846679,10
1767,435.5967188271235,102.92065021873564,10
1768,435.9247815844459,102.85503857537579,10
1769,436.05572589371303,102.79303332752349,10
1770,436.2214101320048,102.71156770818018,10
1771,436.3296991136778,102.72718998453252,10
1772,436.5805627766781,102.87287070779131,10
1773,436.7495007236763,102.91973056206324,10
1774,436.9428927212715,102.99352187029737,10
1775,436.9495222598377,102.99006868856647,10
1776,437.1093559402585,103.15295875284504,10
1777,437.32193093119275,103.06383631910555,10
1778,437.5721197521174,103.07572455603318,10
1779,437.9239633252566,102.95408176437121,10
1780,438.2000914403692,102.98761026987175,10
1781,438.4682119777858,102.88351076233668,10
1782,438.7963136685461,102.82805143882764,10
1783,439.167300904801,102.839939266521,10
1784,439.33388536469056,102.74354383295018,10
1785,439.72625994316803,102.76482873777809,10
1786,439.917889370734,102.84010143050705,10
1787,440.25415436131897,102.91573148680114,10
1788,440.4852779882058,103.1010879350677,10
1789,440.59786674466324,103.18387721568915,10
1790,440.6917270309855,103.24313029046503,10
1791,440.86931685683373,103.30605065301603,10
1792,441.18288429226305,103.42917358985474,10
1793,441.3508263096455,103.64494679692446,10
1794,441.66175194097275,103.76525528771054,10
1795,441.8167942853396,103.91732247171387,10
1796,442.07563921255525,104.0766109822263,10
1797,442.16438900774017,104.15635018122529,10
1798,442.31362392845597,104.31296300247698,10
1799,442.64765588193086,104.42553917876,10
1800,442.89647787076353,104.63808833199161,10
1801,443.04915516908204,104.72365412533655,10
1802,443.2675619638629,104.85343913102095,10
1803,443.4246257554563,104.94629039927693,10
1804,443.61396992522015,104.99838629501447,10
1805,443.7659067313878,105.08470801068061,10
1806,443.76969877330987,105.08463403413053,10
1807,443.9405663166858,105.18628198020176,10
1808,444.1058110805263,105.21827725777932,10
1809,444.43142898971547,105.24596171777748,10
1810,444.6185444844532,105.26449697004855,10
1811,444.86872104370894,105.28906074502358,10
1812,445.13704531217417,105.34627720757932,10
1813,445.3021430503135,105.37381481936085,10
1814,445.4319363330339,105.44024328283459,10
1815,445.5388780680696,105.3348356517984,10
1816,445.95281845203783,105.36155177762531,10
1817,446.3083591274896,105.29236918159404,10
1818,446.49612113230603,105.22582087523367,10
1819,446.71050721337815,105.32647955283524,10
1820,447.0819330864392,105.30653621562135,10
1821,447.3329591359151,105.29762980754582,10
1822,447.6011957064014,105.30997890074698,10
1823,447.604467852403,105.30895808165818,10
1824,447.7706467217642,105.49045611456317,10
1825,448.11782074406767,105.3829324206892,10
1826,448.53431551184497,105.22264426648809,10
1827,448.6851824566112,105.16220298225673,10
1828,448.99556831190756,104.99131494961887,10
1829,449.2532419025527,105.17665518751963,10
1830,449.5640454294823,105.1038191484134,10
1831,449.82150629677943,105.2593096403785,10
1832,450.11278289352293,105.13399255653671,10
1833,450.4478192532389,105.17130078537004,10
1834,450.80492437985083,104.97542284711652,10
1835,451.1496658361185,104.95653752556044,10
1836,451.3556896849338,104.82392557778884,10
1837,451.52343255994356,104.74714222144016,10
1838,451.91778161927675,104.71787653624261,10
1839,452.3348074924591,104.8036372521563,10
1840,452.6762804838362,105.09568438509949,10
1841,452.9287603799694,105.03551824967208,10
1842,453.3262079187495,105.0884176834347,10
1843,453.7793164419422,105.10898777734282,10
1844,454.1761912899615,105.1795458816932,10
1845,454.43006870970305,105.29596781927921,10
1846,454.7809699402188,105.09302676083927,10
1847,455.03618850743135,105.03556187473507,10
1848,455.1664787245548,105.08621359927017,10
1849,455.3782932661118,105.13813923304684,10
1850,455.6082686480149,105.05278694299805,10
1851,455.90060624296837,105.09628958144756,10
1852,456.15753596531914,105.10487189954824,10
1853,456.4060118897981,105.06477036075417,10
1854,456.5365911194758,105.21336673122435,10
1855,456.6460249851331,105.18999737899925,10
1856,456.79550481969954,105.18113262048341,10
1857,456.90102322523,105.20073994247495,10
1858,457.13826453174187,105.27558741411497,10
1859,457.3318215440019,105.36393872353807,10
1860,457.5440869629824,105.47358223060388,10
1861,457.65026305112053,105.49573165159985,10
1862,457.90262192489973,105.60156182323082,10
1863,458.13553171867954,105.51107292401186,10
1864,458.41686817102516,105.43039518356316,10
1865,458.58585816447857,105.64021074263094,10
1866,458.83647983273465,105.91226143776865,10
1867,459.0041742103307,106.02495697800936,10
1868,459.3418754503335,106.12062439791237,10
1869,459.6170721732211,106.26425410610749,10
1870,459.83038468657077,106.4124648921188,10
1871,460.1287917895206,106.4996982172175,10
1872,460.36016139491466,106.58617572390453,10
1873,460.52891135481843,106.70440725212904,10
1874,460.77187118845086,106.84094074107654,10
1875,460.9362697036224,106.91377920123838,10
1876,461.18820626230746,107.08708515118714,10
1877,461.441152145,107.17162081618073,10
1878,461.61218997580164,107.17416339149834,10
1879,461.8600596126574,107.17977009761452,10
1880,462.19253439711173,107.26118989920937,10
1881,462.3863602083899,107.32252554711125,10
1882,462.5965485834448,107.17463350900402,10
1883,462.78573971105936,107.09453870794407,10
1884,463.0153480999543,106.98701903529388,10
1885,463.1865775592531,107.01828167219978,10
1886,463.5548509405282,106.85797314011285,10
1887,463.6612150264791,106.85343055674228,10
1888,463.99498498355206,106.85397590179002,10
1889,464.2419126212732,106.9411571095274,10
1890,464.3938914322317,106.8653013976294,10
1891,464.6055109992253,106.92540326566909,10
1892,464.85607729655646,107.03874762618713,10
1893,465.048828265015,107.07224741716135,10
1894,465.134957045356,107.18741254392842,10
1895,465.22634886483195,107.19086637971375,10
1896,465.3967586282597,107.23212585712676,10
1897,465.7638447493602,107.08208383886799,10
1898,465.97461505114643,106.89649794136548,10
1899,466.3016459908875,106.7030614270087,10
1900,466.45278023227394,106.59843969169836,10
1901,466.67021417396666,106.53217114008929,10
1902,467.04729701955785,106.46260575400926,10
1903,467.4295616711427,106.66597420659066,10
1904,467.6262011988707,106.66537577232378,10
1905,467.859542852808,106.77783688503743,10
1906,468.0296985076552,106.75905286495353,10
1907,468.3069300935191,106.96178934608422,10
1908,468.504097301772,107.05492756081257,10
1909,468.9971875585864,107.24324362394538,10
1910,469.0819645882099,107.3423033327236,10
1911,469.31255560048686,107.44655221802307,10
1912,469.5599857036861,107.4594034062176,10
1913,469.66637462018497,107.44727447448705,10
1914,469.9392692655289,107.48574464527778,10
1915,470.3722880118159,107.61184878999016,10
1916,470.7223216430971,107.65486243755937,10
1917,470.997232041201,107.92480295295636,10
1918,471.3741532582402,107.92791870513014,10
1919,471.58910586899657,108.06189573042272,10
1920,471.7783209287639,107.98977509678319,10
1921,471.9723701303569,108.08682361749885,10
1922,472.2218977080077,108.22898158385296,10
1923,472.4110755737769,108.19897271489536,10
1924,472.6066742689728,108.2341125646644,10
1925,472.92633115110294,108.12510457441849,10
1926,473.13590739926974,107.88052341214159,10
1927,473.3630788191584,107.62438840628681,10
1928,473.68224711040375,107.57856900220949,10
1929,474.0847048440645,107.35797754388874,10
1930,474.3621550693832,107.21037542537697,10
1931,474.6748897569302,107.0749410186514,10
1932,475.01162934641536,106.84295709221209,10
1933,475.5205085487166,106.91616527064375,10
1934,475.8278587992428,106.89425208731139,10
1935,476.20125730889185,107.0687785397582,10
1936,476.61322092698117,106.9324955083509,10
1937,476.9481852987619,107.0516044830638,10
1938,477.1811035400443,107.03519372079197,10
1939,477.38975878036825,107.05787773792183,10
1940,477.5414661454095,107.10368739724214,10
1941,477.66137421512923,107.01329963801072,10
1942,477.9604160813516,107.13046365242194,10
1943,478.1111036558865,107.0626462737,10
1944,478.21800050284685,107.1491205205714,10
1945,478.4071759375038,107.16646048849287,10
1946,478.5379275422645,107.17586874734698,10
1947,478.79030948541487,107.2272915377215,10
1948,479.08456322189875,107.22037316939928,10
1949,479.23833826787893,107.20391231844602,10
1950,479.3097503305635,107.29491347680174,10
1951,479.4861064815357,107.43056374004249,10
1952,479.4937470816202,107.43633709781328,10
1953,479.68254702360525,107.41268974406083,10
1954,479.9305022676343,107.4743841934683,10
1955,480.0067780462461,107.50844793007735,10
1956,480.2013672206002,107.62275794996125,10
1957,480.2846740504794,107.73891155569046,10
1958,480.44861672243843,107.68452087260854,10
1959,480.69151524772917,107.6845979782746,10
1960,480.94921601195585,107.67468272572192,10
1961,481.30110449100385,107.82651447518073,10
1962,481.3894488053287,107.94262579995667,10
1963,481.7383296167468,108.00234311450498,10
1964,482.06710547755654,108.0332299948813,10
1965,482.18721708144466,108.06840815480193,10
1966,482.4221080953691,107.96070307782348,10
1967,482.5511563987569,107.94979596282654,10
1968,482.70228045264895,108.0447474792204,10
1969,483.0309671906337,107.90757457358566,10
1970,483.2626540512505,107.93957131543748,10
1971,483.4267466246655,108.01295987190632,10
1972,483.6748897858206,108.08388989797585,10
1973,484.046506763366,108.12163542367652,10
1974,484.2800471367438,107.92707479402863,10
1975,484.51451846580704,107.95289954584628,10
1976,484.8104452320508,107.8973145742283,10
1977,484.898548592202,108.01690626253627,10
1978,485.11426207606553,108.03940711681227,10
1979,485.302891992451,107.87078041476346,10
1980,485.6299605997783,107.74484551504251,10
1981,485.7987514875478,107.79545349013624,10
1982,485.9628467314409,107.65656949780207,10
1983,486.1336377567239,107.47031022021244,10
1984,486.32157150857336,107.31277754490678,10
1985,486.72934531776156,107.20747787629489,10
1986,486.9641103859394,107.14055237876983,10
1987,487.1749143565664,107.1201598843298,10
1988,487.4483791583201,106.93280502373831,10
1989,487.8833721302209,106.74048468517816,10
1990,488.25403050795455,106.64051479961432,10
1991,488.63014765913465,106.59915097691791,10
1992,488.96274267602894,106.58518263083616,10
1993,489.27907447745645,106.6348222538056,10
1994,489.65307454503784,106.62888809082925,10
1995,490.0656508815503,106.43886126328512,10
1996,490.2446005423682,106.51989542665453,10
1997,490.53915529791055,106.49681514900564,10
1998,491.0930959333688,106.62336167538515,10
1999,491.4283308990686,106.69087841191585,10
2000,491.6170199252776,106.72656016808915,10
2001,491.89553886009105,106.63675832366239,10
2002,492.29550610453305,106.63613083936353,10
2003,492.6936771135723,106.81910458640894,10
2004,493.1528882923344,107.04216174343419,10
2005,493.66445527979033,107.23012671254904,10
2006,493.9339528320953,107.17619258561018,10
2007,494.17898622052553,107.3773304597961,10
2008,494.28562466825025,107.3819305245257,10
2009,494.3710417144554,107.5093657635232,10
2010,494.53670435797085,107.6595612257501,10
2011,494.6670700108667,107.68080160080598,10
2012,494.8798621361364,107.81183924283589,10
2013,495.1263232963781,107.79237435421105,10
2014,495.32857162993116,107.73251950644216,10
2015,495.442151023493,107.65290955272528,10
2016,495.5759550250076,107.56067862543296,10
2017,495.7466297248519,107.39200671593275,10
2018,496.06198185894544,107.39385510214392,10
2019,496.32183978947177,107.46404564325381,10
2020,496.5189933616396,107.37125514194544,10
2021,496.8928115356295,107.30658406928188,10
2022,497.22590676990814,107.30083383240671,10
2023,497.5224495404741,107.22224014824354,10
2024,497.8721850201174,107.03772882634583,10
2025,498.2219359192568,107.08002050323007,10
2026,498.3882601312471,107.10446294090491,10
2027,498.49943963020166,107.03478889753163,10
2028,498.7624002138089,107.03342874284822,10
2029,498.91921968004027,107.00785992713195,10
2030,499.1346380540458,107.10439888518484,10
2031,499.3244026507756,107.22246266159216,10
2032,499.6687055279769,107.1613864896273,10
2033,499.8330532803587,107.12247331903215,10
2034,500.00861938844446,107.23148689854943,10
2035,500.182617411306,107.3069451708685,10
2036,500.51092107705654,107.29473442410004,10
2037,500.91643586284744,107.33236250566613,10
2038,501.32845802798164,107.5221602852009,10
2039,501.68249400487275,107.86779777680029,10
2040,501.93302887089413,108.16364805982421,10
2041,502.19288401266203,108.29214669519074,10
2042,502.491218586641,108.36052772425373,10
2043,502.73186394618267,108.50956016090835,10
2044,502.9788194327346,108.60736161003155,10
2045,503.1115765062888,108.5635717018522,10
2046,503.24285484583487,108.46546947144532,10
2047,503.43026793726256,108.5086705863189,10
2048,503.69582390549584,108.25931956717815,10
2049,503.96682353730375,108.33599458524714,10
2050,504.15239106263095,108.42260142645337,10
2051,504.5485362197634,108.43354244992804,10
2052,504.97122229751466,108.44638397384445,10
2053,505.2833795987984,108.47227244600383,10
2054,505.6775918040186,108.4175943045978,10
2055,506.0045332488473,108.41686128582757,10
2056,506.27315237695814,108.40155104587288,10
2057,506.59604026427917,108.18947106823767,10
2058,507.00384010107575,107.90736654022731,10
2059,507.26987234101864,107.90157835245746,10
2060,507.4780877419803,107.836631711354,10
2061,507.62970734577374,107.84948643721404,10
2062,507.83874411093984,107.68789508184219,10
2063,508.1329513790729,107.46809518924265,10
2064,508.4314033791541,107.4718519513739,10
2065,508.8683113814294,107.47588389388319,10
2066,509.19218587200004,107.29456678307955,10
2067,509.44510696578465,107.24416812780636,10
2068,509.8385247829301,107.0563839917926,10
2069,509.96985943055245,107.05338486157154,10
2070,510.2255677036578,106.92631124980389,10
2071,510.4369267513022,106.73444807277752,10
2072,510.6494520870416,106.78055072763547,10
2073,510.8407504356008,106.71123709186743,10
2074,511.06686292186885,106.66383083093227,10
2075,511.39522423018536,106.68928202052717,10
2076,511.5509880634628,106.54394113333176,10
2077,511.9038254898875,106.46889665084095,10
2078,512.2320512021203,106.48321485190459,10
2079,512.4785259319599,106.37226924158028,10
2080,512.9885968502588,106.27339976228964,10
2081,513.1559654056109,106.31170440033125,10
2082,513.4287264787583,106.32786617329445,10
2083,513.6566288513578,106.26999931043848,10
2084,513.988771365693,106.47723982114586,10
2085,514.4262135441058,106.44792986607082,10
2086,514.6381216448866,106.29795921419598,10
2087,514.9062191393735,106.21597867526899,10
2088,515.0652670854112,106.26206113616028,10
2089,515.3766063690588,106.17784428570134,10
2090,515.6710524901147,106.1876795743049,10
2091,515.7246832835577,106.13879093524595,10
2092,516.0545525374282,106.29066561350814,10
2093,516.54756942603,106.22829866030564,10
2094,516.7362564131083,106.20811805354187,10
2095,517.0033949334054,106.01112717740986,10
2096,517.2108601916083,106.00245708001009,10
2097,517.2934785457894,105.95824837645459,10
2098,517.6167801266552,105.67081507585694,10
2099,517.6881099880914,105.64860447818894,10
2100,517.8378133074618,105.50866294731293,10
2101,518.0504677329682,105.37221686321206,10
2102,518.1663439650722,105.34715393560442,10
2103,518.3804603809392,105.38924001216672,10
2104,518.6009881915148,105.5966159517419,10
2105,518.9729896831399,105.65999277620126,10
2106,519.3019316474004,105.55921029514322,10
2107,519.8160305339023,105.59353527274658,10
2108,520.2710898245298,105.65857194696252,10
2109,520.4435055277016,105.7050788785781,10
2110,520.734213142867,105.90802607398405,10
2111,520.9243384361514,106.01810979331434,10
2112,521.1967696324385,106.15609569875873,10
2113,521.5121881546527,106.24974334370314,10
2114,521.6280854768565,106.30123750244961,10
2115,521.9205491052398,106.36794640690403,10
2116,522.2117122813917,106.40092070621508,10
2117,522.5852229303068,106.55048687335224,10
2118,522.7162815013785,106.53118037150921,10
2119,522.8811965562436,106.5138257274081,10
2120,523.2069148538844,106.6399442694856,10
2121,523.3939084871631,106.7752683564904,10
2122,523.5224631366708,106.8597318657701,10
2123,523.7076938370476,106.96314815549731,10
2124,523.83442752457,106.97530393562283,10
2125,524.0412468646334,106.92812312531909,10
2126,524.1357347880374,106.92743382610439,10
2127,524.2681922718514,106.88407620200009,10
2128,524.418918892374,106.98027097307937,10
2129,524.707493484127,106.91636871192203,10
2130,524.8975554190268,106.93967256811483,10
2131,525.2465415545761,107.04570768358747,10
2132,525.3537612554795,107.11498886774895,10
2133,525.70490778556,106.97455910304795,10
2134,526.029027354138,106.80960094737837,10
2135,526.3006168997899,106.89450362000383,10
2136,526.5530013199432,107.16623194191574,10
2137,526.8792806494044,107.0659369395673,10
2138,527.1525968347152,107.14968812325597,10
2139,527.3414644152593,107.29784104514978,10
2140,527.5162682506395,107.24378895769526,10
2141,527.666373443164,107.43126087196954,10
2142,527.7961719847342,107.54316792001066,10
2143,528.0272102461931,107.74710005392632,10
2144,528.3406970682348,107.99665796327473,10
2145,528.6036779152846,108.14331271070537,10
2146,528.7559593004545,108.17580538485555,10
2147,528.9465487714735,108.27718812857402,10
2148,528.9784602609869,108.28684465578992,10
2149,529.2292475441857,108.31043970637243,10
2150,529.4198958788304,108.27597530028379,10
2151,529.6258524049197,108.43696195043552,10
2152,529.7084105029608,108.48164489686076,10
2153,529.9557668049736,108.59288100349701,10
2154,530.3255090317386,108.68915211584876,10
2155,530.51476569074,108.80544693805763,10
2156,530.8410810341554,109.03038318215518,10
2157,531.0904881506278,109.00260666782815,10
2158,531.2747630850997,109.14443117703591,10
2159,531.3807264974928,109.14120076618467,10
2160,531.5508640239195,109.35582234183924,10
2161,531.8405239381952,109.51800946254713,10
2162,531.8721159628291,109.52882397043064,10
2163,531.958796624451,109.59235084694846,10
2164,532.2874302728576,109.58442208636556,10
2165,532.6574160757891,109.75585891742105,10
2166,532.8490064082036,109.80104102738488,10
2167,533.1457949028097,109.83342675105722,10
2168,533.5732829464858,109.97244918250688,10
2169,533.7008834334863,109.96078822660188,10
2170,534.1688541307597,109.88957768150968,10
2171,534.2777149105698,109.83270720562855,10
2172,534.531246566566,109.80102739266846,10
2173,534.6647360132644,109.8424277677419,10
2174,534.7889016103849,109.8841567116688,10
2175,534.9218991902052,109.99726570421566,10
2176,535.1548489239442,110.16963759159451,10
2177,535.3231930797011,110.04730383313185,10
2178,535.5428022571044,110.09222195077706,10
2179,535.6745489825732,109.98563285384135,10
2180,535.7073784873762,109.98046278048214,10
2181,535.8811113912725,109.82408801084567,10
2182,536.1494012643088,109.79947136567759,10
2183,536.2601049457915,109.94703182372164,10
2184,536.2653674328324,109.94761107548234,10
2185,536.460499436965,109.92030420594467,10
2186,536.8103915583514,110.00995605808312,10
2187,536.9983963616098,110.0252867973882,10
2188,537.2044124911532,110.05263984677661,10
2189,537.395305804207,110.1050449235151,10
2190,537.6843994447219,110.08018473476156,10
2191,537.8136609415731,110.03951199211448,10
2192,537.9877051996024,110.16332627937025,10
2193,538.1754179153852,110.22489019980924,10
2194,538.4477160917253,110.19323118029574,10
2195,538.5303673720301,110.24136692628718,10
2196,538.6378486083346,110.32547743266242,10
2197,538.7710005510319,110.31412243618671,10
2198,538.9668033509486,110.55340816037463,10
2199,539.0782636202364,110.70058755868001,10
2200,539.2407966884202,110.60297033782366,10
2201,539.4803938701832,110.55668638462997,10
2202,539.5640975082376,110.4982154671323,10
2203,539.8042692610248,110.45654260839828,10
2204,540.1536460144345,110.51793953200965,10
2205,540.341667715268,110.6329845121391,10
2206,540.6039142353391,110.83676833156686,10
2207,540.7710173738085,110.67711427206564,10
2208,541.0694884737977,110.79957507238001,10
2209,541.2423676123319,111.03702628578048,10
2210,541.3275247161506,111.17385157482956,10
2211,541.5341884014463,111.20944039406669,10
2212,541.6196990474971,111.10551314542829,10
2213,541.8711963240497,111.04424583811738,10
2214,542.00710059242,110.99376880521386,10
2215,542.3474752331607,111.18065834309127,10
2216,542.8032968034207,111.29610485829045,10
2217,543.1792134424123,111.46983723447549,10
2218,543.494677086738,111.61320932952354,10
2219,543.7117360970631,111.70390373093359,10
2220,543.7378823250702,111.6794504500508,10
2221,543.868368979912,111.53791242174016,10
2222,544.0029935085985,111.5046559381783,10
2223,544.3009998230187,111.50596479707022,10
2224,544.3531052457013,111.55579780165382,10
2225,544.3992185804499,111.49876616768421,10
2226,544.5723703542637,111.39275993816749,10
2227,544.7371390042546,111.4243503707398,10
2228,545.0934429872932,111.57732836495674,10
2229,545.2014567141803,111.59535819551871,10
2230,545.3657983441351,111.63200339299077,10
2231,545.7615664926873,111.75223610086894,10
2232,545.8681466852662,111.7836670850609,10
2233,546.1360241775991,111.84628871182068,10
2234,546.3874267314334,111.87125310927316,10
2235,546.6534437306693,111.98056016152843,10
2236,546.981043653551,112.14948741768104,10
2237,547.1075688739716,112.24556876578652,10
2238,547.1908475287348,112.29488127950533,10
2239,547.2829461971867,112.42764118513556,10
2240,547.2889702120763,112.43111542583799,10
2241,547.4557456833609,112.51065683947486,10
2242,547.5449385581068,112.65000592964441,10
2243,547.6556484839365,112.77541140948362,10
2244,547.6846902857067,112.76090385232621,10
2245,547.713530572368,112.74115404395204,10
2246,547.7667862563892,112.74465419527907,10
2247,547.8150030737431,112.73746803442626,10
2248,547.846363567553,112.71061749787876,10
2249,547.998867240732,112.73618487125145,10
2250,548.025912272104,112.76550203501455,10
2251,548.0501429850872,112.78890435939024,10
2252,548.0760225470648,112.76155467371187,10
2253,548.100778024984,112.73323577650758,10
2254,548.230917822066,112.76946861976856,10
2255,548.3012149732889,112.74450961343825,10
2256,548.3870997136144,112.65375652144512,10
2257,548.5583337004475,112.71402026948628,10
2258,548.7263444739899,112.52115902620403,10
2259,549.0597032548684,112.41359178729101,10
2260,549.3328070348738,112.34436122559164,10
2261,549.5819683063405,112.29795982304931,10
2262,549.8263491493324,112.25295015881599,10
2263,549.9122117325234,112.1658318438218,10
2264,550.1223574862163,112.13005761771282,10
2265,550.3548551664751,112.30869662295663,10
2266,550.4366032847358,112.35936130935168,10
2267,550.4709148233726,112.36423338755736,10
2268,550.6342141774293,112.49425018271582,10
2269,550.7993261938557,112.48880114183501,10
2270,551.0013217658075,112.48942831833449,10
2271,551.1719549949023,112.47021772345121,10
2272,551.4991156708353,112.28229357108674,10
2273,551.594459673802,112.17601116423516,10
2274,552.0318494292803,112.1473218154232,10
2275,552.3850960918478,111.97788874346325,10
2276,552.8206383385985,112.02207166140288,10
2277,553.0535787561603,112.00716637857428,10
2278,553.2604105908063,111.8929468545627,10
2279,553.7124221058077,112.04216951398277,10
2280,554.0010030663102,112.07734536741702,10
2281,554.2125272416063,112.19825940689498,10
2282,554.6508704399413,112.56877685223387,10
2283,554.9992677019075,112.65739655737578,10
2284,555.2509407994723,112.67495467629308,10
2285,555.5783616831188,112.77833106177852,10
2286,555.9298108771147,112.92127304943322,10
2287,556.1026979087547,113.06714557231213,10
2288,556.4149914096269,113.15608169464372,10
2289,556.7180070874643,113.16398674192695,10
2290,556.8957914995945,113.35674213283882,10
2291,557.1274752885406,113.51565205370615,10
2292,557.4775766259885,113.56602804661489,10
2293,557.882476289051,113.52925682921465,10
2294,558.2227010360862,113.8264858779589,10
2295,558.5195542854766,114.14716408099324,10
2296,558.938567099301,114.35077374951122,10
2297,559.1977804615578,114.6584056555481,10
2298,559.3923106161756,114.82617224186485,10
2299,559.7171221184308,114.99119509295791,10
2300,559.8860304703419,115.0311260750633,10
2301,560.1567411082573,115.09047160668845,10
2302,560.389030663079,115.18931919834237,10
2303,560.6939861665157,115.24948577567206,10
2304,561.0963405961761,115.33648743188937,10
2305,561.4689461342434,115.39531427357724,10
2306,561.9249805479872,115.55848287586221,10
2307,562.3585803624753,115.64900820862407,10
2308,562.6270741621466,115.77931451084085,10
2309,563.1392576965138,115.77844177824653,10
2310,563.6734782147264,115.78899597056123,10
2311,563.921489891605,115.87716295681795,10
2312,564.192329692392,115.83620914846098,10
2313,564.5160865538967,115.7744153420262,10
2314,564.867328172196,115.98791434806195,10
2315,565.2393733654118,116.12394642719876,10
2316,565.6328444687091,115.97321772363905,10
2317,565.8664939195878,115.97349398799696,10
2318,566.1146527447842,115.98726604643292,10
2319,566.4360350255444,115.94276571925069,10
2320,566.8295592227962,116.27891799199621,10
2321,567.4806869081533,116.43704656532219,10
2322,567.8942838652822,116.54185968795647,10
2323,568.2468721303939,116.74557424842952,10
2324,568.5459127870715,116.8429238741996,10
2325,568.7384969576157,117.04072266820666,10
2326,569.0880546295771,117.11984025208582,10
2327,569.5046468452515,117.1888275815754,10
2328,569.8563018918439,117.20390118761232,10
2329,570.1695855596861,117.372922481184,10
2330,570.503370252626,117.72092333772747,10
2331,571.0149602624267,118.05211481697148,10
2332,571.350406120659,118.20932990766296,10
2333,571.7809824639324,118.54601367219655,10
2334,572.3529277168562,118.81078085151032,10
2335,572.4877688676254,118.7611697033689,10
2336,572.8821016261846,118.75894438169537,10
2337,573.1771142408954,118.92110272531009,10
2338,573.3385388936579,118.93463239262229,10
2339,573.506758703858,118.9719766726219,10
2340,573.8393588292809,119.34205085173681,10
2341,574.1939806479743,119.64327663426229,10
2342,574.5645145789979,119.9932388727725,10
2343,574.6902769238068,120.11196587993875,10
2344,575.1027530507292,120.41771272707524,10
2345,575.4793092196167,120.68543270304629,10
2346,575.6090645623018,120.85461117895608,10
2347,575.9049076876704,121.09175011933623,10
2348,576.1812908846257,121.28585932524277,10
2349,576.6057136427478,121.37621815155927,10
2350,576.8519044039045,121.4447720315283,10
2351,577.1005295381308,121.49306874215532,10
2352,577.335116991842,121.7356976269309,10
2353,577.5965422744946,121.90256432771064,10
2354,578.0085603428331,122.02425954344187,10
2355,578.4154653780939,122.13748926182556,10
2356,578.786858825442,122.32856940079208,10
2357,579.1145287156021,122.30100166926204,10
2358,579.4905445630932,122.5216416757807,10
2359,579.7303754004813,122.5851866303328,10
2360,579.878877831675,122.68825176947335,10
2361,580.1490921493407,122.63101595375261,10
2362,580.2390368515487,122.72828547003536,10
2363,580.4209583036627,122.75181527383243,10
2364,580.6925432864107,122.6688552338238,10
2365,580.9458584473371,122.6169538778391,10
2366,581.2938719206322,122.83898340239851,10
2367,581.6467159704042,123.04359326184141,10
2368,581.87513027329,123.10814367553795,10
2369,582.1675038442902,123.27387035499684,10
2370,582.3908930861826,123.20039191758502,10
2371,582.689499179551,123.424628027639,10
2372,582.9511929167268,123.57108126176999,10
2373,583.1047074684415,123.72159115469113,10
2374,583.3523769316939,123.81452261293677,10
2375,583.56194131522,123.78331367406895,10
2376,583.7725193405479,123.79708385213058,10
2377,584.0971889592656,123.83980442252789,10
2378,584.4084688816777,123.74289005599032,10
2379,584.6467989961728,123.87185417162904,10
2380,584.8962353159434,123.92128365091504,10
2381,585.2227972558383,123.73978936404386,10
2382,585.4716687437169,123.87866166851204,10
2383,585.6500655951502,124.0608767297072,10
2384,586.0272944392194,124.25888310021186,10
2385,586.1355352362467,124.37230263443412,10
2386,586.3891547406898,124.60879788718981,10
2387,586.5795629397246,124.77579602067786,10
2388,586.7296986459837,124.66214047323422,10
2389,586.9904605176864,124.67015580251474,10
2390,587.1464019256264,124.88535833817686,10
2391,587.2384841967097,125.02493658974225,10
2392,587.3517793206413,124.95601866304199,10
2393,587.5866745764804,125.08230604241719,10
2394,587.592945295945,125.08103016028168,10
2395,587.725182577819,125.1760293068654,10
2396,587.7844614172565,125.23898868959216,10
2397,587.9579099737874,125.48318928830138,10
2398,588.0649277093659,125.59741368621977,10
2399,588.1795974261062,125.73253904319135,10
2400,588.2415128364246,125.73962429165005,10
2401,588.433848326847,125.8157949448819,10
2402,588.5794663804066,125.810341481238,10
2403,588.5834656491785,125.81117103358325,10
2404,588.587264593092,125.8086250302593,10
2405,588.835259570714,125.8892224092795,10
2406,589.1667184821226,125.83921217548345,10
2407,589.6361422917327,125.84557500339876,10
2408,589.8830856996605,125.79892669766313,10
2409,590.0467860074446,125.78856782290454,10
2410,590.3717564488645,125.58896454473287,10
2411,590.7854455118301,125.46243713867797,10
2412,590.9950431882718,125.45364672741111,10
2413,591.2721736595042,125.47093034362575,10
2414,591.5812967679055,125.33817871020939,10
2415,591.8100691860654,125.27317474973445,10
2416,592.3091117319798,125.5279908406334,10
2417,592.6271654431074,125.68687220406369,10
2418,592.9015389954219,125.73906255059543,10
2419,593.1780427917764,125.95497008961203,10
2420,593.294059155867,125.96846865713994,10
2421,593.6648755264935,126.0432991289113,10
2422,593.7731284825733,126.0212280824199,10
2423,593.8564525434747,125.95701109885758,10
2424,594.0244315974229,126.03471051098258,10
2425,594.0280779163014,126.03494863070367,10
2426,594.155843973934,125.95187128339647,10
2427,594.2076991586334,125.93356977461832,10
2428,594.2133784372982,125.93837372441803,10
2429,594.3782058102522,125.93605932298118,10
2430,594.468625692373,126.00438801866241,10
2431,594.4983199433308,125.97985589982798,10
2432,594.5041869372283,125.9835378725786,10
2433,594.5067512726049,125.98351857607284,10
2434,594.511469147031,125.98226740120683,10
2435,594.5187507687378,125.98219185720474,10
2436,594.6074627279183,125.88717481980417,10
2437,594.7759674924165,125.7865841210285,10
2438,594.8820970339314,125.69951693060175,10
2439,594.9714718026723,125.84621259027288,10
2440,595.1373185796136,125.74903571764597,10
2441,595.1886569136667,125.77334116881285,10
2442,595.2361243422796,125.7884187245647,10
2443,595.2677453764533,125.7863786939682,10
2444,595.3591313917647,125.75315049912021,10
2445,595.3869050739296,125.7267996197295,10
2446,595.4935665421935,125.72992837025949,10
2447,595.5215214818408,125.7019801235557,10
2448,595.627508344534,125.70307786806413,10
2449,595.6326750315046,125.70600595770806,10
2450,595.6806217216911,125.65883368871798,10
2451,595.932063607321,125.73903615930993,10
2452,596.178684334335,125.57587187124095,10
2453,596.3687860076957,125.4029415169655,10
2454,596.4991167318028,125.26481901051345,10
2455,596.5334490403279,125.28969657169544,10
2456,596.618070482804,125.19469269498302,10
2457,596.7872293691607,125.16566908724232,10
2458,596.9572357413026,125.12302935541473,10
2459,596.9914675880862,125.13230686998399,10
2460,597.0765579234096,125.18803984837572,10
2461,597.1072926826162,125.15525458889418,10
2462,597.2184763426601,125.18845275709326,10
2463,597.3673321414107,125.07483856260318,10
2464,597.3691864324401,125.07534392976982,10
2465,597.5319985067392,125.07265450007921,10
2466,597.5355250508899,125.07459738067962,10
2467,597.6990079578698,125.07068975270238,10
2468,597.8863482642286,124.93225647384996,10
2469,597.9909142573752,124.85453461502019,10
2470,598.0145586027071,124.82747033224341,10
2471,598.1036653386819,124.86202107734852,10
2472,598.2687114873075,124.79610961625893,10
2473,598.5555420559477,124.73819340764686,10
2474,598.7245388873295,124.83004507464369,10
2475,598.8108049617598,124.7430809246287,10
2476,599.0782410425657,124.78192803775954,10
2477,599.4032245875865,124.68024995889876,10
2478,599.6715309592086,124.72261922846843,10
2479,599.9405056130303,124.88417813959491,10
2480,600.2336230692443,124.9302297848579,10
2481,600.5046966570729,125.15974017642282,10
2482,600.8050619588297,125.20471014307776,10
2483,600.8931096369737,125.18565826961931,10
2484,600.8963299382154,125.18404137610871,10
2485,600.9405286895601,125.13177883185799,10
2486,601.0332953098662,125.04155789436334,10
2487,601.1175310076908,124.94402128822905,10
2488,601.2095538830338,124.93785182597077,10
2489,601.3693654135761,125.04523303275181,10
2490,601.510333492268,124.95243099322306,10
2491,601.7257535793267,125.13585170700787,10
2492,601.935727461281,125.15668198923625,10
2493,602.1489600352883,125.18213750961303,10
2494,602.4021739228267,125.1542826781457,10
2495,602.5312664686793,125.10151943172002,10
2496,602.8432760377284,125.11143551254314,10
2497,603.0387713811799,125.05664894248206,10
2498,603.2310481395259,125.16532946124335,10
2499,603.5052734273423,125.44734473142378,10
2500,603.6698580313736,125.50571849588826,10
2501,603.7729765664078,125.56068377458,10
2502,603.9714272714319,125.70577293525484,10
2503,604.1474380548478,125.86423745806395,10
2504,604.3208102028594,126.0654191417784,10
2505,604.4071660490238,126.20106967822545,10
2506,604.5146646759746,126.3600634092913,10
2507,604.8038419801596,126.5086893124132,10
2508,604.8951245937699,126.64347592348841,10
2509,605.0482134996496,126.58356545779077,10
2510,605.3156790731989,126.72311290926284,10
2511,605.5906594534249,126.84270765846888,10
2512,605.7531502602867,126.82792506012561,10
2513,606.0015314576193,127.06635832581462,10
2514,606.1111616735145,127.1021870079499,10
2515,606.3022001307975,127.23846720362482,10
2516,606.5756765136227,127.35608574564554,10
2517,606.6879811545549,127.44706513074244,10
2518,606.9010465978342,127.47719340704643,10
2519,606.9925294231049,127.5239950996184,10
2520,607.2723161636005,127.70075430529002,10
2521,607.5952557270906,127.76310637313863,10
2522,607.921363195677,127.67015660099821,10
2523,608.3613970046571,127.80605630458508,10
2524,608.7314425644843,127.88466395162705,10
2525,608.8266057488589,127.8727761386175,10
2526,609.0386270037219,127.67235839750171,10
2527,609.1744100530707,127.6051139312501,10
2528,609.4216002407829,127.80325740899006,10
2529,609.5964146281425,127.92566958631978,10
2530,609.7904042194043,128.07065898460849,10
2531,609.8710117822591,128.08071626943627,10
2532,610.1364779241202,127.98286117496892,10
2533,610.3020282064944,127.96472828175246,10
2534,610.5501167781109,128.16856858512983,10
2535,610.7405368476664,128.30726712461487,10
2536,610.9880144656898,128.50987294975855,10
2537,610.9959186957035,128.50526525971875,10
2538,611.2028466456093,128.4995432321111,10
2539,611.4615503067062,128.65313824469243,10
2540,611.6769647896318,128.82095759710694,10
2541,611.7846836769352,128.90253251524894,10
2542,612.019135705905,129.05985442001983,10
2543,612.1109099231707,129.15938404741024,10
2544,612.2860686487221,129.24444931410585,10
2545,612.371586854902,129.281564477328,10
2546,612.4465228027193,129.34839833211387,10
2547,612.6571120684204,129.58708278796556,10
2548,612.7903324164771,129.65611164012623,10
2549,613.033955312004,129.76512009917948,10
2550,613.3049632251939,130.00807176968786,10
2551,613.5511388425135,130.04664251422182,10
2552,613.6814480079718,130.15276375590787,10
2553,613.7287803699681,130.19133451336458,10
2554,613.8249907645774,130.2429111827973,10
2555,613.9860371043336,130.3967857062171,10
2556,614.2216889848793,130.69121522556853,10
2557,614.3482896612137,130.8674032394918,10
2558,614.503869946779,131.02397763606672,10
2559,614.6406413943415,131.1654118017014,10
2560,614.829693614318,131.1849510775617,10
2561,615.0833403490636,131.45155704665734,10
2562,615.3291450050136,131.76052020261244,10
2563,615.5144711106376,131.97012089042863,10
2564,615.7236806537005,132.10321901638326,10
2565,615.9527529007712,132.06837096696233,10
2566,616.2019939050058,132.17935897608527,10
2567,616.5260358420758,132.32929253220118,10
2568,616.5330064795437,132.3240063570197,10
2569,616.6194292702198,132.40031221776522,10
2570,616.7881214976667,132.37959640928494,10
2571,616.9013147836087,132.53743527641942,10
2572,617.0676451509428,132.5779589453802,10
2573,617.154772797019,132.64627351378218,10
2574,617.3478651612638,132.90311324684808,10
2575,617.6782656933335,132.88752920664132,10
2576,617.9230540284461,133.00403098050307,10
2577,618.0773524442997,133.0724740240615,10
2578,618.1718252136304,133.2027993301414,10
2579,618.3472471944033,133.06664913926696,10
2580,618.4873260075308,133.19488548719815,10
2581,618.5582044586349,133.20955793181568,10
2582,618.7071270555145,133.3712570344198,10
2583,618.838461928475,133.31354582047865,10
2584,618.926053027322,133.38801455501888,10
2585,619.0153611639582,133.5198524817955,10
2586,619.2261074523044,133.55503488279098,10
2587,619.5370901725101,133.68324256733547,10
2588,619.7000552818223,133.79273221573035,10
2589,620.0503311248257,133.92189283982896,10
2590,620.3987671387736,134.06215545167848,10
2591,620.5839776553139,134.2531137650756,10
2592,620.838631795714,134.3211466477961,10
2593,620.9900772724799,134.23798602285083,10
2594,621.3591124569042,134.30242349020594,10
2595,621.7544434935326,134.28074294976304,10
2596,622.1868331074468,134.36759471250346,10
2597,622.4760646749047,134.50472177240607,10
2598,622.6251362608035,134.6373278374941,10
2599,622.9725478502912,134.77803880708234,10
2600,623.0593241684502,134.91877475407935,10
2601,623.226912747741,135.09946068465632,10
2602,623.3147281937685,135.1835184255991,10
2603,623.4778377928571,135.40171863662385,10
2604,623.7213744674817,135.65570061293263,10
2605,623.9896661044592,135.92121204987836,10
2606,624.1032567651356,136.08558999850734,10
2607,624.3741188088983,136.167848777604,10
2608,624.6150730505601,136.07876032769576,10
2609,624.6976001574217,135.97840722712886,10
2610,624.7805908693481,135.8788393420533,10
2611,624.8646449191427,136.01925335184015,10
2612,624.88991956206,135.9892730372518,10
2613,624.9205074678288,135.96597689297582,10
2614,624.9463462665328,135.941042898779,10
2615,625.0296053679916,136.0239648358436,10
2616,625.1140323255428,135.93341298790267,10
2617,625.1978726778405,135.96998532072763,10
2618,625.2834646494094,136.0041829228922,10
2619,625.2881376115631,136.00324460529987,10
2620,625.2934438948872,136.00528032615577,10
2621,625.2994939002335,136.00585232157005,10
2622,625.3068920604067,136.00627578220403,10
2623,625.4175502128071,136.03593853233173,10
2624,625.4422234147764,136.02454724494177,10
2625,625.6074936394059,136.0176763238932,10
2626,625.7715317029185,135.9561717146736,10
2627,625.8804319963613,135.97680370745994,10
2628,625.8891998168878,135.9767629045256,10
2629,625.9725697841184,136.01384266307366,10
2630,626.1644317582832,135.98365015001698,10
2631,626.3313483085283,135.95085186039796,10
2632,626.6579860771291,135.78244471175537,10
2633,626.7708370996862,135.8976590758887,10
2634,626.9983111807553,135.7250410511653,10
2635,627.0918854546933,135.80975447846296,10
2636,627.1782631344398,135.90157491422488,10
2637,627.269586424009,135.93850765375257,10
2638,627.3237399635615,135.98714069041347,10
2639,627.5734558952788,136.17445800191666,10
2640,627.7030807924459,136.29931687468292,10
2641,627.8557604016369,136.38500271893233,10
2642,628.0916961205006,136.56172686187767,10
2643,628.2656625563725,136.6237046316224,10
2644,628.5746878769738,136.79331776042014,10
2645,628.8470145306552,136.7569910915123,10
2646,629.0818702457982,136.93794161246646,10
2647,629.4891898801994,136.99030067172663,10
2648,629.571506955844,136.89830729469998,10
2649,629.5814244900214,136.89208659357988,10
2650,629.7108847755237,136.9616675493765,10
2651,629.7854774449619,136.9649505923708,10
2652,630.0143093509143,136.9893523976572,10
2653,630.3036014976525,137.09332722605464,10
2654,630.5484550902972,137.14179328203412,10
2655,630.8955602710539,137.12004348265538,10
2656,631.1424207136623,137.18427477228875,10
2657,631.4921487389231,137.03211269699548,10
2658,631.577889960111,136.96690456797913,10
2659,631.8243070014025,136.99257562976413,10
2660,631.988193076503,136.8292996345097,10
2661,632.2565312464187,136.75191558793023,10
2662,632.7276279135875,136.67820221968492,10
2663,633.0829504280929,136.6534142834148,10
2664,633.3730191155091,136.70898634391824,10
2665,633.6660210361839,136.47016128789525,10
2666,633.8552507934079,136.29594073873,10
2667,634.1860766612663,136.2480094936435,10
2668,634.5130168212474,136.0590262903314,10
2669,634.7825999559584,136.0771056439635,10
2670,635.0503752838893,136.11125894448637,10
2671,635.3001964673256,136.19563571536764,10
2672,635.4660718610588,136.19922338022715,10
2673,635.596915440489,136.24681413232983,10
2674,635.8451625448347,136.35421767511357,10
2675,636.0112217919977,136.36356176844407,10
2676,636.3044966676849,136.35036977111827,10
2677,636.556112300923,136.39684565489375,10
2678,636.6650127730016,136.46617499080085,10
2679,636.7514270193022,136.5651517761224,10
2680,637.0842102114034,136.51141964660812,10
2681,637.4136592699614,136.4266244503536,10
2682,637.6615121761362,136.44172992290228,10
2683,638.0994590753498,136.35088788603827,10
2684,638.5984957719727,136.2884167733785,10
2685,638.9379882163419,136.38504592416965,10
2686,639.1288344479744,136.49966931824034,10
2687,639.5396885399384,136.3447340215731,10
2688,640.0343043812082,136.50815162444835,10
2689,640.3637659292984,136.56955151229778,10
2690,640.7798887055882,136.70060973351139,10
2691,641.0607643549217,136.7641718194031,10
2692,641.637352546525,137.00639487970946,10
2693,642.0985722482854,136.97929548941434,10
2694,642.3357732435724,136.96251531518442,10
2695,642.628045169711,136.91025414266852,10
2696,643.0601367687907,136.86276597591814,10
2697,643.2264234319798,137.0406217232397,10
2698,643.6855827224515,137.1172710526196,10
2699,643.9763337426914,137.0209374741977,10
2700,644.142625418091,136.98008346655735,10
2701,644.4779421361723,136.92297834744346,10
2702,644.5899988882638,136.81510734747616,10
2703,644.7287124643033,136.88053505553896,10
2704,645.0049863552828,136.75438531081872,10
2705,645.1812745717741,136.72280893342167,10
2706,645.4950265070223,136.6658472804816,10
2707,645.6877538100568,136.61092886435037,10
2708,646.0373680127283,136.5263773304121,10
2709,646.3093954414654,136.43331685341673,10
2710,646.4804239221836,136.43279056816516,10
2711,646.730751304455,136.49604198800603,10
2712,646.9240901497136,136.6353051097227,10
2713,647.0563450804651,136.6868816015693,10
2714,647.3082560741651,136.69197446777437,10
2715,647.6620984457907,136.8392081505599,10
2716,647.7694354183819,136.88928376530208,10
2717,647.9830051327865,136.87946266342007,10
2718,648.1696076982374,136.88665042526608,10
2719,648.3371071480464,136.76146231085008,10
2720,648.5851096000805,136.55257032482774,10
2721,648.6699301764286,136.49460808387667,10
2722,648.8314093442029,136.3716072747883,10
2723,649.0974243809528,136.18939291335727,10
2724,649.3463895817024,135.94638622991704,10
2725,649.4221451837395,135.96783191624723,10
2726,649.5388680489002,135.89495539286594,10
2727,649.6686953293814,135.82179700677074,10
2728,649.6722740935385,135.82217142789938,10
2729,649.7655514905525,135.76405582552096,10
2730,649.953578031261,135.62787551238046,10
2731,650.1232044027659,135.63654863827043,10
2732,650.3151688976126,135.65662318930939,10
2733,650.4227623430488,135.6239359936305,10
2734,650.5136607901916,135.70541939199165,10
2735,650.6105985976255,135.63952353579472,10
2736,650.7759197621583,135.8137810525316,10
2737,650.8599937933456,135.75286226739937,10
2738,650.9487297508092,135.85152900445436,10
2739,651.0317498650377,135.78994411341662,10
2740,651.2049165118348,135.81149854200658,10
2741,651.4375214172406,135.78141000924887,10
2742,651.6814522471329,135.5349063618154,10
2743,652.0140466687369,135.4015773089013,10
2744,652.1841464244619,135.42350920692073,10
2745,652.3760748517661,135.40588064155017,10
2746,652.5535664419094,135.40635429790825,10
2747,652.9615012709971,135.32740047579054,10
2748,653.1515402901406,135.33931465301598,10
2749,653.3133612501326,135.3290743876016,10
2750,653.5043987282173,135.13477565640156,10
2751,653.6403518352083,135.02671241760277,10
2752,653.8048239056258,134.8646724107045,10
2753,653.9901929657276,134.67221876993497,10
2754,654.0599759980975,134.61053169583792,10
2755,654.1867064586337,134.49935486014434,10
2756,654.2558602459296,134.43014393765685,10
2757,654.4851157044955,134.54845301694252,10
2758,654.611267109642,134.59128494430414,10
2759,654.7753194901697,134.60760494524882,10
2760,655.0186525097344,134.36388586093858,10
2761,655.2580375203793,134.3218567640924,10
2762,655.3397975405696,134.26140253823243,10
2763,655.4715888727166,134.24291828751183,10
2764,655.6326088343732,134.15495069472686,10
2765,655.7639915561161,134.0562419168099,10
2766,655.9764099039372,134.00010342484094,10
2767,656.1127263243518,133.88532173419384,10
2768,656.3080283220028,133.6913083278128,10
2769,656.5021127843182,133.52518571644663,10
2770,656.5957055907301,133.44509258326102,10
2771,656.7254901945751,133.5420039253237,10
2772,656.7789578016611,133.51326336518056,10
2773,657.0454032986266,133.416945821029,10
2774,657.0973741969894,133.42591525188723,10
2775,657.2047254244554,133.3460680473469,10
2776,657.4741132207811,133.3898062983035,10
2777,657.6788641746873,133.34228113330522,10
2778,657.7855697150892,133.45437313349416,10
2779,657.8673132720614,133.37240976550427,10
2780,658.1114644970673,133.1297483223422,10
2781,658.360894422903,133.09400921492164,10
2782,658.4484904590676,132.98765253785044,10
2783,658.4747875331404,133.0155494114811,10
2784,658.4839236311799,133.01339579095313,10
2785,658.777809064741,133.13158945589376,10
2786,659.0924985968351,133.22637870389804,10
2787,659.2570207768616,133.08753163358313,10
2788,659.3641120593442,133.0086809034427,10
2789,659.4715279578548,132.92605736222134,10
2790,659.4960465975472,132.9124587199855,10
2791,659.6065655455976,132.83930433450735,10
2792,659.6928732424642,132.784940736952,10
2793,659.803982191381,132.75013624992522,10
2794,659.8747443829502,132.72476233785545,10
2795,660.1180373436372,132.6139057236835,10
2796,660.4435469207888,132.4536854001564,10
2797,660.6092136488385,132.2725092780331,10
2798,660.85416341038,132.03366202479205,10
2799,661.1029752094821,131.8016734023206,10
2800,661.3691695364095,131.57495007467472,10
2801,661.4968083465944,131.512587812693,10
2802,661.7522221439754,131.29959215757972,10
2803,662.0243596866824,131.206815399493,10
2804,662.3154872320158,131.0579785595918,10
2805,662.5630141420431,130.98500892671672,10
2806,662.8773841609179,130.79497543635975,10
2807,663.0274809584831,130.7365034073413,10
2808,663.2152202162858,130.7298779576161,10
2809,663.5634502885804,130.93051907536704,10
2810,663.858110835429,131.05616244858768,10
2811,664.0406984407562,131.0391212298916,10
2812,664.1718962025818,130.89307372128954,10
2813,664.4196704991284,130.93351663181275,10
2814,664.5878731967205,130.75676583024966,10
2815,664.7767612722527,130.61579624461194,10
2816,664.9465362150597,130.46535642172995,10
2817,665.3191115649093,130.22986169114083,10
2818,665.4331226249067,130.27846906849211,10
2819,665.7023227061158,130.25998711431225,10
2820,665.8065914811857,130.32163921283797,10
2821,666.1782794465258,130.3347048207252,10
2822,666.475880778035,130.17491312880466,10
2823,666.7712485042412,130.24305702976613,10
2824,666.9345898428744,130.30934205834447,10
2825,667.1393991691526,130.16514354431098,10
2826,667.3104529942151,130.09334063092734,10
2827,667.5366670289695,129.95874472428306,10
2828,667.7302735914294,129.80051781030173,10
2829,667.9641884014081,129.6795250513129,10
2830,668.2305594051109,129.41688875349797,10
2831,668.4382834581354,129.4836783344477,10
2832,668.5739581398102,129.5587789412929,10
2833,668.7380351959539,129.3773297275537,10
2834,668.9070636198072,129.43055509215048,10
2835,668.9086429345573,129.43022743946645,10
2836,669.0448995094259,129.32375399175137,10
2837,669.1113734680043,129.38548266219496,10
2838,669.2376268074074,129.32560866684622,10
2839,669.3489263788624,129.27681883381533,10
2840,669.6156521927227,129.1919014514657,10
2841,669.7790697465656,129.06562662900035,10
2842,669.9859745945499,128.9369214672909,10
2843,670.1561008404858,128.84593607958465,10
2844,670.4024616139511,128.61552172078007,10
2845,670.5597922026592,128.5089539669972,10
2846,670.6866428145808,128.40813913042788,10
2847,670.9423645951387,128.41811105863934,10
2848,671.2293879185029,128.4372036973932,10
2849,671.316406022788,128.46884560971966,10
2850,671.4847467527566,128.51715756913467,10
2851,671.9556711397627,128.2999968512183,10
2852,672.2021996737816,128.16318212246242,10
2853,672.356009747373,128.05404525949317,10
2854,672.5842703088232,127.94031025689303,10
2855,672.8563332320703,127.89167454895757,10
2856,673.1032899737703,127.81623636009118,10
2857,673.2734712874691,127.84240369683239,10
2858,673.4644734658516,127.89879786744764,10
2859,673.7156973933854,127.79997622181494,10
2860,674.1241312177083,127.84294012874795,10
2861,674.6155450274931,128.02003059194146,10
2862,674.8879241303097,128.309654518292,10
2863,675.0774890912875,128.38816236498778,10
2864,675.2372069553174,128.3842441659907,10
2865,675.4617480469938,128.37997921990507,10
2866,675.6762934054025,128.27834277449654,10
2867,675.8348123588563,128.27025450399745,10
2868,675.9692969761711,128.21541798737485,10
2869,676.123810414377,128.13916243959454,10
2870,676.2389234795525,128.11333009469797,10
2871,676.3644144175627,128.0548636836068,10
2872,676.700435358036,127.85598085223378,10
2873,676.8906646159498,127.7050454032836,10
2874,677.1793529729229,127.47729264739641,10
2875,677.5157491829843,127.3728577231007,10
2876,677.665735100012,127.27303005288242,10
2877,677.8167684799907,127.20549882321853,10
2878,678.1147260707132,127.11030652357981,10
2879,678.4445549490472,127.13178364396555,10
2880,678.6910287831208,127.21849732360926,10
2881,678.9757554384325,127.21369998837521,10
2882,679.4278916201638,127.07160903037139,10
2883,679.7439629250872,126.95280426457794,10
2884,680.1352731695713,127.09952143628685,10
2885,680.4759948897914,127.1311178070472,10
2886,680.8529172192927,127.23934083920895,10
2887,681.0717341422258,127.2476148141348,10
2888,681.3660301484895,127.25224697336203,10
2889,681.6325873843085,127.14404093386428,10
2890,681.861410015337,127.05575651806696,10
2891,681.8895932678226,127.03406059908413,10
2892,681.9992640450274,127.1088564446612,10
2893,682.2488890602139,127.01893504352049,10
2894,682.4394808978816,127.18927125859439,10
2895,682.6864992988709,126.92292275241932,10
2896,682.8728194824077,126.91230369174967,10
2897,683.0361110028565,126.89077128738175,10
2898,683.209944125298,126.91811319479567,10
2899,683.4784762072975,127.03773185186945,10
2900,683.7481021040664,127.17342343580219,10
2901,684.1188465091024,127.10117683605722,10
2902,684.4416233308051,126.91662348767112,10
2903,684.6158806314259,126.9120714752151,10
2904,684.7935434178851,126.92167828627642,10
2905,685.1864202073979,126.75548707197356,10
2906,685.4533226085771,126.5164068576308,10
2907,685.7232451907929,126.6822568875912,10
2908,685.8882302512104,126.70633535444539,10
2909,686.2198006296624,126.74405304066396,10
2910,686.3484121294308,126.62162759351763,10
2911,686.5345848526426,126.58466297104229,10
2912,686.6523552170041,126.67786941523244,10
2913,687.0814668705149,126.6220541253049,10
2914,687.3133245488492,126.73650521882242,10
2915,687.7837319182456,126.84205716399516,10
2916,688.0917457323696,126.82329301756081,10
2917,688.3051273590779,126.80090373217698,10
2918,688.6313007580411,126.97009037691744,10
2919,688.6800304046963,126.9096452847692,10
2920,688.8327684062635,126.87934060728965,10
2921,689.0865067136444,126.96271011517909,10
2922,689.3338532942295,126.89668032848238,10
2923,689.6619955253534,127.02720960495245,10
2924,689.9061177166499,126.91733731143637,10
2925,690.2982226690034,127.01150671155824,10
2926,690.7078522911736,127.08047235328551,10
2927,691.0582180266512,126.90370003285513,10
2928,691.2271446506495,126.71509289370945,10
2929,691.3938730113545,126.66749124999833,10
2930,691.7206061894801,126.79506965972678,10
2931,691.8259035440076,126.7258124227092,10
2932,691.9971299112692,126.82361254062752,10
2933,692.2130058436867,127.02318708386639,10
2934,692.2969597828195,126.94964731183909,10
2935,692.4928586286258,126.93121418219263,10
2936,692.7457401431363,127.06132815388193,10
2937,692.8332740513658,127.16917548292537,10
2938,693.0803717901223,127.10070360978955,10
2939,693.2463969783059,127.13458770992855,10
2940,693.4949326222029,127.29592486199378,10
2941,693.6608215383897,127.24602126801874,10
2942,693.8313344512353,127.26030292766251,10
2943,694.001847999061,127.4231488282523,10
2944,694.1694216350238,127.62464402914286,10
2945,694.4159352657163,127.87255314973083,10
2946,694.6844761799632,128.01660529252516,10
2947,694.8182595605474,128.12933301391854,10
2948,695.2543190600112,128.2685911738986,10
2949,695.5257474999049,128.36232078646478,10
2950,695.8026394350718,128.45465940985602,10
2951,696.1357328941297,128.55258607420677,10
2952,696.403150072816,128.5673875976464,10
2953,696.5404222995933,128.68116154947225,10
2954,696.7290263731398,128.68821937548583,10
2955,697.0203430358689,128.59684681674634,10
2956,697.1266593158637,128.55334530862098,10
2957,697.4735630170725,128.50336932079622,10
2958,697.6533192880455,128.6132196549461,10
2959,697.902644119091,128.70390603824492,10
2960,698.1379681019173,128.67557423921917,10
2961,698.3297231947363,128.6282304475802,10
2962,698.5194520030976,128.5902987737309,10
2963,698.6497000821767,128.62593931418442,10
2964,698.7762651554599,128.6952759287407,10
2965,698.9439113500533,128.75166356361373,10
2966,699.1147993039839,128.91998510174204,10
2967,699.1851851096746,128.9194211645906,10
2968,699.2718927856383,128.92466752712562,10
2969,699.5042652763597,128.95865285063752,10
2970,699.7148159813926,129.0432320557679,10
2971,699.8900112576508,129.1008714813826,10
2972,700.0853881710276,129.17684921042132,10
2973,700.1654327898029,129.22865550886013,10
2974,700.2391604268283,129.24763348451634,10
2975,700.3305016540305,129.22694690824324,10
2976,700.7010869479448,129.22671283811226,10
2977,700.749120988793,129.24068487265663,10
2978,700.8350155893163,129.30492734183062,10
2979,700.857846480294,129.29161728924925,10
2980,700.9210042403965,129.29493785870739,10
2981,701.0478589820515,129.25616077699152,10
2982,701.2203397770913,129.42178787987598,10
2983,701.6700797718149,129.51564909010358,10
2984,701.9877722654951,129.58238872861392,10
2985,702.2433739837733,129.79068550175143,10
2986,702.6350813374397,129.86764606282614,10
2987,703.0307734174037,129.87023038047025,10
2988,703.3308874248894,129.88556314852295,10
2989,703.5852767520221,129.81403187402097,10
2990,703.738444884809,129.87723938553933,10
2991,704.0103140569195,130.02026816725137,10
2992,704.143216303492,130.18406935380722,10
2993,704.2290687534489,130.2368737063431,10
2994,704.3988040545246,130.0955201666652,10
2995,704.7343161657243,130.10504075355138,10
2996,705.1506835664237,130.1890128567247,10
2997,705.5851990225281,130.47275790873644,10
2998,705.8317115973834,130.3572222568743,10
2999,706.1628434541972,130.5219151497252,10
3000,706.4571343707669,130.45949105679472,10
3001,706.6243342090498,130.47381133155457,10
3002,706.9155603820006,130.38787920325177,10
3003,707.1450007442834,130.35599472003437,10
3004,707.3784194789181,130.34218372380957,10
3005,707.5717486634841,130.46280872049812,10
3006,707.8463670119256,130.5236367607019,10
3007,707.8949216185176,130.53886001883725,10
3008,708.0510132709734,130.66174603548788,10
3009,708.1585329629573,130.56631882669825,10
3010,708.3531074377199,130.5992215472734,10
3011,708.5236907535256,130.654019748797,10
3012,708.6337207924847,130.57946674471836,10
3013,708.763749956617,130.7054604994554,10
3014,709.0165971082127,130.66282838245675,10
3015,709.2542074796459,130.64527559122158,10
3016,709.4724036910436,130.74448219974133,10
3017,709.7271164410116,130.69480249753207,10
3018,709.8987000610141,130.52557089645765,10
3019,710.2309359809361,130.3973078910126,10
3020,710.4049680340136,130.40559742888308,10
3021,710.6454085130694,130.4820824856412,10
3022,710.8979953661625,130.4293920802412,10
3023,711.0652393541452,130.44805860421124,10
3024,711.3523926583586,130.65269872246125,10
3025,711.4431655086978,130.70914707372253,10
3026,711.7369892974003,130.6879249682773,10
3027,711.9325951456374,130.72192493895062,10
3028,712.087849271676,130.64938119808272,10
3029,712.3862891116942,130.77992868335906,10
3030,712.5584142398363,130.61503723979143,10
3031,712.6681642310733,130.48568656051395,10
3032,712.8299743589087,130.5115451799784,10
3033,712.9922571834443,130.33549298378347,10
3034,713.1601381924933,130.358668668967,10
3035,713.3527348061814,130.36345234819768,10
3036,713.7262584325322,130.2077854954216,10
3037,713.9638201690827,130.1786539864935,10
3038,714.0558182674092,130.21395650414803,10
3039,714.2673582783166,130.12567582125877,10
3040,714.5025215187117,130.06804459801103,10
3041,714.7958526138584,129.95314128581535,10
3042,715.1002501589203,129.6386069919409,10
3043,715.3938855466815,129.66727137884058,10
3044,715.6635814767642,129.62873324655308,10
3045,715.8347810351843,129.64904570803105,10
3046,716.0819452409629,129.54156734751075,10
3047,716.3361219689095,129.6180858145973,10
3048,716.7137071126108,129.8104385863432,10
3049,716.8482735863658,129.66763576343664,10
3050,717.0236403123774,129.70007873481148,10
3051,717.3498357342307,129.58101122873984,10
3052,717.6786907770596,129.49786486006505,10
3053,718.0121021331228,129.51204921577343,10
3054,718.2044907511503,129.30761539534961,10
3055,718.3683138942413,129.16759178719846,10
3056,718.6618043748042,129.00029562493756,10
3057,718.9569230738122,129.07103350675345,10
3058,719.2235410271867,129.16545471353677,10
3059,719.5712680159238,128.86048295555744,10
3060,719.7419828411681,128.74054664532667,10
3061,720.0525885915488,128.58370554279185,10
3062,720.2030723997093,128.43736051942057,10
3063,720.2741710074863,128.39039217842367,10
3064,720.440425580775,128.38510500667488,10
3065,720.6962934638271,128.3263660187465,10
3066,720.8013673796718,128.44608652838534,10
3067,721.045190177789,128.38172552539334,10
3068,721.353895322503,128.38139891941287,10
3069,721.4894213346408,128.3507790806781,10
3070,721.6401008568654,128.32459313424738,10
3071,721.7282583197753,128.22669184838895,10
3072,721.9769254426408,128.18988637802659,10
3073,722.1638585624734,128.19267892142565,10
3074,722.4360590641174,128.30708728640641,10
3075,722.5427595847582,128.2116605177838,10
3076,722.6476208711563,128.27148028666224,10
3077,722.9676423642236,128.37430485784085,10
3078,723.0731539277665,128.43346391281725,10
3079,723.1652111483402,128.48639791911796,10
3080,723.2178243264347,128.43692134426178,10
3081,723.3244980520512,128.512211888134,10
3082,723.3747926725899,128.46076600216963,10
3083,723.5459282950086,128.49337113221105,10
3084,723.6202248121074,128.4272072337766,10
3085,723.8326230359828,128.41511646062736,10
3086,723.9639455718694,128.51502430507998,10
3087,724.0695459378122,128.48422961091924,10
3088,724.2559790718908,128.4922829877542,10
3089,724.44422225863,128.34016173383785,10
3090,724.5293948901881,128.25962468911266,10
3091,724.7937210191637,128.1984352573907,10
3092,725.039956237443,128.1630672559385,10
3093,725.2870626939625,128.1024013367339,10
3094,725.4123166744175,127.98015041039815,10
3095,725.6651293008455,127.91658120077166,10
3096,725.842390160664,127.90304233662613,10
3097,726.1176584062289,127.78443610714132,10
3098,726.2470142317804,127.82124808887325,10
3099,726.2759346637658,127.80105924622421,10
3100,726.3927758551564,127.80753156052799,10
3101,726.5675197106214,127.65766440083077,10
3102,726.7015397206958,127.66251284480236,10
3103,726.9542690701818,127.52718366473918,10
3104,727.2017499463935,127.39379079121495,10
3105,727.4701120089037,127.19410362184225,10
3106,727.6304843778272,127.2048578683395,10
3107,727.872622814992,127.15444214925486,10
3108,728.1191482791511,126.89270440086815,10
3109,728.30660991403,126.74712584372499,10
3110,728.4696758522786,126.62712317538504,10
3111,728.4955244940525,126.60023300019655,10
3112,728.7262734395779,126.55851171689304,10
3113,728.9150506017182,126.56846248105826,10
3114,729.203899769999,126.65464309614256,10
3115,729.4722421183582,126.5783773823174,10
3116,729.7861457827102,126.4817406659921,10
3117,730.1954097601899,126.44471610123767,10
3118,730.5058967555921,126.4352375997349,10
3119,730.7551462976883,126.69075809308575,10
3120,730.9219625587151,126.76210070863574,10
3121,731.2126406582488,126.87901954949932,10
3122,731.6670011526711,127.13962553137985,10
3123,732.1548986996916,127.17065339575372,10
3124,732.5524078752034,127.46530752899048,10
3125,732.9030526325437,127.43685444996478,10
3126,733.2342764016806,127.48459823325305,10
3127,733.5050701713956,127.42850926957595,10
3128,733.9412074384587,127.5846560282609,10
3129,734.2914131473456,127.82872764127309,10
3130,734.662566051237,127.84331470561757,10
3131,735.0121649272066,127.88219219217059,10
3132,735.216909923684,127.6702425896147,10
3133,735.3768173816384,127.6798031111114,10
3134,735.5404920507898,127.6866137509328,10
3135,735.8105620118743,127.71338998185371,10
3136,736.0580884419898,127.50511836246564,10
3137,736.2539503010421,127.39215680351988,10
3138,736.4480676289226,127.42343266280358,10
3139,736.5606469811726,127.33474100430178,10
3140,736.808651707997,127.50347379548441,10
3141,737.1831167091734,127.44938167895333,10
3142,737.494317068763,127.2674077475761,10
3143,737.7861034923897,127.11969403671247,10
3144,738.1330879993166,127.09869521471416,10
3145,738.5036446756746,127.21758000075177,10
3146,738.7745332322811,127.25879836723263,10
3147,739.0086309773278,127.15450861280507,10
3148,739.2205986390954,127.16831343848126,10
3149,739.4331399351365,127.10954521665658,10
3150,739.5999654272748,126.96961397585699,10
3151,739.6080420278745,126.97231664287068,10
3152,739.8946943036078,126.77178891071522,10
3153,739.9428933084952,126.72507709017454,10
3154,740.0255585083285,126.67962494845803,10
3155,740.1341560108986,126.6061424182837,10
3156,740.31990728599,126.57444410640424,10
3157,740.4308314160488,126.4895971550812,10
3158,740.6861752660282,126.42667290712592,10
3159,740.8771100439116,126.32406496853152,10
3160,741.0650494906089,126.22546234916807,10
3161,741.2789621457048,126.16369849609744,10
3162,741.4441499537721,126.01003406384405,10
3163,741.7377136865223,125.85506576318971,10
3164,741.9473761622875,125.76768552381249,10
3165,742.1580897167137,125.6141960281141,10
3166,742.4245983405847,125.45323273554281,10
3167,742.6116871160514,125.32291282475418,10
3168,742.7164994952275,125.25511294636509,10
3169,742.9022736100848,125.1323807392278,10
3170,742.9738169807346,125.14381789137168,10
3171,743.1590080366681,125.07652536309551,10
3172,743.4057268524499,124.88263917403803,10
3173,743.5818655952419,124.7456725259532,10
3174,743.8493054696985,124.56679899299345,10
3175,743.9564306486602,124.47934162729672,10
3176,744.3244734221505,124.33392808434881,10
3177,744.5133311421353,124.38505643097416,10
3178,744.7862025904732,124.39752069302219,10
3179,744.9016294193648,124.43584232433005,10
3180,745.2044782089617,124.6241576008007,10
3181,745.2108024132797,124.6281218465101,10
3182,745.294123271313,124.72789689520424,10
3183,745.3783149915866,124.82716192811765,10
3184,745.5099284020787,124.79520903836054,10
3185,745.7974749160105,124.81654696068617,10
3186,746.1520858175779,124.77296948974575,10
3187,746.3096801375146,124.8806673271908,10
3188,746.421893083539,124.81843690366172,10
3189,746.627064422001,124.63754146426248,10
3190,746.9358658241188,124.75209620791755,10
3191,747.0284268943255,124.79447796037438,10
3192,747.1949302769236,124.8744800615192,10
3193,747.301579007024,124.86974277659135,10
3194,747.4354191907249,124.93308872189641,10
3195,747.5660161292429,124.9573597685031,10
3196,747.6987844279098,125.02899836969243,10
3197,747.8524651679919,125.1328764249902,10
3198,748.0213888986789,125.2073296031234,10
3199,748.1919454057656,125.2835015338813,10
3200,748.5285365071305,125.58370776674735,10
3201,748.7254851245946,125.72391596978358,10
3202,749.0797163073323,125.9051521483358,10
3203,749.2745771913329,126.10797669954218,10
3204,749.472231055015,126.19166086522891,10
3205,749.6891973017806,126.31250597637175,10
3206,749.928341503325,126.41004529295473,10
3207,750.1388170711853,126.47147877339609,10
3208,750.458137224941,126.45531842470379,10
3209,750.5632333466556,126.45280614078312,10
3210,750.7279747277155,126.38135574370348,10
3211,750.8941118615951,126.31384854396015,10
3212,751.0616241095732,126.17399362577598,10
3213,751.2488520365638,126.228005833248,10
3214,751.4678348530659,126.32611438876934,10
3215,751.6571341495435,126.50837768537824,10
3216,751.9479847493933,126.51100289100076,10
3217,752.0980270400931,126.57396918624653,10
3218,752.4120272796197,126.6915200846458,10
3219,752.6619113797581,126.52752174491303,10
3220,752.9143177292813,126.57348079057388,10
3221,753.3249786169749,126.74182784030609,10
3222,753.560148630983,126.93100723922754,10
3223,753.8132541175526,127.15707693845046,10
3224,753.9800092472086,127.21278365454303,10
3225,754.1705793133895,127.3399717864704,10
3226,754.2616392279381,127.4542229447242,10
3227,754.2895961395462,127.4642863204412,10
3228,754.3171698742069,127.4965563006119,10
3229,754.3231707623825,127.49675757599213,10
3230,754.3737274685627,127.51200570014048,10
3231,754.4028115534965,127.53817531282809,10
3232,754.4282265633312,127.54942154837643,10
3233,754.4815577146899,127.56695483565429,10
3234,754.7304016957639,127.45570393881724,10
3235,754.9374933558755,127.49887695669948,10
3236,755.0201801023961,127.4055522176098,10
3237,755.1467426373392,127.33557019703284,10
3238,755.3495076773124,127.22336603447106,10
3239,755.3974340490574,127.24216450602242,10
3240,755.5475382366783,127.1316535153541,10
3241,755.6770237007065,127.27200441299891,10
3242,755.762469419506,127.17654076217015,10
3243,755.9751797481125,127.11385755355977,10
3244,756.1307408476389,127.14819796291869,10
3245,756.3417466150902,127.15363280157449,10
3246,756.4947471091491,127.22636193158087,10
3247,756.7124980483079,127.15455699542576,10
3248,756.7444589495524,127.15950273039158,10
3249,756.7703345650109,127.16958672943697,10
3250,756.881517694205,127.20972837859361,10
3251,756.9094316880482,127.22341759766137,10
3252,757.0733284512323,127.14897640704469,10
3253,757.2441540629353,127.29459180424604,10
3254,757.3275177512653,127.32053399425621,10
3255,757.4120913416106,127.21950823098067,10
3256,757.5290205875574,127.10622595200442,10
3257,757.636382746115,126.98727019433316,10
3258,757.9072096408221,127.00882293219236,10
3259,757.9336927394755,126.99030916240763,10
3260,758.1003127492971,127.14787665943642,10
3261,758.3601814468645,127.2975493763122,10
3262,758.531225551447,127.51388599822828,10
3263,758.7622824708034,127.69577785555333,10
3264,758.9128152523649,127.65808480695034,10
3265,759.1051570829,127.51591546600562,10
3266,759.1328583448689,127.52353272538436,10
3267,759.3016729459956,127.55142786629867,10
3268,759.5076262192467,127.44504981629399,10
3269,759.7196809302658,127.34178527365684,10
3270,759.9096113421775,127.21469091823894,10
3271,760.0466208729772,127.17408401026705,10
3272,760.1565316471765,127.06676587184087,10
3273,760.6082047854569,127.20011778684508,10
3274,760.6960912425454,127.31859548136775,10
3275,760.9633304152152,127.46911226956611,10
3276,761.071837219547,127.39939940346628,10
3277,761.4228689024433,127.60821667984358,10
3278,761.6912261997508,127.75167795270693,10
3279,762.059413581001,127.61823267952386,10
3280,762.2246659927002,127.63610453349972,10
3281,762.7123060600618,127.62207017537484,10
3282,762.8601213532468,127.69468615166792,10
3283,763.1094253277785,127.75373147079034,10
3284,763.3423086124907,127.76207272831988,10
3285,763.6151528860105,127.82586314021444,10
3286,763.7197942204677,127.7352016270117,10
3287,763.8839358032395,127.54209231149851,10
3288,764.1721347114697,127.35127548238455,10
3289,764.4603814795965,127.3784907577262,10
3290,764.609852638798,127.45138382670089,10
3291,764.8561815947451,127.41869706774169,10
3292,765.1449133064078,127.44987132217172,10
3293,765.3395677594735,127.43715544382817,10
3294,765.5851659645823,127.40605664257313,10
3295,765.8513054764283,127.27259437795867,10
3296,766.0217804545462,127.2959240487896,10
3297,766.265201116582,127.14381147801575,10
3298,766.4330716334855,127.17171145593655,10
3299,766.5981592336213,127.1067601009743,10
3300,766.8409763771376,126.94339731156232,10
3301,767.025646290882,127.09824984217667,10
3302,767.2934331246819,127.02696586899208,10
3303,767.5667465891659,126.93138116779524,10
3304,767.9820666742582,126.8520744846254,10
3305,768.0915199179584,126.77381265299151,10
3306,768.1635061376201,126.76885721056885,10
3307,768.3429703523058,126.77409551410365,10
3308,768.4134286014075,126.82129239344967,10
3309,768.5988828137746,126.6686251399631,10
3310,768.6280061904708,126.70561805125251,10
3311,768.7378868205043,126.64881900619571,10
3312,768.822524204287,126.55902872612694,10
3313,769.0308399127828,126.56101559963729,10
3314,769.0744765147535,126.51594978908555,10
3315,769.2101749418587,126.60537850206492,10
3316,769.3625202947135,126.58968356047139,10
3317,769.4928410308377,126.61574332892194,10
3318,769.825644620609,126.65066309845244,10
3319,770.094098608849,126.85075802793844,10
3320,770.4181520749398,126.86000640859388,10
3321,770.7193654829529,126.91364475407701,10
3322,771.0140646543493,126.76967875967811,10
3323,771.2461238788985,126.7901296421934,10
3324,771.4236010296108,126.79122893792712,10
3325,771.7367098764423,126.94369966706502,10
3326,771.9474037608729,126.95512434838338,10
3327,772.0793407649763,127.07538164286508,10
3328,772.3383955110361,127.29898045689337,10
3329,772.5136774567314,127.41282061328212,10
3330,772.6011959410937,127.4511822260253,10
3331,772.7864545968057,127.41392154727997,10
3332,772.8898026257046,127.33662669388829,10
3333,773.0618204351923,127.42407359686052,10
3334,773.2382802734832,127.57802545048222,10
3335,773.366560563693,127.63918936848381,10
3336,773.5190477896384,127.72716236914185,10
3337,773.7033399835188,127.6920702264437,10
3338,773.868525912432,127.67787922588835,10
3339,774.2410992436131,127.6903393082649,10
3340,774.6132825855337,127.77237546524834,10
3341,774.8429314620985,127.89938578358455,10
3342,774.8950841630572,127.9573171608482,10
3343,775.1081521003042,127.92180330630597,10
3344,775.1333633516563,127.92703362691714,10
3345,775.3275408535985,127.91178221070035,10
3346,775.6004006079881,127.84237794406897,10
3347,775.7942595833786,127.85430703485399,10
3348,775.9399620347494,127.80986846990051,10
3349,775.9434917177309,127.81260630147784,10
3350,776.0248234181362,127.73206269049729,10
3351,776.133522577347,127.81815322913414,10
3352,776.2648083085705,127.8243521453394,10
3353,776.4548469906579,127.82556318463098,10
3354,776.5613103165631,127.86399429802267,10
3355,776.6580755357512,127.87854330408045,10
3356,776.7643892733452,127.89802728562029,10
3357,776.9572510271823,128.0235217192915,10
3358,777.1476241716302,128.14845195005657,10
3359,777.1518679017846,128.1508060906243,10
3360,777.2825079341397,128.19514453130088,10
3361,777.4691933977099,128.17767236943305,10
3362,777.6586834760052,128.11854481662814,10
3363,777.8673383273274,128.13316432905913,10
3364,777.947771428326,128.05588547252628,10
3365,778.0750956033876,128.05066811190272,10
3366,778.1647717560252,128.16975828457117,10
3367,778.3323822207436,128.318469055776,10
3368,778.4600479755901,128.46976329554386,10
3369,778.6501011638107,128.56616960854535,10
3370,778.7788292535114,128.6592565692565,10
3371,778.9135693334566,128.65385814729672,10
3372,779.2397388097299,128.61928921762637,10
3373,779.4310069874589,128.52724049469288,10
3374,779.6679353607341,128.5701325633927,10
3375,780.0019491048168,128.73783593857434,10
3376,780.2420538327605,128.63617300720227,10
3377,780.5633050927906,128.65417771963808,10
3378,780.778730247079,128.7617402576306,10
3379,780.8869530120478,128.85081791041122,10
3380,781.1065303336734,128.94057449073173,10
3381,781.3081155429259,128.93874671896356,10
3382,781.4607268267448,128.9489542001651,10
3383,781.6682826685048,128.77109678269434,10
3384,781.780461384874,128.803766181903,10
3385,782.0616567633895,128.88273398517757,10
3386,782.3193652055064,128.84692437295777,10
3387,782.4589215777698,128.80388126176047,10
3388,782.6457413257398,128.85942615391514,10
3389,783.0998135118439,128.85352909566544,10
3390,783.3709318952978,128.81484285039053,10
3391,783.5271154303881,128.91177352558944,10
3392,783.8977347730012,128.80581518941972,10
3393,784.3307701668706,128.74899193730104,10
3394,784.688182325289,128.91651828543965,10
3395,785.0436524108625,129.05738720158257,10
3396,785.4799953835691,129.14652593723773,10
3397,785.7528463332422,129.3253252137449,10
3398,786.0839205284462,129.4465743572945,10
3399,786.4158045002594,129.50746978074125,10
3400,786.686874288203,129.54325368597574,10
3401,786.7618322277724,129.54962242444574,10
3402,786.9510033281781,129.65584620926646,10
3403,787.2054969963685,129.7739822355122,10
3404,787.5673102708716,129.98702484649127,10
3405,787.7578179293602,129.85868473851122,10
3406,787.9463480238928,130.01130161788288,10
3407,788.0322640788901,129.97456048214892,10
3408,788.1633673229646,130.11338051329153,10
3409,788.4908619765852,130.16136129463348,10
3410,788.8825290849311,130.23703011788788,10
3411,789.1324936096709,130.4306778115396,10
3412,789.304944475042,130.58938952719498,10
3413,789.5017443003624,130.7362518391465,10
3414,789.6973987612499,130.89231669105186,10
3415,790.0564899218259,131.03354336756658,10
3416,790.273613188091,131.20971112506194,10
3417,790.521344392223,131.21430836625115,10
3418,790.7670509594172,131.14220908987596,10
3419,791.0731093361743,131.10873110832364,10
3420,791.2584173873421,131.009705107077,10
3421,791.3397787452487,130.93462787343114,10
3422,791.4907797054808,130.82268710212136,10
3423,791.6761753017475,130.72367501630583,10
3424,791.8711875589606,130.60093971226348,10
3425,792.2257208146809,130.64027696344576,10
3426,792.5063459609084,130.63458157507185,10
3427,792.768635833886,130.61245244647588,10
3428,793.1667658133031,130.92571450778507,10
3429,793.5209099154208,131.08738401556317,10
3430,793.8124638350457,131.2557349870667,10
3431,794.158610050287,131.43538617300288,10
3432,794.4289724747726,131.5860817353013,10
3433,794.593588822199,131.4816194511305,10
3434,794.8070591239044,131.7089344115166,10
3435,795.014940770784,131.74469860239736,10
3436,795.2117040889613,131.82010712020423,10
3437,795.4776954565552,131.78701762881576,10
3438,795.7441074610398,131.81266571023298,10
3439,795.9335080352217,131.87239596101398,10
3440,796.1058908346392,131.95180266406808,10
3441,796.4159637524319,131.9617544008156,10
3442,796.5906268471847,132.03780438831154,10
3443,796.6856218595374,132.1258779599287,10
3444,796.7714927725692,132.0972917748625,10
3445,797.0779612108461,132.00132153456315,10
3446,797.4523734312419,131.92701899013642,10
3447,797.6636287799186,131.91961894546105,10
3448,797.9238586022104,131.91053373788694,10
3449,798.2475178427374,132.0055130352622,10
3450,798.5272324972537,132.0859384332422,10
3451,798.7195142909856,132.13275701465426,10
3452,798.9952765596872,132.2984910610921,10
3453,799.3488487213068,132.4424789472559,10
3454,799.4624680772433,132.37599596169954,10
3455,799.5597771908397,132.3791428981203,10
3456,799.7513007215244,132.41127348152565,10
3457,800.068147307163,132.5538678818382,10
3458,800.3505078608225,132.5841294915489,10
3459,800.5082207213417,132.64138781685745,10
3460,800.8020337482792,132.66086417692935,10
3461,801.0664464874479,132.8434230718999,10
3462,801.2703308036805,132.84810570368145,10
3463,801.4579353191865,132.87054591854468,10
3464,801.6306636321361,132.89209574504957,10
3465,801.9020104454423,132.9959365710357,10
3466,802.1548383823919,132.9184490751373,10
3467,802.3176998268841,133.02073368481433,10
3468,802.5134261426103,133.057257949483,10
3469,802.7060501023403,133.00509610923962,10
3470,802.9769633156225,132.8859378367471,10
3471,803.266780149866,132.81468490356463,10
3472,803.5349307049016,132.59758082139382,10
3473,803.7018773658531,132.53556521569865,10
3474,804.0125543109317,132.63609669392542,10
3475,804.5861018653375,132.9306678390824,10
3476,804.9166784902309,132.74476687226357,10
3477,805.1620502739214,132.65406911303077,10
3478,805.5655292198801,132.7493840240287,10
3479,805.9763400872309,132.60665065348513,10
3480,806.3083085155379,132.46456690490152,10
3481,806.6455457266322,132.3240388648127,10
3482,806.8890210653742,132.38105663061765,10
3483,807.1009649913548,132.5218213416731,10
3484,807.3871075810689,132.64337459942604,10
3485,807.6017240157001,132.78567758938638,10
3486,807.7706822528298,132.94473974263428,10
3487,807.9630094152765,133.0945758037069,10
3488,808.070200619077,133.15753686015702,10
3489,808.1568242595808,133.28003282539686,10
3490,808.2894737254234,133.34001023949008,10
3491,808.620541690632,133.61607731307703,10
3492,808.6476226789472,133.62741887826738,10
3493,808.9212524715638,133.8748338334747,10
3494,809.0774173418391,134.0427897231315,10
3495,809.433725325282,134.4110942836737,10
3496,809.5995558877391,134.62039878473706,10
3497,810.0327306388583,134.9944945765363,10
3498,810.3450543965512,135.014757226958,10
3499,810.5792031418184,135.17824214588654,10
3500,810.730893368699,135.25326484122843,10
3501,810.8148579226379,135.2935153178352,10
3502,810.9476146179659,135.20806668534013,10
3503,811.0312972108215,135.11264284341524,10
3504,811.2404058291334,135.07841769311324,10
3505,811.4727866047757,135.09192160714514,10
3506,811.7032964559951,135.1078602410641,10
3507,811.7869740590696,135.02786007209903,10
3508,812.114090511051,134.8594748831745,10
3509,812.5281178427214,134.7325282222371,10
3510,812.8239135565078,134.8823623155937,10
3511,813.0371029325706,134.77648312889738,10
3512,813.1912670121241,134.88048906953262,10
3513,813.3719132606224,134.9088928877655,10
3514,813.7197966179033,134.9353198395312,10
3515,814.0159402874639,134.96420385947118,10
3516,814.4942744398913,135.02288465343818,10
3517,814.6617125485197,135.1045727165335,10
3518,814.873192375936,135.09710337288476,10
3519,815.1481515747598,135.1675146836476,10
3520,815.3221843454046,135.33360967706193,10
3521,815.4785806510237,135.45229791186443,10
3522,815.5272758226712,135.44655872645208,10
3523,815.6981087972491,135.37745816260463,10
3524,815.8279392654846,135.32050886664922,10
3525,815.9581193172933,135.3536496984996,10
3526,816.1127623320938,135.40373912270724,10
3527,816.1969422553393,135.2890914934651,10
3528,816.3877733008796,135.2043408686767,10
3529,816.6576589079837,135.23446381417162,10
3530,816.8224055303634,135.20776571934059,10
3531,817.0212837304026,135.1256476087841,10
3532,817.2063971539715,135.1873236904111,10
3533,817.3355038861496,135.23181827918788,10
3534,817.6024290081101,135.30355347058585,10
3535,817.9715405659304,135.45604818561736,10
3536,818.1039366116227,135.60041411826742,10
3537,818.3342387772013,135.63340030119602,10
3538,818.542747063783,135.69461384474562,10
3539,818.5946274359098,135.74156182280066,10
3540,818.6294914147386,135.7552879592172,10
3541,818.8345018444473,135.81991874570377,10
3542,818.8594132721161,135.8281609150263,10
3543,819.2073403337257,136.09021052715576,10
3544,819.3155036701221,136.06001561956484,10
3545,819.4017479468024,136.1839582647304,10
3546,819.7342896869795,136.39376413254266,10
3547,819.8482977794745,136.47472181927964,10
3548,820.0944656424244,136.4374297387444,10
3549,820.2423322026538,136.44866289778489,10
3550,820.3486107325829,136.54760102744734,10
3551,820.4769879407238,136.50269979603075,10
3552,820.5831159206455,136.56153257066603,10
3553,820.5861468243509,136.56338937515966,10
3554,820.6713618619851,136.61070646314815,10
3555,820.7787007144722,136.66673675686872,10
3556,820.8321862586206,136.69953443528152,10
3557,821.0414022957362,136.66547879752423,10
3558,821.2343607592295,136.6426988131291,10
3559,821.2402273770506,136.64514368098722,10
3560,821.2630683189833,136.65523787628615,10
3561,821.3945915407827,136.61608691936715,10
3562,821.4778641897174,136.5795784044387,10
3563,821.6311238406763,136.5751565424276,10
3564,821.6586339512871,136.5899500211677,10
3565,821.7967672249503,136.58642784374396,10
3566,822.1239995021226,136.41862433352412,10
3567,822.2082046420273,136.4697777594056,10
3568,822.2962962556027,136.52524905372925,10
3569,822.6404641465704,136.36915204323213,10
3570,822.7419086723291,136.31379352974687,10
3571,823.1917008426681,136.25900637325486,10
3572,823.379534643999,136.16208335945402,10
3573,823.5427426587806,135.9838871380594,10
3574,823.7508823084451,136.01359558339587,10
3575,823.9649467951436,136.17098417856224,10
3576,824.3951033703436,136.13041108605452,10
3577,824.502211495346,136.0702871920638,10
3578,824.7730697885006,135.8740651185301,10
3579,825.0408539937062,136.0317217070978,10
3580,825.2110234659565,136.0004994184355,10
3581,825.4207614105729,135.98381727439977,10
3582,825.6622637259745,136.02436147437402,10
3583,825.815694207191,136.19846233320624,10
3584,826.0050477378578,136.3039485003502,10
3585,826.1131532833218,136.29411967994042,10
3586,826.325530198212,136.34869429461898,10
3587,826.5188754538042,136.49971056484227,10
3588,826.7085583664181,136.61647589429228,10
3589,826.7909894414308,136.5814014841376,10
3590,826.8781515078219,136.61685822396373,10
3591,827.0472762858001,136.6216827908114,10
3592,827.1549993565723,136.6756915336744,10
3593,827.26432795362,136.73329118740838,10
3594,827.4322095990594,136.69059959677784,10
3595,827.5415707185799,136.62891656583037,10
3596,827.7982231976015,136.64248348847278,10
3597,828.0525978526368,136.6532661275686,10
3598,828.3805363081183,136.57067413667735,10
3599,828.4944626918693,136.59499930491063,10
3600,828.7393704639878,136.44969469744936,10
3601,828.8730141029248,136.36461939894534,10
3602,828.9843227911927,136.26489497589512,10
3603,829.114568286134,136.1465240501673,10
3604,829.2586695268504,136.14950325587765,10
3605,829.5098644440332,136.06527022318465,10
3606,829.6609399826766,136.04179913218303,10
3607,829.6918016109825,136.01888937249663,10
3608,829.7393486630405,136.00886194680825,10
3609,829.9112598520417,136.11164455695035,10
3610,830.1171339411407,136.17962405004286,10
3611,830.1903727641499,136.13471715145138,10
3612,830.3886631113401,136.25262856265283,10
3613,830.4997790568744,136.32765991599706,10
3614,830.6089368389767,136.35603447510402,10
3615,830.6356709948835,136.3478732943032,10
3616,830.6829859512193,136.329006276803,10
3617,830.6843578342441,136.3287156154479,10
3618,830.7172710735713,136.32435508160418,10
3619,830.7258636842955,136.31863222207303,10
3620,830.8900377543129,136.10671822868457,10
3621,831.0532568032298,135.8943389033126,10
3622,831.1591863692327,135.83045564024295,10
3623,831.3670746991232,135.58343308615065,10
3624,831.5158343038713,135.48041185076107,10
3625,831.6295552242102,135.5282893521571,10
3626,831.7951702274604,135.51925408336072,10
3627,832.0665778651139,135.39239295733134,10
3628,832.256541474933,135.34616644620613,10
3629,832.3711244142296,135.38902351557573,10
3630,832.4790857954147,135.4604506395612,10
3631,832.561082049808,135.36534500469745,10
3632,832.6696185134199,135.41737872388063,10
3633,832.8489518598329,135.3725066500969,10
3634,832.9644551775154,135.40542294763185,10
3635,833.1463652538296,135.34623958640373,10
3636,833.3585638714818,135.23635422524714,10
3637,833.4807064291293,135.16805233877722,10
3638,833.6328465700537,135.19085654470769,10
3639,833.7046784924785,135.27923221842568,10
3640,833.7972047480368,135.34964700779562,10
3641,834.0557521557964,135.49109912957468,10
3642,834.3128744863773,135.72071071485695,10
3643,834.5704742146945,135.85526593934796,10
3644,834.9299699767328,135.9209366990729,10
3645,835.1666047531144,135.77052020672946,10
3646,835.4801346214181,136.0020357214497,10
3647,835.5697534084298,136.1134055467773,10
3648,835.9857209386557,136.29185830752655,10
3649,836.3481078854253,136.52312443268812,10
3650,836.5043931361045,136.40903578279466,10
3651,836.8061175640505,136.64840168250453,10
3652,837.1783430120267,136.6987369970999,10
3653,837.3777819317987,136.86723225107102,10
3654,837.6754618117487,136.94151262716915,10
3655,837.9704587403087,137.01628192185598,10
3656,838.3017666010237,137.10169952499942,10
3657,838.6296116761125,137.0912171762269,10
3658,838.9626715818498,137.06416391417835,10
3659,839.2383601561984,137.00786300943687,10
3660,839.4465487224406,136.85015659539434,10
3661,839.635045213713,136.70030755847333,10
3662,839.8027149981438,136.5238541945499,10
3663,840.1578947175116,136.3775859502358,10
3664,840.4536884593095,136.1881506695712,10
3665,840.7492857202939,135.92239524380142,10
3666,840.9144604262099,135.90384425673736,10
3667,841.3236714700836,135.8666111994378,10
3668,841.4933995317748,136.04299885037764,10
3669,841.7097180131044,136.16826886145208,10
3670,841.8186187882641,136.2640461360542,10
3671,842.066420143399,136.34677619636756,10
3672,842.1515421661304,136.4115608490852,10
3673,842.4643692049234,136.34339669037576,10
3674,842.713512499197,136.23606106382857,10
3675,842.9606732709328,136.34471118297998,10
3676,843.149600576081,136.20917762129613,10
3677,843.439749517778,136.16047277731357,10
3678,843.6272211598462,135.9513498120797,10
3679,843.8162941225808,135.92533213429263,10
3680,844.1650358495235,135.78011155090024,10
3681,844.4228042723225,135.8336120152088,10
3682,844.692631964547,135.67958124070822,10
3683,844.9056845451365,135.8176048913785,10
3684,845.3619405217403,135.69642002362184,10
3685,845.493463047834,135.78375359754003,10
3686,845.785981444609,135.74373163660252,10
3687,846.2381037950636,135.80672287626837,10
3688,846.4072142317489,135.6635571816822,10
3689,846.6760000576566,135.71771786006624,10
3690,847.0051078393506,135.7152533314941,10
3691,847.2745622683175,135.67297469534557,10
3692,847.5421862900424,135.51152802180764,10
3693,847.7464012950197,135.46864602008583,10
3694,847.9335322651225,135.45129804150721,10
3695,848.3481972969972,135.44230263891484,10
3696,848.6373880310051,135.5114122743333,10
3697,848.8537591690929,135.49743312786563,10
3698,849.250201440055,135.61863549281992,10
3699,849.6843972096952,135.7083724640127,10
3700,849.9379998261171,135.81916260158508,10
3701,850.1215343043892,135.83299131374196,10
3702,850.4044909780389,135.93969900471413,10
3703,850.5602722407575,135.81462526469636,10
3704,850.8386824125591,135.92783984482588,10
3705,850.99903877575,135.92338211683375,10
3706,851.1140051708438,136.02315351336048,10
3707,851.2488564273732,136.09248590798555,10
3708,851.3971267631803,136.1952012944163,10
3709,851.5272657964346,136.17522759905412,10
3710,851.7569796500113,136.1213144644075,10
3711,852.0312626081031,136.249773778981,10
3712,852.2834848259814,136.4094901887277,10
3713,852.4293341292657,136.32444555174078,10
3714,852.7582555925871,136.52716512988437,10
3715,852.9222973729959,136.56853787182038,10
3716,852.9716340279671,136.60634889017004,10
3717,853.1232660171523,136.54510031334152,10
3718,853.3761624021415,136.54814016570282,10
3719,853.542205353819,136.55767607520906,10
3720,853.6272167325864,136.63300696959308,10
3721,853.8372639507321,136.67858814537212,10
3722,854.0076448956222,136.69189640012593,10
3723,854.0952698145117,136.62409162898174,10
3724,854.1777868631349,136.69824572267237,10
3725,854.4298173336744,136.60125473313508,10
3726,854.6058397161626,136.74239286352366,10
3727,854.8499223538289,136.79376050049308,10
3728,855.0165210910857,136.77175625610067,10
3729,855.1852890157455,136.92093990974448,10
3730,855.431469543664,137.10128374126643,10
3731,855.7043190532142,137.09378418218998,10
3732,855.9687636492303,137.1604803820005,10
3733,856.283429414884,137.23208080559235,10
3734,856.3755048523977,137.2972393747546,10
3735,856.609902644141,137.38292150564357,10
3736,856.7818657476079,137.366242749371,10
3737,857.1700032394417,137.63650664059332,10
3738,857.3239296063311,137.75660816936676,10
3739,857.3584990175171,137.7685056262877,10
3740,857.5908684281479,137.82545349453014,10
3741,857.7219011085492,137.98342922745195,10
3742,857.9672605408157,138.10313085311842,10
3743,858.1328880005233,138.10071296388662,10
3744,858.4262734452095,138.23613362933406,10
3745,858.6404395411142,138.32606433854528,10
3746,858.9144977860099,138.1374642886324,10
3747,859.1843683494046,138.0172654580739,10
3748,859.5966793791425,138.0183685844846,10
3749,859.8314852405226,137.97200042266363,10
3750,859.961462072378,137.88224661007135,10
3751,860.2311428223571,137.82192181158752,10
3752,860.5487192251525,137.75236059671084,10
3753,860.837134929594,137.7139655167884,10
3754,860.8380414938076,137.714231061401,10
3755,860.888800274417,137.76668453762773,10
3756,861.0136709718074,137.74876651939022,10
3757,861.1038183208777,137.67731476004792,10
3758,861.1805639972423,137.62659549427417,10
3759,861.3661765343717,137.6197603498719,10
3760,861.4137699958162,137.57993473831345,10
3761,861.680112680598,137.458512258233,10
3762,861.8341490644495,137.35723856093773,10
3763,862.0088613933834,137.42355673863034,10
3764,862.1566965222188,137.48522017079952,10
3765,862.2071067265839,137.48960736439759,10
3766,862.5315658758797,137.30954203623614,10
3767,862.6946707397614,137.17778640307276,10
3768,862.9430800021977,137.21003915161043,10
3769,863.1087221448272,137.07192448413937,10
3770,863.2165535457832,137.03601638761083,10
3771,863.3028015689636,136.97161311665516,10
3772,863.3854819401789,136.91003953862642,10
3773,863.4132063147042,136.89694926523126,10
3774,863.547582169891,137.00406394980033,10
3775,863.6337403038827,136.94554285164836,10
3776,863.8491841132894,136.97540680392572,10
3777,863.8967896632224,137.0043940180344,10
3778,864.1430330509189,137.13896139431012,10
3779,864.2887715866921,137.16994908712385,10
3780,864.416062497238,137.19436837290215,10
3781,864.5438649468375,137.2192713047651,10
3782,864.744874830321,137.2297041115073,10
3783,864.9337063587787,137.2366732784626,10
3784,865.1012251651746,137.2423600040281,10
3785,865.1829714075986,137.14371746000563,10
3786,865.4256452153904,137.09207442470267,10
3787,865.5877962572955,137.1391420652398,10
3788,865.6928187850259,137.24121803637482,10
3789,865.8626852113186,137.4169323574959,10
3790,865.868327267914,137.41627858903783,10
3791,865.8967040803624,137.44770756228493,10
3792,866.2454794720604,137.52168224817058,10
3793,866.5602969748485,137.71077519754226,10
3794,866.6862151715935,137.78997490446886,10
3795,866.774445016142,137.69966495867408,10
3796,867.1235098107379,137.7359958422794,10
3797,867.3691245942506,137.85698330543985,10
3798,867.4994069574093,137.9231100809519,10
3799,867.6689931732874,138.12083621900325,10
3800,867.913219188177,138.180733867253,10
3801,867.918553839593,138.18674896566813,10
3802,867.9645759736646,138.22720310287755,10
3803,868.1116779123067,138.32058638208295,10
3804,868.316079706047,138.34340645071083,10
3805,868.3194961048137,138.34382337503632,10
3806,868.472842208266,138.31785655464572,10
3807,868.6617827272757,138.19174196719354,10
3808,868.7684324038806,138.2425574281099,10
3809,868.9559463070582,138.39259654405686,10
3810,869.0625772951537,138.5031445588963,10
3811,869.1955264086746,138.52202098064564,10
3812,869.403930058484,138.72110781109606,10
3813,869.6523673206666,138.92962090680248,10
3814,869.7230262551536,138.99400661215805,10
3815,869.9790995277615,139.0902403486945,10
3816,870.1504485887941,139.31199203050636,10
3817,870.3262244623047,139.5363637251339,10
3818,870.5959980912683,139.59856930575316,10
3819,870.9233328805337,139.7204238761784,10
3820,871.0137896574581,139.83242736239654,10
3821,871.223337429839,140.08290132524408,10
3822,871.3928702435838,140.27333094146383,10
3823,871.5027627069554,140.40969933869354,10
3824,871.6939638997532,140.6562279585204,10
3825,871.8469757665677,140.6122721336496,10
3826,872.0768461987094,140.8731069059927,10
3827,872.2125710249645,140.97576843760763,10
3828,872.3224516222439,141.12282062565737,10
3829,872.3485958191346,141.14722446691172,10
3830,872.4298836814535,141.22831693364407,10
3831,872.5952204015499,141.3829552547732,10
3832,872.7623057163346,141.57594751296034,10
3833,873.111542152107,141.93225409848887,10
3834,873.3611404700683,142.2388427742748,10
3835,873.7098715679738,142.62543214659354,10
3836,873.7950687433455,142.7004112334677,10
3837,873.9669210593432,142.803924634632,10
3838,874.1545160056842,143.02012466771419,10
3839,874.2036018643648,143.0746913523628,10
3840,874.3326283880353,143.21374359058055,10
3841,874.4033980614984,143.2982381010378,10
3842,874.4748788160125,143.3803505956186,10
3843,874.5012471805009,143.41375268256124,10
3844,874.688121306445,143.4264303859269,10
3845,874.8974282207976,143.47300386659157,10
3846,875.1071973785572,143.5201928491512,10
3847,875.2183678283866,143.66163413890888,10
3848,875.4881820553446,143.6077657668998,10
3849,875.5743729125603,143.51627876329408,10
3850,875.8688228937102,143.51793167767843,10
3851,876.0774172259753,143.57959206470997,10
3852,876.2521579938527,143.5993388242147,10
3853,876.4648296377861,143.4849408822303,10
3854,876.5717938919352,143.58313353638346,10
3855,876.7387933099817,143.61041098816645,10
3856,876.8436828639784,143.52838142590733,10
3857,876.9526943001623,143.62436409561133,10
3858,876.9634444194871,143.6210095340135,10
3859,877.0735829094967,143.50777983678398,10
3860,877.2330221388968,143.48432572386002,10
3861,877.4336445963378,143.47129812648348,10
3862,877.4852376674293,143.51278731868464,10
3863,877.658308713957,143.5286119562437,10
3864,877.7300988012933,143.55812835056528,10
3865,877.858789164399,143.51884034342095,10
3866,877.9281858700348,143.57518288009507,10
3867,878.2364940201069,143.71117659875708,10
3868,878.5327925977966,143.74293115614591,10
3869,878.5648145188552,143.74515278289485,10
3870,878.6749861153555,143.86726911858432,10
3871,878.7630251307776,143.88681813235738,10
3872,878.8143990310812,143.93558837267483,10
3873,878.9259369979711,144.07452935116848,10
3874,879.018672187487,144.19075611246592,10
3875,879.2081453576887,144.2698614626876,10
3876,879.3935481650454,144.18816610435098,10
3877,879.5228165507106,144.1938509413279,10
3878,879.629942452512,144.2993267210639,10
3879,879.7938702621148,144.45652548970236,10
3880,879.9029457558876,144.5179111417373,10
3881,880.1941381333093,144.57846885029875,10
3882,880.357599576076,144.51167771535938,10
3883,880.4670383551598,144.4545391887355,10
3884,880.6004890850982,144.47528836660058,10
3885,880.7633373636072,144.43604678741715,10
3886,880.8106506505497,144.41294246812237,10
3887,880.8365399578361,144.40075881179698,10
3888,880.8831209600887,144.37528652733616,10
3889,880.8855986894874,144.3753500403426,10
3890,880.9161464764626,144.37752104452125,10
3891,881.020529846294,144.33928983179197,10
3892,881.0714718679344,144.3794505640487,10
3893,881.3644003876549,144.5257252643642,10
3894,881.6061985875043,144.5726831584316,10
3895,881.7344352291882,144.69060057030453,10
3896,881.9577370618466,144.80670615084077,10
3897,882.0951434868039,144.9752760050507,10
3898,882.4116616230547,145.013285801749,10
3899,882.5449716988826,145.11155438588705,10
3900,882.6509612704449,145.1560921318371,10
3901,882.8777180031841,145.14048150157393,10
3902,883.1089610722254,145.123231905462,10
3903,883.3452914948423,145.17752093479533,10
3904,883.4541221281743,145.13063301114815,10
3905,883.6637912829117,145.12397726348124,10
3906,883.7132144629702,145.17811519106445,10
3907,883.9074106507836,145.22733619635304,10
3908,884.0682442309453,145.2320566095139,10
3909,884.3142143961966,145.35526794021774,10
3910,884.3632389484953,145.28570929983633,10
3911,884.4668728476612,145.3428534433729,10
3912,884.5517530646212,145.26647681174617,10
3913,884.6612033677169,145.242467220981,10
3914,884.7499787757575,145.16849120675022,10
3915,884.8766490798205,145.07176812924018,10
3916,885.0032075273008,145.1401706555362,10
3917,885.1462967717971,145.16443491515045,10
3918,885.3418524227048,145.17017558503062,10
3919,885.5312447937288,145.22640536968927,10
3920,885.6154186910793,145.33527552841358,10
3921,885.8268491778805,145.52114180016,10
3922,886.0135675305619,145.56423448687767,10
3923,886.0984168609259,145.47559743887965,10
3924,886.1895414876693,145.43214467993943,10
3925,886.2803319692506,145.40208970307074,10
3926,886.3699021162302,145.31498520079197,10
3927,886.5332905740904,145.2459654031308,10
3928,886.7685901886928,145.06156878475562,10
3929,886.8551689774695,144.99211574926105,10
3930,887.0084250945196,145.03565604285092,10
3931,887.2242800565493,144.98116700661004,10
3932,887.3294641257826,144.88408313255033,10
3933,887.4351906514894,144.77569163149607,10
3934,887.623094641715,144.57532982849855,10
3935,887.9451884219509,144.46445685396753,10
3936,888.1122114877533,144.4926536791377,10
3937,888.2387224777534,144.3708764322822,10
3938,888.5283513855193,144.2893643579115,10
3939,888.7137989993274,144.3180635860341,10
3940,888.9584059133446,144.2982496963189,10
3941,889.1647717920507,144.16123125405264,10
3942,889.3993519627456,144.33017363714055,10
3943,889.5307179987506,144.40759746735037,10
3944,889.713751190973,144.40561688360293,10
3945,890.0062844910619,144.60996888482288,10
3946,890.3357379759102,144.84978961055026,10
3947,890.7307089627345,144.9295673156288,10
3948,890.9157519167484,144.95080231179423,10
3949,891.0246811740568,145.098472666217,10
3950,891.0746338368217,145.16114299535047,10
3951,891.2054129428419,145.2752747859182,10
3952,891.4167357904669,145.345384761709,10
3953,891.4685212050188,145.3587452617411,10
3954,891.6585328890203,145.3552476620133,10
3955,891.8907019664041,145.40931987462852,10
3956,892.0811099428971,145.60560258516335,10
3957,892.3294985056148,145.7730484059061,10
3958,892.5162444699296,145.7618892842039,10
3959,892.6020820390413,145.67752431758265,10
3960,892.8148618400277,145.74056701322036,10
3961,893.0260471677187,145.7889675103208,10
3962,893.2884460779902,145.88486432483586,10
3963,893.5907197527628,145.9632029596344,10
3964,893.8335804984727,146.09140673386867,10
3965,894.1553937695223,146.0924385208362,10
3966,894.4422764619991,146.1704185769684,10
3967,894.6061907160686,146.3603888065941,10
3968,894.8505781195839,146.49717775247393,10
3969,895.0126893286345,146.52609274083753,10
3970,895.1776728403632,146.56248658453808,10
3971,895.2860945164114,146.53573347405072,10
3972,895.374981689815,146.61655204455127,10
3973,895.598189264501,146.58182735892925,10
3974,895.9649373678133,146.4249263014727,10
3975,896.3711293775526,146.42337521280854,10
3976,896.4804020882591,146.37536322435608,10
3977,896.8335381575547,146.30355952815677,10
3978,896.8678165017172,146.30498594351175,10
3979,897.1078328078522,146.32388468432376,10
3980,897.2815759009824,146.26007099894682,10
3981,897.4506595161249,146.1215372226865,10
3982,897.5601988329327,146.2178297975705,10
3983,897.6674736631542,146.09307126281803,10
3984,897.6710609926495,146.09234113709806,10
3985,897.8234646995822,145.97996056959877,10
3986,898.0658270723756,146.04392123277552,10
3987,898.2547897085075,146.09484975896348,10
3988,898.4289249359745,146.06431027614488,10
3989,898.7019978698845,145.95161886840387,10
3990,898.9530352121353,146.06190173790188,10
3991,899.2244887699056,146.15441625568587,10
3992,899.4022280453477,146.12780997879912,10
3993,899.4360207795864,146.10468959261775,10
3994,899.7087843445345,146.02180984140307,10
3995,899.9626121451331,145.96520021859635,10
3996,900.333155667165,145.95101712564087,10
3997,900.4163199547587,145.82201311435406,10
3998,900.5458586507142,145.6649822264982,10
3999,900.6773368833756,145.49637910411423,10
4000,900.9191145818728,145.23581163201766,10
4001,901.0461713171001,145.2304560424284,10
4002,901.1752962530223,145.22580915557614,10
4003,901.3817675780032,145.09128464588943,10
4004,901.625153927771,144.83064968840674,10
4005,901.7873870646339,144.7004092776212,10
4006,901.8790056999093,144.6529539299211,10
4007,902.1383284997273,144.59163599134808,10
4008,902.3506560327021,144.54874788057117,10
4009,902.7628812355022,144.84583074797203,10
4010,903.132980896853,144.82881152638922,10
4011,903.5427985536747,144.70107720845024,10
4012,903.7916118683319,144.80310787282548,10
4013,904.105419117522,144.84134768377425,10
4014,904.274140952338,144.9123005267074,10
4015,904.464930990022,144.8884023567293,10
4016,904.8182571548257,145.06971789394245,10
4017,905.0648327887644,145.17167522247124,10
4018,905.3348948157902,145.26176087257173,10
4019,905.4189817561497,145.1359415115392,10
4020,905.5253784705471,145.20600730951054,10
4021,905.6922923064561,145.2008180513336,10
4022,905.9689011963025,145.2837396400933,10
4023,906.1391251785914,145.46813610591877,10
4024,906.2514692193357,145.51106673800933,10
4025,906.3414900028323,145.4337659587762,10
4026,906.5902528848503,145.36157995633118,10
4027,906.6959757623033,145.21594515382114,10
4028,906.9700015432751,145.1374858198019,10
4029,907.0792286326827,144.99232746561506,10
4030,907.1683963426465,145.11132462528363,10
4031,907.4248008838201,145.04303477747135,10
4032,907.5127737698358,145.16279093753425,10
4033,907.5970753187554,145.09078144261895,10
4034,907.8490535895398,145.01666421779066,10
4035,908.1453856122569,145.12524689747602,10
4036,908.3148585276446,145.1468715544224,10
4037,908.4816424470371,144.95397415676845,10
4038,908.6762060796543,144.9685108744093,10
4039,909.0057212587924,144.79923647611173,10
4040,909.4261501842363,144.77783943189732,10
4041,909.7700903770865,144.80204017094343,10
4042,910.0295627784129,144.75547548973182,10
4043,910.2873328436499,144.7476332964897,10
4044,910.5007201510989,144.60112126626095,10
4045,910.7007749860737,144.61151487222145,10
4046,910.9754803568078,144.6554521872376,10
4047,911.3780655769284,144.56298196727036,10
4048,911.6158558864687,144.5901125222278,10
4049,911.8352518712385,144.48830971080076,10
4050,912.0197569334175,144.5600471441692,10
4051,912.2915791615824,144.6490657914587,10
4052,912.488686023046,144.67328168763083,10
4053,912.8203435651787,144.73392626409833,10
4054,913.1323910981839,144.72913661393167,10
4055,913.3397975527887,144.5476139589319,10
4056,913.5696454782219,144.3238152560143,10
4057,913.7417074051448,144.22543934075034,10
4058,914.1141433772078,143.90898623660715,10
4059,914.4665325213603,143.82621365667816,10
4060,914.8243332388556,143.68243649063768,10
4061,915.0775560260734,143.63049354025537,10
4062,915.5154363745017,143.42470999220163,10
4063,915.6021749739,143.3608094024652,10
4064,915.8594708216967,143.29044921484234,10
4065,916.175133728109,143.22183147816784,10
4066,916.3847009706636,143.11181017032507,10
4067,916.6761823266554,143.05874328502819,10
4068,916.8120256510786,143.02024606025432,10
4069,916.9696482346948,142.98731593036902,10
4070,917.0452417955628,143.0616778389702,10
4071,917.4193285143963,142.91384695232304,10
4072,917.597027611438,142.9567379923411,10
4073,918.0049783643706,142.83731835410322,10
4074,918.4117346406568,142.72386962557792,10
4075,918.7032108409469,142.65065230696084,10
4076,919.0502559743188,142.75983227293983,10
4077,919.3355514970808,142.66016804479133,10
4078,919.7840635333765,142.68271631508637,10
4079,920.0293685763584,142.67419719172608,10
4080,920.2419636581335,142.75226696175042,10
4081,920.4836152913529,142.50071149461118,10
4082,920.693972294762,142.30754678291106,10
4083,920.9722931214704,142.43970058513125,10
4084,921.2958394632285,142.34357751301954,10
4085,921.4485727306998,142.3894524231357,10
4086,921.5343138382216,142.34340661723152,10
4087,921.8317373726146,142.46036208458548,10
4088,922.0822849372596,142.4394746484784,10
4089,922.2609118388634,142.32150613657458,10
4090,922.6117943642339,142.24513048019202,10
4091,922.9613832085712,142.1663175838192,10
4092,923.2524281230611,142.00224582276496,10
4093,923.5314169083352,141.9958895400737,10
4094,923.8701035375994,141.90654858514495,10
4095,923.9817723368494,141.99431735744787,10
4096,924.1371293589202,142.1095041053176,10
4097,924.3232019878396,142.3248045513638,10
4098,924.405633355751,142.39903211843165,10
4099,924.7400865817929,142.42823355886034,10
4100,924.9100951699654,142.4780334677523,10
4101,925.0770066281988,142.5343516694983,10
4102,925.2425560128002,142.5883981855002,10
4103,925.4047688465719,142.4343235892604,10
4104,925.5970191790627,142.30909729259594,10
4105,925.7107662567881,142.24116971914324,10
4106,925.7647992051567,142.25310724504337,10
4107,925.7947799937181,142.28254390988292,10
4108,926.0409803178807,142.202298864624,10
4109,926.211375771231,142.20258127564531,10
4110,926.466400584105,142.05186416014516,10
4111,926.7283233254714,141.90166376386466,10
4112,926.855372404515,141.87858457152262,10
4113,927.0661882156048,141.7601618172243,10
4114,927.2446128212796,141.76295430043768,10
4115,927.495426651714,141.6872734396282,10
4116,927.7663114898348,141.7287160974997,10
4117,927.9606801192558,141.75874052164758,10
4118,928.0461712220479,141.83074526919302,10
4119,928.3929740130737,141.733630931836,10
4120,928.503717077109,141.7133984992742,10
4121,928.6910807515582,141.7016934861636,10
4122,928.9413618993543,141.6247499225283,10
4123,929.0304677280816,141.7006467629826,10
4124,929.0558307951305,141.72354312319771,10
4125,929.2467938454323,141.72453526415848,10
4126,929.3323688470331,141.79951620375223,10
4127,929.4970835982301,141.81708788171034,10
4128,929.7665687123308,141.8718972936731,10
4129,929.8991140251495,141.80060865968335,10
4130,930.0569109977387,141.89070374006184,10
4131,930.0862497393045,141.8532246052618,10
4132,930.2985185693593,141.9484108144846,10
4133,930.6631884820242,142.00396677368715,10
4134,930.872703157885,142.04362170429349,10
4135,931.1431962442881,142.09206211633915,10
4136,931.318001424202,141.964867882196,10
4137,931.6085254493858,142.06216610068267,10
4138,931.8381291453427,142.09825157277936,10
4139,932.2107407673362,141.9018873725548,10
4140,932.5083958999585,141.86196326965865,10
4141,932.8022910678707,141.76972906037363,10
4142,933.1689899522592,141.44597686566738,10
4143,933.485823400697,141.25273486825077,10
4144,933.5969934344154,141.1845364724681,10
4145,933.7304925533128,141.01832806946447,10
4146,933.9074452160548,141.0299857164676,10
4147,934.0959183824474,140.8916762083097,10
4148,934.3463048561862,140.96130379892392,10
4149,934.4336793141549,140.91226329266217,10
4150,934.627616058209,140.8985026303854,10
4151,934.6323303711426,140.89788470466613,10
4152,934.7610302261486,140.95261827665573,10
4153,934.8711626115553,140.90066473389888,10
4154,935.1157666927638,140.66400411511535,10
4155,935.3095686532413,140.58826708839607,10
4156,935.5559559953665,140.5942467876598,10
4157,935.8091818320712,140.6126915318699,10
4158,936.0017199640139,140.6543263711052,10
4159,936.4173978237989,140.74232875293967,10
4160,936.6860965342679,140.76781767643567,10
4161,936.8137671291124,140.69958892886547,10
4162,937.1446379544971,140.68736094443048,10
4163,937.3122166476057,140.8432135628407,10
4164,937.5022090398224,140.89900873685156,10
4165,937.5887050515637,140.9789443295051,10
4166,937.8317857842665,141.00239386782593,10
4167,938.1567799282271,141.01123286073536,10
4168,938.3467700065494,141.0232800808579,10
4169,938.3538501205039,141.02136227347825,10
4170,938.5101789805985,141.1213686625244,10
4171,938.6954402448733,141.1383705766487,10
4172,938.9891463340542,141.12951284879188,10
4173,939.1589843335026,141.15614405340926,10
4174,939.3739988351439,141.2056955274201,10
4175,939.5589578063218,141.22820599595548,10
4176,939.80718884054,141.21554600823032,10
4177,940.0536252532733,141.20175651680057,10
4178,940.2387440937785,141.14126650896765,10
4179,940.2397195119811,141.1404069502847,10
4180,940.3263716302632,141.0849045330755,10
4181,940.3745529110423,141.03121851224924,10
4182,940.4566315636337,140.980143359903,10
4183,940.4840414043989,141.0037392743963,10
4184,940.4887150971969,141.00380869510312,10
4185,940.6772124534116,141.04810019273805,10
4186,940.8043675792799,140.97781632164194,10
4187,940.809439487547,140.97885033648762,10
4188,940.9375187239502,140.91187169916932,10
4189,941.0660884154155,140.84332914981658,10
4190,941.0943957997697,140.83083452202158,10
4191,941.1095521678532,140.8403255119047,10
4192,941.1933823250558,140.7903485890456,10
4193,941.2237309266814,140.7719548540284,10
4194,941.3549798152908,140.67227948967016,10
4195,941.3795853042735,140.65303920125731,10
4196,941.5408974645809,140.53563025166767,10
4197,941.7937653173291,140.38939588785783,10
4198,941.9619639467776,140.3538451453546,10
4199,942.1325126506587,140.31553156296863,10
4200,942.2323686520946,140.29171127117775,10
4201,942.360101574109,140.2270000135251,10
4202,942.4458931521019,140.1837569965116,10
4203,942.4566163009861,140.18333524362473,10
4204,942.6223175606452,140.21839773491135,10
4205,943.0282528421005,140.2576775244929,10
4206,943.1765372832821,140.27133058641488,10
4207,943.4237093229307,140.30551378329804,10
4208,943.750665752128,140.2727064765355,10
4209,943.943129637117,140.32838488823174,10
4210,944.0291574047875,140.40237724032846,10
4211,944.2949700285908,140.47788127980857,10
4212,944.581255177133,140.47783118675042,10
4213,944.6887774685516,140.58226639395423,10
4214,944.8509167643433,140.61368839488608,10
4215,944.9396270543159,140.69930411230987,10
4216,945.0453853516458,140.76818826735683,10
4217,945.2092095477049,140.80898779356187,10
4218,945.374191926757,140.63420685146605,10
4219,945.4588129940437,140.7186061131224,10
4220,945.6219241308511,140.76037215184297,10
4221,945.8114385881606,140.85467306220477,10
4222,946.1428223488625,141.1220870619511,10
4223,946.2542938724625,141.25536307069999,10
4224,946.4448636823661,141.35696428765937,10
4225,946.5559495217349,141.459758474975,10
4226,946.7223517406937,141.5362149429152,10
4227,946.9736807788324,141.8496463123676,10
4228,947.1655281992295,142.06690138019803,10
4229,947.2567060547692,142.18046515561662,10
4230,947.4475755011063,142.14596456428785,10
4231,947.6168920561917,142.12474891880643,10
4232,947.7020132223112,141.9902352257231,10
4233,947.8748522564587,141.97214247004678,10
4234,948.0430381247903,141.9564909858745,10
4235,948.1333730610247,141.82609702315446,10
4236,948.1435935763957,141.82234389594743,10
4237,948.393543485619,141.8783572357388,10
4238,948.7228094376289,142.0467085298314,10
4239,948.9719998759581,142.10733319604708,10
4240,949.2424500025893,142.15304963466346,10
4241,949.5680821602461,142.17168720000078,10
4242,949.7333096842407,142.03532909915592,10
4243,949.83855927833,142.17027303641697,10
4244,950.0918571354028,142.3013056504132,10
4245,950.2530295250372,142.24541161307334,10
4246,950.4395681774593,142.14039518087847,10
4247,950.694078899598,142.1830589010698,10
4248,950.9448706318124,142.26515390719973,10
4249,951.1401026857573,142.4290751616549,10
4250,951.3719425777747,142.32001681952934,10
4251,951.7018702945821,142.34689796965816,10
4252,951.9715836177178,142.28214772967507,10
4253,952.3943478374919,142.36600337769647,10
4254,952.7283900018583,142.47754187351345,10
4255,952.9747422479895,142.47864320796432,10
4256,953.2064054809704,142.52449479323354,10
4257,953.5321513493878,142.4837197260598,10
4258,953.6173400002339,142.41071439402916,10
4259,953.8870457430115,142.31556808798922,10
4260,954.1386793265474,142.47578581129113,10
4261,954.2681537991672,142.4135386740961,10
4262,954.4587891121366,142.63134032574175,10
4263,954.6450657280405,142.69831678675413,10
4264,954.879993074527,142.8242178135734,10
4265,954.9919440649064,142.79541966271245,10
4266,955.0692350508205,142.87257111531062,10
4267,955.257816544948,142.95551795801916,10
4268,955.2842514260443,142.98983756757048,10
4269,955.2869851929794,142.9888159244345,10
4270,955.3704195378098,143.10550690345585,10
4271,955.3785300554175,143.10051095889327,10
4272,955.4647222289268,143.2169787194243,10
4273,955.6773255923438,143.26117629476352,10
4274,955.7912021631364,143.23470681040902,10
4275,955.899606743095,143.21026653331444,10
4276,955.9278820482768,143.23773602500285,10
4277,956.0564891087066,143.41315692859035,10
4278,956.254156899619,143.457474026213,10
4279,956.5020007882288,143.60581415877655,10
4280,956.5873190523774,143.6756566580554,10
4281,956.7769500740308,143.72423162097382,10
4282,957.1037200985409,143.74810000728382,10
4283,957.3380762322233,143.75528456692845,10
4284,957.6636158752166,143.78183525604814,10
4285,957.9104885458246,143.731956965153,10
4286,958.1624292775296,143.68549862267713,10
4287,958.4135090372856,143.64113071352708,10
4288,958.5787429393846,143.4749603628717,10
4289,958.7459699667974,143.55649515887745,10
4290,958.8331088488,143.43312065101222,10
4291,959.1633462424197,143.5887449729339,10
4292,959.2956886629041,143.45537470224517,10
4293,959.468532403295,143.4853750540854,10
4294,959.6343680291664,143.52563732771418,10
4295,959.9118902265712,143.4980283533098,10
4296,960.0854092333235,143.49890823781652,10
4297,960.2380189157578,143.48804845991862,10
4298,960.4357906557574,143.5206803655682,10
4299,960.5468166615335,143.5652343063303,10
4300,960.7001391198552,143.6683849988881,10
4301,960.9111662296662,143.57294690425806,10
4302,961.2063409701434,143.73357893211755,10
4303,961.3774509575398,143.6917355104359,10
4304,961.7700898009637,143.77637235995945,10
4305,962.0204564937223,143.8956088688415,10
4306,962.3976377104049,143.90819949937725,10
4307,962.7550574192234,143.9274559643893,10
4308,962.9118303863182,143.79500084053322,10
4309,963.118452396209,143.7780018871313,10
4310,963.3100082817385,143.83199531258026,10
4311,963.437711807955,143.7268082173215,10
4312,963.6487998397248,143.70522154317288,10
4313,963.9821491744431,143.75148974002866,10
4314,964.0659356218279,143.71498501546023,10
4315,964.2308630406189,143.55482737693467,10
4316,964.3152606450449,143.52119152297965,10
4317,964.4242818280691,143.5175801466715,10
4318,964.5541678993177,143.357026163064,10
4319,964.7225972139352,143.44258409468497,10
4320,964.9692871100287,143.41106775523514,10
4321,965.0164429180255,143.37330436922113,10
4322,965.165651453162,143.41925315464744,10
4323,965.2326184781414,143.34067196928748,10
4324,965.5181116511397,143.2087407212609,10
4325,965.7646390927932,143.17922707690602,10
4326,965.9311883458988,143.1827276652749,10
4327,966.0005789171113,143.11383044793953,10
4328,966.0480544992782,143.05660519653586,10
4329,966.2543240916084,142.93488603882386,10
4330,966.4270992512213,142.7964257764636,10
4331,966.6609038838449,142.66052237346452,10
4332,966.8751195700406,142.55694237992543,10
4333,966.9590778455351,142.5468294757676,10
4334,967.1712842917113,142.33942951111516,10
4335,967.3621747462879,142.1594591498224,10
4336,967.5491194834292,142.13665119971316,10
4337,967.8376456581909,142.01289190131854,10
4338,968.1041504702027,141.7402394836798,10
4339,968.2744837118504,141.67031564590957,10
4340,968.5001076816837,141.54647578391453,10
4341,968.6660587704346,141.39003810015146,10
4342,968.872857959372,141.1753225659491,10
4343,969.1430197435723,141.07149117458155,10
4344,969.2502358343634,140.93977869890801,10
4345,969.3782092826252,140.84274545235508,10
4346,969.5923036002192,140.84807069107993,10
4347,969.6475560204395,140.83144784076717,10
4348,969.8824120402202,140.7478227739448,10
4349,969.9959555535088,140.76056353188562,10
4350,970.0009717489489,140.76417789846292,10
4351,970.1706520458163,140.73101424136286,10
4352,970.3387246622218,140.70140048045604,10
4353,970.5470893118672,140.6482536205891,10
4354,970.7347309291277,140.64448867807562,10
4355,970.8436459188409,140.51945257852162,10
4356,970.8495843226835,140.52147343341352,10
4357,970.9826769133069,140.6144043956659,10
4358,971.2692062648932,140.66596717233492,10
4359,971.6352017920386,140.68381215672008,10
4360,971.9247641724896,140.62621807271432,10
4361,972.2922662768873,140.65481622913157,10
4362,972.5600848555323,140.91387368169157,10
4363,972.828182222874,141.03114187096443,10
4364,972.9919238789942,141.21455717347314,10
4365,973.1762709776442,141.16686356157587,10
4366,973.2609674027237,141.0519774119729,10
4367,973.4271730512904,141.09243138965465,10
4368,973.5287976512014,141.1588495215153,10
4369,973.7739265017511,141.10909014630818,10
4370,974.0412240037879,140.93881544289837,10
4371,974.4454970253064,140.9681150748158,10
4372,974.5347004542875,140.95237912987074,10
4373,974.9091172612818,141.03136868849626,10
4374,975.2329936670318,141.0260539945691,10
4375,975.4798917523065,141.13564965085882,10
4376,975.8706970417941,141.1533943070557,10
4377,976.1150613525822,141.17507413934186,10
4378,976.5456154900223,141.2144662597299,10
4379,976.6545282054892,141.1397879798683,10
4380,976.9256972122654,141.09223516286684,10
4381,977.040864869486,141.22522408727025,10
4382,977.2128041594411,141.23820560084167,10
4383,977.4220229856022,141.13097080482498,10
4384,977.7101393348364,141.08288118403954,10
4385,977.8131244272965,141.02005394542067,10
4386,978.0243539347475,141.07066523167492,10
4387,978.3167242067755,141.18080204118297,10
4388,978.5804600768006,141.1461364683009,10
4389,978.9057765488393,141.04467365194049,10
4390,979.0204795876268,141.05445686119427,10
4391,979.2574400068959,140.94568596523152,10
4392,979.4125862079266,140.92625830355215,10
4393,979.5587328655845,140.92367773151872,10
4394,979.7298945058377,140.91169754636823,10
4395,979.9046414166278,140.95501573290124,10
4396,980.0179799047717,140.96732040936308,10
4397,980.4517811877561,141.02929830510152,10
4398,980.719047430725,140.797894104406,10
4399,980.8873633933875,140.6476082313643,10
4400,981.0508647275198,140.5008600320565,10
4401,981.2138443228878,140.53864833802965,10
4402,981.3003357941734,140.6526204060846,10
4403,981.4681202219559,140.6914595880122,10
4404,981.6382302306287,140.72416346168473,10
4405,981.8089865513408,140.760088043321,10
4406,981.8991191249112,140.67353331811535,10
4407,982.0049611451516,140.78335907897565,10
4408,982.1739627764273,140.89176693610335,10
4409,982.5050809489563,141.0398294790434,10
4410,982.7747426291105,141.0937165794899,10
4411,983.184783253428,141.18324346365299,10
4412,983.676558688413,141.19743253131867,10
4413,984.0509693032915,141.29728383155316,10
4414,984.4048368213947,141.39734848280935,10
4415,984.7817546533463,141.24833428591668,10
4416,985.1983913607846,141.29794827970926,10
4417,985.3896203220063,141.1194264283941,10
4418,985.7475390767211,141.18257819366985,10
4419,985.8585118490635,141.3002534491462,10
4420,986.1029202387772,141.2918833900826,10
4421,986.3732170980984,141.2796704358661,10
4422,986.6418490756945,141.18116703080005,10
4423,986.9933298159078,141.19921121438207,10
4424,987.2915004272897,141.37543796507384,10
4425,987.4225400111369,141.34306822071545,10
4426,987.639403902044,141.39099909453594,10
4427,987.9290496167938,141.38756771578215,10
4428,988.0555096337055,141.38169641797725,10
4429,988.2288968305613,141.37017712892774,10
4430,988.3926966256683,141.29031119328133,10
4431,988.7186064489794,141.27446328039207,10
4432,988.9302159346677,141.44703467020668,10
4433,989.2190159400407,141.38524219039715,10
4434,989.5119993468925,141.36271792045673,10
4435,989.8811716384822,141.43277439329137,10
4436,990.2061861139819,141.43719272506854,10
4437,990.3334462169036,141.3626244254994,10
4438,990.524725159719,141.39978899918228,10
4439,990.598010971073,141.42859144800227,10
4440,990.8319644619885,141.49097744049342,10
4441,990.9464817963768,141.557560099894,10
4442,991.2038206555975,141.5138549557247,10
4443,991.4561274111647,141.4242144607292,10
4444,991.5829443629673,141.26821729937012,10
4445,991.8156629984775,141.29324724223372,10
4446,992.0675632491879,141.20616191890517,10
4447,992.2901716725164,141.2013341160519,10
4448,992.4506348171988,141.22654193857736,10
4449,992.6225644556923,141.290804299388,10
4450,992.9773311911579,141.25891173642475,10
4451,993.2061075351323,141.2877935487908,10
4452,993.2793556554064,141.3917181366199,10
4453,993.5785150137059,141.50900958962373,10
4454,993.8258179150465,141.5252670205062,10
4455,994.135035660283,141.5596250763938,10
4456,994.3434515852063,141.4897348755528,10
4457,994.6131460903807,141.50657445127723,10
4458,995.0049731852008,141.72726081811496,10
4459,995.3524503698349,141.81881547679723,10
4460,995.4870742944513,141.92474104716396,10
4461,995.6776158099532,142.0478253319117,10
4462,995.8711312707408,142.07979816492818,10
4463,996.1415098508685,142.01835258701442,10
4464,996.2722072511858,142.1047915662815,10
4465,996.4262710831943,142.2224515586017,10
4466,996.4598016390335,142.25231386526735,10
4467,996.7188812501727,142.23365305940013,10
4468,996.8253454322628,142.20183649503142,10
4469,997.2086688752812,142.24255444297026,10
4470,997.4734246550512,142.44826944942074,10
4471,997.6527486209001,142.57461923944317,10
4472,997.8875734717049,142.74255773185897,10
4473,998.0548204099599,142.71268214111245,10
4474,998.1474376984258,142.74531976632164,10
4475,998.3180636615914,142.9923275947106,10
4476,998.4496502627283,143.15747246128382,10
4477,998.7067485492529,143.3492635630522,10
4478,998.9814817701454,143.57293103701554,10
4479,999.1961197577966,143.74256453032623,10
4480,999.4107570642434,143.85962062209097,10
4481,999.5209124779419,143.99798025073545,10
4482,999.8179975472873,144.1662585000605,10
4483,1000.0745253971638,144.29834749219862,10
4484,1000.3236382191833,144.4856442982255,10
4485,1000.4874996321471,144.30517462056457,10
4486,1000.7823291781813,144.4149542424984,10
4487,1001.1135854164474,144.6741967501385,10
4488,1001.4483006698086,144.93539097984905,10
4489,1001.8063260191182,145.22107924984888,10
4490,1002.1445967301903,145.26336316773654,10
4491,1002.5375617269938,145.34826011228844,10
4492,1002.786473312616,145.5403893395676,10
4493,1003.0848998480282,145.7048788172931,10
4494,1003.259633154306,145.83922163978704,10
4495,1003.3938255671383,145.84902311256104,10
4496,1003.6608320786856,145.74169545566232,10
4497,1003.9321428533689,145.89930491260057,10
4498,1004.1224893483329,145.94287422501574,10
4499,1004.4548728135985,145.9660658885943,10
4500,1004.747482214903,145.99227625093448,10
4501,1004.999285702738,145.89440821505357,10
4502,1005.3294245465543,145.92985912339208,10
4503,1005.5243265932719,145.74328952039622,10
4504,1005.8061153839511,145.8093998309653,10
4505,1005.9452584482618,145.8401414379634,10
4506,1006.0314530297497,145.72226987652837,10
4507,1006.1965320721732,145.73645865287267,10
4508,1006.3212775373547,145.73990423934336,10
4509,1006.4555210531174,145.81223635181723,10
4510,1006.4618727617587,145.81544813927985,10
4511,1006.5133778439473,145.7840610294761,10
4512,1006.6008311225376,145.72586255017433,10
4513,1006.8328370366613,145.71766315722257,10
4514,1007.031468123147,145.91060841677145,10
4515,1007.2660559094427,145.8292200398329,10
4516,1007.5130230167209,145.73493805291344,10
4517,1007.7036356774446,145.7877453247304,10
4518,1007.8697793189265,145.86071848375627,10
4519,1007.9571122610354,145.8028982371577,10
4520,1008.0422565164911,145.7454333662262,10
4521,1008.1473656275463,145.72188386517092,10
4522,1008.220251491907,145.69341812371482,10
4523,1008.2496381017052,145.67444909659338,10
4524,1008.5224333857952,145.6249626881683,10
4525,1008.6922665790568,145.63676432170843,10
4526,1009.0209028967171,145.5403907851773,10
4527,1009.1858149309312,145.364215399141,10
4528,1009.5942785692139,145.38829048727345,10
4529,1009.9075361722968,145.38728530859458,10
4530,1010.3667826412824,145.50200771085258,10
4531,1010.6210212703103,145.42989307640278,10
4532,1010.9657495585012,145.52496825966043,10
4533,1011.3013216907891,145.40091874570854,10
4534,1011.5996005761083,145.45861308233046,10
4535,1011.8957112991226,145.48144234161296,10
4536,1012.1637771626944,145.54810432508592,10
4537,1012.3593601076036,145.6301271541193,10
4538,1012.5907729774448,145.61103100037903,10
4539,1012.8005216046946,145.712680880736,10
4540,1012.8934506915641,145.70998640562658,10
4541,1013.104578677011,145.85160886788984,10
4542,1013.3231970078032,146.05505850301782,10
4543,1013.4796338339289,145.99558307189693,10
4544,1013.7114415619308,145.97345817029634,10
4545,1013.8867657857991,145.8666976425104,10
4546,1014.2016713085857,145.93517991428325,10
4547,1014.3315281849693,146.00792637221244,10
4548,1014.5046554040975,146.03093451890626,10
4549,1014.6141494394875,146.15589109347871,10
4550,1014.8228250170835,146.2478274693181,10
4551,1014.9470169695462,146.23378062573974,10
4552,1015.1742705580833,146.36618390059098,10
4553,1015.3061437718072,146.4471402190366,10
4554,1015.7180298662654,146.62451989342853,10
4555,1016.046838186469,146.73992010320404,10
4556,1016.2210150052039,146.924856899658,10
4557,1016.4309647712358,146.97725577965738,10
4558,1016.5980670765364,147.11948071014714,10
4559,1016.6827042138664,147.0628342675901,10
4560,1016.8439583277552,147.0798598220393,10
4561,1016.9278701213992,147.03011963775515,10
4562,1016.956065509102,147.05114585655764,10
4563,1017.1373588609346,147.0517424676944,10
4564,1017.3648170029603,147.15890687087557,10
4565,1017.5269153342739,147.30429031615137,10
4566,1017.6506965862467,147.29267133472328,10
4567,1017.7376837257494,147.3663456100699,10
4568,1017.8440965823347,147.45987799455787,10
4569,1018.0904914515313,147.56562324295734,10
4570,1018.3531854003962,147.56370850530695,10
4571,1018.6768680275538,147.6218423768377,10
4572,1018.7885613527102,147.68413040324015,10
4573,1019.0335088952697,147.67235672386116,10
4574,1019.2590370438044,147.65316434210854,10
4575,1019.5287745302301,147.6081328356881,10
4576,1019.9572877854307,147.55236813163978,10
4577,1020.2124497993302,147.59677647446378,10
4578,1020.3230171420615,147.6883213372156,10
4579,1020.6514204456425,147.90048623197677,10
4580,1020.8994223641863,148.16750157641331,10
4581,1021.2249140326143,148.20120239492218,10
4582,1021.4725418346094,148.4684210092288,10
4583,1021.639194112687,148.53099515929244,10
4584,1021.8055032639938,148.3047082093455,10
4585,1021.8955538295052,148.1879380687568,10
4586,1022.058886551067,147.96659388626853,10
4587,1022.1635530394693,147.82592389499067,10
4588,1022.1894454334342,147.79342650561256,10
4589,1022.2809273912441,147.87257516196428,10
4590,1022.3648034562541,147.95298070224322,10
4591,1022.4924957154905,147.95607440696006,10
4592,1022.6558508414616,147.8013640003247,10
4593,1022.9001009125641,147.7898769944021,10
4594,1023.0094232998424,147.67126185085013,10
4595,1023.1163739523472,147.7423543721587,10
4596,1023.2704827111277,147.5925787546126,10
4597,1023.4605317711205,147.46366960685904,10
4598,1023.6307377866026,147.29702259308465,10
4599,1023.6639120805601,147.27564534814638,10
4600,1023.8263628769948,147.16784101028665,10
4601,1023.988724806574,147.0781299723289,10
4602,1024.072748892986,147.0196125600272,10
4603,1024.266250901655,147.07235266252377,10
4604,1024.5186837607844,147.2031496266169,10
4605,1024.6863242932163,147.09742540578978,10
4606,1024.898095933379,147.11966324305394,10
4607,1025.1123261126645,147.1551268317588,10
4608,1025.2787379360893,147.2521458573183,10
4609,1025.3132581679952,147.23707976181262,10
4610,1025.419900636088,147.17182295773628,10
4611,1025.6032062420966,147.0972612666656,10
4612,1025.9270485241527,146.98952245918414,10
4613,1026.0340678906389,146.85555189254734,10
4614,1026.066141721693,146.84851185969907,10
4615,1026.4872843132057,146.692442809734,10
4616,1026.7065007178758,146.48705187981724,10
4617,1026.903726169307,146.3656754922828,10
4618,1027.1048942910486,146.42512077607844,10
4619,1027.3043714442165,146.45913379008698,10
4620,1027.4353605726399,146.5270505069099,10
4621,1027.6288957209804,146.50451395823183,10
4622,1027.9251462763755,146.4848694962285,10
4623,1028.1976603629384,146.24269896884502,10
4624,1028.3856666151642,146.06875626214648,10
4625,1028.6363643824993,146.11619685237807,10
4626,1028.8244807040705,146.01239849262865,10
4627,1029.069397817658,145.83509425905126,10
4628,1029.1544465294587,145.82030553276547,10
4629,1029.3641955192284,145.80208443988994,10
4630,1029.524959207501,145.8224879077884,10
4631,1029.5785604722173,145.83990599600898,10
4632,1029.8062018439425,145.6896914810178,10
4633,1029.8876719993,145.7580964342803,10
4634,1030.0482278950558,145.7807493073415,10
4635,1030.2345045604172,145.73973157709716,10
4636,1030.3193621227813,145.72790911013612,10
4637,1030.4857699279312,145.66446975959585,10
4638,1030.6527349520359,145.53978923510823,10
4639,1030.7387331695186,145.42725325322164,10
4640,1030.8288545471646,145.31258961272633,10
4641,1030.922551797265,145.19912253097854,10
4642,1031.0078725247242,145.08759045785433,10
4643,1031.0906144113064,145.03927796608892,10
4644,1031.1963525867707,145.0127342671325,10
4645,1031.301031643595,144.8882532315285,10
4646,1031.3860780458335,144.7747845677817,10
4647,1031.5766137185203,144.81400413871418,10
4648,1031.7125167490944,144.82098928087976,10
4649,1031.8622140988707,144.91964944992014,10
4650,1031.890984509861,144.890751985495,10
4651,1032.0968953789372,144.89825232453157,10
4652,1032.2273661008712,144.7867614094204,10
4653,1032.2288322479606,144.78616655209058,10
4654,1032.459713421787,144.71946958858427,10
4655,1032.7023955009215,144.6224048318697,10
4656,1032.9453649598042,144.4417647179267,10
4657,1033.1904581902768,144.22940652450606,10
4658,1033.4372351485965,144.17287757370292,10
4659,1033.7245213729127,143.86790087675078,10
4660,1033.9302099523602,143.67569434688872,10
4661,1034.1196177013112,143.66014086343353,10
4662,1034.364773170708,143.7326138636457,10
4663,1034.5155775472047,143.72495499858758,10
4664,1034.842304377844,143.6611119279092,10
4665,1035.1708506560708,143.69733471261782,10
4666,1035.5862130459618,143.7267774259483,10
4667,1036.0997115675839,143.8141354461733,10
4668,1036.5295699826386,143.8874912250669,10
4669,1036.722068691998,143.88259457304542,10
4670,1037.0526024806263,143.83797785829904,10
4671,1037.3891476187719,144.0546027003637,10
4672,1037.7408650537386,144.05667368828338,10
4673,1038.009300083529,144.0391101572143,10
4674,1038.4181503376099,144.05755159693496,10
4675,1038.5059321728083,144.01153500601407,10
4676,1038.8306261600205,143.79164535667843,10
4677,1039.1641872848727,143.76000006464926,10
4678,1039.4523725993586,143.76020042255826,10
4679,1039.5374571764964,143.7173556348445,10
4680,1039.7131728051518,143.80407944570152,10
4681,1039.9606619032552,144.00278417175318,10
4682,1040.0918995219395,144.09987650142094,10
4683,1040.3012532301889,144.0875423787814,10
4684,1040.535689055768,144.14111483485578,10
4685,1040.8880172831339,144.06113948848073,10
4686,1041.05662751432,143.89214835775908,10
4687,1041.3093417108512,143.87022142024088,10
4688,1041.5243224291887,143.78688803292647,10
4689,1041.9360811666045,143.8223763708069,10
4690,1042.2076106085606,143.83226821143677,10
4691,1042.368588379876,143.80618455639453,10
4692,1042.6199171513622,143.84083909537478,10
4693,1042.9390775661077,143.81632654302837,10
4694,1043.1383699739067,143.78251193381323,10
4695,1043.3383958213021,143.78676113842835,10
4696,1043.675269896914,143.79700791269187,10
4697,1043.9666926074597,143.8893914549102,10
4698,1044.3030032640322,143.89532118607107,10
4699,1044.534946036711,143.96136569152148,10
4700,1044.853085429558,144.033558681163,10
4701,1045.127893776475,144.22243989775973,10
4702,1045.420218429423,144.39710281068068,10
4703,1045.679468002807,144.40190646138322,10
4704,1045.9761053889258,144.54812168456752,10
4705,1046.1686904630224,144.5687663610538,10
4706,1046.2801055729685,144.42994738944864,10
4707,1046.5925439823231,144.415872171494,10
4708,1047.0242962460588,144.2654175193223,10
4709,1047.342262403288,144.30410674459466,10
4710,1047.5108777924127,144.159131070397,10
4711,1047.7247665430364,144.26173607386147,10
4712,1047.9979200429138,144.2305926007824,10
4713,1048.0838314562945,144.36289675981632,10
4714,1048.2756218293455,144.39825634976853,10
4715,1048.4647374035108,144.23503012866098,10
4716,1048.8781216705415,144.29550054924476,10
4717,1049.047582300484,144.1567471212266,10
4718,1049.298863765513,144.37317958434178,10
4719,1049.4954776217712,144.59777595063514,10
4720,1049.788822794087,144.7517642123674,10
4721,1050.0587283562136,144.77600885152256,10
4722,1050.249745191743,144.88436295809265,10
4723,1050.4237691797478,144.96236710718276,10
4724,1050.5899845937818,145.04124933415332,10
4725,1050.7781404242837,145.08917416007623,10
4726,1050.8865453560632,144.95954186978668,10
4727,1051.0776807782727,144.9465944872347,10
4728,1051.0796473141531,144.94643946792252,10
4729,1051.1915205739776,145.0495637296979,10
4730,1051.3625602221487,145.15282595748488,10
4731,1051.4732061587142,145.10705264637554,10
4732,1051.5837689806217,145.20982665545668,10
4733,1051.6707002188386,145.32956583694622,10
4734,1051.7767159019584,145.44163236148808,10
4735,1051.861316388152,145.56325302238255,10
4736,1051.972102242647,145.66230623030899,10
4737,1052.0994641490593,145.75149231678472,10
4738,1052.1472864825707,145.73708218055984,10
4739,1052.2311632192695,145.8578295309098,10
4740,1052.3022556513583,145.8751436685885,10
4741,1052.35110238066,145.8984113883717,10
4742,1052.4760677175996,145.77432213772514,10
4743,1052.5667956250425,145.83704129102136,10
4744,1052.699685951743,145.9229507494006,10
4745,1052.790525452698,145.92263746163658,10
4746,1052.9220861718834,145.977493374054,10
4747,1053.0046350080497,145.8711560362669,10
4748,1053.2551534016684,145.8264656824837,10
4749,1053.3426490931365,145.79768594902436,10
4750,1053.5075096989801,145.88700063608752,10
4751,1053.6606121092705,145.99314957444753,10
4752,1053.727536328773,145.96977029270502,10
4753,1053.899441197069,146.06033364048199,10
4754,1054.147158407888,146.0292200993126,10
4755,1054.4737784105944,145.98141849343335,10
4756,1054.6847614263913,146.0158231275883,10
4757,1054.9907822649907,145.96445549310786,10
4758,1055.3162796790075,145.90450779714416,10
4759,1055.6058484588261,145.91595605719698,10
4760,1055.8148005288517,145.81175787915586,10
4761,1056.0812115291058,145.7690087011619,10
4762,1056.266612609324,145.613392138725,10
4763,1056.4728566501258,145.5235497865323,10
4764,1056.5796291977865,145.64163511096694,10
4765,1056.8104215393225,145.59354920307408,10
4766,1056.8380220959589,145.58320718675088,10
4767,1057.1465929444369,145.66831974319655,10
4768,1057.2498030362192,145.72439283066245,10
4769,1057.3190556545833,145.6522205677007,10
4770,1057.4713523787755,145.6967856942161,10
4771,1057.614153242327,145.59841771748887,10
4772,1057.7711460931946,145.7177311221215,10
4773,1057.9906732967602,145.7630198551509,10
4774,1058.1285352525688,145.6997388711017,10
4775,1058.3641254298618,145.7055911662655,10
4776,1058.6646757533624,145.73043451291883,10
4777,1058.75508170029,145.70580603810362,10
4778,1058.8453172796324,145.64501326860722,10
4779,1059.0398878995197,145.6694832020988,10
4780,1059.1090607553706,145.5782947385525,10
4781,1059.1360540837056,145.5734599481781,10
4782,1059.2262680634547,145.54012391052512,10
4783,1059.332253273598,145.5046918457329,10
4784,1059.4391970491638,145.36466374472704,10
4785,1059.7137680368437,145.28585348500164,10
4786,1060.028640893699,145.18228373056905,10
4787,1060.2020946215762,145.01933644821113,10
4788,1060.3300390983798,144.97876643286222,10
4789,1060.5386014141534,144.78150677824215,10
4790,1060.713098280578,144.8732759779764,10
4791,1060.8455081511288,144.9898330510884,10
4792,1060.9608957271487,145.1141183193044,10
4793,1061.233585150199,145.1132988057779,10
4794,1061.3838869107606,144.99218878730613,10
4795,1061.5529543602447,145.0961461455336,10
4796,1061.8659640840774,145.05160491950588,10
4797,1062.1910094756245,144.84126929340016,10
4798,1062.587105952176,144.8568350045523,10
4799,1062.8992791747028,144.80357116010055,10
4800,1063.2119311703736,144.88228391392693,10
4801,1063.3202744088844,144.98571203694615,10
4802,1063.5168101472989,145.06313943454828,10
4803,1063.7543785287185,145.14650294023528,10
4804,1064.0915369820239,145.27393406705315,10
4805,1064.2230525362943,145.28773411872635,10
4806,1064.5754392409347,145.2583895726859,10
4807,1064.6222161288456,145.2432669704104,10
4808,1064.8278945433628,145.18280215605648,10
4809,1064.9795727515732,145.11189064767126,10
4810,1065.0848415131431,145.06847365622426,10
4811,1065.2140076750036,144.9272954374903,10
4812,1065.3667519451496,144.97769529794658,10
4813,1065.5573622831323,144.82097767037277,10
4814,1065.664865869674,144.7249433056228,10
4815,1065.7746310065272,144.71301628338594,10
4816,1066.0164809468824,144.50970104893665,10
4817,1066.2412601265269,144.52695199255103,10
4818,1066.4471313816052,144.37777396896627,10
4819,1066.5960491985636,144.43313409665393,10
4820,1066.7646868184813,144.51233606756261,10
4821,1066.9286952353043,144.34527201951312,10
4822,1067.2544145653496,144.04430191440878,10
4823,1067.4187252381605,143.8844119444866,10
4824,1067.5227297766564,143.76415449699354,10
4825,1067.7484366762362,143.71821595926468,10
4826,1067.778141097717,143.6898087036155,10
4827,1067.8856496352985,143.66933566968407,10
4828,1067.9934716296787,143.60404499885425,10
4829,1068.0994210728013,143.5493109376884,10
4830,1068.3455398553735,143.3660627020993,10
4831,1068.4510152878747,143.27786328288227,10
4832,1068.5608079435058,143.16510600710203,10
4833,1068.7152708804786,143.07974444457253,10
4834,1068.948173407081,143.02077544244625,10
4835,1069.214342835243,142.80163431902793,10
4836,1069.4455894319067,142.64116676202752,10
4837,1069.659005477401,142.56460282359015,10
4838,1069.932638036676,142.36498750394367,10
4839,1070.1142834443253,142.2448155686861,10
4840,1070.3393255845249,142.07599244017567,10
4841,1070.4705772485834,142.04734111291668,10
4842,1070.8195173670003,141.82661271543603,10
4843,1071.0863723778155,141.6275831919585,10
4844,1071.434841727594,141.49714197393973,10
4845,1071.6017286320314,141.53685680584013,10
4846,1071.7737659210459,141.55779350916424,10
4847,1072.104514776701,141.52722404243693,10
4848,1072.2919717281275,141.38685485950458,10
4849,1072.5610746006198,141.26790675046954,10
4850,1072.8317908503673,141.13934858529728,10
4851,1073.0426895105106,141.02051720652733,10
4852,1073.1703326932725,140.94070023884635,10
4853,1073.280257036243,140.9895106666991,10
4854,1073.385211171621,140.92779408638378,10
4855,1073.4670599181195,140.9841624216988,10
4856,1073.5951709816793,140.92009569169164,10
4857,1073.7830557839668,140.86460004226763,10
4858,1073.9494451375554,140.799118954512,10
4859,1074.058743385503,140.80350325361323,10
4860,1074.289644409599,140.83311605002848,10
4861,1074.4552923952751,140.83621556589043,10
4862,1074.6425846674927,140.91145775424258,10
4863,1074.6951813383548,140.94183355119674,10
4864,1074.9857646251737,140.8817194902467,10
4865,1075.138536593773,140.81306140174618,10
4866,1075.2247894953966,140.79636934421174,10
4867,1075.334953816621,140.7683975277563,10
4868,1075.4387689775451,140.73286089505274,10
4869,1075.6048038128224,140.69668965200933,10
4870,1075.6104407247112,140.6968109317726,10
4871,1075.6637557437675,140.69229224430487,10
4872,1075.66674875527,140.69131921830206,10
4873,1075.752538167118,140.63129222239118,10
4874,1075.7826906069429,140.64648582400207,10
4875,1076.029221239155,140.63285964998795,10
4876,1076.1392754470994,140.605596710063,10
4877,1076.410833609073,140.5163454414688,10
4878,1076.763370590556,140.3719405517509,10
4879,1077.1389256644247,140.2003528474614,10
4880,1077.510701887219,140.11401809183806,10
4881,1077.8329384137453,140.1459284181941,10
4882,1077.922733722608,140.21290932469478,10
4883,1078.2117269942646,140.14405115923202,10
4884,1078.5385210183606,140.01493330692014,10
4885,1078.8082012245575,139.89227973714233,10
4886,1079.0547166639562,139.660736295461,10
4887,1079.42616967414,139.43067616914408,10
4888,1079.655485708714,139.26420023588696,10
4889,1079.8469266881598,139.15127107296428,10
4890,1080.176954096241,138.90192153329954,10
4891,1080.4246749960116,138.79512703698498,10
4892,1080.6949638720687,138.78303161987193,10
4893,1080.7806828165944,138.66229818354566,10
4894,1080.8909264581637,138.53013204586796,10
4895,1081.062731202514,138.53730363763336,10
4896,1081.232915720596,138.5512806362562,10
4897,1081.4450912154657,138.52959089174033,10
4898,1081.6590189547694,138.44816703128683,10
4899,1081.765808968209,138.47089024420512,10
4900,1082.0138295896109,138.53847155402167,10
4901,1082.1776094048246,138.66177558695267,10
4902,1082.260575193547,138.60965158000866,10
4903,1082.3484653651262,138.67253036895158,10
4904,1082.6224915155913,138.92240208583002,10
4905,1082.991140289765,139.13805955218038,10
4906,1083.1583885923421,139.34065766495468,10
4907,1083.3077701028121,139.41907532153945,10
4908,1083.4157166152854,139.5373704551593,10
4909,1083.8184743875852,139.54273577065993,10
4910,1084.0314788921746,139.49483826090398,10
4911,1084.399193417818,139.3620475035615,10
4912,1084.810044907194,139.12932085446275,10
4913,1085.2265700197943,138.99735578290648,10
4914,1085.4815883485203,139.0784660843113,10
4915,1085.772693886814,139.13936935339692,10
4916,1086.0093789419518,138.99041946412748,10
4917,1086.183355176402,139.0488673301356,10
4918,1086.395000244791,139.1255145827358,10
4919,1086.6085611904466,139.1634692794319,10
4920,1086.8178426842999,139.04343368105145,10
4921,1087.0881178774987,139.06247224616916,10
4922,1087.24982303143,139.10711616109506,10
4923,1087.4595746853463,139.07631202621147,10
4924,1087.8395113533718,139.22312488303595,10
4925,1088.24285040691,139.2320503529507,10
4926,1088.3954352140886,139.2783213821768,10
4927,1088.6256100080484,139.25399854417788,10
4928,1088.9385361193229,139.27434120055537,10
4929,1089.0662168015238,139.27861782926158,10
4930,1089.1339254551199,139.3048348943837,10
4931,1089.2904109834828,139.29507689735146,10
4932,1089.4863673873126,139.32974619634726,10
4933,1089.5794970112415,139.34380195199088,10
4934,1089.8166533212886,139.45153769098937,10
4935,1090.051681944403,139.48774765427572,10
4936,1090.2392654140097,139.50541583850014,10
4937,1090.4865755585627,139.59081883847006,10
4938,1090.8187179823592,139.7179412810923,10
4939,1091.0044165696518,139.67572313732873,10
4940,1091.0302817604863,139.6900814503497,10
4941,1091.2184037438265,139.73309325827475,10
4942,1091.3040306835535,139.86240828062125,10
4943,1091.4152498823632,139.90312641607957,10
4944,1091.7713164856614,139.74485560135707,10
4945,1092.1022557690808,139.78048653561032,10
4946,1092.2324933012105,139.7343524155961,10
4947,1092.4263547594635,139.93272513716022,10
4948,1092.838899898426,140.08724445288019,10
4949,1093.188107035423,140.15456165177233,10
4950,1093.4372382419617,140.47860791011752,10
4951,1093.8098373250327,140.72487368553897,10
4952,1094.1369423210886,140.8613297075555,10
4953,1094.4944108841323,140.8657495765643,10
4954,1094.8266073593609,140.92117288203076,10
4955,1095.0754678426642,140.97884491616296,10
4956,1095.3497854514615,141.1254709220858,10
4957,1095.6042390595956,141.03336159770205,10
4958,1095.9565896275897,141.25914394390765,10
4959,1096.4756592552112,141.35933476015464,10
4960,1096.8470476018977,141.5936918351892,10
4961,1097.174091623402,141.65964028847847,10
4962,1097.6285773102159,141.67211250741727,10
4963,1097.8783844185405,141.89890979552604,10
4964,1098.126278855501,142.1066352792715,10
4965,1098.6401514804486,142.24584640708454,10
4966,1098.723998750714,142.22157244512195,10
4967,1099.0794425535798,142.3192994905953,10
4968,1099.2130649632509,142.47198974643777,10
4969,1099.562666377019,142.65509243458396,10
4970,1099.7531667156202,142.7224426961406,10
4971,1099.88524135439,142.75966446686047,10
4972,1100.2927670637441,142.88078621138203,10
4973,1100.4772499731175,142.79337566095154,10
4974,1100.626247215047,142.77925903010876,10
4975,1100.8815446863505,142.7983990750797,10
4976,1100.9076125633246,142.8214768500313,10
4977,1101.2398727974935,142.8542177663795,10
4978,1101.5924579417565,142.8222050317658,10
4979,1101.7597482260487,142.9325086341367,10
4980,1101.8447644688192,143.05612094746607,10
4981,1102.0377897587891,143.1202711673658,10
4982,1102.0707532954675,143.14155502214436,10
4983,1102.0787346221573,143.14195496193744,10
4984,1102.3742116703681,143.20810466962683,10
4985,1102.5268169990436,143.1893685765661,10
4986,1102.717575414973,143.06023170108574,10
4987,1103.008801895376,143.23477015474305,10
4988,1103.3575178912645,143.46373670209812,10
4989,1103.5424773251711,143.4912718072161,10
4990,1103.6527996091759,143.46891115186787,10
4991,1103.8601387424517,143.35292079603076,10
4992,1103.9674035616886,143.32989200203335,10
4993,1104.136705396215,143.29630780340992,10
4994,1104.299452893975,143.33376275847488,10
4995,1104.4650629872206,143.37529182577114,10
4996,1104.551433807244,143.45736767387103,10
4997,1104.6332433611992,143.41910380250405,10
4998,1104.706817586851,143.44964836862167,10
4999,1104.7379376114866,143.44143084974812,10
5000,1104.8054834230018,143.47335610519391,10
