t,cum_regret_mean,cum_regret_sd,n_runs
1,0.0,0.0,10
2,0.17497916537089403,0.3688841253246772,10
3,0.47944505728295894,0.5986397113918663,10
4,0.9596503432918668,0.7011218244587812,10
5,1.134592636798612,0.6754225424629767,10
6,1.505078896231659,0.7242305392575588,10
7,1.8106266920010163,0.8518331568244911,10
8,2.2912579597957095,0.6577260448281822,10
9,2.6630637688189642,0.8384175716712667,10
10,2.9684194349113437,0.8703928502980758,10
11,3.1211211016814673,1.027217083151287,10
12,3.4051721009344313,1.0033440322694094,10
13,3.5585382803217,1.155197490122638,10
14,3.7987425913553237,1.1951953651606433,10
15,4.17054173349726,1.399565079245744,10
16,4.476155938364782,1.6220463881295,10
17,4.912425425870535,1.8168737798867367,10
18,5.15312260062927,2.067107540089598,10
19,5.547538022345306,2.243125175755658,10
20,5.788031233538977,2.320890800660642,10
21,5.940662918437595,2.5647316418096153,10
22,6.378826938439512,2.9355457440940285,10
23,6.816156211659513,3.2228341257671427,10
24,7.231034316005919,3.390734043816356,10
25,7.624837622796482,3.5754400870423457,10
26,8.105111092252809,3.710359217497206,10
27,8.737920393741865,3.747508898991583,10
28,9.152132702523307,3.7955018805423917,10
29,9.45755457096837,3.9650928377303036,10
30,9.80594115113735,4.156389593810836,10
31,10.154249132937217,4.249026372605026,10
32,10.482032479948671,4.251131744083715,10
33,11.006545991734622,4.355701962738545,10
34,11.22459256232968,4.448743920941865,10
35,11.551706090555609,4.722821056405254,10
36,12.14047463460285,4.949253710213532,10
37,12.817476740495422,4.941762900553152,10
38,13.363196715890709,5.0711032418072435,10
39,13.779372940252873,5.263874131705864,10
40,14.174434797194664,5.219693067038597,10
41,14.676770311133598,5.235695080088477,10
42,15.026035552452452,5.3397046408240785,10
43,15.201563358088233,5.230113424573092,10
44,15.812294983874304,5.263731184431376,10
45,16.401835095635462,5.143603862562084,10
46,16.83909954862384,5.127401684462262,10
47,17.14603699220805,5.273718189604307,10
48,17.429341240555026,5.515501702124841,10
49,17.58389433802846,5.4667623734945465,10
50,17.77955868174841,5.490223036386157,10
51,18.0207268197563,5.577331562874125,10
52,18.39228009844757,5.66313129381894,10
53,18.806872526803154,5.693887624919404,10
54,19.13530712565912,5.834323410662155,10
55,19.615318432709344,6.047391102327937,10
56,20.009454275054956,6.0253255706616775,10
57,20.27171043787408,6.1927658255409215,10
58,20.53431098339355,6.328607375288125,10
59,20.970429990853063,6.466761197754502,10
60,21.276302438882006,6.449154297067579,10
61,21.56048648457196,6.399257348760455,10
62,21.90924204495943,6.681615626999396,10
63,22.06246253568012,6.661157658158473,10
64,22.565403820056876,6.717641338556394,10
65,22.914965094884465,6.904433033184305,10
66,23.242836181087256,6.821526485663223,10
67,23.526584299292807,6.820735329375939,10
68,23.897036039143984,7.0875808779957294,10
69,24.2454619499149,7.359082198749699,10
70,24.5731771721307,7.296300299051082,10
71,24.727013006440036,7.294707695541655,10
72,25.162964948277967,7.368660801573997,10
73,25.512486597559008,7.560875162523843,10
74,25.841155632887318,7.553214285443596,10
75,26.212433002978294,7.572774658385486,10
76,26.671278781941766,7.736031855175592,10
77,27.21683748673275,7.7731051726264,10
78,27.632124396625624,7.670054344304175,10
79,28.112623755280794,7.601560006219102,10
80,28.354530166741178,7.464385563050962,10
81,28.92251017840361,7.438520270491774,10
82,29.468810300084886,7.3327059714210545,10
83,29.86285768570888,7.008646018349379,10
84,30.125522464676806,7.160308855429701,10
85,30.301369512897292,7.0334248571770015,10
86,30.93443102262497,7.146542521304217,10
87,31.219233690971187,7.229647195764678,10
88,31.787224970812407,7.425187157887324,10
89,32.09398136744279,7.26203544883892,10
90,32.31385148986293,7.297173008394677,10
91,32.70830906824871,7.301130314458737,10
92,32.99318322111082,7.200350744939603,10
93,33.364909919357345,7.51538126684167,10
94,33.69342151180252,7.744608751741622,10
95,34.15232721138307,7.835311992070998,10
96,34.56627209250138,7.776606041524684,10
97,34.85057637743172,7.762887936133083,10
98,35.243875071506416,7.912345342811468,10
99,35.70149160688397,8.157732932444338,10
100,36.18080262618039,8.275940636837385,10
101,36.55199401531259,8.346235913979635,10
102,36.96716088899328,8.569626610147766,10
103,37.31656503100735,8.806430624596324,10
104,37.57841109607772,8.926553786013017,10
105,37.75337506917331,8.997750329925388,10
106,38.16848890040171,9.10106386461755,10
107,38.69341533488596,9.116628646513758,10
108,38.99868953766351,9.31546691462544,10
109,39.282867131400025,9.389686280898491,10
110,39.78504141955299,9.481715687543435,10
111,40.15597055953487,9.598927077302346,10
112,40.50483018123573,9.785509623212972,10
113,41.09453858182826,9.851596311989363,10
114,41.20435726629058,9.859464607574264,10
115,41.641254988044736,9.880838315805947,10
116,42.121724936850924,10.031525053272286,10
117,42.71108324238751,10.042331826599353,10
118,43.19177227360531,10.00568639825954,10
119,43.45429005860991,10.061796999056702,10
120,43.651096916806466,10.043583788260667,10
121,43.82613022264775,10.013748865724068,10
122,44.43694938729405,10.223888558456691,10
123,44.78756033294309,10.31450701300231,10
124,45.07200101183665,10.293876674029816,10
125,45.443900279729036,10.250886992978254,10
126,46.0774270403175,10.104117200953404,10
127,46.55743249686352,10.278094017191712,10
128,47.14867343252021,10.432594397442857,10
129,47.58775323560882,10.48561109116045,10
130,47.87371205582508,10.421096158941724,10
131,48.09228245144463,10.518442606303088,10
132,48.55165147299415,10.588994319472462,10
133,49.05554794924947,10.35795138662661,10
134,49.49260027446165,10.478589658309597,10
135,49.79952690201971,10.313693645321303,10
136,50.170684214921394,10.55831899380593,10
137,50.73938969954065,10.643832367602965,10
138,51.15471357512075,10.782373206982305,10
139,51.52868346873781,10.641444136026763,10
140,51.92257097609164,10.66122957305637,10
141,52.51333260598788,10.556407608807891,10
142,52.84217840206425,10.361353615554586,10
143,53.105341174765044,10.351062344770579,10
144,53.45525091873003,10.374387478254713,10
145,53.7188579329679,10.357869782930031,10
146,54.11231970815894,10.44757495656325,10
147,54.549587787827264,10.45274791847874,10
148,54.92145566557049,10.413522230498614,10
149,55.380534367520326,10.305432893926328,10
150,55.64321166388579,10.464200710183686,10
151,55.97092847341204,10.613116681314313,10
152,56.51767724148997,10.767407532889761,10
153,57.0417277545793,10.774850846667224,10
154,57.370201572349,10.924790038573626,10
155,57.720307960628304,10.89377735898843,10
156,58.398113050511505,10.788432376685394,10
157,58.83575164337765,10.66234783955917,10
158,59.120933061632584,10.455909851870137,10
159,59.710120517632745,10.583126567167362,10
160,60.30073011646773,10.537670113581681,10
161,60.91396502727368,10.620662202138796,10
162,61.22074147179777,10.505428618243442,10
163,61.57084600069978,10.729045275033352,10
164,61.96677780898752,10.67450337917889,10
165,62.426000469226665,10.795164917358164,10
166,62.88442719347478,11.010873919312068,10
167,63.2120619917179,10.985155291036106,10
168,63.6484840964243,11.094759481367003,10
169,64.10806074559304,11.09194731633959,10
170,64.52409676285112,11.266519524280545,10
171,64.80865969506492,11.360557271041058,10
172,65.50880303638192,11.240789111241687,10
173,65.70587554392323,11.236259988350607,10
174,66.16460308721801,11.38854969850284,10
175,66.66674502625605,11.625181305007942,10
176,67.08159478169287,11.558575458889907,10
177,67.43138096792272,11.599455649368476,10
178,67.82429977038761,11.41052733335542,10
179,68.43615557702854,11.316425947708913,10
180,68.70029191132843,11.06448749296443,10
181,69.13803641851598,10.99717872752414,10
182,69.79392589630189,10.964559156191596,10
183,70.18767752404987,10.836253127367186,10
184,70.66985385444413,10.957439682435044,10
185,71.10855761872818,11.000296558324894,10
186,71.54518228928471,11.07019667155586,10
187,72.02799790602592,11.10051311019895,10
188,72.48840882468544,10.88873059313303,10
189,72.9488385253989,10.89236696421113,10
190,73.29803916877341,11.026604546089223,10
191,73.60465015009653,11.124506255936266,10
192,74.08674346613165,10.977601148680408,10
193,74.4592573515946,10.97125358965942,10
194,74.8308139843584,11.043831313781258,10
195,75.44413340670184,10.95996009310087,10
196,75.81670931259042,10.930278187021143,10
197,76.3201890200883,11.130520241005689,10
198,76.56076131728419,10.982865688443594,10
199,76.86659090007927,11.120230145466131,10
200,77.28167160864407,11.318290909208029,10
201,77.5228764485424,11.27700336229216,10
202,77.78578101820696,11.466787891654983,10
203,78.20126370027621,11.654602417289825,10
204,78.55064435293552,11.941554588953428,10
205,79.16224839396202,12.023241975679353,10
206,79.51311881790119,11.846035820822388,10
207,79.77809388158148,12.051572111604923,10
208,80.2812124270528,12.0914511460373,10
209,80.84960373714019,11.954652437100178,10
210,80.96047685679531,11.911253070091531,10
211,81.55115017069645,11.888478020705168,10
212,82.14145092939502,11.856289838207848,10
213,82.75402347622384,11.789400223041852,10
214,83.27781457748587,11.741881233409966,10
215,83.82353246089347,11.798219829192108,10
216,84.21679511810026,11.72897834099043,10
217,84.67551044654861,11.803591270219373,10
218,85.1131910830126,11.92054606016888,10
219,85.39811390715704,11.881868872076302,10
220,85.72574583994056,11.955920019351883,10
221,86.14184977610836,11.992038503650297,10
222,86.68752157000961,12.09829335173489,10
223,86.95064809414197,12.173276789350211,10
224,87.34503085356417,12.407933483550561,10
225,87.78153705021322,12.723174262138718,10
226,87.957706855276,12.779745316182344,10
227,88.15423672504282,12.883266854872724,10
228,88.5898383983078,12.994144648235162,10
229,88.82989711228622,12.999037948793317,10
230,89.02666648404126,13.060282509855744,10
231,89.37637639337552,13.303911057518992,10
232,89.72574506396249,13.417380157387122,10
233,90.00988160596367,13.325133378219933,10
234,90.29387385115773,13.099578077766145,10
235,90.5987206776473,13.280233782881641,10
236,91.14484430584159,13.50308627096003,10
237,91.25516725013986,13.489220355927822,10
238,91.56180015337925,13.459901970186356,10
239,91.91159793157733,13.417604561013432,10
240,92.37009739483867,13.528343950094442,10
241,92.72052408795095,13.383668194496424,10
242,93.17830874439804,13.633583160822033,10
243,93.68069497706884,13.669932935328468,10
244,93.85603704984429,13.837147079810281,10
245,94.27246602048157,14.024632132525294,10
246,94.47003228489382,14.120104675740201,10
247,94.75568622577114,14.031197815116764,10
248,94.91000576178614,14.10065956567283,10
249,95.1955915804185,14.257672369733193,10
250,95.52453849635901,14.232090376419103,10
251,95.98437377667386,14.30023890693181,10
252,96.57407789645707,14.13431777433808,10
253,96.924423117022,14.374912721002723,10
254,97.29666635518007,14.180839704973609,10
255,97.82217962539121,14.147129507349224,10
256,98.25904328072475,14.257076382634244,10
257,98.69642099032924,14.383883160307779,10
258,99.0909146988044,14.578354994190242,10
259,99.3108740859562,14.436749424081892,10
260,99.66102512805799,14.597009829148186,10
261,100.12076638719961,14.66609735620802,10
262,100.64480777895776,14.857176600439429,10
263,100.82032118496308,15.039732627370066,10
264,101.17055002387022,14.94941616472602,10
265,101.71807123867265,14.829431980858404,10
266,102.15483205853744,14.953227971641367,10
267,102.43926383505361,14.95921146938053,10
268,102.81144404217522,15.00966079932278,10
269,103.24798854686317,14.905344108385274,10
270,103.79511741419044,14.732847987067867,10
271,104.14719295052194,14.7945489499536,10
272,104.43345843998584,14.906973777529469,10
273,104.93640411960692,14.900527633813873,10
274,105.24374297539218,15.012281748357362,10
275,105.57315000051577,14.943316678805669,10
276,105.83775215812975,15.091891294378465,10
277,106.2316923929214,14.8967691198143,10
278,106.40831612615004,14.926349159179734,10
279,106.80265880222244,15.186149843774837,10
280,107.17439607295509,15.421263688763533,10
281,107.48117481822155,15.645478919125312,10
282,107.74457434181048,15.716475309206828,10
283,108.248530275376,15.964783312221222,10
284,108.64315209915523,15.97191171914543,10
285,108.9286487661736,16.11441719411339,10
286,109.34459108356805,15.98449090958158,10
287,109.47704383464409,15.939173326193274,10
288,109.6316958037343,15.995133623133766,10
289,110.00425183241578,15.963164697715442,10
290,110.33247914392553,16.07415090238682,10
291,110.94414433622732,15.951465676493308,10
292,111.40308840395679,16.232902638841843,10
293,111.81903811686334,16.248000363304726,10
294,112.34409387732487,16.44774863690623,10
295,112.69492279233505,16.443455211432774,10
296,113.02328305688275,16.469505241057817,10
297,113.133152501049,16.40577683827276,10
298,113.37475963129755,16.447400470705553,10
299,113.898883634059,16.521192632387955,10
300,114.22593832875411,16.721675629186898,10
301,114.38101599553588,16.602149074992166,10
302,114.8393236386676,16.352201375286633,10
303,115.29918605605526,16.270183841233987,10
304,115.67180023809843,16.30312378649031,10
305,115.84694905992244,16.36651643788412,10
306,116.00030466729702,16.448250059843296,10
307,116.24113763519392,16.408113023656092,10
308,116.5915138503035,16.552056943805102,10
309,116.96319789228635,16.66174223544416,10
310,117.44533716401395,16.779205270189564,10
311,117.75248541416768,16.93024951414967,10
312,118.16787739963225,17.0654386192946,10
313,118.75731990548198,17.308768518248606,10
314,119.12974996276606,17.44655934216752,10
315,119.34966786640973,17.421884733638272,10
316,119.54746249045627,17.55804911650076,10
317,119.96447762096587,17.596322916609893,10
318,120.22764500690168,17.611017314169157,10
319,120.68721385454594,17.46363945279686,10
320,121.14611233523685,17.71548067468262,10
321,121.49617012187875,17.62627410377832,10
322,121.97940545950541,17.435012016745176,10
323,122.50361456687259,17.452947849937342,10
324,123.15935414289979,17.513372102615115,10
325,123.92365122495212,17.3963047974721,10
326,124.31828983577654,17.172055215445393,10
327,125.0405724746111,17.059135633891607,10
328,125.63176961118465,16.895810326800824,10
329,125.80767734050767,16.98139864362553,10
330,126.07131657350942,17.048739288912884,10
331,126.44246525130498,17.25293088304747,10
332,126.87967115511267,17.434900771538615,10
333,127.38195644541254,17.505064276834087,10
334,127.73132322425863,17.70811738960921,10
335,128.14499334699497,17.67178134815657,10
336,128.47529559571925,17.834305530899144,10
337,128.78233265256767,18.007639441740523,10
338,129.13253860414846,18.144120733924073,10
339,129.5909904563576,18.369368574237473,10
340,129.87576097465504,18.444663197200537,10
341,130.1163860712488,18.589587402376083,10
342,130.59791050036088,18.931059093727793,10
343,131.01263935930677,19.071392287416785,10
344,131.20989447545557,19.15896892043684,10
345,131.5370123595987,19.24302605391616,10
346,131.7554534054654,19.258104868932307,10
347,132.21402170744437,19.48061239762064,10
348,132.4999481933442,19.52269612403701,10
349,132.78428594298575,19.715949783012846,10
350,133.15666856500118,19.5571637704455,10
351,133.39861155819796,19.598484231203482,10
352,133.72841859782457,19.68758046431854,10
353,133.92816113251212,19.833470316305466,10
354,134.36675588238006,19.984070512463553,10
355,134.76022332169364,20.01750053797883,10
356,135.08812484610021,20.01240794901496,10
357,135.3939839724688,20.11946254606236,10
358,135.8744442754998,20.226510964249794,10
359,136.13784239448722,20.32264553990813,10
360,136.44486158594503,20.369944059505297,10
361,136.81804913966886,20.452140765698843,10
362,137.14757051309738,20.422703994745763,10
363,137.58510731420336,20.455707875337993,10
364,138.08873081929448,20.682337565558292,10
365,138.43897356757284,20.68418877849901,10
366,138.89844734142412,20.566162384233447,10
367,139.24864056674696,20.75466574641878,10
368,139.60048478532144,20.620582197821815,10
369,140.0384834539982,20.850190004086627,10
370,140.34559085591602,21.04414892153358,10
371,140.63082688384875,21.168822422532497,10
372,141.00316135897876,20.921369346770746,10
373,141.442055637022,20.873457194359176,10
374,141.72600538631195,21.016325448594124,10
375,142.0543470308875,20.983283990461977,10
376,142.40582585209523,21.16560012626965,10
377,142.58334575761054,20.953265812476207,10
378,142.9571822417187,21.022500876317334,10
379,143.22102876047177,21.108338051392238,10
380,143.613735277579,20.89704692836765,10
381,144.1168625913281,20.84704958686016,10
382,144.49012294916005,20.805042005470074,10
383,144.94982718218176,21.07862901173726,10
384,145.36519594884726,21.078654378582378,10
385,145.86871834353786,21.089912168537786,10
386,146.13036025548953,20.952041945759483,10
387,146.4823955176178,20.88620530492223,10
388,146.89880422872267,20.93209724221169,10
389,147.31496402141732,20.99323192562773,10
390,147.53433237553907,21.122661019201082,10
391,147.82084200137484,21.247541945944242,10
392,148.12790658124783,21.224137113925327,10
393,148.3904598253462,21.24678779805324,10
394,148.67391524864507,21.242259816548604,10
395,149.39473988845415,21.30779913756984,10
396,149.6575237619245,21.22048184432736,10
397,149.87719607206756,21.36195036157922,10
398,150.18498614829969,21.36404304217446,10
399,150.68863377359884,21.42621413847074,10
400,151.19118645217046,21.40798703469528,10
401,151.67313633478219,21.27828253275712,10
402,152.13334569317368,21.44364300434354,10
403,152.54890025202266,21.595289444049882,10
404,153.0734705200669,21.730042544804274,10
405,153.24977236200272,21.808329472537768,10
406,153.49174501295153,21.910642945516376,10
407,153.97401892366597,21.887645746759635,10
408,154.12724442822372,22.04469978946518,10
409,154.52041386017214,22.230956260925737,10
410,154.84980249176823,22.26182253606393,10
411,155.30978238863165,22.140203442061114,10
412,155.5730623534052,22.349900529338427,10
413,155.9886482877926,22.31383333012041,10
414,156.230438491895,22.404979351405576,10
415,156.51659003117715,22.475491318760877,10
416,156.73616055037604,22.375940491511045,10
417,157.10919718554095,22.596167473273493,10
418,157.3511275972083,22.76334070654747,10
419,157.87724596483983,22.734992162406975,10
420,158.25146924467543,22.72936514886546,10
421,158.53679635460927,22.95350186529306,10
422,158.93220691706995,23.010129618100315,10
423,159.30393566584638,22.999255607950005,10
424,159.47884955809332,23.012573008523436,10
425,159.742075967986,23.020023886915407,10
426,160.02732836195082,23.264536396899132,10
427,160.24757123969374,23.146351667230846,10
428,160.5541459197022,22.969430669942344,10
429,161.16705353990966,23.002334204925354,10
430,161.58267701575332,23.218925380237796,10
431,161.97723031292907,23.46006933506121,10
432,162.30901474037316,23.649772730353167,10
433,162.79047632336201,23.804231151688175,10
434,162.79113186234198,23.80435324214991,10
435,163.0975477881451,24.03613275277709,10
436,163.64330462361772,24.15456342752264,10
437,163.90629971513786,24.161304956892593,10
438,164.16832711128407,24.428976187904446,10
439,164.5616802809268,24.316736646724753,10
440,165.0656204457649,24.431747468100987,10
441,165.48140044488906,24.487625035729966,10
442,166.02941167623197,24.524035980422603,10
443,166.4458717837619,24.64701102638796,10
444,166.752694631539,24.650500725457825,10
445,167.1689594747968,24.87846623127337,10
446,167.52025129936797,25.14871050096478,10
447,167.87048336983366,25.0789161689178,10
448,168.3304005080706,25.086691145804302,10
449,168.4405092051624,25.171852794838067,10
450,168.790825861796,25.402798423286896,10
451,169.40325253663804,25.579287693815417,10
452,169.6663044988096,25.55610100186699,10
453,170.1894827428163,25.498121547934396,10
454,170.58329205385752,25.826120936842628,10
455,171.04163309666092,25.757923647004073,10
456,171.47890211957417,25.90080776022227,10
457,171.78618684027464,26.08216966969196,10
458,172.2460658288618,26.30283493986675,10
459,172.70565690312134,26.477790461561355,10
460,172.90278541288882,26.490000405946336,10
461,173.3198999490439,26.499605630101872,10
462,173.64999868559556,26.52274459320868,10
463,174.26346207374877,26.651017423599882,10
464,174.6367668632761,26.67717449717569,10
465,175.27076994284775,26.714327747921615,10
466,175.81681445825683,26.747547053609562,10
467,176.12508575051947,26.72036216132471,10
468,176.47605521172812,26.98863572380088,10
469,176.95664711979302,27.22852172908026,10
470,177.32952268205813,27.18482757366278,10
471,177.72310483862003,27.25008544679489,10
472,177.9656751377548,27.25120036779669,10
473,178.16458811701847,27.25057680021441,10
474,178.53703142879266,27.359815601089625,10
475,178.99592640833148,27.482915100102556,10
476,179.49842934147304,27.783603235238445,10
477,179.93663030051545,27.739147599023084,10
478,180.3086851673964,27.866047909259972,10
479,180.6585760788776,28.028191660414436,10
480,180.9217938664826,28.023497582574638,10
481,181.29489435788344,28.165043690733437,10
482,181.4701816666725,28.076121194232062,10
483,181.7553409829265,28.20804617600436,10
484,182.01916869816296,28.19571733781056,10
485,182.34697450497353,28.300571601974085,10
486,182.61044298766936,28.438354636982638,10
487,183.09202068569545,28.46147748874809,10
488,183.61773862747424,28.221973643223883,10
489,184.18646451483156,28.493160241416795,10
490,184.58002052619463,28.61977750976603,10
491,185.14821322379066,28.533809511961753,10
492,185.56510422851653,28.57095539655471,10
493,185.82771874026213,28.831617787987852,10
494,186.1337196361684,28.89036261419843,10
495,186.55055229472492,29.018354403431264,10
496,186.96610363183046,29.33978755181344,10
497,187.0108811872231,29.316163107458934,10
498,187.5140547444951,29.428688211581267,10
499,187.7983411240391,29.53850602141178,10
500,187.97362646178973,29.51578812107441,10
501,188.28075389489942,29.555821843199087,10
502,188.65299632726834,29.63228447067597,10
503,189.00257535402994,29.885764005010326,10
504,189.41876408666616,30.102664255308145,10
505,189.9220091162212,30.041765502148255,10
506,190.07636985597475,30.209382942552068,10
507,190.4048743377437,30.06434756823424,10
508,190.7111351910312,30.039233196698998,10
509,191.03913776944336,29.847868677985986,10
510,191.5850287178926,29.87248119509973,10
511,191.93555953382744,29.803374039055814,10
512,192.32983816295317,29.91950000419321,10
513,192.78853372960174,30.034013723965497,10
514,193.22468727942993,30.12995775353498,10
515,193.90237619501497,30.132281345850565,10
516,194.3177289614893,29.937494322990876,10
517,194.99508176477443,29.87916390402739,10
518,195.60796655798416,30.044451664327383,10
519,196.1987897132197,30.052595194261432,10
520,196.57075555854885,30.102145491647377,10
521,197.03103231653392,30.20894262010822,10
522,197.5337610235236,30.431968020624595,10
523,197.92872575548148,30.339219705252212,10
524,198.30057838012863,30.249032540247214,10
525,198.60753209462013,30.249277847349337,10
526,199.19793499615503,30.191864083063155,10
527,199.613322406052,30.168731825412053,10
528,200.20412598372363,30.275533060242676,10
529,200.96888925531192,30.23742165197286,10
530,201.42714500635017,30.449152195124128,10
531,201.88559627818648,30.27847985389811,10
532,202.36695621746105,30.09115446648103,10
533,202.6512506221496,30.111898408070832,10
534,203.1108063254842,30.089023084898972,10
535,203.7225539966482,30.159559368312753,10
536,204.35678434700702,30.4131606467323,10
537,205.05540245747062,30.24571745375425,10
538,205.58084350461476,30.128925270391328,10
539,206.01757005390664,30.35008613171359,10
540,206.60712171249602,30.293031663757077,10
541,206.87001489692602,30.34774645133746,10
542,207.2420460878644,30.414783911599752,10
543,207.54818726049763,30.429199867118545,10
544,208.0497590246886,30.374791431330916,10
545,208.42179169250684,30.545462485505393,10
546,208.79356193518865,30.75181664980338,10
547,209.29606102383408,30.537339430623344,10
548,209.49422739293405,30.698049057495897,10
549,209.77846107383576,30.65907796725153,10
550,210.433125247018,30.85511016790008,10
551,211.04497862232066,30.65740671106536,10
552,211.48401910925696,30.697555547610797,10
553,211.96605740533795,30.742570295086004,10
554,212.4260559795503,30.751739830986697,10
555,212.82096586729304,30.511212111568216,10
556,213.00120720250578,30.60149947368894,10
557,213.4621391708118,30.52690682757485,10
558,213.83580915464609,30.61732102737043,10
559,214.33936461466774,30.71213824581212,10
560,214.8207319570967,30.78686625807644,10
561,215.01936460667963,30.861316124664732,10
562,215.39156778063412,30.88305704858964,10
563,215.74241698718438,30.7017749937466,10
564,216.09312085028841,30.98709515727527,10
565,216.37846275465645,30.90710516862253,10
566,216.6413624335093,30.899643063655688,10
567,216.90441629146798,31.103608350092834,10
568,217.2971703171043,31.381044325226796,10
569,217.53902839207757,31.29221146231669,10
570,218.0854187041105,31.307355091570717,10
571,218.24135679173523,31.25815371860021,10
572,218.7019687486909,31.067222983419168,10
573,219.03126118882778,31.279994299029354,10
574,219.27318162847396,31.28186712119134,10
575,219.6670443364802,31.340521193175647,10
576,220.25762415718663,31.226534341141086,10
577,220.63009038743752,31.410043310232158,10
578,221.11166273753415,31.404876996478862,10
579,221.5694922329664,31.71317084753378,10
580,221.87718934625877,31.76587923012018,10
581,222.3797422246576,31.99972799578792,10
582,222.8166669756052,31.909656813389294,10
583,223.1233865906664,31.945380138173668,10
584,223.66866100632856,32.01101683311765,10
585,223.88720166657555,32.199641879124606,10
586,224.28128843377027,32.29021388750099,10
587,224.63101314005235,32.45562340762112,10
588,224.85082607428086,32.58932264808123,10
589,225.28815830872196,32.61057242414528,10
590,225.61750404076642,32.524352246290505,10
591,226.0345961874246,32.66615190950406,10
592,226.5596357851877,32.94286580459582,10
593,226.7568834519729,33.15660936387344,10
594,227.13016255593766,33.23833907602846,10
595,227.52498344578208,33.51340753643874,10
596,227.79009195525708,33.57938671165313,10
597,228.09785688676055,33.55093218464964,10
598,228.27375364595687,33.68382608969072,10
599,228.6029752263903,33.78528398686296,10
600,228.95304976139673,33.78311059430183,10
601,229.23733041654395,34.03770285863818,10
602,229.58663348448422,34.32470002679848,10
603,230.06775662330475,34.2755144955872,10
604,230.72332477670972,34.3696590617696,10
605,231.16051587903584,34.47384022353408,10
606,231.55482280444085,34.481338034154845,10
607,231.92673867661006,34.52256608142949,10
608,232.47342472186992,34.749597088337495,10
609,232.78012843555626,34.76038868319066,10
610,233.043503549369,34.93939947204309,10
611,233.08882953729693,34.989280624483825,10
612,233.41680123324014,35.1344418684946,10
613,233.87686694505538,35.28621899499772,10
614,233.98671511563515,35.34366453420404,10
615,234.3803864443797,35.6243991850259,10
616,234.92747209418945,35.689549321451906,10
617,235.25639788659478,35.709631858406425,10
618,235.60870163255194,35.838629159312,10
619,236.04529727017643,35.921071359263095,10
620,236.48251113240698,36.15194029607841,10
621,237.00711554850992,36.21263700494889,10
622,237.3797212003812,36.42494309435257,10
623,237.66475814437473,36.33290898304765,10
624,238.0576745062845,36.186655731286734,10
625,238.451633794596,36.49284823987597,10
626,238.8439885874283,36.61636113208562,10
627,239.36801188298642,36.452038072868085,10
628,239.65272666702464,36.266646180360326,10
629,240.0897743267811,36.52182487887944,10
630,240.50496904552242,36.73475022571574,10
631,240.7893837506734,36.77643850301055,10
632,241.24820714736683,36.894647273694304,10
633,241.4680229080935,36.82513985756319,10
634,241.92774808721464,37.00079447330202,10
635,242.30073050668366,37.20326212858403,10
636,242.69433203427064,37.219186886709096,10
637,243.06619336147128,37.22419080992329,10
638,243.4821553414709,37.54084231447666,10
639,244.049430264916,37.76806914992384,10
640,244.3776835429475,37.929493326549306,10
641,244.7718915302592,37.95284819009743,10
642,245.07907574839678,38.11698809628878,10
643,245.23363472931706,38.21489356342231,10
644,245.34432633634614,38.10839617362198,10
645,245.89190880473862,38.28984371859159,10
646,246.22152003702726,38.259429803639016,10
647,246.70335236606405,38.431331563613064,10
648,247.03244358683637,38.63061788230875,10
649,247.44778205673387,38.35079913250599,10
650,247.71133270285583,38.2727557082836,10
651,248.0624503265601,38.33267306765633,10
652,248.3267940506258,38.35632154901459,10
653,248.56905065653413,38.55968105216498,10
654,248.81021113882434,38.759780135616914,10
655,249.16078512225386,38.87746006964774,10
656,249.62038448339257,38.837238464642624,10
657,249.99342160467236,38.768144707409135,10
658,250.4099812463215,38.72735299854542,10
659,250.73904185253113,38.77565604342697,10
660,251.02507427222127,38.75121199203022,10
661,251.33223455469155,38.930036648582345,10
662,251.68294405961478,38.86857801441318,10
663,251.99028939767513,38.90653918913447,10
664,252.4718241304196,39.04348660116758,10
665,252.69095753174255,39.1986062944365,10
666,253.30356074975938,39.42502934581168,10
667,253.6742021066146,39.655301879393775,10
668,254.11179963494502,39.81204472255336,10
669,254.48365871544357,39.89736690912127,10
670,254.94295964493782,40.105068272566115,10
671,255.51135520829948,40.361981592048075,10
672,255.94879950322797,40.581833535959035,10
673,256.2773372974787,40.72440962513537,10
674,256.4532568874435,40.66122806084882,10
675,256.67359278151264,40.7902721686841,10
676,257.1975473974942,40.975671063578666,10
677,257.6562349424381,41.040610093715465,10
678,257.96267005153635,40.97425712291611,10
679,258.3352257585126,41.08631313539253,10
680,258.6627884787944,40.995734277349904,10
681,258.9704063973993,41.17906399754344,10
682,259.14644127037263,41.12799943548913,10
683,259.4088595771833,41.33575538775112,10
684,259.69453440945847,41.371456265165484,10
685,260.04604417764983,41.43750539746191,10
686,260.1345829400198,41.42917590907741,10
687,260.50725197391813,41.512610560200244,10
688,260.90147744299435,41.326670661196424,10
689,261.36046734395126,41.128376609107704,10
690,261.7114743416031,41.270660274988344,10
691,262.30238294112075,41.39937890944841,10
692,262.7401876833734,41.42434986608231,10
693,263.090955384193,41.615814946684495,10
694,263.66007831370524,41.741520946997284,10
695,264.0541434955229,41.81695283254798,10
696,264.66519472458594,41.99556129806339,10
697,265.0370890687507,42.11297421075519,10
698,265.47408054010816,42.17556316999178,10
699,265.91120219194846,42.260931638045214,10
700,266.17408343263867,42.27432561653234,10
701,266.5032298130126,42.225658749341335,10
702,267.02705382966093,42.34934426052889,10
703,267.28909435475407,42.536238400592154,10
704,267.7698333068115,42.80709816127309,10
705,268.3154671289857,42.77073755906017,10
706,268.55835366785004,42.828746792699306,10
707,268.9102668009761,42.83784313410158,10
708,269.4348926363401,42.78750293803687,10
709,269.8080780593849,42.862250776778076,10
710,269.8960803420379,42.899900227973404,10
711,270.2675654922576,43.110600212692596,10
712,270.7936590079565,43.252276148239574,10
713,271.2094687869009,43.47932673771268,10
714,271.4944687500421,43.4911864989686,10
715,271.9757101390301,43.570273750236716,10
716,272.4999927154583,43.71217633080533,10
717,272.8504417725467,43.65302762582004,10
718,273.30980736722984,43.834846225700865,10
719,273.5955899267405,43.879715742787354,10
720,274.0113363840055,44.072446550324116,10
721,274.5142646824047,44.0211902237733,10
722,274.6905426331238,44.00942439875318,10
723,275.0175091360243,44.127901568351945,10
724,275.5413523505005,44.1838454816673,10
725,275.9359156560828,44.29323588255134,10
726,276.198928663642,44.37014231689731,10
727,276.63790714774495,44.598366123116875,10
728,276.9456080678051,44.69997332724992,10
729,277.0119933667535,44.67776031135272,10
730,277.3852810438164,44.65115738482702,10
731,277.69262243579726,44.58451789326853,10
732,278.0865264495962,44.729516161762085,10
733,278.435123107075,44.90199993204301,10
734,278.8942978087342,44.945547324224506,10
735,279.3770140324655,44.98678861994014,10
736,279.9018137140247,44.84249059420216,10
737,280.23076207205855,44.60708899661337,10
738,280.75570799514134,44.55584611604076,10
739,281.1722277471844,44.25040015847743,10
740,281.58771140995077,44.27660396001038,10
741,281.9823315848039,44.08793581752342,10
742,282.39850903159856,44.21761423782399,10
743,282.7060144227929,44.21097964496006,10
744,283.05783176095173,44.2601060156366,10
745,283.40981710469237,44.26951991619393,10
746,283.78190516138045,44.323421693900286,10
747,284.06736754117037,44.42886883029671,10
748,284.41898798637993,44.39420427636648,10
749,284.9671460001408,44.23094208090865,10
750,285.4489952335812,44.16607957493934,10
751,285.8645893611172,44.4289451273065,10
752,286.2371273775906,44.60647513755635,10
753,286.74119900567723,44.64575783802994,10
754,287.0485350264201,44.863081243776925,10
755,287.3998245186399,44.985366022122655,10
756,287.6639932677011,44.84486448939111,10
757,288.03715149711314,44.89726618126681,10
758,288.30011840073655,45.10410400019404,10
759,288.86859080632826,45.13736577737268,10
760,289.3508994106535,45.09213137427572,10
761,289.8117894515866,44.981346594539055,10
762,290.379362118925,44.86720111808963,10
763,290.83829780450213,44.83869170144107,10
764,291.2108166639861,44.99866223014981,10
765,291.582895966876,44.85197401009578,10
766,291.91179306842275,44.69755409870761,10
767,292.5031723938408,44.9065813813255,10
768,292.9420300307273,44.89457107652021,10
769,293.5107938707562,45.08087152619346,10
770,293.862151436371,45.313839763656716,10
771,294.3669982370169,45.47428130174154,10
772,294.60873333798213,45.355825553720955,10
773,294.7626707773501,45.429801831902054,10
774,295.04653948859743,45.22941990867654,10
775,295.24329860923575,45.32843241583357,10
776,295.5931101706795,45.25346464060606,10
777,296.0756300239985,45.359492172452335,10
778,296.3393917471853,45.35548665387786,10
779,296.69074473861804,45.55398468359778,10
780,296.9547043726056,45.70560057905049,10
781,297.15281605820337,45.79356372539287,10
782,297.4376667786153,45.873815865857786,10
783,297.83262494401635,45.9028929638569,10
784,298.24932517503595,45.89301974221703,10
785,298.578596753989,45.90847604923617,10
786,299.0597698931641,46.04843208875568,10
787,299.3015490959397,45.989916763694104,10
788,299.63125353524117,46.07763207599815,10
789,299.8286115976094,46.12597162679192,10
790,300.35559488442703,46.14903871435991,10
791,300.5972342618975,46.2300942861283,10
792,300.81728982580046,46.30737601754544,10
793,301.03732387861265,46.034241175814905,10
794,301.54071769924934,46.17137221324032,10
795,301.80283694585694,46.40316323847156,10
796,302.197539718171,46.51718593129181,10
797,302.46137915391637,46.61500971477808,10
798,302.7458938581061,46.777131513487156,10
799,303.2715792961806,47.00265583459514,10
800,303.51482395710127,47.08160576536208,10
801,303.8427520586085,47.244661167467996,10
802,304.3022101018084,47.35739642161796,10
803,304.67332620151643,47.264892693286924,10
804,305.1556698088796,47.395282163169156,10
805,305.5929405513722,47.54336477682105,10
806,305.87742790861455,47.668690692261116,10
807,306.1626331103988,47.845776599064905,10
808,306.4917742589941,48.01937447006286,10
809,306.8427773865055,48.00294543010886,10
810,307.19182475996257,48.11590971139329,10
811,307.4549045343951,48.216860239301084,10
812,307.73947636829723,48.44078999825512,10
813,308.35096492677604,48.67493852407329,10
814,308.56941355170324,48.64381161611291,10
815,308.8755636123454,48.63214263568808,10
816,309.33542634112666,48.58544367353922,10
817,309.66517086058417,48.683322277324415,10
818,309.92828642294694,48.72880341878902,10
819,310.27932483934813,48.7671379497784,10
820,310.6517594405524,48.74495552852662,10
821,311.177374911833,48.88749751363359,10
822,311.5505487321741,48.97688470936364,10
823,311.9665306668868,49.01610299167738,10
824,312.44706837993516,48.8450382815182,10
825,313.12433186999203,48.86688054432421,10
826,313.432157745445,48.83162295679766,10
827,313.8269045272935,48.831999976189955,10
828,314.1336738772069,48.80952740454241,10
829,314.5718018654923,49.021249936022684,10
830,314.9212238003317,48.95859280814392,10
831,315.3367431945176,49.085276086058094,10
832,315.70981416331017,49.2009615914209,10
833,316.27912035368036,49.49283949118666,10
834,316.6074456882711,49.64676218150713,10
835,317.0016992665396,49.47044816588694,10
836,317.39511783116103,49.21154190165745,10
837,317.7896035364568,49.346197690309275,10
838,318.42410140883817,49.43194389561791,10
839,318.8836855138819,49.49002942108921,10
840,319.1470470021792,49.37358764767336,10
841,319.67082186738963,49.271800006399936,10
842,320.1510530995182,49.218942097956884,10
843,320.7201147563382,49.27366335855086,10
844,320.9839632426795,49.43981858759053,10
845,321.2904080485112,49.338378467906956,10
846,321.5325959791937,49.20695187693082,10
847,321.9047204643173,49.251171104451075,10
848,322.32206883043636,49.35245631736848,10
849,322.781158516682,49.60399148613426,10
850,323.17648670485096,49.759404184043305,10
851,323.4395431999469,49.96019928241002,10
852,323.8559807199014,50.02234898063789,10
853,324.22891632736514,50.03505919476281,10
854,324.6468744819125,50.073097559044086,10
855,325.0622036001829,50.1984729733073,10
856,325.4344214106282,50.333083065515815,10
857,325.69658885104656,50.42201143122091,10
858,326.04714726910646,50.4456875033382,10
859,326.2229219764082,50.51250673227818,10
860,326.6174699139716,50.61636255286891,10
861,327.0559934113952,50.59460041495796,10
862,327.473338411203,50.66222912433335,10
863,327.97638444523534,50.798242635196594,10
864,328.4364848088517,51.07418653888299,10
865,328.87311852685764,51.153919985011456,10
866,329.24518284175895,51.0746621197795,10
867,329.4471491840274,51.17696374749285,10
868,329.732936239942,51.0669739032406,10
869,329.974803083679,50.89580200992744,10
870,330.5003198944521,51.06826203759443,10
871,330.91578011003753,51.19070907366285,10
872,331.46141626968165,51.3032950544303,10
873,331.59425310969345,51.36535073199608,10
874,332.03154164533674,51.447873806316096,10
875,332.44590037350326,51.61327949471343,10
876,332.8617103211633,51.688190918581824,10
877,333.2334257786375,51.330178022952666,10
878,333.49739820447724,51.4511241759776,10
879,333.78195561163875,51.395111734974726,10
880,334.39332546749756,51.6347764363063,10
881,334.87493004521014,51.64890427088888,10
882,335.35507268169886,51.666604779253525,10
883,335.7275929892272,51.61313248308918,10
884,336.0338682786231,51.41960907260343,10
885,336.6671973349812,51.71972589179236,10
886,336.9956335770097,51.635287971578386,10
887,337.3235208169695,51.90974547414783,10
888,337.6519754778457,51.8398959242897,10
889,338.0241433659688,51.799955665735254,10
890,338.4622634475891,51.67295261512178,10
891,338.90074280776423,51.695445456265844,10
892,339.42730518693435,51.527192531600576,10
893,340.103323196837,51.39758140050133,10
894,340.51865790972715,51.312500704330624,10
895,340.80331524762056,51.33619884856985,10
896,340.8915733422471,51.413238879698646,10
897,341.22042834877186,51.51948162046946,10
898,341.6801579193459,51.2962673784968,10
899,341.90065043719545,51.31781491279473,10
900,342.42643328879285,51.48654705025084,10
901,342.7776547026598,51.51147907965791,10
902,343.12939401691665,51.53803274064203,10
903,343.4365378632549,51.5841260952958,10
904,343.9395253687925,51.4253731804943,10
905,344.224504655621,51.201267185724205,10
906,344.64027631398363,51.282926492826704,10
907,345.01486354130304,51.507543504722456,10
908,345.277287255932,51.59512626507999,10
909,345.976063464387,51.566843637788025,10
910,346.58754699956535,51.37998628054694,10
911,347.13419244070525,51.38766583489362,10
912,347.5513038141751,51.09705776739729,10
913,347.9887760215336,50.90249025460361,10
914,348.1644029586063,50.79520252191596,10
915,348.4058989280113,50.84665835776966,10
916,348.7778739235556,51.092900615543286,10
917,349.0624771275541,51.33093619829043,10
918,349.54362723012343,51.28306914449358,10
919,350.02428104927446,51.48439039074722,10
920,350.6590931811139,51.43097884164692,10
921,351.24957449807374,51.60361434785712,10
922,351.4914245806806,51.58266235838294,10
923,351.77637834070606,51.4957612823925,10
924,352.1704889036362,51.61905506625578,10
925,352.4553878940807,51.60756247143598,10
926,353.0666171751567,51.407332942402476,10
927,353.4162793975311,51.526258371255096,10
928,353.8970086452978,51.46815163459267,10
929,354.18144545337344,51.37943956007643,10
930,354.29171346770903,51.48873949884025,10
931,354.7067621848077,51.30318130000629,10
932,354.90390219197513,51.339437489548324,10
933,355.4279444262265,51.226269202655125,10
934,355.756786103677,51.30199807504652,10
935,356.21573626676565,51.49427812377411,10
936,356.8270803386262,51.280807621662646,10
937,357.33065797272695,51.15272933830212,10
938,357.79060742640456,51.05609966177853,10
939,358.2718314644104,51.1027685644133,10
940,358.90641241335743,51.08291128757516,10
941,359.3886630160049,51.28993914903977,10
942,359.847222391753,51.37630321459461,10
943,360.2193079110859,51.21338877313584,10
944,360.7443400082572,51.04069230924647,10
945,361.29132894013503,50.91521627294294,10
946,361.6849393334501,51.078344750000454,10
947,362.14413714711316,50.924987561063226,10
948,362.6687262967671,50.86656057981104,10
949,362.9749333428334,50.903547418480656,10
950,363.4342362003473,50.84051577378062,10
951,363.85001253652774,51.00365795002988,10
952,364.33243588813497,51.27092239162875,10
953,364.7487790073488,51.127732212022636,10
954,365.31743118852967,51.354866428676246,10
955,365.60176238757765,51.3443858863597,10
956,365.9079690902312,51.53639258372497,10
957,366.4550784685581,51.776009413489845,10
958,366.7626248990881,51.85282630346769,10
959,367.1796817290234,51.70967936649123,10
960,367.70487560204725,51.66175548331452,10
961,368.3183990080819,51.62842026709138,10
962,368.6273422183642,51.51942902296061,10
963,368.8917815893866,51.43387605570478,10
964,369.26442060256784,51.44552172662964,10
965,369.83436942997537,51.651523834527076,10
966,370.4245164169341,51.74593620647739,10
967,371.059313683162,51.82391729959573,10
968,371.3874159181316,51.99302472008186,10
969,371.60592138677123,52.05774483677596,10
970,372.1084987653829,52.16203570207117,10
971,372.7202485432921,52.11258547018864,10
972,373.0709139689994,51.980463689411565,10
973,373.5528802125657,52.114860508357,10
974,373.86003827448667,52.17120273098793,10
975,374.10184401550833,52.01694489108543,10
976,374.51723431743176,52.01148343652245,10
977,374.99914157881386,52.100382824095064,10
978,375.30658924462796,52.16530046860684,10
979,375.61586197670874,52.225990882568645,10
980,376.1192767246701,52.23964703285578,10
981,376.4912273636232,52.16647041537645,10
982,376.7979200009685,52.298428985368545,10
983,377.279728635726,52.487655736053206,10
984,377.6971650793424,52.67010772153761,10
985,378.0909911912545,52.76166285722627,10
986,378.52920376133784,52.82480908542637,10
987,378.83753830930266,52.93440797191918,10
988,379.210292015771,53.0660301703054,10
989,379.756588233888,52.99334323071221,10
990,380.04077650847614,52.987917776955875,10
991,380.3689188547814,52.79774925150153,10
992,380.85037890903925,52.7104529488797,10
993,381.39722487792477,52.83625406519494,10
994,381.6819059129316,52.93752084690683,10
995,381.72661602384386,52.8941868788769,10
996,382.14304912227175,53.00513123394328,10
997,382.4731466920094,52.895431370867904,10
998,382.91066854133544,52.69958766606604,10
999,383.43463357136807,52.711417045534226,10
1000,384.00298176634954,52.54199508465362,10
1001,384.22261960285505,52.46349919179512,10
1002,384.6594554683171,52.44862055810107,10
1003,385.1832377095715,52.209918504721095,10
1004,385.4014346261942,52.285035070816114,10
1005,386.0137213068174,52.39596575170038,10
1006,386.32065676355967,52.47516089381935,10
1007,386.6053974792753,52.51499966291873,10
1008,386.75959058721844,52.573494725930836,10
1009,387.1324614501756,52.61285246767393,10
1010,387.63453693566623,52.77402013668608,10
1011,388.0506377192527,52.969419377192025,10
1012,388.3350163399152,53.22335482651507,10
1013,388.6861798475413,53.29742795248425,10
1014,389.05819026828874,53.31265591542359,10
1015,389.32083127459106,53.393710213133566,10
1016,389.65104853472707,53.5339152776719,10
1017,390.0671003241417,53.64946748738984,10
1018,390.0905410965614,53.668469813891875,10
1019,390.3545506406046,53.83404994556929,10
1020,390.6826373037412,54.03795612970884,10
1021,390.7933065699969,53.97443410564991,10
1022,391.01240004410954,53.82461019561438,10
1023,391.31894551820824,53.937408110493045,10
1024,391.9311267878274,54.22517923469487,10
1025,392.34724816492826,54.31794532961485,10
1026,392.719010321774,54.604607203420294,10
1027,393.1576473070136,54.77942834828156,10
1028,393.33473721250556,54.83263558722473,10
1029,393.5976983295103,54.91623741528046,10
1030,393.8824008973676,55.13803441724162,10
1031,394.25449325923285,55.25739933509135,10
1032,394.5395449067177,55.47890646352032,10
1033,395.0200866691743,55.746816960699974,10
1034,395.5672971384756,55.96675924828318,10
1035,395.82879116326615,55.65520851029138,10
1036,396.15648822502783,55.644576364291105,10
1037,396.5713519242147,55.77912239457431,10
1038,396.98712945599334,55.647295384268766,10
1039,397.4905648585867,55.59466724503754,10
1040,397.99484873741557,55.82667031644634,10
1041,398.4981871496318,55.971775292054865,10
1042,398.78290309340866,56.01322964738943,10
1043,399.15392280544944,55.86371817369321,10
1044,399.83194562216806,56.05305415475866,10
1045,400.0074484800044,55.88493423707091,10
1046,400.3354944392639,55.97547777493098,10
1047,400.55532410868136,55.745021305345574,10
1048,401.0149370353596,55.58495701702128,10
1049,401.4101024790146,55.5825416360005,10
1050,401.8488468263079,55.58988534700288,10
1051,401.98143558988716,55.67656456614422,10
1052,402.24459844847445,55.76799390981037,10
1053,402.6836408630102,55.78953981087889,10
1054,403.18697465655526,55.906833151313194,10
1055,403.4721038537274,55.97458398859559,10
1056,403.7146761401873,55.9866161174054,10
1057,403.9996593938553,55.987137439734916,10
1058,404.5251161693348,56.18418635645699,10
1059,404.9637852755992,56.33241481387373,10
1060,405.3584845416523,56.27005907430038,10
1061,405.8838522712498,56.387111726458734,10
1062,406.32199774778775,56.53517616777723,10
1063,406.4541198392898,56.5017499011728,10
1064,406.9362448268144,56.70802376912555,10
1065,407.4394505652874,56.83393520788739,10
1066,407.8768263664524,56.99650237308167,10
1067,408.33687610184126,57.11125286899441,10
1068,408.7949928966276,57.13296414636491,10
1069,409.0135892264285,57.167763777769686,10
1070,409.2552234089599,57.27758443294116,10
1071,409.40845247616727,57.277623918112376,10
1072,409.62759599526214,57.469785552412,10
1073,410.0418713493033,57.53911311276574,10
1074,410.2182399235693,57.51846995397473,10
1075,410.48062760136247,57.639738261991646,10
1076,410.9181323491192,57.85212155082663,10
1077,411.2694033098098,58.02213038060284,10
1078,411.6203172727999,58.054216605342596,10
1079,412.05768751167926,58.2203380956837,10
1080,412.51704525111836,58.43060109031643,10
1081,412.9548541775539,58.418058626926396,10
1082,413.4151277006528,58.368709109477486,10
1083,413.7438878277979,58.20046160760218,10
1084,414.09370393987945,58.27770259889145,10
1085,414.6197460760785,58.0820646910218,10
1086,414.90355391978665,58.11766497431449,10
1087,415.4058373719789,57.97274377414918,10
1088,415.9517690165252,58.14390344521181,10
1089,416.3242559871116,58.22232392323785,10
1090,416.78334566847707,58.14318463169725,10
1091,417.3295451338684,58.29834599812678,10
1092,417.65847974141917,58.30480995047476,10
1093,417.9870113506965,58.265528013086076,10
1094,418.3585759204669,58.40280418377337,10
1095,418.600293035322,58.20949326828255,10
1096,419.03976967852634,58.076704846966365,10
1097,419.3244221030227,58.19802425728522,10
1098,419.8275683870468,58.126039095189476,10
1099,420.2649906803975,57.849727757083905,10
1100,420.4618208580763,57.71679116398337,10
1101,420.8564323708016,57.86329645419994,10
1102,421.14112736713867,57.73472411031229,10
1103,421.6005670352555,57.75807911121174,10
1104,422.2343128147726,57.65381119114886,10
1105,422.82283822988154,57.57674362926889,10
1106,423.3260080103737,57.347338296438416,10
1107,423.7856043301281,57.47015235068909,10
1108,424.35279852008733,57.69127430003687,10
1109,425.05292309173456,57.85123359398341,10
1110,425.44755688935595,58.024448682552666,10
1111,425.8208200258963,57.81541654350295,10
1112,426.45498703821687,57.736476073723516,10
1113,426.84923689153567,57.83732865027904,10
1114,427.2434016379302,57.82019989085753,10
1115,427.9210858543571,57.9947911120324,10
1116,428.29366033276045,57.86781718987333,10
1117,428.5145117833599,57.97263853906529,10
1118,428.9078371835769,57.760298732187586,10
1119,429.49787537244174,57.61960406745163,10
1120,430.044485509265,57.48594458526066,10
1121,430.3082152497583,57.359981264438396,10
1122,430.9632556987914,57.22942521402818,10
1123,431.5753471574004,57.32390934717225,10
1124,432.1227208810399,57.39690872254579,10
1125,432.6038652138892,57.4531484706462,10
1126,432.9104244828486,57.307049427415876,10
1127,433.3913536895715,57.298458155116705,10
1128,433.7833250729562,57.192598515505786,10
1129,434.22097334497846,57.30692533603307,10
1130,434.5920807483723,57.42735215923646,10
1131,434.9643235247528,57.56764308035024,10
1132,435.3797871090187,57.61554211537978,10
1133,435.751208001613,57.788219054294125,10
1134,436.10171397900683,57.92533870651828,10
1135,436.5611953478139,58.10428884305396,10
1136,436.91148768257915,58.13326235253188,10
1137,437.50116248115,58.313362754488104,10
1138,437.9167964478569,58.29449255573733,10
1139,438.26729575393904,58.35005628108125,10
1140,438.5741258727421,58.5312290179715,10
1141,439.099140126117,58.516230802492025,10
1142,439.51567286175214,58.642105354685995,10
1143,439.9110056823414,58.814186695196184,10
1144,440.54645001071975,58.77311662131138,10
1145,440.9632031208861,58.8648741315099,10
1146,441.4024438680541,59.00800790346861,10
1147,441.796973446845,59.108695980902894,10
1148,442.14931949276206,59.086080570592095,10
1149,442.7196755692265,59.117953616288105,10
1150,443.22457350981347,59.057454433908184,10
1151,443.64129032183826,58.97348359728514,10
1152,444.2111511282827,59.10490077212299,10
1153,444.4732856484401,59.12335653493737,10
1154,444.69348765938093,59.233058528198654,10
1155,445.1537272042353,59.37049490695057,10
1156,445.3728429124326,59.476812615472156,10
1157,445.63509373568786,59.49995399377087,10
1158,446.3570890782215,59.455809201069684,10
1159,446.86033953187217,59.58581276968687,10
1160,447.1450008891413,59.705406740918285,10
1161,447.4955733446951,59.49583731777486,10
1162,448.019835809901,59.654820795744,10
1163,448.21740027819914,59.75436960748554,10
1164,448.67721510331586,59.72824334523856,10
1165,449.1145422091843,59.87093548482102,10
1166,449.6397148352128,59.81900883309333,10
1167,450.12224867996235,59.970919842061186,10
1168,450.6690971056315,59.87484639697481,10
1169,451.06418120606816,60.0207291129896,10
1170,451.58861219277435,60.25257040501886,10
1171,451.89435201351716,60.28573916783247,10
1172,452.37458098199704,60.113512658054695,10
1173,452.856265850735,60.30694181963538,10
1174,453.29439607712186,60.397077163069824,10
1175,453.73177781470696,60.526168417943275,10
1176,454.2783019651489,60.42817717053659,10
1177,454.73696934081664,60.310663544459395,10
1178,454.97815867763586,60.15236048317377,10
1179,455.26284338752856,60.35454874479253,10
1180,455.7231292923454,60.38673301920731,10
1181,456.13856726770894,60.414389777016034,10
1182,456.64027286615817,60.61347637855709,10
1183,457.07821579683696,60.67367502366428,10
1184,457.66745942619445,60.59832992175437,10
1185,458.25828996057555,60.66374639183198,10
1186,458.60750753966056,60.60408630579869,10
1187,458.95713256864803,60.79926735112998,10
1188,459.3942960422134,60.67324588633563,10
1189,459.8546214096219,60.79763450875673,10
1190,460.3783922891861,60.70096889725594,10
1191,460.86071117628836,60.622216140391586,10
1192,461.1682350286201,60.68290047473502,10
1193,461.78040115917474,60.84643987311792,10
1194,462.1981557336318,61.10531173936306,10
1195,462.52828365498937,61.15320840975947,10
1196,462.9213757693013,61.24071725609824,10
1197,463.3396262440183,61.339682164823685,10
1198,463.80020255828896,61.22192322631489,10
1199,464.08581448799544,61.39132833172191,10
1200,464.612044355742,61.557103284235104,10
1201,465.05022924201273,61.61901706170579,10
1202,465.64030280000554,61.84414720063986,10
1203,465.9464489609838,61.896140314114135,10
1204,466.31945229517476,61.944703642801514,10
1205,466.9758016663469,61.99317169279807,10
1206,467.328300196697,62.199860999279224,10
1207,467.76663711852126,62.09985973970902,10
1208,468.0514973202923,62.17891480986858,10
1209,468.3805264831976,62.223771361800104,10
1210,468.8181870482199,62.326326680841554,10
1211,469.1480408031868,62.507377234098094,10
1212,469.47663936162064,62.28900674897603,10
1213,470.04505966544764,62.213867875844045,10
1214,470.50387534385237,62.05692649548591,10
1215,470.94162842332787,62.150201777726615,10
1216,471.3352819587336,62.28714887005002,10
1217,471.7298565843401,62.09004816808463,10
1218,472.0803227902694,62.11637251392294,10
1219,472.3205620649172,62.17771576281929,10
1220,472.9323906119742,62.173461378058896,10
1221,473.36964343255295,62.128367953380476,10
1222,473.71936212716344,62.25112179165307,10
1223,474.0480273127581,61.96172312774922,10
1224,474.3335702339359,62.0762022489676,10
1225,474.6840431358429,62.205953457142435,10
1226,475.0554228026314,61.953419868215775,10
1227,475.40495081254204,62.00299723320351,10
1228,475.9736524094366,61.83136868816486,10
1229,476.1930830472609,61.69868272076843,10
1230,476.45565488083395,61.82647599843093,10
1231,476.8723177574813,61.93432871022274,10
1232,477.158053174432,61.992852631726336,10
1233,477.59627567229245,62.0869793268599,10
1234,478.09981526055236,62.33190899276125,10
1235,478.558531399474,62.25830176579328,10
1236,479.1050826228703,62.201790571699945,10
1237,479.54301966145215,62.37046720365894,10
1238,479.63217677862815,62.33096458520631,10
1239,480.17799295469104,62.50031965707865,10
1240,480.7039493085564,62.6195480704598,10
1241,481.05533645067135,62.47204943993667,10
1242,481.49326442011153,62.33471471820774,10
1243,481.77808290079037,62.21211903868224,10
1244,482.3479745853464,62.33104072194168,10
1245,482.76412683640865,62.465209686665396,10
1246,483.20233046874034,62.57541191652694,10
1247,483.35613531861384,62.57268121733264,10
1248,483.6201660300294,62.57316301509583,10
1249,484.25357087891035,62.788043696826634,10
1250,484.7998665970966,62.789760010903436,10
1251,485.2800779084946,62.829638690336644,10
1252,485.5654710695556,62.67282292484739,10
1253,485.9174645756187,62.86931059570576,10
1254,486.35558470108174,63.038069934837885,10
1255,486.7279281804131,63.179705179432204,10
1256,487.07859800933784,62.9955993114913,10
1257,487.36291637440644,62.91564911600033,10
1258,487.5380593003885,62.708150908382834,10
1259,487.95357168458787,62.71847456262515,10
1260,488.3043020702079,62.92060247013497,10
1261,488.67716676523185,62.699691250318956,10
1262,488.91948820297023,62.51436951856935,10
1263,489.3358038864791,62.664917359666994,10
1264,489.8825463582095,62.51257001352967,10
1265,490.34156409968637,62.35541541814541,10
1266,490.71370263959295,62.54142930065627,10
1267,491.3475533589407,62.45027874416292,10
1268,491.61086671069535,62.466272992789385,10
1269,492.09217192642643,62.285034182613785,10
1270,492.79197047612627,62.2284316121316,10
1271,493.20665843590734,62.458444783451206,10
1272,493.4485628978793,62.43259080666319,10
1273,493.79947702364433,62.54909750243207,10
1274,494.08449861973605,62.417933438592854,10
1275,494.325285133713,62.429048157301594,10
1276,494.6095089766862,62.55353765068153,10
1277,494.9379507329486,62.57553379601377,10
1278,495.39705175649834,62.39199237559033,10
1279,495.9878771722297,62.25224091928084,10
1280,496.3815565493114,62.06622081254302,10
1281,496.64496088522094,62.01479895816361,10
1282,496.9510319244503,62.18820133569751,10
1283,497.4329362207189,62.33140639877843,10
1284,498.08862957135864,62.386549302642216,10
1285,498.6356848707461,62.41565436715263,10
1286,498.98756299028776,62.26852161099688,10
1287,499.5334118209639,62.33478847628759,10
1288,499.82106431376513,62.40218063688578,10
1289,500.1935577552366,62.3458557761569,10
1290,500.6307151599901,62.225579608148756,10
1291,500.8724988461794,62.09848858933556,10
1292,501.3534268105932,62.056824263572054,10
1293,501.83424083427843,62.106320755453474,10
1294,502.2067954116832,62.298357944526366,10
1295,502.3188704059485,62.3473402674382,10
1296,502.82234503342517,62.49507319269882,10
1297,503.3032965159161,62.269260999760604,10
1298,503.78539306953735,62.425857953392374,10
1299,504.1807370036002,62.62067872453223,10
1300,504.4221833303056,62.6750604904921,10
1301,504.64150855174177,62.64002990567588,10
1302,505.0802170070266,62.84966730095733,10
1303,505.49537670587017,62.73583195174849,10
1304,506.0200881935085,62.847576342577696,10
1305,506.4572127346535,62.727106615393474,10
1306,506.69872865332445,62.805867999951026,10
1307,507.02739203956423,62.63809574081131,10
1308,507.3356890772376,62.79381911695879,10
1309,508.05708388892344,62.70629174984478,10
1310,508.5603860978137,62.814485744720194,10
1311,508.9311478045083,63.02082040511773,10
1312,509.32516459223496,63.16269505125421,10
1313,510.0026056894807,63.39355999474502,10
1314,510.3970049859878,63.67518676583265,10
1315,510.7481795878821,63.820103582233074,10
1316,511.25239073431055,63.82954695003715,10
1317,511.71131227364765,63.80002615079302,10
1318,512.1706422428981,63.89265320491015,10
1319,512.3677571067881,63.8784718781762,10
1320,512.9142184592536,64.06672795311044,10
1321,513.5257700217356,64.12407401968858,10
1322,514.0065791360441,64.05757728485369,10
1323,514.2270033319136,64.08205921367289,10
1324,514.620180154711,64.09656892375838,10
1325,514.8176691465575,63.92874150495415,10
1326,515.3201637423709,63.9617143241079,10
1327,515.6928885950522,63.816750794882125,10
1328,516.0215920555529,63.87278878202287,10
1329,516.4155563040975,64.08454941271867,10
1330,517.0702039374726,64.06434854728855,10
1331,517.4639993947352,63.96661681975944,10
1332,517.8790904864748,63.8215121993662,10
1333,518.1202660959651,63.9817836198809,10
1334,518.5581997269246,64.26111650360502,10
1335,518.7994142983567,64.32045288415807,10
1336,519.1719123812012,64.37581911024861,10
1337,519.5883482529682,64.55613412463126,10
1338,520.0479527916598,64.55923047174305,10
1339,520.3123425702761,64.61339004817764,10
1340,520.6622606230264,64.67995597694028,10
1341,520.9464537641858,64.7197863268947,10
1342,521.558811339039,64.72094261103695,10
1343,521.9975201846348,64.65753180169213,10
1344,522.3704901542387,64.57280944716746,10
1345,522.6567956038634,64.62067532231467,10
1346,522.8972905264601,64.68251703867465,10
1347,523.3350102057087,64.90034540494631,10
1348,523.7064937183931,65.01772145568289,10
1349,524.1435093137652,64.84226661581607,10
1350,524.5375678723642,64.93638115419834,10
1351,525.1717950116938,65.05841921232704,10
1352,525.3913459730929,65.06368267631194,10
1353,525.7201283410137,65.27466541011263,10
1354,526.2013719681487,65.5159726841383,10
1355,526.6397689459319,65.49484207070708,10
1356,527.3390516508529,65.42360970787131,10
1357,527.9077999172675,65.21876760605207,10
1358,528.2139407910406,65.24029097393178,10
1359,528.3896828489017,65.36330339836906,10
1360,528.9147474250882,65.47066943130119,10
1361,529.265454962763,65.51108145441269,10
1362,529.7466375798024,65.68684166321161,10
1363,530.0966141082652,65.82122351940596,10
1364,530.5761845443656,65.75714501789537,10
1365,530.9688496351846,65.66455227603089,10
1366,531.2762738581348,65.57591750493152,10
1367,531.387275101515,65.5511531234224,10
1368,531.7386517038219,65.51071906772549,10
1369,532.1986735588782,65.32074272105991,10
1370,532.5269438008033,65.15294481748212,10
1371,532.9203060518769,65.01672596303767,10
1372,533.2480912115341,64.8742953796888,10
1373,533.5333050758165,64.69914255428462,10
1374,533.8619756009991,64.4736436733644,10
1375,534.234218555368,64.65923496322743,10
1376,534.6276210709809,64.76188832875305,10
1377,535.0863332677079,64.67346664580117,10
1378,535.5450093418534,64.48218228794222,10
1379,535.9592784480423,64.2911323253977,10
1380,536.1138617822943,64.38700199418898,10
1381,536.5517883334577,64.47517174439245,10
1382,536.8816731743085,64.31145142136579,10
1383,537.1661136582818,64.48017784374775,10
1384,537.5378570874561,64.53089033641747,10
1385,538.0411420971031,64.72780814276555,10
1386,538.4569721587457,64.96275832777813,10
1387,538.7643295368437,64.85044482282598,10
1388,539.2245315594363,65.14889807934176,10
1389,539.7913983980924,65.01444424202191,10
1390,540.3387224635702,65.1386554507056,10
1391,540.7103085644387,65.33891335911558,10
1392,541.1044437807413,65.43385726508401,10
1393,541.497404074157,65.51835953906685,10
1394,542.0943070316133,65.53746286100555,10
1395,542.5107584103074,65.71254506532739,10
1396,542.8396211513996,65.62282213445015,10
1397,543.4942611248498,65.60348833737399,10
1398,543.9531447114986,65.6620260168696,10
1399,544.4125152102798,65.71473440712184,10
1400,544.9156397787516,65.56505683161932,10
1401,545.4191197781904,65.56445064397275,10
1402,545.858065013001,65.48372153585566,10
1403,546.1219304628597,65.64561624497833,10
1404,546.4508326621867,65.40717591620074,10
1405,546.6918689512929,65.56163780279435,10
1406,546.9988735574669,65.45445115642062,10
1407,547.524688655759,65.33895049772762,10
1408,547.9405144648772,65.55669977359531,10
1409,548.2475726967533,65.55822849526314,10
1410,548.6193830203397,65.62365742955646,10
1411,548.7946897581862,65.67827625730051,10
1412,549.1031472816728,65.67701690983014,10
1413,549.34476319173,65.59776243824548,10
1414,549.695523886754,65.75784538972694,10
1415,550.0024542246098,65.86037372295024,10
1416,550.2869278134862,65.99034234982052,10
1417,550.8121998341412,66.10735978290411,10
1418,551.2067244110168,66.28141232034275,10
1419,551.6435060489817,66.31846283132137,10
1420,551.8429101909451,66.38653767326538,10
1421,552.2376644768839,66.44092941254057,10
1422,552.5876770049266,66.52019561559672,10
1423,552.8297058166254,66.66609413820291,10
1424,553.3105402401009,66.8881630969344,10
1425,553.4870560051263,66.95239809126747,10
1426,554.0772627498088,67.1309951578725,10
1427,554.5812983397143,67.14301835948021,10
1428,555.1714375269422,67.01513882964903,10
1429,555.718690507135,66.96967128016415,10
1430,556.1135084536692,67.25066637281735,10
1431,556.3987107985283,67.25615725699349,10
1432,556.7500152388577,67.09962360122782,10
1433,557.2110155292945,66.95937946317133,10
1434,557.6688753749307,66.82126473325228,10
1435,557.9321899663231,66.87954153706752,10
1436,558.3039907450759,67.04061645793833,10
1437,558.9158720613376,66.99456596559061,10
1438,559.2216579060565,66.97639178259378,10
1439,559.7463031577987,66.99822923925817,10
1440,560.205602184016,66.8460499103204,10
1441,560.7536848967299,66.79017092234142,10
1442,561.169557855367,66.91123420353253,10
1443,561.4765612580362,66.8304227918044,10
1444,561.9793713501631,66.59997011516084,10
1445,562.4605380305619,66.47098939256705,10
1446,562.5924200199197,66.36426701605878,10
1447,563.2692847651463,66.47008295420221,10
1448,563.7073492846278,66.47617680110254,10
1449,564.4057807536132,66.49099558073513,10
1450,564.8210377431476,66.40934609385342,10
1451,565.1063859824578,66.52666545713224,10
1452,565.5659983586972,66.79729260611711,10
1453,566.0699276091995,66.70298486035281,10
1454,566.6167865168322,66.88218160218602,10
1455,567.2947919523261,66.92211438407077,10
1456,567.9289310678707,67.02063358161693,10
1457,568.3660968703339,66.92035971411731,10
1458,568.9557106704722,67.04199773381087,10
1459,569.066746201407,67.08023045752586,10
1460,569.3941601428924,67.19935333742482,10
1461,569.8969714059356,67.26995898872997,10
1462,570.2698428492253,67.27785405119306,10
1463,570.4673912165144,67.23398646328972,10
1464,570.9047386013383,67.45108439992458,10
1465,571.2768765574477,67.66632614885512,10
1466,571.7369245118948,67.8025537327355,10
1467,571.9997206923363,67.95886774058918,10
1468,572.4382012259842,67.7955549253711,10
1469,572.9623803149509,67.93668562424311,10
1470,573.4872401430524,68.14906209612907,10
1471,573.9271823550863,68.43343146877659,10
1472,574.299566635335,68.46437279897965,10
1473,574.7840579877795,68.63721500889318,10
1474,575.1354325502311,68.76267727017346,10
1475,575.4639796611712,68.8012761573977,10
1476,575.835635857113,68.97970105747058,10
1477,576.1212792016187,69.06676581401054,10
1478,576.4719515489126,69.17661376054181,10
1479,576.6264577779966,69.23517628125559,10
1480,576.9550545834055,69.42966843563237,10
1481,577.3702023266654,69.65835763896574,10
1482,578.00440796405,69.94632152704875,10
1483,578.2903298130778,69.90476692816107,10
1484,578.7933599547057,70.02204657759782,10
1485,579.3200551157438,70.15805947304841,10
1486,579.6483168670223,70.14735534319679,10
1487,580.1297921785765,70.10744330390361,10
1488,580.6326062094452,70.06922272261373,10
1489,580.7860802173846,69.90203749510829,10
1490,581.3545285594348,69.79033986129768,10
1491,581.9464772749004,69.96753368064863,10
1492,582.2318364572959,69.9316473718624,10
1493,582.4759652102721,70.09256019745303,10
1494,582.9016446896615,70.24936603954691,10
1495,583.2293185823501,70.36342956710689,10
1496,583.4711347533931,70.3532261307697,10
1497,583.8862500168996,70.51996366381009,10
1498,584.2801999083649,70.71929320229314,10
1499,584.5860773399364,70.84805524795803,10
1500,585.1540924702289,70.73553646379236,10
1501,585.8533149701774,70.57242323579436,10
1502,586.20604488187,70.83825503090893,10
1503,586.7308921284509,71.00480868343789,10
1504,587.059456725029,71.10704970545575,10
1505,587.497537501197,71.30163053704482,10
1506,587.6522730921196,71.36987427625472,10
1507,588.221161356659,71.52636703637697,10
1508,588.4842843708942,71.52740472289402,10
1509,588.7040205523671,71.53187361335443,10
1510,589.1624129463362,71.66331248441566,10
1511,589.425563853149,71.86351304852587,10
1512,589.7761760726441,71.67722009401274,10
1513,590.4093302568181,71.50826262248425,10
1514,590.6709376764858,71.28904445396647,10
1515,591.0213489024892,71.50677615298451,10
1516,591.4370161319232,71.77874417025917,10
1517,591.8088229406537,71.91271614279202,10
1518,592.0276122844576,71.91220611874778,10
1519,592.5093678960677,72.04950015210655,10
1520,592.9045027953507,72.00727718640046,10
1521,593.474241684062,72.01262479583765,10
1522,593.8900314271484,72.29020187285445,10
1523,594.0887899012602,72.40759023477021,10
1524,594.5055769987972,72.5099889426455,10
1525,594.7477398399175,72.57938824614246,10
1526,595.0543848040977,72.66835205326899,10
1527,595.3826661256978,72.89686681621627,10
1528,595.7114599512138,73.0353995355532,10
1529,595.996258075292,73.13626304908408,10
1530,596.5647225204825,73.29600266793727,10
1531,596.979972632303,73.10571854809523,10
1532,597.4610434298704,73.13369396127878,10
1533,597.657686931547,73.19273385889082,10
1534,598.1164422307932,73.31039550731114,10
1535,598.4895998525351,73.4370525831978,10
1536,598.8389404985116,73.55124666693736,10
1537,599.0804582914603,73.72717953576701,10
1538,599.4744893108233,73.91768778074093,10
1539,599.8241033706506,74.07758407850615,10
1540,600.2176238537849,74.25631155939038,10
1541,600.4812861798689,74.26611443449164,10
1542,600.8975526411639,74.27198825696499,10
1543,601.2055711108994,74.38105777049421,10
1544,601.6662866598506,74.51033486365638,10
1545,601.9081306189214,74.53453645214724,10
1546,602.2364631589113,74.71514196722435,10
1547,602.6760450615046,74.69704004928269,10
1548,602.9407013329946,74.82455465458433,10
1549,603.4249506502139,75.01675183319423,10
1550,603.6459125348534,74.95560598949592,10
1551,604.1071587842707,75.0724661948739,10
1552,604.4354369806013,75.19694777100068,10
1553,604.7198265757768,74.96815228972295,10
1554,605.3316518999397,74.97230538367349,10
1555,605.8571187989228,75.10117714655051,10
1556,606.4477762272546,75.10724148228545,10
1557,606.9282411252614,75.17119138278503,10
1558,607.4974003111599,75.20346121812432,10
1559,608.0017166287245,75.0612864945093,10
1560,608.3745792996513,75.16622648601641,10
1561,608.7706313959192,75.32233941190016,10
1562,609.100211804591,75.51607668024471,10
1563,609.4504362941444,75.5114941333422,10
1564,609.7999598020308,75.502826504965,10
1565,610.4131335618212,75.42653593725016,10
1566,610.6770977407664,75.34567117841668,10
1567,611.0063595041347,75.28107683778117,10
1568,611.4876861275947,75.13890390303855,10
1569,611.8375214960384,75.29143526003111,10
1570,612.448303944703,75.18290447963524,10
1571,612.754013712313,75.20743841662431,10
1572,613.1471403631582,75.23482815220154,10
1573,613.4543675972141,75.24904906645645,10
1574,613.9353793878136,75.08878806885497,10
1575,614.483066206654,75.1675699464528,10
1576,614.6374855888104,75.24630630222872,10
1577,615.0318487015352,75.04758131236287,10
1578,615.6659415211902,75.20252686436211,10
1579,615.9958181818192,75.28509664983137,10
1580,616.4547984977012,75.26228905415502,10
1581,616.9144017524595,75.44055851156763,10
1582,617.3310054913802,75.61289157188662,10
1583,617.9649815633841,75.80446896627262,10
1584,618.3152993679444,75.9241133919449,10
1585,618.599563643058,75.9989078861585,10
1586,619.059105477712,76.00374741356785,10
1587,619.6054522700646,76.21949560922525,10
1588,620.0645777900546,76.30968575112041,10
1589,620.676302578607,76.47907109068994,10
1590,620.9385627278275,76.70585962220704,10
1591,621.310733041031,76.79227712219942,10
1592,621.5952101182817,76.87709362251901,10
1593,621.7937703444526,76.92147493000627,10
1594,622.1453564278851,76.87725121760913,10
1595,622.4735246357179,76.77403900148798,10
1596,622.6056493201767,76.69062967667054,10
1597,622.868846038504,76.7170290421205,10
1598,623.3720051182428,76.76461856947866,10
1599,623.8105739038759,76.95852443367386,10
1600,624.072537261143,77.06153385815541,10
1601,624.4232337450018,77.09161169318006,10
1602,624.9267198561702,77.28841326357889,10
1603,625.3652984369778,77.34836130306442,10
1604,625.868285890371,77.34722428966053,10
1605,626.3721495963488,77.55224977762457,10
1606,626.8970469156392,77.58458110016821,10
1607,627.2910534415722,77.75805629108315,10
1608,627.7511201501677,77.7924166453111,10
1609,628.1878079427859,77.89088037019947,10
1610,628.452037376185,77.81201287262377,10
1611,629.0437214924315,77.75195968645426,10
1612,629.2629903712912,77.58288880537451,10
1613,629.7442893741287,77.66290512005247,10
1614,630.0300973580725,77.76883392151659,10
1615,630.5113260360615,77.90363783745835,10
1616,630.9929294121462,77.95398208310549,10
1617,631.3868896426146,77.91152829745289,10
1618,631.6945482350532,77.81896372263861,10
1619,632.0463766833811,77.8306222948739,10
1620,632.5285041063382,77.84298938218281,10
1621,632.9873817395728,77.74066639964178,10
1622,633.2944663753021,77.83080235505322,10
1623,633.8191349348792,77.76383930152728,10
1624,634.3458688963807,78.03502573360787,10
1625,634.6314951678407,78.09331581722616,10
1626,634.9837441648762,78.21596158479376,10
1627,635.2912244944553,78.33160016181613,10
1628,635.7725333705386,78.37843523809947,10
1629,636.1890330079801,78.50906739954577,10
1630,636.6492353828475,78.63984087026385,10
1631,637.066379285215,78.51540502618377,10
1632,637.2640681788457,78.6406748927028,10
1633,637.5064099086803,78.76379613227864,10
1634,637.8129468753336,78.87971753499801,10
1635,638.2726253880437,78.97747048477004,10
1636,638.8637142404782,79.22025256964783,10
1637,639.1276736361398,79.20161148217431,10
1638,639.4562979835231,79.41343803877264,10
1639,639.9378021907296,79.72632735253123,10
1640,640.3752222690772,79.82388618848755,10
1641,640.7028336313243,79.81555331399294,10
1642,641.1418178704079,79.84983891984454,10
1643,641.7325303542993,80.08801830872144,10
1644,642.2162622789135,80.15472883655038,10
1645,642.5663677376749,80.20544157090369,10
1646,642.9611694661238,80.22256723806278,10
1647,643.3101979753612,80.44139909636291,10
1648,643.5942696152094,80.55641883957898,10
1649,643.7043323094249,80.57531223429893,10
1650,644.0987398770108,80.73507336252158,10
1651,644.3412545304047,80.86659641056143,10
1652,644.6044939102725,81.05563078869909,10
1653,644.8675266541999,81.15655734590037,10
1654,645.304970504056,81.31505829949923,10
1655,645.5900272064105,81.40846127713736,10
1656,645.8313618858504,81.48235614210513,10
1657,646.0073846057471,81.61232252375133,10
1658,646.4919900169018,81.73139739979706,10
1659,646.8628464502358,81.83154012051733,10
1660,647.3224633663734,81.99087686897887,10
1661,647.8264912589259,82.1579076559898,10
1662,648.241877911322,82.18622952371878,10
1663,648.4392889552583,82.26649504241026,10
1664,648.8555996255229,82.37042583395065,10
1665,649.140785984521,82.5267171019988,10
1666,649.6443732726798,82.48937232022442,10
1667,650.0833020707498,82.63074586660233,10
1668,650.5216727918717,82.58971533519097,10
1669,650.805694693858,82.72741137066427,10
1670,651.2216364813742,82.81824350583922,10
1671,651.6576963590136,82.9139613131761,10
1672,652.0314114847797,83.01686584842265,10
1673,652.2513428383907,83.12871763528418,10
1674,652.6235999085707,83.37773864789266,10
1675,653.061569627617,83.43804114881311,10
1676,653.4979559234157,83.64265059340865,10
1677,653.6319589751192,83.69928780266386,10
1678,653.9171491138983,83.85939813767375,10
1679,654.1142627959132,84.01410998031471,10
1680,654.2904478621919,84.11726075901456,10
1681,654.7285328297361,84.33707085585498,10
1682,655.0794849765871,84.5138506799638,10
1683,655.4938719943373,84.64478536805335,10
1684,656.1413949599009,84.84980075319638,10
1685,656.4631200453402,84.88984088984442,10
1686,656.9572658499923,85.02138023471116,10
1687,657.3965357693127,85.25323502205899,10
1688,657.8551968350233,85.40042847805557,10
1689,658.2716663862981,85.60999954402004,10
1690,658.7946691205041,85.8113401083864,10
1691,658.948959951432,85.86188153088635,10
1692,659.4069299135729,85.96747038104712,10
1693,659.8429817833738,85.7520287238675,10
1694,660.1068333267806,85.58882112227403,10
1695,660.5012278759351,85.40282839422754,10
1696,661.0055805167758,85.65382292059041,10
1697,661.2912857652474,85.8017501389944,10
1698,661.9037931373863,85.78186911212141,10
1699,662.3848594466791,85.98329029631103,10
1700,662.5395850942978,86.04957912194715,10
1701,662.9553694555804,86.2358684385196,10
1702,663.5236782168404,86.19173651096112,10
1703,663.8730788052544,85.94480657048842,10
1704,664.1141466730226,86.12443066695295,10
1705,664.6831482095458,85.91948427375449,10
1706,665.1202840405324,85.83229769037797,10
1707,665.4501708823065,85.75842512599945,10
1708,665.8217438176013,85.84567037810069,10
1709,666.2601188481955,85.65409590313995,10
1710,666.7405415418021,85.88325025528023,10
1711,667.2865548060716,85.8894811576576,10
1712,667.8109059144192,86.15309388431173,10
1713,668.2058670159337,86.2691101830839,10
1714,668.5998578490519,86.45153068049619,10
1715,669.233165374105,86.5456862076444,10
1716,669.9550294319945,86.56230405012116,10
1717,670.5892899766177,86.45234906399763,10
1718,671.0485257601451,86.41273969298007,10
1719,671.4424032555337,86.47878660909078,10
1720,671.880643273658,86.63495290676828,10
1721,672.2088861680755,86.74370571454125,10
1722,672.5813197342361,86.701103531484,10
1723,673.0192443956831,86.8745121401019,10
1724,673.2832674942522,86.92198552278545,10
1725,673.7218384597949,86.82568401642665,10
1726,674.0507878048073,86.5653813605971,10
1727,674.5988900514208,86.50339900960485,10
1728,675.0370237673736,86.65552783294386,10
1729,675.6733933087012,86.65316763867085,10
1730,676.0895041921536,86.86379901256882,10
1731,676.4415140299624,87.03487671344233,10
1732,676.8148957157755,87.20989841668398,10
1733,677.2971648016071,87.27562782176292,10
1734,677.6481724573437,87.46430485108446,10
1735,678.1297613821552,87.5379366402082,10
1736,678.5887536747157,87.5881635613956,10
1737,678.788062845127,87.69613434554691,10
1738,679.139623597259,87.78975792682925,10
1739,679.5766207527231,87.62181925023785,10
1740,679.9722068736535,87.78801592814273,10
1741,680.3009667767777,87.61793640454732,10
1742,680.5207652232266,87.81188205533947,10
1743,680.9816239166857,87.72501060103446,10
1744,681.3772445796388,87.92676607980759,10
1745,681.6644452999105,87.99808560628318,10
1746,681.7987187155773,88.01796837500385,10
1747,682.0850421543937,88.21823698931121,10
1748,682.5233696333452,88.38882869041757,10
1749,682.9407385340542,88.58065208598623,10
1750,683.161271412048,88.59949971512278,10
1751,683.3379043613372,88.65417655586378,10
1752,683.666724959382,88.84659836612731,10
1753,684.0831274580612,88.85559078891235,10
1754,684.3900573721623,88.97292786296988,10
1755,684.8062843168183,89.09634036298046,10
1756,685.2453254179306,89.03951122558615,10
1757,685.6830667595935,88.99073206938567,10
1758,686.0999975437978,88.97205987373394,10
1759,686.4725061859817,89.01627897115647,10
1760,686.7789482380845,89.13913765980463,10
1761,687.0211043512764,89.13692380795662,10
1762,687.3279734086392,89.24905350375401,10
1763,687.7881648458567,89.35262232365807,10
1764,688.0964100177937,89.29623996779496,10
1765,688.5053757623842,89.28014298574605,10
1766,689.07449579726,89.14946501767668,10
1767,689.2288513057035,89.21065243010693,10
1768,689.7102492065912,89.01392476694792,10
1769,690.0756052706608,88.96726997903527,10
1770,690.62296412708,88.9523017916599,10
1771,691.0832577701083,88.8632155723486,10
1772,691.5869122607241,88.81142927365343,10
1773,692.1120753877588,88.8028319105978,10
1774,692.5731997633137,88.8792453836068,10
1775,693.0777984343989,89.05239067879224,10
1776,693.3843588306125,88.96091380768506,10
1777,693.8665971643807,89.24070710992825,10
1778,694.283095734809,89.37511227165982,10
1779,694.5899259369023,89.43878672332632,10
1780,695.1140425272381,89.66419743922891,10
1781,695.6613931782069,89.55935276327827,10
1782,696.0774663978874,89.4183873871128,10
1783,696.582294752673,89.43491698179272,10
1784,697.0433593838458,89.4974003985664,10
1785,697.5900910406097,89.44467163233371,10
1786,698.1143628353987,89.70146361274435,10
1787,698.2910876882582,89.79966879567915,10
1788,698.6635320471254,89.64404589418213,10
1789,698.9718760878069,89.724552853799,10
1790,699.0596742975947,89.82926788441601,10
1791,699.3244072505971,89.89131158127061,10
1792,699.6322968283029,89.67841375488021,10
1793,699.8090899496344,89.70656547363656,10
1794,700.0956654769027,89.78252612225525,10
1795,700.4453712684865,89.74850978688957,10
1796,700.83973633928,89.89178710898616,10
1797,701.4509540080415,89.6855969076683,10
1798,702.0198689792605,89.52399037514049,10
1799,702.5011406493132,89.57877996873773,10
1800,703.0481224674274,89.77326851053016,10
1801,703.4645896372961,89.9334758020934,10
1802,703.7504399340489,89.94362174655329,10
1803,703.9727635137622,89.8848799976218,10
1804,704.410200275601,89.69345368593824,10
1805,704.7632250423578,89.73981156502714,10
1806,705.1794772569872,89.86731734284727,10
1807,705.6608340893861,90.09669110585645,10
1808,706.012251518051,90.25534127059024,10
1809,706.4283968328313,90.42024192221044,10
1810,706.6041328608187,90.5626792214548,10
1811,706.9558786353566,90.62957089006326,10
1812,707.1531823507163,90.73390699113494,10
1813,707.590404241105,90.79003050984298,10
1814,707.635957436929,90.7902857821731,10
1815,707.9873917374983,90.99741723353375,10
1816,708.4690156721288,90.88011935358512,10
1817,708.8420915398099,90.92070230470318,10
1818,709.4123366594088,91.05677757565866,10
1819,709.8069795485868,90.89158579786898,10
1820,710.2238342528636,90.68918951849285,10
1821,710.5757782750632,90.5979182597006,10
1822,710.7729569433557,90.71015979793468,10
1823,711.1473641314831,90.908601649235,10
1824,711.4108131670939,90.89581776214985,10
1825,711.5865980156665,90.91172037913525,10
1826,712.0239691113431,91.093433794801,10
1827,712.3750009289146,91.04021686974022,10
1828,712.9220281482537,90.94195708388156,10
1829,713.2517519699144,90.69315602101013,10
1830,713.6235170382076,90.89805528461571,10
1831,714.2567436115643,91.11241662416748,10
1832,714.5029086355491,91.08871111128455,10
1833,714.7662974354292,91.0910537838228,10
1834,715.0294284454073,91.22222073376108,10
1835,715.6421736214703,91.16856744172989,10
1836,716.0583389553905,91.04174416364371,10
1837,716.4758029749614,91.15334288178346,10
1838,717.0011384417021,91.26795234191682,10
1839,717.3095450360631,91.23868506947655,10
1840,717.6394604387402,91.06785028295027,10
1841,717.9458758862684,91.10680664688299,10
1842,718.5361953865429,90.89624779475415,10
1843,718.9081043562695,90.7903464736789,10
1844,719.2587208603256,90.85178415932484,10
1845,719.8269456602694,90.81966731113752,10
1846,720.3943959479795,90.9392295253517,10
1847,720.5054147546173,90.98186863298214,10
1848,720.7035349736482,90.9606934432233,10
1849,720.8568273739628,91.11570050118756,10
1850,721.2296057406509,90.93264223662551,10
1851,721.6244226796891,90.98624754135268,10
1852,721.9543963112551,91.09442199272644,10
1853,722.4365604785625,91.10882336054182,10
1854,722.8532730695109,90.95500620601244,10
1855,723.3777783743996,91.05485497612185,10
1856,723.7298364285033,91.13333300243434,10
1857,724.2112752611399,91.21057379387574,10
1858,724.7350088728352,91.0619826043406,10
1859,724.9977380936278,90.80067084052037,10
1860,725.3044464055695,90.93173902093712,10
1861,725.7420085644677,90.930077489368,10
1862,726.0053304013596,90.81425509555785,10
1863,726.5740557720825,91.05808326585141,10
1864,727.1203170946762,91.2542810177508,10
1865,727.3853688820764,91.30837041600165,10
1866,727.7154891575102,91.38369914601307,10
1867,728.0217024454934,91.4004531657679,10
1868,728.5899023794142,91.5637261681392,10
1869,729.0273478034275,91.36665781382321,10
1870,729.57367761812,91.14340417689056,10
1871,730.0337613632389,91.06708768077293,10
1872,730.4062409350192,90.79575293860927,10
1873,730.9302962918416,90.79600554910397,10
1874,731.411776824378,90.71589618385946,10
1875,731.7849232152116,90.92211957316499,10
1876,732.3530638145029,91.01896047413288,10
1877,732.6159190414425,90.81986648970125,10
1878,732.900409637622,90.99568985521921,10
1879,733.2962836065859,90.93567824018879,10
1880,733.6048235890396,90.88040507746892,10
1881,734.1094218991813,90.86047904102848,10
1882,734.373436019406,90.98461463040874,10
1883,734.5943703153756,90.86829485509324,10
1884,734.7283867557887,90.87316133971612,10
1885,735.3866650681164,90.83616173554664,10
1886,735.5402122246187,90.83265882807886,10
1887,735.8911983350775,90.95064076626942,10
1888,736.2418121073786,91.01896323899584,10
1889,736.5080504228573,91.13421492292926,10
1890,736.9031914146593,91.02074500326466,10
1891,737.4949814811698,91.01836832087264,10
1892,737.9761967227194,91.22887063229798,10
1893,738.3277312662998,91.2865933572193,10
1894,738.7877729969769,91.12357260620442,10
1895,739.3574950909176,91.10996134913242,10
1896,739.5562952233723,91.20622953798832,10
1897,740.0586843965049,91.21486625659348,10
1898,740.431670995838,91.30713533169295,10
1899,740.7644371255823,91.34893700196554,10
1900,741.0276720512804,91.52301165601507,10
1901,741.2277022265598,91.49654313338125,10
1902,741.6248179390634,91.6805754684179,10
1903,741.8465151705702,91.78969093609443,10
1904,742.274956494607,92.03167151234983,10
1905,742.6911130001433,92.21592134291883,10
1906,743.1507007405922,92.38236949155024,10
1907,743.4819832802233,92.46307690286817,10
1908,743.9870851340886,92.59134075588484,10
1909,744.4251727198014,92.63439469809538,10
1910,744.8634377210136,92.41642916835995,10
1911,745.4114837777453,92.34379650956588,10
1912,745.7625546574575,92.41703824686266,10
1913,746.2664036434144,92.2125008651071,10
1914,746.6615511245398,92.38308836930361,10
1915,747.054834921064,92.55530893213742,10
1916,747.3190322843573,92.26675983225785,10
1917,747.779696249798,92.26333678100627,10
1918,748.2180483043927,92.41753774056652,10
1919,748.4813602766541,92.31427277443356,10
1920,749.0511075814532,92.5654642051517,10
1921,749.2938477080357,92.30948394844576,10
1922,749.7318586778541,92.23164878631897,10
1923,750.0378411221225,92.25949347173258,10
1924,750.3011994488558,92.194395795205,10
1925,750.9134315937921,92.11096590576949,10
1926,751.4394652147967,91.87027828451467,10
1927,752.1168569948934,91.71402501881538,10
1928,752.4023650613547,91.71524895627066,10
1929,752.8834819001635,91.74324854580256,10
1930,753.2133038572798,91.74429376872529,10
1931,753.564023046097,91.52648391006713,10
1932,754.0670062999919,91.3725765249938,10
1933,754.527370775131,91.49452743395855,10
1934,755.0534776786615,91.55053351015168,10
1935,755.6459072347809,91.52109998814599,10
1936,756.0624117246119,91.5928101600488,10
1937,756.5435130805857,91.45673430995613,10
1938,756.8726685962681,91.27089727306974,10
1939,757.2663604035895,91.17249214307294,10
1940,757.5086617993909,91.21250645355427,10
1941,757.7929496848099,90.9448893385719,10
1942,758.1653279790385,91.18429152956499,10
1943,758.6473322836008,91.33805347168826,10
1944,759.1711608916501,91.30149820957274,10
1945,759.870053470524,91.19984519722436,10
1946,760.2422852183946,91.2953330970839,10
1947,760.4185687960681,91.39257252004838,10
1948,760.9000787558541,91.53764201987872,10
1949,761.2080172368289,91.61016997061658,10
1950,761.5380684544255,91.72044271687449,10
1951,761.9331062758164,91.72532076754288,10
1952,762.2178752560322,91.79713000111548,10
1953,762.5038041431237,91.95530930169994,10
1954,762.9200400949765,92.24564578139271,10
1955,763.1844044454708,92.21000614354179,10
1956,763.4924316740896,92.34106925070714,10
1957,763.7547047955424,92.57239658714529,10
1958,764.2383422277107,92.8157911208743,10
1959,764.7651675066177,92.92226908031678,10
1960,764.9643428753536,92.9848921598487,10
1961,765.4455643515804,93.15123002083361,10
1962,765.926859941462,93.2439215834893,10
1963,766.2142071563874,93.1977568933266,10
1964,766.455910670807,93.19986401974563,10
1965,766.6772491637118,93.28504693863017,10
1966,766.9414758909805,93.30353215259782,10
1967,767.2487447112514,93.33218344561858,10
1968,767.6890434104117,93.51875930465755,10
1969,768.0619662137199,93.59700553385106,10
1970,768.3249363136877,93.72660438609003,10
1971,768.6309298303391,93.80733733080996,10
1972,768.8942614305007,94.01350965011572,10
1973,769.0698050069648,94.14163894187037,10
1974,769.4645513323844,94.24959575022721,10
1975,769.9022992856549,94.37278834750428,10
1976,770.4261968807401,94.61838361932614,10
1977,770.842906717426,94.7733263830271,10
1978,771.18718952078,94.93487119042537,10
1979,771.3626617361979,95.06967100222168,10
1980,771.6489959589615,95.17434641907627,10
1981,772.0853646899496,95.41588984486543,10
1982,772.4799763779115,95.59612630187588,10
1983,772.8747612100965,95.81232499412613,10
1984,773.3994922297194,96.13793941977946,10
1985,773.8152290819978,96.28333148090739,10
1986,774.1870019319005,96.55195994782838,10
1987,774.4295587355456,96.66805470092011,10
1988,774.6920601665876,96.82415100006519,10
1989,774.9120705060595,96.85871781292667,10
1990,775.1319206154157,96.9274098821141,10
1991,775.396921672492,96.99001996624537,10
1992,775.6173189343219,96.97267263837496,10
1993,775.7278706865142,96.99354375662335,10
1994,776.0574984231732,97.10885667715274,10
1995,776.4963771943162,97.30762085923244,10
1996,776.8919300642017,97.48388702462194,10
1997,777.4397742477215,97.40177398212735,10
1998,777.9001971602637,97.32844651489144,10
1999,778.1640441838341,97.48051174232702,10
2000,778.6911960849344,97.33046781663448,10
2001,778.8892360928949,97.48617084722986,10
2002,779.0661410346048,97.57476089516696,10
2003,779.439911922738,97.58372153711535,10
2004,779.8340523767898,97.68766409118065,10
2005,780.2273576319342,97.52494715415446,10
2006,780.4028553895611,97.36365675596768,10
2007,780.665906412618,97.14453421097471,10
2008,780.775945295328,97.15543385229057,10
2009,780.9733972179803,97.12757073426847,10
2010,781.4767034291797,96.9690362278101,10
2011,781.8051889521994,96.86608876960827,10
2012,782.3743732425336,96.90098665072824,10
2013,782.6828795714919,96.79540625570392,10
2014,782.9703632316391,96.88599781078048,10
2015,783.4734180160531,96.80075421052484,10
2016,783.7609845159857,96.85063348311114,10
2017,784.2878114447269,96.86514520140759,10
2018,784.5296892030924,97.04513055406355,10
2019,784.7069474988189,97.1484685605703,10
2020,784.8171839096351,96.91135760045356,10
2021,785.2332867213332,96.94284330477453,10
2022,785.475770667603,97.01968376178198,10
2023,785.9799101195892,97.29367739953227,10
2024,786.1570311898813,97.18351821383922,10
2025,786.44270594115,97.17746790728759,10
2026,786.7285796570798,96.96352727574076,10
2027,787.1453305594904,97.08495917772865,10
2028,787.6485125034206,97.09207151425976,10
2029,788.1962001412099,97.03937704453377,10
2030,788.8091894236952,97.01276608725047,10
2031,789.333996004071,97.12263776415537,10
2032,789.8157909460149,97.19777480589633,10
2033,790.2324936851555,97.42287651346817,10
2034,790.8020310456661,97.44358652009065,10
2035,791.0008483490157,97.4748741063855,10
2036,791.2653630756499,97.48566581872541,10
2037,791.7041094432537,97.64618579419813,10
2038,791.8381181915589,97.72124644083748,10
2039,792.1467417311044,97.59012008302068,10
2040,792.4101618817751,97.74827775418366,10
2041,792.7400019249568,97.7807755218881,10
2042,793.2861548452671,97.7711171656019,10
2043,793.9416859615071,97.99608623660605,10
2044,794.6624065971663,97.96511591809032,10
2045,794.9697007187268,97.87271679331118,10
2046,795.4069644489881,97.96507667284361,10
2047,795.8007418328621,98.18355590276775,10
2048,796.1288245931219,98.218584630088,10
2049,796.4367731234694,98.30682790916781,10
2050,796.9401215723456,98.48914318620567,10
2051,797.2918061009248,98.6135657877873,10
2052,797.7076270257713,98.4811981906316,10
2053,797.9499364673509,98.2862613091722,10
2054,798.1269326660764,98.12004129027599,10
2055,798.3255967529108,98.17426253828145,10
2056,798.611475528556,98.11096432015759,10
2057,798.8325169076128,98.1528580517218,10
2058,799.074309368077,98.21627706255012,10
2059,799.3368906612056,98.37603763899762,10
2060,799.7093294980257,98.56455957973425,10
2061,799.8638575263701,98.62565040110036,10
2062,800.3882708211679,98.53443721917323,10
2063,800.8482744689969,98.66636750208825,10
2064,801.1132899227827,98.76214091865441,10
2065,801.5503327986855,98.5963305074582,10
2066,801.726217444807,98.66220363119366,10
2067,802.0985951156503,98.69564483573518,10
2068,802.4508658755458,98.70255236412656,10
2069,802.8688730230098,98.92449927753485,10
2070,803.3072045993434,99.0144302244919,10
2071,803.7451898303705,98.98690230624867,10
2072,804.2060754802708,98.8017111012715,10
2073,804.7966596232193,98.81988559709832,10
2074,805.2772262080396,98.71490034318579,10
2075,805.4749982340397,98.7625823254613,10
2076,806.043482743439,98.80476379576898,10
2077,806.4612626396698,98.91317410581212,10
2078,806.769662521379,99.03404223927777,10
2079,807.1205222255551,99.13987733551245,10
2080,807.5144863061541,99.21718466151772,10
2081,807.8432397815425,99.34805208925982,10
2082,808.1071957166873,99.41487950845818,10
2083,808.501737825231,99.29779304530513,10
2084,808.7439943559067,99.13848661079241,10
2085,809.2256930307211,99.23512085529887,10
2086,809.684112160903,99.09106433984466,10
2087,810.1208864513212,98.88550821384017,10
2088,810.6907958915639,98.69656062103351,10
2089,811.326762759497,98.66134999451488,10
2090,812.0051305675375,98.70305720782135,10
2091,812.3349818889784,98.66755140522046,10
2092,812.7524961531261,98.6259277100139,10
2093,812.9279725041054,98.60434238927728,10
2094,813.2129848249018,98.5771923576829,10
2095,813.5411774944342,98.64283637537855,10
2096,813.9132128928775,98.71274192438737,10
2097,814.4403579042435,98.78148603583378,10
2098,814.6824827476335,98.70945962564713,10
2099,814.8809688064046,98.7015852941231,10
2100,815.3406865033988,98.54535909295315,10
2101,815.9328870216938,98.70326512006439,10
2102,816.3281849114206,98.70335854726092,10
2103,816.6802947904808,98.90009089498126,10
2104,816.9876182013393,98.80249011868545,10
2105,817.339772798189,98.56293083472542,10
2106,817.6027650438419,98.57910270736876,10
2107,817.8459978269069,98.67438866149912,10
2108,818.1756279767042,98.74239968055628,10
2109,818.701698688793,98.70525047088675,10
2110,819.0088588776492,98.65069204678927,10
2111,819.2300819853024,98.67032325598682,10
2112,819.6028252592945,98.79087472664028,10
2113,819.8453462841146,98.76568984532938,10
2114,820.3279103483508,98.9274929903076,10
2115,820.9404987530381,99.10797652257689,10
2116,821.5322020958077,99.28641706205296,10
2117,821.9706932048002,99.38541995956218,10
2118,822.2997072482974,99.40230778604509,10
2119,822.9767741249307,99.35513592195169,10
2120,823.3503078281323,99.49622511890847,10
2121,823.7664551970689,99.20066973801961,10
2122,824.2477372580709,99.10219028246946,10
2123,824.6854996807566,99.10572146080895,10
2124,825.0138547139946,99.22222525486498,10
2125,825.3868708539925,99.17367412603933,10
2126,825.6741016428771,99.355952264701,10
2127,825.9818501327424,99.42232038545814,10
2128,826.5736565888039,99.62786567226972,10
2129,826.9472836275345,99.80936887713008,10
2130,827.1245942269201,99.89474137394794,10
2131,827.3226022593228,99.94742529620879,10
2132,827.6723073762972,100.11019777215327,10
2133,828.0890710050484,100.16812497848208,10
2134,828.4191718493261,100.21345309662401,10
2135,828.8571644527107,100.45961152128645,10
2136,829.2937905075299,100.63013723731993,10
2137,829.643204413982,100.78308340701219,10
2138,830.0812474981027,100.49595652630018,10
2139,830.8247020940687,100.46959698348041,10
2140,831.3276044631642,100.58471388317962,10
2141,831.7002546309001,100.83034423894543,10
2142,832.2922392028995,100.7495400844862,10
2143,832.6657769702626,100.84178732574247,10
2144,833.236162126773,100.8059945145971,10
2145,833.5218808374004,101.02407943265386,10
2146,833.8516877893744,101.11210248157403,10
2147,834.201582985191,100.93407913876945,10
2148,834.6385506916273,100.86255983292187,10
2149,834.8807881404655,100.8929471828856,10
2150,835.5362343710494,101.0365932283014,10
2151,835.7782331562246,101.09840255581751,10
2152,836.0630276797399,101.11605484536744,10
2153,836.5241940415283,101.29757475005187,10
2154,836.8311761556122,101.37921991406617,10
2155,837.2925496305515,101.41804801446528,10
2156,837.6660732822096,101.4253099213258,10
2157,838.0176378102908,101.55690299512023,10
2158,838.3897251309194,101.58486614212053,10
2159,838.6101504625261,101.57112079846726,10
2160,838.7449021465933,101.68518278969385,10
2161,839.0095450835552,101.7627445910359,10
2162,839.1851067935983,101.72840113302085,10
2163,839.3408085327192,101.79795268201724,10
2164,839.7781037561808,101.82091381872603,10
2165,840.1730248333512,101.95408649246146,10
2166,840.5024913940048,102.09554841469371,10
2167,840.8094190661097,102.19914342278045,10
2168,841.1391275826743,102.24206161928115,10
2169,841.4032288663353,102.20840734806998,10
2170,841.753598923215,102.31790808333051,10
2171,842.1264749401305,102.48059184624164,10
2172,842.586093042952,102.68461463183363,10
2173,842.9365062403264,102.8668705020917,10
2174,843.6352629646323,103.07444953608999,10
2175,844.0946992874517,103.2722818848227,10
2176,844.5993218807758,103.41741506671138,10
2177,844.9935997297173,103.56580292602585,10
2178,845.1915081940226,103.66051281954525,10
2179,845.6946187057007,103.70176726599664,10
2180,846.1329708880703,103.78533415526842,10
2181,846.4635697066751,103.87526171983286,10
2182,846.7939320519524,104.0005637973459,10
2183,847.2323519665981,104.19376083327701,10
2184,847.4523310734063,104.28127881439939,10
2185,847.7830248577553,104.32798509119895,10
2186,848.067634885495,104.42159134684873,10
2187,848.5051647743898,104.63658400843877,10
2188,848.9647780667716,104.81120779581343,10
2189,849.4024328115753,105.05275483480622,10
2190,849.9256035333452,105.3482489907395,10
2191,850.2127912126103,105.43149055280435,10
2192,850.4983964923182,105.53810008722574,10
2193,850.9588977014843,105.70406161123944,10
2194,851.4418464193184,105.84924680074974,10
2195,851.7940920724675,105.95674765727581,10
2196,852.2544765657373,106.148651345223,10
2197,852.5195474932003,106.22924246389307,10
2198,853.0243774591021,106.38436396925891,10
2199,853.2012691497114,106.50765801050377,10
2200,853.639198921567,106.63198764302034,10
2201,853.9691479850502,106.78060650697402,10
2202,854.2980488908061,106.95588561889717,10
2203,854.606745768982,107.09768790764242,10
2204,854.8490793051193,107.23614167328954,10
2205,855.2440030258638,107.23885016514227,10
2206,855.7055066227898,107.28782165771645,10
2207,856.1663005040971,107.38678708675928,10
2208,856.5401017050465,107.6090143634369,10
2209,857.0870974425319,107.71253346433767,10
2210,857.1979846011878,107.77320630964157,10
2211,857.5700136413749,107.87959205790959,10
2212,857.9434518036782,108.0460945754618,10
2213,858.229061559744,108.1519112181151,10
2214,858.428151642601,108.25673621841122,10
2215,858.6923538267308,108.44152700044515,10
2216,858.8467407655683,108.48168697256494,10
2217,859.1542162725049,108.70055274101612,10
2218,859.6789829647157,108.93617086469075,10
2219,860.2254774935503,109.22282977492453,10
2220,860.7723846243003,109.34189873944983,10
2221,861.1901417560546,109.49628230850854,10
2222,861.848027664362,109.69598027148442,10
2223,862.1776924146394,109.75738069968698,10
2224,862.3771552176771,109.79572161216177,10
2225,862.6844412083117,109.79316446338139,10
2226,863.0567509586315,109.90144552981661,10
2227,863.2548244011543,109.92374924679832,10
2228,863.4735841472991,110.0855534038742,10
2229,863.7591422357406,110.21821547178241,10
2230,864.0659031629644,110.2822328976371,10
2231,864.3508644173401,110.3970523142482,10
2232,864.6572473696948,110.51039488130232,10
2233,864.8544250392342,110.6747340421649,10
2234,865.1382362713332,110.8310248569238,10
2235,865.6856517688948,110.99814166868447,10
2236,866.0583216506036,110.82159110445996,10
2237,866.4953521122501,110.77019398762489,10
2238,866.8267982718105,110.85982744479672,10
2239,867.1781298039701,110.72905317367736,10
2240,867.7491546876115,110.98464161510972,10
2241,867.992758730729,111.03497071491459,10
2242,868.3215309582347,111.14771732680535,10
2243,868.8257676892288,111.03569754716605,10
2244,869.3505331032841,110.93735113272564,10
2245,869.6789020131977,111.0958058338787,10
2246,870.3130888080595,111.02518136186617,10
2247,871.0131193903104,111.01804468045947,10
2248,871.6252929138072,110.93808422978842,10
2249,872.2184654731042,110.99619761484983,10
2250,872.547631061146,110.91867616712813,10
2251,873.0082712258587,110.9917292206971,10
2252,873.3153387693728,110.80629490795356,10
2253,873.7542097812739,110.68099089596245,10
2254,874.2583265292378,110.55201691496063,10
2255,874.5237532251213,110.69412278553213,10
2256,874.8763765603447,110.82181767437396,10
2257,875.1838699534201,110.75944461540001,10
2258,875.6013153082849,110.79133454034749,10
2259,875.9534086072414,110.84817011876373,10
2260,876.3700903261248,110.72928897007631,10
2261,876.7663842937773,110.74888286121902,10
2262,877.0526813153813,110.59123959776922,10
2263,877.4892275250428,110.41873757472271,10
2264,877.9061444074432,110.28800204477882,10
2265,878.6042843169595,110.21668169560827,10
2266,878.8251393544658,110.31953864823687,10
2267,879.1978583782445,110.19374275803266,10
2268,879.7024020875695,110.03129733128824,10
2269,879.9438016272674,110.12879387135365,10
2270,880.3808515012164,110.19808368103219,10
2271,880.8418303079059,110.054308221909,10
2272,881.0842454238467,110.1344034712351,10
2273,881.4135462489251,110.22284567797779,10
2274,881.6563215731563,110.30956627021173,10
2275,882.1799134049763,110.54661887619315,10
2276,882.6839566765502,110.45643787020973,10
2277,882.9039175271831,110.56911850222954,10
2278,883.1239110965731,110.60697600076817,10
2279,883.4091318412105,110.69562214379272,10
2280,883.6722797147688,110.76560713401811,10
2281,883.9786794002536,110.8726135637528,10
2282,884.4829100298954,111.00740151710943,10
2283,885.0940484517081,111.18521483789283,10
2284,885.4439332323924,111.26390836930595,10
2285,885.8158514095567,111.42459881456332,10
2286,886.0142997745479,111.43521094391225,10
2287,886.4739911422414,111.64953607752634,10
2288,887.0437802244251,111.89768420146434,10
2289,887.394369435738,112.06589082205863,10
2290,887.6586969877613,112.19380399399934,10
2291,887.9012507551663,112.23385892023019,10
2292,888.142782916107,112.23728344007927,10
2293,888.6233423844438,112.43676560124695,10
2294,888.7118831217965,112.35845340081586,10
2295,889.1936717640356,112.45252696869787,10
2296,889.5893843727183,112.48244199163695,10
2297,889.8749604058851,112.5952717397091,10
2298,890.3123728160605,112.65591807988973,10
2299,890.6432078711648,112.74640303291224,10
2300,890.884460173333,112.8807937120538,10
2301,891.3222301792533,112.93367471845654,10
2302,891.6287718387551,113.04876618344633,10
2303,891.9585584044637,113.24974588590202,10
2304,892.3097609030568,113.35485797358633,10
2305,892.6608623025213,113.49398288144367,10
2306,892.9031134558405,113.54536093924823,10
2307,893.2336591450681,113.53974235167645,10
2308,893.6520074016865,113.62744285356906,10
2309,894.003323420751,113.7832030371861,10
2310,894.3533198105315,113.60392098234958,10
2311,894.8352698341689,113.52000931555402,10
2312,895.2515929118235,113.67664283117422,10
2313,895.6668694976615,113.75976417469862,10
2314,896.0607882992497,113.73815496623529,10
2315,896.4539636457736,113.78732675022808,10
2316,896.7393900108384,113.93650684953056,10
2317,897.3064873178882,113.97068707460178,10
2318,897.8090114115633,113.91848489883105,10
2319,898.3111703871348,113.74297788044953,10
2320,898.5312601141086,113.88877635894306,10
2321,898.6193565044863,113.93850943814336,10
2322,898.9260893282159,113.9433919441441,10
2323,899.2991139098615,114.07451776010151,10
2324,899.6064250891328,114.22854828885868,10
2325,900.0019079433412,114.4339276141585,10
2326,900.2665177741073,114.53434162320521,10
2327,900.6154568475713,114.71670240468501,10
2328,900.7704147267543,114.78872768273101,10
2329,901.3178480965447,115.0218702512374,10
2330,901.7552284440715,115.25683844481173,10
2331,902.1936237261732,115.46076564561014,10
2332,902.3702477697328,115.53212957047121,10
2333,902.8306315109814,115.56816761670193,10
2334,903.2257419789812,115.80617700377753,10
2335,903.4459865414071,115.95164648106503,10
2336,903.9295835748305,116.06079614201403,10
2337,904.4107539445615,116.2781719513895,10
2338,904.9359480886994,116.51912591414495,10
2339,905.1124993477148,116.63040660351366,10
2340,905.2477419944623,116.74443866405059,10
2341,905.5112271604376,116.87497215651709,10
2342,905.9287054433731,117.07051030886652,10
2343,906.3014628671459,117.25331526606253,10
2344,906.5645800610233,117.40843736974396,10
2345,906.8488079319106,117.59784707671442,10
2346,907.1341248463002,117.68628511824522,10
2347,907.5927462612483,117.93976393681581,10
2348,907.7029645305371,117.97943020862294,10
2349,908.1194759635888,118.22926187427065,10
2350,908.7093426483098,118.43472640906099,10
2351,909.2127155494767,118.57549189512781,10
2352,909.499490419138,118.70972295255967,10
2353,909.9163112561885,118.93140813400179,10
2354,910.3974109214054,119.09654787753185,10
2355,910.9003214444549,119.25169708338393,10
2356,911.2519179099285,119.42702275771163,10
2357,911.5145172448578,119.3635368668455,10
2358,911.6028148791977,119.4564703516585,10
2359,912.1495550436188,119.69565220728973,10
2360,912.5217106906699,119.87103199484947,10
2361,912.9599165074964,120.13323333996465,10
2362,913.2669571070204,120.19819539486073,10
2363,913.4900585231568,120.3056781717892,10
2364,913.9048977295557,120.56141292623136,10
2365,914.2783071092566,120.69072864329485,10
2366,914.5413450553485,120.8397596197152,10
2367,914.8513288990696,120.95335752705928,10
2368,915.2676112252941,121.11578867105922,10
2369,915.4883788272375,121.20899492526733,10
2370,915.8613581823959,121.35825963683847,10
2371,916.210500361324,121.49901270901208,10
2372,916.3431591315272,121.52366054583807,10
2373,916.6960857881473,121.6280878982778,10
2374,916.9816738858177,121.46090086313112,10
2375,917.3758267566582,121.3630164616465,10
2376,917.6836389423661,121.30072561850749,10
2377,918.1866837644426,121.17096037287408,10
2378,918.3846965414841,120.98279446387482,10
2379,918.7785882107248,121.18405417127774,10
2380,919.215778191681,121.40423511520146,10
2381,919.8069706237081,121.68500251795747,10
2382,919.9174151530303,121.76140489786745,10
2383,920.1377280690328,121.9377301889987,10
2384,920.2262901695309,121.96596648820706,10
2385,920.6858552911275,122.02471235474145,10
2386,921.080406731095,122.26153223869757,10
2387,921.517685983885,122.45962113978743,10
2388,921.8902958557541,122.63022840888095,10
2389,922.0671475345605,122.64525816272327,10
2390,922.4616936831895,122.514324577618,10
2391,922.8341589746112,122.71189128091471,10
2392,923.1199085028093,122.80614035395882,10
2393,923.3825589462518,122.614297148172,10
2394,923.9304788895986,122.86949900734508,10
2395,924.2171860366309,122.86139971200436,10
2396,924.5674086644751,122.72269372947021,10
2397,925.1153123433938,122.6670063142467,10
2398,925.5523268408244,122.84015028497464,10
2399,925.9474635988784,122.98954837497898,10
2400,926.4302288362426,123.10595681786502,10
2401,926.9565365769959,123.23252226040644,10
2402,927.0446149409097,123.2800135202367,10
2403,927.3090542149357,123.12428951197752,10
2404,927.6594708385885,123.2137598788559,10
2405,928.053001375713,123.33359097799469,10
2406,928.2083447671209,123.44312458849771,10
2407,928.2752344786268,123.51023129009975,10
2408,928.865700478512,123.52971730893078,10
2409,929.4571786686508,123.57212672412447,10
2410,929.8740599979383,123.76865305210215,10
2411,930.1824376153824,123.66547205641078,10
2412,930.5119661601921,123.85200379845507,10
2413,930.9943289984618,124.11053203993467,10
2414,931.4095401915741,123.89355224825437,10
2415,932.0439074859354,123.80271447717976,10
2416,932.4159825876698,123.81573543698485,10
2417,932.7242295184702,123.9078231330776,10
2418,932.944940400437,123.98480942852413,10
2419,933.4051114097695,124.23631612736318,10
2420,933.6905305981536,124.30770823197135,10
2421,934.259531599906,124.41485955917629,10
2422,934.8287290649905,124.49844294508557,10
2423,935.3325789687193,124.53327228199495,10
2424,935.7712243931417,124.61863442405898,10
2425,935.9908997436469,124.74695494839764,10
2426,936.3418948407607,124.88818803311581,10
2427,936.6946520790134,125.03181413592897,10
2428,936.9579385024851,125.1837621887397,10
2429,937.2015372272683,125.28400623771788,10
2430,937.5964633763015,125.32316945379081,10
2431,937.7509490883389,125.40011456267258,10
2432,937.9711391123603,125.37241282050708,10
2433,938.3862784452916,125.58081950327997,10
2434,938.5642884960787,125.6668313104826,10
2435,938.8496696897166,125.8271186230253,10
2436,939.5712795707011,125.84877149280686,10
2437,939.878649143315,125.99908931030174,10
2438,940.2273380739234,126.19632915414384,10
2439,940.3604259966926,126.25712589877732,10
2440,940.9037852413269,126.46903421969753,10
2441,941.538964859849,126.51301016614141,10
2442,941.9770388375848,126.45049273471128,10
2443,942.5012217655106,126.4209984419847,10
2444,943.0914903685995,126.72880036792817,10
2445,943.5302909627505,126.8170656379339,10
2446,943.9243566825908,126.92719102980399,10
2447,944.4282293301274,127.19745661586113,10
2448,944.8013662837633,127.22053996196226,10
2449,945.1763707195474,127.39677170620395,10
2450,945.5477766607655,127.43947217487212,10
2451,945.9210631401259,127.57584225049047,10
2452,946.314529875561,127.79967555845204,10
2453,946.5780491436901,127.90405149387487,10
2454,946.8630497332437,128.00087263228366,10
2455,947.1699397376718,128.20828910694527,10
2456,947.3672430438103,128.27974865945532,10
2457,947.7399851266749,128.4902602113078,10
2458,947.7638595900528,128.4983665050087,10
2459,948.1805660387206,128.66019086385074,10
2460,948.378603913543,128.59701806215273,10
2461,948.8371296923427,128.80122874314483,10
2462,948.992244144543,128.85666527236071,10
2463,949.2781837084137,128.94373654101207,10
2464,949.475665295691,129.03661507388279,10
2465,949.7611827403476,129.113108398599,10
2466,950.111196834333,129.24560755792976,10
2467,950.5694645218997,129.4465590954781,10
2468,950.9427703976996,129.61306087864523,10
2469,951.2064140340481,129.68408885608486,10
2470,951.3611543857365,129.77400521703902,10
2471,951.4304632639166,129.7984414583415,10
2472,951.6054852242165,129.85746665130745,10
2473,952.0001660835862,130.0050650135048,10
2474,952.4733828657721,130.20930946716723,10
2475,952.8163604641371,130.32245485416053,10
2476,953.0716875901804,130.43686525281433,10
2477,953.314660882962,130.52442263878032,10
2478,953.7316916787076,130.73108924590713,10
2479,953.8860817161724,130.70941010253418,10
2480,954.2166536435482,130.79596818763687,10
2481,954.6537230349292,130.9744832434233,10
2482,955.0694768009714,131.13200685206272,10
2483,955.5718045551542,131.37188523354394,10
2484,955.9688988676374,131.52950005682078,10
2485,956.3407636523203,131.4062081739158,10
2486,956.6038232930487,131.53234727255358,10
2487,956.8903688086906,131.70572813649343,10
2488,957.4292675740104,131.92700832144396,10
2489,957.6919870108126,131.76467193492667,10
2490,958.0859444719924,131.92640026171827,10
2491,958.4809215319492,132.05142730193498,10
2492,958.9853139256736,132.00529849283433,10
2493,959.3588622454347,131.9088935503959,10
2494,959.8175550914787,131.87911943888957,10
2495,960.3407892823177,131.91217071514106,10
2496,960.8213929765618,132.13353285349586,10
2497,961.0632429884074,131.9500045724933,10
2498,961.3712175832486,132.11738364859903,10
2499,961.8115788300559,132.1473699790714,10
2500,962.1638994205829,132.10560960644474,10
2501,962.5377027518571,132.3008789447142,10
2502,963.0629391493027,132.37013023130757,10
2503,963.5449559239484,132.39362698072046,10
2504,963.8316520915059,132.29518888220824,10
2505,964.0519966238091,132.18852953073713,10
2506,964.4035972176473,132.33962706458675,10
2507,964.9066454111487,132.33266722949836,10
2508,965.4112030240956,132.29954282475362,10
2509,965.6317358917555,132.38332855197638,10
2510,965.8962590690329,132.19379377718042,10
2511,966.1822563431157,132.30142973890094,10
2512,966.4692532988616,132.31047921357393,10
2513,966.7764518600337,132.19670379847022,10
2514,967.3681479670602,132.44211137494548,10
2515,967.7850669042012,132.6644527677402,10
2516,967.9700634402758,132.7596222631644,10
2517,968.2549642395476,132.65996752528332,10
2518,968.5182639696059,132.80412365370125,10
2519,969.0648785778824,133.03223721106556,10
2520,969.5899023824431,133.24678523544827,10
2521,969.7877955628062,133.34056973231753,10
2522,970.0509717445808,133.4152525018357,10
2523,970.4225047308339,133.56899921637705,10
2524,970.8620615740662,133.72079458282622,10
2525,971.2344884864772,133.8405780905736,10
2526,971.7161580541215,134.13541990308016,10
2527,971.9786822100102,134.26486368663436,10
2528,972.54826084324,134.5104062766941,10
2529,972.9855170442709,134.71559511799776,10
2530,973.4450261950793,134.96988005681246,10
2531,973.9038030961801,135.20638464982062,10
2532,974.4068438783603,135.44662896235826,10
2533,974.801562271445,135.70715147446163,10
2534,975.261092288872,135.91496087579387,10
2535,975.6335727645925,136.10439156390916,10
2536,976.050968076251,136.30428285864352,10
2537,976.2712977905034,136.35873023659752,10
2538,976.6439127639951,136.51517872975612,10
2539,976.8622341533352,136.60667810224118,10
2540,977.1899427537685,136.7800022255433,10
2541,977.6274538778616,136.9983766089874,10
2542,977.8253040553597,137.1077890162707,10
2543,977.9807134007817,137.19054312648728,10
2544,978.2888661023204,137.32383380390885,10
2545,978.6400535264595,137.53550908404597,10
2546,978.7954228878568,137.602827654923,10
2547,979.1045917863937,137.78418634356132,10
2548,979.5216502745573,137.98608158055515,10
2549,979.7645442441233,138.06121633978057,10
2550,979.9629207168875,138.17105797801034,10
2551,980.2923525726961,138.34982057538457,10
2552,980.5549196622029,138.4689251339259,10
2553,981.1451757949104,138.7585964527015,10
2554,981.8013051537371,138.97146779212696,10
2555,982.282748777339,139.17121606289237,10
2556,982.6760713727881,139.18201672134145,10
2557,982.7636580707683,139.21199292036982,10
2558,983.1146337652393,139.39720812165046,10
2559,983.4439680319927,139.5506629408368,10
2560,983.5547072525657,139.55990765857746,10
2561,983.7767696234438,139.66551049266167,10
2562,984.2383202391342,139.70715181458343,10
2563,984.8065651983992,139.8629515876703,10
2564,985.113176926134,139.90935236445,10
2565,985.3547536237227,140.08412537378445,10
2566,985.7187641268908,140.19905660915686,10
2567,986.0483761241554,140.24366612782327,10
2568,986.7050622053235,140.56108607953158,10
2569,986.9685839825561,140.72957805726153,10
2570,987.4287780764491,140.84694622160822,10
2571,987.6480031353982,140.96195106648267,10
2572,988.1075170869328,141.090856218766,10
2573,988.3053249555757,141.17829753369747,10
2574,988.8079722052435,141.1259174854168,10
2575,989.4350639777,141.14791005380232,10
2576,989.8293791522176,141.1790433497077,10
2577,990.3327870268464,141.44054274951708,10
2578,990.7923669831441,141.29470247079888,10
2579,991.187612266657,141.38210382050502,10
2580,991.5606215926085,141.27475279385484,10
2581,991.5615518063989,141.27447207159088,10
2582,991.8249607419775,141.33388561473208,10
2583,992.3499119082671,141.62696812073932,10
2584,992.8752041195683,141.8916475318056,10
2585,993.2705575263847,142.13085313671502,10
2586,993.4704144787908,142.18247071157234,10
2587,993.8650605834735,142.42607212089345,10
2588,994.1732531359745,142.58784733139402,10
2589,994.5456463207299,142.67678914222722,10
2590,994.9409445917354,142.86545650018763,10
2591,995.4664358731636,142.95679263751896,10
2592,996.0791338131783,143.09657853432947,10
2593,996.3880464432074,143.27166114267206,10
2594,996.8262133850551,143.5137507147618,10
2595,997.2850967605227,143.58415636658108,10
2596,997.7019908577686,143.60427982709191,10
2597,998.0740935300386,143.5936635288669,10
2598,998.4044378013107,143.76818895803493,10
2599,998.7349939717982,143.75077340108942,10
2600,998.9998072545532,143.84050647653282,10
2601,999.4611842806313,144.02191937918738,10
2602,999.9211692892271,144.29880712404758,10
2603,1000.2944280762404,144.40203181125082,10
2604,1000.7767730459552,144.5293698850757,10
2605,1001.2374789659665,144.70692185298049,10
2606,1001.5868994623673,144.88858539705848,10
2607,1001.9376570577879,144.96702139037222,10
2608,1002.375935638837,144.90647690403276,10
2609,1002.7271076308914,144.8149189806455,10
2610,1002.903287844913,144.86930011546454,10
2611,1002.9714780986217,144.88718328009918,10
2612,1003.4112441855865,144.84373305006332,10
2613,1003.8059824411326,145.0177145616238,10
2614,1004.352679263887,145.09049591182625,10
2615,1004.9003949456361,145.05381433157413,10
2616,1005.4046928547459,145.21310921356627,10
2617,1005.7983820727043,145.38976412965263,10
2618,1005.9747142593793,145.3776574553427,10
2619,1006.4118235524653,145.41508212194142,10
2620,1006.5884441198643,145.46013214266247,10
2621,1006.9395294881513,145.32863559043557,10
2622,1007.3758870280108,145.37985398289467,10
2623,1007.7482909143812,145.42395134274742,10
2624,1007.9953327610792,145.47003254747,10
2625,1008.4338187357928,145.7159966710367,10
2626,1008.9465219997968,145.82523079099803,10
2627,1009.3847025038347,145.8034095708968,10
2628,1009.6922326257809,145.6441888943135,10
2629,1010.1967210203414,145.6607440773445,10
2630,1010.2852045030813,145.70397654491353,10
2631,1010.5475301058823,145.40804783179473,10
2632,1010.8778630351735,145.53167009718925,10
2633,1010.9902887329129,145.56485202743912,10
2634,1011.3624042243798,145.7182151511703,10
2635,1011.7131455599258,145.6054381473141,10
2636,1011.8902843127202,145.69223593279116,10
2637,1012.1540900489399,145.59714139261231,10
2638,1012.4388721682266,145.69018807431036,10
2639,1012.7682212614869,145.70083962948846,10
2640,1013.031060990031,145.7618900031724,10
2641,1013.4470904325459,145.69508688097437,10
2642,1013.7756412462556,145.72442859539507,10
2643,1014.2142341787443,145.9334967253336,10
2644,1014.5650570413452,146.10963532113672,10
2645,1014.6532454489703,146.1553272631047,10
2646,1014.9830765180641,146.22695415270564,10
2647,1015.3126289155674,146.40839660160034,10
2648,1015.5336173369348,146.2312712574653,10
2649,1015.8853966931243,146.45040175898123,10
2650,1016.1511316865075,146.56060683812942,10
2651,1016.6748987429271,146.5855932746436,10
2652,1017.0693888854763,146.5208090971522,10
2653,1017.7272112004266,146.57992479956627,10
2654,1018.1885437573485,146.78432787499355,10
2655,1018.6245477972909,146.97902079195714,10
2656,1018.9530880819593,147.1276435421578,10
2657,1019.1078470254855,147.16629006056928,10
2658,1019.4575386403964,147.04721894278026,10
2659,1019.8952094589034,146.9281683409906,10
2660,1020.1158268226803,146.99169516197568,10
2661,1020.5112040542084,147.0463259046554,10
2662,1021.1240072342723,147.372734222292,10
2663,1021.69156486535,147.3295369545685,10
2664,1022.2173742653198,147.42624711510115,10
2665,1022.6991219883819,147.51915809720657,10
2666,1023.0504317525756,147.39309002803117,10
2667,1023.3799487071226,147.29075453023358,10
2668,1023.8177998687354,147.5299561765277,10
2669,1024.1481188825285,147.66560986446567,10
2670,1024.2615335349026,147.71730062894935,10
2671,1024.5922365655726,147.87438038691099,10
2672,1024.8332753076336,147.9534807521499,10
2673,1025.011153787953,148.03801926312175,10
2674,1025.320455587568,148.18679895295145,10
2675,1025.6053632839019,148.0752798232934,10
2676,1025.8678100240402,148.21919505474523,10
2677,1026.2184962964814,148.12489937539115,10
2678,1026.590281917774,148.30973906578294,10
2679,1026.7244433037388,148.3609864964366,10
2680,1027.0753953088554,148.53796275236726,10
2681,1027.448678347625,148.5509856966507,10
2682,1027.9096279885166,148.6475742693674,10
2683,1028.1729804921235,148.76403438967628,10
2684,1028.5695185537063,148.9339716862217,10
2685,1028.87754400748,148.9586921255353,10
2686,1029.2282263078182,149.10230601181692,10
2687,1029.6231631284372,149.23203152312755,10
2688,1030.0168428658849,149.27866016664618,10
2689,1030.6519721538348,149.4082877584019,10
2690,1031.0004949790475,149.60122448167155,10
2691,1031.4601794309067,149.87687241098527,10
2692,1031.9185781337324,150.01322007448212,10
2693,1032.5748759627488,150.15840293032852,10
2694,1033.0347156288585,150.23372034335702,10
2695,1033.6458359106334,150.3473061629308,10
2696,1033.9960750158818,150.3152818848073,10
2697,1034.5430337025948,150.3662828488351,10
2698,1034.8934826635136,150.33665364021823,10
2699,1035.155712819104,150.50258504161332,10
2700,1035.4841500040804,150.51843970378846,10
2701,1035.900774650311,150.71929723927815,10
2702,1036.2084868218649,150.82170335629405,10
2703,1036.7557662965014,150.67803189758325,10
2704,1037.1494993695037,150.73773458380995,10
2705,1037.5424782393065,150.86633256705213,10
2706,1037.7410306196452,150.92816447125114,10
2707,1038.0496186986775,150.95146060154605,10
2708,1038.3577380467166,151.12536978402485,10
2709,1038.4697999620175,151.17807724621647,10
2710,1039.0613156497857,151.29398247318315,10
2711,1039.2395629982036,151.3562405547265,10
2712,1039.546456835878,151.38115195598175,10
2713,1039.9847884465148,151.44259886739587,10
2714,1040.4246353585293,151.69655971526197,10
2715,1040.9502880233727,151.8301103705986,10
2716,1041.1707156591021,151.969769431041,10
2717,1041.3028202586263,152.01917772620132,10
2718,1041.6747101628123,152.04177651402836,10
2719,1042.0247745908362,152.2338986979288,10
2720,1042.4202766650715,152.28633154087956,10
2721,1042.858058741499,152.50477440928373,10
2722,1043.210041086009,152.70296654451812,10
2723,1043.6917888667163,152.9544466462391,10
2724,1043.7597481023627,152.98171721184846,10
2725,1044.2417303180503,153.21722754325395,10
2726,1044.7654919234067,153.5120639316785,10
2727,1045.2700826357866,153.69711606890823,10
2728,1045.7940557343566,154.00682459259355,10
2729,1046.1663711138722,154.20032505351264,10
2730,1046.3427504754645,154.27553239104435,10
2731,1046.47533489293,154.32204037045463,10
2732,1046.673478047322,154.13393964796774,10
2733,1047.1098564186118,154.081162338116,10
2734,1047.4825615964912,153.92785787507125,10
2735,1047.8551127717194,154.09000220670322,10
2736,1048.2276536732545,153.98527722462944,10
2737,1048.5355867721885,154.15571733645083,10
2738,1048.9079864199098,154.3597112983841,10
2739,1049.2568690991252,154.51525049361246,10
2740,1049.6065132526126,154.74475882570792,10
2741,1050.0662331973024,154.9261724296489,10
2742,1050.3081241944897,155.02072368660518,10
2743,1050.5289092483913,155.07664625697248,10
2744,1050.7044246736864,155.15671215717725,10
2745,1051.2517787436695,155.40173974111946,10
2746,1051.6683475728562,155.59179842698262,10
2747,1052.0419065786882,155.76159627927117,10
2748,1052.5013008277342,155.97135147834172,10
2749,1052.918203359852,156.14165894852414,10
2750,1053.311741539203,156.21496048891237,10
2751,1053.9244873349314,156.35555878555564,10
2752,1054.362184235401,156.53785687278798,10
2753,1054.6471572172115,156.70728805311882,10
2754,1055.0421340386088,156.75688823422203,10
2755,1055.4135996553334,156.81824478672763,10
2756,1055.678628462451,156.93752291056077,10
2757,1056.0948359736988,156.9317439031043,10
2758,1056.4471892863733,157.03431372917967,10
2759,1056.820319546066,157.160676218404,10
2760,1057.149385038951,157.18222691867675,10
2761,1057.6106461971483,157.23799408604273,10
2762,1057.8974250584038,157.37812078455,10
2763,1058.40066146679,157.52238851523444,10
2764,1058.643683981363,157.49010100109845,10
2765,1058.8854280939358,157.65614017268265,10
2766,1059.2370097709104,157.78951795659916,10
2767,1059.610257853905,157.99185544031462,10
2768,1059.8316740729274,158.072807736814,10
2769,1060.1174124769082,158.19467133930323,10
2770,1060.4688306531134,158.36992308128205,10
2771,1060.8853473121392,158.54281706373214,10
2772,1061.082659214437,158.67942063751892,10
2773,1061.4326199753677,158.87709111544598,10
2774,1061.8496435781922,158.7933367406806,10
2775,1062.0934645848097,158.86728367610513,10
2776,1062.5529605935765,158.83438335040728,10
2777,1063.1005543481738,158.84168481111442,10
2778,1063.7991862311956,159.1841819612594,10
2779,1064.149113579631,159.34202446402563,10
2780,1064.4992134502063,159.53173173021625,10
2781,1065.1324423732701,159.54402760893524,10
2782,1065.6146651376464,159.52683285537915,10
2783,1065.9239389665179,159.49920765977373,10
2784,1066.3625999554038,159.66636410919665,10
2785,1066.627420773216,159.71401335480573,10
2786,1067.0009822344375,159.8173477228995,10
2787,1067.3732653782258,160.0002956691405,10
2788,1067.8544488258315,159.9868509531997,10
2789,1068.0089867586817,160.03311608770244,10
2790,1068.5331615354798,160.03471919117163,10
2791,1069.014982347821,159.98951399372916,10
2792,1069.2773196001403,159.79326498278965,10
2793,1069.6276445903638,159.92102319121244,10
2794,1069.8476571096955,160.04864412140446,10
2795,1070.067423662984,159.8752834750389,10
2796,1070.3520484551277,160.04499011056896,10
2797,1070.6370830991827,160.19284183090707,10
2798,1070.8570319615233,160.32692602363156,10
2799,1071.1440322448234,160.428005699565,10
2800,1071.5153740203568,160.37713360901333,10
2801,1071.9324087331872,160.55463216074392,10
2802,1072.2827180107834,160.4542980220292,10
2803,1072.4587765851409,160.46981569012672,10
2804,1072.6999852339052,160.64501504297823,10
2805,1072.854410696918,160.45876493704472,10
2806,1073.4887269065116,160.45987538410012,10
2807,1073.991906687384,160.45186265319208,10
2808,1074.1906516323002,160.54338142821362,10
2809,1074.4977791052718,160.66279201876034,10
2810,1074.9146080959251,160.70902278305454,10
2811,1075.3517225876808,160.8969243124232,10
2812,1075.7911125946357,160.97132722839436,10
2813,1076.3169752176186,160.9871702677505,10
2814,1076.6022186742132,161.1490853929559,10
2815,1077.0400588751743,161.31516352970604,10
2816,1077.2601677688533,161.41606085339487,10
2817,1077.6091151247158,161.60098602122383,10
2818,1077.8294161970146,161.73811369539249,10
2819,1078.0927521280628,161.8706262417079,10
2820,1078.355322501658,162.02144228627816,10
2821,1078.8368257864538,161.9885790415704,10
2822,1079.1883218306416,162.21890063521704,10
2823,1079.669224726845,162.42664042475656,10
2824,1079.9771656794976,162.2692756937071,10
2825,1080.305441224509,162.32644810692858,10
2826,1080.5037712951512,162.3928916839126,10
2827,1080.7013535744798,162.514140595215,10
2828,1080.7260491616425,162.5216380306817,10
2829,1081.098296012256,162.45345699767623,10
2830,1081.3608901961377,162.58614921471903,10
2831,1081.5814940656442,162.63785207758713,10
2832,1081.6699912230367,162.6889172105608,10
2833,1081.867945335838,162.75390199970278,10
2834,1082.3273046650188,162.66645331812882,10
2835,1082.851700546988,162.6799711631101,10
2836,1083.4642081456318,163.0191814409984,10
2837,1083.7506057952714,163.1513885723408,10
2838,1084.2538013125657,163.17248267393916,10
2839,1084.8648846565413,163.47137794118515,10
2840,1085.3467087261038,163.40197715054518,10
2841,1085.7835871648253,163.15343857182552,10
2842,1086.0898215313744,163.28995680824414,10
2843,1086.4619784170297,163.00929064213216,10
2844,1086.8566931105822,163.05957661145214,10
2845,1087.4255115563933,163.34575609193473,10
2846,1087.6903750731078,163.47685267589506,10
2847,1088.1941296142759,163.40434677916394,10
2848,1088.3490340860385,163.49193777688714,10
2849,1088.546894387698,163.55799425739448,10
2850,1088.984994762878,163.76759385917143,10
2851,1089.2953098308003,163.74887078888977,10
2852,1089.776678124586,163.96396991796695,10
2853,1090.1933806603242,164.17051794977962,10
2854,1090.522543561682,164.1926533056079,10
2855,1090.852533184192,164.37015864688826,10
2856,1091.4010778650438,164.64520344709925,10
2857,1091.8610170967654,164.64517882420515,10
2858,1092.2572025120862,164.57345467928505,10
2859,1092.6298792498899,164.7414583878863,10
2860,1092.9810003040295,164.64103539120543,10
2861,1093.353589460619,164.64972280937852,10
2862,1093.6835108008243,164.83200437946405,10
2863,1093.7739020244458,164.79339102742426,10
2864,1094.169866962843,164.94049712894747,10
2865,1094.5215867607121,164.8320929150398,10
2866,1094.7197248961543,164.62706833767282,10
2867,1095.1133295102636,164.54884031810064,10
2868,1095.223967837716,164.60811904423656,10
2869,1095.6411715235015,164.74053685515156,10
2870,1095.9478953929472,164.93548578912865,10
2871,1096.341479519266,165.1113706995556,10
2872,1096.7794578347991,165.3408228597311,10
2873,1097.1093714055228,165.5434556953548,10
2874,1097.722785842416,165.41973974807976,10
2875,1098.0077479970669,165.41896506729307,10
2876,1098.3820020246353,165.62479906612708,10
2877,1098.5830475042656,165.64469125482523,10
2878,1098.847464575741,165.52472551872418,10
2879,1099.2656452312744,165.28352263297938,10
2880,1099.726373054777,165.32546228531638,10
2881,1100.1431988913982,165.24254616714836,10
2882,1100.3422313368171,165.2988628262821,10
2883,1100.6504537738938,165.1791047448508,10
2884,1100.979542072859,165.10218812507617,10
2885,1101.4841432646933,165.05700060934223,10
2886,1101.8577189473358,165.27177668719867,10
2887,1102.472288763606,165.3105142564058,10
2888,1102.6056938301451,165.30452301296052,10
2889,1103.0666156663458,165.10732158172402,10
2890,1103.5276412507435,165.17872924087249,10
2891,1103.9665405064504,165.14540857201726,10
2892,1104.2099196276608,165.20469517550728,10
2893,1104.6927221474302,165.28681186303513,10
2894,1104.8899832241432,165.37803482315036,10
2895,1105.3716021720404,165.17180832514654,10
2896,1105.7231095609943,165.19242306551794,10
2897,1105.7683057314875,165.21324284859745,10
2898,1106.0749707133414,165.08979134279446,10
2899,1106.294474154513,164.7558105612032,10
2900,1106.6239746327362,164.7685142530496,10
2901,1107.1045630440008,164.77617547553865,10
2902,1107.52003516132,164.55925078201736,10
2903,1107.913282077196,164.28557455122248,10
2904,1108.1112914553269,164.29059143719823,10
2905,1108.7011330574342,164.20755494477172,10
2906,1109.1177467375014,164.12845601010085,10
2907,1109.6439663579063,164.0504939410706,10
2908,1110.2546525369676,163.9378988166638,10
2909,1110.6488233177752,164.04532549608388,10
2910,1110.8476984756003,164.11570168829863,10
2911,1111.50295913303,164.00156087449233,10
2912,1112.2023407337051,163.89897224293819,10
2913,1112.574246458742,163.60627928489296,10
2914,1113.120841175259,163.85505438084164,10
2915,1113.4941183889082,164.02631078594538,10
2916,1113.7797561798166,163.82096027278234,10
2917,1114.3282338065515,163.77686059120774,10
2918,1114.7010018350788,163.97543154838726,10
2919,1114.7246245506958,163.99266746508948,10
2920,1115.0984854545036,163.88296018887664,10
2921,1115.6671333687136,164.0254761496035,10
2922,1116.1494655802762,164.20663822369764,10
2923,1116.478035037281,164.36573835769414,10
2924,1116.9145187582296,164.29576970026673,10
2925,1117.3957156033262,164.23225176009623,10
2926,1117.7475135951,164.2292031031734,10
2927,1118.0124503052336,164.11599350673373,10
2928,1118.47196012665,163.94293295071338,10
2929,1118.9090336406705,163.92624848344357,10
2930,1119.368214191029,164.2040166602926,10
2931,1119.6547945920497,164.25523527175343,10
2932,1120.0934049314408,164.1419506572716,10
2933,1120.6404661319525,164.23108868996027,10
2934,1121.2304976161847,164.25934963681982,10
2935,1121.5163458316133,164.42083649696647,10
2936,1121.910837135383,164.36127628660847,10
2937,1122.1108990761381,164.384878545498,10
2938,1122.4622475949225,164.5601789979458,10
2939,1122.9009100495691,164.78021037256414,10
2940,1123.4279850156672,165.01063657826805,10
2941,1123.7576009827862,164.90138108274195,10
2942,1123.977564638012,164.72362346565728,10
2943,1124.3300646541595,164.91301155724838,10
2944,1124.7026582300846,165.1516455196479,10
2945,1125.1384859563655,165.1171825282329,10
2946,1125.5553301673244,165.18827998968854,10
2947,1126.036438048348,165.3938245313524,10
2948,1126.4954509523188,165.29320391979678,10
2949,1126.7587708285291,165.14896613491987,10
2950,1127.2168836225103,165.0695257115318,10
2951,1127.5679959835782,164.97650675675808,10
2952,1128.0505146372448,165.19818648215366,10
2953,1128.2710366030296,165.301476417244,10
2954,1128.5794429806442,165.18978698714463,10
2955,1128.9299684797213,165.3221781151399,10
2956,1129.2589923247272,165.15695642303302,10
2957,1129.5437610809352,165.0154762257746,10
2958,1129.8088441887355,164.8965779304855,10
2959,1130.2476435333242,165.0777067666652,10
2960,1130.5338224201446,164.9291478637233,10
2961,1130.8857076370878,164.78131491334207,10
2962,1131.3674807162195,164.79215549514052,10
2963,1131.7384321616607,164.54661172130815,10
2964,1132.1994226848096,164.2810807638816,10
2965,1132.3319938763061,164.36324715476212,10
2966,1132.705067019536,164.36417923606774,10
2967,1132.9919785158668,164.1222880133767,10
2968,1133.2355566761971,164.27440011699318,10
2969,1133.5673997085237,164.25573488338247,10
2970,1133.8961768958095,164.0889810612845,10
2971,1134.1601738733796,163.838904563195,10
2972,1134.49063665552,163.82333667264638,10
2973,1134.9744672206368,163.88611604552858,10
2974,1135.3485807004045,163.90421039797573,10
2975,1135.7016791262004,163.87206272238998,10
2976,1136.140404792857,163.9202394111671,10
2977,1136.7747498026677,164.06817751795415,10
2978,1137.303109256171,163.98697147519727,10
2979,1137.6547790212903,164.21379813979604,10
2980,1137.8966158569597,164.35861368616378,10
2981,1138.0947990471395,164.3058714837312,10
2982,1138.3578799753009,164.30774162697972,10
2983,1138.5560921123645,164.4398724391179,10
2984,1138.7340911174554,164.46676604906287,10
2985,1139.282693141164,164.61315286466382,10
2986,1139.590601417323,164.62933170140806,10
2987,1140.0945836987883,164.7060254153816,10
2988,1140.4911259303287,164.4688476902683,10
2989,1140.6464243359007,164.30482518684502,10
2990,1141.0625736772145,164.4134113653192,10
2991,1141.4125103340832,164.4651237824909,10
2992,1141.6986034756997,164.59675874694275,10
2993,1142.1365915101362,164.35030629791578,10
2994,1142.4860239192278,164.30349929159783,10
2995,1143.0771800757652,164.36046222441306,10
2996,1143.253418567634,164.3619146322479,10
2997,1143.561090507657,164.23657939191804,10
2998,1143.868580141146,164.13303323285857,10
2999,1144.175800912949,164.04262449896217,10
3000,1144.6130810079242,164.03791923445485,10
3001,1145.160024863434,164.01486937665945,10
3002,1145.7287166423216,163.88146640765626,10
3003,1146.2974336540244,163.90336667322967,10
3004,1146.8011823230831,164.13599657043562,10
3005,1147.3479230579837,164.1191851871296,10
3006,1147.719901947337,164.2015766143687,10
3007,1148.0700957637482,164.34251665205898,10
3008,1148.4638868017028,164.51934837259282,10
3009,1148.6625371841717,164.64051239091722,10
3010,1149.035508718686,164.85045567362536,10
3011,1149.364751454548,164.9511841032284,10
3012,1149.6059625083628,164.96137822491588,10
3013,1149.9144309688031,165.11173772217137,10
3014,1150.2231692206653,164.96663723739934,10
3015,1150.7059016248538,164.83069206790907,10
3016,1151.0575494641193,164.68808353756134,10
3017,1151.6055212620074,164.66500922726092,10
3018,1151.8917956237192,164.75050947533504,10
3019,1152.374392877954,164.68894793514107,10
3020,1152.7906740584397,164.5008445389943,10
3021,1153.1858557839564,164.50930333325343,10
3022,1153.5161218108358,164.64989951912727,10
3023,1153.933261747345,164.64680224991338,10
3024,1154.371413145529,164.68313256487988,10
3025,1154.8536684497503,164.58071905101374,10
3026,1155.1382382054205,164.75841045303693,10
3027,1155.511176194787,164.96876602674612,10
3028,1155.7737651404398,164.90434985044163,10
3029,1156.255751619031,165.0244270011307,10
3030,1156.8679112283883,164.9029714548052,10
3031,1157.262151552566,165.1293686392018,10
3032,1157.6118429131275,165.25073168039373,10
3033,1158.245915698322,165.49388387113737,10
3034,1158.7054873482627,165.60780452959017,10
3035,1159.0127852870978,165.74245976135634,10
3036,1159.233989733628,165.82053314210464,10
3037,1159.4122585989348,165.9334776527313,10
3038,1159.6970640191348,165.80025991270256,10
3039,1159.8739783344652,165.8361728917236,10
3040,1160.1593426817867,165.72660462276315,10
3041,1160.5966012235751,165.74568821074004,10
3042,1160.926012083221,165.88853915403516,10
3043,1161.0161812861122,165.94347982662467,10
3044,1161.280260588333,165.9020750732227,10
3045,1161.6740508327048,165.93993632120964,10
3046,1162.0905537818285,166.13202709359794,10
3047,1162.5729774319252,166.35135241341527,10
3048,1163.2503907279356,166.5593880606607,10
3049,1163.5586766521712,166.73498860061832,10
3050,1164.0616614968833,166.7826009865004,10
3051,1164.4767776759395,166.78672316129146,10
3052,1164.7633769955933,166.7241777138498,10
3053,1165.0921127432493,166.83593243966794,10
3054,1165.6390251864302,166.75104648556,10
3055,1165.8382764728235,166.63861886597334,10
3056,1166.21216968698,166.68891498178957,10
3057,1166.5863966642005,166.68379029578452,10
3058,1167.0231770619507,166.8685197381887,10
3059,1167.2871914407929,166.78888493634358,10
3060,1167.6600662735082,166.80600992196054,10
3061,1168.0115813094635,166.95732761870428,10
3062,1168.3633135407288,166.85649264755423,10
3063,1168.5407982486827,166.95116195688607,10
3064,1168.7840522405008,167.10665488539482,10
3065,1169.1771177662322,167.2773402081156,10
3066,1169.3329197823107,167.34729262751858,10
3067,1169.6838379217543,167.50727945873828,10
3068,1170.0352790445236,167.5690628242543,10
3069,1170.2996429922732,167.60911522496417,10
3070,1170.629188648228,167.68542000012036,10
3071,1170.871994260673,167.76678234300496,10
3072,1171.3096744997138,167.90808923482612,10
3073,1171.7469366290452,168.16529752415647,10
3074,1172.009187134354,168.30672482121705,10
3075,1172.2073379038798,168.3754536041678,10
3076,1172.514611402943,168.49048153733304,10
3077,1172.863403892917,168.6921851689682,10
3078,1173.2143870771804,168.8652819651408,10
3079,1173.4769783576612,169.0407789925024,10
3080,1174.0889171463928,169.33472983237652,10
3081,1174.3757394590955,169.50232281693826,10
3082,1174.7261487933115,169.56337138089802,10
3083,1174.9886102640896,169.67783278584224,10
3084,1175.3395577501865,169.55675153633334,10
3085,1175.7991461422298,169.77381744533204,10
3086,1176.2607560628542,169.69017396025694,10
3087,1176.7657573162417,169.83553827187814,10
3088,1176.96512699607,169.86439713857152,10
3089,1177.5558215422975,169.92950886576247,10
3090,1178.146437006835,169.93800197676663,10
3091,1178.4530125871174,170.1282190527192,10
3092,1178.737854289612,170.2869612376254,10
3093,1179.1315343324563,170.34766505497825,10
3094,1179.4607194088926,170.46443770432646,10
3095,1179.7687937611902,170.6075871631065,10
3096,1180.1413175557768,170.59686004356442,10
3097,1180.512096017595,170.60500547729947,10
3098,1180.9063352447652,170.5967666593569,10
3099,1181.3677954125378,170.66730359844917,10
3100,1181.654067689045,170.79530574028314,10
3101,1181.8734466316157,170.71959174636893,10
3102,1182.2032443916385,170.740931780588,10
3103,1182.5322852239992,170.9302426832862,10
3104,1182.729588731919,171.05350253230702,10
3105,1183.2117882428795,171.3117958435301,10
3106,1183.5762317959945,171.52430808206157,10
3107,1183.8834019819105,171.68742225861985,10
3108,1184.1716631702373,171.84383547617563,10
3109,1184.6879351630007,172.12226260102977,10
3110,1184.916843644549,172.1723335914815,10
3111,1185.2051532955363,172.24042666170237,10
3112,1185.535550097974,172.21859179040268,10
3113,1185.8200716892736,172.3222397485936,10
3114,1186.2791811439824,172.39384412391894,10
3115,1186.586266353259,172.5470150528465,10
3116,1187.111754027781,172.8444595885671,10
3117,1187.547871990891,172.88737214817579,10
3118,1187.8773780402776,173.02114615210712,10
3119,1188.2715676034416,173.21142926219844,10
3120,1188.6653062886776,173.24916359091517,10
3121,1188.9077154118543,173.33482084673153,10
3122,1189.1499043150268,173.45591705763607,10
3123,1189.4788570890557,173.60190803029016,10
3124,1189.7854767418348,173.49115325610506,10
3125,1190.1784206557809,173.4486617096705,10
3126,1190.420527407732,173.31789831030883,10
3127,1190.9448835201342,173.62740456587554,10
3128,1191.2730372247752,173.46946034479492,10
3129,1191.712140961493,173.67003008137738,10
3130,1191.998985645836,173.79704668331308,10
3131,1192.4598558352955,173.81118937209166,10
3132,1192.8319831000206,173.7119676674145,10
3133,1193.0958058502854,173.80237452963524,10
3134,1193.3798752858002,173.91790015499356,10
3135,1193.7093331111435,173.9333004143993,10
3136,1194.0373758965131,173.92571721029674,10
3137,1194.5406061134825,174.1496349098955,10
3138,1194.762034004872,173.99915153589424,10
3139,1195.200257404849,174.05532569038235,10
3140,1195.858095755648,174.25963691135738,10
3141,1196.4061419077152,174.1929115627181,10
3142,1196.7783683045786,174.21317233483379,10
3143,1197.2604732843606,174.28796268584037,10
3144,1197.6324337685721,174.51061822640753,10
3145,1198.0261411669408,174.5638050609149,10
3146,1198.245442564121,174.49188304585047,10
3147,1198.5961735547103,174.70293541351637,10
3148,1198.6861587348542,174.71757310231288,10
3149,1199.1911235160308,174.91658017019859,10
3150,1199.522933724608,174.9982090764558,10
3151,1199.938917383666,175.09361754578134,10
3152,1200.2890192865666,175.27841203182385,10
3153,1200.6818349636492,175.32261188814806,10
3154,1200.9673309274417,175.4188223758486,10
3155,1201.253235944885,175.60375369160312,10
3156,1201.5820220094115,175.72240811930104,10
3157,1201.9771712747718,175.90066091260303,10
3158,1202.306006559827,175.87873710957547,10
3159,1202.4391041325175,175.94951610230848,10
3160,1202.5727368017467,176.01260271534997,10
3161,1202.990033513613,175.76305668852274,10
3162,1203.5369178253177,175.75602008031794,10
3163,1204.170619613465,175.6694672636,10
3164,1204.4340485574958,175.54126881674307,10
3165,1204.828844092438,175.49494416969003,10
3166,1205.1815233265677,175.49296933412447,10
3167,1205.4023900502193,175.65810613911253,10
3168,1205.6008834828588,175.77836070535352,10
3169,1205.6023363459476,175.7779598124868,10
3170,1205.9756464448712,175.49670096739604,10
3171,1206.4130153432839,175.33834558050302,10
3172,1206.6765516201515,175.4977872578267,10
3173,1207.2899873118647,175.6740430127827,10
3174,1207.8145012109103,175.67797490255552,10
3175,1208.382624751188,175.66111096940867,10
3176,1208.7771672468905,175.4057848199186,10
3177,1209.0622816365274,175.36277066004214,10
3178,1209.216880473504,175.4369771462478,10
3179,1209.501886579706,175.40530987874274,10
3180,1209.8966532727636,175.16675646154354,10
3181,1210.466178412923,175.43648374840097,10
3182,1210.7294079921191,175.5727148562427,10
3183,1211.0591180994047,175.5917388781405,10
3184,1211.4550790319709,175.64190729757803,10
3185,1211.8505748992393,175.79865403315992,10
3186,1212.5063372195916,175.97079844081983,10
3187,1213.0100294195856,176.13852119496357,10
3188,1213.4471141111658,176.2010342327648,10
3189,1213.7551763671718,176.28628952465343,10
3190,1214.1924338319066,176.49869910065505,10
3191,1214.3705225032147,176.5247538369496,10
3192,1214.7437788034354,176.46895824886943,10
3193,1215.3125912934042,176.3369372482338,10
3194,1215.5979467218654,176.5022264044014,10
3195,1216.014346983275,176.2717282152674,10
3196,1216.3662146242982,176.4680649375219,10
3197,1216.7833696697523,176.507191355958,10
3198,1217.025685361365,176.47857852249606,10
3199,1217.5087358296134,176.5791990260915,10
3200,1217.881488353937,176.32177557142072,10
3201,1218.318651527738,176.5311313813618,10
3202,1218.7138882897675,176.75393424763217,10
3203,1219.304464790496,176.63722564828495,10
3204,1219.6548716328748,176.82467597194744,10
3205,1220.027578895466,176.9996801887118,10
3206,1220.2692858189316,177.11313778352198,10
3207,1220.7080183357762,176.8883751143586,10
3208,1220.971748309081,176.8367967988996,10
3209,1221.2793406231262,176.81122572763508,10
3210,1221.5870637897683,176.97635234323542,10
3211,1222.1574537881988,177.09562912710578,10
3212,1222.6626201058366,177.16310148862576,10
3213,1222.839024567175,177.1208214915002,10
3214,1223.2986472834323,177.32086693539603,10
3215,1223.4968952825343,177.39397614617664,10
3216,1223.716183243984,177.4933193478419,10
3217,1223.9608785995015,177.57615732366932,10
3218,1224.420891744669,177.62368598375454,10
3219,1224.7924835688557,177.61013404457225,10
3220,1225.209038782881,177.77893961678546,10
3221,1225.5394703763127,177.89666585003238,10
3222,1225.9120196503115,178.10719712879276,10
3223,1226.1976473118943,178.25436417507265,10
3224,1226.5705347048222,178.45373507114965,10
3225,1226.942443246127,178.42863630249138,10
3226,1227.3142099522818,178.67114132529198,10
3227,1227.838113510236,178.79813430193067,10
3228,1228.297874299907,179.0634228810601,10
3229,1228.6481663870368,179.24293266616232,10
3230,1228.9335970163108,179.39965131297802,10
3231,1229.262699820018,179.4737180343538,10
3232,1229.6990794727778,179.69997907158196,10
3233,1229.9837356075643,179.69429764159972,10
3234,1230.3265204877232,179.89007219675702,10
3235,1230.9606653352917,180.0291998394102,10
3236,1231.3993551867702,180.17846394268858,10
3237,1231.7951335677853,180.2723766304583,10
3238,1232.1261583361993,180.31018736240034,10
3239,1232.4116339173077,180.31281208786785,10
3240,1232.8936073887671,180.52644505975707,10
3241,1233.3099814767934,180.7073987522136,10
3242,1233.6039849294116,180.75268703371276,10
3243,1233.8456696368653,180.87019713612588,10
3244,1234.152903858521,180.9857801351579,10
3245,1234.6770782300941,181.22451473642877,10
3246,1235.0731397151253,181.21562969324822,10
3247,1235.5546349296028,181.31663462520086,10
3248,1235.905203480589,181.32764529016305,10
3249,1236.2348688091743,181.53486837791706,10
3250,1236.7171387485846,181.60152098791528,10
3251,1237.045937059087,181.72519561672567,10
3252,1237.418977947842,181.74599356862817,10
3253,1237.8582367604,181.82105259504524,10
3254,1238.4505863887998,181.95139746114782,10
3255,1238.9098770417645,182.03193993888186,10
3256,1239.348833990213,182.27350323261123,10
3257,1239.6786968332312,182.25464819968897,10
3258,1240.0511769852742,182.29399123198377,10
3259,1240.3150225129978,182.4335481534175,10
3260,1240.4291905399002,182.49738924816452,10
3261,1240.737248325457,182.63202350790954,10
3262,1240.9569941364193,182.68553903301145,10
3263,1241.1121702311052,182.68063589725412,10
3264,1241.4838111203421,182.7333834048805,10
3265,1241.6821329613267,182.8072480735526,10
3266,1241.9233515369467,182.73611703849895,10
3267,1242.3629467595006,182.79781760002777,10
3268,1242.8670361504896,182.87165262985582,10
3269,1243.1726192580918,182.79108515753438,10
3270,1243.5441867186098,182.83909632435706,10
3271,1243.7877521902915,182.91745898361313,10
3272,1244.0738185333894,183.0732364743032,10
3273,1244.3803776777215,182.98516413676927,10
3274,1244.6427683816635,182.6685448996053,10
3275,1244.7105340165588,182.70765875701468,10
3276,1245.1065493994206,182.76634401798125,10
3277,1245.2835007542765,182.88196730675273,10
3278,1245.7654620449302,182.68527967021078,10
3279,1246.1610154426232,182.77738020554781,10
3280,1246.5781851512422,182.5820527906306,10
3281,1246.9520477910407,182.60222177768355,10
3282,1247.412213384872,182.41894718697776,10
3283,1247.8522926357286,182.26845742636965,10
3284,1248.552770643892,182.24883776796355,10
3285,1248.861777706486,182.24805686467428,10
3286,1249.1255630973546,182.12673833268923,10
3287,1249.4534788042024,181.99133735760267,10
3288,1249.7172697530443,182.1365443523379,10
3289,1250.2211885674158,182.14408045279953,10
3290,1250.572116437867,182.3050146357749,10
3291,1250.8802703656575,182.4749358418194,10
3292,1251.144040654801,182.55918655395743,10
3293,1251.4964222453423,182.70675645634114,10
3294,1251.8045538011306,182.8872645659426,10
3295,1252.158600603324,182.90132106431773,10
3296,1252.6392458195999,182.95608567233992,10
3297,1253.0783571544202,183.08144097855057,10
3298,1253.4286903882362,183.09748507393715,10
3299,1253.6073517284126,183.15244058842075,10
3300,1254.066448492189,183.23982933828168,10
3301,1254.4181893493947,183.22857250822463,10
3302,1254.922896829293,183.33854009424348,10
3303,1255.0560113604677,183.20930660768514,10
3304,1255.516644759525,183.21571962349523,10
3305,1255.801503186902,183.37409591915508,10
3306,1256.2381906435232,183.3724921016551,10
3307,1256.7202721212398,183.34200260283478,10
3308,1257.0707958393273,183.25409280663445,10
3309,1257.4445653998107,183.20489667167976,10
3310,1257.817740093547,183.0175262999799,10
3311,1258.1681273251766,183.19687644486956,10
3312,1258.5402846401096,183.35876688659926,10
3313,1259.1737609177794,183.18695709203678,10
3314,1259.4591152655735,183.36554749187448,10
3315,1259.788272911873,183.43246772457027,10
3316,1260.0954999878927,183.47581220123251,10
3317,1260.642476760167,183.66560040797916,10
3318,1260.8831229255422,183.8016145852186,10
3319,1261.3424949765424,183.7602545966515,10
3320,1261.7586234308853,183.8108431226966,10
3321,1262.195933770236,183.88355051195649,10
3322,1262.632974862165,183.67783931323396,10
3323,1263.2882616011782,183.5594675497067,10
3324,1263.5946593802323,183.50607461811785,10
3325,1263.8362550728898,183.4287128724448,10
3326,1264.2751224305337,183.61280043119004,10
3327,1264.4071790133953,183.67085012544734,10
3328,1264.7592323670879,183.8550393745668,10
3329,1265.1318538575931,183.8817052483229,10
3330,1265.2861076482131,183.7862404327247,10
3331,1265.6590114265216,183.8566200128768,10
3332,1266.2507771091505,183.89562673088992,10
3333,1266.6475564974746,183.96341081546464,10
3334,1267.1061207639984,183.88741245591055,10
3335,1267.3259301530584,183.87204642751487,10
3336,1267.6335335902338,183.85697464195582,10
3337,1268.1172442953987,183.949825717313,10
3338,1268.404623448977,184.0592846630085,10
3339,1268.6916659933013,184.16894124317545,10
3340,1269.0646172096683,184.38083407073557,10
3341,1269.3714595000429,184.34291079287453,10
3342,1269.8531832986614,184.4068728804554,10
3343,1270.1380227508162,184.5759582280353,10
3344,1270.381191627457,184.7134141164689,10
3345,1270.5154794552627,184.75514592656162,10
3346,1270.8008616718598,184.61431790748387,10
3347,1271.0207029204626,184.46234142185858,10
3348,1271.2834380506242,184.6653205190582,10
3349,1271.633714998907,184.90551071534009,10
3350,1271.8969754900336,184.97495026866147,10
3351,1271.9852901998493,185.03054217452146,10
3352,1272.4220327191229,185.22306407291117,10
3353,1272.5996059993088,185.2311286906924,10
3354,1272.8199434509636,185.23647409902307,10
3355,1273.2577005941432,185.44202481186042,10
3356,1273.4989699731818,185.59241278733728,10
3357,1273.8719349249948,185.73887521456652,10
3358,1273.8952291790797,185.74206011554995,10
3359,1274.0732098236554,185.79228612640281,10
3360,1274.2057624524152,185.88853606768774,10
3361,1274.81793171024,186.2053139862363,10
3362,1275.4287930884657,186.51499590700834,10
3363,1276.064027860271,186.77421181422903,10
3364,1276.3928157112466,186.93050024253293,10
3365,1276.8763752411674,187.1940610082207,10
3366,1277.205583134058,187.36992583119815,10
3367,1277.7530093257358,187.6168626578628,10
3368,1278.147802907923,187.82015489010442,10
3369,1278.520127876954,187.96795409480703,10
3370,1278.7639214814137,188.07903172004183,10
3371,1278.9843590925361,188.2289567413102,10
3372,1279.2927790218748,188.41513726744802,10
3373,1279.5550562871988,188.50738231713294,10
3374,1279.927640695233,188.69512790937267,10
3375,1280.2581183347763,188.8929470565343,10
3376,1280.5653203548122,189.09301083771658,10
3377,1280.7853701838762,189.2450590171698,10
3378,1281.0920905640428,189.37823300772726,10
3379,1281.5088208660934,189.58319324627266,10
3380,1281.8593709232496,189.70000323120817,10
3381,1282.2100578926659,189.84404872941246,10
3382,1282.6481866362226,190.00365769264164,10
3383,1283.2167813038984,190.02016356408575,10
3384,1283.6756413441076,189.9784389398593,10
3385,1284.1145557410778,189.934434343679,10
3386,1284.3566174234954,190.1235515535754,10
3387,1284.7728417816327,190.0304790510817,10
3388,1284.8628812955205,190.05938336669632,10
3389,1285.08219539432,189.92190784104278,10
3390,1285.455073957391,189.83211574421625,10
3391,1285.7397677563956,189.98341698755402,10
3392,1285.9704669635194,190.06369146625394,10
3393,1286.6257573822754,190.12002771184984,10
3394,1287.194543445257,190.39321303183675,10
3395,1287.5901830533055,190.61372154357804,10
3396,1288.2018674821952,190.67537526126293,10
3397,1288.5296839858133,190.87625164609673,10
3398,1288.7920811692532,190.7344274805365,10
3399,1289.3386003350845,190.782215399837,10
3400,1289.777384141747,190.73338227487454,10
3401,1290.2175056474885,190.64684482046235,10
3402,1290.6789921769814,190.5719564471106,10
3403,1290.7689861115764,190.57117276189928,10
3404,1291.2497419073554,190.776897330767,10
3405,1291.6005139530046,190.8761340210208,10
3406,1291.8644697402801,190.69108357700824,10
3407,1292.2798126027317,190.6113081787519,10
3408,1292.5873962132678,190.44043480497731,10
3409,1292.7637215663847,190.49274442158278,10
3410,1293.1354036123053,190.2803377413026,10
3411,1293.465262086469,190.13505405003977,10
3412,1293.6206880680952,190.1709652051036,10
3413,1293.9054731597507,190.04308534080198,10
3414,1294.2993506858566,189.9767840876616,10
3415,1294.6488320978847,190.00422301680965,10
3416,1295.3495397862512,189.9051647988603,10
3417,1295.9381859141076,190.0606062113995,10
3418,1296.4196825199292,190.08129182491967,10
3419,1296.617927555892,189.9764760074483,10
3420,1297.0545966668228,189.9720790465615,10
3421,1297.4274529103627,190.1319036903405,10
3422,1297.6253665936847,190.24959668502873,10
3423,1297.9544204983165,190.4018198960012,10
3424,1298.152874422808,190.50460516361736,10
3425,1298.679080608368,190.75261371701598,10
3426,1298.9646278549624,190.6950311907421,10
3427,1299.1624387298116,190.75817428469614,10
3428,1299.5354637476667,190.94423380596123,10
3429,1299.8199869380906,191.08707591880918,10
3430,1300.1059642307355,191.1995281762884,10
3431,1300.1949097435536,191.25413320088725,10
3432,1300.4592371994186,191.3727648951527,10
3433,1300.9845908411967,191.36438493859228,10
3434,1301.3345587911624,191.31292992021318,10
3435,1301.8379634147368,191.19079809536288,10
3436,1302.4721226274949,191.04008751087628,10
3437,1302.9975351385883,190.82541598752184,10
3438,1303.348996572959,190.7774589875644,10
3439,1303.613752119903,190.7613739713362,10
3440,1303.8339037799371,190.5697043068267,10
3441,1304.140717350033,190.55284233142976,10
3442,1304.6660176626124,190.6516084278641,10
3443,1305.1257514673562,190.66581739427093,10
3444,1305.2369124546083,190.6960667800491,10
3445,1305.654555126472,190.63414981190925,10
3446,1306.0931082645097,190.60673647135513,10
3447,1306.7061610218839,190.66529995214688,10
3448,1307.2331144793284,190.95663112025545,10
3449,1307.88898121404,190.8998883942126,10
3450,1308.262104029243,191.06087696764726,10
3451,1308.4394308186484,190.963933294864,10
3452,1308.6615788078404,191.07284889518786,10
3453,1308.9909262353406,191.09817435006397,10
3454,1309.3418958755428,191.03174430396314,10
3455,1309.8027215694324,191.1187464671276,10
3456,1310.4824320197342,191.17141392108255,10
3457,1310.7888829933747,191.1930368108837,10
3458,1311.3158860620056,191.18088583882243,10
3459,1311.7750925447776,191.1695428651448,10
3460,1312.1690181367273,191.33519320846077,10
3461,1312.5639352642374,191.30655131999643,10
3462,1312.739520386151,191.44061827102058,10
3463,1313.0464949060033,191.33971430633045,10
3464,1313.4220653919365,191.21542329218724,10
3465,1313.6434382528125,191.30581569563756,10
3466,1314.0379476143496,191.44839958982033,10
3467,1314.2603398525214,191.54052357161032,10
3468,1314.6971928237656,191.75314546735228,10
3469,1314.9591556363434,191.87212556561434,10
3470,1315.4611941286564,191.92917105465744,10
3471,1315.791552639876,191.99841883857036,10
3472,1316.100583838525,191.8721892327269,10
3473,1316.5161794997941,191.758643166557,10
3474,1316.8676492753805,191.93610652323483,10
3475,1317.3057171702997,192.08559805106654,10
3476,1317.6572864198035,192.25353839718704,10
3477,1317.9868907925343,192.1217397219698,10
3478,1318.7088941338848,192.20686808563448,10
3479,1319.103500202194,192.46981544771546,10
3480,1319.5428306596355,192.3595411816163,10
3481,1320.2202679423576,192.40305110947816,10
3482,1320.6152773984772,192.54639081182657,10
3483,1321.1626787459634,192.60536585840453,10
3484,1321.470306822292,192.59254317475978,10
3485,1321.8880377308487,192.78552120389404,10
3486,1322.021517040536,192.79283098158874,10
3487,1322.3069360943412,192.88754294138153,10
3488,1322.7018349116836,192.94614604769714,10
3489,1323.2703609527962,193.0567570569745,10
3490,1323.6431172871874,193.13133812148814,10
3491,1324.102706923512,193.31936213172713,10
3492,1324.6074382555753,193.52266385915848,10
3493,1325.133589558988,193.6115578122201,10
3494,1325.5722103364008,193.81244876373822,10
3495,1325.9468401018262,194.03155812568488,10
3496,1326.3841323819076,194.0553403079129,10
3497,1326.952674869268,194.0741065164477,10
3498,1327.4328019535346,194.12827608812123,10
3499,1327.5655374540722,194.19018887418838,10
3500,1327.7201568170244,194.21948466456848,10
3501,1327.9843207558583,194.1835951086395,10
3502,1328.1184637907768,194.1097117904781,10
3503,1328.5333829905114,193.95731266038848,10
3504,1328.9508057763862,193.83468107107456,10
3505,1329.3441293826177,193.76679167327038,10
3506,1329.6064889113263,193.6766006699217,10
3507,1330.2183361894542,193.72282122398036,10
3508,1330.6558326660552,193.68965955944472,10
3509,1330.8988256901782,193.66835683268093,10
3510,1331.4256091997531,193.63183501321635,10
3511,1331.97333325864,193.56728586502066,10
3512,1332.085360916732,193.61364882681895,10
3513,1332.3504621024865,193.70578494106732,10
3514,1332.7230032827324,193.77720651336267,10
3515,1333.2046461028974,193.71882771471525,10
3516,1333.9269166834038,193.78121149112104,10
3517,1334.4309174549858,193.76282682334823,10
3518,1334.9549163031647,193.81544398341057,10
3519,1335.3483871728406,193.75818916708326,10
3520,1335.8086124268311,193.75667804034288,10
3521,1336.02847798244,193.8655158876779,10
3522,1336.3370368542705,194.01740271255235,10
3523,1336.6001724821795,194.1632320031761,10
3524,1336.9724449336334,194.41014868737554,10
3525,1337.3455236638088,194.6164974428912,10
3526,1337.6314025795577,194.74064906186396,10
3527,1338.135388329745,194.99340365182883,10
3528,1338.6175514956728,195.09631911976678,10
3529,1339.2513919385863,195.2443202937382,10
3530,1339.4931247145041,195.08828468200616,10
3531,1339.8013282272618,195.08509502192894,10
3532,1340.369217424833,195.20681971396155,10
3533,1340.9158930062943,195.24005052309965,10
3534,1341.1788136308994,195.1707477617683,10
3535,1341.463678551174,195.15405455303286,10
3536,1341.814106597357,195.28602430218726,10
3537,1342.2964511172452,195.34693404197083,10
3538,1342.690768900183,195.50278172080542,10
3539,1343.0626606001788,195.65214899045233,10
3540,1343.3707397677092,195.744607352617,10
3541,1343.7435933876554,195.9242128302087,10
3542,1344.486750252027,196.0150545141422,10
3543,1344.8153533002244,196.20024904088478,10
3544,1345.3187677966816,196.27997420784482,10
3545,1345.6910015330518,196.40587965138812,10
3546,1346.1274280449416,196.64445462564507,10
3547,1346.4557934676527,196.62690630411325,10
3548,1347.0900916601636,196.8234446719449,10
3549,1347.5073764872227,196.94238047978934,10
3550,1347.7052914611322,197.04828375578492,10
3551,1347.9901347392827,197.16431322551503,10
3552,1348.362128335169,197.37448684887084,10
3553,1348.6911878409198,197.50732694506632,10
3554,1348.8898600524271,197.64982651473957,10
3555,1349.1745669433215,197.81946283939715,10
3556,1349.2851180898494,197.89332051749022,10
3557,1349.5929443337186,198.0586057563818,10
3558,1349.8144121147823,198.18536367906972,10
3559,1350.1656309634013,198.36062155091696,10
3560,1350.7565465421208,198.60044114898423,10
3561,1351.1510745011076,198.791677789826,10
3562,1351.2178694329834,198.7426161734379,10
3563,1351.4823530608094,198.78918990198085,10
3564,1351.9631371362234,198.9292850606012,10
3565,1352.1834955866912,198.98727373670414,10
3566,1352.3601664839184,198.9438927355523,10
3567,1352.7336937834812,199.15123360326044,10
3568,1353.2160553937244,199.3777527068795,10
3569,1353.5473517673859,199.41585432384093,10
3570,1353.8349661256689,199.46351768107343,10
3571,1354.0145878170513,199.5361447383763,10
3572,1354.47483036725,199.69205676124568,10
3573,1354.9574522089326,199.77577259684233,10
3574,1355.1983548189303,199.77326446979131,10
3575,1355.5495313120525,199.84818557286664,10
3576,1356.0321961571199,199.97199613228005,10
3577,1356.317961032751,199.99030532049218,10
3578,1356.7330357111969,200.0750182126211,10
3579,1357.126605946622,199.90532251539437,10
3580,1357.3902998268911,199.84393710967825,10
3581,1357.8067793174137,199.94057989302127,10
3582,1358.244918333931,200.01326957963855,10
3583,1358.6384009462777,200.11761242760124,10
3584,1359.0106303636883,200.1772971553732,10
3585,1359.3172688751456,200.2339675437977,10
3586,1359.7580895877613,200.3400165749457,10
3587,1360.173807067006,200.43967790831016,10
3588,1360.7006347708657,200.55325670632925,10
3589,1361.0522611084148,200.54479608613156,10
3590,1361.4886614918819,200.74609582376195,10
3591,1361.7520035237587,200.83963625687198,10
3592,1362.1469823622692,201.06075244862944,10
3593,1362.5876434382185,201.22684282101258,10
3594,1362.8077503314037,201.38183184932794,10
3595,1363.1810757367198,201.25342414074504,10
3596,1363.726975641916,201.12323338271753,10
3597,1364.3192328322527,201.12876524873948,10
3598,1364.6692924451083,201.02364790596846,10
3599,1364.8018323018537,200.82613788271027,10
3600,1365.1513161511625,201.02888717470103,10
3601,1365.4147255411185,200.91190223729288,10
3602,1366.0276925516112,200.94887724440468,10
3603,1366.5971985801625,201.23242379110232,10
3604,1366.685945283978,201.26490305959027,10
3605,1367.0806890891433,201.46039912067928,10
3606,1367.453350375042,201.4734008750346,10
3607,1367.9129917915957,201.5504698537572,10
3608,1368.3080273439014,201.601151091605,10
3609,1368.4832118955276,201.66178007609153,10
3610,1368.6591933934938,201.7653385450496,10
3611,1368.9464870020215,201.71220639242696,10
3612,1369.2976333398685,201.90035774675448,10
3613,1369.6257427479356,202.02819950983726,10
3614,1369.954384196127,202.05479748878273,10
3615,1370.3049215746316,202.19499269159664,10
3616,1370.7875292389922,202.10296231311327,10
3617,1371.2913921560928,202.11875540847197,10
3618,1371.5989380121407,202.21175549694075,10
3619,1372.015806625317,202.2454507377115,10
3620,1372.2997013738695,202.3303882770643,10
3621,1372.6959373152044,202.5323248410049,10
3622,1373.0905058567532,202.67341333438614,10
3623,1373.7038994940358,202.64310615009128,10
3624,1374.0782241082122,202.71484243897297,10
3625,1374.4503047001901,202.5536278667973,10
3626,1374.9759164935826,202.58440320181109,10
3627,1375.6321540249614,202.5433042073427,10
3628,1375.8963750477274,202.60075340027828,10
3629,1376.2701440647174,202.51884391883618,10
3630,1376.5123860748897,202.31442634499118,10
3631,1376.8636676088267,202.5252832421659,10
3632,1377.1491816552254,202.6164371825065,10
3633,1377.5432126131132,202.76747447491567,10
3634,1378.0689886969299,202.7568660485141,10
3635,1378.5066557400637,202.99305875624066,10
3636,1378.529979359432,203.0020521354671,10
3637,1378.8369472097697,203.08549029576656,10
3638,1379.319726790581,203.0258935840484,10
3639,1379.8692641719115,203.0179531846904,10
3640,1380.3284685459516,203.1636212305805,10
3641,1380.896229877961,203.1916369087443,10
3642,1381.3352945318798,203.18995205628022,10
3643,1381.620828866691,203.3254265194009,10
3644,1381.90615323506,203.2669068903832,10
3645,1382.2786981311638,203.27004539476573,10
3646,1382.8054795158205,203.3213062556022,10
3647,1383.307805887944,203.40603174714687,10
3648,1383.8775956972281,203.5342607057948,10
3649,1384.1204171734357,203.56906386581474,10
3650,1384.5578261420171,203.5396880182416,10
3651,1384.995665540097,203.5367447842087,10
3652,1385.259422684987,203.493100206161,10
3653,1385.806743508746,203.51249887502607,10
3654,1386.200800633823,203.68081331178573,10
3655,1386.7253010476925,203.6901612369707,10
3656,1387.2076048103158,203.6367221926654,10
3657,1387.493383838353,203.48704911501818,10
3658,1387.930691899021,203.43016172827376,10
3659,1388.3681257209228,203.38633981820428,10
3660,1388.7190300268235,203.53619478654696,10
3661,1389.0710493539764,203.47350270928484,10
3662,1389.3351311690358,203.5565858264487,10
3663,1389.8596755203112,203.61436865135573,10
3664,1390.2322059859225,203.52664233213275,10
3665,1390.5808423946007,203.7205067236962,10
3666,1391.128456692593,203.91061802148118,10
3667,1391.3720572291095,203.98592446290994,10
3668,1391.7657032067486,204.15660230204028,10
3669,1392.2898542094792,204.1502910536495,10
3670,1392.6422281864623,204.26831245941494,10
3671,1392.9053651005233,204.38816378292134,10
3672,1393.103170019692,204.21994139588338,10
3673,1393.585788858084,204.20698457684426,10
3674,1394.0459759243863,204.2125097771671,10
3675,1394.419482113073,204.41030975875353,10
3676,1394.5949578831212,204.50971577714068,10
3677,1394.9248974230734,204.6063294576108,10
3678,1395.273765689496,204.7893649430739,10
3679,1395.7322477166751,205.04523230381812,10
3680,1395.9724648228068,205.15960286901029,10
3681,1396.302755864674,205.31572252073508,10
3682,1396.4144169478473,205.36896700512926,10
3683,1396.830324319381,205.30705462817994,10
3684,1397.2901159587104,205.29199424024068,10
3685,1397.6401848921537,205.24195790668276,10
3686,1397.7956986876857,205.3570788385251,10
3687,1398.2766045377,205.31943986870112,10
3688,1398.6940061162168,205.5596821100668,10
3689,1399.2411431521416,205.7515870245325,10
3690,1399.5687003348307,205.92582949245852,10
3691,1399.9618270444214,205.8309537831283,10
3692,1400.4437104073584,205.8196938258572,10
3693,1400.797196588117,205.94099983879912,10
3694,1401.2350930683285,206.20452618902561,10
3695,1401.5653797410837,206.42302944466653,10
3696,1401.764025113683,206.45959082547503,10
3697,1402.0262315482898,206.64521581323166,10
3698,1402.442370636723,206.87425070485043,10
3699,1402.6400127344368,206.89851099309473,10
3700,1402.8602500130164,206.98408851615164,10
3701,1403.1672618418359,207.1633725200399,10
3702,1403.517860012621,207.325508001548,10
3703,1404.152466497931,207.390343843108,10
3704,1404.8079484774998,207.47013130072648,10
3705,1405.1800667175244,207.38516213751382,10
3706,1405.5533433374335,207.3251600787609,10
3707,1405.9258341895502,207.2703430196341,10
3708,1406.5382905984602,207.55648416087215,10
3709,1406.8450858084439,207.498092642124,10
3710,1407.1955114038672,207.45361239241038,10
3711,1407.6120947011395,207.66974322139498,10
3712,1407.9439168746937,207.78634900163507,10
3713,1408.2974109856611,207.69593412617877,10
3714,1408.8017891058612,207.6708654871578,10
3715,1408.999652162443,207.53848465863928,10
3716,1409.2632526002058,207.4484515871318,10
3717,1409.5694619524375,207.36470575125136,10
3718,1409.810701023848,207.49195538978918,10
3719,1410.1387699850673,207.52346130711126,10
3720,1410.4023873338056,207.6555354445372,10
3721,1410.863388866591,207.70411523205263,10
3722,1411.2141107594168,207.92325471356475,10
3723,1411.6728946489754,207.90471039645485,10
3724,1412.0445205902593,207.87202543689105,10
3725,1412.1771239068278,207.667237130377,10
3726,1412.6156773676535,207.86965455830207,10
3727,1412.9018860883498,207.9913363153283,10
3728,1413.252286705593,207.92256890037947,10
3729,1413.6027733015765,208.06547463952649,10
3730,1413.8232207324381,208.1709739897378,10
3731,1414.3475911831395,208.2080121298108,10
3732,1414.6102497577765,208.36625974609112,10
3733,1415.0043078247447,208.41395453331094,10
3734,1415.3550544070056,208.60025327786607,10
3735,1415.770953947062,208.70661201269823,10
3736,1416.2952559962196,208.89675260959922,10
3737,1416.5800886289906,208.9684552195592,10
3738,1416.9082183764988,209.12123939901795,10
3739,1417.2150493200072,208.98531588524145,10
3740,1417.457322999023,209.06309152273764,10
3741,1417.7221636873223,209.23127359738285,10
3742,1417.9872709688862,209.31965273006156,10
3743,1418.293937643791,209.2664059002718,10
3744,1418.4270044793222,209.2610212761678,10
3745,1418.9314816382796,209.28106435064626,10
3746,1419.371171172735,209.2712807304749,10
3747,1419.6367826704995,209.4198266791146,10
3748,1419.791913682776,209.5052595101016,10
3749,1419.9679499370636,209.55654550761253,10
3750,1420.5153991155325,209.7120152573373,10
3751,1420.9972658456768,209.83162285998105,10
3752,1421.3701212602948,209.6479668074097,10
3753,1421.7871263045931,209.58761005088334,10
3754,1422.2700012735513,209.859231098282,10
3755,1422.6637205807433,209.8494459926136,10
3756,1423.0571983893924,209.82835269242375,10
3757,1423.6479201769944,209.8708908372201,10
3758,1423.9344090128575,209.9164832877368,10
3759,1424.3064154792723,210.09711157931494,10
3760,1424.7426173397523,210.09814169630164,10
3761,1425.027725931838,209.98309486903102,10
3762,1425.4664557088938,209.91004580813933,10
3763,1426.0797332849368,209.98433479302506,10
3764,1426.628216173583,209.99776039945496,10
3765,1427.170169355156,210.1306842908311,10
3766,1427.6730868933746,210.2599951562739,10
3767,1427.959309956093,210.39649181025405,10
3768,1428.375737987742,210.52843611466932,10
3769,1428.5088224640347,210.6054610602234,10
3770,1428.9908362069477,210.43890116594804,10
3771,1429.3876676840891,210.35735593126034,10
3772,1429.8250612129325,210.18559066288984,10
3773,1430.155719659166,210.27951759574253,10
3774,1430.37695847587,210.41812529293225,10
3775,1430.7072391109687,210.49198178906633,10
3776,1431.0157361223405,210.4767928530235,10
3777,1431.4982614553282,210.66278918645293,10
3778,1432.1957389066256,210.6128469058169,10
3779,1432.6110323487126,210.54200125557637,10
3780,1432.8749946542348,210.25100629907132,10
3781,1433.4426848389137,210.05832242207617,10
3782,1434.0314091850742,209.907773796265,10
3783,1434.1221311386203,209.95510773140867,10
3784,1434.60346747892,209.77475954448317,10
3785,1434.9539878071876,209.87937881001858,10
3786,1435.2604821376012,210.07235388598505,10
3787,1435.5901970016016,210.24697345258753,10
3788,1435.899471203485,210.40069657906332,10
3789,1436.5561642730624,210.38245824604527,10
3790,1437.0378146052021,210.38534771907584,10
3791,1437.3014789143915,210.47747990138754,10
3792,1437.7619532350516,210.53767219946204,10
3793,1438.156619887362,210.70137116298105,10
3794,1438.442293734966,210.56972334123122,10
3795,1438.6399442670643,210.66105924832817,10
3796,1439.1632913801318,210.66418054561638,10
3797,1439.6007502401342,210.64202400801085,10
3798,1439.9294679168484,210.5729812366321,10
3799,1440.3453225504911,210.53903463921662,10
3800,1440.7610058553405,210.4262723596961,10
3801,1441.2205625724148,210.62983328740515,10
3802,1441.6360343830656,210.85569077982476,10
3803,1442.052379016253,210.83504912991074,10
3804,1442.4039038304427,210.8534282206293,10
3805,1442.819910817436,210.8314342106417,10
3806,1443.3024850039058,210.7800379253097,10
3807,1443.502340530711,210.88202532081544,10
3808,1443.7012993184667,210.94899014833462,10
3809,1443.9232244391997,211.01374957436482,10
3810,1444.321152292137,211.1855981449826,10
3811,1444.9123029467876,211.258368341263,10
3812,1445.0900976073026,211.32830616458799,10
3813,1445.592850486308,211.5841306874203,10
3814,1445.7902869151892,211.70707162270645,10
3815,1446.226145465747,211.96590731269458,10
3816,1446.4680860643311,212.10129434183878,10
3817,1446.90556641816,212.2737216285468,10
3818,1447.2343619052913,212.50644661595967,10
3819,1447.6051253157962,212.64095748686216,10
3820,1447.9563981182819,212.79330363951823,10
3821,1448.2650037826195,212.97975189816668,10
3822,1448.5083961729968,212.85687879340648,10
3823,1448.8172506909518,212.76165556637093,10
3824,1449.146858528324,212.93131705763614,10
3825,1449.38846790637,212.79326176227508,10
3826,1449.7618780046246,212.96644132326662,10
3827,1450.2444289652328,213.2558641384303,10
3828,1450.3992363652046,213.35157037270494,10
3829,1450.8364835366074,213.5588398629654,10
3830,1451.1650993540939,213.34923195687222,10
3831,1451.5596099971476,213.28815466378606,10
3832,1451.845929365155,212.98114136264303,10
3833,1452.2839545505203,212.8007114147902,10
3834,1452.8311238007996,212.85564773634823,10
3835,1453.2026348936065,213.05649284385083,10
3836,1453.5535068916574,212.97436747662448,10
3837,1453.991452658478,213.1505144308699,10
3838,1454.5396156821587,212.97258568828042,10
3839,1454.9553426071934,213.1945509425244,10
3840,1455.7204814594393,213.3884379887267,10
3841,1455.984660363874,213.37612758168095,10
3842,1456.183340102832,213.25095751870836,10
3843,1456.687810230429,213.46564525720308,10
3844,1457.039446236077,213.37834432320895,10
3845,1457.4794610748577,213.17711221946416,10
3846,1457.8530308793488,213.12400407994934,10
3847,1458.2042488772565,212.85858318206775,10
3848,1458.489406708055,212.55223156249772,10
3849,1458.8621774608755,212.51032944294545,10
3850,1459.3658498977043,212.47850358521498,10
3851,1459.6516058857264,212.38477404598885,10
3852,1460.2640820487277,212.24175142597946,10
3853,1460.636557123921,211.9490156200729,10
3854,1460.8791711644876,212.0434586691142,10
3855,1461.1640446591605,211.90315694722892,10
3856,1461.4488133854497,211.85564151653287,10
3857,1461.8214109926253,212.0844717634262,10
3858,1461.932521393519,212.0826841113679,10
3859,1461.9783161485816,212.10623145322157,10
3860,1462.0671367314094,211.96379631882792,10
3861,1462.5277429157727,211.80982136525466,10
3862,1462.9662030316433,212.09317860447425,10
3863,1463.4911761161784,212.1854703808954,10
3864,1464.0165342575328,212.2661855394192,10
3865,1464.2791234382053,212.43952068543078,10
3866,1464.7173299010615,212.40234131114357,10
3867,1464.9587350488353,212.16156516097413,10
3868,1465.6587791080187,212.11244395223295,10
3869,1466.139562068188,212.1802638609536,10
3870,1466.4689067564389,212.195665456746,10
3871,1466.8632171403547,212.3553376601071,10
3872,1467.2359372206452,212.5022731201089,10
3873,1467.6518402644474,212.2420962155462,10
3874,1468.0033109191504,212.45293187157964,10
3875,1468.4872221564724,212.48720376993822,10
3876,1468.9239495626705,212.28970961866864,10
3877,1469.3205818873605,212.41028236204002,10
3878,1469.8482328908217,212.54164547667952,10
3879,1470.0689331416804,212.61589045183163,10
3880,1470.4021240452043,212.59327099627689,10
3881,1470.7540258646725,212.72555572898392,10
3882,1471.1288430357777,212.7056557526619,10
3883,1471.305915911771,212.47057381152442,10
3884,1471.677400180965,212.43247785582798,10
3885,1471.9421696240117,212.52845288125937,10
3886,1472.3163168348067,212.42054943238188,10
3887,1472.6899321205174,212.18116359495437,10
3888,1472.9108468728073,212.32384291550463,10
3889,1473.3499253204568,212.54861392273958,10
3890,1473.6808861219986,212.68796749239138,10
3891,1473.9679240930031,212.83734930804903,10
3892,1474.3632401448253,212.78833797617696,10
3893,1474.7142281570746,212.72576595500263,10
3894,1475.1088021595956,212.4689235542351,10
3895,1475.3511481789267,212.59828687314553,10
3896,1475.7878753970392,212.704299255006,10
3897,1476.117075590451,212.84486379120088,10
3898,1476.337334100405,212.700079777508,10
3899,1476.7320690994925,212.63762777718733,10
3900,1477.0818652672226,212.64206489831403,10
3901,1477.6948012502269,212.70649259865107,10
3902,1478.0665462937122,212.78563121545164,10
3903,1478.4180601039586,212.73645244200566,10
3904,1479.051343836641,212.99376083848324,10
3905,1479.358404880997,212.91399155054262,10
3906,1479.9923440248338,212.88307413902353,10
3907,1480.1251102252331,212.90914566390728,10
3908,1480.5846861555024,213.15206155092756,10
3909,1481.1327678537102,213.23825694368134,10
3910,1481.6373167256165,213.46974770674112,10
3911,1482.052377362647,213.47573625612537,10
3912,1482.5771833733563,213.33742946759176,10
3913,1482.8393862513192,213.2278823772706,10
3914,1483.059797050198,213.3835002046871,10
3915,1483.6079346072206,213.42802556684964,10
3916,1483.9143401960466,213.38870148756692,10
3917,1484.091273864833,213.34625687805436,10
3918,1484.705430315304,213.28225107261687,10
3919,1485.2741557727202,213.5856025831598,10
3920,1485.734850804802,213.47971692537016,10
3921,1486.2207714740007,213.64072923953995,10
3922,1486.5946649563036,213.53563149108578,10
3923,1486.9924735446698,213.40671842398848,10
3924,1487.5178777361293,213.62536214840793,10
3925,1487.9769194050934,213.78251252367494,10
3926,1488.3716739037993,213.7708500368742,10
3927,1488.8326347671912,213.7525212271432,10
3928,1489.2488900433762,213.9193739385069,10
3929,1489.6649295141838,214.06237789062226,10
3930,1490.147622539475,214.11707798640305,10
3931,1490.6515485126997,214.14144163246306,10
3932,1491.069583810753,214.11764311486496,10
3933,1491.3108036685364,214.02969564036687,10
3934,1491.5736390845736,214.1745027500378,10
3935,1491.9676108688473,214.29167407389835,10
3936,1492.3166113726159,214.43023919051217,10
3937,1492.9504712817256,214.53337290432754,10
3938,1493.2124594926481,214.63919434725693,10
3939,1493.6297050871126,214.6775228902453,10
3940,1494.0236395100676,214.87735360326988,10
3941,1494.4395401997504,215.09964160735424,10
3942,1494.813054858312,215.02181806126643,10
3943,1495.0979891029579,214.9265190640276,10
3944,1495.3417228605144,215.0768195098533,10
3945,1495.8897305832027,215.26929270999034,10
3946,1496.2652226588334,215.41954067599247,10
3947,1496.725298162277,215.52909783086758,10
3948,1497.2309033949782,215.74243550143117,10
3949,1497.6263276738034,215.8690366626841,10
3950,1497.9774561916895,215.97761329256397,10
3951,1498.3505623223778,216.08230829953305,10
3952,1498.4834965931936,216.13392307877655,10
3953,1498.8132786266585,216.31504845670943,10
3954,1499.1226156279713,216.42040028858182,10
3955,1499.3348586237637,216.49240542739224,10
3956,1499.6641136572393,216.69161753262455,10
3957,1499.9419109984076,216.84645986345558,10
3958,1500.2287322051557,216.9103699027739,10
3959,1500.7115648275308,216.89286743265384,10
3960,1501.1503415439752,216.84427372556118,10
3961,1501.4810046995342,217.06004361552394,10
3962,1501.8330502143058,217.01670196743711,10
3963,1502.0535763457847,217.11162444259614,10
3964,1502.6350038460985,217.37510187444366,10
3965,1502.8334508499875,217.46467894636288,10
3966,1503.2291100821517,217.46349410316193,10
3967,1503.405371001474,217.51341210559022,10
3968,1503.582335770333,217.3389133551296,10
3969,1503.8448023792505,217.48162704382207,10
3970,1504.2169348720768,217.64924666415664,10
3971,1504.566555152366,217.54067198533104,10
3972,1505.0043370762467,217.70146239812382,10
3973,1505.3544247370023,217.89504653719985,10
3974,1505.8366533834073,218.08636394853175,10
3975,1506.035297395677,218.21068864276262,10
3976,1506.2120495438255,218.25891319895615,10
3977,1506.4979268100828,218.15794442689793,10
3978,1507.0657366999073,218.09922658056672,10
3979,1507.1106358353659,218.02448713665902,10
3980,1507.3957815192853,218.17545868479735,10
3981,1507.595589490562,218.22024720651376,10
3982,1507.7943566970778,218.03214185605466,10
3983,1508.2540941824532,217.98795260413854,10
3984,1508.7140146401603,218.21538864471452,10
3985,1508.9984303420995,218.07825549337508,10
3986,1509.4604563638336,218.06146235095414,10
3987,1509.7678747394527,218.04041744935031,10
3988,1510.1415846859613,218.20100984641837,10
3989,1510.6003186147595,218.26628397857968,10
3990,1511.0611689154944,218.3845490245237,10
3991,1511.5859537321223,218.64613450946808,10
3992,1511.7617683608737,218.76095916684457,10
3993,1512.3960898145347,218.81142399314953,10
3994,1512.6806045026892,218.98977447578554,10
3995,1513.140836238102,218.9653875935946,10
3996,1513.5138911673832,218.9905834966089,10
3997,1513.6683169865792,218.99854836164346,10
3998,1514.1273675605864,219.18822478007056,10
3999,1514.608732062467,219.3064052574799,10
4000,1514.7844409831037,219.39234968878117,10
4001,1515.244674576294,219.34742875473387,10
4002,1515.6832549193014,219.34356486771787,10
4003,1515.815858903942,219.38124039670961,10
4004,1516.212419708458,219.26966440989946,10
4005,1516.5412942944974,219.3951777430937,10
4006,1516.8707502349448,219.29387751907421,10
4007,1517.1120458426856,219.17766575814565,10
4008,1517.354196485642,219.07163642903998,10
4009,1517.5519828204024,218.94005376014144,10
4010,1517.9241688627842,218.8911971589088,10
4011,1518.360975785784,219.12671683665604,10
4012,1518.6257053920501,219.2574345547047,10
4013,1518.8235389628398,219.4050616995925,10
4014,1519.1536218681063,219.27765151045566,10
4015,1519.4167985951515,219.37564439197234,10
4016,1519.701137644432,219.53474785069795,10
4017,1520.1605933142637,219.34773239116961,10
4018,1520.5769241637413,219.20205921891358,10
4019,1521.1033550765853,219.22975901779301,10
4020,1521.6498489578555,219.28099003287332,10
4021,1521.9798903528686,219.46244340162383,10
4022,1522.286945038142,219.56473856107812,10
4023,1522.4850822052563,219.66404692300893,10
4024,1522.6176423418465,219.49674650147855,10
4025,1522.947018818239,219.6889412836881,10
4026,1523.3193700790948,219.78756995298946,10
4027,1523.6273918784414,219.76467298053572,10
4028,1524.0001281829414,219.96500403537428,10
4029,1524.4156885882444,220.05496718617727,10
4030,1524.8322339392175,220.2155764218761,10
4031,1525.227312052249,220.22037180420776,10
4032,1525.4260501850063,220.1204602284686,10
4033,1525.601401588388,220.22440139984576,10
4034,1525.9525444375015,220.41545999341523,10
4035,1526.2369692726704,220.5723845800659,10
4036,1526.4352584186875,220.7218169998285,10
4037,1526.7849901035083,220.93935414101145,10
4038,1527.0936494749706,221.07819054203262,10
4039,1527.7276803628192,221.38370312451616,10
4040,1528.0774899018513,221.52756684892134,10
4041,1528.4287122824312,221.4501239984202,10
4042,1528.692315334182,221.41799620474222,10
4043,1529.063414769847,221.13458645476678,10
4044,1529.3715636453608,221.14222329463988,10
4045,1529.6341983031584,220.9928779476545,10
4046,1530.0283567555377,221.19878969591434,10
4047,1530.2259483423709,221.2363438203899,10
4048,1530.7315341155904,221.2750591692103,10
4049,1531.0603680890592,221.47541995095898,10
4050,1531.4110909344877,221.46795277385615,10
4051,1531.7615840745689,221.45579777166392,10
4052,1531.95901968113,221.55047265785825,10
4053,1532.2017838719385,221.7230656551578,10
4054,1532.8136978637672,221.6661020488086,10
4055,1533.272164115197,221.9061480414143,10
4056,1533.667190027879,221.92077540167872,10
4057,1534.1702845489258,222.00260399530939,10
4058,1534.5208857214961,222.1539550117236,10
4059,1534.9158679061863,222.07117612791131,10
4060,1535.2240004784626,222.13396537628037,10
4061,1535.5546826428701,221.91353823704037,10
4062,1536.1232465689216,221.94591950056423,10
4063,1536.4966979055018,221.78442046695127,10
4064,1536.6748745159778,221.87247660374052,10
4065,1537.071190560106,221.62570365759316,10
4066,1537.574236301281,221.64576879555332,10
4067,1537.9899413076032,221.6875456747178,10
4068,1538.362703214862,221.65502426516142,10
4069,1538.8878853310462,221.71281136385562,10
4070,1539.1509615945267,221.56399437880177,10
4071,1539.6125004654696,221.548646770613,10
4072,1540.1812393532,221.5885075533916,10
4073,1540.663309106761,221.82237368695107,10
4074,1540.993412075201,221.74565383252346,10
4075,1541.3667856621182,221.98699544746785,10
4076,1541.4775003173409,222.02058361264034,10
4077,1541.8940582330797,222.20686192388663,10
4078,1542.3538658550776,222.17899648354938,10
4079,1542.7047726218852,222.07867344524848,10
4080,1543.0785248270938,222.04221358661027,10
4081,1543.7355732791555,222.12890721352989,10
4082,1544.0646477040887,222.29016160697597,10
4083,1544.306469385842,222.16770135309278,10
4084,1544.6576839098484,222.31856553556543,10
4085,1544.9426856324428,222.45531715402961,10
4086,1545.5113309807682,222.6722990159334,10
4087,1545.7970038887918,222.7940088630452,10
4088,1545.9315822239746,222.80590193955143,10
4089,1546.325255084916,222.98569366147188,10
4090,1546.8297044392014,223.00479770823677,10
4091,1547.0070566567474,222.87106920292342,10
4092,1547.4887851321876,223.13755592005353,10
4093,1548.0382637279167,223.16144808635914,10
4094,1548.4335521425355,223.36128451195597,10
4095,1548.8935052063894,223.33915795840687,10
4096,1549.1569404679194,223.47279543933047,10
4097,1549.5072544813318,223.65214438755342,10
4098,1549.77167793234,223.76050930746513,10
4099,1550.1673168969885,223.6985722977777,10
4100,1550.562368414293,223.59013267425414,10
4101,1550.913631823942,223.57342958231385,10
4102,1551.3519928692647,223.57334313626424,10
4103,1551.6161851339632,223.4943207497026,10
4104,1551.704006039014,223.51197666792743,10
4105,1551.9892195176342,223.43339220561728,10
4106,1552.2739931558658,223.56461592791584,10
4107,1552.7329510375941,223.5787192647699,10
4108,1553.1046955811667,223.74707468441474,10
4109,1553.302601360619,223.8833047362065,10
4110,1553.871189844696,223.9551789977511,10
4111,1554.06963107233,223.75088612907018,10
4112,1554.4855855205976,223.53259354653966,10
4113,1554.880310747382,223.73577929153208,10
4114,1555.2321866653538,223.9063099500114,10
4115,1555.5172095042512,224.10088431030644,10
4116,1555.7804284952442,224.28126508531935,10
4117,1556.175584958171,224.0683571015817,10
4118,1556.6997410328709,224.1318881326987,10
4119,1557.116209751768,223.9989745855898,10
4120,1557.6410726911886,223.86272047401317,10
4121,1557.9691450059722,223.8576329802116,10
4122,1558.1684290056708,223.97813087743873,10
4123,1558.5196673020023,223.90413617010324,10
4124,1558.8718811128904,223.874998600782,10
4125,1559.3974092425206,224.0966874256162,10
4126,1559.8352073951478,224.04930144896255,10
4127,1560.1870100373587,224.22651653374453,10
4128,1560.471776413614,224.089833392297,10
4129,1560.8434323808342,224.2302987287465,10
4130,1560.9981930992415,224.29443805560055,10
4131,1561.5669962343889,224.52440701212166,10
4132,1561.9166824338176,224.49086014798772,10
4133,1562.4202534326887,224.40882002940094,10
4134,1562.879978440147,224.38846056739484,10
4135,1563.361350015663,224.36352578340868,10
4136,1563.7779766557308,224.29872481932364,10
4137,1564.259059420196,224.06765986395533,10
4138,1564.6949219065368,224.05529540690367,10
4139,1564.9146853537693,223.97539368467358,10
4140,1565.2434275932221,224.18295586173483,10
4141,1565.8545680595348,224.00349111184252,10
4142,1565.9875641608457,224.07125341294326,10
4143,1566.5344365235185,224.19118302224817,10
4144,1566.8199079828585,224.1816109911001,10
4145,1567.148488380301,224.17328110513546,10
4146,1567.521982433983,224.1404685529892,10
4147,1568.1113399525043,224.27575462877763,10
4148,1568.6140341746036,224.46838535788999,10
4149,1569.0509801388575,224.2955176573904,10
4150,1569.3802410129592,224.2935151893045,10
4151,1569.7968831718572,224.13321954386112,10
4152,1570.059126323547,224.3177115925586,10
4153,1570.2796680696797,224.39389807472054,10
4154,1570.7161343891944,224.2206979168285,10
4155,1571.329239745984,224.27728168696893,10
4156,1571.571198580391,224.3924200970011,10
4157,1571.7910253351215,224.4886140560913,10
4158,1572.3387394016968,224.56780690938743,10
4159,1572.5375699589163,224.65883550184063,10
4160,1572.7372361028151,224.78132820805783,10
4161,1573.2188840644426,225.00430112072138,10
4162,1573.6581875741995,224.9784053841302,10
4163,1573.8788941963708,224.89167527641192,10
4164,1574.4480888824576,224.7681262575678,10
4165,1574.93039661803,224.81136288819107,10
4166,1575.239020101778,224.57782417751085,10
4167,1575.501972383295,224.7526958023197,10
4168,1575.831289571454,224.67000508684518,10
4169,1576.2509283578952,224.60897563300443,10
4170,1576.6877098060831,224.70139128164135,10
4171,1576.8211431796412,224.72479299211676,10
4172,1577.1956456729708,224.60389528061734,10
4173,1577.5035231612092,224.69653329878813,10
4174,1577.6793771745092,224.75713446602467,10
4175,1578.0961497377998,224.6396164802871,10
4176,1578.3601945650876,224.4932837923229,10
4177,1578.5578354427282,224.61266650502384,10
4178,1578.9734340683478,224.36690213047237,10
4179,1579.4995414583186,224.13686755907713,10
4180,1579.8740437370889,224.09757827102194,10
4181,1580.3141997937917,224.06626823014474,10
4182,1580.774191695127,224.01527870563544,10
4183,1580.9709895781516,224.090478738266,10
4184,1581.322281344821,224.26136453209125,10
4185,1581.826175892741,224.25346054263673,10
4186,1581.8953235931863,224.29952523080155,10
4187,1582.2041978918799,224.47787833747975,10
4188,1582.6641454581281,224.55857476562778,10
4189,1583.1026142937778,224.62757010506797,10
4190,1583.3658351640274,224.78767888305524,10
4191,1583.847229169994,225.02182018616367,10
4192,1584.2204311562386,225.01557896816811,10
4193,1584.5949448630436,224.98025996156076,10
4194,1584.944810702343,225.13146075050543,10
4195,1585.2730456342993,225.22588422544223,10
4196,1585.6250655392782,225.25971947087874,10
4197,1586.0448807859707,225.45040266149647,10
4198,1586.3112504832607,225.60180137990565,10
4199,1586.7941268837706,225.64813639577974,10
4200,1587.1451942385852,225.62064376112792,10
4201,1587.606049452573,225.65009603908373,10
4202,1587.7388501213927,225.71386210892504,10
4203,1588.1338443044688,225.8877592006954,10
4204,1588.8331707815146,226.00731447687738,10
4205,1589.4444912493814,226.30169451254957,10
4206,1589.7541658795772,226.37986123483776,10
4207,1589.9959397524613,226.43605205800088,10
4208,1590.2592479095717,226.5841312196584,10
4209,1590.7838746261568,226.84069763910077,10
4210,1591.1151485149608,226.9781142337637,10
4211,1591.5759168724824,226.7673369121159,10
4212,1592.1036161248705,226.85136483981185,10
4213,1592.5849482185959,226.66121190588365,10
4214,1592.9582069031562,226.57503524659418,10
4215,1593.3088237036388,226.51007682637106,10
4216,1593.8116831665877,226.53143578687047,10
4217,1594.5112698074922,226.41791825732344,10
4218,1594.9493491880885,226.44918352295775,10
4219,1595.4973280605175,226.35940266790524,10
4220,1596.0234648326527,226.51502867651962,10
4221,1596.5055666127892,226.3181366276805,10
4222,1597.1166853841708,226.15140455202447,10
4223,1597.7075309447234,226.22994224928428,10
4224,1597.972522660753,226.33837436299615,10
4225,1598.322957312438,226.33102273657744,10
4226,1598.7429452392084,226.3157607880316,10
4227,1599.0924591203316,226.2573154460878,10
4228,1599.5964204514244,226.30397131656858,10
4229,1599.793980167176,226.36916431914437,10
4230,1600.1434092015475,226.30422283491046,10
4231,1600.450248948219,226.44058197783,10
4232,1600.6714835101607,226.31490386548532,10
4233,1601.066468906999,226.49913619288913,10
4234,1601.417672104717,226.71832389401237,10
4235,1601.7243280589273,226.87088038080842,10
4236,1602.0312438277767,226.92704110164004,10
4237,1602.229029160575,226.97307364954813,10
4238,1602.7324746868737,227.0205865656897,10
4239,1603.170603592907,227.26163455851116,10
4240,1603.5660227024068,227.43924675998997,10
4241,1604.2651580983136,227.57162097121437,10
4242,1604.5736848880747,227.6750712872592,10
4243,1604.8153800813686,227.7747077404222,10
4244,1605.1230151285301,227.91557053375132,10
4245,1605.3647820591268,228.02143222139654,10
4246,1605.7365745096477,228.16844248776394,10
4247,1606.3079746418455,228.44484183206146,10
4248,1606.5280691352655,228.3398975951977,10
4249,1607.0749176745157,228.3856109206754,10
4250,1607.513393957,228.57226933456548,10
4251,1607.9737545358782,228.75855359006002,10
4252,1608.433679607434,228.81142124276099,10
4253,1608.695823740611,228.9091435381789,10
4254,1609.2427928679476,229.1689188647122,10
4255,1609.5059764437185,229.31901235573517,10
4256,1609.7266777613786,229.18800073673324,10
4257,1610.1425758371647,229.34917938703683,10
4258,1610.5613985307857,229.48464361841232,10
4259,1610.846416281744,229.6391538899237,10
4260,1610.9787043518522,229.6915512293872,10
4261,1611.3510590177357,229.88786361927336,10
4262,1611.787306481866,230.09649656542433,10
4263,1612.2907406388863,230.27445437804252,10
4264,1612.7056966002758,230.39550186208854,10
4265,1613.1870695415403,230.23214882177004,10
4266,1613.7120841967205,230.06339137715167,10
4267,1614.2583901373941,230.12044295449334,10
4268,1614.566040935586,229.80984535048285,10
4269,1614.9377758670257,229.73186617292748,10
4270,1615.4851124883646,229.93574543981873,10
4271,1616.0538524205144,229.7773856780994,10
4272,1616.2088229235412,229.82201715661222,10
4273,1616.820451412555,229.8980018323235,10
4274,1617.4531833942087,229.7556038979288,10
4275,1617.8692808693183,229.9856820947481,10
4276,1618.1558134542804,229.9381716571681,10
4277,1618.331607341432,229.80631546438866,10
4278,1618.7055162542833,230.00991232894413,10
4279,1618.9260343654673,230.06608311942185,10
4280,1619.2114502659008,230.19992942219275,10
4281,1619.889255986175,230.33396758017577,10
4282,1620.4147243095872,230.5634038126362,10
4283,1621.0497986192934,230.65809818490962,10
4284,1621.2931967224768,230.753868116475,10
4285,1621.7973294026401,230.80370942327212,10
4286,1622.1705581968529,230.98340770520176,10
4287,1622.3929409199434,231.08891153375393,10
4288,1622.9166084296126,230.92882505407627,10
4289,1623.4415565222978,231.18006686005558,10
4290,1623.8151369694617,231.27794156901973,10
4291,1624.3188764476895,231.43273519942514,10
4292,1624.6926031912255,231.31079937258463,10
4293,1625.2185473263562,231.18098026179882,10
4294,1625.571660830994,231.2878941759869,10
4295,1625.9445536207793,231.18331993218803,10
4296,1626.1859288047997,230.98466341419933,10
4297,1626.6467221185808,230.92436975945384,10
4298,1627.3259345937945,230.901913089941,10
4299,1627.5241493238623,230.79122199710127,10
4300,1628.0931692698127,230.64718083511445,10
4301,1628.4007325819362,230.53268419221038,10
4302,1628.838236115956,230.25893610159693,10
4303,1629.0382306476602,230.35327804416184,10
4304,1629.4114573399502,230.2568219073576,10
4305,1629.9159307734258,230.26583532665643,10
4306,1630.072154304175,230.3661047211975,10
4307,1630.315806670336,230.50054014117646,10
4308,1630.535830738208,230.60822725947034,10
4309,1630.7989838899848,230.77017724968542,10
4310,1631.3695799628342,230.6260527856444,10
4311,1631.7426997687155,230.84208960989267,10
4312,1632.0281807205652,230.79980515653293,10
4313,1632.4453788235,231.00532112999574,10
4314,1632.949608411398,230.9516081198043,10
4315,1633.4299956838006,230.94977139705188,10
4316,1634.1510327573262,231.11383569487916,10
4317,1634.5876470614153,231.38152059807217,10
4318,1634.9830406111537,231.34508082976896,10
4319,1635.5090906346725,231.4053446874973,10
4320,1635.794539110683,231.52150584137954,10
4321,1635.9916198326569,231.60214628733036,10
4322,1636.4296916780995,231.40157938825183,10
4323,1636.9996907175089,231.25595250529375,10
4324,1637.262916786604,231.41979749240636,10
4325,1637.5699266017318,231.4242739732087,10
4326,1637.964139596024,231.6734608756252,10
4327,1638.3366805221356,231.83528776265786,10
4328,1638.557871046096,231.91485168660316,10
4329,1638.755430706793,231.97785344970717,10
4330,1639.2820164415236,232.13175262336026,10
4331,1639.611364510201,232.32388741143646,10
4332,1640.0048234605133,232.2961651134202,10
4333,1640.355850219564,232.47000583911984,10
4334,1640.8797842598929,232.45609897085941,10
4335,1641.3193241295085,232.58538599373483,10
4336,1641.5182792666587,232.55144230575704,10
4337,1641.7600613109557,232.60925147907597,10
4338,1642.1983406092654,232.73553319186905,10
4339,1642.4615085752798,232.81037437221082,10
4340,1642.9423294989501,232.99204795513006,10
4341,1643.207077504044,233.12586541104727,10
4342,1643.6240735250362,233.3602183103849,10
4343,1644.1275775886595,233.50549995829863,10
4344,1644.4785795365092,233.55718929284419,10
4345,1644.698570881407,233.51602965827107,10
4346,1645.1349126033879,233.7831006715223,10
4347,1645.3555177539797,233.92342868400118,10
4348,1645.7750141746103,233.9506167562705,10
4349,1646.3434892508772,233.80589539199806,10
4350,1646.7600969598411,233.9455101186693,10
4351,1647.003316059554,234.02336144235548,10
4352,1647.5929840308024,233.86722641576463,10
4353,1647.7699916122122,233.732650993557,10
4354,1648.1649301199054,233.70819966256184,10
4355,1648.4511342747148,233.62674439466346,10
4356,1648.6939849438083,233.4616970555919,10
4357,1649.0880281395996,233.3654658666854,10
4358,1649.4592092236078,233.52891410675508,10
4359,1649.721763627354,233.68526246594146,10
4360,1649.9638257320305,233.8168262322453,10
4361,1650.35963859482,233.85777395727987,10
4362,1650.6253169329661,234.01759621263892,10
4363,1651.1288439312405,234.03201777192652,10
4364,1651.522154238727,234.2336833479454,10
4365,1652.0267793189116,234.27326794260995,10
4366,1652.3561182715669,234.1835430281094,10
4367,1652.5104575943228,234.26501966104843,10
4368,1652.9724524883063,234.26272203296733,10
4369,1653.2590000030068,234.15903090327927,10
4370,1653.5007412474304,234.25911176914056,10
4371,1653.8087552089157,234.34276203635423,10
4372,1654.2472295479206,234.19918175325094,10
4373,1654.4233948437347,234.26065924758427,10
4374,1654.7535981430653,234.42666508043786,10
4375,1655.084584432836,234.52762754755392,10
4376,1655.3710511260288,234.630573136676,10
4377,1655.590962640291,234.67047156090828,10
4378,1655.7907307276878,234.74140245144088,10
4379,1655.946115491021,234.56883504887628,10
4380,1656.2773644443994,234.50476499875788,10
4381,1656.4532302209373,234.54018074096822,10
4382,1656.934714742459,234.60868704082318,10
4383,1657.394449206625,234.64181702317393,10
4384,1657.810250771036,234.63641004436894,10
4385,1658.1837324896355,234.57351519818482,10
4386,1658.3173634673944,234.64406958229173,10
4387,1658.4946140198958,234.72357873234745,10
4388,1658.7797137958637,234.64303169621184,10
4389,1659.0004024805444,234.73625553251682,10
4390,1659.3278270202725,234.65695600830665,10
4391,1659.7006186597087,234.61283870988015,10
4392,1659.9207599532758,234.7211386307753,10
4393,1660.2937357174371,234.90406302651857,10
4394,1660.5788843386722,235.04798614981664,10
4395,1661.0170266605242,235.03657149506662,10
4396,1661.214995100583,235.13213267627785,10
4397,1661.5889234580566,235.3337143826553,10
4398,1661.8516049312625,235.4947400029578,10
4399,1662.398358721996,235.74375254150632,10
4400,1662.9235777217177,236.004642553093,10
4401,1663.0563936501956,236.06593092880968,10
4402,1663.364006956348,236.18812962790233,10
4403,1663.8461449418533,236.2150201778443,10
4404,1664.4587312526778,236.2575822067476,10
4405,1664.8970649722319,236.2806228008433,10
4406,1665.3802916772413,236.44791069053167,10
4407,1665.6870473137437,236.32400495211664,10
4408,1665.9943375181563,236.498435762802,10
4409,1666.3452704968975,236.3939161421423,10
4410,1666.8051908137452,236.37592528007724,10
4411,1667.2426357743723,236.6191305350708,10
4412,1667.6357374222855,236.7857439911515,10
4413,1668.313517025642,236.70644037644493,10
4414,1668.6857152531247,236.9200064538972,10
4415,1669.2757944495108,237.05368021616044,10
4416,1669.7997618919865,237.3362292218726,10
4417,1670.2163277192471,237.57726833022352,10
4418,1670.740512172865,237.66561351870493,10
4419,1671.3093480663206,237.93199928010844,10
4420,1671.6164478968108,238.12211924039198,10
4421,1672.2503567178323,238.20211526014572,10
4422,1672.6442850605513,238.19607855059002,10
4423,1673.0812101012748,238.1915816396204,10
4424,1673.539601518504,237.98643385465726,10
4425,1673.8017640745777,238.06480682226595,10
4426,1674.2836214741824,238.34758094905894,10
4427,1674.7886507893593,238.37151523573948,10
4428,1675.3568704673605,238.56249890661792,10
4429,1675.7297519675226,238.49131396857535,10
4430,1675.9495689094304,238.36265619591663,10
4431,1676.2142104715858,238.32491636432448,10
4432,1676.6299545111244,238.33855985764498,10
4433,1676.8072297392166,238.31871426426684,10
4434,1677.0726631774342,238.38278002429126,10
4435,1677.5111326761835,238.47929260317935,10
4436,1677.9703925312563,238.37864592709923,10
4437,1678.3427433882057,238.45825077677264,10
4438,1678.866425009248,238.3339778073376,10
4439,1678.9769595502105,238.3664140478758,10
4440,1679.437866063293,238.41235609885473,10
4441,1680.0063677954654,238.4363518383729,10
4442,1680.4668626145813,238.4719804833457,10
4443,1680.9709394326242,238.54872985583182,10
4444,1681.2137163734792,238.4333644395429,10
4445,1681.6962090281165,238.47687856368498,10
4446,1682.2003293251005,238.41481890806693,10
4447,1682.4843849266788,238.54034224084486,10
4448,1682.9011627340235,238.72683756966916,10
4449,1683.3395001162867,238.90703352355806,10
4450,1683.757444579566,238.66830965344985,10
4451,1683.8474133498726,238.70581156259772,10
4452,1683.9807297550208,238.81214770682666,10
4453,1684.4195061126015,238.83225116941605,10
4454,1684.7691360096062,238.76608991226666,10
4455,1685.0539284154565,238.96253871960906,10
4456,1685.4257003308132,238.9417209307783,10
4457,1685.9524390825766,239.11940306302387,10
4458,1686.609910766776,239.40985184292907,10
4459,1687.2877131919581,239.44060771324143,10
4460,1687.9225169458853,239.54595023218334,10
4461,1688.4924016035184,239.6112017964341,10
4462,1688.8222451066438,239.6999837108032,10
4463,1689.260258677276,239.89422248368064,10
4464,1689.568861843535,239.9026194562512,10
4465,1689.9223935598516,239.7574704138609,10
4466,1690.2748279161883,239.98218635844066,10
4467,1690.5167791896754,240.07006862233152,10
4468,1690.9323105008739,240.06600512551194,10
4469,1691.4575604222277,240.11693720199804,10
4470,1692.1585282530236,239.99866632862907,10
4471,1692.4436796542693,239.93134150616194,10
4472,1692.686910905019,240.07372091199989,10
4473,1693.2559140757126,240.18575896167187,10
4474,1693.563023384611,240.06881426998692,10
4475,1693.9594518027577,240.03942561679222,10
4476,1694.3758067146532,240.0188265996347,10
4477,1694.5945516029929,240.128654768002,10
4478,1694.8578182695342,240.2786465139967,10
4479,1695.0331737836248,240.37898002745882,10
4480,1695.5797807460767,240.4256495430039,10
4481,1696.1925148340433,240.54140338547253,10
4482,1696.6085337791937,240.53853154923576,10
4483,1696.9364538052964,240.7362506770767,10
4484,1697.178105371253,240.62248694730496,10
4485,1697.6174125612638,240.82763265336467,10
4486,1697.9681570029468,240.97668729030605,10
4487,1698.210583871468,241.10604190102774,10
4488,1698.4969254622815,241.2757958722762,10
4489,1698.9360997374447,241.45511266441628,10
4490,1699.4853571753188,241.67541163172504,10
4491,1699.643134239945,241.73446418181723,10
4492,1699.95163212761,241.92524959759604,10
4493,1700.3247821705213,242.09101559370623,10
4494,1700.830288963635,242.18862808642584,10
4495,1701.2494239553494,242.28855071540644,10
4496,1701.6662366174387,242.34791024750385,10
4497,1702.0840867980464,242.40905969197775,10
4498,1702.4572795499148,242.41808276051097,10
4499,1702.767030317623,242.43588034058922,10
4500,1703.2046078712228,242.38981297280307,10
4501,1703.3804833857816,242.27353786776047,10
4502,1703.7557351320654,242.4648228068293,10
4503,1704.1952583646835,242.44796027060488,10
4504,1704.567928508445,242.66302275848943,10
4505,1704.8525107636683,242.8327102168355,10
4506,1705.2890381973477,242.84750435444587,10
4507,1705.7277333632846,242.88738702530708,10
4508,1706.210739039828,242.93102301101487,10
4509,1706.3873065756845,243.0332738880195,10
4510,1706.629408318638,243.15425230452396,10
4511,1707.024507069066,243.18219163028408,10
4512,1707.224357754727,243.25045661855012,10
4513,1707.6420618980542,243.25346879360967,10
4514,1708.0138981176156,243.38107269558878,10
4515,1708.3023940525686,243.52822127169648,10
4516,1708.6101644275066,243.45583997297737,10
4517,1709.1791618453346,243.51211649485617,10
4518,1709.6608803239294,243.53041644638407,10
4519,1710.0780720922303,243.72781411580382,10
4520,1710.4511933223246,243.92941745139387,10
4521,1710.868454670829,244.08614866118293,10
4522,1711.4819441444095,244.12903430829428,10
4523,1711.9432827278845,244.37689854515685,10
4524,1712.4481378247006,244.56481527758265,10
4525,1712.6473281114547,244.5812210286627,10
4526,1713.0645395183315,244.74672965991653,10
4527,1713.4801824074173,244.71036488502364,10
4528,1713.8092530149988,244.65478023263142,10
4529,1713.9655219388962,244.71012948507135,10
4530,1714.3185175213973,244.87445733209287,10
4531,1714.6493481317393,245.0495322426693,10
4532,1715.0895340783532,245.18384656766975,10
4533,1715.3316783008274,245.28195034832873,10
4534,1715.7271687513723,245.2319812459386,10
4535,1716.3186347690266,245.29708293523282,10
4536,1716.7774228626483,245.0944153964523,10
4537,1717.2374940024263,245.0746695743171,10
4538,1717.565986880334,245.0173771873643,10
4539,1717.938604247845,244.88368785342158,10
4540,1718.200374785357,244.8304080842002,10
4541,1718.8991007561028,244.73141817525303,10
4542,1719.1854155167828,244.82408164838972,10
4543,1719.4710039899448,244.8614825249233,10
4544,1719.7332545551362,245.023455458064,10
4545,1719.9093777767062,245.10449553632967,10
4546,1720.1726791454403,245.19560104536995,10
4547,1720.6325482210468,245.34801588619817,10
4548,1721.1376870696004,245.56513324861348,10
4549,1721.6197116969433,245.5814522124432,10
4550,1722.166473142091,245.6330996086205,10
4551,1722.5627932067491,245.61740122982803,10
4552,1723.1099128239027,245.718597533535,10
4553,1723.308635600633,245.8019395969906,10
4554,1723.6828735620807,245.9867738595102,10
4555,1724.3400231143892,246.3089026801476,10
4556,1724.75645377997,246.51528407491722,10
4557,1725.2816743207338,246.57333324597553,10
4558,1725.676529035301,246.74745331632158,10
4559,1726.0491109466989,246.71416561684111,10
4560,1726.335590889764,246.81099524494027,10
4561,1726.6425293478042,246.9353552961327,10
4562,1727.0592750044016,247.16667900942983,10
4563,1727.343048314803,247.2817542796929,10
4564,1727.7804282833208,247.36730701140516,10
4565,1728.3280583011456,247.2416630316584,10
4566,1728.8759065264464,247.11260628470382,10
4567,1729.1403494569645,247.01154093354918,10
4568,1729.6003107031654,247.04435871444434,10
4569,1729.9497243122994,247.2648395445695,10
4570,1730.6059574525752,247.3911337649747,10
4571,1730.7599190609678,247.3707243436965,10
4572,1731.1766005842146,247.42069978662988,10
4573,1731.746707074902,247.71407822901926,10
4574,1732.032742800692,247.63629426277163,10
4575,1732.4503709814503,247.59333511866666,10
4576,1732.9318371257784,247.62926182446373,10
4577,1733.3682691837523,247.83619411935618,10
4578,1733.761508758141,247.88730467409877,10
4579,1734.1336798389352,248.00517392031244,10
4580,1734.6816579001631,247.94833209906167,10
4581,1734.923561365555,248.1097334366327,10
4582,1735.3418170304444,247.9722033861399,10
4583,1735.8915408568203,247.91584235729658,10
4584,1736.2647286307679,247.96813289868362,10
4585,1736.7694875496832,247.90656407301148,10
4586,1737.1198507203487,247.90032229344894,10
4587,1737.449894564264,247.9048267393647,10
4588,1737.7990880867467,248.1057818032864,10
4589,1738.0414883763012,248.17666297755386,10
4590,1738.3275196199181,248.1039454589176,10
4591,1738.6565415397927,248.21838311203612,10
4592,1738.987060753992,248.3399719066701,10
4593,1739.3821052213054,248.31511783946968,10
4594,1739.6892884654958,248.20976423624737,10
4595,1739.84402763266,248.32511509851173,10
4596,1740.4558269038087,248.406376469814,10
4597,1740.7855909440163,248.61614848574493,10
4598,1741.1803091789993,248.53897879422945,10
4599,1741.5329956318997,248.679551588154,10
4600,1742.0160371944335,248.8512421141315,10
4601,1742.323361558679,248.7481380122489,10
4602,1742.6095784996771,248.89321714364152,10
4603,1742.8729237108553,248.8069481827914,10
4604,1743.1801496069922,248.73482158747007,10
4605,1743.4000826577533,248.8593244782057,10
4606,1743.6858581150336,248.9360163065212,10
4607,1743.9724157396158,249.1007177452833,10
4608,1744.2415512745927,249.20633496221342,10
4609,1744.5927348717883,249.40533513236693,10
4610,1745.1610609312422,249.46390309668794,10
4611,1745.5797983915168,249.44532854643484,10
4612,1745.9744815146666,249.45452925655144,10
4613,1746.478083956684,249.5429698780348,10
4614,1746.87308090564,249.77425686614376,10
4615,1747.201573844069,249.8214528335577,10
4616,1747.5731877422281,249.97570933793423,10
4617,1747.794124391798,250.12005437281115,10
4618,1748.1670068672036,250.24855680200713,10
4619,1748.626689605983,250.38129366404436,10
4620,1749.042617448411,250.48886854345932,10
4621,1749.348984568997,250.51525887536488,10
4622,1749.8092469855178,250.67445561692614,10
4623,1750.4233671071001,250.7644188302285,10
4624,1750.7312615095732,250.78454337342797,10
4625,1751.2345825458967,250.84971674575078,10
4626,1751.5858550724793,251.02696896752053,10
4627,1752.1349120263847,251.0976501701429,10
4628,1752.7057990287278,251.1575627704912,10
4629,1753.1221126617006,251.13613236728855,10
4630,1753.5818212207473,251.16290489220614,10
4631,1754.1287706305943,251.24067637603045,10
4632,1754.567622562498,251.34070594868223,10
4633,1754.873801832183,251.16693853776164,10
4634,1755.2686573102408,251.20043620610704,10
4635,1755.6623325188648,251.37529178159926,10
4636,1755.9260119670264,251.13866368680715,10
4637,1756.407443656431,251.2909644877252,10
4638,1756.7577875910326,251.39827972911388,10
4639,1757.196249360673,251.40316279179132,10
4640,1757.4824062625696,251.44287548678594,10
4641,1757.681964853681,251.42842231508155,10
4642,1757.988389189553,251.61883343623967,10
4643,1758.5357935015322,251.68156091685682,10
4644,1758.955097304583,251.8853319462877,10
4645,1759.3508529916319,251.89015532186542,10
4646,1759.5702197725914,251.90066985442516,10
4647,1760.0735045535162,251.72850647404402,10
4648,1760.3368563596584,251.55937166243316,10
4649,1760.6009468338075,251.61631696029792,10
4650,1760.8865904399972,251.74959547077268,10
4651,1761.4551110268562,251.7736401113388,10
4652,1761.8931212788611,251.99368043288712,10
4653,1762.2224646724178,252.12680423915782,10
4654,1762.4640436301597,252.20330041727948,10
4655,1762.9460630962262,252.20639491555448,10
4656,1763.2306464235803,252.25321976686885,10
4657,1763.5378896870454,252.34418146645947,10
4658,1764.0638408968819,252.37677449927816,10
4659,1764.5678769879112,252.6333212503306,10
4660,1765.0493197354506,252.6504942120569,10
4661,1765.3559305771348,252.5883375176456,10
4662,1765.6423883902921,252.78145648316354,10
4663,1765.993335946662,252.7484045622321,10
4664,1766.344687078939,252.90576952936277,10
4665,1766.739540856755,253.16548644162935,10
4666,1767.0471048819759,253.35317434765454,10
4667,1767.3329133057512,253.5057933250718,10
4668,1767.4211326607935,253.3282070968727,10
4669,1767.771596813897,253.47348384640287,10
4670,1768.0574804655425,253.39968144331917,10
4671,1768.321592272027,253.57986475172672,10
4672,1768.7164398151822,253.54650392359895,10
4673,1769.111577732774,253.43268737743986,10
4674,1769.5288605752437,253.41012446233972,10
4675,1769.7941125810696,253.51286332825705,10
4676,1770.319628365542,253.35563513265996,10
4677,1770.671729817154,253.2551894139612,10
4678,1770.7597914524747,253.07785069162077,10
4679,1771.1760603671282,252.84878167441659,10
4680,1771.5921430099108,252.6109254046178,10
4681,1771.877810141676,252.77958018057302,10
4682,1772.2073968506909,252.72136756329633,10
4683,1772.6247155685282,252.48926593609318,10
4684,1773.1942141948239,252.56293337923526,10
4685,1773.5016928098812,252.5431185363218,10
4686,1774.0271484562315,252.6013212489506,10
4687,1774.2901851738566,252.5172595618334,10
4688,1774.6617011987641,252.66103150167234,10
4689,1774.9919762929123,252.7564597563656,10
4690,1775.3868914067048,252.76434052701921,10
4691,1775.5188866822955,252.54840757810032,10
4692,1775.893206288615,252.42921902033942,10
4693,1776.265655051327,252.62936021018476,10
4694,1776.573159647566,252.77697726657215,10
4695,1777.0571449695258,252.811284674757,10
4696,1777.4960613625015,252.60010157347887,10
4697,1777.9346154835016,252.42595500783,10
4698,1778.2421456232303,252.56843253536945,10
4699,1778.8977912011123,252.45269398465032,10
4700,1779.422781483178,252.44360098726276,10
4701,1779.9694419180619,252.45925528270473,10
4702,1780.3642219253938,252.43738416710957,10
4703,1780.781836004861,252.3414763901466,10
4704,1781.111951695002,252.47289745468095,10
4705,1781.5267772536458,252.33115243338068,10
4706,1781.6144616953302,252.14842850293695,10
4707,1782.1856847180686,252.11307166366274,10
4708,1782.5814675308616,252.04718277365404,10
4709,1782.7360842196238,251.84538588364168,10
4710,1783.1099187322282,251.66624856081177,10
4711,1783.4826388793426,251.66840079096153,10
4712,1783.985550706598,251.58564951675902,10
4713,1784.4225677602008,251.48224873700025,10
4714,1784.729821312119,251.67310006812238,10
4715,1785.102269280063,251.50170008457454,10
4716,1785.4534028352732,251.45413907295483,10
4717,1785.8474831207095,251.65843970930746,10
4718,1786.1106084475891,251.76589840762233,10
4719,1786.482050118544,251.68379776912874,10
4720,1786.8985705427217,251.6767669551924,10
4721,1787.4262954883452,251.67288872470368,10
4722,1787.909461279439,251.49974137285827,10
4723,1788.1069543780973,251.607632146409,10
4724,1788.6321687291888,251.66240058552557,10
4725,1789.2007219446673,251.76399022286682,10
4726,1789.61692622029,251.88866509753123,10
4727,1790.010919756669,252.06123444779976,10
4728,1790.4486083604938,252.2596876469052,10
4729,1790.7561849742026,252.24064371062397,10
4730,1791.020063231302,252.1864401082459,10
4731,1791.2618454455892,252.36497829538152,10
4732,1791.872758097007,252.2339249248043,10
4733,1792.5300368144883,252.33920899173546,10
4734,1792.9907218407557,252.37245512272787,10
4735,1793.4493124624557,252.37932262990898,10
4736,1793.8426067021833,252.39013667126457,10
4737,1794.1513449271035,252.32703599672115,10
4738,1794.5888674445334,252.3288147632943,10
4739,1795.1150671294224,252.14665903984684,10
4740,1795.728076072827,252.0055071295995,10
4741,1796.2968558157681,252.3146884957416,10
4742,1796.7797867542693,252.34120835267208,10
4743,1796.9800366351906,252.16075158237055,10
4744,1797.1787300863439,251.9919354631736,10
4745,1797.442816944226,252.16943945479957,10
4746,1797.924215992701,252.1761914890321,10
4747,1798.296445631361,252.1068578457363,10
4748,1798.5166448903524,252.2211626951947,10
4749,1798.8906751516122,252.38834830233725,10
4750,1799.3287984910487,252.55924600000793,10
4751,1799.7227188144013,252.29545509277966,10
4752,1800.16210302299,252.23852558127464,10
4753,1800.4066594204826,252.3377010322934,10
4754,1800.7581006989876,252.2655068506755,10
4755,1801.326359661504,252.57483659454272,10
4756,1801.6332939564793,252.28888553137688,10
4757,1801.9394386888428,252.26412604023756,10
4758,1802.1809452087896,252.18265027405482,10
4759,1802.3561606784765,252.22684843233074,10
4760,1802.8151807943,252.20243217417269,10
4761,1803.274583628913,252.20929994525355,10
4762,1803.5818664239373,252.3031737534405,10
4763,1804.085352769915,252.24875869555436,10
4764,1804.3286557217914,252.33577742666222,10
4765,1804.8528754997503,252.38865582360845,10
4766,1805.137999813236,252.32720070945732,10
4767,1805.4228587190432,252.45301756380195,10
4768,1805.9042826234102,252.2681478116779,10
4769,1806.342444917134,252.26259205780843,10
4770,1806.4749675107457,252.04820184080296,10
4771,1806.9122628508896,252.0667153072725,10
4772,1807.2398339871706,252.01521240028512,10
4773,1807.7217791330208,252.2010897274083,10
4774,1808.2683600628104,252.22127637246476,10
4775,1808.7055090567587,252.21759175605203,10
4776,1808.926455927105,252.27991275270506,10
4777,1809.1682964956392,252.3372525429448,10
4778,1809.4981051993364,252.46035926485243,10
4779,1809.9595031501074,252.51028461428422,10
4780,1810.2664614112848,252.68563535911278,10
4781,1810.6190068962587,252.67392339949868,10
4782,1811.0363563368687,252.89828080110422,10
4783,1811.5190056605807,252.88188857723398,10
4784,1811.891098843588,253.0341680048002,10
4785,1812.3072445503185,252.8445916947576,10
4786,1812.7890702554346,253.0929260765037,10
4787,1813.1188068073825,253.29072922187996,10
4788,1813.490961936755,253.29730109224323,10
4789,1813.8629390873198,253.26696993966252,10
4790,1814.3441545141336,253.27343900843357,10
4791,1814.7399417186218,253.28595084440775,10
4792,1815.1776216009334,253.54433610575924,10
4793,1815.6362249139456,253.5653068576975,10
4794,1815.9869137525943,253.5889228244406,10
4795,1816.5125074413868,253.57288406206456,10
4796,1817.037107152964,253.48309574003386,10
4797,1817.1257494000542,253.51748263384536,10
4798,1817.366610332586,253.4178193683319,10
4799,1817.8476375988685,253.49161414023848,10
4800,1818.1974321637913,253.29990068082734,10
4801,1818.5035082892148,253.29938437453492,10
4802,1819.0724190667643,253.23475712492126,10
4803,1819.4904118071663,253.41416620542185,10
4804,1819.9285220523398,253.24940583336968,10
4805,1820.3668257756933,253.21658331381116,10
4806,1820.5449564634578,253.29529778787605,10
4807,1820.9841633758738,253.28740235328792,10
4808,1821.269659219322,253.2634371535053,10
4809,1821.620278147167,253.26559375891193,10
4810,1822.015961599042,253.3952937872993,10
4811,1822.5405851618834,253.38937671631496,10
4812,1822.8039767895116,253.3253800526633,10
4813,1823.28556841838,253.32767549081464,10
4814,1823.659626127479,253.11316819376077,10
4815,1824.1629074296402,253.13274592900436,10
4816,1824.8194356756958,253.14776657102203,10
4817,1825.2345412995921,253.11127885854012,10
4818,1825.5858342585125,253.30289164084735,10
4819,1826.1104439213716,253.59329203127228,10
4820,1826.8094332268422,253.72901501345063,10
4821,1827.333829071254,253.78413032394047,10
4822,1827.9451808063754,253.64087259046295,10
4823,1828.4484963950304,253.70139169221267,10
4824,1828.6673404666344,253.78784818103424,10
4825,1829.0843955653716,253.80692131303005,10
4826,1829.4579510377303,253.72743309885865,10
4827,1829.8095912721997,253.66926830147327,10
4828,1830.2260069554964,253.68763580135806,10
4829,1830.2725475743414,253.64800744591687,10
4830,1830.4706312426129,253.73272066107887,10
4831,1830.864377090676,253.46565142322774,10
4832,1831.1498826990232,253.57955573573935,10
4833,1831.3260945668735,253.45333797255392,10
4834,1831.698938505767,253.59473246745003,10
4835,1832.095193517441,253.56016030552874,10
4836,1832.3590180025997,253.22466653550737,10
4837,1832.7324391307852,253.16680067417758,10
4838,1833.0838433289878,253.01428163500097,10
4839,1833.3477244735939,253.12200185909518,10
4840,1833.8973860113554,252.91343869342066,10
4841,1834.3803157831758,252.89809910893143,10
4842,1834.991857746779,252.94993248269185,10
4843,1835.6270474162156,253.05201086679685,10
4844,1836.2381019409836,252.92888693872322,10
4845,1836.654632375877,252.8942407242622,10
4846,1837.0499785243112,252.87544753670124,10
4847,1837.4433475909907,252.806065002575,10
4848,1837.6411866625142,252.66485784924134,10
4849,1838.1454561331443,252.66340489310082,10
4850,1838.5391742387699,252.66240905167453,10
4851,1838.8468443688278,252.5653917133024,10
4852,1839.0223562489432,252.66582822668687,10
4853,1839.5047848877723,252.79600610145997,10
4854,1839.9861157475032,252.8631660686136,10
4855,1840.4255498458092,252.7331856088022,10
4856,1840.7317490583057,252.6608436720334,10
4857,1841.125960153796,252.61937992670107,10
4858,1841.629726292785,252.6533443373526,10
4859,1841.9803599508407,252.59575530570785,10
4860,1842.0908381207578,252.63541531828736,10
4861,1842.2667627869967,252.73483475319054,10
4862,1842.6186992405242,252.63970476620142,10
4863,1843.033855837371,252.47272884539575,10
4864,1843.5802475116284,252.4791759218891,10
4865,1844.1929709295691,252.4941318602338,10
4866,1844.3046264758045,252.520032016974,10
4867,1844.7874708513216,252.4409458612684,10
4868,1845.1593286762513,252.35758886400444,10
4869,1845.53098385943,252.2847566396085,10
4870,1845.7513453666277,252.18696731945582,10
4871,1846.451711987768,252.08219583918375,10
4872,1846.8035730001327,251.8597087884298,10
4873,1847.2427573789614,251.65861627545144,10
4874,1847.766225461856,251.74670838387638,10
4875,1848.3127760555012,251.80269217832898,10
4876,1848.7094863094776,251.9759414328011,10
4877,1849.0175992075779,252.10973681444875,10
4878,1849.4359988313506,252.10491661803292,10
4879,1849.6995926984007,252.04267921144452,10
4880,1850.137247845733,252.03915966629847,10
4881,1850.5310408068162,251.99479050210488,10
4882,1850.9030112794305,251.86378158348273,10
4883,1851.1451361202458,251.89751082022164,10
4884,1851.5829955943725,251.77094009603672,10
4885,1851.9769188657272,251.84852195049905,10
4886,1852.4574575785368,251.8284016302588,10
4887,1852.8081093096546,251.9758655896249,10
4888,1853.333321433955,251.98321247852897,10
4889,1853.7726341436435,252.02325044995948,10
4890,1854.0576573976753,252.15743465699578,10
4891,1854.4520668712237,252.28917217380442,10
4892,1854.7150650162125,252.23280750221937,10
4893,1855.1312905357838,252.19360901905208,10
4894,1855.4832161902227,252.26512279902823,10
4895,1855.5933295164425,252.31740586319677,10
4896,1856.097228145105,252.57560247252184,10
4897,1856.5379069080373,252.5117799408934,10
4898,1857.0642966215019,252.5090414588806,10
4899,1857.5020168695623,252.48919610067307,10
4900,1857.8323810627885,252.25386436493844,10
4901,1858.4242193204777,252.19133001320625,10
4902,1858.7309944487756,252.00627312115128,10
4903,1859.0161555627121,251.92665628803556,10
4904,1859.5420281968877,251.95679085474168,10
4905,1860.0670057373063,252.04384286103715,10
4906,1860.3538055351178,252.13256941597496,10
4907,1860.683426941307,252.05813984229937,10
4908,1861.0796755109866,252.19203727025518,10
4909,1861.4092195019857,252.28254514088047,10
4910,1861.9330950482145,252.37631530983563,10
4911,1862.2633788612543,252.4714001676461,10
4912,1862.8103150383806,252.52932519513044,10
4913,1863.0081775926622,252.39566983579442,10
4914,1863.3805922720542,252.3366865868513,10
4915,1863.9045315664484,252.1216244302097,10
4916,1864.384717436666,251.9363871230973,10
4917,1864.86532074435,251.98318435171205,10
4918,1865.501213703099,252.08302720052217,10
4919,1865.7862439002613,252.01658358118524,10
4920,1866.2677655517923,252.01408352766782,10
4921,1866.9009953676348,251.89961238090837,10
4922,1867.0776330961035,251.94502552296862,10
4923,1867.5375073354085,251.76468654983807,10
4924,1868.1063314058356,251.63496241921095,10
4925,1868.390507973923,251.5674475990942,10
4926,1868.8716174961482,251.54669609344666,10
4927,1869.4197067375546,251.55996758378484,10
4928,1869.7264003005323,251.54403428940984,10
4929,1870.1860236084322,251.53700073260197,10
4930,1870.557252704973,251.49883068758194,10
4931,1870.907369436873,251.6636794736276,10
4932,1871.105013765608,251.78933491302465,10
4933,1871.4336985815826,251.92872874116634,10
4934,1871.8279769414773,251.80496342374767,10
4935,1872.374790155944,252.08411627759367,10
4936,1872.5735784781707,252.23945853818617,10
4937,1873.0972414145642,252.3346662910099,10
4938,1873.6441470117054,252.19109854774035,10
4939,1874.0817141143066,252.22889669613463,10
4940,1874.6930872988337,252.2945610452395,10
4941,1875.1751442677644,252.39165214415368,10
4942,1875.5248414559858,252.33108357667686,10
4943,1876.1371396938714,252.4313717780489,10
4944,1876.6623381591435,252.40189780364918,10
4945,1877.448333561843,252.33993921568535,10
4946,1877.994503833645,252.59044492862543,10
4947,1878.3672286640208,252.72381609026993,10
4948,1878.84778625833,252.51295757453224,10
4949,1879.1764400413806,252.66429045123695,10
4950,1879.7453871172736,252.73938142663872,10
4951,1880.2269250139852,252.52491139232285,10
4952,1880.7520136077808,252.37715341196696,10
4953,1881.101237278277,252.33131688552996,10
4954,1881.32009949405,252.21390588909225,10
4955,1881.4964775018339,252.3077044875755,10
4956,1881.846591640394,252.54969607727477,10
4957,1882.4805261425681,252.5438351936049,10
4958,1882.6127132678052,252.5201202866042,10
4959,1883.116880957917,252.41423236931323,10
4960,1883.4885867307298,252.3552786565667,10
4961,1883.7306385275592,252.44422257291163,10
4962,1884.1926509565044,252.34388271221746,10
4963,1884.369108629099,252.33113774085066,10
4964,1884.8068117631349,252.27559373951124,10
4965,1885.200796608958,252.44191189997628,10
4966,1885.6819871465323,252.47565496061338,10
4967,1886.076234579934,252.69068482745388,10
4968,1886.3839013273264,252.88195781357757,10
4969,1886.7333639578114,253.0896544149909,10
4970,1887.3019069013214,253.16574936608313,10
4971,1887.7382353169044,253.21640633192678,10
4972,1888.1543221462314,253.13403789747667,10
4973,1888.3742631059245,253.15689355290124,10
4974,1888.7696570588619,253.17267188377207,10
4975,1889.2940339001816,253.2113129359425,10
4976,1889.7983696985823,253.2315828029737,10
4977,1889.9311103884102,253.17275379303373,10
4978,1890.085704974439,253.17274683284987,10
4979,1890.458183018701,253.08900474353746,10
4980,1890.8079251833137,253.0397178514532,10
4981,1891.157662509045,252.99096592707858,10
4982,1891.7043139516354,253.05403731458708,10
4983,1892.2734477247766,253.1639317421803,10
4984,1892.840706755837,252.99900811646,10
4985,1893.1029875274241,253.0854687816057,10
4986,1893.410272609371,253.19571201551776,10
4987,1894.0220771616714,253.04322906861466,10
4988,1894.5465836707313,253.10129320159598,10
4989,1894.9625244303093,252.84782047613612,10
4990,1895.292126780066,252.7825633075373,10
4991,1895.5997998234216,252.7059681948928,10
4992,1895.8203653382775,252.8179164370958,10
4993,1896.1716454858633,253.03516440920666,10
4994,1896.6966085788845,253.0039536027425,10
4995,1896.8952732578255,253.12867393870314,10
4996,1897.246259951511,253.0599867956765,10
4997,1897.6187314602041,253.2455666189302,10
4998,1897.9032181887392,253.14208438928094,10
4999,1898.1668193003075,252.9819685003819,10
5000,1898.4089906737331,253.06530298933706,10
