t,cum_regret_mean,cum_regret_sd,n_runs
1,0.0,0.0,10
2,0.10921812268604358,0.2776690621573846,10
3,0.23960176558470683,0.5498455128739554,10
4,0.41558476071491296,0.8278431538308431,10
5,0.5912608055764476,0.9110135443457575,10
6,0.766753963111609,1.0757650615858436,10
7,0.7678030092148664,1.0770638631091818,10
8,1.0081613257789817,1.3986281148279962,10
9,1.2283251300121885,1.5843135763378742,10
10,1.5988992200805179,1.6785501453780816,10
11,1.7735463839890422,1.8639511436344707,10
12,2.079172253568494,2.1316469810521936,10
13,2.5145683885039896,2.0768915450963523,10
14,2.8849229736252653,2.106927790183601,10
15,3.364680771811399,2.2726781970265373,10
16,3.7579005077848833,2.2504877548958215,10
17,4.062970591852388,2.097456740615303,10
18,4.390142397915051,1.9479883013916042,10
19,4.5210689016350525,2.0150217861173334,10
20,4.719034611375653,2.006922477281587,10
21,5.0260883807807675,2.167011173533122,10
22,5.374496683357759,2.1353121468847363,10
23,5.877551488523137,2.186902594612038,10
24,6.487585732580522,2.465971406772024,10
25,6.945735133944811,2.451871269220686,10
26,7.447716919561422,2.3584359548403433,10
27,7.754533000175181,2.452630856087423,10
28,8.083272731120433,2.5718266682726876,10
29,8.345899653935982,2.6149834787512427,10
30,8.716776645108576,2.5621820097381596,10
31,9.196509434205444,2.4846734157440222,10
32,9.762809905972317,2.4752065831543564,10
33,10.351785802413263,2.5649976300049198,10
34,10.810899005506863,2.678549910110367,10
35,11.159684439468304,2.8353461625178302,10
36,11.595955220964953,2.938436541579125,10
37,12.18504433133481,3.232921590642093,10
38,12.643936979371858,3.39935117225182,10
39,13.037531566798327,3.4246528564983625,10
40,13.451810729496145,3.7009764838485535,10
41,14.062520791142045,3.964278099799103,10
42,14.346327603175165,4.152588275081694,10
43,14.804243105014038,4.24694240016198,10
44,15.306920523786493,4.165317883622341,10
45,15.74416972386346,4.193677400177126,10
46,16.11617176492576,4.089211910095644,10
47,16.356257856170384,4.150208329287778,10
48,16.57411637152304,4.328727690709411,10
49,17.054044463629634,4.608137933477709,10
50,17.774081653581565,4.507982902883792,10
51,18.42895619534074,4.671952106701032,10
52,18.864851692683725,4.8042010515805655,10
53,19.300832636336757,4.790432188373425,10
54,19.739405490944517,4.98240934367799,10
55,20.285299399161605,5.1597575009219465,10
56,20.875201640456297,5.133324191664935,10
57,21.39940963743001,5.223548277830487,10
58,21.835370930988848,5.191721651147459,10
59,22.423880578454206,5.113905363606419,10
60,22.620646516735015,5.065390930527644,10
61,23.144518281012,5.070872023983237,10
62,23.515425294019817,5.129837256696807,10
63,24.149063213631994,5.301346641979986,10
64,24.519242374554985,5.44015295266167,10
65,25.110906186749883,5.646431608876964,10
66,25.678389811082013,5.723767152466161,10
67,26.115934809938743,5.591402608590784,10
68,26.57358424285484,5.69993754195859,10
69,26.835070271644575,5.6298986353849525,10
70,27.336678156620557,5.607595264419712,10
71,27.817603276752664,5.671486974268114,10
72,28.385135634826916,5.5932349728721515,10
73,28.953251414241105,5.713296910385631,10
74,29.323837871360233,5.913724984082492,10
75,29.67299474134402,5.962247203080328,10
76,30.28413207450235,6.282000707479755,10
77,30.982495364774458,6.3749463787809955,10
78,31.506388874171172,6.305349126974484,10
79,32.02940066110844,6.339972930515785,10
80,32.640852901633956,6.537831890850115,10
81,33.01161023961912,6.558070053999758,10
82,33.60015240622842,6.600376106149108,10
83,34.03667207778296,6.475853968722453,10
84,34.648492793071355,6.616059247992752,10
85,35.04161323732625,6.725585223155983,10
86,35.478311230938935,6.722761306716057,10
87,35.97967827171814,7.059403671024352,10
88,36.56872744613127,7.031282944735818,10
89,37.09265693940847,6.9283716005802445,10
90,37.877607974718856,6.832597235433199,10
91,38.490035439564835,6.623273283612997,10
92,38.861328886384946,6.820433797699156,10
93,39.232104855347885,6.831598969562962,10
94,39.84354096926084,6.976104695585152,10
95,40.215410701006796,7.044721468940969,10
96,40.564676725901776,7.269366719146722,10
97,41.11077964327576,7.297766811991984,10
98,41.7643989263506,7.301733537240381,10
99,42.397591019470426,7.252376273729127,10
100,42.9867766714468,7.1741771937257495,10
101,43.423991511667495,7.357530387666265,10
102,43.94851672199693,7.098536664775478,10
103,44.47189967588777,7.074361546870352,10
104,44.8442588947331,6.791723440580694,10
105,45.281728188972274,6.676125760257165,10
106,45.87164024658853,6.677061896128774,10
107,46.17648361371455,7.020937339327325,10
108,46.65595278700883,7.084370935421041,10
109,47.1145717286939,7.0715121432556005,10
110,47.87809351991014,7.1267246737234835,10
111,48.423987559035865,7.045542062634189,10
112,49.07775539056964,7.04269949604938,10
113,49.515995905951364,6.99407900012213,10
114,50.01780367202029,7.233226740282441,10
115,50.5861252142226,7.113189351187857,10
116,51.19706639003902,7.216541061872177,10
117,51.69952140723306,7.360671141301578,10
118,52.39763484974427,7.263636548851696,10
119,52.89974607666234,7.516116954752516,10
120,53.62016239148157,7.733332144657703,10
121,54.33960461294272,7.645329350652533,10
122,54.79862159765624,7.64329179085982,10
123,55.23525923504231,7.577363655779412,10
124,55.67276068771518,7.380420453167266,10
125,56.30540854936966,7.325033340328621,10
126,56.74340084044775,7.268697574840444,10
127,57.17976618522315,7.419794410847561,10
128,57.81322481381386,7.391581109602738,10
129,58.402348335831775,7.541716674452526,10
130,58.77387306276319,7.491702284413581,10
131,59.277160036019836,7.476774414836,10
132,59.90984771600246,7.409029945491955,10
133,60.43395779298855,7.449065903592478,10
134,60.87032225496007,7.418424752539783,10
135,61.33014771598774,7.483007173385216,10
136,61.766650695368966,7.852625564002366,10
137,62.16082919214487,7.728140963286735,10
138,62.94661349086391,7.781892025730536,10
139,63.55796504293968,7.655509528753778,10
140,64.03758452406223,7.625292951831009,10
141,64.56180813829107,7.501468115961881,10
142,64.99878568017222,7.670825216429111,10
143,65.45677923569184,7.531345638470979,10
144,65.98133496583468,7.4029127054902375,10
145,66.54839345983197,7.443368887723641,10
146,66.83338106665049,7.5340495137425965,10
147,67.3798463441415,7.584912824200312,10
148,67.88194462755644,7.448721986009368,10
149,68.45060051488525,7.4382064222989275,10
150,68.97467151137674,7.376111904982848,10
151,69.65094199233764,7.4991741964193,10
152,70.06553241786057,7.2828402214471915,10
153,70.63383846797542,7.253407780205291,10
154,71.28801099625805,7.383193024188979,10
155,71.747249480822,7.390425521293251,10
156,72.18405706887859,7.422987238160956,10
157,72.55522803719158,7.604182250013241,10
158,73.10133656477093,7.961472466631307,10
159,73.62626397559681,8.202915022051345,10
160,74.17207036740496,8.190669995177041,10
161,74.8054944368701,8.342710579712435,10
162,75.41610638454779,8.276208638161373,10
163,75.74336857463973,8.197939613961783,10
164,76.37788120481098,8.376723719180855,10
165,76.98868572683878,8.092310573360324,10
166,77.4698946967018,8.049695598513043,10
167,77.9713871857286,8.124776417303998,10
168,78.32099297046227,7.998969440005834,10
169,78.80115922463172,8.186630506995305,10
170,79.3034112560317,8.051030352727604,10
171,79.78463836556757,7.926647338360187,10
172,80.28709030267856,7.9961932954474095,10
173,80.59298648347786,8.234005349457192,10
174,81.00808766294607,8.325644115984158,10
175,81.44526328482917,8.360890612243907,10
176,82.07699337771646,8.26573704116512,10
177,82.6667575295887,8.334914406559202,10
178,83.18977118205254,8.202799605190712,10
179,83.73589817606468,8.176784388281641,10
180,84.25972963206041,7.95066123521166,10
181,84.71750214180814,7.818439960693555,10
182,85.35074988275129,7.857529598675275,10
183,85.67840790901687,7.904577663418164,10
184,86.35477417988088,7.912862882191892,10
185,86.98708341666735,7.913676209150182,10
186,87.55463608695523,8.242304240666092,10
187,87.96973007883615,8.253121741948254,10
188,88.53738535673476,8.15528644417608,10
189,89.23523143130159,8.260280401236843,10
190,89.69436562497069,8.506975370770235,10
191,90.32626571265978,8.469078862457307,10
192,90.69849766070631,8.395203748761755,10
193,91.13524685981551,8.27036411230679,10
194,91.83359474822767,8.383516492512618,10
195,92.50898269606344,8.446394556575115,10
196,92.88012581875894,8.449295527878126,10
197,93.31719826372914,8.754059269256903,10
198,93.8408970343642,8.873455626272632,10
199,94.474827083366,8.72481161513307,10
200,95.04210774810352,8.635559344714316,10
201,95.52192868677949,8.679991494662243,10
202,96.02427793848346,8.733352000045068,10
203,96.5914721568092,8.786496841439366,10
204,96.89701168024781,8.496234084326744,10
205,97.48709264966811,8.4179156750399,10
206,97.85760611478456,8.587122828090905,10
207,98.18504181491059,8.686168952058031,10
208,98.75238961985043,9.002529677381736,10
209,99.5594907208012,9.022224816797594,10
210,99.91017515202013,8.91887469253135,10
211,100.52008156795962,8.929415715379498,10
212,101.11044405508869,8.989455054001036,10
213,101.59155466062688,8.842539801112075,10
214,102.02770176314547,8.693315878162922,10
215,102.70445444866104,8.730232790190401,10
216,103.42445328023211,8.71050961700772,10
217,103.99287997521034,8.636554394141577,10
218,104.34191240665226,8.797667329359884,10
219,104.73573644541227,9.041471641019923,10
220,105.52135147942363,9.105470580899086,10
221,106.11106571028306,8.958813258146018,10
222,106.52527590029823,9.202520357175368,10
223,106.87466387128495,9.435858941281515,10
224,107.39891057196488,9.581122214678896,10
225,107.85801065034134,9.399959029736841,10
226,108.51381874552128,9.216915816703299,10
227,108.84172594077685,9.21290989317498,10
228,109.43093876681353,9.308074981628199,10
229,109.73627176590136,9.491905645832318,10
230,110.17224796103783,9.776514369496958,10
231,110.67432418788817,9.5238829884205,10
232,111.15538438715177,9.561312759111985,10
233,111.6572427686026,9.753576477525012,10
234,111.94175327093865,9.897339436608824,10
235,112.57496721191487,10.04432278747289,10
236,113.09990063949294,9.887675095792767,10
237,113.55871744146029,9.92765928139647,10
238,114.0400403678835,9.948889137831317,10
239,114.41144142118863,9.89012803742682,10
240,114.89218762102207,10.083479294531694,10
241,115.32791542863436,10.416085320107987,10
242,115.96079761132656,10.61439861400577,10
243,116.17970906416444,10.64138441806028,10
244,116.48511035779018,10.858743552045635,10
245,116.9231708641358,10.948953454660368,10
246,117.40303865011838,10.964623382964513,10
247,117.8389210051708,10.996818890184029,10
248,118.51578026522805,11.054514128954668,10
249,118.86550671038879,11.08609717758803,10
250,119.30251694734571,11.258435556058348,10
251,119.67385903683669,11.364964628770611,10
252,119.84950571348217,11.428668115389094,10
253,120.48258386816451,11.50337926480251,10
254,120.87547760244654,11.543052199768747,10
255,121.26790478746997,11.76037785083622,10
256,121.46498404362467,11.988728025461187,10
257,122.12029238198825,11.96661708902763,10
258,122.51296173861263,11.628168459574038,10
259,123.211115840377,11.822449725206104,10
260,123.47314238831036,11.792668888451962,10
261,124.1056079221006,12.05449195634733,10
262,124.73798622910479,12.097275084561376,10
263,124.95629892457359,12.166935903369994,10
264,125.50196128460716,12.216755632143528,10
265,126.047798177561,12.241967920972117,10
266,126.44119482633869,12.180409233015132,10
267,126.98834879034885,12.228041853776194,10
268,127.35981866654177,12.151739682142123,10
269,127.81827247925746,11.83571978339783,10
270,128.23307366269847,11.764204985224277,10
271,128.64782251174069,11.753641555037158,10
272,129.08439112237124,11.773107595939416,10
273,129.47722599470916,11.75778075110368,10
274,130.0879995461836,12.03650886744879,10
275,130.58941829772996,12.091836459551741,10
276,131.200364451534,12.027569846406681,10
277,131.94149278061644,11.920944416625538,10
278,132.53144352525467,11.714554336585328,10
279,133.07756411689348,11.866280711349715,10
280,133.38294875320716,12.070242646852648,10
281,133.864774454658,12.029040935856038,10
282,134.4545194643593,12.052040513669533,10
283,134.7384335583683,12.102139370967368,10
284,135.13118633813357,11.966655362313245,10
285,135.6335582966307,11.88429534995462,10
286,136.15821118778754,11.884969237898456,10
287,136.66127216461382,11.957256875079326,10
288,137.35915524536813,11.967116741144713,10
289,138.07978892418296,11.998258051829955,10
290,138.58235262780903,11.986860113402082,10
291,138.9754535143158,12.031430224967849,10
292,139.56513355812916,12.022421045098284,10
293,140.1981491965214,11.824486853645553,10
294,140.80942679740446,11.759033442083963,10
295,141.33329846311108,12.003904973075217,10
296,141.76948028709234,12.093737757674093,10
297,142.53301289664637,12.14816533770182,10
298,143.0135539238002,11.974301842817413,10
299,143.47169879092516,12.263276128604625,10
300,143.66836604410355,12.33941883446446,10
301,144.14897423543567,12.576237386828783,10
302,144.54175221302216,12.462921835247366,10
303,145.02196233008505,12.736353061335373,10
304,145.45916899567288,12.655838707011414,10
305,146.0704013759787,12.737015564655106,10
306,146.35414589478825,12.61712683301575,10
307,146.72607034400193,12.445684658324499,10
308,147.31494482752692,12.490173954180307,10
309,147.68583756442337,12.430644668465625,10
310,148.47102139153873,12.588355701633784,10
311,148.69003061196148,12.74446826397882,10
312,149.23542647133158,12.576885611662123,10
313,149.78067277356573,12.53040090266087,10
314,150.15197327244738,12.751409270867516,10
315,150.85103903968866,12.704548667191936,10
316,151.26566427442364,12.90076911933905,10
317,151.59294700527764,12.895543170652909,10
318,151.9653651096707,13.062685807643954,10
319,152.314711466507,13.0090292908255,10
320,152.75080276390491,13.100190186465934,10
321,153.27413167082696,13.148279302790817,10
322,153.81977754562686,13.264824497129368,10
323,154.4085727470203,13.17848726609427,10
324,154.75822502336374,13.236894390396046,10
325,155.02153910300498,13.129944690496682,10
326,155.54554663527657,13.104400473050543,10
327,155.9606591132819,12.876919368558777,10
328,156.39715736896366,12.843462584798786,10
329,156.8996632456369,13.091153473266697,10
330,157.31415594621723,13.170577091203603,10
331,157.85978126614816,13.331629977245434,10
332,158.38318673542412,13.052606322334906,10
333,159.08168669928847,12.854667282095324,10
334,159.758325802685,12.856958308262369,10
335,160.45623888042746,12.913341947741811,10
336,160.9141561790674,12.873120332534883,10
337,161.52667014762054,13.110446378619239,10
338,162.09445782359472,12.929180873617746,10
339,162.70540022075295,13.049182835239636,10
340,163.09896352344236,12.771514038052421,10
341,163.57921085962113,12.865848965346473,10
342,164.1476988997844,13.07662878405276,10
343,164.51870337400482,13.265559256628777,10
344,164.82514758232287,13.285444521080505,10
345,165.2619395224852,13.333669946092726,10
346,165.78602987954443,13.282627229914155,10
347,166.30957392408106,13.500103770320184,10
348,166.70291646111386,13.52030203601567,10
349,167.22783568145988,13.566889013417597,10
350,167.86058124182563,13.63887494498677,10
351,168.1878085722496,13.746794392645862,10
352,168.86450905089887,13.856173920760039,10
353,169.32319225171594,13.843518139599794,10
354,169.93329326014995,13.992076311534227,10
355,170.28306817554517,14.20908620791989,10
356,170.80638425425323,14.032464792525085,10
357,171.5705764194177,13.950497072913388,10
358,172.18206429595142,13.92520770851203,10
359,172.53257563910984,13.927885547822465,10
360,172.9695631983875,14.07287508142132,10
361,173.4939922838453,13.917439529887293,10
362,173.79956010776647,14.133983407498777,10
363,174.32276099646566,14.313721095906175,10
364,174.49762633221445,14.295415544113043,10
365,174.95598955719683,14.296562761689978,10
366,175.28371811231176,14.310749267236126,10
367,175.78478374180034,14.304732303407176,10
368,176.06837903321465,14.089619399261679,10
369,176.54896915705146,13.898119878871315,10
370,177.05111900176567,13.850098181009777,10
371,177.6625521606621,14.044616745993135,10
372,178.11998073460373,14.125325300223759,10
373,178.58743014449135,13.96994593704754,10
374,179.04611225747377,13.81745459283005,10
375,179.52679107696548,13.956460829218269,10
376,180.0722471684873,13.881895029700075,10
377,180.33409111346103,13.96888615735,10
378,180.83611503592715,14.086959940980709,10
379,181.46843679300184,14.058872200228425,10
380,181.83970256805634,14.007260867691667,10
381,182.1679596003583,13.97458394875468,10
382,182.62627908949975,14.119658396796558,10
383,182.9320782409919,14.29737857875447,10
384,183.67583312097628,14.224346954451281,10
385,184.28659035493936,14.431679486638316,10
386,185.05153561536991,14.395893647555145,10
387,185.6183861502984,14.262237450968982,10
388,186.12080903202207,14.18929839191823,10
389,186.6663937799629,14.022655054058221,10
390,187.1466652256974,13.784651280884868,10
391,187.62634070669816,13.86086161766839,10
392,188.21606103243795,14.104156419163731,10
393,188.7399715623666,14.21495777743927,10
394,189.37245611154805,14.14199984404103,10
395,189.85250776013726,14.135828327893844,10
396,190.28807437262174,13.903820158873689,10
397,190.63847798403657,14.015025226664747,10
398,191.24947112912622,14.2073426558222,10
399,191.75201099689914,14.38056369102534,10
400,192.10230443482558,14.339384861232958,10
401,192.62623454229566,14.215490695139094,10
402,193.06314580146523,14.377411698920417,10
403,193.67449990762444,14.603373133959737,10
404,194.0685600918828,14.78031396296696,10
405,194.63525444222165,14.917733523903674,10
406,195.07134074767254,14.901065022272837,10
407,195.42075239155662,14.956497392269275,10
408,195.96661985113536,14.973389490388595,10
409,196.31479395294008,15.03025730470573,10
410,196.92574471436154,15.131708597717154,10
411,197.27448865996513,15.191108592388485,10
412,197.7762592336807,15.231439479890623,10
413,198.43061318868482,15.479002128649642,10
414,198.84592405510475,15.665554241806467,10
415,199.30460221034448,15.83970761027914,10
416,199.7196532335643,16.12650865486594,10
417,200.1345259377537,16.167086643736656,10
418,200.87621829856002,16.32484373782015,10
419,201.42337312066488,16.359441788779705,10
420,201.92425868508204,16.559836352277948,10
421,202.2729714637377,16.747321621791055,10
422,202.9934040706389,16.73623262296976,10
423,203.47362956127247,16.777633562813648,10
424,203.84516237255534,16.83726092467931,10
425,204.36991357274692,16.941132703763024,10
426,204.82817598519904,17.193478284943165,10
427,205.26496087738786,17.275819921761133,10
428,205.91921810097648,17.30900804887789,10
429,206.55137113584138,17.303016927925835,10
430,206.9893935807197,17.308835873198376,10
431,207.59931399112025,17.326835430932327,10
432,208.0362167621573,17.55616818441917,10
433,208.3643309645748,17.594306480652428,10
434,208.97610818117693,17.497955654959835,10
435,209.58728217179768,17.360480775916695,10
436,210.26456138929774,17.553464539847383,10
437,211.04982068115282,17.588398870861752,10
438,211.59475553667585,17.505431405948062,10
439,212.14091216483726,17.372506551078335,10
440,212.77354894951606,17.54751460527253,10
441,213.1673740097674,17.43491461236236,10
442,213.5166388394035,17.582970202814302,10
443,214.03998364271024,17.877361630901092,10
444,214.69460457876707,17.819948891512386,10
445,215.41526674807878,17.750037186738698,10
446,215.63372328178292,17.618965625026757,10
447,216.2894234449419,17.56796270361807,10
448,216.79138431807888,17.76610690769014,10
449,217.424575593763,17.83059679313614,10
450,217.9700843397264,17.69216373797902,10
451,218.3848218779135,17.792072127641593,10
452,218.9528250367269,17.85850092004781,10
453,219.3445798853089,18.04884675081038,10
454,219.82577305329556,18.27477846740403,10
455,220.3279544165094,18.167946667051,10
456,220.91856101039616,18.25704190746639,10
457,221.31169681161168,18.326501410989447,10
458,221.92294852594387,18.27223498846108,10
459,222.3168014036506,18.435463261954588,10
460,223.0376545769528,18.419673056088403,10
461,223.6925914671458,18.4723664867575,10
462,224.3475476405622,18.525558280427095,10
463,224.8288370247229,18.553136812434314,10
464,225.26485133053075,18.7794659324015,10
465,225.65861705195908,18.94139112315114,10
466,226.33441581666474,18.859506352139668,10
467,226.9022785789088,18.75363319640791,10
468,227.2736844193102,18.61512569567029,10
469,227.77694966780183,18.69393534363594,10
470,228.38817857260142,18.89488516274996,10
471,228.93449788531615,19.067216665846395,10
472,229.63331337381814,18.88714611725674,10
473,230.15703603551998,18.780721938066847,10
474,230.54997437700476,18.647385085827576,10
475,231.05103009501948,18.60262396872478,10
476,231.48793175076122,18.77707985570064,10
477,232.16474679069864,18.784505402918686,10
478,232.86254145031074,19.03785130981427,10
479,233.3212266839861,19.161158802027426,10
480,233.75800252728087,19.248739357021687,10
481,234.3468446993676,19.517423373724483,10
482,234.8702697060922,19.383911091725494,10
483,235.4368748568047,19.418072799903765,10
484,236.0266150926604,19.33843776007434,10
485,236.63787672930556,19.396805049104138,10
486,237.29222775805823,19.627820252791018,10
487,237.72834384727003,19.748582917102876,10
488,238.1219986295695,19.766258474223754,10
489,238.5799557781505,19.874547077270332,10
490,238.97415646987275,20.085330486017497,10
491,239.38922289001272,20.02061916826106,10
492,239.912406793637,20.106875499734016,10
493,240.19607930767225,20.075556077187397,10
494,240.61078208700877,20.172828662048545,10
495,241.06922394095537,19.979946550586945,10
496,241.63707508390203,19.93592978888238,10
497,242.09551545963564,20.148419796035054,10
498,242.68514585010286,20.089906087488156,10
499,243.25308416383996,20.228843039362356,10
500,243.86433958837824,20.06938959300252,10
501,244.36552340412499,20.02773919858376,10
502,244.89068476044244,20.04519810648656,10
503,245.41516312537473,20.16766072329863,10
504,245.89555195608614,20.26597394945947,10
505,246.2659866778678,20.315733242672753,10
506,246.7247842601486,20.4091131855794,10
507,247.13998917102927,20.5542926157245,10
508,247.6629912908374,20.72401765219381,10
509,247.94706681697326,20.84444178586599,10
510,248.31863128367544,20.894971055047833,10
511,248.9295501725112,20.7305087781972,10
512,249.34469492617285,20.875891414499495,10
513,249.69550113541587,20.953873671577046,10
514,250.24169879893793,21.15571557304255,10
515,250.59200425124203,21.317596916921374,10
516,251.0941302189883,21.408395193609028,10
517,251.68282415888171,21.33108624308229,10
518,251.94625500815005,21.392218703762754,10
519,252.47019056196217,21.60392580131926,10
520,252.99511525815146,21.808013376723956,10
521,253.51836849168907,21.892316055186033,10
522,253.95510892500033,22.005067404046255,10
523,254.54425755495873,21.915044249181594,10
524,254.85065033928421,21.75662611215479,10
525,255.37412573441966,21.95581345989464,10
526,255.72371942347203,21.99903747564156,10
527,256.22563419030377,22.168327638419772,10
528,256.5743890963648,22.276519907465328,10
529,257.01113326139955,22.452430310366207,10
530,257.2735179653683,22.523504471360624,10
531,257.5785882623899,22.616301775544667,10
532,258.0365064704932,22.580357695667225,10
533,258.73522980910417,22.766999196944813,10
534,259.2805634941163,22.973951363988867,10
535,259.5645973181035,23.089122296107895,10
536,260.11018443840754,22.9699643362723,10
537,260.6558856341601,22.869919767607126,10
538,261.178338701682,22.724885309438957,10
539,261.78975322635154,22.947042420043534,10
540,262.0307363889717,22.981681152921038,10
541,262.51093120897787,23.12712658460722,10
542,262.9475040191796,23.314942287102173,10
543,263.4056723854497,23.445697410591006,10
544,264.01582955929246,23.677421463379147,10
545,264.3646335404718,23.822313776975598,10
546,264.867194053846,23.98883412383507,10
547,265.36886343995997,24.2419552693866,10
548,265.8265871123501,24.43848167866978,10
549,266.43836147476736,24.608651400936505,10
550,267.09273073454864,24.814414765775627,10
551,267.7917899707814,25.003191526808695,10
552,268.2280914208673,25.135603562192102,10
553,268.7530939994091,25.059863129630784,10
554,269.2326739273041,25.01485058290224,10
555,269.82192897210865,24.95774393645545,10
556,270.1716577475126,25.01667223975928,10
557,270.52144662524995,25.123399288115248,10
558,271.0246146611868,25.026605069728816,10
559,271.43902947719874,25.23234663751747,10
560,271.96225385454466,25.102661222822558,10
561,272.3546391804326,25.191215597515807,10
562,272.8150746065537,25.198068147026593,10
563,273.339482099603,25.32173319512873,10
564,273.82030054741665,25.453946679497914,10
565,274.3663313178266,25.45625299675106,10
566,274.7594854766447,25.536917349709775,10
567,275.26079083357166,25.715765177642886,10
568,275.54511214085835,25.7943004773204,10
569,276.0684440785534,25.73824248409417,10
570,276.4620237315578,25.56082523447575,10
571,276.96432000978535,25.625999128641087,10
572,277.37893129947776,25.78565425784895,10
573,277.902559851639,25.973574905106958,10
574,278.29502523561285,26.176680322720692,10
575,279.0588209429273,26.12529635192665,10
576,279.51659471086276,25.91854526533766,10
577,279.8878069693643,25.73296968882978,10
578,280.5638431376984,25.776293032835994,10
579,281.37185060755235,25.788466051417302,10
580,281.8959887397144,25.746934037555096,10
581,282.2011003577521,25.558999636238077,10
582,282.57178508713434,25.677789593985505,10
583,283.03051537621707,25.79540375604416,10
584,283.35781560954587,25.596619168435055,10
585,283.96970306994046,25.641163852303844,10
586,284.44996921874065,25.554751692256303,10
587,284.995518613369,25.8088729475412,10
588,285.2798878744235,25.556017141465624,10
589,285.7809057890635,25.753827885353033,10
590,286.4147459232551,25.973767554259098,10
591,286.96103185744033,25.806481060208174,10
592,287.4195511730294,25.994531527583362,10
593,288.03062455571245,25.94639919806534,10
594,288.79475437842075,25.88828582436837,10
595,289.2315681892942,26.00131813750939,10
596,289.34067973457655,26.018452673488337,10
597,289.93108694251225,25.92640122650685,10
598,290.45482391203416,25.790964816921644,10
599,290.82593593093895,25.596873678575847,10
600,291.393065210358,25.773493766697595,10
601,292.07025105014407,25.746254905247802,10
602,292.5063894021772,25.55090318020666,10
603,293.2704006904909,25.50283503456637,10
604,293.77268639367105,25.696802687173573,10
605,294.3178364386682,25.956166185018162,10
606,294.84257819128004,25.767586694469323,10
607,295.37540881337156,25.970050352518196,10
608,295.8335728943433,25.847451417876073,10
609,296.4881966832451,25.71472602117853,10
610,296.8160558066371,25.503305022254143,10
611,297.33931344364277,25.37182721158635,10
612,297.77622937621055,25.587275941272107,10
613,298.23491877271215,25.73553300261129,10
614,298.75863598438883,26.00374461214155,10
615,299.43507336652004,25.951105776026118,10
616,299.8945639891728,26.097351772648544,10
617,300.3758007758821,26.195865318794738,10
618,300.61585544145026,26.249642572484884,10
619,301.0965754197052,26.491740572619296,10
620,301.5762947903277,26.38388439139097,10
621,302.2312274724442,26.331987576096402,10
622,302.8411586321663,26.260416403137334,10
623,303.47419478223014,26.21180456901386,10
624,304.08520501930377,26.414517553423906,10
625,304.6094112011159,26.524315049542917,10
626,304.9813648258425,26.575924739759635,10
627,305.52746585473113,26.70844910784187,10
628,305.8991650163298,26.82454271258121,10
629,306.5094752093473,27.08282554861494,10
630,307.0338986079946,26.941532817625866,10
631,307.53575464157063,26.987825207545747,10
632,307.9952958205347,26.86787300636901,10
633,308.6070134849098,26.76558508177762,10
634,308.9567637454772,26.904579716446175,10
635,309.4588449461741,27.10249206566304,10
636,309.85246084092324,27.28682270191733,10
637,310.0936512387134,27.344056061509512,10
638,310.74887175345367,27.59181251941456,10
639,311.1423327257793,27.359775292213733,10
640,311.66611090004926,27.480051776977223,10
641,312.08184209839226,27.61904767641052,10
642,312.7152100213457,27.778050593789775,10
643,313.26174472885776,27.925472838559916,10
644,313.89367697209576,27.93017333011868,10
645,314.2423832701037,28.03439857781733,10
646,314.8316675616061,28.135442182034026,10
647,315.11505764374266,27.91520359289782,10
648,315.55064235017323,27.888634785905584,10
649,315.987677674121,28.02728398575512,10
650,316.53410240342464,28.15086717370442,10
651,316.90481412969905,28.341554125227518,10
652,317.1233506761262,28.50286291005191,10
653,317.6473982502432,28.65184641560877,10
654,318.1264316297858,28.834146924595355,10
655,318.47653488936976,28.92601076934184,10
656,318.9137070828484,29.132622645467627,10
657,319.58973271377175,29.13995907626848,10
658,320.0697736948164,29.315806355156777,10
659,320.5504653525792,29.23077829484647,10
660,321.0534358320395,29.37623792019779,10
661,321.7511312440503,29.621582124602053,10
662,322.4047842750032,29.59165444093457,10
663,322.84119804988813,29.537213781717732,10
664,323.2779825785615,29.589321808494496,10
665,323.91089438935364,29.825935436535172,10
666,324.41177483212164,29.735198773137164,10
667,324.8706175516803,29.843010447368922,10
668,325.35042394270454,29.906344128717443,10
669,326.02730103643376,29.900474305689617,10
670,326.48484839991886,29.845886478341225,10
671,327.0741413605118,29.868750065630575,10
672,327.621286072831,29.754266266394847,10
673,328.27571933309014,29.786166532471782,10
674,328.9303910431066,29.8018388148911,10
675,329.58437777721736,29.762252121724575,10
676,330.1750777097248,29.804088943878604,10
677,330.72101551798687,29.966354831603866,10
678,331.4192563174564,30.012129222625237,10
679,331.8119970701062,30.024872952070936,10
680,332.42268018924904,29.961195170546162,10
681,332.8375842864608,29.820014331414374,10
682,333.2519003278169,29.988613202013,10
683,333.5579917518734,30.084781459436616,10
684,334.125384621481,30.318349968583437,10
685,334.40868155422453,30.442061546892507,10
686,334.9555506647594,30.51710740735048,10
687,335.3040704244098,30.635894457353732,10
688,335.82866993290133,30.527574995920773,10
689,336.3973370599898,30.73541276723111,10
690,336.68124834799835,30.889310432564375,10
691,337.358410299256,31.0963927805412,10
692,337.70780381363176,31.002579756538438,10
693,338.318131762005,31.2610403964939,10
694,338.5596070321951,31.275174521781487,10
695,339.03894993737356,31.323141802236872,10
696,339.5847525330595,31.540493984909318,10
697,339.99969104157884,31.546782360808454,10
698,340.63266784814107,31.44099523600857,10
699,341.15722671812557,31.30864930466391,10
700,341.37727998138246,31.387840662522468,10
701,341.79225845517135,31.286274194007405,10
702,342.29481882685906,31.09992493372349,10
703,342.8841563711576,31.021279431452353,10
704,343.51680687865763,30.968867770783675,10
705,344.15055607625607,31.12260063593444,10
706,344.673239172604,31.002729572660904,10
707,345.0883249718759,31.19946641701433,10
708,345.5028629032357,31.127920409417214,10
709,346.0699840531265,31.326626685828757,10
710,346.46254942758634,31.472610176968853,10
711,346.90093837065973,31.59456500271641,10
712,347.2500499716435,31.80094693656842,10
713,347.6434315660322,31.725862262563876,10
714,348.1229521533016,31.569971137792795,10
715,348.5815801347391,31.711979396661594,10
716,349.0613290207557,31.9590898907984,10
717,349.7581191514872,31.988739336540274,10
718,350.39241590765096,32.16056579847581,10
719,351.15743462981175,32.10493414227659,10
720,351.6383980314539,31.981904872010965,10
721,352.00996525870846,32.11384763384082,10
722,352.4910529974081,32.14885948388795,10
723,352.9927408106093,32.4355404242342,10
724,353.5831078325199,32.44374619464693,10
725,353.867406283078,32.52778238892247,10
726,354.43472486769724,32.49464065709397,10
727,355.3072465069738,32.49434507651595,10
728,355.74293713257055,32.60280269223458,10
729,356.20190733069796,32.69544711676251,10
730,356.748085495276,32.52181810300521,10
731,357.18478839739265,32.45301964893202,10
732,357.6878116293036,32.33323319858351,10
733,358.32069775119425,32.53749022846967,10
734,358.75749644898946,32.625134729554986,10
735,359.3900792455598,32.72355096866142,10
736,360.0012883926027,32.92775509450596,10
737,360.6351443229061,33.13079680656855,10
738,361.0734718085997,33.164300412942936,10
739,361.50981264329306,33.363952473402165,10
740,361.9687941612762,33.614617293474936,10
741,362.29520598882556,33.43616561347336,10
742,362.8407805387272,33.32083680539831,10
743,363.2995238591778,33.4754963068744,10
744,363.64925109076694,33.55951986517037,10
745,364.15251918611204,33.59751986301038,10
746,364.58921291912804,33.66808322026209,10
747,365.1132194976424,33.5652200716717,10
748,365.61510764412185,33.49437169771843,10
749,366.1825872445559,33.64842484248707,10
750,366.55372132373776,33.881564680886605,10
751,367.1869911694905,34.070471771788924,10
752,367.53577009080857,33.911366292833904,10
753,368.1246603801343,33.85078713459159,10
754,368.6924843215733,34.03648979256363,10
755,368.99974103589716,34.131604961173714,10
756,369.6989085730419,34.15361777029982,10
757,370.0052377206488,34.1416025339281,10
758,370.42046159888383,34.22570603039885,10
759,370.9674529896029,34.313807151779955,10
760,371.4041829849342,34.46133172615875,10
761,371.9277855971168,34.426782572833936,10
762,372.387759102903,34.47679417183701,10
763,372.9116693384682,34.49054664598279,10
764,373.69674113798476,34.39768497357764,10
765,374.22104942990717,34.27514130502285,10
766,374.7029945397533,34.30090554452101,10
767,375.2268450626751,34.466033213753185,10
768,375.66403700638614,34.40020342920914,10
769,376.3619107331618,34.67424540465095,10
770,376.842847234217,34.849888115629895,10
771,377.27968538509225,34.74330345641578,10
772,377.95529293216583,34.656844996636174,10
773,378.1741873901532,34.77892132470203,10
774,378.6990785591881,34.881436726817896,10
775,378.96253291421334,34.91342838653449,10
776,379.4870229089021,35.04333787986564,10
777,380.01072379903337,34.94132638799491,10
778,380.6219380411518,34.80528612961358,10
779,381.16775764919305,34.67061604355961,10
780,381.7584919865811,34.688369281790216,10
781,382.45674622445574,34.542013677975106,10
782,383.04600884481135,34.49401026055036,10
783,383.54815881212295,34.68588152148105,10
784,384.0729320245608,34.63841143701718,10
785,384.55249526387684,34.7949724576155,10
786,385.27288736192196,34.675214460792965,10
787,385.79611242041295,34.85063188611402,10
788,386.4083060396847,34.78194179035677,10
789,386.9538427796425,34.71190102101593,10
790,387.5653050697782,34.58638731548312,10
791,388.08984912253396,34.45512872646029,10
792,388.65694339420224,34.33241357990018,10
793,388.9188913186807,34.46622498350528,10
794,389.5951476084142,34.445125991683746,10
795,389.9448103610152,34.532606207899875,10
796,390.4244277302543,34.41531853903265,10
797,390.9271640731387,34.47961066644928,10
798,391.2324932797663,34.61774500378628,10
799,391.6048474205238,34.81090726432487,10
800,392.17211440551245,34.87933412561318,10
801,392.717792571919,34.917671945770635,10
802,393.13268019194584,34.86347831516413,10
803,393.9177302795307,34.77366211305183,10
804,394.3328292943044,34.88828389309465,10
805,394.7251714029072,35.00444268827437,10
806,395.18310041644435,35.0136136711042,10
807,395.72892333729686,34.91408978471676,10
808,396.296515459242,35.020447062937166,10
809,396.92949205710113,34.982545798351296,10
810,397.3882345443762,34.967944682697905,10
811,397.9118375077256,35.14666689649935,10
812,398.3051904226415,35.288909745072985,10
813,398.6985826933046,35.08071158759646,10
814,399.2887411783815,35.039381169374764,10
815,399.83431823162897,35.033780512367755,10
816,400.68489106724303,35.01584556282329,10
817,401.0352451040976,35.16533437472123,10
818,401.58170879267504,34.92922215137301,10
819,401.91002379517886,35.02936052113287,10
820,402.23765587452885,35.16220122030974,10
821,402.6741635896218,35.13258754583426,10
822,403.0016229299863,35.015565925129664,10
823,403.525058150183,35.1912032874456,10
824,403.85252386704644,35.20080035069023,10
825,404.3108744749493,35.40491931523507,10
826,404.57410912663704,35.43492185331316,10
827,404.9660711376011,35.30966986161121,10
828,405.4469472510843,35.224910760099895,10
829,405.950160735987,35.45634098908862,10
830,406.56169421539414,35.287022306196434,10
831,407.08536129878416,35.45441960835556,10
832,407.4797816698768,35.62808927853298,10
833,407.9162072250293,35.614167608564784,10
834,408.6146354924378,35.56356132165266,10
835,409.0073413469519,35.61464481772948,10
836,409.5314319827986,35.57714187007214,10
837,410.12139483883146,35.36345374940423,10
838,410.6876330211054,35.37633164582845,10
839,411.2341730054066,35.53603375908698,10
840,411.84576620535665,35.55024098875823,10
841,412.36917414625475,35.37099478122028,10
842,413.0243607414626,35.27012533285335,10
843,413.65814429957965,35.18175815590265,10
844,414.20356527855864,35.13091042353634,10
845,414.7489788801531,35.26730989784723,10
846,415.3606859800875,35.33308567927538,10
847,415.90659908294253,35.517751310264465,10
848,416.6268525867942,35.48489529144687,10
849,417.17256668872807,35.60921512058533,10
850,417.63070992078826,35.51437479690777,10
851,418.3297338917338,35.40255538312296,10
852,419.0051791649451,35.37562122158409,10
853,419.57187532728665,35.377186548622724,10
854,420.03276880481707,35.48202101217319,10
855,420.73125968420345,35.43390903258866,10
856,421.0818035285515,35.59097952784235,10
857,421.3871870014624,35.37538611894239,10
858,421.95427203039753,35.452050700025346,10
859,422.65293003866265,35.32958597994331,10
860,423.066633754904,35.34180675422231,10
861,423.74251135172227,35.25291426593291,10
862,424.047937600188,35.22554256591878,10
863,424.48555191578237,35.29339709752375,10
864,425.03159281771684,35.25792311162411,10
865,425.55644677144863,35.39805498733539,10
866,425.88392126513907,35.42552626971489,10
867,426.16773798316507,35.33700118802252,10
868,426.67116830962215,35.523311551173876,10
869,427.1724444675239,35.78400650361253,10
870,427.7187720925129,35.695651753130505,10
871,428.4164215438579,35.71770212709363,10
872,428.87462853229573,35.81370569447543,10
873,429.6387461767807,35.83563328292505,10
874,430.11867668264074,36.02785326370706,10
875,430.6861116028763,35.93531719909873,10
876,431.0144391975755,35.75113555161061,10
877,431.5819610925475,35.73254110536649,10
878,432.17226583030777,35.541425966125054,10
879,432.7621324920089,35.75047018898145,10
880,433.1774408498753,35.658636732752555,10
881,433.5714914314917,35.70742713821075,10
882,434.269928987486,35.56494449491443,10
883,434.88090239014434,35.491213739626225,10
884,435.360874668793,35.325063912289885,10
885,435.6886588668447,35.4493254678663,10
886,436.10339796998295,35.31235496334144,10
887,436.8456406609231,35.261605187366996,10
888,437.52198950062467,35.29293850709612,10
889,437.98089575389724,35.463665995137234,10
890,438.41737910555605,35.31400479908292,10
891,438.8974862414522,35.12838859385529,10
892,439.20332911066936,35.22170278389075,10
893,439.92240045601176,35.1069559008243,10
894,440.0981108409502,35.18446561536899,10
895,440.3604358258879,35.224494373008646,10
896,440.9285384327908,35.354701047160994,10
897,441.62712459235144,35.30943240302318,10
898,441.9112870839729,35.55292300451044,10
899,442.4570617845672,35.557549353753366,10
900,443.1552988150762,35.53491686998806,10
901,443.63512966778706,35.56669126016173,10
902,443.8968617533634,35.72747363472207,10
903,444.31204527015655,35.588685676264625,10
904,444.87927456234064,35.48811794175312,10
905,445.35944673054973,35.48925864473052,10
906,445.9486817996288,35.24805888783716,10
907,446.6036023834492,35.139210476051865,10
908,447.1498771060001,35.344419498884015,10
909,447.6959994682808,35.232546337627454,10
910,448.3071336319167,35.210537533527045,10
911,448.9838612630645,35.24140959359995,10
912,449.52917885768295,35.17874336329644,10
913,449.98802325891995,35.227038205736996,10
914,450.7293848246498,35.23307348698859,10
915,451.3618179676341,35.103997910345896,10
916,451.77773234148947,34.949965385957164,10
917,452.40962315477816,34.78856449367987,10
918,453.0008075824436,34.75381001403738,10
919,453.45952686909203,34.81260879928442,10
920,453.9190162731944,34.62753369912872,10
921,454.4648854839514,34.704899826625656,10
922,454.98826056219303,34.594167657525205,10
923,455.7088740787025,34.53057866299015,10
924,456.0147946696428,34.50096818698051,10
925,456.6691198667565,34.536916789608846,10
926,457.30205943850535,34.42960976144368,10
927,457.93629252877145,34.59279915007769,10
928,458.4596968415029,34.43682043109501,10
929,459.04963115019166,34.673854929848694,10
930,459.5510228694364,34.6108725325185,10
931,460.27126251926774,34.778512537249824,10
932,460.57763819579304,34.607529608241,10
933,461.21068661760637,34.46884605337897,10
934,461.82148874963485,34.5763282766765,10
935,462.5189708532381,34.64811939562372,10
936,463.04309578802804,34.75558512563311,10
937,463.63179432383265,34.85570569617321,10
938,464.15650748545534,35.086249663170506,10
939,464.83337243794114,35.04679630408843,10
940,465.3360558447069,35.17833709978469,10
941,465.8164934923576,35.23216683343665,10
942,466.1890890216979,35.24834356103249,10
943,466.6255465503864,35.40296736947214,10
944,467.3889841146441,35.48678637555445,10
945,467.7169048953002,35.36624510295044,10
946,468.3499953067091,35.33113838458585,10
947,468.6127650421651,35.4058143301778,10
948,468.93972136826085,35.39280498321997,10
949,469.33347348529895,35.540383766320744,10
950,469.8581274348393,35.635132431790815,10
951,470.3602701179361,35.61306805817518,10
952,470.94940957248326,35.543939029350994,10
953,471.2999315305968,35.48061279079626,10
954,472.08531625973393,35.42029513940411,10
955,472.5883255527445,35.47755139208096,10
956,473.0909270365104,35.65160292863975,10
957,473.4623160785897,35.788644770069276,10
958,473.9235710910699,35.546279010549284,10
959,474.4907405151989,35.53288617391316,10
960,474.97202198636967,35.40308209390739,10
961,475.3431836325606,35.32074443043447,10
962,475.71421191816336,35.383381668953916,10
963,476.28114195856534,35.2907024315463,10
964,476.87086631706626,35.27336751529102,10
965,477.52570414118446,35.24939862940066,10
966,478.02709753643995,35.11566387212573,10
967,478.46468629338113,35.22063769759028,10
968,479.0750298905039,35.161954116717325,10
969,479.38117262661433,35.20975432556266,10
970,479.97048999288,35.25958916624916,10
971,480.3638360209305,35.23895181182957,10
972,481.0617864389036,35.079046742172125,10
973,481.6506587957832,35.037077293346904,10
974,482.283187547601,34.91939043390484,10
975,482.96043894284685,34.87812568956669,10
976,483.65898050385204,34.791302415188646,10
977,484.35728661877226,34.75707106356048,10
978,485.05714620105573,34.73316435335779,10
979,485.5372883701474,34.71348363386125,10
980,486.06136714960604,34.735501289070484,10
981,486.4973292883912,34.68250090358998,10
982,487.1076874947313,34.68997842352552,10
983,487.56616104315196,34.72635857059712,10
984,488.133628973111,34.596524786166384,10
985,488.74431560496544,34.7905405289407,10
986,489.3779628443834,34.96331814455169,10
987,490.0988583841757,34.99410437426036,10
988,490.68755618076466,35.03968500725802,10
989,491.2785856624238,34.80296244505299,10
990,491.7813044577808,34.668886330215756,10
991,492.63207565729874,34.67229755473275,10
992,493.3737606179232,34.69345139508445,10
993,493.941781322318,34.71257413425394,10
994,494.29090790952995,34.75582455113927,10
995,494.8363278524172,34.58307880159132,10
996,495.40373661046425,34.48895328579907,10
997,495.8192738752383,34.70046985433976,10
998,496.27799877831785,34.5073488307229,10
999,496.80237533572773,34.40745717726129,10
1000,497.3048919050942,34.2780680300589,10
1001,497.6540269795655,34.0605551705814,10
1002,498.11321086958577,33.81073057413205,10
1003,498.7463092975089,33.70925664797739,10
1004,499.13925440936384,33.69693435948514,10
1005,499.4886226085341,33.486573769188105,10
1006,500.12295770341706,33.67975085283713,10
1007,500.6903407891217,33.942427589062625,10
1008,501.1719259000646,34.10173300918327,10
1009,501.5654142662871,34.15188578507004,10
1010,502.1762440056894,34.0081308328347,10
1011,502.6335526705977,33.87697368237934,10
1012,503.04787132404516,33.84664631928725,10
1013,503.74651386812866,33.79616487376311,10
1014,504.2260945324462,34.03329918866898,10
1015,504.53143647760845,34.167627565392344,10
1016,505.1201332659572,34.16761632802271,10
1017,505.7315387570563,34.00466891207535,10
1018,506.1903526628904,34.165875374966745,10
1019,506.91241137006216,34.169808923591305,10
1020,507.4579289313545,34.315095108905616,10
1021,507.87340886155937,34.053174018072696,10
1022,508.2442417796836,33.91340676055851,10
1023,508.76812902302555,34.007762651403134,10
1024,508.943472588589,34.09362955714627,10
1025,509.4231072554685,34.01370316018448,10
1026,509.7946962894497,33.88449373351307,10
1027,510.29753825900343,33.98497379463425,10
1028,510.8653874862406,34.093020192953695,10
1029,511.3009098699363,34.28784150449566,10
1030,511.7165019570258,34.41701490360044,10
1031,512.3270452771991,34.43699426912455,10
1032,513.0251029166752,34.47782872380289,10
1033,513.3317111148482,34.53817060421637,10
1034,513.9203407594453,34.495798861103864,10
1035,514.6188829869409,34.39971799054874,10
1036,514.9894187114377,34.5695969787258,10
1037,515.53498956617,34.77744958627954,10
1038,516.2112551769098,34.9177566076736,10
1039,516.5389790113636,34.88861747871059,10
1040,517.0622787369455,34.86169698793033,10
1041,517.5438053431828,34.701458485355865,10
1042,517.9804861968355,34.700918748244526,10
1043,518.1557775154268,34.811610752927635,10
1044,518.8317419241878,34.79480925287874,10
1045,519.3997841320277,34.726825366957016,10
1046,519.8583172326219,34.90378714233405,10
1047,520.49122716756,34.85136687923355,10
1048,521.0153833969882,34.890957122400344,10
1049,521.7139110711548,35.09784123913036,10
1050,522.3466416939348,35.22215697738655,10
1051,522.9364106433918,35.07477758284346,10
1052,523.3304357511322,34.89678033599902,10
1053,523.765813249426,34.820300970491175,10
1054,524.1586954006481,34.738555315450654,10
1055,524.6833943272146,34.64743428247202,10
1056,525.1198283870002,34.737125248506295,10
1057,525.6889258610179,34.600326211538196,10
1058,526.2560100078524,34.56163353019937,10
1059,526.5626803241839,34.410235188434946,10
1060,526.998686090545,34.45476815302347,10
1061,527.4570562813053,34.35916434568166,10
1062,528.1116768990952,34.29674727283218,10
1063,528.6359111397594,34.437429148706094,10
1064,528.9639210835728,34.3762400633197,10
1065,529.5085192466419,34.56605125428199,10
1066,530.076827501683,34.56057495962127,10
1067,530.4696413865365,34.313653509086116,10
1068,530.9723424567386,34.23099305504199,10
1069,531.4308197088662,34.47976620138361,10
1070,531.8248909788923,34.72752463083621,10
1071,532.4790417280344,34.68855401263671,10
1072,533.1554610045466,34.58564845069811,10
1073,533.701245750327,34.85411839208416,10
1074,534.0088368402581,34.826495903461456,10
1075,534.4893203825318,34.93196982627865,10
1076,535.0351547247739,34.90601648145103,10
1077,535.384623627286,34.90640188664947,10
1078,535.9524924136343,35.08372636260012,10
1079,536.3240027171922,34.91446007483276,10
1080,537.0000161399126,34.89718459722137,10
1081,537.6553783993053,34.87825994349294,10
1082,538.2227162032318,34.85095482513247,10
1083,538.9005376952892,35.020814100274336,10
1084,539.2935398161372,35.10603778387757,10
1085,539.7312300391379,35.25203097823,10
1086,540.2118048504502,35.05054437427223,10
1087,540.5611838106505,35.07848566030947,10
1088,540.8692957690162,35.21806263530556,10
1089,541.3718341142667,35.356961629117805,10
1090,541.7654837007451,35.283306492738774,10
1091,542.2454156671745,35.219353272216,10
1092,542.5950391351234,35.0700085227961,10
1093,543.2279490187341,35.247882311488276,10
1094,543.8606627065385,35.08777491556333,10
1095,544.2533391405817,35.05855528835121,10
1096,544.625514071761,35.14391264736866,10
1097,545.1495285365311,35.14926141399256,10
1098,545.7819870558529,35.12087797449816,10
1099,546.3284312201883,34.95612903240327,10
1100,546.7860765854447,34.9050287999284,10
1101,547.3542062896968,35.03720417489548,10
1102,547.8772718073162,34.91341572535775,10
1103,548.531802982985,34.79310308633231,10
1104,548.968466467215,34.756983577132075,10
1105,549.3614893970882,34.61073621459736,10
1106,549.8199074598917,34.77658291003636,10
1107,550.2565942675467,34.82494469345497,10
1108,550.932899922533,34.863270948964384,10
1109,551.3044867811452,35.08881705387098,10
1110,551.8297599617714,34.98270637776054,10
1111,552.4184197134189,34.88184125188055,10
1112,553.2039340616482,34.91305916408698,10
1113,553.8796429654983,34.98452261594953,10
1114,554.2078964862286,34.991380284919835,10
1115,554.9714980272082,34.910229525034424,10
1116,555.408505297464,35.0322683125981,10
1117,555.9971018917935,34.960876748129216,10
1118,556.5211979521158,35.11440740434914,10
1119,557.2195312385783,35.203715252320805,10
1120,557.6560964161272,35.07617118499731,10
1121,558.1804901529174,34.868931520317034,10
1122,558.6384236788623,35.156478041063046,10
1123,559.140373448681,35.001045113898925,10
1124,559.75099333157,35.15032891576086,10
1125,560.3198080857499,35.13203686067307,10
1126,560.9529402927321,34.98597986512716,10
1127,561.3895104316715,34.79890167705818,10
1128,562.0231212108944,34.790907067399225,10
1129,562.657176536397,34.80370891077509,10
1130,563.0716970142746,35.01279524412378,10
1131,563.3990307772614,34.92532204285549,10
1132,563.946213774003,34.71974306858719,10
1133,564.5567513124525,34.49568386121031,10
1134,564.9728592384131,34.64813633760574,10
1135,565.5391746377823,34.516767617693944,10
1136,566.1072637501272,34.730841740750456,10
1137,566.7401345815726,34.59380096650095,10
1138,567.1566425040794,34.57420498953798,10
1139,567.5711470819313,34.7119561969742,10
1140,568.0080516801993,34.96888477314858,10
1141,568.4011934506177,34.854902011304596,10
1142,568.9248024486167,34.926212111055115,10
1143,569.3617626558694,34.72617202636014,10
1144,569.9938838222868,34.646322776716616,10
1145,570.2348596664301,34.716755257338455,10
1146,570.8668844922713,34.906375037809774,10
1147,571.3263901229493,34.86527707668227,10
1148,571.9811586672065,34.8574633646028,10
1149,572.7451628681854,34.8247903555989,10
1150,573.4652312196182,35.03064412451327,10
1151,573.7720382876912,35.27052983316787,10
1152,574.1654592606466,35.38492241086888,10
1153,574.7327891210869,35.56202724295079,10
1154,575.1474030938189,35.51075482054294,10
1155,575.8676999823012,35.42643244112313,10
1156,576.3055369876929,35.46888939167729,10
1157,576.8727959559122,35.44156822209281,10
1158,577.1785799904111,35.61635142804267,10
1159,577.7026521745863,35.61740545799981,10
1160,578.226108810466,35.608871712046955,10
1161,578.7055971564803,35.570786759543005,10
1162,579.2958817075956,35.45262522991786,10
1163,579.7981949581991,35.285552459531495,10
1164,580.3877963779377,35.076797406483685,10
1165,580.8239894519885,34.94796922555106,10
1166,581.3478835637309,34.83730382818828,10
1167,581.7190741457036,35.01694267749709,10
1168,582.2202014216646,34.99980991086188,10
1169,582.7006320819976,35.072508710092805,10
1170,583.3112623663158,35.212590477734615,10
1171,583.6600527463878,35.23767717573132,10
1172,584.1841657922346,35.14883678902365,10
1173,584.4689320675836,35.34430660683057,10
1174,584.9919850075687,35.306321227087686,10
1175,585.4498730286715,35.229065692158414,10
1176,585.8652708517226,35.07339704922118,10
1177,586.3672575702986,35.02306776081834,10
1178,586.9997435756482,35.25355571599837,10
1179,587.4796378526585,35.3256283584152,10
1180,587.982874666209,35.450324633640264,10
1181,588.6809777820998,35.50042465151145,10
1182,589.0088202499556,35.523524167016404,10
1183,589.5340607049386,35.44937413084457,10
1184,589.9712120467218,35.4917167227865,10
1185,590.3213750809548,35.44395256519746,10
1186,590.9554267712743,35.439140042978984,10
1187,591.4590291833013,35.394213005509265,10
1188,592.0913307912382,35.40300991668706,10
1189,592.7031944686731,35.41520512403407,10
1190,593.2269730336934,35.68297494144338,10
1191,593.7507553019548,35.51957097724595,10
1192,594.3612656268411,35.312435630862645,10
1193,594.9078486564935,35.38666497620874,10
1194,595.6066576200913,35.3329223885677,10
1195,596.3271724634672,35.461311410811376,10
1196,596.9602283058624,35.31374143456091,10
1197,597.5720722420347,35.32610886011452,10
1198,598.1179225528365,35.4307189937527,10
1199,598.5112322813281,35.56469912740305,10
1200,598.7740140368476,35.65486817125174,10
1201,599.5370992079012,35.68716285092517,10
1202,600.1275625041097,35.55977024348059,10
1203,600.7172043404349,35.46241362554378,10
1204,601.2849168572557,35.57824823116213,10
1205,601.7215444160524,35.640530752074376,10
1206,602.1371750941342,35.63203761745989,10
1207,602.8571303464321,35.68835672539778,10
1208,603.4677469736416,35.65874802104399,10
1209,603.9910813992525,35.65426230912213,10
1210,604.5366157707318,35.78927714817206,10
1211,605.0168725512505,35.66342408121331,10
1212,605.4097719095348,35.88538319353684,10
1213,605.9770082971269,35.83471270840951,10
1214,606.3708116920795,35.93638273800153,10
1215,606.9386793975148,35.775124739768835,10
1216,607.288341936882,35.822264315930326,10
1217,607.7696427429439,35.66930760777814,10
1218,608.2061118574356,35.5848483021083,10
1219,608.8823595780649,35.524111429108196,10
1220,609.6036319057399,35.41157474407766,10
1221,610.0401789935512,35.17667269449019,10
1222,610.3020746356956,35.09991485624343,10
1223,610.9119746962652,35.127237331272454,10
1224,611.2604128301965,35.07846080381866,10
1225,611.7408961000157,35.232857516684746,10
1226,612.1990990281835,34.99582660206154,10
1227,612.8108824260303,35.107222779921486,10
1228,613.3582629302898,35.28403137611691,10
1229,614.2312812632233,35.28392593389983,10
1230,614.5809305777158,34.97495814793663,10
1231,614.8869738392208,35.105197173196814,10
1232,615.5426251722852,35.055870256608934,10
1233,615.9144607373149,35.0078177353408,10
1234,616.5905607251252,34.955282634348876,10
1235,616.9402460008852,34.95681417653258,10
1236,617.7257672694546,34.89829999512784,10
1237,618.1183315284588,34.96374513650715,10
1238,618.5768531934915,35.07535802871966,10
1239,619.0134738323718,35.27651593629677,10
1240,619.7987114474307,35.319939280344165,10
1241,620.3221321633537,35.18799674224091,10
1242,620.8676881144036,35.07386534687258,10
1243,621.5219275379121,35.04183785824859,10
1244,621.9813279184215,35.002236247012426,10
1245,622.5263165521479,35.24436165483117,10
1246,623.093894493666,35.41184878736545,10
1247,623.8351405001575,35.36698530440721,10
1248,624.5345715761139,35.25365134953009,10
1249,625.1461244814194,35.13465679028962,10
1250,625.496268542581,35.296004506413276,10
1251,625.8463059156566,35.29658901275697,10
1252,626.348611221496,35.28629544852005,10
1253,627.0478707496674,35.244946593146025,10
1254,627.8331606382181,35.28072666459275,10
1255,628.2481462355432,35.28004221137739,10
1256,628.8804363242114,35.23893706650593,10
1257,629.2517247439032,35.26617693769286,10
1258,629.8419746338188,35.454297577809115,10
1259,630.5179643168997,35.6534413146946,10
1260,631.0196818934771,35.719886821343884,10
1261,631.456037104016,35.76398930056393,10
1262,631.9579038323175,35.76240437378617,10
1263,632.5481196358535,35.72745313560194,10
1264,632.9843669965184,35.65906881533241,10
1265,633.6824684898921,35.69225485608216,10
1266,634.1413742102617,35.55494160378512,10
1267,634.6864927857721,35.661477405067856,10
1268,635.1893468568051,35.81539148060816,10
1269,635.8868988944929,35.767169308459835,10
1270,636.3896725256931,35.67649956366441,10
1271,637.1536750803679,35.698383348858016,10
1272,637.5043010724495,35.792552539000724,10
1273,638.115662286151,35.913696327131234,10
1274,638.6193922829361,35.90539588085653,10
1275,639.1649809633712,35.948927776810145,10
1276,639.7762188525426,36.15681070560028,10
1277,640.0604131526597,36.25939674853379,10
1278,640.6922040176161,36.21642057660396,10
1279,641.1296206585433,36.34350974655107,10
1280,641.6321191166448,36.34188349400261,10
1281,642.2005513038705,36.24406295541954,10
1282,642.8768749467215,36.22259548584899,10
1283,643.2720046194478,36.256319203573426,10
1284,643.8824467231431,36.32043625309418,10
1285,644.5156906467683,36.29680767461405,10
1286,645.21519535942,36.16609315956229,10
1287,645.9358947653976,36.42171634517832,10
1288,646.3066126316842,36.46625134441423,10
1289,646.9170237320407,36.5864781629781,10
1290,647.3525798478333,36.531762494094615,10
1291,647.7682518245406,36.73025074604601,10
1292,648.1172830453454,36.84223311518328,10
1293,648.7496405768809,36.66865359292645,10
1294,649.3395809905101,36.95799940043766,10
1295,649.9505311651466,36.957358797213594,10
1296,650.605770542887,36.970947205986995,10
1297,651.3261755925989,36.99182047870709,10
1298,651.871620255437,36.92122632621165,10
1299,652.3071475615856,37.05069692608864,10
1300,652.7867176677431,37.18779022417585,10
1301,653.3330096050412,37.2655046631893,10
1302,653.6166183410851,37.114965081883426,10
1303,654.0536583938007,37.230345005549744,10
1304,654.7304427733986,37.158909919883435,10
1305,655.1248707667021,37.00168379662763,10
1306,655.6710012734356,37.19737324566244,10
1307,655.9772426917764,37.07001602700762,10
1308,656.5670494673694,37.0124567934275,10
1309,656.8505357066354,37.13473008979727,10
1310,657.244160899502,37.231121663892765,10
1311,657.8332863786751,37.49013891350793,10
1312,658.336313036225,37.55399071050526,10
1313,659.0344395244613,37.51711844731992,10
1314,659.5150444715305,37.567514426486014,10
1315,659.8873962373782,37.51882210355123,10
1316,660.4113908785939,37.66190419919793,10
1317,661.0007316216362,37.72710508474592,10
1318,661.5683400362976,37.649415807325205,10
1319,662.0261680318588,37.823634306480784,10
1320,662.5500267710553,37.70999488606158,10
1321,663.2049044525245,37.75913034671754,10
1322,663.8375708722898,37.7363465367003,10
1323,664.0561702021766,37.894299212733465,10
1324,664.6455970332441,37.85159063885456,10
1325,665.1691647590217,37.97254770219329,10
1326,665.4533387947024,38.07268874200163,10
1327,665.9781901963195,38.170394614165005,10
1328,666.5901023808697,38.40238751999772,10
1329,667.1362054988705,38.27570627750599,10
1330,667.4849894668293,38.53664289035971,10
1331,667.8783243021808,38.445283870746856,10
1332,668.4022695401989,38.417311448345764,10
1333,669.0568823898674,38.61096681157804,10
1334,669.2109643565555,38.75182718298757,10
1335,669.473211325387,38.64814804181854,10
1336,669.7131697377388,38.593758771256326,10
1337,670.4333044252097,38.52563068343711,10
1338,670.8932781310807,38.693214128672636,10
1339,671.4396032489778,38.606748663120875,10
1340,672.07174384878,38.50048089523371,10
1341,672.5962548340875,38.371980365033295,10
1342,673.1414207056575,38.51292997342503,10
1343,673.3181146712287,38.47406717839797,10
1344,673.9070596982801,38.37038302141756,10
1345,674.0395604797901,38.40237297802585,10
1346,674.5850113644267,38.50443588933695,10
1347,675.0446746385799,38.576819690072064,10
1348,675.6990269142195,38.62396953743832,10
1349,676.0940359361923,38.8328204020344,10
1350,676.7268536533134,39.074181025807114,10
1351,677.1204652713034,38.84206542746307,10
1352,677.5565876708133,38.83220851180367,10
1353,678.188261155916,38.69826890796037,10
1354,678.7340876166124,38.76879487043597,10
1355,679.3445213425406,38.984419105903804,10
1356,679.8673887805205,39.07524653122178,10
1357,680.2168742762161,39.10113377760893,10
1358,680.5887039238378,39.16422188068092,10
1359,681.2870459684119,39.12258568691731,10
1360,681.8127840544635,39.084268874572686,10
1361,682.5114318813128,39.036636480333016,10
1362,683.0794036761434,39.02555467429045,10
1363,683.6691958197819,38.8098983614104,10
1364,684.2806960394926,38.71824337998656,10
1365,684.9349049026389,38.796144803379924,10
1366,685.6766612454921,38.68041830202284,10
1367,686.0911207523629,38.70717363767522,10
1368,686.6586522322771,38.55558304015941,10
1369,687.0959895992227,38.55752767508746,10
1370,687.6200628788298,38.391267996477985,10
1371,688.1223996901414,38.369231435500396,10
1372,688.6465520560935,38.31188846444347,10
1373,689.3444943640565,38.298190584048356,10
1374,690.0001479673796,38.20344032517864,10
1375,690.5029919046626,38.31765542663917,10
1376,690.8953532390366,38.366131383131425,10
1377,691.4835652083965,38.33217003190601,10
1378,691.8755808443817,38.20964022596375,10
1379,692.4652468726426,38.293971290229315,10
1380,693.0102256297253,38.32960491542477,10
1381,693.5777726074336,38.173521544121336,10
1382,694.1243206929244,38.18666370203279,10
1383,694.7580813793755,38.30479190103555,10
1384,695.1067660040713,38.17642431167441,10
1385,695.8277399522713,38.15647876285562,10
1386,696.5699181847732,38.38086272938855,10
1387,697.006010015715,38.1767168708458,10
1388,697.7910785952765,38.18414115806181,10
1389,698.3152935822252,38.199198598578256,10
1390,698.9266507827367,38.435900969608355,10
1391,699.3626636386978,38.48261296151171,10
1392,699.8206060045203,38.535394770678664,10
1393,700.3675890951843,38.65278829708904,10
1394,700.978515557334,38.80198328363472,10
1395,701.24161979305,38.79752115705805,10
1396,701.854633133475,38.68627767898413,10
1397,702.4439657961718,38.97351295545639,10
1398,703.1654143869639,39.15104396544706,10
1399,703.8408809004652,39.15530406721715,10
1400,704.1900259494273,39.04542804698837,10
1401,704.6925239919167,39.10365522789697,10
1402,705.2379245759673,39.19397779673287,10
1403,705.6308232602912,39.42626208320551,10
1404,706.177734945687,39.453284320451104,10
1405,706.7667346386028,39.59632472794433,10
1406,707.2473787034942,39.73884219798983,10
1407,707.6186492853111,39.925266402999924,10
1408,708.2954240546626,40.037071962424356,10
1409,708.7535286628399,40.279711090482344,10
1410,709.1024988469449,40.43527779077454,10
1411,709.4962497318113,40.457020378552215,10
1412,710.0852178733511,40.60897830699439,10
1413,710.6305627129476,40.78374231685901,10
1414,711.1755262987338,40.56067661107896,10
1415,711.6777300731908,40.73851483312897,10
1416,712.2010873459596,40.74200646234621,10
1417,712.7037289137149,40.61766312931123,10
1418,713.3156267067909,40.64530597431813,10
1419,713.6652912532242,40.62425174301926,10
1420,714.299011063774,40.787958723263756,10
1421,714.9311228629599,40.78498473396879,10
1422,715.5642418162339,40.651907951708125,10
1423,716.2413949281982,40.59485295563232,10
1424,716.6349460267932,40.45255270560366,10
1425,717.224700299666,40.62586590163696,10
1426,717.6618655406813,40.83323817749279,10
1427,718.2072761251922,40.85114792583639,10
1428,718.6011123755247,40.85620128905354,10
1429,719.2123774860614,40.80418433705733,10
1430,719.801449687398,40.79166992558851,10
1431,720.3471824601319,40.73604830015578,10
1432,720.7181544648739,40.65586908366558,10
1433,721.1549803306605,40.59449831531107,10
1434,721.5915100552556,40.326577459962635,10
1435,722.2022581373542,40.41941498009087,10
1436,722.4858957854811,40.628919701508835,10
1437,722.879378974823,40.86386491968608,10
1438,723.5562234603019,40.79509643719931,10
1439,724.1452459042224,40.98088261199993,10
1440,724.4945698553025,40.964599186506284,10
1441,725.0830576395003,40.846828464382234,10
1442,725.6076824960279,40.91506748784135,10
1443,726.262170521524,40.99545556801276,10
1444,726.7644389873228,40.93839319617112,10
1445,727.1567534340215,41.018174702851695,10
1446,727.6596985707458,41.09020845283555,10
1447,728.4447498967673,40.973817597388546,10
1448,728.7727511104974,41.18134927803986,10
1449,729.0350324919243,41.11184718053628,10
1450,729.5808293524512,40.926842448335954,10
1451,730.0612346836303,40.70523871259452,10
1452,730.668344405573,40.68278370173345,10
1453,731.3020713368193,40.54238670313948,10
1454,731.672476554718,40.463087800306475,10
1455,732.1091766616325,40.69726895204258,10
1456,732.4592135007011,40.816218747073925,10
1457,732.8955114737581,40.781422472024296,10
1458,733.4623459593928,40.75242276446149,10
1459,733.987156302345,40.89032204837457,10
1460,734.489374587318,40.81643568921551,10
1461,734.7949914482433,40.96581045878271,10
1462,735.3624390651046,41.096863286172706,10
1463,735.9728286297322,40.99046636245499,10
1464,736.6285601273598,41.15286983096763,10
1465,737.130458392428,41.21811860890475,10
1466,737.372487750925,41.34139297423495,10
1467,737.896622626721,41.47027097269132,10
1468,738.5086230181814,41.685881241407444,10
1469,738.9888084306409,41.757564566747966,10
1470,739.5135456943905,41.71468577441291,10
1471,740.0156845199564,41.88310403522043,10
1472,740.3874871308834,41.70604239359378,10
1473,740.8463794968178,41.63560064399256,10
1474,741.4356857010569,41.8679892431179,10
1475,742.0461363807916,41.97618795015554,10
1476,742.5702941975936,41.98642196903366,10
1477,742.9416101914653,42.063434001531185,10
1478,743.4218618345406,41.87793135169433,10
1479,744.0104018135182,41.82542476403881,10
1480,744.6645624956309,41.783887041273445,10
1481,745.0154101758937,41.92580742451515,10
1482,745.5597869428194,41.80254153962182,10
1483,746.1048537820287,41.73551913366143,10
1484,746.5216184294655,41.703899507287694,10
1485,747.0673162968764,41.4274107969619,10
1486,747.6572680213337,41.346335532496276,10
1487,748.2253446949115,41.20097797997768,10
1488,748.4663284808372,41.21761079261573,10
1489,749.0346519689565,41.248852275836434,10
1490,749.4059919035627,41.13639775430269,10
1491,749.6248018148483,41.172165732662485,10
1492,750.171687840211,41.14122424133894,10
1493,750.8050546801487,41.06635050745529,10
1494,751.4592956358267,41.012526625371635,10
1495,751.9186774255238,40.91994042472758,10
1496,752.4423654244217,41.06084975155855,10
1497,752.9021799308468,41.294728166374036,10
1498,753.5125551871304,41.52105795144874,10
1499,754.0378564623542,41.5236747899252,10
1500,754.3652446913654,41.55158349045725,10
1501,754.6711048756599,41.60701324831527,10
1502,755.4349997649365,41.55708611773823,10
1503,755.9172176449263,41.58802513843624,10
1504,756.2660130782442,41.45387848625558,10
1505,756.8550147700622,41.26280121333783,10
1506,757.2713083648553,41.017774446028106,10
1507,757.9044763378868,41.188803573091775,10
1508,758.4508028291729,41.00751137462942,10
1509,758.9743496057597,40.882715993793575,10
1510,759.4329229621773,41.07482971161805,10
1511,760.1314738855594,41.024987555380655,10
1512,760.6548850908389,41.035897434305674,10
1513,761.2884130430646,41.21227170287427,10
1514,761.639425134305,41.35765913072617,10
1515,762.1621551334781,41.23775945632225,10
1516,762.816135659711,41.35235384038706,10
1517,763.1657614636874,41.141214069916195,10
1518,763.7557014170283,41.22889246515168,10
1519,764.4988670900468,41.188925705449606,10
1520,764.935714805265,40.97315645012951,10
1521,765.3501729074073,41.106907836673116,10
1522,765.9608249805522,41.27517902669795,10
1523,766.3756776650246,41.3157213306553,10
1524,766.68092482043,41.31387554130813,10
1525,767.1400404298131,41.225474577553236,10
1526,767.5978819647329,41.10005161158663,10
1527,768.0123197147051,41.00816164104153,10
1528,768.4264493921165,41.11826599493765,10
1529,769.0592380684498,41.13298033107345,10
1530,769.6056708373569,41.247088741146484,10
1531,770.0851945958354,41.30193322677894,10
1532,770.5872905998842,41.13792065587106,10
1533,770.957998281503,41.07429710740875,10
1534,771.4083883705194,41.07994517162629,10
1535,771.7143111421344,41.220887236117846,10
1536,772.1956174349617,41.42532082453317,10
1537,772.6096075327396,41.30509167605211,10
1538,772.9379295060974,41.336850913343355,10
1539,773.4180509150366,41.26838485854129,10
1540,773.9191681653604,41.48198242021315,10
1541,774.4874716527618,41.44699639102148,10
1542,775.1415486535543,41.482516565742266,10
1543,775.578331802396,41.365590315034254,10
1544,776.058782535802,41.379963834589525,10
1545,776.6484159666027,41.25356146417984,10
1546,777.1289011761021,41.21389774973284,10
1547,777.6314001337753,41.304872279324115,10
1548,778.1339438028592,41.31012868918827,10
1549,778.7447587774201,41.25816498968509,10
1550,779.1158854476882,41.15335668347728,10
1551,779.8576257225234,41.14250696110099,10
1552,780.272980777654,41.24918645464655,10
1553,780.7084800561873,41.12134920645283,10
1554,781.2763462249357,41.34116458918419,10
1555,782.0180722737854,41.25407608083316,10
1556,782.6506515367442,41.3569798974662,10
1557,783.1963574059666,41.197153603770886,10
1558,783.6770119022216,41.1799282641808,10
1559,784.0479616718015,41.096752030439326,10
1560,784.6368443199361,41.05634026982062,10
1561,785.1398447910286,40.88488769019905,10
1562,785.6413705632325,41.02899483845509,10
1563,786.2524554764834,40.95337444537383,10
1564,787.016284173098,40.8982668772866,10
1565,787.4742113148847,40.8111849380553,10
1566,787.9108261647297,40.63146252759574,10
1567,788.3703870561493,40.74184730707444,10
1568,789.0031310813613,40.64440195931737,10
1569,789.7890178153282,40.87990832002352,10
1570,790.2251717535664,40.94664365642125,10
1571,790.7049944499096,41.01945506342852,10
1572,791.1434377913498,40.958779444122804,10
1573,791.4715271597132,41.07091758424292,10
1574,792.0183758994642,41.128893525111785,10
1575,792.5628982315076,41.34215028520862,10
1576,793.1963273642966,41.40057812654599,10
1577,793.8072205676116,41.27519259488426,10
1578,794.200886675915,41.118056989194,10
1579,794.7474701810428,41.03398123941467,10
1580,795.0540611712711,41.30822943212474,10
1581,795.4913262248576,41.3120758899785,10
1582,796.0373954737838,41.27401826797458,10
1583,796.4740574195433,41.38433302379376,10
1584,797.0194036266076,41.22425468025254,10
1585,797.7179967200634,41.38363208785113,10
1586,798.2196052625601,41.488672721944994,10
1587,798.5689564871102,41.325846188527905,10
1588,799.1150370138885,41.208736482566266,10
1589,799.5084473969711,41.200723516442984,10
1590,800.1405591497793,41.18183952287311,10
1591,800.6865151368198,41.11726919126079,10
1592,801.1671214163559,41.19858627986932,10
1593,801.6915619894585,40.98963937536069,10
1594,802.1512747564855,41.19384707449686,10
1595,802.805346949624,41.15553779576591,10
1596,803.4158891449681,41.18296689350375,10
1597,803.7645281909341,41.37165104435536,10
1598,804.1796782423064,41.48108493303611,10
1599,804.7690817653703,41.549608240151734,10
1600,805.3598647809142,41.362120749636176,10
1601,805.9054889415697,41.23132346698371,10
1602,806.4740491047957,41.12484170141622,10
1603,807.0414762493012,41.19891207021674,10
1604,807.4791260130692,40.96789714456607,10
1605,808.091341357361,40.78738386485339,10
1606,808.788600558539,40.62337977991691,10
1607,809.4656178751919,40.549542119579705,10
1608,810.0539761642677,40.532804338820156,10
1609,810.5338065182016,40.41697236464561,10
1610,811.2319928205669,40.640971214252225,10
1611,811.8890522522094,40.778884762245504,10
1612,812.3693554740064,40.82269394556666,10
1613,812.8279126358416,40.9191988756809,10
1614,813.3519699113772,40.884491864843746,10
1615,813.7670482701118,40.68146235828423,10
1616,814.161120951667,40.74768892664524,10
1617,814.9464300730509,40.74554494765575,10
1618,815.2959784609975,40.7147399435112,10
1619,815.8194223212734,40.76304285611815,10
1620,816.3208864197966,40.81262381390402,10
1621,816.6708776239907,40.59155397495324,10
1622,817.0863716147385,40.67242194329635,10
1623,817.7846215304018,40.55285411623404,10
1624,818.3344117313978,40.72305489702639,10
1625,819.0102839952785,40.71399448504127,10
1626,819.5989513498729,40.92094767534975,10
1627,820.1224440060312,40.96770996665013,10
1628,820.8206227593664,40.774202549610536,10
1629,821.4543414535301,40.72364887260611,10
1630,822.0217592122908,40.76966963540415,10
1631,822.5904954211477,40.664437183742685,10
1632,823.0704640072283,40.7767153743386,10
1633,823.3548220992427,40.83520291139558,10
1634,823.7908799485706,40.993590131500596,10
1635,824.2726448654541,41.21986793768135,10
1636,824.686746931225,41.160258400563194,10
1637,825.3415865253664,41.06374336757891,10
1638,825.8003851604311,41.07630474713702,10
1639,826.5857565751521,41.083288583180256,10
1640,827.0886332936494,41.21522545879966,10
1641,827.6126389397807,41.40893695454134,10
1642,828.0491357579788,41.74130985742399,10
1643,828.615332919608,41.63012917876548,10
1644,828.9222863533136,41.7402388923295,10
1645,829.2932029642809,41.49690354883885,10
1646,830.1007283508967,41.504355333324014,10
1647,830.3835702450988,41.41624016545981,10
1648,830.9510945940074,41.31762614534335,10
1649,831.5836696773,41.24220736163662,10
1650,832.3690201573057,41.266520729195456,10
1651,832.8284383333294,41.48939282488846,10
1652,833.5039968605017,41.487123683377156,10
1653,834.0583688637186,41.38690977858012,10
1654,834.7570303005286,41.587554556929135,10
1655,835.1715140562471,41.60018864438764,10
1656,835.652370621439,41.52389618218004,10
1657,836.0025780797329,41.742457111025146,10
1658,836.5486967456729,41.66521014854908,10
1659,837.2253370745477,41.648131665407064,10
1660,837.6407067958993,41.414043364226856,10
1661,838.2733289333189,41.21189100281551,10
1662,838.5581850041808,41.18973629716105,10
1663,839.2121788584127,41.21180589371448,10
1664,839.5390581819063,41.032753672733534,10
1665,840.041494891828,40.85496331773274,10
1666,840.4734549951312,40.74604979987783,10
1667,841.0627797946856,40.838192059075155,10
1668,841.4785692650561,41.01631436266424,10
1669,842.0890151593167,41.05788987045719,10
1670,842.6126859992228,41.267449192049405,10
1671,843.2456386158605,41.31436716259117,10
1672,843.6388548665482,41.13034188142959,10
1673,844.2722196495124,41.10014299301646,10
1674,844.9478974560318,41.05406146960364,10
1675,845.2550698249094,41.034540017907936,10
1676,845.6042805392133,40.71848183225651,10
1677,846.0852678578907,40.59371071110308,10
1678,846.7832894160971,40.47254795537184,10
1679,847.3950842576876,40.606311037477475,10
1680,847.831649319136,40.585896172984256,10
1681,848.4642419041709,40.55364614937317,10
1682,848.6832682840934,40.6917993187424,10
1683,849.4250459456101,40.85165514991772,10
1684,849.7750711737306,40.90354640031058,10
1685,850.4727492966565,40.93703113573992,10
1686,850.888476880032,40.90486709367103,10
1687,851.5001041664067,40.750655513762965,10
1688,852.0227411110909,40.572317587021516,10
1689,852.5469544060013,40.437562929079974,10
1690,852.9409442997315,40.58277805700329,10
1691,853.573764131919,40.52377582231685,10
1692,854.2721108483069,40.457796413717084,10
1693,854.7733799253601,40.50028215126536,10
1694,855.2969363944109,40.42937913732921,10
1695,855.8866683080516,40.56541953499662,10
1696,856.4313869715821,40.46030970311539,10
1697,857.0638407889398,40.60101106445967,10
1698,857.4783598966594,40.84059155400248,10
1699,857.8942635601476,40.93876607320882,10
1700,858.5700114655228,40.87817651733326,10
1701,859.0299870095827,41.08564378405053,10
1702,859.57541096681,41.017666439903145,10
1703,860.0992736072109,40.91145246021769,10
1704,860.5372770521577,40.75271677311546,10
1705,861.1044654119954,40.601098701540046,10
1706,861.4765650779157,40.60441712375971,10
1707,862.0220932945895,40.622796673433434,10
1708,862.7202566942176,40.6388116806229,10
1709,863.1347394804319,40.713482647132295,10
1710,863.5930097324399,40.7476607063684,10
1711,863.8998447459568,40.87452251619096,10
1712,864.5340073824516,40.97414605832007,10
1713,865.0132758369498,40.82802465673437,10
1714,865.5363221954698,40.69767869128399,10
1715,866.1266299114802,40.604507057848586,10
1716,866.5856971279394,40.580822611580246,10
1717,867.3063957315313,40.67570038083846,10
1718,867.6116450935644,40.868009581363374,10
1719,868.0488477060477,41.050160820734064,10
1720,868.3547147565147,41.147019808645645,10
1721,868.5516518741595,41.029069481401855,10
1722,868.8364573059392,41.19337597399453,10
1723,869.0991055245104,41.228807222285525,10
1724,869.6668298913586,41.236002846466235,10
1725,870.0599592861681,41.30906815623834,10
1726,870.519116496041,41.18918075623266,10
1727,871.1746038226014,41.31784501404474,10
1728,871.677623226217,41.499754270348646,10
1729,872.200316349086,41.31580769104321,10
1730,872.4405442867679,41.391665283163135,10
1731,872.920039404851,41.518030937208515,10
1732,873.574748241261,41.329999575679196,10
1733,873.880264790692,41.33640620022178,10
1734,874.3175100587862,41.48385678140595,10
1735,874.8415865951758,41.37846969714901,10
1736,875.3432170025699,41.2221351644342,10
1737,875.8673423654307,41.19645212404489,10
1738,876.3474126582529,41.36304181869019,10
1739,876.9814505300225,41.57832641755116,10
1740,877.5923055089822,41.41013667225668,10
1741,877.9411792971898,41.46870052256071,10
1742,878.3552912262236,41.284846116928996,10
1743,878.792310120975,41.46922901566427,10
1744,879.3165531098788,41.524554776940455,10
1745,879.7540148157592,41.65966687864677,10
1746,880.4087692361202,41.6886011864949,10
1747,881.0413686698236,41.918410960902605,10
1748,881.5224546794725,41.87247456408844,10
1749,882.155116870327,41.798330886968664,10
1750,882.7663379494392,41.863648261743755,10
1751,883.2893636735022,41.69627357418454,10
1752,883.9005760271577,41.59031721404425,10
1753,884.4459708612112,41.58800503341514,10
1754,884.9917931916649,41.36819736863812,10
1755,885.4287479848956,41.35381546438641,10
1756,885.801128726228,41.46910901017034,10
1757,886.2381712153716,41.42280455301245,10
1758,886.7836651647137,41.383011646816016,10
1759,887.3075224674052,41.2597692398978,10
1760,887.9183185652953,41.40125622372465,10
1761,888.4857799488782,41.39940868891021,10
1762,889.118030095907,41.58166536438246,10
1763,889.4892392740705,41.761778031827305,10
1764,889.8600179361496,41.62459531178639,10
1765,890.4710844946196,41.529131906388095,10
1766,890.9295856509668,41.3296472098386,10
1767,891.4538725023334,41.39700256791768,10
1768,891.9992918462929,41.595901396387234,10
1769,892.3697647557383,41.81066280859463,10
1770,892.9606428463654,41.71933721945428,10
1771,893.3532750394436,41.65020394962461,10
1772,893.594802587458,41.63706076554643,10
1773,894.0747108026596,41.686105020184144,10
1774,894.6410842489756,41.546756437712645,10
1775,895.0993486667205,41.74841372013085,10
1776,895.7098271093191,41.87087906533258,10
1777,896.2341713806276,42.02119070408406,10
1778,896.6726663857355,42.1881877004282,10
1779,897.3712790366895,42.07182567222263,10
1780,898.003752903763,42.0727661053203,10
1781,898.4833635913085,42.062499348987224,10
1782,899.1151722889142,41.923450269249805,10
1783,899.639249974374,42.01079549220773,10
1784,900.2056883068138,42.079683202548814,10
1785,900.8385479630867,42.25884932632795,10
1786,901.2103066817137,42.48238008243538,10
1787,901.6680485658951,42.3697580329859,10
1788,902.278635743763,42.623672873632046,10
1789,902.5197599209663,42.78173792679878,10
1790,903.0648667282163,42.76174082185961,10
1791,903.632725936685,42.68428820665413,10
1792,904.4008778057702,42.71898262122986,10
1793,904.9679954337553,42.9595548528284,10
1794,905.6659750712213,42.87167737927475,10
1795,906.1237062681339,42.67878631125235,10
1796,906.451533665289,42.87480293304861,10
1797,906.8449877033829,42.760676661844315,10
1798,907.4339713670746,42.93559868739438,10
1799,907.7404531287787,43.09685695164809,10
1800,908.178055797446,43.16097463018144,10
1801,908.7025571962264,43.121483015829575,10
1802,909.1826837292072,42.97355464855117,10
1803,909.4444470744678,42.79974760203084,10
1804,909.9680215681068,42.9542629449546,10
1805,910.3836929446634,43.06711317258261,10
1806,911.0379698472549,43.26179110025897,10
1807,911.344912685205,43.368608554076786,10
1808,911.7811254260687,43.18366513465016,10
1809,912.2401166054663,43.35307311051706,10
1810,912.6983208902888,43.15588375724878,10
1811,913.2680269490814,43.040041099167965,10
1812,913.8346908032576,42.98572280741742,10
1813,914.1624958179594,43.206822271918,10
1814,914.5339846111989,43.049159841676854,10
1815,915.0147519572472,43.1307729610087,10
1816,915.583194932737,43.062466717859294,10
1817,916.106664528689,43.045112620215725,10
1818,916.9797181507059,43.04501638168033,10
1819,917.416489846583,42.923923737220775,10
1820,917.8745556463057,42.80452984205511,10
1821,918.2902933133785,42.82971660199955,10
1822,918.7924921389518,43.044794350724295,10
1823,919.1413322994019,42.920156973547584,10
1824,919.6655554251549,42.99989733550902,10
1825,920.0793482862688,43.04639337705735,10
1826,920.6687011838701,42.99491086396409,10
1827,921.1283798936076,43.11237121861882,10
1828,921.5651239037794,43.336811458096925,10
1829,922.1332681587804,43.363402616975094,10
1830,922.7670329039953,43.383700125199546,10
1831,923.2256485167954,43.125674881604546,10
1832,923.7717297301399,43.20136780559676,10
1833,924.3181426437252,43.09399498825163,10
1834,924.9294754108114,42.9771358973488,10
1835,925.7363509691328,42.9721915127086,10
1836,926.0427619984897,42.837204905698044,10
1837,926.6752678345338,42.76460436667848,10
1838,927.1562843885424,42.85667964809148,10
1839,927.7889452657931,43.014215002840494,10
1840,927.8979977980428,43.094424529559554,10
1841,928.5964186435792,43.07769221273789,10
1842,929.1644754373385,42.83874436887489,10
1843,929.6227519546494,42.965776706875616,10
1844,929.9524696816228,42.972325460532765,10
1845,930.3243972508241,43.17429068980622,10
1846,930.7398041505576,43.10147616279046,10
1847,931.3294195225786,43.159701145861156,10
1848,932.0060978563715,43.34257595328865,10
1849,932.4659533108479,43.35328724693674,10
1850,933.0762964311256,43.199167420730575,10
1851,933.7100438576069,43.27487745770067,10
1852,934.3208199691678,43.1438812079866,10
1853,934.6915407691988,43.40757240022403,10
1854,935.367403818874,43.4603285223985,10
1855,935.8708184763485,43.44699462436856,10
1856,936.3509998682999,43.32228895450412,10
1857,936.9629194883668,43.2334538524147,10
1858,937.3347379950337,43.126096681297845,10
1859,937.7939342263402,43.179420788504494,10
1860,938.2310769683369,43.23290509534509,10
1861,938.6671738147625,43.40319580119468,10
1862,939.2128010421162,43.408208238270085,10
1863,939.64967986862,43.27369243060755,10
1864,940.0782327314016,43.25753756436663,10
1865,940.4056625877176,43.22606991986231,10
1866,940.8434798003443,43.37543358437129,10
1867,941.6289687536389,43.34170636724755,10
1868,942.2185517431392,43.241313826261184,10
1869,942.633856164481,43.31230672869205,10
1870,943.1369044762105,43.40181231234051,10
1871,943.464580843626,43.50103133828745,10
1872,943.9663490025135,43.579710166496646,10
1873,944.5337399128637,43.45138436029051,10
1874,944.8840492958407,43.57253101297994,10
1875,945.386770555239,43.558156026415425,10
1876,945.9328015496458,43.78010972574038,10
1877,946.2612512941789,43.90937592626957,10
1878,946.807534741239,44.041616195851525,10
1879,947.4185998545565,43.99125415845519,10
1880,947.747880177307,43.97252212895674,10
1881,948.4459373369949,43.8966693818224,10
1882,949.1439017020728,44.02622806550887,10
1883,949.7988470511242,44.06100079071007,10
1884,950.5196723233821,44.059564284367895,10
1885,950.9562294291578,44.00499204672631,10
1886,951.3925859529261,44.051448298783804,10
1887,951.916816409971,43.994012226015045,10
1888,952.1574894173006,44.20875595160704,10
1889,952.5506782590434,44.087108524715816,10
1890,953.0084610894401,43.90486824685985,10
1891,953.61995166253,43.79305861825602,10
1892,954.0129950252409,43.755645896745314,10
1893,954.5382936513431,43.916307990932474,10
1894,954.8220966209022,43.805572549261164,10
1895,955.3025580709925,43.86778773615156,10
1896,955.9792470684855,43.8634066248155,10
1897,956.4594760388903,43.97160609442504,10
1898,956.8310446337143,44.046231030372155,10
1899,957.2677315823781,44.268883330487554,10
1900,957.7035248363185,44.176538636247535,10
1901,958.1613855012513,44.15094118724938,10
1902,958.4885017385062,44.07264789334073,10
1903,959.12212177035,44.22751433344514,10
1904,959.5366099854664,44.06839732548133,10
1905,960.1031732078205,44.06196564108367,10
1906,960.6267430352812,43.98997522345262,10
1907,961.0846251242198,43.82053762878414,10
1908,961.4790418742423,43.93729878533257,10
1909,962.0899167572667,44.167731909517634,10
1910,962.3091967285151,44.27954766667147,10
1911,962.8547185711777,44.32110112527284,10
1912,963.379426763845,44.389472444086465,10
1913,963.9033660680216,44.48150897710679,10
1914,964.2526432935462,44.53459933712659,10
1915,964.7544755522671,44.52113691076387,10
1916,965.3873347804529,44.44932322250291,10
1917,965.8251982071212,44.477448936528575,10
1918,966.2836860890372,44.708920360931465,10
1919,966.6551171679109,44.521713408866255,10
1920,967.2876067570047,44.493264920567604,10
1921,967.614612120439,44.65775775003886,10
1922,968.0955928308615,44.55301468894738,10
1923,968.6198883956974,44.690688543112785,10
1924,969.1438400204481,44.6621438127121,10
1925,969.6464559845681,44.57429952764132,10
1926,970.2570451752983,44.45419161225131,10
1927,970.9326724656994,44.44786655644605,10
1928,971.5001881602678,44.48597423851029,10
1929,972.1115107342123,44.6870921388542,10
1930,972.373732608769,44.77477517560391,10
1931,972.9203923699246,44.57829912310794,10
1932,973.4653651951523,44.741617533311505,10
1933,973.7501673456303,44.83268763931097,10
1934,974.4049606574097,44.77345333249889,10
1935,975.1026350209953,44.80960544662897,10
1936,975.627521648075,44.6266506723269,10
1937,975.9340824404386,44.779128363329725,10
1938,976.6321044289859,44.63919827224083,10
1939,977.155894874382,44.761634669400486,10
1940,977.6580987072412,44.96068521881369,10
1941,978.0512607539982,45.190760246026244,10
1942,978.5757468418502,45.13383042866525,10
1943,979.1001650954419,45.15302617307003,10
1944,979.5379325772816,45.06485881042525,10
1945,980.106774713225,45.02514114290035,10
1946,980.5431641618936,44.82420640847953,10
1947,981.1982991356053,44.99557149915593,10
1948,981.7221380937865,45.02643598642585,10
1949,982.1355961563111,44.86393403560451,10
1950,982.5304528262475,44.966227835108334,10
1951,983.2510420380729,45.20623302712518,10
1952,983.9490991726503,45.15936885189774,10
1953,984.2992584472129,45.10559260499927,10
1954,984.8441784314822,45.07940242395495,10
1955,985.4547896674173,45.267605837410706,10
1956,986.0219403726654,45.13460003443033,10
1957,986.6544667386055,44.991229735446,10
1958,986.9396264803925,45.009104305935956,10
1959,987.5086803744531,44.94825514184696,10
1960,988.2064687082791,44.97486487899463,10
1961,988.5416312570062,44.7987891308834,10
1962,989.2181518648479,44.89067533066521,10
1963,989.4814407639936,44.982988686839796,10
1964,989.9410058699339,45.038935642691555,10
1965,990.486850766064,45.019091266570534,10
1966,991.0975577287023,45.124348764719215,10
1967,991.599835162323,45.10507019544225,10
1968,992.1684938066516,45.29227411012026,10
1969,992.6435013497987,45.41906711135769,10
1970,993.1676091208868,45.170770343023776,10
1971,993.6699444163211,45.254867927669615,10
1972,994.2148711069949,45.483856261114006,10
1973,994.7382596630885,45.78104763029257,10
1974,995.1092955816654,45.62213739434756,10
1975,995.3495319219622,45.61885937382116,10
1976,995.8514370557144,45.66295789625763,10
1977,996.418849393504,45.870074185899725,10
1978,996.921435306944,45.854674279194974,10
1979,997.5121604884695,45.842311884996676,10
1980,997.9921183372946,45.78528249752609,10
1981,998.624891265595,45.6538277673622,10
1982,999.170491632179,45.82227967234233,10
1983,999.8252302292874,45.827893024043746,10
1984,1000.414217688193,46.0723934501876,10
1985,1001.0259137582722,46.141229117442755,10
1986,1001.6375819972307,45.970169841910916,10
1987,1002.162231665413,46.165476232460264,10
1988,1002.6206558541193,46.17914735996764,10
1989,1003.0141588918168,46.085731468544544,10
1990,1003.6491528827053,46.00365220280169,10
1991,1004.259903839087,46.09136452628245,10
1992,1004.9585858915667,46.04359617749329,10
1993,1005.5692927357386,45.9557435342671,10
1994,1006.223294772915,46.16175909643071,10
1995,1006.6808445649694,45.916214668354485,10
1996,1007.1390637965927,46.08000303473992,10
1997,1007.8372822609241,46.12648067755659,10
1998,1008.4474441157648,46.28617164444335,10
1999,1008.9066060436468,46.489515713723904,10
2000,1009.4748946740441,46.48339592024288,10
2001,1009.9767360401972,46.405526381110064,10
2002,1010.4345595913389,46.27041640282473,10
2003,1011.0676346123407,46.18542399904048,10
2004,1011.5255144625955,46.071285091105885,10
2005,1012.1361602656956,46.115172475463524,10
2006,1012.4190680973613,46.00434077722281,10
2007,1012.9428931552445,45.88487972874945,10
2008,1013.0975982515254,45.80317943458506,10
2009,1013.5771674552412,45.994519858019466,10
2010,1013.8614434296535,46.1913960591629,10
2011,1014.1225751600563,46.12124316256704,10
2012,1014.624752202864,46.10123340678287,10
2013,1015.2575912120567,45.931949904116536,10
2014,1015.7597899599543,46.21997310483317,10
2015,1016.1307556877691,46.108609822634044,10
2016,1016.6328985290991,45.91214186405705,10
2017,1017.1138618050114,45.96853739508896,10
2018,1017.5715632923177,46.10462735778779,10
2019,1018.052306727997,45.90145563533905,10
2020,1018.6861344502522,46.06700663851567,10
2021,1019.0352597212874,46.2051354630455,10
2022,1019.5161842923111,46.17721300504398,10
2023,1020.0403282781665,46.05628426833845,10
2024,1020.5859058564405,46.25564163637683,10
2025,1021.0871694463201,46.25733331042656,10
2026,1021.349342611837,46.44058208770105,10
2027,1021.786634078791,46.466100802211606,10
2028,1022.2450230336365,46.46193519941673,10
2029,1022.899974539403,46.64674833112612,10
2030,1023.4684601003039,46.749138822914325,10
2031,1024.1008998496313,46.735950980361025,10
2032,1024.6261886218122,46.65427818074386,10
2033,1025.193033456609,46.88374739114392,10
2034,1025.6298229435674,46.758195758725236,10
2035,1026.1544951067794,46.6534397764769,10
2036,1026.9400451020233,46.62740991646722,10
2037,1027.6173791405988,46.57290442317353,10
2038,1028.2073566830545,46.55118593728971,10
2039,1028.6225529768733,46.48742277510517,10
2040,1028.9719552347892,46.57918432263569,10
2041,1029.4515199999232,46.61535113207814,10
2042,1029.823480229543,46.751987313789,10
2043,1030.2169705592673,46.79673279100666,10
2044,1030.61096514682,46.909005086140574,10
2045,1031.0043364465532,46.81542885842068,10
2046,1031.44185706308,46.9644319961935,10
2047,1032.0305650427692,46.93600506346931,10
2048,1032.6638069333226,46.86168468047705,10
2049,1032.9704087627993,46.91942032505183,10
2050,1033.4085393468579,46.80992608076079,10
2051,1033.9119386155367,47.03664468043687,10
2052,1034.2610547310196,47.20863739717185,10
2053,1034.9160836623785,47.10736881896452,10
2054,1035.5258288153186,46.94397407447203,10
2055,1036.0712315692451,46.75946254138853,10
2056,1036.7691105940344,46.62220687063731,10
2057,1037.2071079262569,46.68489872311668,10
2058,1037.730911061572,46.702314910906914,10
2059,1038.2336054159277,46.632196742346814,10
2060,1038.6052198666955,46.764695446702135,10
2061,1039.0636357883436,46.681070409046335,10
2062,1039.5013786728186,46.885135887057814,10
2063,1039.6972333121366,46.996895604438045,10
2064,1040.2719341563343,46.986049448255606,10
2065,1040.7084895384623,47.048619556361906,10
2066,1041.0580517661326,47.127889874213594,10
2067,1041.4515354847342,47.05446493183875,10
2068,1042.0405138812152,46.970235632817484,10
2069,1042.413122823096,46.943180634665865,10
2070,1042.9806984920388,46.80851522429325,10
2071,1043.2432101494346,46.67331396433598,10
2072,1043.7896186758612,46.66673332506802,10
2073,1044.3136770344813,46.54594539993675,10
2074,1044.751158706456,46.73966821384255,10
2075,1044.9911642461325,46.737014971500436,10
2076,1045.6886804369442,46.677502276963565,10
2077,1046.2126994643436,46.80280450873632,10
2078,1046.8664709221991,46.73837973372613,10
2079,1047.434460046343,46.637650752162635,10
2080,1047.7620390863174,46.76003976650556,10
2081,1048.1553124566824,46.782721691548105,10
2082,1048.636971634564,46.744976630188354,10
2083,1049.0303648957604,46.848986966291825,10
2084,1049.205456541199,46.97158869760832,10
2085,1049.706628129578,47.05170490468159,10
2086,1050.1444095245085,47.162159662617505,10
2087,1050.5158604335822,47.256250039013224,10
2088,1051.1922992128334,47.4358433473268,10
2089,1051.8472143672523,47.34398407965619,10
2090,1052.3723888005586,47.40626956495341,10
2091,1052.8753889314378,47.52512497155806,10
2092,1053.443452398585,47.32363614353634,10
2093,1053.8817627523035,47.48928292192626,10
2094,1054.3398087904338,47.358442228804094,10
2095,1054.99380796479,47.29466728674256,10
2096,1055.3006903068424,47.4714259814462,10
2097,1055.6720520549075,47.450097599284064,10
2098,1056.1086545315754,47.520362117485334,10
2099,1056.5249448789423,47.5148306540863,10
2100,1057.1797070709965,47.44920313722185,10
2101,1057.5297496197506,47.377022196500306,10
2102,1058.1841327396774,47.398620625814935,10
2103,1058.6650660029707,47.1558536314947,10
2104,1059.3418189487288,47.28626275273295,10
2105,1059.843992694835,47.14580081638346,10
2106,1060.3033608623607,47.31587872080227,10
2107,1060.6548287409032,47.43954929927417,10
2108,1061.3544343053131,47.49975501700297,10
2109,1061.8359389400314,47.62148820142649,10
2110,1062.6217092782374,47.680187659275674,10
2111,1063.1015761342217,47.85882612081736,10
2112,1063.755854800512,47.777713125013705,10
2113,1064.323436107035,48.0022414717287,10
2114,1064.847310131872,47.98617526882341,10
2115,1065.1765805478722,48.17138849160929,10
2116,1065.5700583248358,48.17623182416916,10
2117,1065.985292184066,48.094161883106516,10
2118,1066.7496615849468,48.16172990012048,10
2119,1067.2074181027137,48.136679675683645,10
2120,1067.9278031772567,48.12921644973707,10
2121,1068.4744205957347,48.09061632030689,10
2122,1068.737204098254,48.1304095379711,10
2123,1069.285660409075,47.97571610332295,10
2124,1069.8087239408494,48.064311302319695,10
2125,1070.3116407539815,48.1314215056354,10
2126,1070.7924726188942,48.22501804286788,10
2127,1071.4030870680692,48.09936756357629,10
2128,1071.7528534985152,48.25136109042596,10
2129,1072.2986320781497,48.256654609923274,10
2130,1072.5166607118358,48.26767797236562,10
2131,1072.9751453385059,48.24063768356915,10
2132,1073.388949719338,48.19087432164396,10
2133,1073.8465654232657,48.217599655907485,10
2134,1074.285025956901,48.21324950316777,10
2135,1074.9611619258178,48.26045337998815,10
2136,1075.267821797522,48.4470233396034,10
2137,1075.660109825996,48.69254616621627,10
2138,1076.1410475660546,48.71655761884128,10
2139,1076.7086884142093,48.57888770951646,10
2140,1077.0803464660742,48.5480813573398,10
2141,1077.5825610500326,48.702042123605864,10
2142,1078.128249907731,48.56180341361648,10
2143,1078.5859044423237,48.39987141889033,10
2144,1079.0879222548572,48.63585697549105,10
2145,1079.525006493221,48.80486451046656,10
2146,1080.027269977421,48.76886397592916,10
2147,1080.4424316954291,48.73436985676827,10
2148,1080.9879918796064,48.52840873719364,10
2149,1081.16349919274,48.66369277654578,10
2150,1081.5578637453768,48.735076373138284,10
2151,1081.995947685212,48.806358520758224,10
2152,1082.3237139837263,48.707708841823354,10
2153,1082.696169045873,48.633602212411354,10
2154,1083.003665898318,48.54291700547718,10
2155,1083.592965824884,48.789652122738126,10
2156,1084.1604327903653,48.92651976330045,10
2157,1084.6848851791578,48.71451018689734,10
2158,1085.078373857646,48.8203767622799,10
2159,1085.5372929258367,48.870552492457506,10
2160,1086.235915644584,48.93405999952915,10
2161,1086.6519608046306,48.87818424150028,10
2162,1087.046162214879,48.76706494329182,10
2163,1087.3959109291561,48.73755584414844,10
2164,1088.028479014855,48.63383496551237,10
2165,1088.4439138253063,48.93230020905127,10
2166,1089.0337239637197,48.814807038614326,10
2167,1089.5347786319728,48.72255585687111,10
2168,1090.1466768803164,48.6629283455095,10
2169,1090.5400961122816,48.73109725260303,10
2170,1091.0868143481796,48.62796046007779,10
2171,1091.6984029445246,48.52376495651874,10
2172,1092.0479329953696,48.560971298555515,10
2173,1092.3762219752496,48.50944657244528,10
2174,1092.8787008551055,48.76703747989518,10
2175,1093.3602378436822,48.85585972036041,10
2176,1093.9492706825408,49.05279300672984,10
2177,1094.552604503082,48.94125302533036,10
2178,1095.2303269309618,49.02105218837706,10
2179,1095.7320836593703,49.06552000225162,10
2180,1096.1491813208727,49.23585556134043,10
2181,1096.8038547224016,49.17427181798325,10
2182,1097.392537212257,49.05285026286604,10
2183,1098.1558880523685,49.119519607025175,10
2184,1098.7450922527698,49.20429985233509,10
2185,1098.942480710632,49.30915562076032,10
2186,1099.357049441244,49.24556146748244,10
2187,1100.1218640089705,49.293716830912,10
2188,1100.7331858087412,49.26327986985543,10
2189,1100.9096293396465,49.07046101702742,10
2190,1101.3462537775938,49.29527664713026,10
2191,1101.6952973983766,49.40314256655518,10
2192,1102.0015683116528,49.49828896040308,10
2193,1102.6126560861007,49.48986554670199,10
2194,1103.1149375020766,49.588106383576985,10
2195,1103.5516225862548,49.4736931781757,10
2196,1104.1415101151322,49.55502916228828,10
2197,1104.599619812608,49.409127725029094,10
2198,1104.839908832671,49.64697496232885,10
2199,1105.3639366653692,49.72242826611886,10
2200,1105.93099190206,49.98874357455565,10
2201,1106.4117908396718,49.80289176238635,10
2202,1106.9144714156175,50.03190911192063,10
2203,1107.4824560621691,50.03169030180074,10
2204,1108.005349878231,49.97064012928466,10
2205,1108.2910290327268,50.13459914810633,10
2206,1108.8590222673224,50.05310385308656,10
2207,1109.2956758900586,49.892903596170754,10
2208,1109.9281482480003,49.88689353944396,10
2209,1110.3876121411283,49.846722632995224,10
2210,1110.7810645584827,49.99885841169777,10
2211,1111.2833835526103,50.112659113717235,10
2212,1111.7203160709043,50.00364524175498,10
2213,1112.3314656913547,50.065877188596325,10
2214,1112.834181205733,49.93723711834056,10
2215,1113.2283597729613,50.19220401297841,10
2216,1113.9264615803127,50.0750408136896,10
2217,1114.362506482455,50.184525222606595,10
2218,1114.951718289632,50.15112452689481,10
2219,1115.5423057144048,49.96943563764692,10
2220,1116.1320375152004,49.92686413824227,10
2221,1116.415880149846,49.92800415542697,10
2222,1116.8299921411362,49.66891813135361,10
2223,1117.3775285568865,49.64993527020796,10
2224,1117.7502986521047,49.72585201744735,10
2225,1118.2961667075588,49.518717223744304,10
2226,1119.0382656573224,49.56322048773726,10
2227,1119.6929069176026,49.58838597908207,10
2228,1120.194440413688,49.85237718474153,10
2229,1120.763042482759,49.84032912040469,10
2230,1121.3734725677598,49.679331994074076,10
2231,1121.8971019649755,49.64929377611903,10
2232,1122.2697782733896,49.43792959976778,10
2233,1122.6198501544718,49.46263855214863,10
2234,1123.0789216137057,49.51272954580353,10
2235,1123.4727543400777,49.38287180557651,10
2236,1124.020445551992,49.524287149848234,10
2237,1124.4786984993548,49.26807677515035,10
2238,1124.8927395796195,49.4589606512561,10
2239,1125.3940083178463,49.50748437022704,10
2240,1125.7429370486411,49.339414394159355,10
2241,1126.0940415011232,49.306134558993264,10
2242,1126.6183260069529,49.22565116335128,10
2243,1127.143498332337,49.426782335381255,10
2244,1127.6246302572035,49.651556388260545,10
2245,1127.9956059130877,49.647434597804185,10
2246,1128.3676571188905,49.63338218414418,10
2247,1129.1752972748789,49.6295204864713,10
2248,1129.7664466848494,49.58123533874775,10
2249,1130.1170147669027,49.26245580054579,10
2250,1130.5969599647246,49.21932351566842,10
2251,1131.3611339041258,49.14127211362391,10
2252,1131.8631477372737,49.04253781105309,10
2253,1132.2561991194223,49.144831553394994,10
2254,1132.7368524315316,49.18737472506721,10
2255,1133.2825966043774,49.216013505517004,10
2256,1133.741602934729,49.331735247677784,10
2257,1134.0686794442067,49.434739725649514,10
2258,1134.5937327351103,49.49907295752113,10
2259,1135.2272893365302,49.364461255341176,10
2260,1135.641607525294,49.31948623600194,10
2261,1136.05749825848,49.11875389804662,10
2262,1136.6039670559512,49.01962520486261,10
2263,1137.216093436888,49.190275175181306,10
2264,1137.8269662493178,49.425721225805965,10
2265,1138.415612169186,49.42320429019962,10
2266,1138.8304985553877,49.46956983029152,10
2267,1139.4422333482719,49.380207053258964,10
2268,1139.944331466614,49.46858662413057,10
2269,1140.3815569061064,49.55941513010819,10
2270,1140.6219944092074,49.413512203401176,10
2271,1141.2988412743744,49.3710495837206,10
2272,1141.6706768750464,49.46894646303824,10
2273,1142.2819172915713,49.37521251243946,10
2274,1142.980343978353,49.357597022283734,10
2275,1143.3099078554412,49.3680262708877,10
2276,1143.8556020493966,49.36373922599094,10
2277,1144.3582366719577,49.38338308450546,10
2278,1144.9029367471564,49.198105304891726,10
2279,1145.4259670931058,49.161457940056636,10
2280,1145.9285177826184,49.120824294648486,10
2281,1146.3217291573615,49.116463641517235,10
2282,1146.7361291359805,49.163790053153406,10
2283,1147.2166042820186,49.33427412085599,10
2284,1147.7408342367703,49.43779182845607,10
2285,1148.1109422578563,49.36104106864205,10
2286,1148.547130412709,49.36684582020504,10
2287,1148.854171943708,49.369059105266096,10
2288,1149.1827234010414,49.256718120423244,10
2289,1149.554841065034,49.47433116046708,10
2290,1149.8823143598104,49.61365190001249,10
2291,1150.4067955428714,49.639233932462254,10
2292,1150.800799925684,49.4917931671774,10
2293,1151.280908224894,49.50793092731981,10
2294,1151.6530161928708,49.57316962346254,10
2295,1152.246094469773,49.50984017444668,10
2296,1152.9873549889878,49.498125798487045,10
2297,1153.4021700232843,49.574553308783834,10
2298,1153.7960480980635,49.289529590137676,10
2299,1154.299163053306,49.38177576024979,10
2300,1154.8234336940484,49.317865525448276,10
2301,1155.348023599984,49.501396904316096,10
2302,1155.850129056574,49.63126797713838,10
2303,1156.3740377153365,49.58994507994323,10
2304,1156.8757778593651,49.58895539110092,10
2305,1157.3350555156449,49.60942203224624,10
2306,1157.7486399073505,49.53112973275407,10
2307,1157.968929961134,49.6805658538941,10
2308,1158.5376457912694,49.79854868827536,10
2309,1159.1053538164892,49.61848173427294,10
2310,1159.541691634066,49.90315490502355,10
2311,1160.175121473281,49.75779899938986,10
2312,1160.8518068082963,49.65169394439959,10
2313,1161.2233048523062,49.51115212969723,10
2314,1161.6824441372587,49.54078334170407,10
2315,1162.2082443472632,49.61739471609872,10
2316,1162.8195461012888,49.92409818896077,10
2317,1163.256523463761,49.83004461302857,10
2318,1163.5846387585175,49.99963801628544,10
2319,1163.9337050133518,50.27076106817859,10
2320,1164.3059613498763,50.265472794416006,10
2321,1164.4590873096718,50.112047125633495,10
2322,1165.092228072748,50.146702763678284,10
2323,1165.464042953729,50.219110378363126,10
2324,1165.9665565911941,50.32628470257567,10
2325,1166.4478816245833,50.34088105072115,10
2326,1166.7552045562584,50.49756605508313,10
2327,1167.4537194925879,50.27937498343856,10
2328,1168.0870543429012,50.37622654943385,10
2329,1168.523926948696,50.39018509383718,10
2330,1169.071056426426,50.34837788123677,10
2331,1169.4423558261021,50.39472636432724,10
2332,1169.8363995276352,50.28763913830385,10
2333,1170.2084846142573,50.274122981923625,10
2334,1170.6249821951387,50.16624771357678,10
2335,1171.2802635318167,50.18977597115332,10
2336,1171.7392758690548,50.11545882949115,10
2337,1172.2435867875845,50.02775436614081,10
2338,1172.7234723915449,50.128603690936075,10
2339,1173.2043966209694,50.141991473689814,10
2340,1173.510924704569,50.22910677493203,10
2341,1173.9252669833522,50.39567099475501,10
2342,1174.5359513795736,50.425747702859546,10
2343,1174.8856407509743,50.66747162822953,10
2344,1175.344034232268,50.67992917207986,10
2345,1175.9557965022161,50.523045591597075,10
2346,1176.4812261817883,50.65867834366222,10
2347,1176.8753006245033,50.520077094022504,10
2348,1177.334319226587,50.69667452219259,10
2349,1177.945207439314,50.567391001978365,10
2350,1178.4245733567743,50.61710374054228,10
2351,1179.102600803964,50.703605107702856,10
2352,1179.6711505590695,50.80361214441235,10
2353,1180.2822529472096,50.80339399509214,10
2354,1180.8060216166054,50.73928055700828,10
2355,1181.375242723941,50.773130437082365,10
2356,1181.7461620207548,50.57128207668953,10
2357,1182.1834978500947,50.66356779944252,10
2358,1182.9039565492455,50.76698231264504,10
2359,1183.1670502005447,50.76361768807695,10
2360,1183.4302403994989,50.79065568222922,10
2361,1184.0416324513803,50.95119441926024,10
2362,1184.326634173006,50.82557496580477,10
2363,1184.828927230275,50.83048039134896,10
2364,1185.570727146782,50.829546450971044,10
2365,1186.1172160843057,50.63293460230478,10
2366,1186.5123207952995,50.384234010932424,10
2367,1187.0360841586967,50.39958507910921,10
2368,1187.6039173628644,50.593988694401034,10
2369,1188.4333928301126,50.58669498057366,10
2370,1188.8264088458714,50.643017521897,10
2371,1189.196878130242,50.4024108249776,10
2372,1189.633428745337,50.3236012700367,10
2373,1190.1581031920264,50.37376891113241,10
2374,1190.8355000235888,50.48848428391123,10
2375,1191.3380923773193,50.42139038361232,10
2376,1191.68836471454,50.652174866514095,10
2377,1192.1043232105383,50.762413220390144,10
2378,1192.80178458682,50.77855362148592,10
2379,1193.3706821837268,50.98419441135002,10
2380,1193.9807699612898,51.161944513446166,10
2381,1194.5055382702399,50.961353537976436,10
2382,1195.1607853517485,50.877925185426385,10
2383,1195.7278417913576,51.08261826110088,10
2384,1196.2741768596475,51.091919028909324,10
2385,1196.6029823619558,51.196259103212554,10
2386,1197.1055060168271,51.022295525383974,10
2387,1197.716301201428,50.99032670154295,10
2388,1198.2851287225355,50.994966952689325,10
2389,1198.7663419501707,50.82249049113316,10
2390,1199.2018199346344,50.74408332022044,10
2391,1199.5956820037404,50.65829222450694,10
2392,1200.1718541912683,50.75484211278608,10
2393,1200.7410627127936,50.93462309990515,10
2394,1201.288157902402,50.933273002081044,10
2395,1201.7469489718092,50.779027697590124,10
2396,1202.162357647297,50.74428635374014,10
2397,1202.7528006406892,50.55869371341219,10
2398,1203.2757884203234,50.39950373326578,10
2399,1203.7994003040892,50.616772204143,10
2400,1204.324122680212,50.77288803379067,10
2401,1204.8697096702285,51.022896205607985,10
2402,1205.2415996326667,51.1371273304032,10
2403,1205.5918146530657,51.30606609760519,10
2404,1205.9203643749408,51.108212788404586,10
2405,1206.3569205326748,51.25735755653846,10
2406,1207.034243858968,51.332694706402535,10
2407,1207.5163465176563,51.343418481984386,10
2408,1208.018364432955,51.284827426828826,10
2409,1208.564630289814,51.11406214643953,10
2410,1209.0691793031417,50.98894825199722,10
2411,1209.6807949473518,51.10548130077992,10
2412,1210.378920675866,50.9926383517834,10
2413,1210.9047655960924,50.95261393441671,10
2414,1211.34224950195,50.899329407968295,10
2415,1212.0407268932188,51.20392937927299,10
2416,1212.7832125777609,51.04424430969029,10
2417,1213.0245186589655,50.85123831576068,10
2418,1213.5485730338862,50.98582888186995,10
2419,1214.1172525791912,50.832916281457436,10
2420,1214.7292261684352,50.85255874302526,10
2421,1215.1015265849246,50.780761412306155,10
2422,1215.450491731282,50.94425300205155,10
2423,1215.9966506299397,51.184203066329566,10
2424,1216.3895405557782,51.29738463491072,10
2425,1217.0229183732388,51.29051566121624,10
2426,1217.5931027626473,51.39025339279314,10
2427,1218.2264274589393,51.253378924263416,10
2428,1218.5968077466387,51.33231587796474,10
2429,1219.1426834978279,51.384279982616775,10
2430,1219.7761053312727,51.481057382688974,10
2431,1220.3878082877495,51.60806625454546,10
2432,1220.9990137951968,51.83019597755468,10
2433,1221.2180067569611,51.76792943979474,10
2434,1221.6778062649928,51.853652870103346,10
2435,1221.9854941149702,51.84796442279896,10
2436,1222.3350293806136,51.61575984959115,10
2437,1222.8809022463374,51.8277352204055,10
2438,1223.1437573482942,51.97520466427781,10
2439,1223.5153171386319,51.97911508662583,10
2440,1223.8426235744387,51.938340253068226,10
2441,1224.2359209170504,52.00534736269384,10
2442,1224.803874525948,51.94734210963996,10
2443,1225.4153614896647,51.801256591947684,10
2444,1225.8533536621812,51.790030799902965,10
2445,1226.0066302847313,51.71705729357285,10
2446,1226.5298339632295,51.77328324578123,10
2447,1226.9683170376177,52.01084499670648,10
2448,1227.2547528294938,51.91398572320724,10
2449,1227.8900270017994,51.974789588539565,10
2450,1228.4376537211801,51.8839910925099,10
2451,1228.9397040762121,51.880281617395944,10
2452,1229.5513639194,51.70278971194858,10
2453,1230.0331798255957,51.62319643436434,10
2454,1230.6001131843632,51.66833042065284,10
2455,1231.2328250310054,51.65266269870227,10
2456,1231.8653337296619,51.50904706413785,10
2457,1232.3021850754524,51.352017665023475,10
2458,1232.826194073834,51.48241213093399,10
2459,1233.1120982222442,51.55560655825713,10
2460,1233.4836946431765,51.63897623565262,10
2461,1233.85477507728,51.792398684531754,10
2462,1234.3138851362119,51.61112707924905,10
2463,1234.5968235694247,51.60741540179235,10
2464,1235.0784821964305,51.70147496331103,10
2465,1235.3198990945584,51.624976619528546,10
2466,1235.8672572034716,51.64087577747519,10
2467,1236.2383743213288,51.54480840559712,10
2468,1236.9156221597598,51.77920166690977,10
2469,1237.2441924810385,51.69846028222171,10
2470,1237.63801354938,51.49051622138551,10
2471,1238.0316065843804,51.60115413253424,10
2472,1238.5112158445727,51.64992377745206,10
2473,1239.0143319116796,51.732789803139944,10
2474,1239.3206793517468,51.80257462688551,10
2475,1239.8019061822247,51.63013522127015,10
2476,1240.3474435231847,51.58643444969522,10
2477,1240.892266443248,51.49349026240458,10
2478,1241.263034465691,51.546768322700096,10
2479,1241.6783526682023,51.77906636271004,10
2480,1242.2463836019,51.72872488053046,10
2481,1242.7920369359213,51.684395290012205,10
2482,1242.9018418014916,51.50473640283733,10
2483,1243.2953877167542,51.50675289564176,10
2484,1243.7546677192572,51.7149432517417,10
2485,1244.4110448109,51.85301938702835,10
2486,1244.849850087588,51.93720051114453,10
2487,1245.201226819896,51.980421208699106,10
2488,1245.6381255036388,52.12581830598028,10
2489,1246.293315241226,52.119374596721585,10
2490,1246.689047675601,51.907151387556844,10
2491,1246.994317154254,52.198929370839124,10
2492,1247.4106731394838,52.332710159943495,10
2493,1247.7398814288804,52.04988784504316,10
2494,1248.19908258679,52.129656971071725,10
2495,1248.8318809958942,52.16911160568245,10
2496,1249.4217972613965,52.165888478706044,10
2497,1249.9037452586374,52.100296161900914,10
2498,1250.3851576250213,51.98682888257694,10
2499,1250.845574252087,51.95322355816354,10
2500,1251.4351852926632,51.9038341167502,10
2501,1251.6104699765747,51.88458850945264,10
2502,1252.0055384714344,51.991113010918006,10
2503,1252.378188937317,51.96369839477884,10
2504,1252.8800725234728,52.16365102702547,10
2505,1253.5122657088118,52.0601205067064,10
2506,1254.0803232105784,52.003471318215944,10
2507,1254.5821180862526,51.87457265922306,10
2508,1255.2148190222244,52.09489061041907,10
2509,1255.6505851907368,52.258606582783024,10
2510,1255.9568097174702,51.942408993560754,10
2511,1256.3501816624605,52.07602848156487,10
2512,1256.9602611360726,51.903605649411816,10
2513,1257.2460335185797,51.94212797576903,10
2514,1257.621799975932,51.81793829683486,10
2515,1258.0585438292019,52.05306224183533,10
2516,1258.6075547624125,52.12620029065908,10
2517,1259.0244635513086,51.99662343185665,10
2518,1259.5708209826466,51.97110349935768,10
2519,1260.183712675513,52.112407516521536,10
2520,1260.5543726308538,52.227825373208354,10
2521,1260.9909184969206,52.08864942477029,10
2522,1261.6016781067015,51.95435434217654,10
2523,1262.14718039831,51.928874846469995,10
2524,1262.6287193495386,52.04386037664186,10
2525,1263.0008184496896,51.890029485808476,10
2526,1263.2627808674454,51.7316077750537,10
2527,1263.5491214077288,51.483174609540754,10
2528,1263.9649337340993,51.59929899969652,10
2529,1264.3139600063882,51.505823906604185,10
2530,1264.599132712032,51.59028269709302,10
2531,1264.9704930225155,51.63563012953277,10
2532,1265.5165049079237,51.824693282544736,10
2533,1266.150731977059,51.7739261254315,10
2534,1266.544583206553,51.82778665495415,10
2535,1266.8510221188524,51.86992066016265,10
2536,1267.373991473321,51.6427351765774,10
2537,1267.94246984624,51.65555050556578,10
2538,1268.3587727741701,51.834207433700726,10
2539,1269.0567839206492,51.74134246892621,10
2540,1269.2770202822403,51.80954353279164,10
2541,1269.8445085009294,51.88974260003207,10
2542,1270.216569825543,52.12605915405301,10
2543,1270.763238766805,51.98962896872235,10
2544,1271.158293066505,52.12783886632344,10
2545,1271.7926493847115,51.87068827804721,10
2546,1272.228665098626,52.143565305328664,10
2547,1272.6003853135894,51.88345223059876,10
2548,1273.168623204979,51.867394068795456,10
2549,1273.6274861779762,51.5742386418524,10
2550,1273.8473750404976,51.5768072608862,10
2551,1274.5452878019012,51.556630509539076,10
2552,1275.0913357188626,51.68540896378085,10
2553,1275.5281504294069,51.664744782315836,10
2554,1276.010164552243,51.78499293366679,10
2555,1276.534755666713,51.82876341600357,10
2556,1277.0601693698254,51.89123215211581,10
2557,1277.475781894958,51.70085360616365,10
2558,1278.0877167427193,51.60449792234022,10
2559,1278.6786076622982,51.7661842327774,10
2560,1279.0504005395187,51.65479479960679,10
2561,1279.6654471351073,51.73525256132846,10
2562,1280.3200810191825,51.63621887474919,10
2563,1280.7999721289668,51.685567392032034,10
2564,1281.1924525270674,51.96741576913126,10
2565,1281.7606909371348,52.01671616405364,10
2566,1282.2637394877547,52.141750131997185,10
2567,1282.8553964257683,52.20965123885028,10
2568,1283.096362289532,52.37845746394241,10
2569,1283.6427031065477,52.284486753291475,10
2570,1284.01420410554,52.17801056280649,10
2571,1284.5818837397003,52.27875207373425,10
2572,1285.1065244837305,52.4328805957197,10
2573,1285.5661955720245,52.25294680947054,10
2574,1286.0692255789693,52.111236481770604,10
2575,1286.4844864343345,52.32101807865896,10
2576,1286.9428511665749,52.32750584732691,10
2577,1287.4900624064862,52.34271407086509,10
2578,1287.839941688426,52.32422883687065,10
2579,1288.189370244835,52.113239696992025,10
2580,1288.4740655948306,52.231378596734665,10
2581,1288.9773570674047,52.13340787497378,10
2582,1289.3068164131344,51.92886260399648,10
2583,1289.8300276320745,52.030445509801076,10
2584,1290.1804840832326,52.072799481333355,10
2585,1290.6395195142243,52.31558817396903,10
2586,1291.0119736462443,52.28896019987652,10
2587,1291.6020209795402,52.253299499610456,10
2588,1291.9954580001618,52.27971063593182,10
2589,1292.3676441675887,52.443331980197456,10
2590,1292.8041582023711,52.57569016657206,10
2591,1293.3054338663992,52.50777828415645,10
2592,1293.8288857560183,52.6960321428302,10
2593,1294.5273385810465,52.61424730729565,10
2594,1295.030485129856,52.61338260260845,10
2595,1295.3589039421554,52.783093236895866,10
2596,1295.817675172344,52.775531828269266,10
2597,1296.3409721969563,52.8498638449494,10
2598,1296.8210617386108,52.6793286269834,10
2599,1297.1091572552832,52.66183252967307,10
2600,1297.6985774460513,52.62472819724085,10
2601,1298.0488036665388,52.7605624076057,10
2602,1298.4427621806176,52.639858314654155,10
2603,1298.795262210334,52.391239972839614,10
2604,1299.3411073576494,52.465556924760655,10
2605,1299.8873541452463,52.257638799876275,10
2606,1300.542232915101,52.4003942607162,10
2607,1301.1743639826045,52.46494629869247,10
2608,1301.7856189716026,52.58464070641626,10
2609,1302.0694817371725,52.48758911639448,10
2610,1302.3752365830842,52.21734004048366,10
2611,1302.9853796588197,52.269165374567464,10
2612,1303.5101369008128,52.535304355713926,10
2613,1303.8167232505862,52.579179385855326,10
2614,1304.2983915950986,52.84463552840411,10
2615,1304.8873234526134,52.681178668948625,10
2616,1305.3479868552784,52.768395403044465,10
2617,1305.981228835016,52.84302017180703,10
2618,1306.6145349410267,53.02698725381843,10
2619,1307.140719340963,53.24660020730167,10
2620,1307.5337812605098,53.33831788058623,10
2621,1307.949649161271,53.57691618545666,10
2622,1308.2994574582635,53.756877123230176,10
2623,1308.7151419884826,53.63932544820761,10
2624,1309.259917496955,53.71497189161102,10
2625,1309.7634720759947,53.87364429725855,10
2626,1310.2436199337003,53.96866814944675,10
2627,1310.57220165589,54.09418263207916,10
2628,1311.1413760112416,54.12841022734792,10
2629,1311.4034937138495,54.15397709703668,10
2630,1312.102489654885,54.460658632910665,10
2631,1312.6700475046518,54.55247396530111,10
2632,1313.2813951595022,54.53984489284881,10
2633,1313.6307959286794,54.7356199472568,10
2634,1314.0902978731137,54.88858456134753,10
2635,1314.5488707605614,54.999990220479155,10
2636,1315.2472331613874,54.79339237072736,10
2637,1315.5318723103442,54.6662161864471,10
2638,1316.1220811414655,54.69044882854962,10
2639,1316.6255859635671,54.49526100948,10
2640,1317.0194603049913,54.674448305051435,10
2641,1317.5000189957238,54.38362068680979,10
2642,1317.8278759224106,54.38247635952781,10
2643,1318.3319414902883,54.49796042686753,10
2644,1318.9229569151098,54.567786768699804,10
2645,1319.35954015604,54.50339981080702,10
2646,1319.7092489385514,54.41699237037575,10
2647,1320.146318319884,54.50135922846384,10
2648,1320.6494396934045,54.46333010876719,10
2649,1321.1303654837666,54.414525678547875,10
2650,1321.5454806259222,54.55094072113687,10
2651,1322.0263514628448,54.71762199873668,10
2652,1322.397404042907,54.968929317523816,10
2653,1322.768570512027,55.12269781382113,10
2654,1323.2489198860167,55.06135687946683,10
2655,1323.5979246515594,54.822591616551485,10
2656,1324.1885390370733,54.787489342353965,10
2657,1324.6253347898603,54.94549785848914,10
2658,1325.1278457647188,55.15049732142557,10
2659,1325.587355520283,54.97605853560593,10
2660,1326.0254892960397,55.13856946887197,10
2661,1326.4629969033635,55.01571010096586,10
2662,1326.9232047027765,55.077171172657714,10
2663,1327.1220405243846,55.02621892693347,10
2664,1327.6693542045152,55.00891220043021,10
2665,1328.0414397230313,55.256977663104045,10
2666,1328.412851418489,55.45342069254742,10
2667,1328.8723443075364,55.68360008649653,10
2668,1329.1563509781322,55.79693864911644,10
2669,1329.52898254938,55.65141656665807,10
2670,1330.074102719123,55.73060921567884,10
2671,1330.6196655223687,55.66791756083451,10
2672,1331.1459549555996,55.826426530374825,10
2673,1331.4525684551393,55.60867519216003,10
2674,1332.1741753551632,55.6934354236304,10
2675,1332.7855309837983,55.64880933330906,10
2676,1332.9826084297251,55.77261874909063,10
2677,1333.463704944012,55.83952144186908,10
2678,1333.8362453614375,56.0834274402078,10
2679,1334.168597485253,56.204755721555244,10
2680,1334.6042381252892,56.2095426601654,10
2681,1335.0411070114208,56.347974242298854,10
2682,1335.8484649986053,56.321861306113256,10
2683,1336.1978435309834,56.04050251085895,10
2684,1336.7230247800494,56.02725029675226,10
2685,1337.3768488237363,55.86158379714118,10
2686,1337.8790536677373,55.90827280118363,10
2687,1338.3384311593297,55.929093047785194,10
2688,1338.6670285134937,55.92673617376022,10
2689,1339.191877982787,55.79515526355472,10
2690,1339.8249849064916,55.75589332967892,10
2691,1340.197240206166,55.729678169794745,10
2692,1340.6339689278086,55.81013961576275,10
2693,1341.0930329292037,55.64645258433633,10
2694,1341.422014165734,55.748775166107606,10
2695,1342.0334097279786,55.607067313791234,10
2696,1342.491493022168,55.42837536034307,10
2697,1343.0377778047955,55.348483915906435,10
2698,1343.4088208186581,55.44370625852856,10
2699,1343.801551891701,55.25360262134032,10
2700,1344.3268180360649,55.374592594516365,10
2701,1344.7421416276509,55.55144486442025,10
2702,1345.2679154535717,55.492655943081964,10
2703,1345.574448091216,55.37171235873204,10
2704,1346.1645288512632,55.2874360325061,10
2705,1346.689328528898,55.33148608882662,10
2706,1347.2589775450492,55.09176109883684,10
2707,1347.5876194488646,55.08570152501164,10
2708,1348.089470958636,55.1906612715434,10
2709,1348.5061750300988,55.34709162785152,10
2710,1348.8565666213813,55.48978570519123,10
2711,1349.0972872320572,55.50116970333619,10
2712,1349.468478629154,55.56127565491276,10
2713,1349.969613967221,55.51692791332441,10
2714,1350.5801516043648,55.42917138051525,10
2715,1351.038465129284,55.25113439251207,10
2716,1351.7364592569925,55.265649491169604,10
2717,1352.0864509302996,55.420169859244844,10
2718,1352.4373631389194,55.5688248574584,10
2719,1352.6994866327034,55.599845999960905,10
2720,1353.2662046846306,55.69090137693587,10
2721,1353.7921042099852,55.84632999981176,10
2722,1354.2497494177244,55.693888935918174,10
2723,1354.774307811783,55.7397924288483,10
2724,1355.4513267477687,55.756739267707864,10
2725,1356.3023192839123,55.78239366766376,10
2726,1356.7831078289787,56.01785107438504,10
2727,1357.394198369005,55.91972531763732,10
2728,1357.7468396211166,55.67445451398654,10
2729,1358.010343215129,55.678783678933264,10
2730,1358.3822659226564,55.676929939959834,10
2731,1358.9506091233518,55.528314654774356,10
2732,1359.5845823566,55.435055905409385,10
2733,1359.9561960164262,55.51119444529893,10
2734,1360.5626404157747,55.423745195163605,10
2735,1361.34757120171,55.397903127412114,10
2736,1361.9373141476524,55.2697605137529,10
2737,1362.3964625288456,55.207106668221115,10
2738,1362.9415264578738,55.18978141726536,10
2739,1363.2897899390268,55.31429985664484,10
2740,1363.7914763573622,55.51260543800582,10
2741,1364.0770185904207,55.44741318874081,10
2742,1364.7104353845612,55.64703809160731,10
2743,1365.1470757676007,55.73605536976583,10
2744,1365.6272945503506,55.576548097097984,10
2745,1366.3065970141993,55.67257549392747,10
2746,1366.6998693680791,55.42943335686324,10
2747,1367.1587772933985,55.544121221177726,10
2748,1367.5300814018988,55.60730828450338,10
2749,1368.1191587303886,55.77392948731376,10
2750,1368.5560643786073,55.559106281325136,10
2751,1369.1227840346596,55.761302798451766,10
2752,1369.5177273353627,55.85127163562372,10
2753,1370.1295457591623,55.82572378202216,10
2754,1370.5233493719231,55.831670628981996,10
2755,1370.8061205029,55.97500842082271,10
2756,1371.2666795373873,56.04088001632205,10
2757,1371.923262940607,56.21413420463673,10
2758,1372.2301704909553,56.43242302241175,10
2759,1372.7330764487192,56.65801198313658,10
2760,1373.2790980482155,56.62027523144159,10
2761,1373.9127618055306,56.54188088447767,10
2762,1374.5021067054686,56.31449031393041,10
2763,1374.9830283727592,56.28254568348942,10
2764,1375.6817811046312,56.21813230891909,10
2765,1375.9665208052495,56.2165183007401,10
2766,1376.3600395401243,56.43981165224982,10
2767,1377.0370979521665,56.46873324734388,10
2768,1377.495546229689,56.42144453014211,10
2769,1378.085436701927,56.6892551322194,10
2770,1378.6539011476013,56.78663153674305,10
2771,1378.8741389392558,56.83125022588074,10
2772,1379.5528111536125,56.647779372193995,10
2773,1379.9910150801757,56.862955172253976,10
2774,1380.427739263716,56.73707781282,10
2775,1380.777088626036,56.63949054121764,10
2776,1381.2799692357344,56.58464235860958,10
2777,1381.7170770319951,56.45066635646715,10
2778,1382.023458585145,56.27990391805794,10
2779,1382.3949703351893,56.00586659230222,10
2780,1382.8321924839881,55.87669464849891,10
2781,1383.2898534246924,55.994611286993916,10
2782,1384.0540120149547,56.223374852154116,10
2783,1384.4480339656568,56.134517381462395,10
2784,1385.0173004812998,56.143192977157895,10
2785,1385.4543133489635,56.25350944519786,10
2786,1385.9140306200784,55.955218975884804,10
2787,1386.198590963733,55.76603911042315,10
2788,1386.8334207997145,55.71603694162899,10
2789,1387.1167252119817,55.57334424552415,10
2790,1387.55475831384,55.44339918030957,10
2791,1388.1654529333514,55.50309182930437,10
2792,1388.5825543663823,55.775516663579204,10
2793,1389.1282602964156,55.54686975618798,10
2794,1389.717437964134,55.61150401935658,10
2795,1390.5256318035838,55.76532274067362,10
2796,1391.1157554721226,55.555290991533745,10
2797,1391.6832323782437,55.48832930349913,10
2798,1392.425751038279,55.467142579220514,10
2799,1392.993696790372,55.238788825308816,10
2800,1393.38726186007,55.27482635901124,10
2801,1393.8458378241648,55.390612437457364,10
2802,1394.478623699944,55.170747414781644,10
2803,1394.8292818424306,55.15553545728955,10
2804,1395.4189408495497,54.952898484122876,10
2805,1395.746428943096,54.98717140183483,10
2806,1396.2069724658058,55.05791116114238,10
2807,1396.862458520555,55.173787008581165,10
2808,1397.1041779084446,55.29209632845712,10
2809,1397.649407801699,55.07017245397908,10
2810,1398.0241311714076,55.03555221426114,10
2811,1398.2871334874267,55.15874430822442,10
2812,1398.593608001725,55.364745925122975,10
2813,1399.2917069452292,55.42834824732193,10
2814,1399.7949731536219,55.53298930142482,10
2815,1400.3626548137602,55.326867236252305,10
2816,1400.8012062873138,55.4006417757806,10
2817,1401.34892789484,55.458391152820525,10
2818,1401.8306690747274,55.30523349676395,10
2819,1402.2240422891193,55.508210165820195,10
2820,1402.4436460072961,55.57062757213778,10
2821,1402.9688388042937,55.82342197382424,10
2822,1403.450412293413,55.569956843605986,10
2823,1403.9977170299057,55.7785561208801,10
2824,1404.3696665796342,55.975714672946545,10
2825,1404.9617199721242,55.905153464347,10
2826,1405.3980991697717,55.97980336794795,10
2827,1405.8568394429292,55.98127812972716,10
2828,1406.184902429992,55.990003783435455,10
2829,1406.6216276972111,55.948691430758124,10
2830,1407.3212467820467,55.889181816545396,10
2831,1407.7807103128537,55.937316955029544,10
2832,1408.0872415359713,55.977969964691034,10
2833,1408.611260199034,55.88134515924467,10
2834,1409.071779445478,55.89170734194832,10
2835,1409.334030073135,55.876199634988176,10
2836,1409.7505649085501,55.87118280051876,10
2837,1410.2964976204248,55.73110957240825,10
2838,1410.8421706232516,55.84402697587368,10
2839,1411.2782332012782,55.71276768190345,10
2840,1411.9771799130342,55.6647072539665,10
2841,1412.5237681797219,55.57933978556172,10
2842,1412.8956294710867,55.30260635850904,10
2843,1413.1599445646198,55.24137707336695,10
2844,1413.7713460690163,55.262225985470735,10
2845,1414.1453063548379,55.252190999313726,10
2846,1414.6689515324929,55.070993662471764,10
2847,1415.1801694161215,55.167485351284185,10
2848,1415.5305970223374,54.91886992355473,10
2849,1416.2078591256072,54.91273954691868,10
2850,1416.6460438372258,54.64235798998319,10
2851,1417.2351008125788,54.8314393241826,10
2852,1417.9335507702756,54.617305193535756,10
2853,1418.4141922561942,54.50764252654399,10
2854,1419.025574633771,54.42501626563087,10
2855,1419.57166867099,54.36311743028078,10
2856,1419.8333606806113,54.197304367831485,10
2857,1420.4677930473154,54.341919456494374,10
2858,1420.970180660939,54.62610743951151,10
2859,1421.4720386829597,54.805578849296445,10
2860,1422.0404809087083,54.7317598471105,10
2861,1422.435499268859,54.55943126211684,10
2862,1422.8518704107232,54.69452538497896,10
2863,1423.4410851983125,54.55741899737479,10
2864,1423.7705516382525,54.56600232287869,10
2865,1424.142831884098,54.63570118359837,10
2866,1424.6454261336426,54.90214705581147,10
2867,1425.1691185236346,54.86616729599674,10
2868,1425.6506287610973,54.6015819534528,10
2869,1426.2181716898692,54.507476369179074,10
2870,1426.6119241669871,54.50411821854725,10
2871,1427.1362257448166,54.37590042190047,10
2872,1427.5518895763435,54.24446497036638,10
2873,1427.9452434654518,54.29688829976394,10
2874,1428.3620000282733,54.188569662119605,10
2875,1428.9091269428266,54.0650419126522,10
2876,1429.347029947551,54.01215527482997,10
2877,1429.8483564611943,54.09086820945908,10
2878,1430.2839015126387,53.94549550378461,10
2879,1430.785772158395,53.94123940574959,10
2880,1431.0048576767192,53.89556815251565,10
2881,1431.3754706345478,54.17786471381655,10
2882,1431.7471415505547,54.24684999220423,10
2883,1432.140200641189,54.4292730564149,10
2884,1432.6645193213558,54.47515388421297,10
2885,1432.9721769862092,54.54999190750093,10
2886,1433.2561088644948,54.497546163742385,10
2887,1433.6512378674208,54.537649056917196,10
2888,1434.264439815799,54.41129435705299,10
2889,1434.7012131248046,54.50524088118265,10
2890,1435.2248456383245,54.74593867354481,10
2891,1435.835325828545,54.74535703826509,10
2892,1436.271752668002,54.733762572849116,10
2893,1436.5558563464097,54.678549070121775,10
2894,1436.8399174495719,54.628819501352574,10
2895,1437.495234255342,54.55363840329119,10
2896,1437.7147877840544,54.598153389024105,10
2897,1438.0218211758638,54.74770719559191,10
2898,1438.5905618506185,54.521573390489166,10
2899,1438.896449878549,54.636215091219086,10
2900,1439.594419283429,54.81249011002628,10
2901,1440.0310952857872,54.780429034948945,10
2902,1440.4035408215998,54.71677494847757,10
2903,1440.7967921654474,54.56018979060279,10
2904,1441.2554366239358,54.45307939487208,10
2905,1441.69361766441,54.593467765012356,10
2906,1442.196393486518,54.48953255721345,10
2907,1442.8308764947476,54.287236437180894,10
2908,1443.1154511062148,54.02677811319435,10
2909,1443.4875396666778,53.85430059069033,10
2910,1444.0113048342025,53.964395678067625,10
2911,1444.382938329419,54.04182327494065,10
2912,1444.9943771752532,54.081372221667756,10
2913,1445.3221866372874,53.98995685649473,10
2914,1445.867651055802,54.18984461161509,10
2915,1446.2190050835184,54.225420532353446,10
2916,1446.5685044471404,54.30409565729153,10
2917,1447.0282996463052,54.078416572499016,10
2918,1447.2911153203863,54.08506784308652,10
2919,1447.66224977847,54.274007848245105,10
2920,1448.0563469553163,54.24378976279159,10
2921,1448.4593409430438,54.0606463139536,10
2922,1448.7227946774976,54.253062419139795,10
2923,1449.0739384867852,54.31173368013388,10
2924,1449.7517903991181,54.23448347844527,10
2925,1450.0146831791326,54.21795139972701,10
2926,1450.5395123284943,54.07264044806796,10
2927,1450.824087181513,54.27618501259758,10
2928,1451.4351441119093,54.2745778310144,10
2929,1451.9367004783858,54.175419326252666,10
2930,1452.2864002933834,54.378494392575085,10
2931,1452.8110402856944,54.40174154806318,10
2932,1453.226822908868,54.49865175410579,10
2933,1453.9260187620475,54.57030268496479,10
2934,1454.5164933489573,54.42360067223903,10
2935,1455.0616659598145,54.45520947760729,10
2936,1455.6294784059917,54.59973326346944,10
2937,1456.2408390772289,54.52029074029034,10
2938,1456.852826170119,54.53525668102123,10
2939,1457.332558247777,54.50522266837278,10
2940,1457.7712452140847,54.6014227756303,10
2941,1458.2730031954452,54.54561008241123,10
2942,1458.7985790761575,54.868332537718274,10
2943,1459.2800860711168,54.63666815415116,10
2944,1459.7819361412803,54.60461937691617,10
2945,1460.240856412895,54.58836669083728,10
2946,1460.5697142429042,54.5430920181754,10
2947,1461.180965015263,54.34848993512281,10
2948,1461.5308735371132,54.214722978751915,10
2949,1462.1426260636003,54.10422746390325,10
2950,1462.5798875380624,53.981059173909784,10
2951,1462.885468233982,53.85016801291644,10
2952,1463.3687784352428,53.73812385121408,10
2953,1463.7631893673374,53.69458892012274,10
2954,1464.0487379631572,53.621017270102065,10
2955,1464.5960824691424,53.6431739225834,10
2956,1465.0336052787702,53.80154426833945,10
2957,1465.4703606989356,53.81604892639958,10
2958,1465.9949052859427,53.82911903490755,10
2959,1466.7161969267022,53.79191345289934,10
2960,1467.2200589815022,53.86966326195064,10
2961,1467.7437388758472,53.83831061192173,10
2962,1468.0711682297954,53.839434528621155,10
2963,1468.4208776586458,53.66992373095082,10
2964,1468.6848731065709,53.767090877034434,10
2965,1469.231448966281,53.927558714387196,10
2966,1469.7996018113038,53.982960521545145,10
2967,1470.2580602616308,53.99352425479394,10
2968,1470.673394509756,54.139399703317864,10
2969,1471.153675929899,54.47755369896897,10
2970,1471.5685964014297,54.16219215297868,10
2971,1472.0059699493281,54.04904590847774,10
2972,1472.1387187457879,54.03419898466742,10
2973,1472.5984136681113,54.11824114940817,10
2974,1473.1872346882126,54.134589196277716,10
2975,1473.7988530730713,54.24103342319707,10
2976,1474.3455490978763,54.263752889210906,10
2977,1474.7377740880609,54.02834929581217,10
2978,1475.2197296072613,54.17972295462305,10
2979,1475.6791700244512,54.09880066385251,10
2980,1476.0518222261687,54.18335488239317,10
2981,1476.7300047834444,54.171934703772024,10
2982,1477.1443289543217,54.019103018839225,10
2983,1477.6689110017248,53.770973336923106,10
2984,1478.1304565930318,53.83547350012743,10
2985,1478.5457859750095,54.05465625497814,10
2986,1479.0478488296096,54.275974137388964,10
2987,1479.4850049570184,54.14923699052451,10
2988,1479.967673048739,54.076804520628116,10
2989,1480.4042694374707,53.92939599612986,10
2990,1481.015801134909,53.794286545096035,10
2991,1481.3001686501566,53.75267448341823,10
2992,1481.869067032784,53.84367540549368,10
2993,1482.3934554200216,54.057407441588765,10
2994,1482.9175032576297,54.11087986400417,10
2995,1483.441071981247,54.20849330220943,10
2996,1483.7255066540802,53.99714479785933,10
2997,1484.2727790609492,54.22256293111991,10
2998,1484.7547239160042,54.23874486093172,10
2999,1485.2131407806435,54.156366694061326,10
3000,1485.758556539563,54.229827002044274,10
3001,1486.457090378802,54.20133598021221,10
3002,1487.0030126231854,53.98297983135125,10
3003,1487.2879012246285,53.988470030903116,10
3004,1487.7680187466913,53.7576404861424,10
3005,1488.0309632649755,53.80824470584498,10
3006,1488.489840792687,53.776070562570006,10
3007,1488.971867131153,53.68851504893456,10
3008,1489.4949307510421,53.7034284985685,10
3009,1489.9771529843583,53.70962975399446,10
3010,1490.58935380495,53.68742713011098,10
3011,1490.9389858594748,53.37607673842869,10
3012,1491.6807366485698,53.363691135275445,10
3013,1492.1399614989718,53.59437625668363,10
3014,1492.5566136491648,53.65268691254164,10
3015,1493.0595876848213,53.499696729723134,10
3016,1493.7142655962152,53.75941103407621,10
3017,1494.0870663388364,53.95523863108981,10
3018,1494.5250493963947,53.75952431708212,10
3019,1495.1360782940187,53.69379548264328,10
3020,1495.7480913828313,53.74776297709623,10
3021,1496.0532888394505,53.66673242352237,10
3022,1496.469615776679,53.634229540926924,10
3023,1497.103717937191,53.78174371358263,10
3024,1497.4102418159482,53.70677386461193,10
3025,1497.7599704827503,53.81949333560162,10
3026,1498.261788124769,53.87247915098938,10
3027,1498.8956537896756,53.82804843252065,10
3028,1499.3763525707805,53.735568053248485,10
3029,1499.8792462456333,53.98643360724009,10
3030,1500.5785348557706,53.876348476979544,10
3031,1501.168196811194,53.80864385301479,10
3032,1501.475608386325,53.92195657534331,10
3033,1502.0000603908857,54.1195777043172,10
3034,1502.524637887686,54.12704156991116,10
3035,1503.048360069036,54.24384306360869,10
3036,1503.5076599009267,54.131059221296745,10
3037,1503.8370515315678,54.25980766156608,10
3038,1504.14393722322,54.111704051133856,10
3039,1504.7767377541043,54.03856368214549,10
3040,1505.0190794378516,54.031372064127936,10
3041,1505.4347185142883,53.91104213975446,10
3042,1505.9600385867668,54.07513138640875,10
3043,1506.3748179179602,53.96198616299696,10
3044,1506.7907810359807,54.078631443005825,10
3045,1507.0762611058387,54.03734180299499,10
3046,1507.557162237536,54.16179149195032,10
3047,1508.167284692034,54.11922056352225,10
3048,1508.6469241770005,54.10214791699617,10
3049,1509.06392331922,54.30756767653598,10
3050,1509.5876149599355,54.16166329838068,10
3051,1510.0479517065742,54.222898158156795,10
3052,1510.5070777377523,54.164702221124976,10
3053,1511.076397143587,54.19017550093347,10
3054,1511.4715526020316,54.189689312494586,10
3055,1511.8211107074178,54.252904657496096,10
3056,1512.085271476584,54.14497597603788,10
3057,1512.4581415124737,53.9849114509331,10
3058,1512.9176923409566,53.74320375299987,10
3059,1513.3118997378308,53.97693846996333,10
3060,1513.5739841341358,53.97331040967824,10
3061,1513.944998962446,53.704517164831564,10
3062,1514.4251926931759,53.637434250571026,10
3063,1514.8849662921932,53.40770493017256,10
3064,1515.3883550363673,53.616947997452115,10
3065,1515.759742018572,53.43318995370523,10
3066,1516.133436514452,53.49869513806156,10
3067,1516.548805992004,53.72840225317758,10
3068,1516.898279474677,53.64011856434711,10
3069,1517.205458107263,53.59863312393623,10
3070,1517.7295327510697,53.64806706187742,10
3071,1518.473234262228,53.68062788423692,10
3072,1518.9329466909435,53.58667114121217,10
3073,1519.3505954110205,53.41158947219885,10
3074,1519.8526016254311,53.285487797862494,10
3075,1520.197335077142,53.36966895992233,10
3076,1520.5914910665324,53.23523495134896,10
3077,1521.1378785013242,53.35381494588889,10
3078,1521.5747830354142,53.14864886658093,10
3079,1522.0989471177113,53.29545387820602,10
3080,1522.3843829864625,53.3758992057797,10
3081,1522.6697280296996,53.45475066490178,10
3082,1522.9756922230104,53.688150711550094,10
3083,1523.5010226499548,53.655487376177646,10
3084,1523.9600450147152,53.90256380515956,10
3085,1524.461866719971,53.880057327309544,10
3086,1524.9643808042656,53.940027155870894,10
3087,1525.4473344830014,53.9739901222785,10
3088,1525.9061130806429,53.941999100439844,10
3089,1526.4308391285458,53.825656345769346,10
3090,1526.8892181912813,53.763343130939106,10
3091,1527.3062592001115,53.5490581178415,10
3092,1527.54821245128,53.66218091398397,10
3093,1528.225593147726,53.74335874226426,10
3094,1528.838152613125,53.75500613417186,10
3095,1529.21081447199,53.94990732534524,10
3096,1529.647461946075,53.98680075616697,10
3097,1530.0417801436317,53.874322294942914,10
3098,1530.50105751754,53.87629295785319,10
3099,1530.8521335561686,53.58690939469153,10
3100,1531.0922180055272,53.63854170577936,10
3101,1531.6823032127559,53.73658193381298,10
3102,1532.2509955832554,54.02251512914772,10
3103,1532.7975180176059,54.20085207931511,10
3104,1533.299775795837,54.090166548688934,10
3105,1533.6291275660171,53.895107887136916,10
3106,1533.9815819136638,53.80909277282607,10
3107,1534.3972490540314,53.97614363919179,10
3108,1534.834510050563,53.983157355284746,10
3109,1535.205620890621,53.914283697464626,10
3110,1535.5565079609767,53.9901171167951,10
3111,1535.970810582661,54.1840458695534,10
3112,1536.385963223951,54.17218156163124,10
3113,1536.6484567247574,54.12261532039248,10
3114,1536.86932853465,54.0785860446343,10
3115,1537.4156959061906,53.99210291652315,10
3116,1538.0922359893261,53.951679455298404,10
3117,1538.6164246844673,54.05211609021744,10
3118,1539.3821268101133,54.058068637817016,10
3119,1539.9740852815069,53.93339319413944,10
3120,1540.3888679080526,53.77141889704478,10
3121,1540.871780694699,53.776744749438194,10
3122,1541.1772857248206,53.892112557710725,10
3123,1541.7006613440494,53.77812380198488,10
3124,1542.160888727771,54.02722858826994,10
3125,1542.4898067410013,54.0869293852223,10
3126,1542.9492165774127,53.85953973493134,10
3127,1543.386099266154,53.97467054027559,10
3128,1543.6920749186063,54.153923485092065,10
3129,1544.3040046224921,54.31968417586809,10
3130,1544.8067727394766,54.141960584638,10
3131,1545.2433319215845,54.42447810179079,10
3132,1545.746416914335,54.46307248098404,10
3133,1546.3592176725158,54.46599581825732,10
3134,1546.8175498567682,54.6006934337794,10
3135,1547.3622845873458,54.66330135097617,10
3136,1547.820771325249,54.54041281360769,10
3137,1548.215063699126,54.72188116665433,10
3138,1548.8485899260386,54.88512703589765,10
3139,1549.3287937222444,55.00994521755097,10
3140,1549.7665270022558,55.10255693717363,10
3141,1550.399843547338,55.203207011378225,10
3142,1550.9023508884752,54.867650446292615,10
3143,1551.3185400557456,54.91293996898167,10
3144,1551.952262304819,54.738833022072654,10
3145,1552.3243659353252,54.52584598480948,10
3146,1552.9142713611918,54.5187528348865,10
3147,1553.2879168166332,54.79910850821653,10
3148,1553.899686310639,54.80753822015191,10
3149,1554.2947954154888,54.83076192919195,10
3150,1554.666182753264,54.65559025547714,10
3151,1555.1039876232048,54.756076793157305,10
3152,1555.7374374278718,54.67276464348792,10
3153,1556.1328210441504,54.89377183814746,10
3154,1556.592408829039,54.76694077383808,10
3155,1556.9221475313511,54.70990337816044,10
3156,1557.5129143289796,54.585125044875916,10
3157,1558.146704804553,54.52118098836072,10
3158,1558.5842995814357,54.36479079796161,10
3159,1558.9346603449344,54.252485353135874,10
3160,1559.2638847019193,54.32987891322525,10
3161,1559.7664523658311,54.264901694144235,10
3162,1560.2681561779325,54.35719568400513,10
3163,1560.531429860021,54.46497015023756,10
3164,1561.1432582269285,54.63877555991144,10
3165,1561.427746434218,54.71002694010797,10
3166,1561.8647062038742,54.70141899137502,10
3167,1562.2586652858658,54.892621645240915,10
3168,1562.6951754248098,54.879210054357415,10
3169,1562.9586374727855,54.958227490159885,10
3170,1563.547847824399,54.74783223196416,10
3171,1563.9200294990117,54.768991750819175,10
3172,1564.4879285525285,54.75161740660919,10
3173,1565.1212296287572,54.77423820246346,10
3174,1565.5149620813402,54.8159244179969,10
3175,1566.0165881090793,54.57498588966204,10
3176,1566.7157965268952,54.515093543736675,10
3177,1567.2861462648991,54.50234204673314,10
3178,1567.6582441345865,54.27270795886989,10
3179,1568.1835200043363,54.437888577693194,10
3180,1568.6412977347748,54.48040323102923,10
3181,1568.9042918934908,54.59671201095696,10
3182,1569.2772340532304,54.57308660835758,10
3183,1569.7356370867371,54.55773793314195,10
3184,1570.303607621246,54.607695446354555,10
3185,1570.718786530497,54.496578853738356,10
3186,1571.3085898393379,54.33818935474622,10
3187,1571.6807030574591,54.223587843816496,10
3188,1572.2708348963629,54.27263692239677,10
3189,1572.6437729994695,54.192327978315845,10
3190,1572.9498349085593,53.90536790195074,10
3191,1573.3450536867115,53.70580367271,10
3192,1573.608192269404,53.84394613486642,10
3193,1574.0243008899274,53.89562892200032,10
3194,1574.3743263504887,54.089384115166986,10
3195,1574.7046905669717,53.99284715993864,10
3196,1575.2511026818115,53.95618657551611,10
3197,1575.8630041599463,53.92123398004506,10
3198,1576.2573199503875,53.93807435221639,10
3199,1576.6499768916776,53.91670762293054,10
3200,1576.9991191892009,53.727479126222654,10
3201,1577.5888476392925,53.868926798730264,10
3202,1578.2220154006413,54.07785900578636,10
3203,1578.4840042995331,54.004000824632236,10
3204,1579.2048280981135,54.02600939535435,10
3205,1579.7939554262994,54.090111861419516,10
3206,1580.448601474675,53.98646692952699,10
3207,1580.9063692832024,54.026233891601024,10
3208,1581.2788449843533,53.9170404153434,10
3209,1581.7390414436873,53.678150140960746,10
3210,1582.349910602076,53.54448968920163,10
3211,1582.9608629632062,53.458900886414604,10
3212,1583.3327175777022,53.2676736337955,10
3213,1583.9897092535296,53.01511519855189,10
3214,1584.3828255961075,53.27710924220237,10
3215,1584.6266817013377,53.44540728343142,10
3216,1585.2612744592357,53.642757078140455,10
3217,1585.763340388174,53.92697316691188,10
3218,1586.1779191908956,53.7094487909131,10
3219,1586.7680053189017,53.73069604384793,10
3220,1587.4664271347835,53.59139977517388,10
3221,1587.815937971267,53.906250566365095,10
3222,1588.16663972538,54.02459456141256,10
3223,1588.3633153146998,54.011993989521024,10
3224,1588.8433335009831,54.03115457218501,10
3225,1589.3021107824322,53.90830089806607,10
3226,1589.8047343190624,53.9258336909137,10
3227,1590.2651286659416,54.05311908951034,10
3228,1590.8757911794426,53.9646637360554,10
3229,1591.4027719071282,53.94570564169813,10
3230,1592.166942122963,54.029018749330085,10
3231,1592.42959958006,53.99234445228185,10
3232,1592.6484405769138,54.119182314798,10
3233,1592.7807089388612,54.01558248089204,10
3234,1593.0867337231753,53.83239143240848,10
3235,1593.3511129851513,53.912861345920795,10
3236,1593.8325359682658,54.00037180108285,10
3237,1594.1605400013998,53.85166722397202,10
3238,1594.6200134035,53.631334897130614,10
3239,1594.9479441456285,53.652230545266434,10
3240,1595.496336482834,53.721472770551905,10
3241,1596.0855723081127,53.716078763602034,10
3242,1596.5663723356352,53.87323342463386,10
3243,1597.1121719293078,53.98925494880734,10
3244,1597.353216988699,54.06119425372501,10
3245,1597.703181057262,53.86374704750171,10
3246,1598.1631837505188,53.96746380312602,10
3247,1598.622455540628,53.94342557273164,10
3248,1599.10595904694,54.0947124471432,10
3249,1599.5218472678202,54.023126956325875,10
3250,1600.025477138626,53.916873117664466,10
3251,1600.4186711945647,53.73008545834158,10
3252,1601.052173292353,53.72217625050339,10
3253,1601.4672841911104,53.77082023922512,10
3254,1601.883202799433,53.81876885086484,10
3255,1602.2134493197025,53.85752956195049,10
3256,1602.6506126147983,53.938464714133374,10
3257,1603.2849239526927,54.19972754590184,10
3258,1603.8753021198559,54.335278989871604,10
3259,1604.0947523692316,54.21746920350497,10
3260,1604.597050946334,53.894701477702455,10
3261,1605.0350902763007,53.83982040808109,10
3262,1605.6457986887265,53.8827545696747,10
3263,1606.063166111603,53.936091989950896,10
3264,1606.783458366989,53.881986038851245,10
3265,1607.155629875838,53.90234462467074,10
3266,1607.7672965259233,54.161572797288336,10
3267,1607.9426444534893,54.18106522812142,10
3268,1608.3808766709121,54.37529762879981,10
3269,1608.775288076692,54.47741050419836,10
3270,1609.321407378326,54.22823298069051,10
3271,1609.34583613327,54.22837129835185,10
3272,1609.8485566121344,54.40911409503385,10
3273,1610.1981576082621,54.59926723031583,10
3274,1610.699348020943,54.63040472478434,10
3275,1611.0271125924469,54.60730657585939,10
3276,1611.6611620795015,54.45189126579685,10
3277,1612.0990274996211,54.38773824537966,10
3278,1612.622645935247,54.26782590051945,10
3279,1613.1024147051835,54.08679904980626,10
3280,1613.6482971952482,54.2158822222402,10
3281,1614.0636419886266,53.97714394003858,10
3282,1614.4804272102701,54.00442446541608,10
3283,1614.8741124352232,54.14319725420042,10
3284,1615.485960453498,54.06324047728878,10
3285,1615.925477081064,54.02287941003161,10
3286,1616.2537185589636,54.199442386970276,10
3287,1616.604915292592,54.31921071474616,10
3288,1616.955715235649,54.32408616689208,10
3289,1617.6099433698932,54.50152414136536,10
3290,1618.0048954016431,54.60447824216877,10
3291,1618.6163512024314,54.580577303230626,10
3292,1619.2271814419403,54.81672582157803,10
3293,1619.5328806079626,54.842071411918994,10
3294,1620.1875474762046,54.71877777652727,10
3295,1620.7561041093134,54.94179748023813,10
3296,1621.279687714735,54.792860199092424,10
3297,1621.7183353836704,54.70474169776585,10
3298,1622.373414875898,54.651316979170254,10
3299,1622.9188467965862,54.7352507627513,10
3300,1623.2469035909662,54.84787108985117,10
3301,1623.7277179031148,54.785486316994294,10
3302,1624.1656175244993,54.72538796632445,10
3303,1624.515181090429,54.85048812679686,10
3304,1625.1478194054212,54.8848531527004,10
3305,1625.7820218088484,54.9747585028817,10
3306,1626.1551087919256,55.050874523193706,10
3307,1626.7215619248916,54.91603589505506,10
3308,1626.9405007336195,54.994284305791474,10
3309,1627.5973519487102,55.097253817950815,10
3310,1628.1209576223218,55.234790175240256,10
3311,1628.603951863834,55.06717227008907,10
3312,1628.997362075374,55.083783991734954,10
3313,1629.5456389119931,55.046104914664745,10
3314,1630.048976706947,55.08771796473723,10
3315,1630.421698585315,54.85827368115887,10
3316,1630.8805029187758,54.76085967751062,10
3317,1630.9682781475658,54.554493443687264,10
3318,1631.6671748693682,54.49020751532264,10
3319,1632.1269592695412,54.443609425740554,10
3320,1632.7167181066798,54.3220424352217,10
3321,1632.9998191365894,54.317097620801206,10
3322,1633.5889457834696,54.597219936551255,10
3323,1634.0268587380792,54.57065809235351,10
3324,1634.485864631442,54.447820789720836,10
3325,1634.9898199642391,54.61832410975783,10
3326,1635.4705216080847,54.61403855536878,10
3327,1635.7557258048896,54.51252012642224,10
3328,1636.2364836654128,54.44276847132488,10
3329,1636.762914376803,54.54104255589413,10
3330,1637.1344422656352,54.39984423031485,10
3331,1637.3754771339732,54.31868852093184,10
3332,1637.7707572458628,54.400188971022374,10
3333,1638.2964821633925,54.41479991260968,10
3334,1638.8428476158904,54.38026771150387,10
3335,1639.3459090148506,54.26925011935053,10
3336,1639.5666016174291,54.42881729914253,10
3337,1640.0256660809675,54.4213891459836,10
3338,1640.309853979677,54.52096659888709,10
3339,1640.6381386966154,54.43758313838395,10
3340,1640.9668441838573,54.607567254608924,10
3341,1641.4033702046513,54.48824779042986,10
3342,1641.8404826933124,54.50552347479626,10
3343,1642.2773427793468,54.75812968182841,10
3344,1642.7793284824322,54.95191531859422,10
3345,1643.0860256446497,55.034658420359364,10
3346,1643.5229599978768,55.20889611731284,10
3347,1643.960956027291,55.02620584837669,10
3348,1644.4864483845577,54.972010171973494,10
3349,1645.1419435126688,54.7996264548754,10
3350,1645.556385922193,55.05367036829896,10
3351,1645.9082623026675,55.04525963090264,10
3352,1646.0406047565489,55.20877187135988,10
3353,1646.4572970632792,55.04167504212532,10
3354,1646.763278622891,55.17012379776049,10
3355,1647.2363225174468,55.1488028830767,10
3356,1647.6962240764556,55.225828808982705,10
3357,1648.2416984586907,55.140514376216814,10
3358,1648.6800128290154,54.98314860278101,10
3359,1649.1186181810185,54.855991566997,10
3360,1649.5766312221353,54.939114128763,10
3361,1650.1011804714126,55.046072065553254,10
3362,1650.3428871683834,55.022787457385064,10
3363,1650.9978598810162,55.04999822406787,10
3364,1651.5012582528848,54.97536086714015,10
3365,1652.0922663451663,54.87435224375375,10
3366,1652.4865215240163,55.01450444147208,10
3367,1652.7943404753037,55.27946169725528,10
3368,1653.2530558943392,55.289704843835366,10
3369,1653.6904984612033,55.066846814481124,10
3370,1654.0396361153992,55.21872312437208,10
3371,1654.6529092499143,55.353428357223585,10
3372,1655.0685266095793,55.329751139619795,10
3373,1655.4618453165863,55.02434604839516,10
3374,1656.0519228859553,55.0600860069402,10
3375,1656.424241518261,55.26794067830726,10
3376,1656.8172508912544,55.12283643763617,10
3377,1657.2769213609686,55.06054249420925,10
3378,1657.736474837624,55.21996797760095,10
3379,1658.198417630366,54.972514673763605,10
3380,1658.4179977291576,55.14922245834389,10
3381,1659.008754468397,55.132730428482816,10
3382,1659.4894914705546,55.07399911644162,10
3383,1659.8610209853402,55.27048971459443,10
3384,1660.4279282704854,55.32091724450575,10
3385,1661.2578087116603,55.30608151837386,10
3386,1661.5845306763526,55.440784443822494,10
3387,1662.087889094992,55.33961135821767,10
3388,1662.4598642071694,55.58147606355145,10
3389,1662.7662363207928,55.52408986912191,10
3390,1663.5523582487713,55.393766381750225,10
3391,1663.9468756966235,55.47032377283614,10
3392,1664.4496930817288,55.37387559993749,10
3393,1664.8212338811386,55.303740061272656,10
3394,1664.99772813886,55.303960515918334,10
3395,1665.6087263323673,55.347242818726606,10
3396,1665.8930636516147,55.54305077281454,10
3397,1666.26388081197,55.35745970968413,10
3398,1666.5286065745008,55.17818963292567,10
3399,1667.336021049075,55.12814906998942,10
3400,1667.5760009958758,55.313033015389905,10
3401,1668.1434048154447,55.36104908201213,10
3402,1668.47270844902,55.47505037297885,10
3403,1668.8670708255606,55.270021231006815,10
3404,1669.216364580749,55.24439483381764,10
3405,1669.5223163548762,55.03760553586579,10
3406,1670.1125298412637,55.099359560600625,10
3407,1670.4840863331242,55.046975888432804,10
3408,1670.9873112311234,54.77805194278345,10
3409,1671.3804331753,54.62369883036618,10
3410,1671.992660413287,54.48343176643269,10
3411,1672.4748380536553,54.476644318148985,10
3412,1673.0433830558395,54.46621795755487,10
3413,1673.6548798171837,54.436806767169365,10
3414,1674.1582343102727,54.288904179745444,10
3415,1674.4658736323313,54.35633769910869,10
3416,1675.0134175550616,54.35996676159095,10
3417,1675.516957239602,54.59358747733313,10
3418,1676.1959257631781,54.5984931855788,10
3419,1676.524415991194,54.54396802072007,10
3420,1676.8745155842098,54.56215577120053,10
3421,1677.3124477271922,54.470753591519916,10
3422,1677.7944287240375,54.67612936422556,10
3423,1678.318129963624,54.58538776308983,10
3424,1678.7558960539732,54.55811664044203,10
3425,1679.1067928328982,54.600224675714905,10
3426,1679.6741473830175,54.431470324129094,10
3427,1679.91615272012,54.31419107782713,10
3428,1680.376566327909,54.07409663856601,10
3429,1680.9879294260493,53.94468482550511,10
3430,1681.5120905499602,53.861965347324606,10
3431,1682.297902827277,53.72881637956028,10
3432,1682.6026529996689,53.869091656402915,10
3433,1683.08362699506,53.931440939519156,10
3434,1683.4771255587937,54.197293484130896,10
3435,1683.9127898421818,54.42464613387644,10
3436,1684.1327401549806,54.502695692015024,10
3437,1684.679015606803,54.71864514928371,10
3438,1685.3118008524368,54.75524590446592,10
3439,1685.900484720977,54.8078832212175,10
3440,1686.4044636326737,54.9687424061089,10
3441,1686.8851190273854,55.11452962698945,10
3442,1687.3446152018998,55.207999797455834,10
3443,1687.8926670215885,55.11342513853895,10
3444,1688.4170050325156,55.31899364139889,10
3445,1688.9634783879167,55.278619052594216,10
3446,1689.575035775581,55.227227489713215,10
3447,1690.0335775234107,55.19254927285296,10
3448,1690.624183725185,55.27925368242559,10
3449,1691.1696088401102,55.47594329406101,10
3450,1691.7839406770297,55.42198074736707,10
3451,1692.1127383119408,55.36575453700338,10
3452,1692.63584440638,55.35611493925328,10
3453,1693.0079809350634,55.32101906415743,10
3454,1693.554959674709,55.3003328935729,10
3455,1694.0153903262894,55.37228113955662,10
3456,1694.4955571372234,55.5782779457491,10
3457,1694.867035417728,55.676149173141575,10
3458,1695.3264909986647,55.87171511529021,10
3459,1695.9383383721968,55.83912027432153,10
3460,1696.3323244561773,56.00946565348106,10
3461,1696.8577694995577,55.990976129241616,10
3462,1697.315779788536,55.80156510866557,10
3463,1697.622767940522,55.84444775333865,10
3464,1697.9078008215383,55.769506379395374,10
3465,1698.4972972935307,55.62700765521131,10
3466,1699.2833107100953,55.69616727226812,10
3467,1699.8506248559722,55.80904860685538,10
3468,1700.1569363857277,55.93504018478973,10
3469,1700.509640244133,55.73475871096943,10
3470,1700.8154814745667,55.69028789716863,10
3471,1701.1825941678721,55.80746639713777,10
3472,1701.708541528965,55.73969272745067,10
3473,1702.2120388262872,55.55372725982553,10
3474,1702.496110713447,55.595471509922724,10
3475,1702.934369871396,55.54848628068282,10
3476,1703.4815758707336,55.442499528562024,10
3477,1703.9643444004116,55.25829219699364,10
3478,1704.33830816172,55.14687771315473,10
3479,1704.77420376504,55.2442982681235,10
3480,1705.232671395933,55.42425655903721,10
3481,1705.8657736276032,55.222210060519174,10
3482,1706.4346652894935,55.19546535743778,10
3483,1706.936655827106,55.47686476900984,10
3484,1707.5691077710005,55.554009146765054,10
3485,1707.8974389758635,55.498255222356775,10
3486,1708.4220852944109,55.59167573436602,10
3487,1708.9032087385167,55.535421633953185,10
3488,1709.406336506589,55.732253408948175,10
3489,1709.8013518749988,55.607152236937196,10
3490,1710.1084207845456,55.43787809125855,10
3491,1710.6760495767644,55.422092043311764,10
3492,1711.1363599452113,55.429352818294085,10
3493,1711.4650456900313,55.413493354151136,10
3494,1711.8578767495503,55.48623565822899,10
3495,1712.3384594169097,55.62420986499535,10
3496,1712.863561835574,55.483927426567845,10
3497,1713.2999353206862,55.72874927502882,10
3498,1713.7594345591672,55.73822271013421,10
3499,1714.1963996550057,55.6220216174637,10
3500,1714.634068702438,55.57499311938419,10
3501,1715.0491779468637,55.327848524917556,10
3502,1715.4875244387563,55.50153931527165,10
3503,1716.1856701889913,55.48879383449198,10
3504,1716.797779601263,55.60133924182836,10
3505,1717.389235800584,55.61836962664385,10
3506,1717.7637185878982,55.559212959447535,10
3507,1718.1572075863544,55.70382479998922,10
3508,1718.5947502497886,55.67216992009503,10
3509,1719.184549285224,55.72531440114126,10
3510,1719.4480400457046,55.51730303471085,10
3511,1719.9290715478915,55.484823115953105,10
3512,1720.2358020258896,55.62098219559803,10
3513,1720.760713984678,55.74261043712553,10
3514,1721.2420388911232,55.84170887926987,10
3515,1721.7010535826205,55.69006150143212,10
3516,1722.0958934744096,55.589674432788314,10
3517,1722.6190862629296,55.54675380479458,10
3518,1723.056846666384,55.6211994453127,10
3519,1723.4531678928656,55.56468939389175,10
3520,1723.846515849922,55.891422289340575,10
3521,1724.435664485972,55.79845771105711,10
3522,1724.937954340427,55.87619754695081,10
3523,1725.3975474638573,56.01319492631003,10
3524,1725.923638382747,56.23145127188731,10
3525,1726.57905177132,56.249251957667646,10
3526,1727.15517063141,56.26571363636491,10
3527,1727.6788735504215,56.36152136829552,10
3528,1728.0502092959873,56.302064627782684,10
3529,1728.6621357671625,56.280154118671454,10
3530,1729.1216893376247,56.17087542454722,10
3531,1729.319808605312,56.24604767115456,10
3532,1729.8892001138781,56.147196821409146,10
3533,1730.3044427245113,55.953713947925635,10
3534,1730.633948341192,55.82107135317529,10
3535,1731.291756976414,55.8741084432629,10
3536,1731.5980693882261,55.93648123031049,10
3537,1731.8834774252475,56.127132000940634,10
3538,1732.581657628926,56.193613150265605,10
3539,1733.1058908354867,56.360953697786066,10
3540,1733.7406330197584,56.331777166532234,10
3541,1734.3526527538409,56.23026743043555,10
3542,1734.659515465314,55.923997291072666,10
3543,1735.2715383415193,56.09451155602943,10
3544,1735.3819102843815,56.02108854997919,10
3545,1735.6018936465468,56.057206677471385,10
3546,1735.9522773806443,56.013679732492996,10
3547,1736.1496343913768,55.78605885052594,10
3548,1736.5872833958515,55.651072580985776,10
3549,1737.0343843918151,55.678041404027006,10
3550,1737.3854775321543,55.557487999384335,10
3551,1737.8216654797184,55.45725649509542,10
3552,1738.2156079272595,55.68329308401903,10
3553,1738.6977062394394,55.703738319423714,10
3554,1739.2238757308091,55.36175299833978,10
3555,1739.8804112577334,55.37780675104944,10
3556,1740.1859847535857,55.42751251879044,10
3557,1740.7130862814531,55.39068428860853,10
3558,1741.0835550956356,55.508550946329116,10
3559,1741.738107647566,55.59007519586799,10
3560,1741.9788936737543,55.60615684495918,10
3561,1742.416544620811,55.77263966582133,10
3562,1742.9407576310125,55.745082488465584,10
3563,1743.2901672853027,55.80011545996041,10
3564,1743.7295051185133,55.92062056457621,10
3565,1744.3221311519349,56.01185803685495,10
3566,1744.6935443813625,55.97065683036991,10
3567,1744.9997333812921,56.09974227400025,10
3568,1745.5897995183927,56.03880092572168,10
3569,1746.1572610435262,55.968931258410535,10
3570,1746.7278427386277,56.057214335896866,10
3571,1747.1656999950774,56.03803904857928,10
3572,1747.6898381027318,55.694844446293224,10
3573,1748.2138358340562,55.609822012558446,10
3574,1748.8244078243613,55.625242872813374,10
3575,1749.4369261011602,55.66567493353099,10
3576,1750.0279139000704,55.633346380539365,10
3577,1750.1820061275162,55.544531301046035,10
3578,1750.9465799016693,55.46887477019514,10
3579,1751.3416016879669,55.56859443280271,10
3580,1751.6832639918175,55.79361246101988,10
3581,1752.0351624549476,55.69586410353841,10
3582,1752.4519250620353,55.83946605701019,10
3583,1752.9114606323722,55.853544433259735,10
3584,1753.3718089799263,55.740627153329704,10
3585,1753.569515260881,55.725667543600565,10
3586,1753.9647745476773,55.817742211317864,10
3587,1754.5769430161913,55.76052839299901,10
3588,1755.0141706256995,55.55613707774109,10
3589,1755.5402477923326,55.53975691770785,10
3590,1755.9131297371168,55.603317261472704,10
3591,1756.2837653366519,55.51551048919506,10
3592,1756.8745388279106,55.58055106264663,10
3593,1757.4446769492781,55.70563533262792,10
3594,1757.9474838197395,55.64550954583325,10
3595,1758.5362051296602,55.46793352672072,10
3596,1758.9518002591503,55.74275455597712,10
3597,1759.4112772176627,55.776445124656334,10
3598,1759.8707230880784,55.82433033821702,10
3599,1760.1764930496852,56.00092450006155,10
3600,1760.4848183023628,56.13099979080254,10
3601,1760.9217482517256,55.93187463488982,10
3602,1761.2061842992716,55.78146755880048,10
3603,1761.7959242839752,56.008258001715994,10
3604,1762.1885414620847,55.79983114164417,10
3605,1762.5608607947338,55.6764503021539,10
3606,1763.0859978994552,55.619986558928346,10
3607,1763.391835835427,55.79309272294573,10
3608,1763.7861071829545,55.8660134086841,10
3609,1764.2436883159594,56.06701253120136,10
3610,1764.877109688933,56.260008375125786,10
3611,1765.3135719901634,56.219193721393765,10
3612,1765.6855230468932,56.3385742076135,10
3613,1765.9697984022575,56.04323049319831,10
3614,1766.4939509473666,55.956343431389236,10
3615,1766.9735259747733,56.05239500630018,10
3616,1767.3886499013322,55.9929067444394,10
3617,1767.8258136377003,56.022527145089185,10
3618,1768.2211404778943,55.96576810347087,10
3619,1768.549576219869,55.76090123807553,10
3620,1769.0318188367642,55.628203481221526,10
3621,1769.3607635443677,55.879262425488626,10
3622,1769.7118792120211,55.904036159730296,10
3623,1770.3457080126998,55.79966199878438,10
3624,1770.8478410161201,55.734028829021284,10
3625,1771.1538156732072,55.80440993753577,10
3626,1771.570221769983,55.870981366795974,10
3627,1772.1822486402011,55.779477953402214,10
3628,1772.6854056661518,55.70339523010143,10
3629,1773.230570750773,55.42212841514321,10
3630,1773.668438371989,55.621577623108124,10
3631,1774.3243807666397,55.63390616676655,10
3632,1774.958147636665,55.68953326723264,10
3633,1775.1776032347564,55.66091123126875,10
3634,1775.6381998146358,55.84727684329426,10
3635,1776.1618767754717,55.80573935826038,10
3636,1776.5364773936205,55.68587105684608,10
3637,1776.8210692809394,55.589562571790914,10
3638,1777.410416725159,55.68248500546662,10
3639,1777.7808221825483,55.78018734913947,10
3640,1778.2179161185854,55.61609937137465,10
3641,1778.7865907786497,55.74338886291274,10
3642,1779.1581381840865,55.748440455845184,10
3643,1779.6811622673933,55.969644064676544,10
3644,1780.1830932177224,55.76515574612414,10
3645,1780.6193610466391,55.760494681581704,10
3646,1780.9057015046674,55.53819224160781,10
3647,1781.4309550476767,55.49061722672031,10
3648,1781.802216244704,55.546598365933605,10
3649,1782.240173118014,55.513992014166035,10
3650,1782.6649870553254,55.64744911698894,10
3651,1783.23218017948,55.50969948728166,10
3652,1783.6693470648424,55.536807537060916,10
3653,1784.083879864546,55.552364642431485,10
3654,1784.478113591463,55.755470465625955,10
3655,1785.0464559530562,55.95903686460049,10
3656,1785.4625256568572,56.04752242947815,10
3657,1785.9657009917214,56.020123286596935,10
3658,1786.5775240985581,56.101591890987116,10
3659,1786.8857248418467,55.91928236804905,10
3660,1787.0612219133739,55.95220211671582,10
3661,1787.6092458725748,55.96729801419013,10
3662,1787.8079997408954,55.95657187558636,10
3663,1788.2453209168543,56.099409471884336,10
3664,1788.8788124442185,56.04302143921253,10
3665,1789.4249432942793,55.96213164487385,10
3666,1790.0146031360146,56.04530716242754,10
3667,1790.5383179261498,56.21200912931942,10
3668,1791.0848914049755,56.33799986063652,10
3669,1791.6540106802968,56.26486518413764,10
3670,1792.112535601013,56.19927360936481,10
3671,1792.3744246748786,56.401990810616034,10
3672,1793.0073008852364,56.359168984871935,10
3673,1793.4240602872528,56.44122071821001,10
3674,1793.8621036032885,56.43434556954761,10
3675,1794.2989809330043,56.29145903233789,10
3676,1794.6488920538227,56.434740417475965,10
3677,1795.2830172139256,56.25730643405356,10
3678,1795.6553590732008,56.31768151489787,10
3679,1796.2009446815628,56.46342105394305,10
3680,1796.6824142144444,56.60027153755175,10
3681,1797.2077114329743,56.45937616633842,10
3682,1797.7320322873554,56.44997485784431,10
3683,1798.3660770921902,56.407791854438784,10
3684,1798.7384809872194,56.45876008923981,10
3685,1799.132406109105,56.31620547396051,10
3686,1799.787398593929,56.35664695917036,10
3687,1800.3130001171498,56.37081308650088,10
3688,1800.7711217744595,56.09485810040471,10
3689,1801.1863194225807,56.24070579189835,10
3690,1801.5355368781263,56.426816355360046,10
3691,1802.083333065432,56.67004947979122,10
3692,1802.5419300229073,56.49978991656282,10
3693,1803.0885519516971,56.37659376278534,10
3694,1803.3746192313167,56.152846003165116,10
3695,1803.8787655903113,56.365756986303666,10
3696,1804.1208827374005,56.30526893899541,10
3697,1804.668634918884,56.46319504435698,10
3698,1805.2589449454717,56.474160608821016,10
3699,1805.8266955787808,56.26224364951577,10
3700,1806.2857589348398,56.36879247692699,10
3701,1806.8318264816626,56.49377661110011,10
3702,1807.35680692389,56.780566265462355,10
3703,1807.8153028741756,56.626069838409165,10
3704,1808.2746737615719,56.42542685826868,10
3705,1808.885311603512,56.459128096885586,10
3706,1809.628032796157,56.43587425394768,10
3707,1809.9785282510918,56.572302417006576,10
3708,1810.264378786692,56.43737459995453,10
3709,1810.701339717302,56.2776063904773,10
3710,1811.2264281061275,56.59887538166734,10
3711,1811.6637761100792,56.31356086855467,10
3712,1812.1233314972455,56.31593473592001,10
3713,1812.4077184595158,56.13822861928577,10
3714,1812.8234234249558,56.06231931428005,10
3715,1813.4123712173573,55.987771402245734,10
3716,1813.740955451187,55.757407438396505,10
3717,1814.1359151141703,55.73161887739819,10
3718,1814.5531390539732,55.549266491112206,10
3719,1814.9689516962985,55.32164898943501,10
3720,1815.557974973733,55.33727759588472,10
3721,1816.0174595079093,55.34518317952177,10
3722,1816.629125723353,55.15011975563199,10
3723,1816.9144924632546,55.41554404689416,10
3724,1817.4608548920423,55.31458523706328,10
3725,1817.8100284755226,55.155035934828,10
3726,1818.1822621298124,55.19800882812764,10
3727,1818.3586199288734,54.98415503817994,10
3728,1818.9696749777843,54.707427752017175,10
3729,1819.3197286649643,54.55826818097221,10
3730,1819.7788464342016,54.71549745690909,10
3731,1820.3265567917601,54.72947267982375,10
3732,1820.8510705050326,54.940372864530495,10
3733,1821.441784456231,54.83092200504131,10
3734,1821.9883990207975,54.738256969206276,10
3735,1822.5118922839997,54.93625611437944,10
3736,1823.015096055046,54.79238355203936,10
3737,1823.3646758930877,54.76584409732322,10
3738,1823.9114352071963,54.81369412388067,10
3739,1824.3708688530653,54.87666101627305,10
3740,1824.678651743813,54.845537933787824,10
3741,1825.1595601964113,54.98254351951915,10
3742,1825.5966865255825,55.18099646403517,10
3743,1826.16429859403,55.09306594806835,10
3744,1826.667570856695,54.93295204321945,10
3745,1827.212943452206,54.72409646825562,10
3746,1827.6506012584782,54.407824947492294,10
3747,1828.0873638762873,54.4578756994022,10
3748,1828.4593555454442,54.723479322799164,10
3749,1828.9421414645367,54.84077806782898,10
3750,1829.4014714085656,54.60437915487478,10
3751,1829.7962090529877,54.506311280522,10
3752,1830.1899455803637,54.61732430188214,10
3753,1830.6918465905496,54.45830804592274,10
3754,1831.1311676784921,54.466252582714205,10
3755,1831.307271060747,54.532191656856114,10
3756,1832.0491295405307,54.57402315610443,10
3757,1832.4005692001763,54.60648262951263,10
3758,1832.9464648609203,54.402297361634545,10
3759,1833.4719719031807,54.56750810444823,10
3760,1834.0191883074554,54.43843924495236,10
3761,1834.2169417575362,54.57550052075064,10
3762,1834.5457562527404,54.36161708095283,10
3763,1834.9830344784561,54.26649648072864,10
3764,1835.3331688695791,54.17385879894319,10
3765,1835.682171778061,54.21972595235494,10
3766,1836.098511597654,54.36914419458674,10
3767,1836.469274080156,54.1865366625997,10
3768,1836.9066665197947,54.27121430566516,10
3769,1837.540499774288,54.148260330529475,10
3770,1838.1531325159892,54.03966841548554,10
3771,1838.6118176831133,54.13753677635286,10
3772,1838.985296233201,54.141353263125445,10
3773,1839.4879403666953,54.15549891839333,10
3774,1840.056579627057,54.047300888488195,10
3775,1840.6702557718895,54.27793765210943,10
3776,1841.088859534912,54.07233741402862,10
3777,1841.526128695589,54.01954914281667,10
3778,1841.8986123773043,53.804121042672925,10
3779,1842.4023368511905,53.68909607691027,10
3780,1842.9726016041664,53.82055096073956,10
3781,1843.0830756349308,53.83738293544016,10
3782,1843.6083861886432,53.83542082358193,10
3783,1844.0262350736975,53.7532579445693,10
3784,1844.4205118949362,53.84315983555914,10
3785,1844.8380091036863,53.90096995192938,10
3786,1845.4504013056762,53.81525147870064,10
3787,1846.0616087568906,53.709176485914675,10
3788,1846.4763055990693,53.84316021271974,10
3789,1846.8700638394319,53.76610415649052,10
3790,1847.1127014081787,53.79434082561478,10
3791,1847.8333839734078,53.7971876979866,10
3792,1848.4010992569251,53.76319745650926,10
3793,1848.8600150358002,53.84343656071136,10
3794,1849.2098459534795,53.89041653576371,10
3795,1849.4952431494148,53.83751819732457,10
3796,1849.888173688448,53.85137806675556,10
3797,1850.5655514894916,53.737765819149644,10
3798,1851.0234000496798,53.65947633073901,10
3799,1851.417242015045,53.61905144244205,10
3800,1851.8124551119085,53.72374461431336,10
3801,1852.337600695933,53.63091317972724,10
3802,1852.8847454633983,53.49313553660749,10
3803,1853.3889711916095,53.37685427787492,10
3804,1853.9273060510063,53.423665415492955,10
3805,1854.3209813997432,53.64480353470337,10
3806,1854.8228961873053,53.58280304961019,10
3807,1855.3692281531373,53.52705000367807,10
3808,1855.9579823980064,53.54048693696409,10
3809,1856.5257187058535,53.73417811061209,10
3810,1857.2902534218629,53.629549129314455,10
3811,1857.793313223877,53.5203577878481,10
3812,1858.338568220294,53.41149387009352,10
3813,1858.7548397763014,53.43365718271476,10
3814,1859.3243914110947,53.4849311832698,10
3815,1859.8942222079386,53.557638656879924,10
3816,1860.3750812521532,53.56090725878504,10
3817,1860.8777065603924,53.47770320152692,10
3818,1861.2497255950825,53.39954505408104,10
3819,1861.6000090485134,53.33909321781765,10
3820,1862.145284488958,53.087989691932336,10
3821,1862.5825853826784,53.00744317837579,10
3822,1862.84428619987,53.17215645511277,10
3823,1863.2156880962975,53.4596385814879,10
3824,1863.6094806455408,53.45806695236577,10
3825,1864.199349677857,53.43718022505068,10
3826,1864.4844725461141,53.62403802392991,10
3827,1865.0545951268464,53.6968836922479,10
3828,1865.536848732991,53.84362319650311,10
3829,1865.8866966227338,53.99471000864338,10
3830,1866.497664601693,54.0388549718659,10
3831,1867.0446983402028,54.164717698477304,10
3832,1867.5696617911428,54.30152208070769,10
3833,1868.0529912730199,54.47332742992308,10
3834,1868.5563174494528,54.641483019438304,10
3835,1869.0163883071812,54.93324624608846,10
3836,1869.4533120705605,54.646007450043285,10
3837,1869.8255049704396,54.58670798540694,10
3838,1870.1968575813626,54.30142125000926,10
3839,1870.8953489305172,54.31625769280576,10
3840,1871.3543755093178,54.270878419186765,10
3841,1871.640595059783,54.49731239492048,10
3842,1872.0992656991518,54.487060325289086,10
3843,1872.5152335008893,54.54560071268863,10
3844,1872.77957473075,54.60133211844537,10
3845,1873.195301103066,54.78681314293375,10
3846,1873.7858551119375,54.63975115550786,10
3847,1874.3316496929579,54.59333533196801,10
3848,1874.812295097568,54.85841859744229,10
3849,1875.0552632150473,54.92643783438447,10
3850,1875.4063714774015,54.69713788215286,10
3851,1875.7144085753964,54.711959204439545,10
3852,1876.2600413080122,54.85021464364531,10
3853,1876.8075328432278,54.85847467371626,10
3854,1877.0922533328096,54.62890838230659,10
3855,1877.487393682717,54.727438627875316,10
3856,1877.9907501504217,54.61286854913786,10
3857,1878.580312006989,54.68171180873567,10
3858,1879.1714946419288,54.83311645872229,10
3859,1879.7828202857665,54.910099259254444,10
3860,1880.0907131769097,54.912330251767735,10
3861,1880.3324712177305,55.08036712926181,10
3862,1880.9231155849134,55.11852236085503,10
3863,1881.3605763043124,55.20579654932786,10
3864,1881.819465192514,55.14449652786882,10
3865,1882.344058737222,55.225388330425346,10
3866,1882.9140950462486,55.07829379100192,10
3867,1883.1563801268894,55.15083761313587,10
3868,1883.8119320898786,55.04461201404673,10
3869,1884.1834032192971,55.28924350144758,10
3870,1884.5777020270575,55.25396483352357,10
3871,1885.0600983746888,55.33927463389785,10
3872,1885.6069695012982,55.321483856409785,10
3873,1885.9151411179228,55.26820015209395,10
3874,1886.613722632403,55.50504598960596,10
3875,1887.357731553133,55.350488707790504,10
3876,1887.859599014561,55.62554222641318,10
3877,1888.1870417784066,55.45932752995067,10
3878,1888.7553888099706,55.43777033569816,10
3879,1889.279319577206,55.46386210686212,10
3880,1889.3899905979451,55.53147772541285,10
3881,1889.587083988345,55.6770039971211,10
3882,1890.0011082388228,55.66381208755497,10
3883,1890.2853901431997,55.68897224050777,10
3884,1890.6135878700547,55.528122710427446,10
3885,1890.8123278542087,55.316231624964885,10
3886,1891.1629567942994,54.99549922259998,10
3887,1891.5816978188548,55.137938331918804,10
3888,1892.0184309756144,54.97065491709021,10
3889,1892.5869867496217,55.021844580436614,10
3890,1892.9808045870354,54.791015419666245,10
3891,1893.3764680484758,55.052960529398405,10
3892,1893.7718470812601,55.1218391906694,10
3893,1894.2953784178874,55.38436911454274,10
3894,1894.820004801283,55.225020498991654,10
3895,1895.2570305954237,55.03116374905683,10
3896,1895.846400713309,54.88038898904324,10
3897,1896.4606119869507,54.951298777804624,10
3898,1896.9426150219977,55.04893403822604,10
3899,1897.2937945634906,54.94734259585307,10
3900,1897.752845683331,55.03829370851858,10
3901,1898.3634872529651,55.260744551514115,10
3902,1898.7136059912216,54.96818907167198,10
3903,1899.3679697191233,54.99072323697565,10
3904,1899.8275370561119,54.84234452438041,10
3905,1900.3957824962458,54.59037240136362,10
3906,1900.5935142549038,54.62862645819266,10
3907,1900.966247877864,54.95521628695463,10
3908,1901.446932508988,54.79451972884602,10
3909,1901.8627191617875,54.79200920763259,10
3910,1902.2993916256735,54.63830814699657,10
3911,1902.5847081480229,54.74938050077657,10
3912,1903.000261635048,54.64995694963737,10
3913,1903.4165763672536,54.44185230446377,10
3914,1903.7216661804239,54.40738456929587,10
3915,1904.1590332361907,54.41958967046091,10
3916,1904.6418871535177,54.6221972204694,10
3917,1905.1015873802266,54.39344055603021,10
3918,1905.6036806971128,54.33206591684972,10
3919,1906.2154001259219,54.48539203066214,10
3920,1906.6301667435607,54.39430914780867,10
3921,1907.0668328646711,54.40123735360156,10
3922,1907.4185554554965,54.32456178348761,10
3923,1907.835815548709,54.39241282742255,10
3924,1908.3835783255993,54.218313350677185,10
3925,1908.9963001963952,54.23846562230966,10
3926,1909.4547824594188,54.0105427493347,10
3927,1910.002033863065,54.269494705247645,10
3928,1910.3532355025989,54.303756639108684,10
3929,1910.7687399988888,54.34126580876726,10
3930,1911.1849103444758,54.370238192544605,10
3931,1911.600756360393,54.544916140790995,10
3932,1912.1246443580071,54.19176600181179,10
3933,1912.583263730846,54.24595420189307,10
3934,1912.9124971199908,54.05019935750023,10
3935,1913.3497440295057,53.95069407766802,10
3936,1913.722409814444,54.14069504245932,10
3937,1914.2473121708565,54.31581877318527,10
3938,1914.9025950290227,54.3610563597044,10
3939,1915.4506417638145,54.34334384834228,10
3940,1916.061970191585,54.29082101952686,10
3941,1916.6959757393847,54.373473708572995,10
3942,1917.2433324837123,54.37884508712534,10
3943,1917.6170081991345,54.28709793054986,10
3944,1918.2958770232617,54.24535096919901,10
3945,1918.6685125799254,54.3747171994084,10
3946,1919.0181836393044,54.387314739296556,10
3947,1919.4987749233605,54.57210126493508,10
3948,1919.9791590220234,54.556762273264816,10
3949,1920.6344121678449,54.46570972829899,10
3950,1920.9414852149762,54.322317732289065,10
3951,1921.444766368411,54.56928865449971,10
3952,1921.7077307516024,54.46683970032142,10
3953,1921.9493957939158,54.601134401375084,10
3954,1922.2988774720889,54.79555966122202,10
3955,1922.5618088105384,54.72296270477013,10
3956,1922.8255512957876,54.49988060923312,10
3957,1923.3506509034596,54.32171396918979,10
3958,1923.9413607560514,54.43935469345973,10
3959,1924.5540767868424,54.60688323692035,10
3960,1925.1016269368297,54.46181803548831,10
3961,1925.4090663098518,54.52304065419048,10
3962,1925.9136997340022,54.559084260250366,10
3963,1926.3321363785344,54.63962790929806,10
3964,1926.8571264248228,54.50787528789041,10
3965,1927.4472162985826,54.67131957666611,10
3966,1927.9943468033168,54.899587477478335,10
3967,1928.4544491709844,54.741840094028284,10
3968,1928.9795269562012,54.810201541120755,10
3969,1929.547727096274,55.00115905074309,10
3970,1930.2251053465814,54.97965494845268,10
3971,1930.7721026367667,54.83998136664337,10
3972,1931.3200360476308,54.89458997219358,10
3973,1931.713791719159,54.60388877436258,10
3974,1932.1504151872691,54.71467751394562,10
3975,1932.5653191899594,54.76738361606404,10
3976,1932.9807939711445,54.91766733102462,10
3977,1933.4832794126294,54.74924029436439,10
3978,1933.7034495868775,54.68496649800401,10
3979,1934.0967683024762,54.765565500830256,10
3980,1934.4913951664143,54.76685564848783,10
3981,1934.8414645898035,54.799178673526576,10
3982,1935.1915008982876,54.690306004653166,10
3983,1935.586369043783,54.868083426475735,10
3984,1935.95863308128,55.07432366692638,10
3985,1936.4831987134753,54.88680033757131,10
3986,1937.0748063417352,54.7025696502183,10
3987,1937.5991225246696,54.65238403009583,10
3988,1938.2979733375755,54.674005500198255,10
3989,1938.778736668249,54.55004426261793,10
3990,1939.2176407023217,54.50006668002068,10
3991,1939.5906962732108,54.694770191096374,10
3992,1940.094251983887,54.90154580252337,10
3993,1940.444879827756,54.86320333977008,10
3994,1940.9476636879713,54.69271644036038,10
3995,1941.2768324304864,54.791146078847824,10
3996,1941.8456451258407,54.78414233775197,10
3997,1942.54447278599,54.89674835435527,10
3998,1942.8522163714752,55.035176342605695,10
3999,1943.3779697731165,55.20613123759966,10
4000,1944.1418679658368,55.210789357659884,10
4001,1944.5564168819517,55.173762800572575,10
4002,1944.8415338567752,54.92568990123612,10
4003,1945.2147192385812,54.968589670702386,10
4004,1945.6528647719854,55.119908338560144,10
4005,1946.2218528058522,55.09190211135608,10
4006,1946.7241698131534,55.004198620299924,10
4007,1947.466732722444,54.97832826134453,10
4008,1947.8167058183576,55.06274630350863,10
4009,1948.384969147249,55.18904205476406,10
4010,1948.8213785168696,55.15840849620064,10
4011,1949.0874056383673,55.11106020607399,10
4012,1949.3942614078483,55.258775607564665,10
4013,1949.8106676470154,55.208162818502686,10
4014,1950.4224390714621,55.485014987957506,10
4015,1950.9032061789862,55.54540348170289,10
4016,1951.2534246782034,55.754382854253556,10
4017,1951.5812537515474,55.79062285459796,10
4018,1951.996216816938,55.92131589018068,10
4019,1952.5216713257116,55.980840506264876,10
4020,1952.7630268654361,55.932427087175185,10
4021,1953.1558634178648,55.64845672618462,10
4022,1953.790582236718,55.70132024117369,10
4023,1954.1194236880506,55.68925646413637,10
4024,1954.4472071673918,55.51005287117581,10
4025,1954.9719362549167,55.73720533841456,10
4026,1955.4960454034233,55.582899411930335,10
4027,1956.0195244574952,55.37153242897038,10
4028,1956.2827900717643,55.19696767559462,10
4029,1956.8090509709104,55.27942230089557,10
4030,1957.3577246065556,55.32451409124333,10
4031,1957.7945927451492,55.207359957727896,10
4032,1958.2332832079787,54.98489544599686,10
4033,1958.4312064906892,54.93901862714225,10
4034,1959.1520452059788,54.81426718334791,10
4035,1959.6984093732976,55.04769285385802,10
4036,1960.3971485914353,55.291985826131636,10
4037,1960.9656923108378,55.36948496649416,10
4038,1961.6871077862743,55.45786937889651,10
4039,1962.1470702342322,55.69931386739385,10
4040,1962.5194275473882,55.55105834293254,10
4041,1963.0360826572814,55.589572841798045,10
4042,1963.3641277190604,55.71267441843712,10
4043,1963.7573642425898,55.736741941073824,10
4044,1964.2818627347933,55.91888759507651,10
4045,1964.9151733082242,56.05065742174169,10
4046,1965.4616882436578,56.208551859647265,10
4047,1965.9886747751575,55.99867984491203,10
4048,1966.360304127185,56.202216896706794,10
4049,1966.4054805980431,56.245813250853395,10
4050,1966.7985644381254,56.05286742068773,10
4051,1967.1475430187443,56.060846801800665,10
4052,1967.5411738870357,56.168144188769794,10
4053,1968.0240853325874,56.219011087097435,10
4054,1968.2875182013056,56.35240811153454,10
4055,1968.8334185261417,56.37881081925165,10
4056,1969.532848719126,56.41353970532667,10
4057,1969.8834052147681,56.67124193210155,10
4058,1970.4937127318415,56.6799649879803,10
4059,1970.95294887415,56.71233124727298,10
4060,1971.47701550046,56.623463727156405,10
4061,1971.9136112657234,56.85472045449756,10
4062,1972.5044333237347,57.09136078843827,10
4063,1972.5935952078114,57.12824956467698,10
4064,1973.0099035050903,57.26796788426008,10
4065,1973.4258136373064,57.37247541348461,10
4066,1973.9932214299085,57.378164914065025,10
4067,1974.2130356384478,57.34290722318479,10
4068,1974.9561022737132,57.381970760937136,10
4069,1975.4805032540123,57.51470589308014,10
4070,1975.8516985217648,57.70594491632011,10
4071,1976.3769886699818,57.92650550740487,10
4072,1976.6411077819023,57.99547307639686,10
4073,1976.9033245748255,57.95457621696121,10
4074,1977.362659113826,58.16076517840566,10
4075,1977.9310469241577,58.3059072423955,10
4076,1978.3016175193109,58.256954248749935,10
4077,1978.5874461028652,58.45501027547497,10
4078,1979.0462631113212,58.68797674588182,10
4079,1979.6805542496265,58.55127547574574,10
4080,1980.0085460531386,58.34838381918625,10
4081,1980.2282529179224,58.30275899162384,10
4082,1980.6661577402924,58.29636082919908,10
4083,1980.9502681313213,58.36986064787549,10
4084,1981.3440976307713,58.18287401365958,10
4085,1981.9401279787867,58.266785391231,10
4086,1982.661951059747,58.34405290339505,10
4087,1983.077432564945,58.41805989393343,10
4088,1983.668682137294,58.40437359230487,10
4089,1984.2813149472465,58.4158318649156,10
4090,1984.8054203970528,58.590569615713015,10
4091,1985.1993253144708,58.42057287508412,10
4092,1985.7671664914662,58.26112888972978,10
4093,1986.3570826191328,58.33629916759839,10
4094,1986.7072233256288,58.4822706763635,10
4095,1987.209384253528,58.53570292586438,10
4096,1987.6900215813944,58.62555374145498,10
4097,1988.236878383103,58.45876336343894,10
4098,1988.6308085721644,58.39404634846651,10
4099,1989.2221522654593,58.654440876810966,10
4100,1989.6396752437965,58.53569246611872,10
4101,1990.294417298101,58.56790001886126,10
4102,1990.6904576452666,58.60923075485368,10
4103,1990.998198667754,58.33232798335288,10
4104,1991.5869627050226,58.28753339098484,10
4105,1992.1981314245088,58.37901625062248,10
4106,1992.5717326613744,58.61045061375489,10
4107,1993.11948971147,58.69957939693375,10
4108,1993.644004569797,58.533005385438344,10
4109,1994.080348858885,58.505084853225576,10
4110,1994.5171830324118,58.50464207792667,10
4111,1995.107039796288,58.68879866966693,10
4112,1995.5882248914718,58.46978874571238,10
4113,1996.0254288526928,58.27108699418498,10
4114,1996.5063416092248,58.18169787904175,10
4115,1996.8783759351477,58.41654437291195,10
4116,1997.4899541545087,58.53415642086868,10
4117,1997.9288471287848,58.50812451505243,10
4118,1998.3661505164177,58.51202302556588,10
4119,1999.0217164333183,58.25793982467841,10
4120,1999.481538140189,58.17457006992967,10
4121,1999.8334214220733,57.97227666709714,10
4122,2000.465933918635,58.168987200825136,10
4123,2000.8605064503186,58.15640032662869,10
4124,2001.1032639967955,58.22294812629611,10
4125,2001.6277204644744,58.43152888070663,10
4126,2002.0218782698162,58.6001324376779,10
4127,2002.350266909559,58.663432546218935,10
4128,2002.984814301879,58.52379662279656,10
4129,2003.311906014229,58.659679327553086,10
4130,2003.9032147270675,58.55632329933105,10
4131,2004.493249327202,58.541183620635316,10
4132,2004.887667606458,58.654565732345986,10
4133,2005.4997816873597,58.811031419515515,10
4134,2005.9815055224578,58.85902863233766,10
4135,2006.4874855718772,58.93164475360061,10
4136,2007.0562654666242,58.85990939130103,10
4137,2007.3637892453612,59.09352983129615,10
4138,2007.8233697486073,59.12452368505085,10
4139,2008.1092779632959,58.993422788135845,10
4140,2008.3280118014343,58.91693811538212,10
4141,2008.7890679681423,59.070584242476585,10
4142,2009.0959288830477,59.16976189915823,10
4143,2009.643480478612,59.090248505890315,10
4144,2010.0586324429764,59.26909458804459,10
4145,2010.5614331768852,59.52099537745815,10
4146,2010.9560956748494,59.65938940916091,10
4147,2011.4377502064367,59.49754583968747,10
4148,2012.1586902581014,59.510281164467834,10
4149,2012.7051412857304,59.58539603747646,10
4150,2013.1861061049963,59.52972887960008,10
4151,2013.7538444935064,59.6277832970163,10
4152,2014.1046581952166,59.453940502570674,10
4153,2014.4335747701948,59.724104702828996,10
4154,2014.6746921609472,59.5381919923019,10
4155,2015.1557008916,59.50347836891138,10
4156,2015.6804571136413,59.54177291190444,10
4157,2016.16156784891,59.387357845367205,10
4158,2016.8616336136006,59.347033824529895,10
4159,2017.320660010507,59.44390932837166,10
4160,2017.847092389929,59.28981588412406,10
4161,2018.176015073662,59.29324518718387,10
4162,2018.656531100296,59.494012153856715,10
4163,2019.0585713557853,59.305962403844376,10
4164,2019.650410470018,59.41799134507356,10
4165,2020.088820305188,59.47306716775672,10
4166,2020.547699234229,59.35394640272906,10
4167,2020.9843384135315,59.564140159728595,10
4168,2021.3565494326572,59.78619989897071,10
4169,2021.8818973561076,59.618965455366094,10
4170,2022.2316509859616,59.61162110285637,10
4171,2022.6040700049555,59.59129202049066,10
4172,2023.239365028392,59.71960816711257,10
4173,2023.6553825163096,59.85471216841401,10
4174,2024.0713283753716,59.915367877983584,10
4175,2024.531366200939,59.804044640881536,10
4176,2024.7288545502172,59.84867521463221,10
4177,2025.0797199012566,60.03480193074074,10
4178,2025.8467133893191,60.04743264770556,10
4179,2026.327762227229,60.217709353773344,10
4180,2026.8307665688837,60.22178415173208,10
4181,2027.2899482498894,60.0550247986264,10
4182,2027.7715819229693,60.078108200438,10
4183,2028.2765965225722,60.233058629939684,10
4184,2028.5612527951725,60.31476585953006,10
4185,2029.128286501055,60.22992553582527,10
4186,2029.651805903437,60.330914435463406,10
4187,2030.1780766901618,60.244149416543074,10
4188,2030.4640064543303,60.25950860648089,10
4189,2030.9891876580793,60.15086896698947,10
4190,2031.1640291611304,60.26218313382043,10
4191,2031.5587567379794,60.180893862801916,10
4192,2031.9088207073291,60.156773276963975,10
4193,2032.4563810179686,59.96169803339049,10
4194,2032.9807079117277,59.79960188539982,10
4195,2033.550261575805,59.802722278787876,10
4196,2033.8568484643347,59.903511945061624,10
4197,2034.1198660539235,59.966320940795335,10
4198,2034.7109847392119,60.27030148587304,10
4199,2035.1716018032591,60.267703637265754,10
4200,2035.746746000016,60.32392297527548,10
4201,2036.2929368640678,60.161395258428065,10
4202,2036.7740135492563,59.87404463375421,10
4203,2037.1907195466458,59.71914860487375,10
4204,2037.7150604221574,59.64786481319495,10
4205,2038.3703967370227,59.87634088057418,10
4206,2038.9390608143062,59.67254707414486,10
4207,2039.3777399542494,59.68566751027725,10
4208,2039.6856469869078,59.6981971807041,10
4209,2040.078552584701,59.741253011141865,10
4210,2040.407655582158,59.76001551013088,10
4211,2040.8012613894825,60.01672739698278,10
4212,2041.2609342935539,59.987580822868836,10
4213,2041.6545467163214,60.064328817329425,10
4214,2042.1783832224314,59.99305178933021,10
4215,2042.812350960093,60.085140014408914,10
4216,2043.4233442365926,60.003283709964165,10
4217,2044.0570253274145,60.03658283019567,10
4218,2044.3205411708282,60.18428187810227,10
4219,2044.6290708769818,60.14103430309366,10
4220,2045.0229521396711,59.908594809866024,10
4221,2045.394705879057,59.85076065905791,10
4222,2045.789558890459,60.08627570053143,10
4223,2045.9867470858578,60.199850711778424,10
4224,2046.1849641032175,60.12210931474837,10
4225,2046.6678633518482,60.31445933392609,10
4226,2047.2590388828103,60.22396596279822,10
4227,2047.7193211951394,60.334180472350646,10
4228,2048.1147316688293,60.5399834176908,10
4229,2048.726516340648,60.57352388963818,10
4230,2049.3381324498773,60.65629084167842,10
4231,2049.9504151515566,60.81114980980706,10
4232,2050.5622117912294,60.87547841007814,10
4233,2051.0635650372506,60.96622118445633,10
4234,2051.347400980624,61.18357212025975,10
4235,2052.155857888144,61.11384209029319,10
4236,2052.899938670511,61.27135620460886,10
4237,2053.468470303565,60.95189368133682,10
4238,2053.8846145089183,60.91198561411695,10
4239,2054.1483071633365,60.69499709777656,10
4240,2054.6075593321134,60.95214473152409,10
4241,2054.981214136829,60.68689164478462,10
4242,2055.419686932555,60.882353668759734,10
4243,2055.8568783211203,61.22745727623503,10
4244,2056.317483539702,61.36391695630293,10
4245,2056.8198044871438,61.36402701258276,10
4246,2057.3442359714295,61.33347583679271,10
4247,2057.7598691214685,61.485403737912186,10
4248,2058.480715992931,61.659880346510306,10
4249,2058.8972196460522,61.48117623705459,10
4250,2059.508480567869,61.55236675583222,10
4251,2059.793378349795,61.45591812017222,10
4252,2060.40427610126,61.51524499546856,10
4253,2060.8641534564435,61.330727219788486,10
4254,2061.3679079054164,61.28733319235722,10
4255,2061.827232722313,61.149028644740454,10
4256,2061.982614922754,61.141400492288625,10
4257,2062.5736982430076,61.19474993506887,10
4258,2062.7932482588376,61.00541306272429,10
4259,2063.18744893967,61.23177507397385,10
4260,2063.7777238829453,61.194274670441075,10
4261,2064.08518695814,61.285336974253234,10
4262,2064.6124534778432,61.27760141000192,10
4263,2065.2246066070616,61.03167422855712,10
4264,2065.4873802858965,60.74896704954137,10
4265,2065.896516091241,60.727598655152086,10
4266,2066.3335899561494,60.92592440041549,10
4267,2066.6193525005356,60.97602031972151,10
4268,2067.1642952095262,60.751288068156356,10
4269,2067.755167856471,60.69449907055586,10
4270,2068.0389466539464,60.91148039390997,10
4271,2068.6944924091795,60.70390225065497,10
4272,2069.0883207179168,60.76529398552226,10
4273,2069.4614875095526,60.595264038322,10
4274,2069.96411917672,60.53312917550634,10
4275,2070.3352222831613,60.66909811708286,10
4276,2070.612149707669,60.76526094181217,10
4277,2070.9190073013556,60.9648651888504,10
4278,2071.4434087999934,60.84087479564633,10
4279,2071.86022848828,60.83011243024942,10
4280,2072.21036029701,60.71230433821452,10
4281,2072.6038247958577,60.599719706236854,10
4282,2073.150356639161,60.38998285083562,10
4283,2073.762494841064,60.34397218739472,10
4284,2074.244755278021,60.5554296821416,10
4285,2074.833413061576,60.42521969537808,10
4286,2075.292969990317,60.626275053136816,10
4287,2075.665149056177,60.829271011504716,10
4288,2076.0140444640015,60.966404675808725,10
4289,2076.4286379566324,60.946754498749634,10
4290,2076.865049475083,60.935798869555484,10
4291,2077.367559321464,61.10853352866217,10
4292,2077.84942617651,60.89416378752944,10
4293,2078.263736905713,61.00622464030869,10
4294,2078.8323061443343,60.953895230409,10
4295,2079.226104067315,61.04167792423143,10
4296,2079.4016366618735,60.997359994793996,10
4297,2079.7080357379696,61.155941224309224,10
4298,2080.0366992080203,61.21506756218957,10
4299,2080.5619474665987,61.20945563696207,10
4300,2081.065166724049,61.427087260303416,10
4301,2081.589034195496,61.70758649308861,10
4302,2082.3763862112037,61.63926854626887,10
4303,2083.009760403599,61.539408050915256,10
4304,2083.5143329727466,61.46165684517968,10
4305,2084.1475673802784,61.75354435364445,10
4306,2084.518928595121,61.75647592172276,10
4307,2085.0444872497364,61.50387468112541,10
4308,2085.3949368864933,61.566748737584724,10
4309,2085.67947473598,61.54936430854932,10
4310,2086.3126341310563,61.5942793907359,10
4311,2086.653007967968,61.74386028586141,10
4312,2086.9605175323354,61.70874686026463,10
4313,2087.312853631176,61.46871333629466,10
4314,2087.8600885096707,61.225700480913325,10
4315,2088.2101892931246,61.24131188826547,10
4316,2088.670520312271,61.04814451429566,10
4317,2089.174631503935,61.12013865686334,10
4318,2089.6570953308224,61.04164750640294,10
4319,2090.2693950112725,61.313623656457324,10
4320,2090.7940671303727,61.22485541587499,10
4321,2091.1445342755515,61.41265398391482,10
4322,2091.496039753648,61.37040745173,10
4323,2091.9989554180884,61.261780280784635,10
4324,2092.4367415548536,61.13387778433957,10
4325,2092.965217999327,61.43184769860512,10
4326,2093.5770427933494,61.25782475563316,10
4327,2094.1019734658776,61.06976634169424,10
4328,2094.432057809141,60.941895673946526,10
4329,2094.9789485557076,61.09723530456446,10
4330,2095.3308034653687,61.20474925086275,10
4331,2095.615252454166,61.422297230861794,10
4332,2096.073605846205,61.24961369817782,10
4333,2096.5118543701947,60.929335449189814,10
4334,2096.776014943511,61.0743531253736,10
4335,2097.279410685839,61.09965446486856,10
4336,2097.737551034742,61.18524983365612,10
4337,2098.1758801106766,61.12370539740801,10
4338,2098.8541365812,61.150448543141195,10
4339,2099.4453539881547,61.17605879333032,10
4340,2099.642596695075,61.28016784904154,10
4341,2099.9933515978382,61.495958755096694,10
4342,2100.430880655225,61.44161325627807,10
4343,2100.8020900666165,61.6250865882821,10
4344,2101.1518921847787,61.842033714636806,10
4345,2101.5689344800735,61.61853171254548,10
4346,2102.050737576805,61.588515174529434,10
4347,2102.5781396674365,61.702003575859315,10
4348,2102.7763059525196,61.7471960149803,10
4349,2103.23509305103,61.773073661255644,10
4350,2103.9134402935533,61.71274998745935,10
4351,2104.33039810352,61.703060145925505,10
4352,2104.7244480779564,61.80363997027138,10
4353,2105.0746575649728,61.88656219621602,10
4354,2105.642952712374,61.849184529807275,10
4355,2106.2344708469186,61.895760406726836,10
4356,2106.736995927626,61.82189170821799,10
4357,2107.4819183504046,61.834610750818385,10
4358,2107.811321260795,61.76307631412946,10
4359,2108.1833599760052,61.64929907224003,10
4360,2108.4475026650953,61.60170738933116,10
4361,2109.015420053597,61.74951177522374,10
4362,2109.3008015339087,61.95454032152393,10
4363,2109.7382396566204,61.750554536252025,10
4364,2110.4153786754846,61.74135748052749,10
4365,2110.6586874665018,61.66491147759228,10
4366,2110.878145785203,61.5251944080827,10
4367,2111.403915574737,61.622884959334016,10
4368,2111.732225773763,61.650367312702485,10
4369,2112.1928968807297,61.594203746624935,10
4370,2112.54431316222,61.64357331119793,10
4371,2113.0271210394285,61.52103106626555,10
4372,2113.464149887788,61.669038056251566,10
4373,2113.8575281376893,61.682287150659754,10
4374,2114.3598604088174,61.921488672548115,10
4375,2114.799698601873,61.91429044230195,10
4376,2115.3910915776414,62.0847118954714,10
4377,2115.763346989443,62.14122946874406,10
4378,2116.26813800869,62.15431670966967,10
4379,2116.5748524959604,62.08828932761019,10
4380,2116.99048313296,62.364963796680435,10
4381,2117.3836063163008,62.16888028600161,10
4382,2117.6907578847954,61.99283555018431,10
4383,2118.0404336117367,62.02378230249477,10
4384,2118.5218985279457,62.11509582705662,10
4385,2119.1341063194586,62.1556235188314,10
4386,2119.4408837272804,62.21486645983877,10
4387,2119.9231201783705,62.092415088032624,10
4388,2120.317171413467,62.143399172339045,10
4389,2120.603554813249,61.972818898514156,10
4390,2121.217359366193,62.18903775668311,10
4391,2121.6545973885873,62.072363694861075,10
4392,2121.9398941627564,62.09115904143464,10
4393,2122.5093031237207,61.99327554450613,10
4394,2122.794776172433,61.74694965391003,10
4395,2123.210757807313,61.65121098226116,10
4396,2123.6261576199977,61.59011186458119,10
4397,2124.1958158886323,61.50076384868733,10
4398,2124.4800418421387,61.457419000209896,10
4399,2124.8521965600003,61.41362674984918,10
4400,2125.3812009453623,61.16155389520233,10
4401,2125.817614034551,61.35150862391962,10
4402,2126.3859086657744,61.373895762782475,10
4403,2126.9115770984,61.457845044064186,10
4404,2127.3477745273376,61.35390614283813,10
4405,2127.9802442856803,61.390538816128,10
4406,2128.418878756909,61.309746249775905,10
4407,2128.834242889029,61.35375392348346,10
4408,2129.271388359657,61.31915796524774,10
4409,2129.7976552281834,61.382918421045034,10
4410,2130.3222413850062,61.26915831753632,10
4411,2130.7586243565956,61.34833401024357,10
4412,2131.2399444165408,61.4110461829612,10
4413,2131.6128636018416,61.41095389416807,10
4414,2131.897647098563,61.54188461449615,10
4415,2132.379341901968,61.53323683070061,10
4416,2132.9919524504867,61.381088321983185,10
4417,2133.3207783425414,61.328061382408606,10
4418,2133.8451141001515,61.47957315432198,10
4419,2134.370013875382,61.34258448051245,10
4420,2135.0038216313415,61.45356787248335,10
4421,2135.289506888305,61.582695486551984,10
4422,2135.748198981014,61.51654263626862,10
4423,2136.2716838254773,61.562180117095025,10
4424,2136.7086319510104,61.59770481878306,10
4425,2137.14526379353,61.362408726992676,10
4426,2137.69249722512,61.39962349168496,10
4427,2138.044359755811,61.37522690523415,10
4428,2138.613216899271,61.21837830232186,10
4429,2139.1808086870324,61.240015183169305,10
4430,2139.705189116067,61.20269167820268,10
4431,2140.229745544108,61.18007513449768,10
4432,2140.559748329516,61.17477666232375,10
4433,2140.8874531677766,61.46619646019879,10
4434,2141.434239102537,61.27788650162706,10
4435,2141.6765473718565,61.51084208001754,10
4436,2142.2884918014797,61.53871134830905,10
4437,2142.8349243715866,61.66409459628645,10
4438,2143.1639874970924,61.57586655907337,10
4439,2143.7553951970444,61.409553552807246,10
4440,2144.0387954774064,61.47619682675391,10
4441,2144.3893318496584,61.4690601695247,10
4442,2145.066550539774,61.55033858784926,10
4443,2145.6341182036545,61.57674887269741,10
4444,2146.1802134908503,61.346728259587124,10
4445,2146.7045765705006,61.35040096251912,10
4446,2147.2513220246174,61.57940299913513,10
4447,2147.7102077203135,61.622396883420535,10
4448,2148.1024535189663,61.457172515475676,10
4449,2148.4319469574148,61.31383066086485,10
4450,2149.04315680299,61.094263152320615,10
4451,2149.5903871135824,61.123262344432135,10
4452,2150.1375092585977,60.993446260340946,10
4453,2150.5318892202013,61.15939235652741,10
4454,2150.9037291172745,61.16799894887372,10
4455,2151.2994567385103,61.13075461934431,10
4456,2151.628499967965,61.14563115669329,10
4457,2152.1314884683634,61.473250558193705,10
4458,2152.39734387441,61.5710002490561,10
4459,2152.7715126004905,61.50509142266522,10
4460,2153.1890396848894,61.749846419145456,10
4461,2153.6280065411347,61.750330743343895,10
4462,2154.218912140758,61.69425970478261,10
4463,2154.6554066991134,61.669813871186406,10
4464,2155.1603252016766,61.413482925576254,10
4465,2155.4230014174473,61.480209670845724,10
4466,2155.8413063247785,61.28849190282874,10
4467,2156.300648497881,61.308957181422244,10
4468,2156.6711188340464,61.41743677956573,10
4469,2157.086626157044,61.63321227638996,10
4470,2157.6346480868838,61.826722156387575,10
4471,2157.898025603926,61.84664530845091,10
4472,2158.2701225305186,61.822569180276275,10
4473,2158.81706611433,61.82959018096426,10
4474,2159.276081661227,61.64442962453856,10
4475,2159.8005446355114,61.88195987958961,10
4476,2160.282078130266,61.95128203732384,10
4477,2160.8077643166757,61.87593361244613,10
4478,2161.179801626145,61.78390064531571,10
4479,2161.726110295716,61.97910483341847,10
4480,2162.0988232583727,61.7864534157838,10
4481,2162.666725461043,61.666265325572944,10
4482,2163.3448407982005,61.53913434282454,10
4483,2163.740244166023,61.79562743247486,10
4484,2164.372640073976,61.5793109189809,10
4485,2164.854551504908,61.655029552802326,10
4486,2165.1620134536747,61.71494262562686,10
4487,2165.818124274734,61.86252114135331,10
4488,2166.0155950915923,62.07803649025062,10
4489,2166.583609882903,61.94742331020009,10
4490,2167.1301466992554,62.15033178313748,10
4491,2167.654763736158,61.923805730997614,10
4492,2168.1350602497014,61.99723915128451,10
4493,2168.50778417947,62.11427587047182,10
4494,2169.1197908393056,62.05108870383612,10
4495,2169.384825613208,62.05310202346574,10
4496,2169.9087636401646,62.12983988687101,10
4497,2170.4344116260636,62.01532378628284,10
4498,2171.133473128649,61.906226311258386,10
4499,2171.724202814902,61.97515618828543,10
4500,2172.2708027745407,61.961017486136576,10
4501,2172.620757382,62.068491305354286,10
4502,2172.862349342951,61.887084962789146,10
4503,2173.21179667253,62.20794147529006,10
4504,2173.627537849064,62.16242022293399,10
4505,2174.1300386345197,62.16597344894527,10
4506,2174.652959167058,61.98958485794179,10
4507,2174.85143537579,62.02901203675762,10
4508,2175.3553304238703,61.99369700558622,10
4509,2175.902225521272,62.28927771385892,10
4510,2176.1867943651487,62.21909017560535,10
4511,2176.79011190656,62.06854802679607,10
4512,2177.4029610930675,61.9897415003396,10
4513,2178.2552441528815,61.975173513090645,10
4514,2178.5620848844674,62.074987389091,10
4515,2179.0437537939865,62.162801868216114,10
4516,2179.438685351935,61.915723810101845,10
4517,2179.897810536906,61.91121826935402,10
4518,2180.4880519842363,61.95102085179919,10
4519,2181.1006022396436,61.79029607267651,10
4520,2181.7336675415945,61.775921265515144,10
4521,2182.0195945517257,61.8462125830754,10
4522,2182.391037207657,61.75058391145085,10
4523,2182.6762293029924,61.90114246628686,10
4524,2183.005385683723,61.97769473215451,10
4525,2183.5733172555274,61.91103762781511,10
4526,2183.8578612992305,61.9371052284263,10
4527,2184.3823326674346,61.83723369720741,10
4528,2184.8865350795822,62.03196563529557,10
4529,2185.3017767987776,62.249362192264314,10
4530,2185.7649217725348,62.290759923847396,10
4531,2186.332643070558,62.35236772087116,10
4532,2187.0538254508942,62.32965423676542,10
4533,2187.6292738147845,62.174318949990315,10
4534,2188.1527824333934,62.42949536204375,10
4535,2188.6757995209446,62.53541358088024,10
4536,2189.1358877182965,62.56332655293773,10
4537,2189.33316636944,62.69391520702865,10
4538,2189.6409936328687,62.61009694450575,10
4539,2190.1659610495562,62.70679019884564,10
4540,2190.540445723898,62.54183182593237,10
4541,2191.087760633179,62.50640845068894,10
4542,2191.506944292213,62.51899664884151,10
4543,2192.118865912622,62.718347880042536,10
4544,2192.7532479230786,62.83370518515935,10
4545,2192.951031415011,62.814122517760616,10
4546,2193.258049378717,62.65689446315186,10
4547,2193.6529309581906,62.583317880835494,10
4548,2194.309488886289,62.665985191127504,10
4549,2194.6173751230176,62.845548525714705,10
4550,2194.945097409911,62.95946630973251,10
4551,2195.491901847426,62.91162426048574,10
4552,2196.0149075021072,63.12234794120471,10
4553,2196.5611695107627,63.10662634366779,10
4554,2197.2165676709765,63.060140562886055,10
4555,2197.6755518496425,62.89236697912515,10
4556,2198.3739878329397,62.83913324532338,10
4557,2198.7490076475306,62.731493170010616,10
4558,2199.0119322757537,62.74318043036904,10
4559,2199.602089980215,62.90508849981095,10
4560,2200.060819224574,62.77029544820574,10
4561,2200.499237801424,62.787584819882824,10
4562,2200.936888723211,63.01210808002677,10
4563,2201.1122999733643,62.99657044341397,10
4564,2201.7472050027563,62.97803639050853,10
4565,2201.903136593029,62.97211848303451,10
4566,2202.2762704959546,62.93683111079145,10
4567,2202.7999509561596,62.849656795088,10
4568,2203.1950976578164,62.98448215241493,10
4569,2203.589226407638,63.030272503111874,10
4570,2204.178043627377,63.26117907009774,10
4571,2204.8543579260245,63.43758466930307,10
4572,2205.4439192808463,63.393763940578786,10
4573,2206.055741622582,63.44372353795346,10
4574,2206.320258146856,63.59500911632558,10
4575,2206.780176348758,63.719631408767356,10
4576,2207.0228306249405,63.77656141918705,10
4577,2207.5910741149028,63.79172704797895,10
4578,2207.7665637695964,63.75598372152837,10
4579,2208.1591180320625,63.71957642811638,10
4580,2208.7276333187324,63.6924107221053,10
4581,2209.209085202789,63.48034127680646,10
4582,2209.90929497035,63.48289338959746,10
4583,2210.195605976388,63.44576797824496,10
4584,2210.7225638269965,63.188791555215836,10
4585,2211.3136884710793,63.18507549268177,10
4586,2211.796260469112,63.08054433569092,10
4587,2212.3217877076877,63.3279955636783,10
4588,2212.9122132149123,63.144001293747614,10
4589,2213.2838882458536,63.15331667300779,10
4590,2213.655413978572,62.873501214335114,10
4591,2214.029208178636,62.845926791897405,10
4592,2214.8151857705625,62.8875858254258,10
4593,2215.405619561232,62.71238505262097,10
4594,2215.799105317436,62.762079066921046,10
4595,2216.018119701628,62.6394288268748,10
4596,2216.5642417646377,62.81544268490623,10
4597,2216.9365419757564,62.66167040146018,10
4598,2217.3969721823014,62.82139279951567,10
4599,2217.814133043978,62.63985628043455,10
4600,2218.2748057087742,62.53952756561404,10
4601,2218.7791731838925,62.286584346786825,10
4602,2219.0876759330126,62.437520118084606,10
4603,2219.5028737397674,62.24117757299339,10
4604,2220.049787190831,62.37454839390203,10
4605,2220.574141263193,62.41965660025502,10
4606,2220.968383330019,62.37263102158531,10
4607,2221.252124635137,62.58166691421975,10
4608,2221.53581745088,62.57652263560874,10
4609,2222.059695321714,62.812134642513115,10
4610,2222.4529569952833,63.13763084523752,10
4611,2223.1088345588532,63.396937234643744,10
4612,2223.655613667147,63.49077086744402,10
4613,2224.2450141171967,63.2885211566247,10
4614,2224.6170557055634,63.447869604270984,10
4615,2225.077684634653,63.69067959679378,10
4616,2225.3407393635052,63.61775768711369,10
4617,2225.7770962829773,63.747666633092614,10
4618,2226.0402247213433,63.57070301031159,10
4619,2226.4555024442284,63.41648687270725,10
4620,2226.98172321308,63.227342614201795,10
4621,2227.658698250582,63.185587609977475,10
4622,2227.9011109862313,63.18022202094332,10
4623,2228.3377293825833,63.249106027071285,10
4624,2228.68862921506,62.98424722203135,10
4625,2229.2577514274335,63.03285464567647,10
4626,2229.7174623580095,62.89711562512181,10
4627,2230.112812055503,62.91862079392423,10
4628,2230.550532824835,62.89052332995134,10
4629,2230.8801362439285,62.870086028180296,10
4630,2231.383209506912,62.60320808962665,10
4631,2231.7562596542994,62.61234449979987,10
4632,2232.453692569348,62.431068757399466,10
4633,2232.934817662873,62.23223058807262,10
4634,2233.4826244944666,62.25433491376545,10
4635,2234.0949521513926,62.43135806982769,10
4636,2234.640956105251,62.4208396424066,10
4637,2235.2531533132474,62.27187159254217,10
4638,2235.494061276514,62.144886539445665,10
4639,2235.867908059016,61.986804854504264,10
4640,2236.351389538378,62.16478423026514,10
4641,2236.7464829677338,62.23715179330926,10
4642,2237.445470758232,62.19658675715612,10
4643,2237.6648962035074,62.07813417718158,10
4644,2238.1032303039447,62.1144967353288,10
4645,2238.652523574221,62.18039163382984,10
4646,2239.177210761016,62.194363630676804,10
4647,2239.723857346734,62.09213583140371,10
4648,2240.2498263971574,62.135134203483545,10
4649,2240.5364090410967,62.402385829832255,10
4650,2241.1717754166807,62.23340575813789,10
4651,2241.6526939611585,62.36844021571987,10
4652,2242.199486716165,62.20194237538074,10
4653,2242.6371210811117,62.293496085414546,10
4654,2243.117770212656,62.340347458483926,10
4655,2243.621868410886,62.39750843995594,10
4656,2244.0159359099407,62.4700104494711,10
4657,2244.4745277702837,62.62729072971774,10
4658,2244.9117766822005,62.64285546006054,10
4659,2245.2412354529083,62.71017418381774,10
4660,2245.5267830397916,62.794954433829346,10
4661,2246.0510463747405,62.91668376883111,10
4662,2246.4241930604953,63.022976783269094,10
4663,2246.7737631447117,63.19630181479568,10
4664,2247.1071609869655,63.015107899093145,10
4665,2247.5001062835754,62.887696302205384,10
4666,2247.871973196198,62.5906982959587,10
4667,2248.177538562252,62.52677853121551,10
4668,2248.4842940483763,62.652679212271444,10
4669,2248.944351272558,62.926822326782975,10
4670,2249.5153341313185,62.83307033872564,10
4671,2249.821204478788,62.82686291326265,10
4672,2250.171787404931,62.913499357899,10
4673,2250.760680110012,62.93986864848141,10
4674,2251.4378147146913,62.996001768591555,10
4675,2251.722597309593,63.25608990106526,10
4676,2252.378921435731,63.484565719917015,10
4677,2252.7734953260724,63.53021169959877,10
4678,2253.0784608926924,63.53146799368723,10
4679,2253.4725086271383,63.32010000283979,10
4680,2254.0186019784096,63.5297520795727,10
4681,2254.3905860572368,63.63570794878266,10
4682,2254.9823172576607,63.73166747935978,10
4683,2255.4634273299093,63.811635654740556,10
4684,2255.8131363499397,63.65499007908301,10
4685,2256.141163103069,63.631428423972174,10
4686,2256.6682671460794,63.85194411659446,10
4687,2257.0187403425457,63.67717270969865,10
4688,2257.3488338730804,63.87216456131758,10
4689,2257.633208226259,63.74934262069045,10
4690,2258.33210622558,63.71754569740086,10
4691,2258.9456435429556,63.59997863515088,10
4692,2259.4929429968515,63.616995547602286,10
4693,2259.8652166980232,63.61410729157201,10
4694,2260.565321645518,63.46508938616523,10
4695,2260.9146878065085,63.382898540640355,10
4696,2261.222097498359,63.509612580503784,10
4697,2261.65864408506,63.43687991916162,10
4698,2262.206254713924,63.40635249713644,10
4699,2262.6885238356717,63.177515430930875,10
4700,2263.1474478606865,63.03923125309621,10
4701,2263.455021359893,63.221391735620685,10
4702,2264.0455576807876,63.08893287399737,10
4703,2264.57013011612,63.243233846758706,10
4704,2265.0524534340825,63.08348539021194,10
4705,2265.33859797485,63.1134109246332,10
4706,2265.8010326479503,63.2223011689251,10
4707,2266.216524082624,63.22870275584702,10
4708,2266.568299164475,63.273293093328334,10
4709,2267.1823583605537,63.221553720986996,10
4710,2267.729177720554,63.37674532920196,10
4711,2268.1028616890626,63.253756439947175,10
4712,2268.3663525258517,63.47115297240372,10
4713,2268.7614827104253,63.50113608765302,10
4714,2269.110984640898,63.48484400425259,10
4715,2269.3972336350976,63.63579786318324,10
4716,2270.00793698378,63.7952819598533,10
4717,2270.5555006810273,63.954417619302106,10
4718,2271.0368424275644,64.07873371709755,10
4719,2271.5837211600247,64.2804246130826,10
4720,2272.130090704268,64.111675808103,10
4721,2272.6538395763378,64.09271188157786,10
4722,2272.916271811703,64.00378704281457,10
4723,2273.3311823766044,63.84898360230824,10
4724,2273.68076426384,63.95179194424311,10
4725,2274.1410652780996,63.82334311305482,10
4726,2274.4035466461564,63.68246617771247,10
4727,2274.7993689715304,63.86725699187509,10
4728,2275.1497679538543,63.60633710493071,10
4729,2275.6515898400744,63.589810724049926,10
4730,2276.2424862577395,63.50485288631487,10
4731,2276.767112692455,63.502979881994015,10
4732,2277.0306339277954,63.46612768206421,10
4733,2277.599370222603,63.450860167127715,10
4734,2277.995727068723,63.256510034807775,10
4735,2278.411624968172,63.32574699606781,10
4736,2278.871201806509,63.31886321102423,10
4737,2279.396052158644,63.201701575970986,10
4738,2279.8781576270626,63.2495645827201,10
4739,2280.3606668503653,63.367338727573724,10
4740,2280.907490005441,63.419581396183304,10
4741,2281.388450338066,63.588337865444586,10
4742,2281.825767063986,63.792600462270386,10
4743,2282.4162817481442,63.66496435131224,10
4744,2282.854944220525,63.90603261233906,10
4745,2283.4673749180665,63.727157299876644,10
4746,2283.906778859453,63.828914141620196,10
4747,2284.4024522827194,63.669145337797055,10
4748,2284.862776196045,63.51988840934648,10
4749,2285.342827818962,63.31594719454817,10
4750,2285.8258671007666,63.29257306687135,10
4751,2286.4594178508496,63.251586856131475,10
4752,2286.789263116995,63.09497659027969,10
4753,2287.183955682781,63.06834367949726,10
4754,2287.4027280698574,63.30082770920827,10
4755,2287.7537928210922,63.30101510726195,10
4756,2288.1681302618476,63.31431949034433,10
4757,2288.5840977813614,63.56932436051803,10
4758,2288.979879251749,63.357169727478365,10
4759,2289.3522887639238,63.31436517816736,10
4760,2289.810988097525,63.16037006957408,10
4761,2290.162753120535,63.21051855478869,10
4762,2290.6227248662926,63.07968123559224,10
4763,2291.2793538348437,63.0489460689837,10
4764,2291.651755559815,63.0121530271968,10
4765,2292.0895964091114,63.15504761013207,10
4766,2292.5284642330025,63.31714238556287,10
4767,2292.943761881765,63.40646163285114,10
4768,2293.445203466386,63.471222290083,10
4769,2293.9266547063603,63.50507183459474,10
4770,2294.473352518295,63.479424716211774,10
4771,2294.8458123939263,63.40774193360652,10
4772,2295.2828516649197,63.09620720161794,10
4773,2295.8952035431867,63.23380825595366,10
4774,2296.3989120669744,63.397421615225724,10
4775,2296.8806081074317,63.26988663763532,10
4776,2297.231215997863,63.420574491216954,10
4777,2297.8432220080776,63.22532941324664,10
4778,2298.302337815518,63.38723460825329,10
4779,2298.6320856333505,63.156408745994305,10
4780,2299.047846308881,63.25040711606418,10
4781,2299.485299739456,63.29821613492506,10
4782,2299.944438841084,63.265490269878256,10
4783,2300.4042487468987,63.045699297045985,10
4784,2300.9294311476287,63.11672022994983,10
4785,2301.4542387642514,63.337902271249476,10
4786,2302.2179693750154,63.31089093303517,10
4787,2302.7413751757385,63.32729924568165,10
4788,2303.441228934018,63.3100135129099,10
4789,2303.8123942188786,63.27382510912008,10
4790,2304.033020946496,63.190258343064144,10
4791,2304.6017005209605,63.318560146827366,10
4792,2304.951113100827,62.99795161955742,10
4793,2305.3891154707635,63.047246326392845,10
4794,2305.9578444086173,63.01215939723277,10
4795,2306.5911538683163,63.06415935948014,10
4796,2306.7670537492363,63.03071942530051,10
4797,2306.963520806572,62.90209242214533,10
4798,2307.378683765838,62.639754333489634,10
4799,2307.6851996234514,62.549775240645225,10
4800,2308.208719144937,62.5028177423468,10
4801,2308.625833995248,62.42146632644501,10
4802,2308.998492185608,62.48084193825867,10
4803,2309.588577713882,62.54401276129439,10
4804,2310.135552816488,62.593784838386085,10
4805,2310.508075791823,62.599986960651705,10
4806,2310.9026949008594,62.52560981494056,10
4807,2311.4720426051454,62.316325553609296,10
4808,2311.930811750234,62.617141400069656,10
4809,2312.346946030284,62.60353929659441,10
4810,2312.7635067182773,62.716471186148,10
4811,2313.3974817406242,62.98599081763031,10
4812,2314.0089964186745,62.920462717465476,10
4813,2314.5328097645297,62.84568306134292,10
4814,2314.9487679284457,62.926337335203456,10
4815,2315.386594017218,63.1246967754524,10
4816,2315.781911434565,62.908725546272755,10
4817,2316.2634571196177,62.74826729524123,10
4818,2316.7870954446507,62.67845482837709,10
4819,2317.3566475425073,62.592229904178446,10
4820,2317.7734233030387,62.60417325961723,10
4821,2318.0817340853255,62.62949320957078,10
4822,2318.3661718243616,62.61129618542292,10
4823,2318.567282258695,62.621956351568635,10
4824,2319.1133319892147,62.86095289436418,10
4825,2319.856490641273,62.96350927308295,10
4826,2320.4038825056673,63.18113227994591,10
4827,2320.6664196442034,63.25434365301071,10
4828,2321.083941625999,63.32964831355293,10
4829,2321.6525565347392,63.32610795835463,10
4830,2322.0895927140505,63.43037377620513,10
4831,2322.288172097057,63.236073739243956,10
4832,2322.9881297194574,63.16621571211284,10
4833,2323.2745588369617,63.294984664454745,10
4834,2323.712335581339,63.39497912559144,10
4835,2324.1731879307044,63.58035467129923,10
4836,2324.5680703955704,63.59822224735289,10
4837,2324.9399206235657,63.6641988862433,10
4838,2325.529939042851,63.73674921631979,10
4839,2326.0563490777413,63.673951555591515,10
4840,2326.4958998418037,63.60127595782552,10
4841,2326.847630159921,63.45260461428995,10
4842,2327.222772467869,63.29317072110096,10
4843,2327.725299476661,63.57582759409703,10
4844,2328.2494847436255,63.44182013179781,10
4845,2328.862708025038,63.62570715265356,10
4846,2329.300197769521,63.37401356339012,10
4847,2329.891190283316,63.4091018868683,10
4848,2330.3736935602406,63.46832510243165,10
4849,2330.8760714094706,63.58221452705319,10
4850,2331.2269085887956,63.43997214777597,10
4851,2331.664155576007,63.568156597882925,10
4852,2332.146368079334,63.493347621219975,10
4853,2332.6049304827657,63.79264982640439,10
4854,2333.0210255257816,63.70860821014899,10
4855,2333.5454066112316,63.6909358540045,10
4856,2334.0932889574383,63.752205108068324,10
4857,2334.6395109393293,63.47925381458717,10
4858,2335.056028551376,63.362163310910034,10
4859,2335.7125134819557,63.33633938400112,10
4860,2336.456850657217,63.31205014322851,10
4861,2336.937698524501,63.1166564073124,10
4862,2337.439999939416,63.14907212306356,10
4863,2338.05308917409,63.01544854478056,10
4864,2338.6219947935156,63.026923455991856,10
4865,2339.103247142343,62.97318637799377,10
4866,2339.5395687879195,62.9144819675189,10
4867,2340.151256918632,62.806184554194246,10
4868,2340.720694274318,62.70106987740762,10
4869,2341.0715105430872,62.53623813206604,10
4870,2341.5311643002337,62.59587753392675,10
4871,2341.86034409103,62.54884776468332,10
4872,2342.385159760438,62.51896099720729,10
4873,2342.86799501327,62.56237093998453,10
4874,2343.3275992956414,62.65066130834957,10
4875,2343.854869683936,62.77068993191024,10
4876,2344.291453399604,62.6322595637486,10
4877,2344.686401328745,62.57231731871065,10
4878,2345.0372303060813,62.718784822235996,10
4879,2345.3862534516566,62.80120746011026,10
4880,2345.824558168918,62.95070139416557,10
4881,2346.243012145991,62.86213895169794,10
4882,2346.834363304012,62.74468692906387,10
4883,2347.42546767517,62.79942076528399,10
4884,2347.950468521268,62.61028474865548,10
4885,2348.322740860015,62.59091243417539,10
4886,2348.8689003295676,62.62162699681883,10
4887,2349.284769782605,62.547215962010554,10
4888,2349.5048029333657,62.52666602551657,10
4889,2349.941010314159,62.62786603144655,10
4890,2350.1402228898264,62.61974199628119,10
4891,2350.423780502468,62.58250747786023,10
4892,2350.7963838708483,62.65131895287988,10
4893,2351.1891838387446,62.4143068014676,10
4894,2351.3213139974278,62.36086029196317,10
4895,2351.651813353519,62.43187076126236,10
4896,2351.871824725199,62.43528296337938,10
4897,2352.4825617492006,62.648513927517484,10
4898,2352.9644986673397,62.57127167588231,10
4899,2353.3150401221237,62.35249126456387,10
4900,2353.8636441874382,62.31810494172867,10
4901,2354.27851671614,62.23245577597284,10
4902,2354.6954146895614,62.225033973742214,10
4903,2355.1762647637156,62.28065580533604,10
4904,2355.7451950113755,62.111875619872755,10
4905,2356.1620332368275,62.028787656711586,10
4906,2356.6222674183355,61.99976733099083,10
4907,2357.3650317090296,61.92825055067917,10
4908,2357.802360128914,61.87356364950382,10
4909,2358.3286152653895,62.05063802760281,10
4910,2358.5939767962777,62.10456408693865,10
4911,2358.9667249964496,62.02037965291279,10
4912,2359.6643039693827,62.081022347087305,10
4913,2360.2541906954148,61.98464872995053,10
4914,2360.7807450165183,61.97647741756736,10
4915,2361.2607161058695,62.14128138748983,10
4916,2361.501704944979,62.093278835510894,10
4917,2362.0492147081436,62.00890232949023,10
4918,2362.573184823001,62.12947537920871,10
4919,2363.0342407350663,61.97626340633775,10
4920,2363.385792945497,61.821185203486706,10
4921,2363.8220849210893,61.76207160264702,10
4922,2364.215753429521,61.56024386873331,10
4923,2364.5007498394916,61.51758962649991,10
4924,2364.7648497907626,61.55103491307671,10
4925,2365.2467458475085,61.68270510954351,10
4926,2365.8573907395976,61.6982946795977,10
4927,2366.2959912172555,61.79088389047041,10
4928,2366.908554188663,61.85816880816715,10
4929,2367.2367587960307,61.954069776539576,10
4930,2367.6958057117076,62.069476507813924,10
4931,2368.2444408475517,61.930520215652734,10
4932,2368.5074387955096,62.03458623713294,10
4933,2369.010731284168,61.86624106909236,10
4934,2369.2747371765004,61.895952054164376,10
4935,2369.669475971625,62.083430046499736,10
4936,2370.15281107542,62.17729740029078,10
4937,2370.679713651416,62.382232778722866,10
4938,2371.138313798784,62.36138741889314,10
4939,2371.577174378185,62.11910658829563,10
4940,2371.9712564248116,62.39183959771332,10
4941,2372.429977261335,62.48795538792629,10
4942,2373.063785377082,62.45845406289121,10
4943,2373.5883264975373,62.573341178917985,10
4944,2374.0497088336037,62.62580330708829,10
4945,2374.5300483284964,62.660047849191585,10
4946,2374.9888216046334,62.81086580529629,10
4947,2375.6232621648355,62.978125389277025,10
4948,2375.7350944659497,62.92743741660408,10
4949,2376.129901822971,62.892188656468726,10
4950,2376.590177258365,62.8558479351436,10
4951,2377.0071270089916,62.78109072028555,10
4952,2377.315079862164,62.929775934781475,10
4953,2377.7092057225027,62.91937808297612,10
4954,2378.1690686895313,63.02725071533887,10
4955,2378.760287160977,62.818423235651714,10
4956,2379.2848249695107,62.96690367489266,10
4957,2379.722169559466,62.929924594998795,10
4958,2380.203291496257,63.06397908378143,10
4959,2380.6408152719155,62.973437200183064,10
4960,2381.1892769452156,63.110291588420964,10
4961,2381.758977339773,63.08672778646426,10
4962,2382.13334906895,63.116280287808195,10
4963,2382.4412927820995,63.30786258373997,10
4964,2383.0544629413334,63.202567425304366,10
4965,2383.4051673972,63.17564045842115,10
4966,2383.62448931427,63.13746764780599,10
4967,2384.2135077152234,63.063856336583484,10
4968,2384.7601336251114,62.93926586466056,10
4969,2385.4588892121524,63.00395467248513,10
4970,2385.9420319669744,62.814963705397275,10
4971,2386.3807661158244,62.741517774377975,10
4972,2386.9931265221826,62.81486041825577,10
4973,2387.4967068741566,62.63131758680698,10
4974,2387.652332476442,62.547646775977185,10
4975,2388.2584793134,62.673126774730214,10
4976,2388.871312437922,62.64224440299935,10
4977,2389.155345420899,62.60546413847068,10
4978,2389.593557172341,62.43815951753901,10
4979,2389.9017300912697,62.39324551858133,10
4980,2390.272132158728,62.668923386098676,10
4981,2390.600840182598,62.79325721656826,10
4982,2391.2134247548715,62.87885712214776,10
4983,2391.5624231300726,63.01199568276529,10
4984,2392.0313504829046,62.7944354038619,10
4985,2392.3158034853395,62.80265065564881,10
4986,2392.7085740733833,62.75151215716033,10
4987,2393.146068351395,62.845704468640946,10
4988,2393.6702393490514,62.93250869157495,10
4989,2394.107247204634,62.72164024793852,10
4990,2394.7200208774043,62.90039712214679,10
4991,2395.1353273430523,62.77067344351982,10
4992,2395.551330444398,62.853318786731286,10
4993,2395.9243041671766,62.846414382757324,10
4994,2396.5607307583523,62.93515855642918,10
4995,2396.9098402219897,62.75186400787323,10
4996,2397.4789316846022,62.89583533997296,10
4997,2397.9380234528867,62.88953188978827,10
4998,2398.2445976270587,62.69626530934699,10
4999,2398.813266303693,62.70654467069022,10
5000,2399.0780817056493,62.83044846755197,10
