t,cum_regret_mean,cum_regret_sd,n_runs
1,0.0,0.0,10
2,0.01339422005881713,0.01692436142075967,10
3,0.020215766881243317,0.017555543716150035,10
4,0.02690270527041102,0.020510203326941864,10
5,0.036777458496893,0.02426569605385489,10
6,0.04601533241469286,0.034671368725555755,10
7,0.10483449189068035,0.15690269419170363,10
8,0.17226659872995082,0.20220687513675054,10
9,0.23340801406097333,0.3204214737032656,10
10,0.43592800747290533,0.33689456923424266,10
11,0.4904444457478225,0.44572787465941033,10
12,0.5862361305985059,0.5125358035377313,10
13,0.7769338966986076,0.4809200878173202,10
14,0.9302287948628759,0.626400558349707,10
15,1.044304196549619,0.5405110071258096,10
16,1.1270264467834998,0.5017440305087463,10
17,1.1396012575563266,0.5162264574760209,10
18,1.2485149067970482,0.5059027284715197,10
19,1.353443983263948,0.4801418709158818,10
20,1.4069706554126955,0.5283730344484112,10
21,1.5581474514736382,0.5921001447960634,10
22,1.6339582312375864,0.5656808788187327,10
23,1.6956371328478634,0.5549501183369343,10
24,1.788715347811691,0.6571165132005774,10
25,1.845999934081836,0.6798460907082717,10
26,1.853686981771121,0.6826972620954461,10
27,1.9511004165910102,0.7500418187440359,10
28,2.001615700054548,0.748022352340559,10
29,2.004999751387581,0.7496028599759503,10
30,2.056843987017788,0.7269559024789162,10
31,2.1545206684267693,0.7808783106126116,10
32,2.252813826281105,0.7127233562272285,10
33,2.396435622988675,0.7062917135814987,10
34,2.4983782565242842,0.824597928892071,10
35,2.556939072196918,0.786827187012502,10
36,2.5842762462681277,0.7747274678172598,10
37,2.6961459496682365,0.8234364864257508,10
38,2.8469765346374984,0.8708755121078475,10
39,2.9045014759187926,0.9167937240637772,10
40,3.0185917691745017,0.8858310044110151,10
41,3.1134553341252924,0.9549332248538236,10
42,3.1810333921369445,0.8697381688551707,10
43,3.1910647218792043,0.869128133584439,10
44,3.2499929739269526,0.8661590028607791,10
45,3.26276979028298,0.877762260684053,10
46,3.272890011564673,0.8842869287375585,10
47,3.3670054985395454,0.8699506540077394,10
48,3.4165353050997522,0.949937165006334,10
49,3.517518464325839,1.020230212339191,10
50,3.6202828468172803,1.0724841124331386,10
51,3.6852791416303794,1.1270535239995596,10
52,3.7460953769894396,1.205084951662842,10
53,3.796372758164312,1.1966086360858994,10
54,3.968926948399556,1.2961571756604877,10
55,4.032248758896119,1.2943894961601032,10
56,4.094504321973715,1.292979719315219,10
57,4.241447495533198,1.3869739406159989,10
58,4.2926127233959495,1.479733842873502,10
59,4.303260995400627,1.4785757632133736,10
60,4.318074736867543,1.4637646364721357,10
61,4.422314779852418,1.485161413612193,10
62,4.465189749585053,1.5034304048300104,10
63,4.473194721294395,1.5034280265634619,10
64,4.483466382446431,1.497814289281935,10
65,4.5355225654491536,1.5297105137190035,10
66,4.602328419177597,1.4723227646545258,10
67,4.609887414446183,1.478964597673068,10
68,4.75782999847793,1.4840888739211626,10
69,4.765900002536399,1.4886040873662587,10
70,4.860688468768639,1.5680359371349117,10
71,4.895134208716952,1.5581752649442877,10
72,4.901709830841444,1.5539174223976435,10
73,4.9069425908035065,1.553788936038395,10
74,4.959844788879254,1.5897529547654068,10
75,4.96774937378877,1.5904399291713816,10
76,5.019536479752151,1.5832667794871234,10
77,5.07315570688993,1.5076441813128163,10
78,5.172765583005914,1.4742181223437392,10
79,5.177855262644671,1.4768771247169465,10
80,5.1833145950955695,1.48006056931957,10
81,5.202950817845051,1.4784371143333108,10
82,5.309959540930921,1.4735134352241737,10
83,5.365341120696227,1.546891393772403,10
84,5.4152382733117665,1.4847302458997311,10
85,5.487688112773238,1.4230295695178927,10
86,5.542400439884218,1.4365821589786463,10
87,5.601332161777579,1.423912958490841,10
88,5.660817588476549,1.3799315517691468,10
89,5.766458771626899,1.441228054643132,10
90,5.826811702760045,1.5437159589865284,10
91,5.8724152864891135,1.5511251813433795,10
92,6.019267798070178,1.5821775667817164,10
93,6.159300342961644,1.5680044219209923,10
94,6.2115763095663254,1.6001293145570556,10
95,6.267614268520058,1.570616759759438,10
96,6.323416076404456,1.6613302020265814,10
97,6.344870272570413,1.6753305475562885,10
98,6.405664714807178,1.7642576918902522,10
99,6.497603598293393,1.7338347789733184,10
100,6.503701860704029,1.731733790962398,10
101,6.531621943401338,1.7643488934367797,10
102,6.547873813231412,1.7835539169027403,10
103,6.568824339877693,1.7803448956252952,10
104,6.629301699505528,1.8784114118094373,10
105,6.635261660103876,1.8773053162194728,10
106,6.6645348639546995,1.8642325452678576,10
107,6.6754310982411,1.869261762011049,10
108,6.695571433021875,1.8604055578984118,10
109,6.844226679254075,1.841461763738781,10
110,6.851672632917891,1.8417768016154221,10
111,6.902726317092491,1.8367775292070614,10
112,6.910090119998392,1.8358276452251354,10
113,7.013966536947494,1.8456161603071122,10
114,7.067295978435958,1.8632709207594973,10
115,7.116033393465426,1.8954864289170603,10
116,7.119722837878095,1.8928807847607665,10
117,7.169987185900256,1.980382008338004,10
118,7.173798508056078,1.9818190438233856,10
119,7.232946360667128,2.0219032100791137,10
120,7.23602005751589,2.0189851203204285,10
121,7.381647758521607,2.0052100653278147,10
122,7.447200481508835,1.958951506456341,10
123,7.5038903577013985,1.9559316944598242,10
124,7.565157126219314,1.9644408037026475,10
125,7.627694367315809,1.8969672774686805,10
126,7.684947124235968,1.9380411128175314,10
127,7.789667243549708,1.9085546507067894,10
128,7.803095414358897,1.9086987762512766,10
129,7.865515402701448,1.9525317206710209,10
130,7.876741591710562,1.9575275792980402,10
131,7.934700937890696,2.0149234958119964,10
132,8.042247652121763,2.1107245062969398,10
133,8.148697911218036,2.1470176315656673,10
134,8.152036300723982,2.1461736971520917,10
135,8.158917389267325,2.145900195592863,10
136,8.259032272012831,2.235734927687492,10
137,8.26272457115222,2.234079947925342,10
138,8.280719524384129,2.2439675981616065,10
139,8.355568503127285,2.3412538867001236,10
140,8.359816695552798,2.340241130293578,10
141,8.36397910321999,2.3406992874532544,10
142,8.413379320095782,2.3897399404609847,10
143,8.49693780446961,2.4323044675986374,10
144,8.501793415949416,2.428282776760584,10
145,8.604367283230596,2.3986006096432693,10
146,8.6439620998256,2.4186883268522688,10
147,8.64991024432904,2.4198451024289347,10
148,8.691913005806196,2.4625425033502153,10
149,8.701959269765483,2.4693884548134517,10
150,8.803247448821638,2.4750307639145164,10
151,8.818166690852227,2.460361087424552,10
152,8.864596319198823,2.4632828510087643,10
153,8.86881576893002,2.46440164205809,10
154,8.967547696069092,2.4523346895006513,10
155,8.970407360324112,2.4512422665380575,10
156,9.01937619499157,2.450641740995069,10
157,9.042642621829556,2.4635731985897347,10
158,9.143058040214267,2.508567231329962,10
159,9.155732442400364,2.508648667839296,10
160,9.16706996456233,2.508659154882505,10
161,9.17647593574221,2.5007224462606126,10
162,9.27321436274208,2.4443774749871934,10
163,9.282081712448178,2.4435162284903607,10
164,9.325149608557771,2.456368706644049,10
165,9.487262614356293,2.4760453801944085,10
166,9.644701163473567,2.51198125898003,10
167,9.648458481355906,2.511681882466746,10
168,9.69731468291415,2.5314639194426523,10
169,9.701274815990498,2.530519680465875,10
170,9.710253807570478,2.5212166507870224,10
171,9.726648266202735,2.519773172219258,10
172,9.76982598345987,2.5444340464478232,10
173,9.816437034129594,2.516260756140302,10
174,9.829907643622917,2.526328708638208,10
175,9.830619651016098,2.5269124292008422,10
176,9.88147479372697,2.480310931946203,10
177,9.890507924481323,2.4787765831337842,10
178,9.897909780607332,2.479476886728491,10
179,9.95065553483337,2.4440641993443624,10
180,9.954579883677063,2.4411967977150355,10
181,9.960452302524798,2.4427376596834405,10
182,9.962377257789473,2.4440302203791564,10
183,9.967474084747515,2.4367568198295873,10
184,9.97509063027896,2.437231585633672,10
185,10.02235884162267,2.4008177948585216,10
186,10.03496651466263,2.4076897131235935,10
187,10.091942052338997,2.4020899659822557,10
188,10.100377914141339,2.407251978801571,10
189,10.101351546604885,2.406324696454984,10
190,10.190857031768147,2.3837359477871938,10
191,10.200907789870843,2.382890488762137,10
192,10.206912772523246,2.384969103322973,10
193,10.216793269251317,2.3803836093811888,10
194,10.220703264696304,2.3790061536349882,10
195,10.224224226166273,2.37447242750649,10
196,10.230729676545293,2.376001362399255,10
197,10.233450129509842,2.3741674665272887,10
198,10.325882953612368,2.2845860707701835,10
199,10.381530924969685,2.296801766479856,10
200,10.437322710708395,2.192305229206189,10
201,10.487018256028424,2.2710410822027454,10
202,10.491265789815902,2.270698344652792,10
203,10.556325230935382,2.187358111227677,10
204,10.56910398988303,2.188069734464585,10
205,10.626171390513424,2.1644950952153343,10
206,10.635067013304532,2.1657546697030865,10
207,10.63629716300896,2.1651059622046818,10
208,10.639594581754599,2.1653757303256573,10
209,10.69555771631666,2.11595461692712,10
210,10.75081628746761,2.0811390062666337,10
211,10.807818480144203,2.1307864764708984,10
212,10.820634225918372,2.1258554475944123,10
213,10.918156252017592,2.2614134022626047,10
214,10.934817843914175,2.270561444447293,10
215,11.037124848810308,2.3502150038068153,10
216,11.047286239285564,2.3530761480630837,10
217,11.113102593884028,2.3458544208001,10
218,11.120593359613164,2.3473058817921237,10
219,11.18023949317862,2.43621137081965,10
220,11.281981016328075,2.5473085108721785,10
221,11.339641006338251,2.637549688394818,10
222,11.34574138356447,2.6384277193075465,10
223,11.3528496838606,2.6395367115497765,10
224,11.363929783154262,2.646136269289511,10
225,11.419826680323487,2.6863944078676605,10
226,11.480910125652617,2.678126879495128,10
227,11.492096359500966,2.682262027344728,10
228,11.495134610118335,2.6799315491043103,10
229,11.49908815201819,2.680579578177323,10
230,11.558504977946138,2.63102645848373,10
231,11.615126251934408,2.6587839112952367,10
232,11.62221355558494,2.6651802987718067,10
233,11.637788157090938,2.658652117510137,10
234,11.737486288171272,2.5970342953206345,10
235,11.93141610814284,2.669634333661944,10
236,12.032823380219106,2.733577324854794,10
237,12.276633441268219,2.860840052467049,10
238,12.348154280122017,2.8898678062471794,10
239,12.405872933907336,2.8080933296266934,10
240,12.50796993700617,2.7905912997616444,10
241,12.519393217795832,2.796440867710667,10
242,12.570367295449444,2.8849986129643996,10
243,12.584120277120565,2.8801923918734977,10
244,12.658036761135158,2.8680852349464456,10
245,12.660717126773378,2.870340713172488,10
246,12.717046343333983,2.919190421722541,10
247,12.72226374865569,2.9226549947148652,10
248,12.772764359200272,2.98382256018088,10
249,12.779383087686284,2.9834257895071197,10
250,12.881161544276761,3.043122063844755,10
251,12.934826152751493,3.0141853240241563,10
252,13.08564448684597,2.966022022820362,10
253,13.186040471498519,3.058944267568011,10
254,13.24909492091821,3.0887645084626008,10
255,13.306948091453842,3.140528011397077,10
256,13.451092406195993,3.1571468735736836,10
257,13.510881399376533,3.235353511755622,10
258,13.564349883624995,3.2912751510673997,10
259,13.567786234615829,3.2913195257707093,10
260,13.583739695112609,3.303810681761882,10
261,13.683409134045998,3.2740227872949195,10
262,13.734379464359353,3.2481915012641056,10
263,13.849296572996519,3.2913290328884166,10
264,13.86373839284557,3.2903419844027004,10
265,13.877153317111397,3.28893288637184,10
266,13.882306883918796,3.2883741314332404,10
267,13.945544136861765,3.3498075239651945,10
268,13.95906549237505,3.3544609251874773,10
269,13.967057614692362,3.3534192768770836,10
270,14.021719923060743,3.3300326411059165,10
271,14.166500043414032,3.338606805864378,10
272,14.216913343353976,3.3220340885031963,10
273,14.293181595667596,3.3042086689268118,10
274,14.34599636529661,3.2921577442927172,10
275,14.352057540560782,3.2920833097325772,10
276,14.404725862684668,3.2113029979028296,10
277,14.502463847440518,3.18168074323575,10
278,14.517396797381954,3.1873133470147303,10
279,14.577051390345929,3.202433007983414,10
280,14.627361553238128,3.1344022918243644,10
281,14.632881590064795,3.137063609378164,10
282,14.73050134192186,3.116781387531964,10
283,14.731872063718475,3.115917817270018,10
284,14.736216643091263,3.1131370273362804,10
285,14.74078778965541,3.111017158836147,10
286,14.74789160117948,3.103375535242,10
287,14.782840572893615,3.1462078685949844,10
288,14.891388078903978,3.18589264548378,10
289,14.897910880496998,3.1898211232753453,10
290,14.962365688071367,3.2468259311650955,10
291,14.969862818807508,3.243608927457187,10
292,15.030968417855842,3.231768358103755,10
293,15.033663047037672,3.2308775379208887,10
294,15.10678195405661,3.297403165848432,10
295,15.162857632096456,3.355066407841389,10
296,15.21203212087298,3.4110273332539065,10
297,15.216858062070623,3.411068760760289,10
298,15.227986438056774,3.4131801141707916,10
299,15.272857706233953,3.3976341360636666,10
300,15.325332403207161,3.390598086027343,10
301,15.381093578324775,3.451869597349576,10
302,15.38280012238759,3.4525173023594724,10
303,15.392159421849684,3.4493944760456428,10
304,15.397531062526289,3.445370491523205,10
305,15.415754011774993,3.4378781810843893,10
306,15.421143110554379,3.436656992108643,10
307,15.426227924892316,3.434530318448092,10
308,15.432843651928687,3.4412004023033593,10
309,15.436287528575253,3.438076983121073,10
310,15.498240776026943,3.43556712116214,10
311,15.501175935256708,3.434814258031666,10
312,15.5585352852244,3.3969105867112708,10
313,15.566936772832,3.39145611242458,10
314,15.61803143203456,3.4520032265990443,10
315,15.63532437111628,3.4525840758796233,10
316,15.64223368800362,3.451513136622244,10
317,15.651050345883823,3.454244511682505,10
318,15.654511815144527,3.4539847589014614,10
319,15.715770860823506,3.5211139102560396,10
320,15.866841288268915,3.6097058370812443,10
321,15.91182474579936,3.654280232603327,10
322,15.961686761484199,3.638979392933723,10
323,15.974866375701847,3.6204128834069396,10
324,15.983411047000729,3.6231433301627876,10
325,16.00660772425728,3.6415548720425193,10
326,16.00851195395493,3.6412983529734273,10
327,16.06316365240899,3.6427591579092833,10
328,16.11797349397991,3.712840433584175,10
329,16.122360154576178,3.7089847214588185,10
330,16.1375897632699,3.687854792561395,10
331,16.193605192801662,3.6129213159550178,10
332,16.242477478455456,3.618405759820925,10
333,16.294374572786747,3.6274181839242083,10
334,16.30329664817852,3.6234675391073314,10
335,16.30726984036088,3.622224008269175,10
336,16.321392558223813,3.617393056446839,10
337,16.374266991437324,3.5418635877496856,10
338,16.434286187038644,3.522073698083352,10
339,16.43716179909368,3.521026887886979,10
340,16.494706611310132,3.5662452618600406,10
341,16.514303276938186,3.5631601395963206,10
342,16.567061057447,3.619807817413241,10
343,16.62274076953954,3.6749661767879047,10
344,16.633140243046295,3.685430216904843,10
345,16.78305446906692,3.6753974490675216,10
346,16.898515958057974,3.739298844821696,10
347,16.99902310132914,3.7513926574969214,10
348,17.04895783577299,3.76405262386694,10
349,17.098972487747794,3.7710097503761415,10
350,17.103318031755446,3.7724359424374794,10
351,17.117785287402484,3.7759275304256765,10
352,17.216989545570094,3.7828813979987883,10
353,17.267755635857764,3.8588225013282247,10
354,17.27162982697017,3.857955647767668,10
355,17.276326131721923,3.85557836251732,10
356,17.28424121193023,3.8604092438355635,10
357,17.33373072823634,3.8479717176404127,10
358,17.431109591987852,3.9421772119783047,10
359,17.443143081916414,3.9393293339612834,10
360,17.500889056912307,3.998235503781922,10
361,17.548106646423214,3.995794783109268,10
362,17.552457777121873,3.995545344391913,10
363,17.554187703531458,3.993973302301133,10
364,17.642632946629995,4.122258170184948,10
365,17.740350731180182,4.140230140413577,10
366,17.748176227159554,4.141410784615345,10
367,17.749390532817678,4.1414461393001405,10
368,17.799304830468767,4.147363263265951,10
369,17.80255405713408,4.147989124274039,10
370,17.858486981696526,4.224443080062391,10
371,17.98563212143009,4.150837713384665,10
372,18.087768206335337,4.247224143408092,10
373,18.09174077892746,4.24809667361231,10
374,18.142759070206154,4.249191664706692,10
375,18.200703678122927,4.240790721970007,10
376,18.203520869024704,4.2381209081193685,10
377,18.309780361707347,4.327689834674038,10
378,18.358931884529945,4.342319089392262,10
379,18.36395773859728,4.341682014138406,10
380,18.410123962018986,4.348037852858433,10
381,18.42081057284842,4.340075677357128,10
382,18.426406324849587,4.333401130115984,10
383,18.431433664437897,4.3288549393496965,10
384,18.531487148837375,4.284685744509403,10
385,18.5408255768006,4.27650187759624,10
386,18.591664405680525,4.279400402077749,10
387,18.597393821208726,4.278746537646417,10
388,18.648167311480265,4.341781693837226,10
389,18.72755554378405,4.365368816437996,10
390,18.783662692534175,4.387572974593838,10
391,18.84013499438121,4.396144029697266,10
392,18.93436677468516,4.440049158647599,10
393,18.9508692240714,4.433200116377241,10
394,18.961484703037684,4.438669406480685,10
395,18.969179457424726,4.433086433984774,10
396,18.97757748214737,4.439256158902646,10
397,19.027088576929692,4.466892819690582,10
398,19.127883238342115,4.433000807882235,10
399,19.1306726953108,4.433377811321046,10
400,19.281962284605136,4.393887336654611,10
401,19.42855798500103,4.290397747900856,10
402,19.527291145884725,4.254746041389554,10
403,19.530505721421,4.254649265539956,10
404,19.55345739023479,4.270275849339519,10
405,19.654003913542134,4.137853979300472,10
406,19.709394953897394,4.056298020357737,10
407,19.810622721032978,3.9466756930550457,10
408,19.914260759334276,3.9039501376564876,10
409,19.97371351923494,3.9853496347032755,10
410,20.12448652255119,3.969043018488966,10
411,20.13275531435493,3.964919394065793,10
412,20.15267409816594,3.9883976367918086,10
413,20.159178448115988,3.992279659868826,10
414,20.255566890638768,3.959157921603403,10
415,20.358247318725166,3.9358449885996665,10
416,20.454149578186787,3.803787157379659,10
417,20.554915673957588,3.7198147844333103,10
418,20.65680271547081,3.6546356025494466,10
419,20.712488840459415,3.619330884316116,10
420,20.7634383461647,3.5960240455458283,10
421,20.816269502977512,3.5618196353278213,10
422,20.86883287816098,3.5356251780798464,10
423,20.87501292161064,3.539574833744585,10
424,20.887574890683574,3.5356232166219366,10
425,20.892447177411277,3.536556400207224,10
426,20.89476240047722,3.537470549712004,10
427,20.923371464569207,3.5323317658430278,10
428,21.030391403683886,3.4955898893040414,10
429,21.035459383818488,3.4873044060672775,10
430,21.132126680415034,3.5593747071038493,10
431,21.19032229557544,3.5508681487206006,10
432,21.19801608195808,3.554847779493093,10
433,21.250887949059482,3.533606819235796,10
434,21.254522368698066,3.5328811478047037,10
435,21.354812267024933,3.499148788619011,10
436,21.44707213582364,3.577435512924911,10
437,21.449936950793933,3.577446082775075,10
438,21.490877582959445,3.59728871480586,10
439,21.61540384152887,3.722044577606144,10
440,21.667920504685714,3.784148595881033,10
441,21.76571899646408,3.690307079168814,10
442,21.79759929036236,3.704180769195757,10
443,21.87225521608076,3.621196057426415,10
444,21.92238901738643,3.597849473882983,10
445,22.023419492067415,3.634854126072349,10
446,22.042929261318605,3.6523857508707134,10
447,22.14664840516836,3.6861148315811314,10
448,22.157414870437655,3.6951659571120925,10
449,22.221310299183596,3.5932739184156506,10
450,22.273059199106797,3.4993545735258773,10
451,22.329356397742252,3.4802554434169166,10
452,22.342676700416558,3.4799983871461415,10
453,22.409122115035682,3.5826236838667214,10
454,22.464849462152312,3.483174655966907,10
455,22.524850800787913,3.398339935822968,10
456,22.628959943017275,3.298031363118111,10
457,22.679626346320397,3.2936834467861873,10
458,22.744284759675956,3.306309942867672,10
459,22.810701778068204,3.2334514661590563,10
460,22.83259074899291,3.2340367167111395,10
461,22.8511279135371,3.2285933897912344,10
462,22.89910110521408,3.1950616864240886,10
463,22.956374739562882,3.291771859959773,10
464,23.01091188313383,3.2798400456268237,10
465,23.059335646002438,3.267274240943028,10
466,23.15616517959659,3.3517614638602504,10
467,23.209354476242055,3.276681748072794,10
468,23.217469527637636,3.2824750546166497,10
469,23.266447714765786,3.284484083936377,10
470,23.276087949921887,3.2741095892195617,10
471,23.292452177273212,3.2965416630937265,10
472,23.2958258858046,3.2994873933611464,10
473,23.297768738717096,3.301362551863288,10
474,23.34817382408263,3.315804679564407,10
475,23.397371984610103,3.396687615421523,10
476,23.402982910944104,3.4005356004312004,10
477,23.406339922407966,3.4009150494657576,10
478,23.551733325855352,3.2650894456473303,10
479,23.610446114777915,3.2340535195064266,10
480,23.660214119652345,3.198210624722649,10
481,23.671514254418938,3.194936647001336,10
482,23.773121049536545,3.1991518720650536,10
483,23.87469647895532,3.189654059968228,10
484,23.92711523248142,3.278836980687062,10
485,23.940301209231457,3.276270255441757,10
486,23.946043000909164,3.2778452001161336,10
487,24.003686695741855,3.257313371769668,10
488,24.121147068082387,3.2730649296202112,10
489,24.202657035519174,3.256729709074626,10
490,24.254141272567317,3.2368582383501994,10
491,24.373451181134786,3.311332499712252,10
492,24.429917310198142,3.318171682544536,10
493,24.47892042931938,3.401551641794822,10
494,24.487913803115617,3.411319702477317,10
495,24.539239788241137,3.5003292692298618,10
496,24.59453335197416,3.57320250890907,10
497,24.597499548342874,3.5719350963307677,10
498,24.649224464841225,3.5341450627969238,10
499,24.65576949814866,3.530834402875837,10
500,24.74892718804069,3.4903742896476535,10
501,24.758351306007338,3.4910602769030654,10
502,24.764794774677597,3.491716792635063,10
503,24.76852282991796,3.49375092837086,10
504,24.789310272071912,3.4923571892795406,10
505,24.854544623223813,3.4793582501609097,10
506,24.857700800271143,3.4800127543649393,10
507,24.864860992760878,3.4813509052613383,10
508,24.95842422706771,3.5886233058953114,10
509,25.01081625087982,3.591852677096902,10
510,25.013408235682462,3.5926770593487034,10
511,25.025620588644735,3.5862632025442958,10
512,25.039416823897728,3.593846848985675,10
513,25.041357413134655,3.5937302906220854,10
514,25.137334870902343,3.667138125442589,10
515,25.148560358879642,3.664458274979547,10
516,25.201624527118245,3.6392358266531715,10
517,25.25136125362051,3.646547787594199,10
518,25.35230762665984,3.6367058876488256,10
519,25.36491928179555,3.6305325128767754,10
520,25.432504908096533,3.6205357579585744,10
521,25.476380838653125,3.6000448199662216,10
522,25.481239102457355,3.6020048076338878,10
523,25.490992819977965,3.596448456685854,10
524,25.516178194001963,3.5968217504773774,10
525,25.520556472480408,3.6003090100281376,10
526,25.572460134692957,3.5848018081538524,10
527,25.631343747647822,3.49975567882005,10
528,25.688739373436583,3.4154193236939627,10
529,25.7421203792373,3.337454786498381,10
530,25.80465782194011,3.266091302158379,10
531,25.809948991771414,3.26671362638764,10
532,25.814803517208777,3.265836874429696,10
533,25.820622668482592,3.2689009095117787,10
534,25.87364650265885,3.2298241383742137,10
535,25.876278934338746,3.228209780626999,10
536,25.913410245888866,3.178425686687202,10
537,25.972234594104197,3.1697111196466556,10
538,26.025862003734318,3.136998951566921,10
539,26.032004475153194,3.1373802879496417,10
540,26.087936377500995,3.1559976206276725,10
541,26.105250738848603,3.152419408078744,10
542,26.111495854001827,3.163006766867208,10
543,26.114628326053,3.16121440788784,10
544,26.122425264647667,3.166618849381158,10
545,26.12750526226508,3.16471858018339,10
546,26.144904918156676,3.173535868242394,10
547,26.15514661521824,3.1680595610368028,10
548,26.159401242768165,3.168957333522827,10
549,26.22194626105686,3.1788302808797577,10
550,26.324551386551594,3.128225978871529,10
551,26.36253869525212,3.1799625546860883,10
552,26.38457161078051,3.18104139120123,10
553,26.43667502227289,3.1905797679252292,10
554,26.534783055649815,3.1960689467931265,10
555,26.54427794161386,3.194881757161646,10
556,26.55551331142675,3.202111608442169,10
557,26.611517461119227,3.3073392810351794,10
558,26.621600928074834,3.3054923447539344,10
559,26.636638611634083,3.328896005113821,10
560,26.642796257123827,3.3262037032077436,10
561,26.649502266549046,3.3254595495076105,10
562,26.666713815579367,3.33153923473496,10
563,26.718673611393495,3.351851550511684,10
564,26.771442022398304,3.3853208590445374,10
565,26.780666466723908,3.3878740178688393,10
566,26.84202148392874,3.3695804002410603,10
567,26.97099915879729,3.4538553376837653,10
568,27.080608298895733,3.3861362523006573,10
569,27.090298973594134,3.3761180261948516,10
570,27.147751808947486,3.402666902489678,10
571,27.151782859074228,3.401769733664984,10
572,27.20181921278661,3.4123536368648826,10
573,27.262758532792837,3.446238065868658,10
574,27.268387254658297,3.447341522587889,10
575,27.271006882535897,3.4480086740015707,10
576,27.324675883773097,3.4672771034484478,10
577,27.376898683994334,3.4388262236060965,10
578,27.383038700634994,3.4402628547018077,10
579,27.38554840229391,3.439193489469851,10
580,27.480337968201752,3.393606237840534,10
581,27.53353072180302,3.4387349434609447,10
582,27.67867793884536,3.4854816246302716,10
583,27.72921700426597,3.505013737288723,10
584,27.776579032890066,3.5884258584845705,10
585,27.832455345722195,3.6460897995741632,10
586,27.83518705807012,3.6469756689261086,10
587,27.83727655940836,3.647159782992004,10
588,27.98763829086004,3.8071531884425855,10
589,28.088068886690053,3.9247408204457943,10
590,28.08976454384076,3.924028330183387,10
591,28.09636134310165,3.9195822409076597,10
592,28.1979141484539,3.953522771525121,10
593,28.259311994146564,3.9115946322258255,10
594,28.322190704284488,3.9743240477940915,10
595,28.32971812248878,3.9785464772521664,10
596,28.439317678617833,3.9799294247110075,10
597,28.536716050279303,4.064820216620221,10
598,28.542202183040047,4.0693377862148905,10
599,28.639319256589083,4.090046296200897,10
600,28.650291695458957,4.092730694732002,10
601,28.709807992552403,4.158147973946192,10
602,28.719694402551163,4.156102478700832,10
603,28.774935100866504,4.136575999727644,10
604,28.825707959026296,4.080820869313222,10
605,28.829901170997392,4.080907956411588,10
606,28.85653247058044,4.10691231598124,10
607,28.85936131967859,4.108557178021763,10
608,28.958766976079126,4.097682695532603,10
609,28.962600232145814,4.097439739213541,10
610,28.98233498994673,4.096694345904149,10
611,29.076250591894826,4.094624295376187,10
612,29.181342429144216,4.073132876304139,10
613,29.281846059464705,3.985120124517732,10
614,29.299906842565065,3.983599024049504,10
615,29.35492589536711,3.9843324983229285,10
616,29.46756375097258,4.025506915325003,10
617,29.482209022078194,4.025408023790574,10
618,29.509956865948897,3.997505791367984,10
619,29.522807770460624,3.9880523816217424,10
620,29.620689367910256,3.9924023064454617,10
621,29.681229153594142,3.9936192413471474,10
622,29.732843112676647,4.0634069771952515,10
623,29.736375903823564,4.063766358801635,10
624,29.74599729746463,4.055802857867797,10
625,29.84204329529495,4.068816655143617,10
626,29.987787411927048,4.0873822321530735,10
627,30.039012556014484,4.0403747680774025,10
628,30.051636607001047,4.0511138164023155,10
629,30.071617759306566,4.042282149770409,10
630,30.08038021262173,4.03769945381373,10
631,30.0896490680694,4.045609616708359,10
632,30.18024995552746,4.107661219924983,10
633,30.22991648839716,4.083579766635914,10
634,30.23309816696004,4.085758184044094,10
635,30.236618150386967,4.087879126577057,10
636,30.334033342544767,3.973114580123722,10
637,30.390611326034684,4.027425938787132,10
638,30.448839766813098,3.9631217997022934,10
639,30.501343065498965,3.903478579550077,10
640,30.509139706304826,3.8987896530744655,10
641,30.538473133252637,3.9326400892059734,10
642,30.546619082437967,3.9299497645491535,10
643,30.55405407026036,3.9311349024075835,10
644,30.570750132434558,3.9348179834043546,10
645,30.639820173374158,3.892255198965012,10
646,30.643494665378064,3.89372737975902,10
647,30.645067910515415,3.8937933061796364,10
648,30.648351697930046,3.8934775975298597,10
649,30.664730552938426,3.8889667883904675,10
650,30.669518857850665,3.88904035890943,10
651,30.72097907203634,3.869746967812726,10
652,30.7774521751979,3.8583920940660787,10
653,30.828641615954005,3.9030712836055366,10
654,30.876580685493423,3.9597556006436023,10
655,30.931264751533195,3.907877388395461,10
656,30.984196966631043,3.958333091730673,10
657,31.04703053721563,3.962654574766308,10
658,31.05694885158946,3.965716054114836,10
659,31.09253611458417,4.007042225494542,10
660,31.18860192188192,4.015925515671202,10
661,31.23927899251318,4.035879409562841,10
662,31.291296400974563,4.112917763728389,10
663,31.393493559687062,4.089665586938023,10
664,31.405792446972306,4.093043346929151,10
665,31.484435496585014,4.09736980682361,10
666,31.632808694843856,4.044530570649237,10
667,31.69116127129636,4.098364627496199,10
668,31.773299311157775,4.041999657783361,10
669,31.83441994920729,4.09387168251464,10
670,31.84232669887321,4.093974783611712,10
671,31.87107939912284,4.107278867311607,10
672,31.920330393942766,4.184177988628962,10
673,31.925756122298274,4.182693940605306,10
674,32.078123192692885,4.267783291343004,10
675,32.2106458147102,4.332486131593228,10
676,32.23761788105769,4.351087932940273,10
677,32.2468028644398,4.353268739070908,10
678,32.39333632153417,4.306224972812397,10
679,32.494443706670914,4.294104122669947,10
680,32.51001399490072,4.28838104734759,10
681,32.54623812312549,4.33041701566223,10
682,32.58789773089107,4.375823683994588,10
683,32.642320036712135,4.44215990608154,10
684,32.6987880140084,4.4118215763166315,10
685,32.75469954300793,4.404106889472278,10
686,32.815314019568035,4.46848981597708,10
687,32.859016977700875,4.523764396261202,10
688,32.867746235915966,4.5255333746472886,10
689,32.88312592733596,4.517440438527054,10
690,32.893566090123755,4.513169140646901,10
691,32.99173994875919,4.51213134045363,10
692,33.045762689056545,4.487424142978813,10
693,33.09427418335905,4.457212935130223,10
694,33.146651073684914,4.527412416576617,10
695,33.24515445149833,4.509382167149346,10
696,33.29341334246779,4.58495478943218,10
697,33.34581312443429,4.667102332120256,10
698,33.44073408466436,4.657041095088869,10
699,33.497110093340304,4.618738588496409,10
700,33.549216211627424,4.579188907153757,10
701,33.648798638113604,4.69275346039149,10
702,33.662412115944136,4.681315641203139,10
703,33.727579489481315,4.708476125589624,10
704,33.762980928638996,4.733639827620495,10
705,33.85984992031814,4.686483617551901,10
706,33.862084047398696,4.68710080334553,10
707,33.96504731009522,4.741327705507011,10
708,34.06771846592373,4.812963933599381,10
709,34.16598825742388,4.883238574450548,10
710,34.26682466491703,4.886647251712911,10
711,34.361677556987374,4.817365078336759,10
712,34.52746187526596,4.876155909380817,10
713,34.64098053767368,4.831214773020855,10
714,34.64334828661412,4.830541939727623,10
715,34.6545154190895,4.8264906253014965,10
716,34.714976546372796,4.797565085162012,10
717,34.722652661715586,4.797029296447547,10
718,34.82244583893272,4.825746317997799,10
719,34.849365201308004,4.8260118083416605,10
720,34.89730944669945,4.79870763528729,10
721,34.899062620567385,4.797983477986557,10
722,34.9043500798231,4.797316680722768,10
723,34.958431444071074,4.766490842795752,10
724,34.98372825355934,4.786308672411054,10
725,35.01309036663688,4.78431811798863,10
726,35.01687908576656,4.78066710886279,10
727,35.06481530589468,4.763682017317838,10
728,35.16095509866334,4.769399958561819,10
729,35.21914103642122,4.758443296529821,10
730,35.27037270468691,4.75082186035492,10
731,35.32137110966004,4.792447438873465,10
732,35.3741848351534,4.879670792752716,10
733,35.381006095995396,4.880167834965806,10
734,35.48329504221292,4.986400228745388,10
735,35.58355492729491,5.0838185965403015,10
736,35.584502308011835,5.083891069138617,10
737,35.589113960532934,5.084014346200797,10
738,35.636760920135345,5.072467008218646,10
739,35.64246396626281,5.070249235111043,10
740,35.649955513548655,5.0787409400025405,10
741,35.65309672285776,5.080762316051224,10
742,35.668389759877726,5.091458799840876,10
743,35.674642462630075,5.090415314562957,10
744,35.682556201880004,5.093130601128758,10
745,35.73499266395634,5.136214946822061,10
746,35.801602859619585,5.167541885941749,10
747,35.85764570779439,5.161426790038967,10
748,35.86181266724023,5.161839521330572,10
749,35.92693296726855,5.206901908274811,10
750,35.9426758684738,5.189110339895574,10
751,36.00606863390463,5.272354033711034,10
752,36.06125101583205,5.355514865632334,10
753,36.065565525033584,5.353755701303506,10
754,36.07565905726125,5.355137802420031,10
755,36.123601109233554,5.439650398426512,10
756,36.12995834579234,5.438856099087698,10
757,36.131928481789956,5.437993930366941,10
758,36.13510425679853,5.438280499298547,10
759,36.14621555338664,5.4333010812982065,10
760,36.14686370572116,5.433049497814339,10
761,36.17124854974982,5.440190704577792,10
762,36.17694736518071,5.441039859921464,10
763,36.2410498416988,5.415969437852535,10
764,36.33798493304185,5.440120203889375,10
765,36.35308333219694,5.443595495709667,10
766,36.39273399661128,5.437671556436391,10
767,36.45675556450767,5.511884252485983,10
768,36.46365870928854,5.518242264163812,10
769,36.46761547203994,5.5215837280094044,10
770,36.47548722303226,5.520429972459941,10
771,36.586337239828076,5.562346863290432,10
772,36.69327723448578,5.654350398062443,10
773,36.76324438631864,5.636935303538831,10
774,36.81602698217339,5.723824221076413,10
775,36.82088230352906,5.723431776619039,10
776,36.91759399365816,5.818865617463895,10
777,36.92783825971953,5.819360446149499,10
778,36.99725399446605,5.9241682288732225,10
779,37.08870801683138,5.89237060499178,10
780,37.14149071681032,5.878350291815161,10
781,37.14919334540416,5.880003283752496,10
782,37.24890233932329,5.767082848486332,10
783,37.30348975505983,5.807456344875675,10
784,37.39889845186538,5.8808158710435965,10
785,37.45668473584846,5.847950208263872,10
786,37.46265184345813,5.846088617994495,10
787,37.47238030160877,5.830195278907637,10
788,37.48413561072256,5.828611291144726,10
789,37.493049749687145,5.830655521368351,10
790,37.4988684318016,5.834514410573989,10
791,37.55073592340638,5.927268431110825,10
792,37.56116123865751,5.924810822695563,10
793,37.61287435509996,5.8367374230433295,10
794,37.61947722463094,5.831544952256108,10
795,37.62060594706203,5.83209477910321,10
796,37.62291043537969,5.8317254614230905,10
797,37.63036256859486,5.8339116800603845,10
798,37.68082766172199,5.935953900695412,10
799,37.739291779108314,5.937395079812866,10
800,37.75243973845362,5.933159123556765,10
801,37.802384210525155,5.918094001989863,10
802,37.84857138467369,5.956002033422378,10
803,37.85017503063801,5.957135044551117,10
804,37.89869195761487,5.970655411751395,10
805,38.00645773820607,6.029921571599838,10
806,38.016181818418296,6.026653181299003,10
807,38.06708432658251,6.073213575830995,10
808,38.069609229796356,6.073326082740046,10
809,38.13041384659947,6.029571654563261,10
810,38.13448432078856,6.0280621113255215,10
811,38.145524512721764,6.024987316136503,10
812,38.14630191500507,6.025571283226746,10
813,38.19977574353558,6.008608002540292,10
814,38.20041680606689,6.008604686318105,10
815,38.202445412154276,6.010026643331406,10
816,38.26351383307066,5.983273040771565,10
817,38.27269699380941,5.982956999979761,10
818,38.274599973329494,5.984209856456833,10
819,38.422079732566715,6.106779449703201,10
820,38.452881584775966,6.099882986580589,10
821,38.50157300965295,6.195360864599569,10
822,38.51289458984792,6.19406331085816,10
823,38.51471279916895,6.194120816352623,10
824,38.52427594652253,6.199910369625636,10
825,38.58120390361533,6.29978669771756,10
826,38.64269982445468,6.290777027792127,10
827,38.65937654792375,6.296718685138716,10
828,38.71257225042928,6.398229785981342,10
829,38.76233748477089,6.4991821021894065,10
830,38.818470734817026,6.5968456921220415,10
831,38.8205004276102,6.596356388040261,10
832,38.82373791295031,6.598610970785238,10
833,38.826671645018216,6.596000598610763,10
834,38.830028052392684,6.596441930411354,10
835,38.8881027275509,6.651297577053729,10
836,38.897287460620134,6.650564585710609,10
837,38.96529126810721,6.681320888853829,10
838,39.01258439982758,6.709209775931509,10
839,39.05173671081441,6.731563532482392,10
840,39.10373014701928,6.767312205516827,10
841,39.115127486830914,6.764677729999647,10
842,39.173367687268424,6.80305526280582,10
843,39.191212156670105,6.798310750906266,10
844,39.2449159026932,6.747104085463295,10
845,39.258422669850546,6.744705340417616,10
846,39.267006259840485,6.756830998929744,10
847,39.32418996928456,6.665776585095427,10
848,39.33553113067478,6.669009180678377,10
849,39.34637283274331,6.665826782015818,10
850,39.35387493113382,6.655900500913318,10
851,39.40305125634622,6.7553582067520175,10
852,39.45645416126283,6.813712493080252,10
853,39.486015382044975,6.807417311364836,10
854,39.503531695336974,6.800122358457543,10
855,39.56503279767625,6.897112893706852,10
856,39.5700732385918,6.897619775690199,10
857,39.573203917102774,6.897309956543813,10
858,39.57677472394144,6.898753807007135,10
859,39.58030554843304,6.9008025013181316,10
860,39.66333996168554,6.897759792408374,10
861,39.670710092393925,6.906795917073179,10
862,39.68033546063646,6.906772153885671,10
863,39.68736835926821,6.913484664588021,10
864,39.73979797962414,7.019088267769535,10
865,39.74359854408981,7.019206793410705,10
866,39.80138362621702,7.128536003506085,10
867,39.83115563353418,7.103091126992014,10
868,39.88143453593475,7.021308886985589,10
869,39.888828727927205,7.023464360489047,10
870,39.908107781372806,7.052909032255244,10
871,39.91736338981816,7.052830584413973,10
872,39.92751594463707,7.051261269534533,10
873,39.93943722071835,7.0469250404599535,10
874,40.00101940928356,7.046577755653866,10
875,40.00359084427033,7.044997720327504,10
876,40.06567225781302,7.015951971204617,10
877,40.16683981674554,7.046303748686354,10
878,40.229277074325175,7.087943874326027,10
879,40.326212428653186,7.000023198667391,10
880,40.34250333343303,7.0004381741665025,10
881,40.34892930150937,7.003827454981269,10
882,40.40723125978228,6.982407263659135,10
883,40.55453694965636,6.961442685514169,10
884,40.646965169578685,6.953769823158564,10
885,40.64788625990136,6.954210482101827,10
886,40.6985127721904,6.981035436020541,10
887,40.70686786516974,6.976593492258975,10
888,40.71083198414857,6.978022526692574,10
889,40.71699290097049,6.980485983320647,10
890,40.72641259787545,6.967265283328268,10
891,40.73235681177178,6.966066880250386,10
892,40.83881784923913,6.887925450737313,10
893,40.84949667481644,6.892454918601547,10
894,40.9580448241957,6.816980956398312,10
895,40.958873420256495,6.8166029895852835,10
896,40.983509676697096,6.816506810412281,10
897,40.98857286767988,6.816137401345165,10
898,40.99849472794171,6.804290137313096,10
899,41.00411358345259,6.799876346866992,10
900,41.01196371660819,6.79901390427479,10
901,41.02660567189471,6.786119125682753,10
902,41.074730707742674,6.81449060669366,10
903,41.07613852978544,6.813867903025907,10
904,41.09526020827212,6.823945339206309,10
905,41.19852361260837,6.98321744560153,10
906,41.20115976225441,6.984584387879221,10
907,41.212401905786614,6.992203455635784,10
908,41.27433225627185,6.971756959427539,10
909,41.27534398398362,6.97222433691625,10
910,41.32806392284324,6.965804144261287,10
911,41.38740413657008,6.9808295933777185,10
912,41.487592397494765,6.996588060621634,10
913,41.54298383247796,6.915253955034573,10
914,41.6029590267717,6.890115352114692,10
915,41.65623041055103,6.874904369984635,10
916,41.67891238996911,6.911939499495177,10
917,41.689793520377705,6.9158899081223435,10
918,41.70294069421128,6.918766345334627,10
919,41.75760415713311,6.902678405149681,10
920,41.76922632445804,6.897643448244311,10
921,41.77342558784286,6.896830416962642,10
922,41.77740299308763,6.896291714519198,10
923,41.88451881189279,6.978748998234279,10
924,41.99338814014456,6.944753876099615,10
925,41.997759741786844,6.94141304277908,10
926,42.05435800131539,6.962767204261359,10
927,42.11339318009302,7.072513969465449,10
928,42.12478390875903,7.075308025137385,10
929,42.21976721752048,7.199776579753932,10
930,42.27128001771375,7.224524580047664,10
931,42.274644482918745,7.2222129205543775,10
932,42.29773950081831,7.222032732704005,10
933,42.38449282053819,7.160759951371676,10
934,42.392077275388786,7.161200185837807,10
935,42.44264609077046,7.269956477855214,10
936,42.54065489291965,7.3596581485630415,10
937,42.65082404545647,7.468510678278014,10
938,42.70590464935283,7.575785758857193,10
939,42.75928129874423,7.558536421032591,10
940,42.90677443896266,7.692860130078587,10
941,42.925326063487795,7.678345795600573,10
942,42.97827406368452,7.667909713424091,10
943,43.026947491886595,7.662008225355407,10
944,43.06715387729548,7.657862243036721,10
945,43.163833604968666,7.691981659586423,10
946,43.21780363897173,7.687901138832144,10
947,43.22075805984216,7.687685610629994,10
948,43.2332504597766,7.710558027093884,10
949,43.25239231785157,7.714658042412782,10
950,43.35655859042742,7.64873082878184,10
951,43.36793493285895,7.643092348016451,10
952,43.37338501427803,7.641641661246253,10
953,43.377374231239195,7.644327060687262,10
954,43.42888602918763,7.619453852989857,10
955,43.48500007431992,7.731493429542016,10
956,43.49188477089139,7.731943181911831,10
957,43.57574447625076,7.787390870036378,10
958,43.58184915313476,7.788269784380803,10
959,43.64379871624648,7.7267318702777,10
960,43.64958569214326,7.721239968116366,10
961,43.71389797001449,7.667865746946252,10
962,43.723202732455924,7.674981911163561,10
963,43.77730293612251,7.787230769864125,10
964,43.78150438237695,7.794106495297295,10
965,43.842097123021574,7.755919637267051,10
966,43.855439985057174,7.754077274039898,10
967,43.85756715824284,7.753201046955148,10
968,43.86190505170397,7.750531418685928,10
969,43.870941520895364,7.744830454972648,10
970,43.88195974908496,7.747988035951596,10
971,43.91141927870062,7.741481879148675,10
972,43.92165747713985,7.744170636090968,10
973,44.02481203982894,7.856461836004744,10
974,44.07625237988994,7.966507854681902,10
975,44.08461630003395,7.967323151145686,10
976,44.18606344381752,8.070198935637487,10
977,44.24246504411615,8.068088570350685,10
978,44.248939939952635,8.074087356453518,10
979,44.316871008185345,8.059644155575132,10
980,44.329729402083274,8.061862794019154,10
981,44.39821787154722,8.04522399163537,10
982,44.39984243414869,8.045277661186551,10
983,44.421311215089574,8.025506772832076,10
984,44.42549519645219,8.024045755324186,10
985,44.51646398171313,8.051749841465616,10
986,44.56837107077772,8.083902857929708,10
987,44.64779405943462,8.133730632617505,10
988,44.65870907668149,8.134857580233863,10
989,44.714718379580276,8.173397463714602,10
990,44.7686021058437,8.20751406484432,10
991,44.82173398458973,8.252865451881194,10
992,44.84164239839278,8.267479906978846,10
993,44.84483871279189,8.266415633252006,10
994,44.90737088891329,8.273890257393695,10
995,44.9610599960841,8.321592630607148,10
996,44.96835901883224,8.320579684841386,10
997,45.02375475324102,8.267954759705558,10
998,45.12294246379543,8.246720000827429,10
999,45.12940931769833,8.24556357147772,10
1000,45.227731382733126,8.235115898935875,10
1001,45.273270391401795,8.23933458158325,10
1002,45.33996261313449,8.235441127194145,10
1003,45.3584204397766,8.270134011316012,10
1004,45.379606940654135,8.305745018410065,10
1005,45.4351575233912,8.25208231215052,10
1006,45.442887621359084,8.248735664261563,10
1007,45.457035309905,8.251871690815094,10
1008,45.463665981372046,8.253102198851142,10
1009,45.47648017354395,8.257556814881376,10
1010,45.52924599255751,8.268591637300151,10
1011,45.63684599647026,8.279235347100476,10
1012,45.648890081751034,8.280033865058009,10
1013,45.65383037349047,8.283352848022684,10
1014,45.6619105963812,8.283878289165491,10
1015,45.676775318074974,8.291680382792856,10
1016,45.727145180448744,8.241225257314346,10
1017,45.841892096594144,8.198177113409825,10
1018,45.897308381484656,8.156743492092675,10
1019,45.98862322369784,8.125292106401377,10
1020,46.000894568062336,8.132059782787087,10
1021,46.05261968546259,8.0500748776771,10
1022,46.10354826151046,8.016146165975659,10
1023,46.155391629619,8.025914608622147,10
1024,46.21826133167997,7.9782351161328835,10
1025,46.2754750620311,7.898419720591111,10
1026,46.36712602935662,7.929284575345846,10
1027,46.373100982669094,7.927508145635991,10
1028,46.46954791731662,7.86492453471253,10
1029,46.471887491043006,7.864191551539817,10
1030,46.56437270238801,7.902652206195288,10
1031,46.67321785571737,7.8468114533232605,10
1032,46.81258991383211,7.758506337320721,10
1033,46.87205641331649,7.767609158297856,10
1034,46.875059393936354,7.7680042861057865,10
1035,46.939950675342565,7.7934918130378135,10
1036,46.99580338377051,7.808528778930837,10
1037,47.04533929141811,7.836377796213892,10
1038,47.04661201370578,7.836860139123754,10
1039,47.04978399636514,7.835684108069847,10
1040,47.15435606317788,7.89092176518097,10
1041,47.255824128949584,7.959235212928594,10
1042,47.26475753540073,7.95082027029433,10
1043,47.272422703494136,7.946413480625202,10
1044,47.27849714368985,7.9488269159470715,10
1045,47.28086702329144,7.94834903272758,10
1046,47.339046384922625,7.976433301236496,10
1047,47.34854899763634,7.980663941094964,10
1048,47.495764933362565,7.943260465308571,10
1049,47.6289921354949,7.900891649498665,10
1050,47.71917179967028,7.889227635964821,10
1051,47.72117908479556,7.8900239463306665,10
1052,47.72767139308614,7.888577079225791,10
1053,47.82541688429497,7.894327896714188,10
1054,47.89047052113446,7.91704678750734,10
1055,47.940649416453965,8.018121255896098,10
1056,47.98532999106306,8.047780294639365,10
1057,48.08264106898971,8.059043787733119,10
1058,48.12680083690433,8.007453301375817,10
1059,48.17636858047138,8.006843332316503,10
1060,48.20239854687183,8.022454368855156,10
1061,48.21236586194009,8.02046460302556,10
1062,48.27704792094518,8.064365254111687,10
1063,48.34245982275849,8.113143954183265,10
1064,48.349241234702745,8.113466168348635,10
1065,48.35389781499102,8.114993350915743,10
1066,48.41951503562325,8.16240215429588,10
1067,48.51510052938705,8.111012961553996,10
1068,48.55590545977034,8.147467889760826,10
1069,48.60312940849904,8.125174645230755,10
1070,48.65454520146169,8.089394450485576,10
1071,48.67598314803278,8.06875582998933,10
1072,48.69368293324639,8.05822790251199,10
1073,48.71847966712777,8.045522772516781,10
1074,48.72033903285796,8.044722122876259,10
1075,48.7211660303214,8.044790844428928,10
1076,48.725240560418925,8.043902952093168,10
1077,48.73701407069533,8.033484100634263,10
1078,48.744796050019865,8.032713700744155,10
1079,48.81122181357515,8.002804689024101,10
1080,48.90652349058563,7.965760130796971,10
1081,49.01472621896527,7.8979639826365995,10
1082,49.028722625845575,7.892397788238481,10
1083,49.04902539368457,7.878385340379163,10
1084,49.098686743983215,7.830406076180586,10
1085,49.13875546764866,7.854535588061608,10
1086,49.145165388699176,7.854628090895174,10
1087,49.173612702309065,7.848890505666932,10
1088,49.19470078124322,7.85927859308386,10
1089,49.248706302341745,7.8369776533846816,10
1090,49.2579223199708,7.8245601230881725,10
1091,49.26708210375457,7.832333518427633,10
1092,49.2705418793394,7.833086368427865,10
1093,49.28266736145277,7.825402618832857,10
1094,49.29626608740549,7.81824469939592,10
1095,49.302986077447414,7.8138125845286845,10
1096,49.30609713222707,7.811911808126005,10
1097,49.311196300783,7.806039995980998,10
1098,49.32226630341697,7.804384891774213,10
1099,49.38869408919796,7.828957956613368,10
1100,49.395979205811855,7.832796102153923,10
1101,49.39952632502445,7.831570150081119,10
1102,49.41187593877028,7.829735930646272,10
1103,49.41869177926757,7.822884045700026,10
1104,49.42423604349399,7.821818024127267,10
1105,49.42859826624369,7.820003782483913,10
1106,49.441314789937856,7.823309509537985,10
1107,49.453766310117295,7.821190520109294,10
1108,49.55315260542532,7.8202724202719605,10
1109,49.558402942904124,7.819525994719916,10
1110,49.564709323328444,7.8160295779496165,10
1111,49.61667809657285,7.776021972251199,10
1112,49.682133380244906,7.795993976775629,10
1113,49.737196726868525,7.841744058624245,10
1114,49.788072965593564,7.803217788982415,10
1115,49.79187401009134,7.804009421821342,10
1116,49.84025801588211,7.766879332892913,10
1117,49.8431666650971,7.765426706336841,10
1118,49.84713381634808,7.76632983965499,10
1119,49.84940306802016,7.767012424456036,10
1120,49.86139938335523,7.758606000383073,10
1121,49.883143580278684,7.760011834358972,10
1122,49.884200900320785,7.759413261710829,10
1123,49.888332610144516,7.762347247067438,10
1124,49.92486541348063,7.698205418665884,10
1125,49.92792134355231,7.697584385000011,10
1126,49.93112995135324,7.696941298873723,10
1127,49.981701638671595,7.673330778155195,10
1128,49.99538388069978,7.665489355001354,10
1129,49.99993321475398,7.668329539672741,10
1130,50.00731838170445,7.66706910331633,10
1131,50.099348042791526,7.693229101035318,10
1132,50.15915471135213,7.718208377329889,10
1133,50.16674749914059,7.706639251596231,10
1134,50.264585364212785,7.737436226274414,10
1135,50.313926200380095,7.738902246121758,10
1136,50.316980040081525,7.7372952938625055,10
1137,50.32134007785835,7.73949374767824,10
1138,50.37680016422037,7.720384724521146,10
1139,50.37905758405182,7.720923321168706,10
1140,50.38105498749362,7.721397025396718,10
1141,50.3836242367617,7.720676443402292,10
1142,50.38697357865371,7.722278823727438,10
1143,50.39718190521153,7.71661779411062,10
1144,50.405249243615366,7.7138741206518056,10
1145,50.42003693855678,7.705948819226807,10
1146,50.426688720372894,7.71188102012441,10
1147,50.432793530234264,7.715438808299678,10
1148,50.48937995707988,7.624343892053591,10
1149,50.49731041951115,7.627107323491092,10
1150,50.49933765948125,7.627556335253865,10
1151,50.50886548202116,7.627419536553618,10
1152,50.51377321999843,7.627483006178872,10
1153,50.51911771444454,7.628830685270488,10
1154,50.658268294872045,7.7941325894463045,10
1155,50.706023285641024,7.833719163413009,10
1156,50.721085634969725,7.822048344552346,10
1157,50.726819587397394,7.826784849994704,10
1158,50.74665381350909,7.838108217176683,10
1159,50.84395006506924,7.796637047967597,10
1160,50.89613078642246,7.836062791354382,10
1161,50.98722491016373,7.960815878271408,10
1162,51.088342751939635,8.101499807138243,10
1163,51.13952819181706,8.150630587032795,10
1164,51.199009147054724,8.114710227559362,10
1165,51.20329077877253,8.112120006228286,10
1166,51.256320788485674,8.162535753533597,10
1167,51.31128541422053,8.125624080489807,10
1168,51.31678795378798,8.126039778109945,10
1169,51.3623558827784,8.089123442426756,10
1170,51.36523331761974,8.087388890464876,10
1171,51.41415329015588,8.051554133585475,10
1172,51.425070133937425,8.043172844940967,10
1173,51.47375876964078,8.093063292062832,10
1174,51.48835367122085,8.095583035761978,10
1175,51.492750315832055,8.096845090244601,10
1176,51.49587052126331,8.09741429159547,10
1177,51.55242741759014,8.122509177133992,10
1178,51.62156124654236,8.090301235631204,10
1179,51.624738547701654,8.089112852327677,10
1180,51.71973459874399,8.090366133026368,10
1181,51.770622539680666,8.059803265614779,10
1182,51.77761322674881,8.067431597043942,10
1183,51.82356013778907,8.102827375006752,10
1184,51.83704392967837,8.095480491544807,10
1185,51.84767947236562,8.092095800316548,10
1186,51.84914154726956,8.092385910609963,10
1187,51.850760845145054,8.092316907490746,10
1188,51.857821450268716,8.090122067248604,10
1189,51.955713549106726,8.11039029743583,10
1190,51.972733490858865,8.10572864857769,10
1191,52.02534951727493,8.09415222326289,10
1192,52.11779596246519,8.117048428276245,10
1193,52.175190749450266,8.16718890085137,10
1194,52.23665684445844,8.216726872791634,10
1195,52.24432517192306,8.215781361763536,10
1196,52.25326912855617,8.21356439436676,10
1197,52.2567216729005,8.212554156101849,10
1198,52.31213703516553,8.126045708552041,10
1199,52.37227801660832,8.142663815204951,10
1200,52.380173400047866,8.138757651428824,10
1201,52.477019580977036,8.140695046608535,10
1202,52.478869182112284,8.140120102402557,10
1203,52.598801480123164,8.237469879837649,10
1204,52.652379646295046,8.205425199345846,10
1205,52.70796021188257,8.262346520024467,10
1206,52.767330646264384,8.238886400805592,10
1207,52.90802717122911,8.22400564154458,10
1208,53.01602020686941,8.103638901970868,10
1209,53.018325231028996,8.105612530563786,10
1210,53.02397476846905,8.108925613232866,10
1211,53.05783706251833,8.141345368285199,10
1212,53.13711043682922,8.094857119103398,10
1213,53.28064295849847,7.963500436322792,10
1214,53.286782900252845,7.95833612360879,10
1215,53.299211053837496,7.962109858731304,10
1216,53.34805127248232,7.925048439842361,10
1217,53.39755827106342,7.890865181104365,10
1218,53.454909373397015,7.879740589409317,10
1219,53.45774436374417,7.882727560965858,10
1220,53.50855119749768,7.8078028685456315,10
1221,53.567491342856286,7.723160246543284,10
1222,53.58454440408506,7.716283388779453,10
1223,53.6334314436365,7.6807874998995675,10
1224,53.69826373603719,7.6681571815610985,10
1225,53.797094694394296,7.550934546823306,10
1226,53.852228361792946,7.475163134575095,10
1227,53.90466548548862,7.396165525630339,10
1228,53.96169368932452,7.391938530866649,10
1229,54.00923063591897,7.362239789950833,10
1230,54.02085859465224,7.3594761534585835,10
1231,54.02723828102662,7.3567645786080265,10
1232,54.038805293242525,7.359694309800865,10
1233,54.043854996725216,7.359446025554818,10
1234,54.04958258590485,7.361124859591697,10
1235,54.05333845498417,7.360362465482185,10
1236,54.06005354880875,7.358960392219635,10
1237,54.06817838679224,7.355051771918518,10
1238,54.099273762046344,7.390675970728979,10
1239,54.10643095353413,7.391353256892811,10
1240,54.15348780415758,7.421856521642294,10
1241,54.211170373598804,7.399359052492329,10
1242,54.2141455277879,7.397914982266467,10
1243,54.21680709736027,7.396069730528406,10
1244,54.219428683448996,7.394994438184885,10
1245,54.22818968869683,7.392292792882508,10
1246,54.25329604987498,7.4121559375592785,10
1247,54.255697512359085,7.411938656376409,10
1248,54.25961448835949,7.410356077397228,10
1249,54.32481918720042,7.408674720596489,10
1250,54.330377143863515,7.412050707282313,10
1251,54.36790882679272,7.359262960534998,10
1252,54.40451909921423,7.331187572179654,10
1253,54.464395531868206,7.293585275260181,10
1254,54.550436323641144,7.343784205509747,10
1255,54.6266509583784,7.459475642430979,10
1256,54.62739054411677,7.459874956063058,10
1257,54.63133416640458,7.458005269150717,10
1258,54.641969814500534,7.468013563942949,10
1259,54.6427944051332,7.468336747882062,10
1260,54.69037508549978,7.426709159259752,10
1261,54.69717860814453,7.428254004642965,10
1262,54.704352148588306,7.435618082086597,10
1263,54.75456028475063,7.398166221952359,10
1264,54.80369067397275,7.3659382436481575,10
1265,54.8224549455616,7.368990745769542,10
1266,54.881681127860986,7.335288310391328,10
1267,54.891959303670504,7.34215566421813,10
1268,54.94033750957118,7.381950789558864,10
1269,54.9451732882287,7.380943158787804,10
1270,54.99413021399208,7.40923743378594,10
1271,55.00561646033598,7.423694794847248,10
1272,55.022122741388124,7.423689602234854,10
1273,55.03711121175081,7.418674724841495,10
1274,55.0415855740949,7.418682602253366,10
1275,55.091516593497445,7.459820203857027,10
1276,55.09361484534833,7.459699942010314,10
1277,55.10398806021334,7.467088143662178,10
1278,55.13292425977272,7.48183166997949,10
1279,55.19020858266165,7.480244988828647,10
1280,55.243433117928575,7.541125165563327,10
1281,55.25235166513877,7.542870163713349,10
1282,55.261336615396225,7.5524799344092735,10
1283,55.26512081057945,7.551798088235,10
1284,55.36063365646161,7.4459611212225125,10
1285,55.41396657780983,7.3705869025013815,10
1286,55.42188158024328,7.3750478318077315,10
1287,55.42759261688683,7.370044321182568,10
1288,55.44237668098377,7.369606918072128,10
1289,55.44734780530056,7.36643934644039,10
1290,55.448587279624164,7.367276734517471,10
1291,55.495013133830625,7.394342181269646,10
1292,55.50691853984913,7.385247140075155,10
1293,55.5559171809148,7.34598969372785,10
1294,55.561547733278054,7.342624939192846,10
1295,55.612715468341676,7.30355247803241,10
1296,55.62205743295378,7.313130860527132,10
1297,55.62334456628554,7.313979988112102,10
1298,55.631042533898416,7.311146899512669,10
1299,55.64403358209343,7.305660395806455,10
1300,55.70519285885839,7.287848042317457,10
1301,55.712410737819006,7.285686847629206,10
1302,55.72461054331863,7.285490414004087,10
1303,55.82304516291522,7.216205795106027,10
1304,55.87474378883222,7.187588937488149,10
1305,55.887765504353766,7.18262133989896,10
1306,55.89043265682642,7.18426759619608,10
1307,55.896483868857274,7.183095771457588,10
1308,55.898198560922694,7.183324976996865,10
1309,55.90625420743298,7.1844472751379564,10
1310,55.93171168163356,7.211234838054017,10
1311,55.97391840279708,7.181897324145261,10
1312,56.07805372109817,7.194259510150688,10
1313,56.1552201502603,7.195510325864621,10
1314,56.15909383727541,7.195431298338026,10
1315,56.2122038549483,7.242507955717274,10
1316,56.27036211739886,7.217692255937965,10
1317,56.27145766458375,7.217181093020214,10
1318,56.325323229290404,7.286401539564473,10
1319,56.331148062187694,7.283429449768557,10
1320,56.344783535865716,7.284894757457242,10
1321,56.350030791693165,7.284082481365812,10
1322,56.40860197037521,7.356206575554823,10
1323,56.41116913181651,7.356988928392,10
1324,56.418086503424774,7.3568960593084824,10
1325,56.42202337137142,7.3572338314310315,10
1326,56.42603423631063,7.354630876347489,10
1327,56.44852657902463,7.346186328219116,10
1328,56.45683690708226,7.337559227998832,10
1329,56.4620297069096,7.341216254329533,10
1330,56.47472457674596,7.344926830432643,10
1331,56.5272716292493,7.389924437984612,10
1332,56.52947263263402,7.391225413045695,10
1333,56.5349821168179,7.38971486680374,10
1334,56.54109602226309,7.3907689871338835,10
1335,56.593702438375,7.417252884616803,10
1336,56.60958156759226,7.413380559613375,10
1337,56.61733728191083,7.4127354354548185,10
1338,56.67643830665922,7.436253419791756,10
1339,56.67770256059832,7.436432270568442,10
1340,56.8378833901064,7.3115289071174,10
1341,56.89167034994112,7.2334358457519565,10
1342,56.9002235946517,7.230866375892489,10
1343,56.904674722334505,7.228120851225868,10
1344,56.92743571724141,7.245712983439727,10
1345,56.939351544606424,7.248928636549173,10
1346,56.94058540315655,7.248536091209536,10
1347,56.94954177236747,7.253531870342071,10
1348,56.95111178120918,7.25422718599048,10
1349,57.064343030684974,7.184674862503973,10
1350,57.06911118416817,7.189148572202995,10
1351,57.07404599589641,7.188075792211965,10
1352,57.125901916247116,7.112165812728137,10
1353,57.12838240676749,7.113042740454817,10
1354,57.193493837971765,7.081766848189284,10
1355,57.20294866075885,7.080660541364333,10
1356,57.255150443353884,7.161052779516938,10
1357,57.30977887680674,7.1128114965165485,10
1358,57.350597535913565,7.077862330449945,10
1359,57.3641873542786,7.097442925892879,10
1360,57.37177119494481,7.101059709090747,10
1361,57.41758101944686,7.1779405594337495,10
1362,57.4263442647082,7.1711789182271355,10
1363,57.42766281783842,7.171053172394814,10
1364,57.43177954650648,7.170571558251805,10
1365,57.48066903445276,7.244971496719324,10
1366,57.48758775447103,7.244480089946673,10
1367,57.49620315307054,7.245501622865513,10
1368,57.64119150510027,7.261432890654163,10
1369,57.652451030288546,7.263439673879928,10
1370,57.65556496999484,7.266120765135683,10
1371,57.75704368958269,7.1796830585918485,10
1372,57.76496910498262,7.185447422593394,10
1373,57.807125851906804,7.148233904602743,10
1374,57.85901061366438,7.107686389083207,10
1375,57.865853527149774,7.114497731095869,10
1376,57.94294247775414,7.071254384250347,10
1377,57.946735746435834,7.069799059733524,10
1378,57.95727076483287,7.079356809129101,10
1379,57.963492806121266,7.074299814579683,10
1380,57.976196064180144,7.085007896546264,10
1381,58.028124621531944,7.048103715230134,10
1382,58.13382091041471,7.049117017476126,10
1383,58.177878308805404,7.015868979550185,10
1384,58.22769309132123,7.046278881515238,10
1385,58.28367339266397,7.086491954038397,10
1386,58.33448925026504,7.049817630048482,10
1387,58.338702488623824,7.049379634915376,10
1388,58.39503852381637,7.091672829475258,10
1389,58.39615802725636,7.092656409680336,10
1390,58.4027900607363,7.09490107204023,10
1391,58.455092292443894,7.140616798428629,10
1392,58.50538217596653,7.108919572334726,10
1393,58.51081370277535,7.11492702091175,10
1394,58.515860034980925,7.11395303436214,10
1395,58.5690607091168,7.068029593133147,10
1396,58.57102120726195,7.066944747823038,10
1397,58.57637541354978,7.062364683972382,10
1398,58.58001173349396,7.060822025265829,10
1399,58.6356971828312,7.040000547395044,10
1400,58.68778877345903,7.014558338067775,10
1401,58.702228275711114,7.008830205879414,10
1402,58.79840913924753,7.033474973704456,10
1403,58.85142793198194,7.014657730392619,10
1404,58.85883165802668,7.011362451565778,10
1405,58.91299278156798,6.994469597214811,10
1406,58.96582453940342,7.048268786114467,10
1407,59.015464546431886,7.105529549468466,10
1408,59.113389547178805,7.147139583675981,10
1409,59.16281728662278,7.205163012104292,10
1410,59.16710224873354,7.204149281936125,10
1411,59.21805591435596,7.182772464027009,10
1412,59.27025475641143,7.238743580127083,10
1413,59.32440707958766,7.295875086040672,10
1414,59.329389239937896,7.2950283910321,10
1415,59.371703778835865,7.33963505105596,10
1416,59.38288641958991,7.335220439298107,10
1417,59.48510680021167,7.280465684305887,10
1418,59.49387174036159,7.285931753679307,10
1419,59.509401165144894,7.282272541961256,10
1420,59.51264008333758,7.280912313371449,10
1421,59.539017943773885,7.2853648863329505,10
1422,59.541764769015444,7.285200676296637,10
1423,59.54775438714179,7.281010524572409,10
1424,59.55201658572984,7.285144179923244,10
1425,59.5972751420933,7.2715973828810645,10
1426,59.69491999509704,7.175307192742232,10
1427,59.741581125535845,7.168439200682537,10
1428,59.748557645130596,7.166763016845987,10
1429,59.800123936276385,7.18664160045633,10
1430,59.888446511236964,7.20432709357009,10
1431,59.89119443982311,7.204086851608703,10
1432,59.910792132268,7.21278702208476,10
1433,59.961170580145584,7.25452911613603,10
1434,59.96526203077441,7.254818903989986,10
1435,60.02659886110424,7.272507340020344,10
1436,60.03222365684106,7.268782093553362,10
1437,60.08837793572347,7.26169335791994,10
1438,60.08931208414835,7.2623032863222745,10
1439,60.13961812879889,7.290346289599419,10
1440,60.143567577451996,7.288957055800641,10
1441,60.19648657726733,7.360948104888071,10
1442,60.24584567475739,7.391609977625751,10
1443,60.294091149254754,7.425851292073447,10
1444,60.34296747382756,7.379871946294804,10
1445,60.34444372861786,7.379566931176493,10
1446,60.504950121492456,7.378204750328389,10
1447,60.517583784842884,7.390408894882285,10
1448,60.52338507173256,7.391856548646667,10
1449,60.58087811450268,7.460540040586585,10
1450,60.63335563224847,7.533714752806371,10
1451,60.63890984655975,7.534570104358261,10
1452,60.64507682573041,7.537917656818859,10
1453,60.65381770194423,7.527620057757072,10
1454,60.70307491178589,7.5112474730631416,10
1455,60.721097057206805,7.5020050379754,10
1456,60.73592515446901,7.496802310534585,10
1457,60.78716838779328,7.484121488337286,10
1458,60.91849916213717,7.416304433678664,10
1459,60.919645074119025,7.41738066068829,10
1460,60.97151906555479,7.411277386641838,10
1461,61.02824008887133,7.353031223455876,10
1462,61.082068925623034,7.346484874005552,10
1463,61.0911506781171,7.349301435004801,10
1464,61.093770850226704,7.3496355966356,10
1465,61.10031425797314,7.353878122529565,10
1466,61.11040404086283,7.356872581696283,10
1467,61.16758386776132,7.433789508055392,10
1468,61.2155835323569,7.410902434073982,10
1469,61.27044459785806,7.485733192462777,10
1470,61.32228453826957,7.480710771235411,10
1471,61.422356226817485,7.455061256712922,10
1472,61.42673161597561,7.452630832934745,10
1473,61.4824732415554,7.404481517419209,10
1474,61.54116577483975,7.368410296840587,10
1475,61.54395155550041,7.367274082715611,10
1476,61.54678988167162,7.366978992907408,10
1477,61.562842215709985,7.376270332621139,10
1478,61.57345534648,7.369548600899741,10
1479,61.624864996118205,7.3261929419219145,10
1480,61.634103791057704,7.329304580115039,10
1481,61.668165743771695,7.335201313955065,10
1482,61.6860908210106,7.335548979442145,10
1483,61.6907005199383,7.334354097579568,10
1484,61.709473599089414,7.349161898505504,10
1485,61.71180061082939,7.35079271600701,10
1486,61.763522827759914,7.334592341389559,10
1487,61.7676083701475,7.333897950037738,10
1488,61.77911138391661,7.3261494800551175,10
1489,61.782087088098635,7.326163465003436,10
1490,61.78915894816256,7.32602311643379,10
1491,61.790228678383585,7.325411946370807,10
1492,61.841334252072805,7.280932947789698,10
1493,61.86231141823386,7.271068839061491,10
1494,61.91615081889923,7.259944562264142,10
1495,61.959096845532734,7.2597096984161515,10
1496,61.97144716093855,7.261411619690467,10
1497,62.071280591782035,7.214011627983654,10
1498,62.12405948004666,7.2031128428830735,10
1499,62.128414986335585,7.197605678420679,10
1500,62.17835875042914,7.263424474590473,10
1501,62.23126349678229,7.232343096668563,10
1502,62.23497866485779,7.232594307254812,10
1503,62.254311420031875,7.231898764681807,10
1504,62.25804569846997,7.233770434418303,10
1505,62.262124036765364,7.235768280042866,10
1506,62.271930662152386,7.240756217050827,10
1507,62.279791397119695,7.23961493380755,10
1508,62.33487802365389,7.318207692566731,10
1509,62.35160078637498,7.321947356512073,10
1510,62.46145628038729,7.367126077711202,10
1511,62.469983362367394,7.365781815813536,10
1512,62.530234218687724,7.442699273431666,10
1513,62.53404286649269,7.441990206525914,10
1514,62.54708273601442,7.4321043137900284,10
1515,62.612919129820774,7.507841287150161,10
1516,62.66278228893102,7.575905923006434,10
1517,62.72397533048345,7.6429314450308405,10
1518,62.86991973573366,7.777265980902667,10
1519,62.96611646332476,7.750979966309509,10
1520,63.01081662547117,7.816513454085471,10
1521,63.103479451655915,7.9599016351797385,10
1522,63.16167993526797,7.9509881861094165,10
1523,63.21059221917638,8.01751567548611,10
1524,63.2734280794409,7.980058374713346,10
1525,63.28072544652578,7.974129900382294,10
1526,63.33094308602458,7.964573712479103,10
1527,63.377223917555966,8.033933268583384,10
1528,63.43354921494449,8.04302113725245,10
1529,63.4994391909201,8.030609667102608,10
1530,63.550310739405994,8.015693399077186,10
1531,63.555652644340874,8.01545223853626,10
1532,63.56253946426093,8.01878369809083,10
1533,63.60510491908436,8.088212483500756,10
1534,63.663808103292766,8.15183433207274,10
1535,63.70569626929254,8.219407631272247,10
1536,63.84497773642909,8.210574027090699,10
1537,63.85016829941169,8.212598463249039,10
1538,63.853591786608874,8.211425300520256,10
1539,63.86274134140672,8.210756798136615,10
1540,63.86436240108189,8.210044988225777,10
1541,63.867644896523004,8.211431149181953,10
1542,63.88736049597891,8.20225005433866,10
1543,63.89934485511068,8.200282098969362,10
1544,63.90504149919739,8.201348815769533,10
1545,63.91248666414599,8.20074490878916,10
1546,63.915318718249566,8.200925355562529,10
1547,63.91974544985622,8.199831550997969,10
1548,63.92124225127428,8.199256196926884,10
1549,63.92499641432444,8.200035096419677,10
1550,63.92718398596543,8.199538297894398,10
1551,63.946890682545494,8.208731472732508,10
1552,64.00664865852431,8.28356813432843,10
1553,64.01453136468585,8.284834039937525,10
1554,64.1064455371413,8.38573547104305,10
1555,64.10963900863,8.38598566652646,10
1556,64.20586182063032,8.45287519435636,10
1557,64.22643497908294,8.438987516892459,10
1558,64.2521593117996,8.417150861957332,10
1559,64.27607447242845,8.400837893167791,10
1560,64.27750519060126,8.401352310739851,10
1561,64.2796878923543,8.40261228519853,10
1562,64.28651310245155,8.405922901866797,10
1563,64.28810159177551,8.405815785080325,10
1564,64.29162648750984,8.405531940409798,10
1565,64.34071453713621,8.403004352696843,10
1566,64.3918665729222,8.420884261900456,10
1567,64.39561025580558,8.421361237143108,10
1568,64.44577827103674,8.490444645372076,10
1569,64.50857266146444,8.546143315434033,10
1570,64.53479248355417,8.556036188120668,10
1571,64.54384633569619,8.560405619550167,10
1572,64.59395465535253,8.636736332975513,10
1573,64.59567679083932,8.636575260701271,10
1574,64.66195128864592,8.666013470133139,10
1575,64.71846274279146,8.602601333143834,10
1576,64.77472476526677,8.674198039849397,10
1577,64.82978282560194,8.62444791126127,10
1578,64.88600628547842,8.542296852558115,10
1579,64.93763352933293,8.614447328415881,10
1580,64.94327975960093,8.606950023862689,10
1581,64.99241857992745,8.63218721287333,10
1582,64.99418816139266,8.632373482590806,10
1583,65.0463726447624,8.595737955767575,10
1584,65.04788944125599,8.596241956303492,10
1585,65.09692484519293,8.54826391408344,10
1586,65.10384348882042,8.554776052531308,10
1587,65.10936327124708,8.553591331892227,10
1588,65.11264778458548,8.55108016863595,10
1589,65.15210050401315,8.524513810137838,10
1590,65.1544104393938,8.525249233021185,10
1591,65.15954165033257,8.525880505571104,10
1592,65.1697454743713,8.53495558144907,10
1593,65.17530631476731,8.532097900136694,10
1594,65.18499439919086,8.538271049557604,10
1595,65.2400360777968,8.445699969375887,10
1596,65.38898475184254,8.364446087988076,10
1597,65.43975645726425,8.394435426044053,10
1598,65.55363014974193,8.303318548581585,10
1599,65.61418477955841,8.268844158944255,10
1600,65.62268462823509,8.263459212453892,10
1601,65.63076366863052,8.26939761814069,10
1602,65.64056523208399,8.276717056861283,10
1603,65.64299866747967,8.277235692832914,10
1604,65.6619314400456,8.280487489323697,10
1605,65.66966661313913,8.27949312085665,10
1606,65.69299228158667,8.276453907638638,10
1607,65.69394661179989,8.276426062026813,10
1608,65.69564229855636,8.275699787960585,10
1609,65.6974393453941,8.27526514005808,10
1610,65.74955609921716,8.266319266905677,10
1611,65.76779454900529,8.283290696348104,10
1612,65.77303745696425,8.285647956096652,10
1613,65.79360966918993,8.278383690328262,10
1614,65.806326384605,8.274476802548183,10
1615,65.85371360909447,8.351259936264613,10
1616,65.86938412088404,8.338458770349755,10
1617,65.97132305919754,8.405214012259126,10
1618,66.02805631838012,8.407450169898972,10
1619,66.07804483198882,8.399121063764774,10
1620,66.13282857161855,8.398806536380214,10
1621,66.18424948644761,8.486183954326155,10
1622,66.25361908812856,8.425496978623466,10
1623,66.25751615552792,8.425641507960043,10
1624,66.35290510112661,8.379432376143976,10
1625,66.35356897492821,8.379204372208086,10
1626,66.40450662714895,8.411289655839624,10
1627,66.41704815057668,8.406294108280461,10
1628,66.42624477763704,8.40548628808395,10
1629,66.4323952681843,8.401450715445682,10
1630,66.44513911933085,8.399986396519,10
1631,66.54528499740987,8.517217673035965,10
1632,66.54713998542533,8.516386365068064,10
1633,66.55083401421939,8.517952099753623,10
1634,66.60147382627264,8.519577134020926,10
1635,66.64799233505204,8.545748577603005,10
1636,66.65434232554722,8.542175641161844,10
1637,66.65509073577174,8.541682918554352,10
1638,66.66042485343397,8.54167717686806,10
1639,66.66333174772296,8.54022610731279,10
1640,66.66732767204255,8.543728827426849,10
1641,66.71877565084372,8.581212389333366,10
1642,66.76493642960604,8.571626646901601,10
1643,66.81556247082017,8.574377783847586,10
1644,66.82071049113706,8.568300377866784,10
1645,66.8212466487672,8.56858156518742,10
1646,66.8384957948332,8.571480294077045,10
1647,66.88700645615168,8.528652078539142,10
1648,66.89598126617831,8.529394472353669,10
1649,66.94529487088265,8.534452829157896,10
1650,67.00917379291626,8.543255168535437,10
1651,67.01605766944108,8.543645860093406,10
1652,67.02103796331474,8.548175743427857,10
1653,67.07569600765038,8.558639194708935,10
1654,67.18123837071552,8.54572274275228,10
1655,67.25121073343921,8.61899248980948,10
1656,67.26931515583746,8.630653267234644,10
1657,67.2799522478734,8.635909529916985,10
1658,67.28668702628406,8.639848187074815,10
1659,67.2931130728942,8.646682925572996,10
1660,67.29523009149969,8.6445646754906,10
1661,67.29621095665978,8.644099073617229,10
1662,67.30065940925495,8.642003694586151,10
1663,67.36267050866232,8.570223008409558,10
1664,67.4106182976409,8.531686343062399,10
1665,67.46347390676424,8.572933411598017,10
1666,67.51109856334185,8.57831295123282,10
1667,67.56567406777233,8.619668261537797,10
1668,67.5736877752374,8.616227838308005,10
1669,67.57513054911112,8.615848545716862,10
1670,67.68267918012039,8.693850253743486,10
1671,67.77633459105104,8.70751119550584,10
1672,67.78150492245953,8.710073384571512,10
1673,67.81689054093461,8.715926045020947,10
1674,67.83421214631186,8.72569603099247,10
1675,67.85182696735498,8.723424812508407,10
1676,67.86482910713657,8.7301171235044,10
1677,67.91380504150096,8.649600157473945,10
1678,67.91939052834289,8.646844330831566,10
1679,67.98169385577293,8.658670015464798,10
1680,67.98381179422788,8.659788445490882,10
1681,67.99488782337657,8.66881845665228,10
1682,68.09316709847346,8.778372853353453,10
1683,68.14852948844323,8.786741772756539,10
1684,68.15063258757182,8.78950181360434,10
1685,68.15309549889204,8.792763617504113,10
1686,68.25227051908027,8.832820157702214,10
1687,68.35010076037138,8.869738937430713,10
1688,68.45150325319597,8.784679176158194,10
1689,68.46157558514084,8.782382840366134,10
1690,68.50327361100786,8.785287259848895,10
1691,68.5113487207648,8.783272929128149,10
1692,68.51655930762564,8.781892638933012,10
1693,68.52459307295713,8.782926151376266,10
1694,68.59604890422406,8.78138159497065,10
1695,68.59801157515219,8.781037749520339,10
1696,68.60159565055338,8.780166472201806,10
1697,68.62867020681853,8.79904059933463,10
1698,68.64697472936864,8.806430299462523,10
1699,68.69715713878927,8.782874764025749,10
1700,68.71114202552069,8.792407241248174,10
1701,68.72216969666951,8.787655279691569,10
1702,68.7356742603992,8.780871144725332,10
1703,68.79832790692976,8.776615019293954,10
1704,68.80247244866175,8.779271858644538,10
1705,68.85486759108794,8.787916023481197,10
1706,68.86994013178645,8.793180487737505,10
1707,68.92890448851237,8.860368326145242,10
1708,68.933006980278,8.860149376040317,10
1709,68.93448914737726,8.859371317852949,10
1710,68.94507680272676,8.864436932570428,10
1711,68.96266524463013,8.865313965100746,10
1712,68.99830907043255,8.83721360291946,10
1713,69.04848729673584,8.802916657706144,10
1714,69.09677586535449,8.888754128475243,10
1715,69.14848300401515,8.856598721223593,10
1716,69.15091553345472,8.856004561209135,10
1717,69.15348522402829,8.856488728101104,10
1718,69.15555568080143,8.855928930819475,10
1719,69.16549193103492,8.846508310080816,10
1720,69.17890600532732,8.841359994676063,10
1721,69.1890121959176,8.825174807982272,10
1722,69.19273316614509,8.827124149683227,10
1723,69.19880146707742,8.826730149628911,10
1724,69.20193420145196,8.824946867397319,10
1725,69.2542824689591,8.814804394692366,10
1726,69.25716910344826,8.813208994989091,10
1727,69.32681005813343,8.791843691794941,10
1728,69.33144865266941,8.791205220111665,10
1729,69.33693664887065,8.792964388164226,10
1730,69.34156345337213,8.789004921363194,10
1731,69.39059856352098,8.739863175743258,10
1732,69.39768534835389,8.739077076112965,10
1733,69.4072192820043,8.739952774122372,10
1734,69.4114763113952,8.738844128980098,10
1735,69.41722207569875,8.746052271189988,10
1736,69.42085119163242,8.744212991531365,10
1737,69.43277833086661,8.74493249822467,10
1738,69.43531519940147,8.746760763843175,10
1739,69.4845385759103,8.737248893088001,10
1740,69.49226132044753,8.746866948544053,10
1741,69.51296915378562,8.740339959788397,10
1742,69.5291340220409,8.76079842458873,10
1743,69.59140558487474,8.712307423094746,10
1744,69.60183410208865,8.717115632092536,10
1745,69.65930934989376,8.685663968204624,10
1746,69.66785132800477,8.679785787512204,10
1747,69.72936765040055,8.64435764668369,10
1748,69.83337052166011,8.616211840922615,10
1749,69.84490077813639,8.621711161334106,10
1750,69.8472709674997,8.621482230371123,10
1751,69.90371464520496,8.623906914674501,10
1752,69.9073539851362,8.625806361355997,10
1753,69.96640316099258,8.596792073934305,10
1754,70.01856150461535,8.508503437467215,10
1755,70.06861495994599,8.491108211426223,10
1756,70.11978556718711,8.55448202992408,10
1757,70.1826028637263,8.638039536104126,10
1758,70.24041305539123,8.711973700743027,10
1759,70.33393525193551,8.727350675053065,10
1760,70.35024974952051,8.721870797135653,10
1761,70.3874489186679,8.749173108290048,10
1762,70.4435952816682,8.735299884166075,10
1763,70.50073068042344,8.811584477358352,10
1764,70.55252330112896,8.875520251171451,10
1765,70.61864280432181,8.844983406924932,10
1766,70.67331566716625,8.912305054067527,10
1767,70.68621925402239,8.909946208448769,10
1768,70.73871969525135,8.911563809827511,10
1769,70.75364902236961,8.906737648093895,10
1770,70.8040737661461,8.987171328041955,10
1771,70.85395419307804,8.995563407630966,10
1772,70.86105464752328,8.995762987352622,10
1773,70.91161496294868,9.005653178037578,10
1774,70.92416198044894,9.003547130732281,10
1775,70.92748227270224,9.003552435646153,10
1776,71.02655742747388,9.008789838936476,10
1777,71.08763896407523,8.970645620453926,10
1778,71.1368463739908,8.963222521896812,10
1779,71.2343695279101,8.912834954998416,10
1780,71.28783063387108,8.9754299837414,10
1781,71.29287198214334,8.977051171494855,10
1782,71.34353002500264,8.929625831633462,10
1783,71.39126330793313,8.926389231701028,10
1784,71.40056071871587,8.932173763790063,10
1785,71.41208050873385,8.933870361260409,10
1786,71.42007985341569,8.935922545836071,10
1787,71.42859046784699,8.945889576378045,10
1788,71.48147295671383,8.909199004195617,10
1789,71.48340859731334,8.909777009917393,10
1790,71.53430250158131,8.874082401109508,10
1791,71.55182246642293,8.86940702312622,10
1792,71.55996865839032,8.872050691035946,10
1793,71.62028981062429,8.872030452106971,10
1794,71.62612587259837,8.87173829069758,10
1795,71.68073831131203,8.888126373468243,10
1796,71.68383791030965,8.889315729290459,10
1797,71.72730929660557,8.868141034355025,10
1798,71.77905603269902,8.867792650743002,10
1799,71.7891982046748,8.873797060211812,10
1800,71.80686845181276,8.857558687755828,10
1801,71.8211642123181,8.846457253853277,10
1802,71.82553701026809,8.84443946055947,10
1803,71.83231198471196,8.844496172315921,10
1804,71.84306341399352,8.846943402719067,10
1805,71.85107957508492,8.8479186005317,10
1806,71.89746840734668,8.878487688512404,10
1807,71.95647323216144,8.901364038215348,10
1808,72.05071050610864,9.011861968000535,10
1809,72.05901286199669,9.013267953746682,10
1810,72.12659968434721,9.088526269151028,10
1811,72.18350833612563,9.176629422451972,10
1812,72.33461398549454,9.211938209443385,10
1813,72.43960305277236,9.207861920188625,10
1814,72.48982952919499,9.183681487629968,10
1815,72.53664338278624,9.190242585749612,10
1816,72.62710396589004,9.208974153421256,10
1817,72.6362376778665,9.212076973308799,10
1818,72.68391474929555,9.187996315912711,10
1819,72.73802497019445,9.26692469287735,10
1820,72.78769417651567,9.28522881075402,10
1821,72.79372011949289,9.285928712074371,10
1822,72.79770206342862,9.287533770602252,10
1823,72.90305513824151,9.33039235508464,10
1824,72.99898826256423,9.306085785187012,10
1825,73.1011241129293,9.27413825635904,10
1826,73.11379947972034,9.294350983516194,10
1827,73.1215081895747,9.292864324347269,10
1828,73.1298684330068,9.301823380485509,10
1829,73.13464833041257,9.306404387265964,10
1830,73.14525227731626,9.310833957851145,10
1831,73.18479532051967,9.295498894082169,10
1832,73.20104754214296,9.281653931173317,10
1833,73.30729364578846,9.245128528747337,10
1834,73.31449395984207,9.253811345577397,10
1835,73.36983473752565,9.289063935780812,10
1836,73.372846997908,9.290566056913159,10
1837,73.42358359337263,9.309549886949927,10
1838,73.4742958763732,9.32829183171417,10
1839,73.48034154970861,9.327604275995101,10
1840,73.5297537427084,9.36080169761273,10
1841,73.58105169252451,9.39836761701132,10
1842,73.58983061063539,9.398074271852114,10
1843,73.59268389551934,9.396828349948345,10
1844,73.60568008062953,9.398483041179656,10
1845,73.61661362635776,9.39977834164744,10
1846,73.62554569179434,9.39902683444529,10
1847,73.6732915339719,9.396318147858814,10
1848,73.73778923304515,9.298646103031468,10
1849,73.73911242231468,9.298016403148582,10
1850,73.74503537056844,9.304720799807242,10
1851,73.75185840404652,9.303849625134196,10
1852,73.80503171235901,9.380597939752109,10
1853,73.87938646910771,9.464750791221203,10
1854,73.979672038167,9.370318742658196,10
1855,73.99765112305408,9.361389456282161,10
1856,74.00386536990594,9.361081577881318,10
1857,74.05181072196243,9.396513656936865,10
1858,74.05340337042252,9.397112048740203,10
1859,74.05479214082911,9.397247691869811,10
1860,74.05966489516554,9.39822406422637,10
1861,74.06447973987468,9.400086801594695,10
1862,74.12190991400296,9.463949288375812,10
1863,74.1730558276553,9.524298569635237,10
1864,74.17858650090082,9.520903977897316,10
1865,74.19461401336466,9.507994292985096,10
1866,74.19896270462895,9.50286029772873,10
1867,74.2067994341764,9.51079681643975,10
1868,74.25647904291795,9.594256301938154,10
1869,74.35799661824177,9.658161321863552,10
1870,74.36407220442455,9.664964060839555,10
1871,74.41225038878018,9.748113817314767,10
1872,74.41559079448189,9.749296050252807,10
1873,74.50500729178853,9.851072487262076,10
1874,74.59001724501802,9.943550470498186,10
1875,74.64179875210503,9.903672222638875,10
1876,74.70478230691674,9.913814425008184,10
1877,74.80358979800131,10.06210894296036,10
1878,74.93920468349678,10.172563524716633,10
1879,75.03488596125904,10.175775977840487,10
1880,75.03660852531414,10.176304690279856,10
1881,75.04074850889893,10.177385677243356,10
1882,75.04246591952622,10.177186458776953,10
1883,75.09135884368011,10.241989521165761,10
1884,75.15546452040948,10.310615750313508,10
1885,75.15895619677129,10.310903399757088,10
1886,75.16480435973745,10.310638655890397,10
1887,75.1676187952136,10.310281188405304,10
1888,75.22437093793499,10.380657271457347,10
1889,75.22787689908913,10.383671206849737,10
1890,75.28030307537973,10.357951963849523,10
1891,75.28760213084288,10.352827262139789,10
1892,75.34307190794178,10.348415027001133,10
1893,75.43855568081499,10.414932817511922,10
1894,75.45524051654552,10.418204183675533,10
1895,75.50769667496414,10.461742719431788,10
1896,75.55929227390189,10.373717253553652,10
1897,75.61430721675248,10.404810879390498,10
1898,75.68635546940251,10.36955031749647,10
1899,75.74948966356929,10.4085421406071,10
1900,75.79835132848251,10.388666036349333,10
1901,75.89957026308464,10.260195685470634,10
1902,75.91957898366283,10.268365531627321,10
1903,75.94124185885701,10.256575809440813,10
1904,75.98571000588454,10.254988986655698,10
1905,76.04528176449382,10.189589318917953,10
1906,76.05962445435718,10.183560145394292,10
1907,76.0633016474768,10.18530927990387,10
1908,76.07169476526963,10.18049098210948,10
1909,76.16698200447397,10.173689460167298,10
1910,76.17040425709098,10.173861955959993,10
1911,76.2361310713389,10.179797025082882,10
1912,76.33389889245636,10.117520835477174,10
1913,76.3901644939944,10.131783262876652,10
1914,76.44469397102003,10.082743693805265,10
1915,76.4944687287894,10.100643721530286,10
1916,76.54282101011245,10.060208424048723,10
1917,76.59060486698395,10.053279575887418,10
1918,76.66503013363192,10.026434772275572,10
1919,76.67829845008544,10.020865225676872,10
1920,76.72683792833575,9.982599072683405,10
1921,76.77719739784666,9.978920922224415,10
1922,76.8297443343456,9.9609009893361,10
1923,76.84591995801365,9.953442763042235,10
1924,76.87798661499457,9.965139003853096,10
1925,76.93253126093349,9.950159967267446,10
1926,76.94153588839313,9.948624271703057,10
1927,76.95884382429128,9.953394411902574,10
1928,76.96432037764872,9.95499952457831,10
1929,77.01242334429665,9.953064692713665,10
1930,77.01756979576068,9.958442574038305,10
1931,77.07087967173703,9.946881012080881,10
1932,77.10730949656677,9.954227311081725,10
1933,77.11865053569849,9.938124344526898,10
1934,77.12642975715532,9.93360727384037,10
1935,77.17665849508107,9.933978798109763,10
1936,77.28948410859417,9.921536776152182,10
1937,77.35912762558881,9.900297514422595,10
1938,77.37796647621167,9.917490948104701,10
1939,77.38188591496899,9.917804538915702,10
1940,77.39296491358793,9.906091353723827,10
1941,77.40995600528817,9.925751590720264,10
1942,77.48007206049637,10.004052737821624,10
1943,77.48235831014225,10.003558264598297,10
1944,77.57854085528406,10.031844386429512,10
1945,77.63225642367834,10.073772838386963,10
1946,77.63661780150524,10.074034796637088,10
1947,77.69103241765491,10.067836053359965,10
1948,77.69873518927642,10.072255375923177,10
1949,77.7480389683932,10.141982002815853,10
1950,77.81530902295248,10.21122023221305,10
1951,77.81913790409087,10.213634399912031,10
1952,77.88755975748519,10.29970530307707,10
1953,78.04448315011089,10.412607796526723,10
1954,78.16274309827412,10.454853438165706,10
1955,78.22455941014539,10.42013544754497,10
1956,78.28134290999466,10.433893215032187,10
1957,78.38065231245483,10.487555323939272,10
1958,78.44214224821569,10.503684504422608,10
1959,78.54350269361991,10.59063280091689,10
1960,78.59150753815359,10.663807977156065,10
1961,78.64326262445097,10.679581501105853,10
1962,78.65312896071141,10.686813260638075,10
1963,78.70554927560877,10.705194844686554,10
1964,78.75529600179622,10.765270578607703,10
1965,78.76173860970775,10.770275387208963,10
1966,78.82372763691994,10.78689653344667,10
1967,78.87847211324733,10.774914835521802,10
1968,78.93184804781593,10.792591247156446,10
1969,78.93651404505304,10.794192979257732,10
1970,78.93852059683198,10.79458245203062,10
1971,78.94281963933548,10.796447690029693,10
1972,78.94880875717618,10.802629699835837,10
1973,78.99118338847006,10.823723446643635,10
1974,78.99278903817485,10.823771471257492,10
1975,79.00090375271945,10.819856835576934,10
1976,79.00464664204708,10.819633117684342,10
1977,79.01463738280336,10.8130396306493,10
1978,79.02110963252457,10.810953549894544,10
1979,79.02664226966218,10.80806581224566,10
1980,79.12616884872317,10.840680754994537,10
1981,79.23251073193572,10.920070898190536,10
1982,79.28475837344465,10.944020933650219,10
1983,79.34529980613884,10.95293046644917,10
1984,79.44716148439855,11.022170709812247,10
1985,79.48737395322644,10.960489040484388,10
1986,79.54257056663718,10.95975759091103,10
1987,79.55290288164521,10.95947175436502,10
1988,79.60702614219095,10.975313092265283,10
1989,79.75400591521961,10.908578701950882,10
1990,79.76398682479234,10.905181630026572,10
1991,79.7760996925044,10.90901251606197,10
1992,79.78517085928125,10.91540959894354,10
1993,79.79419450974169,10.924195767313053,10
1994,79.80117767301228,10.923427510917014,10
1995,79.8410844171761,10.858797791404772,10
1996,79.84869436085759,10.860115464334019,10
1997,79.85000909255317,10.860292028304572,10
1998,79.90198729189578,10.891444618179303,10
1999,79.92237281197608,10.867654170791265,10
2000,79.97392084404547,10.821538791322869,10
2001,80.04620032583486,10.801884974986171,10
2002,80.05700937414314,10.804483576813496,10
2003,80.06944667412951,10.797476681957221,10
2004,80.07565570305609,10.795543273845258,10
2005,80.1728191035634,10.738959257522287,10
2006,80.22296330091463,10.72808469820089,10
2007,80.28660898533381,10.692617625198139,10
2008,80.29278913802275,10.69332841833699,10
2009,80.30320715416467,10.694041056143229,10
2010,80.35193422838543,10.703160735969849,10
2011,80.40666645314163,10.745623832668059,10
2012,80.5056236226923,10.829998294684277,10
2013,80.59786998842155,10.894223964131307,10
2014,80.606145371047,10.897198094919913,10
2015,80.6395205267798,10.875695879114842,10
2016,80.68917176094781,10.941451822983865,10
2017,80.7405005197248,11.01064161009783,10
2018,80.79653127967245,11.013602026133935,10
2019,80.89411670634618,11.052290227258522,10
2020,80.90095460212459,11.052005648526546,10
2021,80.90975270945837,11.057292693634643,10
2022,81.00060564326414,11.108965022063455,10
2023,81.05735717115034,11.115662533866523,10
2024,81.06433599754487,11.116465347201,10
2025,81.11804081306046,11.136238080116858,10
2026,81.12708452991859,11.141298275741669,10
2027,81.13433704175637,11.141470961308055,10
2028,81.18233615511281,11.091739174739757,10
2029,81.18485938031539,11.092906704610654,10
2030,81.19414267871223,11.094694888490542,10
2031,81.2027992911012,11.08839939872584,10
2032,81.21015789835296,11.088534183620489,10
2033,81.2543139309411,11.130852845862451,10
2034,81.27459864158136,11.129924013458767,10
2035,81.28458867738368,11.133433313380715,10
2036,81.29140174290627,11.135766156528392,10
2037,81.29736785889529,11.132552023403958,10
2038,81.30283800978995,11.133546119295941,10
2039,81.30597581153218,11.133008930161667,10
2040,81.31805805895367,11.12030169529001,10
2041,81.36998771452471,11.156766799097536,10
2042,81.43878926051498,11.197138301469314,10
2043,81.49283605896487,11.099288845137538,10
2044,81.55555264813435,10.992987166189705,10
2045,81.56533669334166,10.985946652962754,10
2046,81.66372573615737,10.990955677242342,10
2047,81.72288498270669,10.952465819601931,10
2048,81.77263388741459,10.999615844319822,10
2049,81.83408614612327,11.054041072986275,10
2050,81.83826871481973,11.051459203638576,10
2051,81.85570216141784,11.02376421512724,10
2052,81.95669691040851,11.071606253751412,10
2053,81.95883209564178,11.071582423986362,10
2054,82.00907572863609,11.139422731565842,10
2055,82.10244869844033,11.263697548515962,10
2056,82.16233857263691,11.33319831553339,10
2057,82.17332968033197,11.336046475705755,10
2058,82.22188514117792,11.330663666098463,10
2059,82.22852739308655,11.330006646410798,10
2060,82.23028947589535,11.329396616618727,10
2061,82.28075531096025,11.32802141620609,10
2062,82.29021843676011,11.32289928107291,10
2063,82.29957202267605,11.3235658683487,10
2064,82.3028784734993,11.324606637732279,10
2065,82.30482689897732,11.324660282794316,10
2066,82.35411375111264,11.325995260399878,10
2067,82.41243530771946,11.246317278586542,10
2068,82.43023524359383,11.240115486254705,10
2069,82.48349156581028,11.293022702927292,10
2070,82.49072820709958,11.298129911561093,10
2071,82.49350939860038,11.297743011916612,10
2072,82.49801596451074,11.29880653377976,10
2073,82.54847094706496,11.302399898410322,10
2074,82.67991637703243,11.32768157844475,10
2075,82.68434324065547,11.327617085826985,10
2076,82.69356926267183,11.31272577095346,10
2077,82.70463123169552,11.321642469664322,10
2078,82.79186446396602,11.288597814319559,10
2079,82.83481356492378,11.255783036419563,10
2080,82.88649752178785,11.30359118104364,10
2081,82.93816394224966,11.352947211088372,10
2082,82.99335991043166,11.358420171247086,10
2083,83.04129864948679,11.407653566124784,10
2084,83.04311862393187,11.40824456048751,10
2085,83.06239450068236,11.419271681946704,10
2086,83.11631664604879,11.42655925307646,10
2087,83.12076056983906,11.42755100344501,10
2088,83.17224323407615,11.397505529932424,10
2089,83.2335366640116,11.472374633478184,10
2090,83.24516632480547,11.477272741962848,10
2091,83.29510281876583,11.486530694625698,10
2092,83.30000844183341,11.486067449048939,10
2093,83.37054417623185,11.496250176962057,10
2094,83.42163315518319,11.558574100646496,10
2095,83.42562353554226,11.559490991233952,10
2096,83.47684498309812,11.56860229650082,10
2097,83.61890762052846,11.588148147055582,10
2098,83.67634880334664,11.644973504838228,10
2099,83.68386365024995,11.636842522632259,10
2100,83.73745071637215,11.697470174006865,10
2101,83.78779300591904,11.75767108134654,10
2102,83.79722559643344,11.753623055250461,10
2103,83.89195017441106,11.773162598475318,10
2104,83.89631920811331,11.775816959225343,10
2105,83.90925378908562,11.786631020317609,10
2106,83.9646648893538,11.840891150223717,10
2107,83.96871240526832,11.841797965967126,10
2108,84.05045222937831,11.788625636158208,10
2109,84.19716878163408,11.879346891937995,10
2110,84.261370154014,11.806727696511826,10
2111,84.26500527454225,11.80802739361441,10
2112,84.31476883129622,11.822767735585636,10
2113,84.36475568989998,11.887563039815532,10
2114,84.41936229557561,11.921526660022709,10
2115,84.42221967824918,11.920466165767007,10
2116,84.4897234645042,11.9560342066052,10
2117,84.49448199528295,11.957697258451478,10
2118,84.59169301124652,11.96891695757934,10
2119,84.68203882397617,12.002653190133834,10
2120,84.68497965696125,12.00214048755754,10
2121,84.73494093389759,12.02089727264578,10
2122,84.84399345969761,12.000249881053444,10
2123,84.84832732476559,12.000750443967375,10
2124,84.88888319261831,12.006156304091096,10
2125,84.95511828921863,11.96887823410203,10
2126,84.97294802822594,11.977734195603654,10
2127,84.99338996675819,11.957070510427645,10
2128,85.04483052435657,12.02125787590982,10
2129,85.04701690841696,12.02139949632496,10
2130,85.0537813806802,12.023661863750881,10
2131,85.06251188908864,12.02226329597577,10
2132,85.11350245536775,12.028690280594315,10
2133,85.12414114353798,12.03080075433342,10
2134,85.1782262013879,12.090784042478264,10
2135,85.18662179875562,12.081405997327172,10
2136,85.27198381550599,12.104888317353124,10
2137,85.31354152937516,12.115179992020728,10
2138,85.34654648264157,12.128660344507518,10
2139,85.39838583107927,12.085845063238175,10
2140,85.40469104665536,12.09095078276623,10
2141,85.4538458867619,12.104724656326802,10
2142,85.45642346755285,12.103819930060501,10
2143,85.45979055862236,12.101248678022973,10
2144,85.48497450291552,12.103610901853163,10
2145,85.5269295553869,12.103265686703972,10
2146,85.53111265065601,12.10204238886734,10
2147,85.57053769039848,12.111220504232966,10
2148,85.57578483848162,12.11042070643107,10
2149,85.5806046073929,12.115040466557314,10
2150,85.65754555997437,12.158808133981207,10
2151,85.75132157948255,12.133191493083716,10
2152,85.7535259832221,12.134350566466674,10
2153,85.80286743918697,12.15072039599957,10
2154,85.87445361011414,12.071940044640083,10
2155,85.89042629485337,12.063067077351194,10
2156,85.89157713620251,12.062670058836964,10
2157,85.89338971633723,12.06161235338055,10
2158,85.91328437101109,12.041090229011788,10
2159,85.91460890144582,12.042125447760457,10
2160,85.92714471828415,12.045762891797633,10
2161,85.97741519967627,11.95843966257526,10
2162,86.03236260710273,11.918809209253446,10
2163,86.10157748806687,11.855771269569466,10
2164,86.1117660570053,11.857603585800405,10
2165,86.11681118847595,11.856005294322356,10
2166,86.1218596990718,11.852024583018224,10
2167,86.183192288802,11.812143408056317,10
2168,86.19650189050172,11.80772998394557,10
2169,86.2023728152033,11.804974229285193,10
2170,86.25340997423334,11.768993618123792,10
2171,86.25539580811319,11.769754767610829,10
2172,86.25719449284806,11.769706377877299,10
2173,86.31246587183034,11.837016610779848,10
2174,86.32743146011825,11.82529960523101,10
2175,86.33692426318983,11.827866850370965,10
2176,86.34006507183643,11.827614325374535,10
2177,86.39125965891627,11.86450237946179,10
2178,86.44462628459674,11.877181164139207,10
2179,86.49343412799763,11.787146260684432,10
2180,86.5268848975264,11.792577392762869,10
2181,86.58174154933091,11.70917953246912,10
2182,86.5949589592824,11.705398588439671,10
2183,86.60282940009054,11.70590242657208,10
2184,86.60953517913893,11.709876718975833,10
2185,86.61778300205499,11.710053361975785,10
2186,86.62911035272809,11.71535105691257,10
2187,86.63110384061605,11.71557037316922,10
2188,86.63725640522075,11.714972298243795,10
2189,86.64013319886347,11.714488423835213,10
2190,86.64837009126809,11.715507333985204,10
2191,86.65637414185349,11.712761924660036,10
2192,86.69330773831379,11.744831651784015,10
2193,86.70565427135503,11.749081951664795,10
2194,86.76905161379395,11.688888473695416,10
2195,86.78009298988044,11.692227412052025,10
2196,86.78253587171727,11.692507982173334,10
2197,86.78989548011717,11.695178301604981,10
2198,86.86732397569185,11.74123750072159,10
2199,86.89938497022688,11.725182631233361,10
2200,86.95715941873334,11.731885408865473,10
2201,87.0115158803522,11.644744682261848,10
2202,87.01381682532312,11.64606738364029,10
2203,87.01572702141526,11.645392990596967,10
2204,87.15935875908399,11.655584846808475,10
2205,87.21920475390058,11.61587204312963,10
2206,87.26989328086509,11.63265901820172,10
2207,87.3263623721659,11.597907680569898,10
2208,87.38002857509632,11.57030140957075,10
2209,87.38272633290958,11.569837439348476,10
2210,87.3880668146169,11.570084658456892,10
2211,87.39492798136453,11.571616613069407,10
2212,87.40405025445622,11.568888049376397,10
2213,87.41413004338283,11.560212317565954,10
2214,87.46282689744962,11.57977233767339,10
2215,87.46369867694057,11.579172952285138,10
2216,87.46825705426345,11.581076712413447,10
2217,87.47694270013584,11.58562749487186,10
2218,87.48701220834097,11.59013027948123,10
2219,87.49812703010768,11.577908910874353,10
2220,87.59488694646063,11.516680730377624,10
2221,87.68991416424288,11.588217684708106,10
2222,87.74911482406867,11.644010410973902,10
2223,87.76042665842749,11.643376373902122,10
2224,87.76581761198402,11.641004693025229,10
2225,87.77865641719688,11.618382358827999,10
2226,87.78303955458045,11.621281806652213,10
2227,87.82902467001855,11.679391108364864,10
2228,87.88159305623282,11.700612109098888,10
2229,87.88449757428003,11.703011504443111,10
2230,87.88563091976874,11.702071048557318,10
2231,87.88760379832766,11.702961678776642,10
2232,87.9418965514538,11.717034635683417,10
2233,87.94878215677792,11.719416962092534,10
2234,87.96120600749641,11.699442925048455,10
2235,87.97428151683876,11.69353411212151,10
2236,87.97912665701894,11.695099068594534,10
2237,87.9852109334947,11.699713895607676,10
2238,87.99042920121681,11.7002969245329,10
2239,87.9997793897841,11.699883459284173,10
2240,88.02726084229816,11.731608607504914,10
2241,88.07564751488049,11.698168336729834,10
2242,88.08645858526044,11.68370602573453,10
2243,88.1289488460043,11.662501589491882,10
2244,88.1323641658723,11.66184039272496,10
2245,88.13880377418194,11.667037478272421,10
2246,88.14521111371837,11.668302293610513,10
2247,88.14955389980334,11.666530552445725,10
2248,88.1934307029994,11.701673966776115,10
2249,88.2542863787726,11.77072461198366,10
2250,88.29682747420371,11.823514129748398,10
2251,88.30254484437538,11.823120974582222,10
2252,88.30586441478938,11.824782095642478,10
2253,88.3625270899127,11.843985400863529,10
2254,88.36641100125293,11.845414125102351,10
2255,88.3757961897786,11.848366090854311,10
2256,88.43063295841326,11.879636863085272,10
2257,88.52765810564327,11.962068958269409,10
2258,88.57754384559524,12.023558162626863,10
2259,88.62761937635022,12.08791836166676,10
2260,88.68539663250803,12.06117370067589,10
2261,88.74107811535276,12.10093111755513,10
2262,88.80620358663724,12.170823045755007,10
2263,88.8152501509662,12.160657071740662,10
2264,88.87201048976411,12.169533946296859,10
2265,88.92289133957844,12.207528001566054,10
2266,88.92930780157788,12.208378505389259,10
2267,88.93922233419536,12.212074721575181,10
2268,88.98878206864208,12.231529277752399,10
2269,89.02524809300242,12.2488332768098,10
2270,89.02738189029634,12.248578383620384,10
2271,89.03105672610307,12.2496448931997,10
2272,89.04148413516664,12.254787054696836,10
2273,89.08997285303164,12.293165456256597,10
2274,89.13736746328897,12.349971904701261,10
2275,89.17269781875746,12.394830691234418,10
2276,89.22447741834159,12.40471155688887,10
2277,89.2880194455053,12.445402451772829,10
2278,89.33714440527572,12.487663316894645,10
2279,89.34927324931016,12.481682680942745,10
2280,89.38130866734691,12.423950935205823,10
2281,89.39065230204424,12.426948064717532,10
2282,89.49512076891217,12.496943645210749,10
2283,89.54964288169705,12.555259145145245,10
2284,89.59455128688145,12.522602800032468,10
2285,89.59972162026625,12.523697528814024,10
2286,89.60644758608086,12.52605266521938,10
2287,89.62323184573904,12.530765923665987,10
2288,89.71638251735308,12.476251654431051,10
2289,89.81331733726695,12.386011093214133,10
2290,89.90931846872999,12.371127493313015,10
2291,89.96204067006049,12.343069460336425,10
2292,89.97326544549375,12.345051463293588,10
2293,89.97501583195648,12.345097235388874,10
2294,90.07511736300356,12.375763146273774,10
2295,90.16302212402971,12.396387240962628,10
2296,90.16674401752297,12.3977851155821,10
2297,90.16900766072608,12.396006141032682,10
2298,90.27960904464285,12.358951639977178,10
2299,90.34264564419865,12.299813901699443,10
2300,90.40057755331814,12.350017114599385,10
2301,90.42490631361186,12.348242663097091,10
2302,90.46784803327083,12.36033944844808,10
2303,90.48718876783255,12.378058624916859,10
2304,90.5075592848869,12.369124542593031,10
2305,90.55914174851023,12.40124655390581,10
2306,90.56430150038433,12.402702855005959,10
2307,90.62239553959998,12.424380157765835,10
2308,90.68299433586321,12.498557398623046,10
2309,90.68588190958812,12.4983648314317,10
2310,90.74012165604645,12.512217860627093,10
2311,90.79862331222029,12.542653415746877,10
2312,90.80556766518318,12.545107022974015,10
2313,90.81518506884028,12.54189363289687,10
2314,90.82358776145664,12.539823457859503,10
2315,90.87729149724089,12.516424249412745,10
2316,90.88714444640564,12.519223522124985,10
2317,90.9928270663907,12.5708613889826,10
2318,91.04779344212601,12.640772976238638,10
2319,91.10659177967906,12.62150574383168,10
2320,91.13793167644023,12.629758812836592,10
2321,91.19103977998495,12.64720697073244,10
2322,91.24582257302794,12.568184877024555,10
2323,91.25327755526813,12.572196334317116,10
2324,91.26502334397841,12.57948660632788,10
2325,91.40565977591191,12.682747494987167,10
2326,91.45621799622413,12.705177983541814,10
2327,91.59628326219783,12.71714100616714,10
2328,91.65134567193559,12.730661385593418,10
2329,91.65498082476105,12.731944741544387,10
2330,91.659805568948,12.732156280813394,10
2331,91.67013340023964,12.724622235847843,10
2332,91.67241617125362,12.725251619967793,10
2333,91.68895322064898,12.719274243095802,10
2334,91.75188147522869,12.754086796641692,10
2335,91.7565591164643,12.751248787401158,10
2336,91.85039094383025,12.637664931228635,10
2337,91.8574146496409,12.634712017373511,10
2338,91.90863329374818,12.64948101606064,10
2339,91.91160364710501,12.647441051735816,10
2340,92.01164170693707,12.738342202098893,10
2341,92.01293996276881,12.738506302124446,10
2342,92.01450622441462,12.73920676861261,10
2343,92.02132995140391,12.738719123497578,10
2344,92.03042489071711,12.738237655863335,10
2345,92.04963659827315,12.742277554815281,10
2346,92.05050842646736,12.742933292621949,10
2347,92.09845187535345,12.757056900126662,10
2348,92.10435775528116,12.758221148468783,10
2349,92.1133247940806,12.76098217201798,10
2350,92.12049879658831,12.763930852384624,10
2351,92.12082183116131,12.7638672198557,10
2352,92.16645904650184,12.736526504947816,10
2353,92.16753669017558,12.736542472946635,10
2354,92.17648326497607,12.73396168097544,10
2355,92.23067049952337,12.70835013920351,10
2356,92.24852583431529,12.70349224544073,10
2357,92.25192890484888,12.700250736525886,10
2358,92.30773588969434,12.740112207952127,10
2359,92.31728794670873,12.740520699762483,10
2360,92.33615606214275,12.738505459642697,10
2361,92.38329943037122,12.655455021458547,10
2362,92.39323361593969,12.655272991384333,10
2363,92.40257432157783,12.660133891783596,10
2364,92.40630343293708,12.658874969731741,10
2365,92.4579760862331,12.593615199576728,10
2366,92.46348528069835,12.59625440426226,10
2367,92.46621427818101,12.597465301711615,10
2368,92.47277977709902,12.604051097841204,10
2369,92.48068497546681,12.60535018462988,10
2370,92.5287982225154,12.583883585902202,10
2371,92.57791552432165,12.595333799295712,10
2372,92.5819876155302,12.59446266970646,10
2373,92.62960025875434,12.605918367739875,10
2374,92.63443796728241,12.606451747430269,10
2375,92.6441285014844,12.609482717926019,10
2376,92.65135092048772,12.612096703548444,10
2377,92.70418878411763,12.595301580749606,10
2378,92.71563152890869,12.587057630872078,10
2379,92.76922088370026,12.637758783652254,10
2380,92.82731005602257,12.691077263543265,10
2381,92.83166445080266,12.691286821010461,10
2382,92.83599145710716,12.694346864087846,10
2383,92.89229977563227,12.732676403092368,10
2384,92.9411881098603,12.705236003501366,10
2385,92.99699589787494,12.668208607173481,10
2386,93.1031134732405,12.629032806089723,10
2387,93.17102587056982,12.668483692712924,10
2388,93.17939309263377,12.665552954743399,10
2389,93.24160221988569,12.594539529903653,10
2390,93.25374955061025,12.583277112771606,10
2391,93.25558993752549,12.583619572676126,10
2392,93.25794529289928,12.58510325983634,10
2393,93.2600018125031,12.585500101487987,10
2394,93.26129921405598,12.585127002308209,10
2395,93.26549107939074,12.586560270516197,10
2396,93.2687639655749,12.587824377168458,10
2397,93.27099947564389,12.588768717700544,10
2398,93.31959582040125,12.567621616570346,10
2399,93.40524377919806,12.512049876969144,10
2400,93.45448816011762,12.531937268343022,10
2401,93.50421111299552,12.544885303453547,10
2402,93.56402476271991,12.522099309579783,10
2403,93.57736447618382,12.525146919359306,10
2404,93.62651772599928,12.586705799292838,10
2405,93.69311626615269,12.50818407107376,10
2406,93.69995895516465,12.5040045626994,10
2407,93.7037727873506,12.503202076000711,10
2408,93.75555531603811,12.522128938200108,10
2409,93.80951053109638,12.534810213488763,10
2410,93.81076517470376,12.53517211286413,10
2411,93.81799239099287,12.53899202908958,10
2412,93.83098640320206,12.538428044418245,10
2413,93.83696379350664,12.541424126785586,10
2414,93.83855181476918,12.541272547041919,10
2415,93.8419737727498,12.54347553900969,10
2416,93.89162717696158,12.523719803384473,10
2417,93.89750782247181,12.525821134369505,10
2418,93.91530739293198,12.531653509990893,10
2419,93.92810237464523,12.537045489878171,10
2420,93.97856737991316,12.515108887645766,10
2421,94.0343158592085,12.50102784627183,10
2422,94.08848740012543,12.481218547919577,10
2423,94.14291613935231,12.465672131382883,10
2424,94.19369288425528,12.450054026800492,10
2425,94.24077362906884,12.354635951252503,10
2426,94.29164787763109,12.364395459830137,10
2427,94.34607426235736,12.371099523383446,10
2428,94.41020681067923,12.345547976090813,10
2429,94.45988296825409,12.329622679785569,10
2430,94.47188658224091,12.326992209744159,10
2431,94.4826551132296,12.330181453832404,10
2432,94.54563819363241,12.241171012870902,10
2433,94.59400574482264,12.225837363150328,10
2434,94.64391648678674,12.237062819754968,10
2435,94.6957197030535,12.30152048358994,10
2436,94.79744200714258,12.214110327207203,10
2437,94.85165602656873,12.233087507496776,10
2438,94.85828289466062,12.235832080803917,10
2439,94.86991688795631,12.241372965849434,10
2440,94.93306458170784,12.287797933027557,10
2441,94.9926472821206,12.335566563833806,10
2442,94.99901028968203,12.337631720901202,10
2443,95.05528442339003,12.386314166154767,10
2444,95.07407162869268,12.391059941938883,10
2445,95.12718633434375,12.410443399884645,10
2446,95.14067596053614,12.40160842700998,10
2447,95.20026548558545,12.422761571140809,10
2448,95.26954711186748,12.46456758884439,10
2449,95.32323213750512,12.510762802710643,10
2450,95.33629976397637,12.52066523011562,10
2451,95.3556079894188,12.513936820545714,10
2452,95.36157805199555,12.515019045773814,10
2453,95.41346258184649,12.542080343724775,10
2454,95.42217416103145,12.54448836724987,10
2455,95.42814930148462,12.541927407163357,10
2456,95.52396192095296,12.58566358120657,10
2457,95.52891272053108,12.585308744944953,10
2458,95.5381525134279,12.587675962419116,10
2459,95.54188706454596,12.588960623029578,10
2460,95.61893875291831,12.616316820599216,10
2461,95.66661865281257,12.550415064287744,10
2462,95.72483469603205,12.606989471343985,10
2463,95.73161888748868,12.612544062314159,10
2464,95.7405859972281,12.619782380194932,10
2465,95.8386338372018,12.669032320685123,10
2466,95.89823813206532,12.671303292226549,10
2467,95.94738534480418,12.734638299386539,10
2468,95.957354280607,12.742818681001728,10
2469,96.022696819647,12.811332486159275,10
2470,96.07618433782605,12.713738499255335,10
2471,96.13242592167106,12.612647631146762,10
2472,96.14731708530887,12.593816714573302,10
2473,96.16154500046835,12.571775062577224,10
2474,96.22137660910738,12.609256536701073,10
2475,96.23696507082636,12.612340227545156,10
2476,96.2526250166631,12.593127321471542,10
2477,96.25866082287186,12.594328848766166,10
2478,96.311711251278,12.498969852392266,10
2479,96.37544617988738,12.401054946846942,10
2480,96.47071276574312,12.35030589152841,10
2481,96.56519831120534,12.183338665603399,10
2482,96.66295241533635,12.094501338473577,10
2483,96.67901581136768,12.094125281069058,10
2484,96.69608101067031,12.104702361803025,10
2485,96.70761097923071,12.10672508828673,10
2486,96.73414784770311,12.111970399981569,10
2487,96.82863925593298,12.135617674572408,10
2488,96.83128831987176,12.13514791667002,10
2489,96.88528005808035,12.113523286400271,10
2490,96.93993913387936,12.132370848273698,10
2491,97.04580682428471,12.160815031424196,10
2492,97.11109508928476,12.127354032530349,10
2493,97.16014149730749,12.143743218305096,10
2494,97.1769056023355,12.125811681128123,10
2495,97.17855914141428,12.124908185906586,10
2496,97.18910356785459,12.131430531413637,10
2497,97.19055120286282,12.131453524327341,10
2498,97.20170261603093,12.128527814950449,10
2499,97.25997058702265,12.142424450287432,10
2500,97.31636491086783,12.055336314432317,10
2501,97.32017372465697,12.054784667537069,10
2502,97.32399936928502,12.051861036578629,10
2503,97.33816717342896,12.059417554306311,10
2504,97.35123709777646,12.053472413637738,10
2505,97.36110653253836,12.06308037167259,10
2506,97.36412592238953,12.064557699317705,10
2507,97.37485388671469,12.062214520443659,10
2508,97.38479978079121,12.068056033012818,10
2509,97.47907342877967,12.118584421274058,10
2510,97.62235283365334,12.159657778624158,10
2511,97.64284649147967,12.16477493174567,10
2512,97.64620795032428,12.16674687702751,10
2513,97.6950510722424,12.182966808107196,10
2514,97.70145872930084,12.18410238530913,10
2515,97.75036259315127,12.205233007261846,10
2516,97.76013573604293,12.19555616850555,10
2517,97.76567100675582,12.197281357317173,10
2518,97.77356377236387,12.191309477127255,10
2519,97.77426618417898,12.190669928707656,10
2520,97.77675047448685,12.191664051834953,10
2521,97.82335839930064,12.108264647850353,10
2522,97.87827206841912,12.131766921335618,10
2523,97.88720253313582,12.136210195697986,10
2524,97.89126574810432,12.136475469384457,10
2525,97.89199920813213,12.136151233733928,10
2526,97.89891478289057,12.139148083251056,10
2527,97.9517847831196,12.11977494647188,10
2528,98.0031400358967,12.10341801798153,10
2529,98.01836362150138,12.1033489638663,10
2530,98.02337799054544,12.104003042965568,10
2531,98.04742112633797,12.123394473963527,10
2532,98.06559613162449,12.114695719825672,10
2533,98.07962245711164,12.126419153000352,10
2534,98.09189190947332,12.114362677094793,10
2535,98.14466916876643,12.09005970012773,10
2536,98.15397395140177,12.088269691834356,10
2537,98.16023648495243,12.086661333191987,10
2538,98.17430300282368,12.083707071011684,10
2539,98.22201577456993,12.106898422230888,10
2540,98.22763959874712,12.108803602626281,10
2541,98.23668123624739,12.112096066029112,10
2542,98.30299119780136,12.148738279353775,10
2543,98.3167004219765,12.145790433476817,10
2544,98.32478923551454,12.144623079548454,10
2545,98.33110286412587,12.144256771704155,10
2546,98.34010411919387,12.150660346514744,10
2547,98.34728133099782,12.154476108449167,10
2548,98.35460475599442,12.15995340512484,10
2549,98.35615734609469,12.160273226101472,10
2550,98.35853688455532,12.161771930156785,10
2551,98.36719055238123,12.16113061908458,10
2552,98.51366532332031,12.127164596644382,10
2553,98.52551495088241,12.129778673389279,10
2554,98.61979970036114,12.162826634833765,10
2555,98.63123795768573,12.163767427807493,10
2556,98.63869102552383,12.164550386952783,10
2557,98.68931662238845,12.158759235984519,10
2558,98.6949596503641,12.159499810828182,10
2559,98.69627345568775,12.159993911060567,10
2560,98.70387127530033,12.15847367286214,10
2561,98.71481583048298,12.146914709851469,10
2562,98.72125965517588,12.147648722683847,10
2563,98.7263575293488,12.148894255281016,10
2564,98.73537248498792,12.135360141354516,10
2565,98.73937524505665,12.136965643566747,10
2566,98.80503916926375,12.16193123755393,10
2567,98.84536408306012,12.177802820404716,10
2568,98.85940808024023,12.166567794957992,10
2569,98.9450222692218,12.159046664001188,10
2570,98.94817768580401,12.160140032099045,10
2571,98.95755988238855,12.162028681283303,10
2572,98.959519841554,12.159871757576706,10
2573,98.96124787033509,12.159356074770708,10
2574,99.00884476935855,12.152069705679434,10
2575,99.01951592254383,12.149686922902475,10
2576,99.05390918818287,12.142498691172765,10
2577,99.0619381872059,12.147465668553673,10
2578,99.10584714223862,12.203542512216979,10
2579,99.11074447865903,12.198984076365582,10
2580,99.12024710086447,12.206708944376906,10
2581,99.12156794997885,12.206614948294881,10
2582,99.1225553749425,12.206910352310883,10
2583,99.12829248867668,12.21128112835466,10
2584,99.13464265083468,12.201735698644589,10
2585,99.14106776162197,12.197248999259232,10
2586,99.141937662745,12.197101450970534,10
2587,99.1477826465003,12.19895002262392,10
2588,99.15455345729242,12.19570644954402,10
2589,99.16047412784133,12.189965458642506,10
2590,99.19166770428578,12.199756589093655,10
2591,99.19882247317686,12.203937799633438,10
2592,99.20229885814678,12.204422381720732,10
2593,99.20648050131243,12.205748444979909,10
2594,99.27882295974945,12.228736865084219,10
2595,99.33882965315391,12.253820365568252,10
2596,99.39329088854328,12.238728573096116,10
2597,99.4582270225675,12.162391280786057,10
2598,99.51002929638297,12.082712759973447,10
2599,99.57000713019656,12.058770468884708,10
2600,99.67383206600462,11.977443110086872,10
2601,99.68341562157379,11.983173075493601,10
2602,99.69112756751629,11.98051353598604,10
2603,99.72934849037327,12.003315577814595,10
2604,99.74093938275168,11.988484067619215,10
2605,99.79903471683714,11.992745830415743,10
2606,99.8018184460657,11.994683720420738,10
2607,99.80972151944518,12.00216825527288,10
2608,99.82869489172249,12.004841550364555,10
2609,99.89112082933605,12.054512481050853,10
2610,99.94068048875182,12.10051100681785,10
2611,99.94541159059352,12.094274051987432,10
2612,100.05460596815831,12.014260104530539,10
2613,100.0590046940514,12.018183264849835,10
2614,100.06330397244396,12.021793331467538,10
2615,100.10272077509806,12.049246411263969,10
2616,100.11386569642204,12.037881483249356,10
2617,100.16211815038967,11.957433673207325,10
2618,100.17181237579904,11.965490209476512,10
2619,100.17579615298713,11.966520156398303,10
2620,100.23466179063408,11.887260849910549,10
2621,100.2363632162811,11.884703691752916,10
2622,100.28599426070824,11.79880753719436,10
2623,100.37891337914762,11.730921025674762,10
2624,100.38384856525889,11.728985240630566,10
2625,100.40597841419277,11.74397458169977,10
2626,100.46285320732491,11.773137929880576,10
2627,100.46882206788739,11.775426488524602,10
2628,100.48422683786873,11.78042904345223,10
2629,100.49203672891528,11.785760013246266,10
2630,100.49911009863224,11.787295317078538,10
2631,100.50770144457681,11.792929695496806,10
2632,100.51081498847633,11.794289977494325,10
2633,100.56222801298857,11.856591712582413,10
2634,100.5781005555962,11.861556584433833,10
2635,100.5805493746897,11.861827707656381,10
2636,100.58520266364364,11.862894420428276,10
2637,100.64019136209285,11.865325929077793,10
2638,100.69523020963894,11.867584129078676,10
2639,100.70302996654402,11.86367631871316,10
2640,100.81215471699477,11.942292330087724,10
2641,100.85319863356246,11.968702064532243,10
2642,100.90408073175081,11.8880725617629,10
2643,100.91130067690828,11.888503465442435,10
2644,100.91842992379597,11.884055670834952,10
2645,100.93876983244019,11.897024294801573,10
2646,101.02104760684058,11.957129904996082,10
2647,101.0296557838368,11.956673074867963,10
2648,101.03709330256308,11.95853245978976,10
2649,101.04085763029467,11.956841921867982,10
2650,101.04421540740732,11.955506580309095,10
2651,101.11272868863772,11.926695200680518,10
2652,101.12181734059479,11.928082402944991,10
2653,101.15893097655415,11.947528162928528,10
2654,101.16444724212458,11.947391291303216,10
2655,101.1744090322265,11.951759128410329,10
2656,101.22344780195358,11.922543372191097,10
2657,101.23303837789834,11.916583306230129,10
2658,101.27794073830319,11.92084303849911,10
2659,101.2869935960706,11.924227881974067,10
2660,101.30539813463139,11.935348991136788,10
2661,101.34808348895129,11.97457025871018,10
2662,101.43171351103851,12.018088124158595,10
2663,101.43928517031699,12.022921863369048,10
2664,101.48520300929502,12.029734243498371,10
2665,101.50188345974257,12.035860055405951,10
2666,101.50483818665673,12.03575112342307,10
2667,101.50786664669762,12.03529541019606,10
2668,101.51554206855303,12.035731687572504,10
2669,101.5667396137653,12.011134592444524,10
2670,101.58762728875197,12.008377062805966,10
2671,101.63991919479926,12.052461379548003,10
2672,101.64860548374725,12.059583679273427,10
2673,101.68134955546364,12.09286470117444,10
2674,101.68505045644753,12.090900088852827,10
2675,101.69117107423509,12.083317089960357,10
2676,101.74776646279447,12.137580176620308,10
2677,101.90650245809978,12.237568505982736,10
2678,101.9198804213505,12.237868022530547,10
2679,101.9865489133869,12.297844379811448,10
2680,101.98763410506996,12.298198667427073,10
2681,101.99072825035236,12.29799350717026,10
2682,101.99169765325925,12.298408065800723,10
2683,102.08478148046251,12.2628077819497,10
2684,102.08865324954012,12.259585218462274,10
2685,102.14428524465085,12.27941784668931,10
2686,102.15501456451341,12.279834715508212,10
2687,102.16078716145743,12.283024145476633,10
2688,102.2189664563472,12.289012956461013,10
2689,102.27237661062887,12.33933436098284,10
2690,102.27431358752914,12.340300605297672,10
2691,102.32230610252506,12.264498320965972,10
2692,102.3230184048636,12.264332657180969,10
2693,102.33646059581669,12.26904984267761,10
2694,102.35356485498399,12.270275744928789,10
2695,102.45076657376262,12.33045220479037,10
2696,102.45501274342068,12.332782531595125,10
2697,102.46283920709634,12.334537767091332,10
2698,102.52053079656127,12.32912668304974,10
2699,102.5467792911209,12.312789448620716,10
2700,102.59625003756881,12.335554550383605,10
2701,102.66576934555651,12.344411495753544,10
2702,102.6740423525775,12.344277522466946,10
2703,102.73028792363588,12.365015691634246,10
2704,102.78072845287707,12.367652088397394,10
2705,102.78462863024716,12.368806146315443,10
2706,102.79350119457963,12.372493228757529,10
2707,102.79542770529997,12.371578406312395,10
2708,102.79651346623432,12.370762545525904,10
2709,102.80342168426782,12.370329866126616,10
2710,102.89031378564474,12.463880702905294,10
2711,102.94601587355746,12.368423854339241,10
2712,102.9506712729191,12.365670310842257,10
2713,102.95807277825324,12.366844787404048,10
2714,102.96033775845038,12.36795662922814,10
2715,102.97084077207259,12.365052815048927,10
2716,102.99726833145624,12.3313558248004,10
2717,103.0476883349146,12.337841157843267,10
2718,103.05099396246828,12.336810236296126,10
2719,103.0643860851674,12.32669634454963,10
2720,103.0897898729243,12.34356791846331,10
2721,103.17008338031383,12.410973306330096,10
2722,103.26562308015885,12.244806619396167,10
2723,103.36451738270473,12.220333727008631,10
2724,103.41263914192882,12.134725880896152,10
2725,103.41869668875094,12.135471372425592,10
2726,103.51337815350101,12.167628335746569,10
2727,103.51655355010143,12.168748646754727,10
2728,103.51905543320777,12.169542919055495,10
2729,103.56731382060518,12.140435816206374,10
2730,103.57348891077204,12.144342224708438,10
2731,103.63119885288037,12.124343622158467,10
2732,103.63234034045986,12.123295376181888,10
2733,103.63961859714482,12.120354630214228,10
2734,103.69101004936802,12.159706971838364,10
2735,103.6966526464219,12.161835491637683,10
2736,103.69848579558088,12.163131376490883,10
2737,103.70565807145593,12.164976633904235,10
2738,103.75767183864522,12.178787988785226,10
2739,103.80717560121404,12.190259625605444,10
2740,103.86241194708562,12.101939591475858,10
2741,103.89198952539618,12.05460889276148,10
2742,103.94414118536409,12.061835762363005,10
2743,103.99669886815755,12.075811160983905,10
2744,103.99802944660249,12.076704040326728,10
2745,104.00311222096889,12.07711208986123,10
2746,104.05949446960028,12.094433947231472,10
2747,104.12103851997635,12.141682872146077,10
2748,104.13444515213698,12.142788837748926,10
2749,104.14316077194535,12.148165153225188,10
2750,104.16120047005943,12.154084767251288,10
2751,104.1978286126362,12.133729064370053,10
2752,104.2018690698499,12.132673840734439,10
2753,104.20769368335489,12.133411970693174,10
2754,104.21921919612859,12.13695986474178,10
2755,104.24502969062681,12.121349866094121,10
2756,104.24586435676346,12.121478528898432,10
2757,104.29333874475046,12.095337038489436,10
2758,104.30117954915026,12.097907912416582,10
2759,104.35495576925693,12.118704171531355,10
2760,104.4071590627238,12.141636317736912,10
2761,104.40927005196268,12.141987778679667,10
2762,104.46752579897279,12.12586201574918,10
2763,104.46988349644639,12.125364293867365,10
2764,104.47782641953317,12.129985363979625,10
2765,104.50835969598083,12.08368195027811,10
2766,104.51214251079966,12.085498789198857,10
2767,104.51401951232529,12.085894733435417,10
2768,104.52054494848987,12.088730597881318,10
2769,104.61528969992746,12.089929488506693,10
2770,104.67078541548544,12.137692301209327,10
2771,104.6739549799145,12.14026295639712,10
2772,104.76726943232306,12.176113143911387,10
2773,104.86860330293435,12.202265265320301,10
2774,104.86995086153661,12.200474465633551,10
2775,104.93250169680599,12.189013245087267,10
2776,104.93712030242537,12.188769071511445,10
2777,105.0002442931004,12.2352636910579,10
2778,105.095974603136,12.319878028143968,10
2779,105.144898872239,12.371670799408363,10
2780,105.1512171566566,12.37663501534619,10
2781,105.15772464718125,12.378211365797588,10
2782,105.17163746636258,12.357648666616699,10
2783,105.17937813235599,12.362695869941476,10
2784,105.1827711167391,12.360447750213352,10
2785,105.23113146798718,12.4123491866115,10
2786,105.23320484048591,12.413047678866826,10
2787,105.29875545927976,12.399844941959426,10
2788,105.34645427181025,12.318436227878221,10
2789,105.39487562502805,12.372222829253431,10
2790,105.44266138903762,12.35014327754928,10
2791,105.4503668982816,12.354880265843187,10
2792,105.4517369344751,12.35442465678016,10
2793,105.45846692732543,12.355926615903423,10
2794,105.4609596346733,12.355915538214113,10
2795,105.46827315883715,12.356585066476999,10
2796,105.4734760043925,12.359124600554118,10
2797,105.47621617353045,12.355792212246444,10
2798,105.47784125325333,12.35477650389025,10
2799,105.49219089937063,12.36319157388268,10
2800,105.54583848408352,12.37105861937412,10
2801,105.55055658188023,12.370295704473845,10
2802,105.60424217674434,12.38197933443006,10
2803,105.61322703589647,12.382950613424821,10
2804,105.66567914109332,12.401556479065112,10
2805,105.70075280521527,12.387512740413646,10
2806,105.70529218532347,12.390822935746778,10
2807,105.73539265666031,12.38782481794901,10
2808,105.74134623671823,12.389654665072479,10
2809,105.74575058243552,12.391741881360524,10
2810,105.80600180439242,12.41395981377934,10
2811,105.8101103872522,12.41816424870575,10
2812,105.82224015519455,12.413103857125023,10
2813,105.82964753655213,12.411457493310527,10
2814,105.8321817737939,12.411676285636915,10
2815,105.83591761411671,12.413383564017558,10
2816,105.88904414397575,12.434267298569608,10
2817,105.93669725388443,12.455567998797124,10
2818,105.98789469662695,12.47749481461079,10
2819,106.02548762137494,12.464038465461355,10
2820,106.03331265118966,12.465354901448178,10
2821,106.03511034488443,12.465703027903363,10
2822,106.03941547813989,12.467909667268161,10
2823,106.05596686871054,12.477620609472902,10
2824,106.1110760976272,12.499915543144516,10
2825,106.11834278445808,12.502080399147989,10
2826,106.12520322194582,12.501662180498345,10
2827,106.12934733932487,12.501771065725109,10
2828,106.14098471135367,12.50826393324924,10
2829,106.15248238702236,12.509597589637542,10
2830,106.26040162705544,12.575801386673039,10
2831,106.32961778200936,12.609310276619718,10
2832,106.33752226294246,12.60943657440034,10
2833,106.3401730871592,12.606095301789075,10
2834,106.34518289342,12.606190825659922,10
2835,106.34722609215662,12.607808691751027,10
2836,106.4026415052275,12.515254258970804,10
2837,106.50373491754492,12.466187104591407,10
2838,106.55761516430803,12.507648183257217,10
2839,106.61714227062971,12.535956844202854,10
2840,106.7105935472188,12.559501125976874,10
2841,106.72402973366559,12.56707419504945,10
2842,106.77424311843713,12.568614667663898,10
2843,106.77670056111408,12.568162558971787,10
2844,106.78375099554015,12.565808256302859,10
2845,106.79030876299298,12.55849217868466,10
2846,106.79248447252158,12.558694614059172,10
2847,106.79687667912347,12.554186187806277,10
2848,106.8511506490664,12.589169389308159,10
2849,106.88101038921361,12.59813081845801,10
2850,106.8826100769451,12.598879018590672,10
2851,106.88431489527693,12.599658360088048,10
2852,106.93176496775875,12.651335821300107,10
2853,106.98597171987288,12.706368392393589,10
2854,106.98857730728837,12.7039927344832,10
2855,106.99925505757808,12.707980546423203,10
2856,107.00152763022943,12.708514255853444,10
2857,107.00742493975406,12.70963260689392,10
2858,107.07354564582006,12.740497423254737,10
2859,107.21840814956188,12.82588385633299,10
2860,107.26995659880465,12.867953933982596,10
2861,107.27670519508965,12.868639334242413,10
2862,107.29302551767901,12.868790255508053,10
2863,107.31547990643428,12.872664400845116,10
2864,107.3268078169294,12.87249777963771,10
2865,107.33239858418354,12.875563144089014,10
2866,107.37946641179572,12.928833311686326,10
2867,107.43169020370267,12.96984386065109,10
2868,107.52367355461399,12.94643634629089,10
2869,107.52561797118275,12.947512048753577,10
2870,107.52976368447833,12.947704614735715,10
2871,107.53437077638145,12.949820449801935,10
2872,107.64677265949595,12.99539190809409,10
2873,107.69530190317221,13.043967751125727,10
2874,107.75109546214078,13.023835786745211,10
2875,107.77045097267327,13.044588375238531,10
2876,107.77335165532004,13.044631148404882,10
2877,107.83064813968376,13.097916059845184,10
2878,107.83653415683284,13.101327595185154,10
2879,107.89000081209456,13.10403904386017,10
2880,107.94082778859656,13.112973150513909,10
2881,107.94967866273396,13.114249833785797,10
2882,108.00124161112834,13.15579354314924,10
2883,108.05995139035042,13.161917390173667,10
2884,108.11395358171391,13.186630285081666,10
2885,108.20571490827456,13.207954009443327,10
2886,108.25897673548278,13.261220846364631,10
2887,108.34843657780463,13.300894920347385,10
2888,108.35211901806963,13.302000950170163,10
2889,108.35908324629119,13.304054439638692,10
2890,108.40490006145562,13.327769004670559,10
2891,108.40888549409263,13.327087943063722,10
2892,108.42313177112506,13.32665442931856,10
2893,108.42528983558535,13.32601219773952,10
2894,108.43083878238947,13.327919187435757,10
2895,108.47939793289069,13.37598156711026,10
2896,108.52860174596643,13.425259490519384,10
2897,108.53861914926851,13.422540891077707,10
2898,108.5397537234556,13.422776753170057,10
2899,108.63270745843913,13.382470559052408,10
2900,108.69424070974333,13.43753889959669,10
2901,108.6987910043915,13.438028006018383,10
2902,108.70391733490173,13.438519353032454,10
2903,108.75850639662326,13.474737778754543,10
2904,108.76290128669307,13.476445207125765,10
2905,108.8123876367458,13.53392916332015,10
2906,108.81766778375848,13.536163485631967,10
2907,108.86533233740877,13.584393200570823,10
2908,108.87005524191429,13.587371776747581,10
2909,108.8809123698007,13.577185679388833,10
2910,108.88993858601468,13.579386042467654,10
2911,108.93638548378117,13.628900585082945,10
2912,108.9494892273386,13.62800963917251,10
2913,108.95933801057151,13.632923557399748,10
2914,108.99430730662709,13.619764005039942,10
2915,108.9968582046032,13.619669859989552,10
2916,109.0452434561629,13.624729258870172,10
2917,109.08936375633346,13.625411815814935,10
2918,109.14264479954139,13.637415282431721,10
2919,109.2013362126341,13.62383887681194,10
2920,109.251479668511,13.675128782402739,10
2921,109.34732539854085,13.598461264314706,10
2922,109.3956465152605,13.519618276474134,10
2923,109.4318406089661,13.503335943505919,10
2924,109.44743776709713,13.511670091605675,10
2925,109.45107715054841,13.51199657033026,10
2926,109.458998841953,13.516624230450624,10
2927,109.55777308136092,13.47167875256381,10
2928,109.61218659165647,13.387240278367878,10
2929,109.76303870619697,13.43108157858475,10
2930,109.83080086553335,13.438086246552876,10
2931,109.88302144580382,13.4909046955055,10
2932,109.88952117674296,13.491741913417187,10
2933,109.9520977481948,13.498555489142598,10
2934,109.96115124073322,13.484801932844666,10
2935,110.00995322805161,13.46883465475471,10
2936,110.01667792974199,13.464872432649235,10
2937,110.03515147236624,13.47004723970633,10
2938,110.04609535727795,13.469736245639218,10
2939,110.10079138569446,13.382790990296982,10
2940,110.11451338158199,13.387938587548033,10
2941,110.15733955498948,13.405730864140413,10
2942,110.16198115548461,13.407747467295955,10
2943,110.2549150346467,13.44492674390329,10
2944,110.27089526012814,13.449745471512147,10
2945,110.27350449806299,13.4496262048436,10
2946,110.27575651846647,13.4509467603403,10
2947,110.28397653493016,13.448171987379567,10
2948,110.28541464889948,13.44791305691352,10
2949,110.37961324217065,13.469817888804881,10
2950,110.4038454482222,13.428124090169312,10
2951,110.45605356360497,13.428084462820518,10
2952,110.54797604574662,13.44387192530414,10
2953,110.60564851423081,13.449931147128314,10
2954,110.61187344604495,13.45385526412333,10
2955,110.6212100789289,13.454451803997898,10
2956,110.6765913570089,13.459122651306279,10
2957,110.69053352976862,13.468427363940869,10
2958,110.69877708556105,13.472874291180483,10
2959,110.74603404500017,13.47744232601154,10
2960,110.83300631895322,13.442639564993991,10
2961,110.88181022911954,13.460116960647559,10
2962,110.9414586427735,13.477063624422458,10
2963,110.99416515079649,13.39441799513574,10
2964,111.01237825809633,13.383050309942826,10
2965,111.12880698421222,13.292924393749189,10
2966,111.13664463292386,13.295936198839264,10
2967,111.15691549439035,13.309900714993818,10
2968,111.17228389852804,13.320989264969011,10
2969,111.21938621205986,13.359570605478034,10
2970,111.26967642697942,13.366790792034234,10
2971,111.28429537939341,13.375537153071868,10
2972,111.28966659031985,13.375401984531972,10
2973,111.33927897261205,13.432523455388406,10
2974,111.3457805197013,13.42668709238551,10
2975,111.39558958774369,13.448137897927396,10
2976,111.4095041430289,13.451808174341314,10
2977,111.46333557235559,13.45803486908476,10
2978,111.58819231900604,13.513685632744227,10
2979,111.77664797576563,13.491550795345805,10
2980,111.77980701552424,13.490710840297806,10
2981,111.84764741461652,13.551569555790351,10
2982,111.97435739877938,13.55404651773876,10
2983,111.98946533035954,13.55819467341772,10
2984,111.99157947639807,13.557935283440658,10
2985,112.04120455606028,13.619360404423986,10
2986,112.04493133633339,13.62099402834638,10
2987,112.04873058788198,13.618161120066016,10
2988,112.05636101766746,13.620701473102772,10
2989,112.11680326105132,13.63654374632878,10
2990,112.22947010152879,13.59937570553886,10
2991,112.23821318332082,13.597647848999435,10
2992,112.33159923013473,13.525859840603596,10
2993,112.34428453571373,13.532234926527265,10
2994,112.3862979803293,13.563580502855036,10
2995,112.47346888694797,13.60279592306107,10
2996,112.52519013964977,13.602794055808719,10
2997,112.53340800840189,13.601759014649572,10
2998,112.55054589566559,13.58897106725436,10
2999,112.5643448932628,13.590525977611485,10
3000,112.56624141271175,13.590690829566851,10
3001,112.57158619534974,13.591726708656813,10
3002,112.61563971319569,13.62580566981949,10
3003,112.66508009155805,13.643046127080728,10
3004,112.7265508066483,13.627680179246035,10
3005,112.79122169880361,13.685331081551812,10
3006,112.84404773172625,13.738366087376903,10
3007,112.8466978616545,13.738341200269142,10
3008,112.8542813228139,13.743834906058286,10
3009,112.8596068009269,13.745300739016638,10
3010,112.96322981880598,13.808632730411508,10
3011,113.02015727328103,13.861190219054446,10
3012,113.04729105580819,13.866756200020587,10
3013,113.04999120840588,13.868738844648098,10
3014,113.0747069841492,13.877455547560084,10
3015,113.08192062045505,13.86519210010948,10
3016,113.08778660896257,13.861960215892653,10
3017,113.10844401805609,13.863162166679391,10
3018,113.11015610400116,13.862155267410367,10
3019,113.12644214676584,13.868868482814902,10
3020,113.19293439269632,13.918032017295294,10
3021,113.21426185736527,13.921522008450445,10
3022,113.26250534479391,13.957682007857228,10
3023,113.28288042838653,13.943253218386626,10
3024,113.28350759092363,13.943174832550532,10
3025,113.3347099646815,13.984609623733837,10
3026,113.3835719725931,14.02336526825259,10
3027,113.43152443982258,14.065352575656437,10
3028,113.45653269964887,14.085621593833915,10
3029,113.46161263995332,14.085513862032252,10
3030,113.47019365729186,14.083171515430099,10
3031,113.47992766875764,14.090254353430607,10
3032,113.48551885732914,14.08517529297036,10
3033,113.58219102600792,14.03562618611838,10
3034,113.60345778661777,14.034146190451457,10
3035,113.65476397539166,13.944509378907709,10
3036,113.66516598864158,13.939670682521662,10
3037,113.68129481462992,13.918650564122549,10
3038,113.69043799684846,13.911810650370182,10
3039,113.71352421499759,13.922931995030448,10
3040,113.71811167454624,13.922172274788254,10
3041,113.77324583041786,13.970551854387255,10
3042,113.77863852042148,13.967061254487074,10
3043,113.79159049720519,13.955773309014619,10
3044,113.89244202750167,13.887273034288912,10
3045,113.98040085714226,13.985962030276731,10
3046,114.02512039381693,14.032522330387797,10
3047,114.07977124344113,14.085043175412483,10
3048,114.08630220708429,14.08511338985695,10
3049,114.12789086671778,14.133663021938837,10
3050,114.13821335663894,14.13371840389135,10
3051,114.14226481712979,14.129346053343777,10
3052,114.14454209774867,14.130567509930641,10
3053,114.19496829977871,14.13921292910648,10
3054,114.20276961539916,14.140442863889266,10
3055,114.21052286206069,14.135101182210322,10
3056,114.21351224092703,14.13537498321312,10
3057,114.26363720026288,14.177165905191544,10
3058,114.26624899541139,14.178579256438267,10
3059,114.27281249821655,14.177648411707438,10
3060,114.2781072325843,14.176142710303472,10
3061,114.28220912360521,14.1718792937779,10
3062,114.28870170074201,14.175465072544641,10
3063,114.29590121766759,14.179594653732288,10
3064,114.29775855089676,14.17984026485418,10
3065,114.3497281869649,14.22225890410918,10
3066,114.35517767363385,14.215860282695587,10
3067,114.35746802015763,14.21587858461621,10
3068,114.37250842419277,14.224638056433982,10
3069,114.54081188184061,14.309772063562374,10
3070,114.59450603612535,14.309978054528756,10
3071,114.59650925230262,14.310339252535067,10
3072,114.59922216255197,14.310261863283806,10
3073,114.69622536384858,14.371424643390228,10
3074,114.69856022855811,14.372218228011437,10
3075,114.7028047982149,14.372511569165946,10
3076,114.7387368191489,14.384964011562046,10
3077,114.74138586192264,14.385612901758927,10
3078,114.78924810400713,14.428816028472802,10
3079,114.7946264272858,14.430961430153115,10
3080,114.80775436094252,14.422962022021153,10
3081,114.8638619721759,14.348343002264283,10
3082,114.86506305374272,14.348173544915543,10
3083,114.88690296379878,14.337616576632492,10
3084,114.93544828616442,14.383742104339268,10
3085,114.94616386366378,14.383582895550022,10
3086,114.95146865591057,14.38690341279729,10
3087,114.95350322159308,14.384903321988354,10
3088,114.95763827397927,14.384759412711682,10
3089,114.97849414355696,14.399778585249063,10
3090,115.04401387227259,14.419973194585408,10
3091,115.04828610806585,14.418817009546494,10
3092,115.0515882350177,14.419793720818815,10
3093,115.09999665551068,14.466320081389304,10
3094,115.11614252037279,14.475261474790695,10
3095,115.17561566847853,14.52384564154618,10
3096,115.18377255946544,14.520163018088141,10
3097,115.18523510941068,14.519552923884,10
3098,115.19131734881543,14.517152856326703,10
3099,115.19237969324422,14.5163690673404,10
3100,115.19763051547397,14.515411200983367,10
3101,115.20611526111152,14.510033027052513,10
3102,115.20903394464013,14.508900814749415,10
3103,115.21516649240102,14.509890128888168,10
3104,115.21901113410391,14.508135668691867,10
3105,115.26279756726699,14.513351423454344,10
3106,115.26603121549206,14.509550206769742,10
3107,115.27103648576687,14.51092228572967,10
3108,115.28223263778435,14.51244398032807,10
3109,115.33060919084771,14.558582777508652,10
3110,115.3346507199287,14.559049101183785,10
3111,115.34208052105683,14.562003737406098,10
3112,115.35794782662398,14.563468843134405,10
3113,115.36292180761299,14.564544063340287,10
3114,115.36946472522524,14.567337857658673,10
3115,115.37536938693276,14.565882741018292,10
3116,115.38499229082063,14.571913387798276,10
3117,115.4869268940732,14.582359527937452,10
3118,115.54130703281666,14.581106693325221,10
3119,115.55197159452446,14.56866663159932,10
3120,115.55970518529543,14.572772050823257,10
3121,115.56942056502791,14.566579777331663,10
3122,115.57350911830972,14.564450885344444,10
3123,115.57769473683175,14.567378021629276,10
3124,115.5871317199186,14.569719476961692,10
3125,115.59211768292843,14.57072184365402,10
3126,115.59788763453078,14.572313002057294,10
3127,115.60486020404296,14.567777333521082,10
3128,115.62368875639791,14.585154771015258,10
3129,115.63782969641613,14.597460329665353,10
3130,115.6558061068124,14.603277517234906,10
3131,115.65841555210959,14.603810216344081,10
3132,115.68077076889408,14.594650272262756,10
3133,115.68436197602833,14.596645508093925,10
3134,115.69004355086011,14.60135206841722,10
3135,115.70107392267171,14.612412277208685,10
3136,115.75156622658605,14.667083113789124,10
3137,115.81680026896713,14.612354794448498,10
3138,115.86918707204877,14.65887666035751,10
3139,115.93141141605558,14.703454523112779,10
3140,115.9472367871072,14.71195005155428,10
3141,116.0619555555239,14.774858317606501,10
3142,116.1571739044991,14.707951263325619,10
3143,116.21215936214602,14.719464768566468,10
3144,116.26126458388691,14.643180605955699,10
3145,116.31179207543524,14.700156111840137,10
3146,116.40197978062251,14.692361021096865,10
3147,116.41115580764017,14.693013589389754,10
3148,116.4216745581734,14.69629778239958,10
3149,116.425519843046,14.6969686009868,10
3150,116.47669441182916,14.712626943053701,10
3151,116.48963093024335,14.721737154372269,10
3152,116.540593512958,14.733713240252051,10
3153,116.64421732750593,14.667172094430434,10
3154,116.69513759010496,14.71065159875879,10
3155,116.74964789536985,14.718680768294373,10
3156,116.75147545815355,14.71712767728707,10
3157,116.79821092077448,14.716830415457208,10
3158,116.89221382395097,14.65048943647444,10
3159,116.90537122544322,14.650883383601487,10
3160,116.92787880552173,14.635639578848957,10
3161,116.93269077750013,14.638972583263664,10
3162,116.93624070026772,14.63835353915946,10
3163,117.03473908264864,14.536737246616827,10
3164,117.0868444753243,14.463227222119718,10
3165,117.09172186356496,14.461024411269856,10
3166,117.15245446395416,14.479838586098493,10
3167,117.19712264619486,14.486971341815897,10
3168,117.2496564290008,14.388514724298693,10
3169,117.25326413444775,14.389590322288628,10
3170,117.25728584909018,14.393292386001425,10
3171,117.26807404991595,14.394116944501324,10
3172,117.31298166651314,14.40106990148744,10
3173,117.40249810510917,14.425557173953923,10
3174,117.44743877691162,14.438159874579624,10
3175,117.45044165993288,14.438037758382576,10
3176,117.58028432105732,14.426220520114715,10
3177,117.68395445776636,14.40789224296323,10
3178,117.73651149497255,14.45183918129618,10
3179,117.78689415637032,14.379197181774373,10
3180,117.83960718139674,14.43722082353551,10
3181,117.88772777776992,14.492476900780291,10
3182,117.94027281618962,14.542713971374361,10
3183,118.00801585506186,14.522889032772369,10
3184,118.02468191587077,14.534804083019438,10
3185,118.08132486656612,14.582792122326103,10
3186,118.08493064921663,14.584921189035061,10
3187,118.13564371745683,14.646191742769785,10
3188,118.13645412975339,14.646455172782048,10
3189,118.13827138076222,14.646606280841937,10
3190,118.14677589819453,14.655311064290506,10
3191,118.15121442536922,14.65858512378948,10
3192,118.210849575736,14.72162969155388,10
3193,118.21337554286053,14.722576073233165,10
3194,118.21961078805302,14.726941687413081,10
3195,118.22573928269813,14.728381102307411,10
3196,118.22713045016704,14.72721506678006,10
3197,118.33030424108065,14.828951322614891,10
3198,118.34343369955494,14.835335428211835,10
3199,118.35429896718956,14.84394756797716,10
3200,118.35923683364138,14.845547060742934,10
3201,118.40298058585856,14.890812803305895,10
3202,118.40760834394072,14.892364897301333,10
3203,118.5051981038666,15.003793322760396,10
3204,118.51684672572955,15.007159051519306,10
3205,118.62041085457163,15.109797474550094,10
3206,118.73073442697566,15.151627636416436,10
3207,118.789772641481,15.209803561324051,10
3208,118.93883543793459,15.34072023853888,10
3209,118.94185082852387,15.341765759248068,10
3210,118.99393225663462,15.393693971021987,10
3211,118.99914119083905,15.393670839785853,10
3212,119.00187320774322,15.393956918912757,10
3213,119.01048297241513,15.397107088380634,10
3214,119.06617138644461,15.435470577352053,10
3215,119.16042131351298,15.312520054243752,10
3216,119.21235173947673,15.222776415337854,10
3217,119.2745776711482,15.141352868934563,10
3218,119.36882319577053,15.157750133643518,10
3219,119.37720552225892,15.157504442328268,10
3220,119.38504295249454,15.163641353824104,10
3221,119.39619354291844,15.154738732918606,10
3222,119.43483962247728,15.177414909807693,10
3223,119.44611705196094,15.183244169354815,10
3224,119.46118196816545,15.184346789044088,10
3225,119.46817500383,15.185258130243916,10
3226,119.53080199806439,15.127006599308357,10
3227,119.53164895933544,15.127080993432214,10
3228,119.57965079978933,15.171344757002775,10
3229,119.64662259059568,15.238542878824452,10
3230,119.64953897600631,15.237480951821514,10
3231,119.65265233278694,15.237983777732037,10
3232,119.66726305049238,15.244995068326642,10
3233,119.66872474625401,15.245322387668546,10
3234,119.67683940778011,15.248399670468148,10
3235,119.69243217054645,15.25306342681009,10
3236,119.69628703666926,15.25492806567728,10
3237,119.69794335160525,15.256022963386382,10
3238,119.70853456656607,15.265978634825732,10
3239,119.71234228409006,15.268214843425298,10
3240,119.76364303203744,15.321760567063352,10
3241,119.7770360016344,15.325592027761562,10
3242,119.77910964655612,15.326414560700412,10
3243,119.78508487280097,15.326024063462988,10
3244,119.79863446756823,15.32969973815905,10
3245,119.80241940657095,15.327115891085047,10
3246,119.85245686117605,15.328603809917258,10
3247,119.89185434807985,15.359611927721849,10
3248,119.94274298973889,15.403312311277647,10
3249,119.95009179871856,15.402939680292718,10
3250,119.95687886446385,15.403794536049475,10
3251,119.95938454233676,15.402403746526582,10
3252,119.96085279511367,15.402771058789174,10
3253,120.01631123314898,15.453369600761292,10
3254,120.02599641821523,15.459716419044524,10
3255,120.03196352131934,15.46369679391851,10
3256,120.07635985696245,15.516823357324412,10
3257,120.08175043779568,15.518651438164058,10
3258,120.08370737532127,15.518587699705906,10
3259,120.17174877394696,15.589579986220063,10
3260,120.26730513297784,15.556043229090854,10
3261,120.2815032427934,15.560993451192502,10
3262,120.33416699489833,15.622386063083084,10
3263,120.33785653386978,15.622938113454728,10
3264,120.34061328819004,15.620389785622109,10
3265,120.34919435467073,15.61046502728767,10
3266,120.35085243856659,15.610989758329183,10
3267,120.4052798229581,15.663852109845347,10
3268,120.41022447768592,15.665522767175492,10
3269,120.41684451580848,15.66957579549794,10
3270,120.43036286120181,15.650517191362164,10
3271,120.48523735569654,15.668276067444632,10
3272,120.5406585025842,15.583076384824473,10
3273,120.58901933929016,15.494844549763107,10
3274,120.6405245408233,15.50238823119328,10
3275,120.69100111515301,15.565565465364882,10
3276,120.74254916184671,15.608024183764288,10
3277,120.79178119863586,15.655102239089425,10
3278,120.90319494282646,15.739942832237405,10
3279,120.95928696540719,15.803984273004419,10
3280,121.01889057718469,15.862105825779075,10
3281,121.08155632208123,15.904400573998323,10
3282,121.08602428888837,15.904730625130053,10
3283,121.1556202296614,15.93357837106049,10
3284,121.16207946507299,15.932306451467364,10
3285,121.21903242294147,15.97553186253287,10
3286,121.27067686685818,16.040699734589538,10
3287,121.28070152358967,16.030260989689044,10
3288,121.37499095432307,16.056345337566263,10
3289,121.44096358210898,16.03252352259626,10
3290,121.44298829812473,16.03253661263639,10
3291,121.45520429628979,16.029809046097693,10
3292,121.45743243317854,16.029709414393718,10
3293,121.46257850022258,16.034345813902068,10
3294,121.48524865142797,16.043885570835485,10
3295,121.50076190475049,16.042816185387874,10
3296,121.50458889240494,16.039716564674166,10
3297,121.55126179522017,16.011792823823487,10
3298,121.55811827824093,16.011784887548455,10
3299,121.5632757681362,16.015804912563603,10
3300,121.56602436375888,16.015044087546638,10
3301,121.57540799353092,16.010729319601847,10
3302,121.62597118774468,16.065303464014118,10
3303,121.67162318260125,16.109628765397026,10
3304,121.71903967092064,16.153810819083528,10
3305,121.76952272204157,16.205016727792042,10
3306,121.77163591654369,16.204988359797174,10
3307,121.77840196979164,16.20386688291053,10
3308,121.82701150594521,16.209480095899405,10
3309,121.88007643153205,16.262454425587904,10
3310,121.88359090589161,16.26319190527919,10
3311,121.88628997942718,16.26307604611462,10
3312,121.89297019384995,16.267906393936755,10
3313,122.04025603177342,16.18201724144929,10
3314,122.04812361566754,16.17828111757991,10
3315,122.06022064478248,16.180706843106723,10
3316,122.06256588716784,16.180508815592095,10
3317,122.06869077899621,16.174683839268095,10
3318,122.0709911750062,16.174896448524645,10
3319,122.15889132912878,16.179514986940582,10
3320,122.24283594965914,16.18326391788882,10
3321,122.29877290393294,16.170930905790183,10
3322,122.36708442669787,16.16932107873549,10
3323,122.3695961306054,16.170333917471865,10
3324,122.38152300527452,16.181930313662818,10
3325,122.39121833820704,16.185965349217973,10
3326,122.3949530173813,16.186336139320204,10
3327,122.40318864090088,16.19242599181919,10
3328,122.4139391845583,16.19185148797775,10
3329,122.46618857448655,16.248686023818976,10
3330,122.46901074677521,16.247494003095838,10
3331,122.51651359313337,16.310934770557143,10
3332,122.56391537180271,16.22864377379936,10
3333,122.62433883777194,16.24957353095631,10
3334,122.63491623241732,16.258185869372046,10
3335,122.69156690331374,16.280883246006127,10
3336,122.69585872941086,16.282227265620815,10
3337,122.74933813481888,16.344565260199303,10
3338,122.83611284314584,16.398383225245887,10
3339,122.83909241798854,16.395862911092035,10
3340,122.84400758776442,16.395161070175753,10
3341,122.85269043775425,16.39481315921498,10
3342,122.87125225573604,16.41045823871449,10
3343,122.8745690603752,16.41007463643561,10
3344,122.87834391775789,16.409622264917118,10
3345,122.88347593926446,16.41066568717757,10
3346,122.89888883454213,16.39861039719717,10
3347,122.99462625661644,16.371478426494793,10
3348,123.03975554198882,16.420297266888188,10
3349,123.0877908215374,16.403340273256365,10
3350,123.09162925772391,16.405587149177027,10
3351,123.17055282878565,16.421443291752276,10
3352,123.17565643589921,16.42075775254755,10
3353,123.19895253321461,16.4382925858742,10
3354,123.2126888787783,16.446266238356614,10
3355,123.21679674425725,16.446393449036936,10
3356,123.2681406230773,16.500485705596425,10
3357,123.3629750874697,16.559334438844722,10
3358,123.37671951649932,16.56031780656765,10
3359,123.37807763121369,16.561036013677374,10
3360,123.38230947095039,16.557437439306835,10
3361,123.4325157427485,16.559208077029936,10
3362,123.4392028574589,16.561348610149853,10
3363,123.57792978990877,16.61619050625079,10
3364,123.6254417331318,16.621609399607248,10
3365,123.63058078187585,16.617972684554758,10
3366,123.63190091495196,16.617209785126704,10
3367,123.64057657186747,16.610998288242325,10
3368,123.64526585923223,16.6119134929655,10
3369,123.64777549915577,16.610566031078378,10
3370,123.69969568754887,16.585836976665536,10
3371,123.75409012181687,16.582954015502974,10
3372,123.75771090761668,16.582312375551982,10
3373,123.84649552676015,16.554929331688104,10
3374,123.94026211167552,16.563307052097706,10
3375,123.94496395826825,16.56486458743165,10
3376,123.99264131338948,16.56665005623277,10
3377,124.04095865233258,16.57679950729819,10
3378,124.04671234696939,16.58058982843035,10
3379,124.05171759036605,16.580830158155138,10
3380,124.05765300535447,16.584101987063608,10
3381,124.0648946551876,16.583991179165185,10
3382,124.07912077164485,16.576998940342705,10
3383,124.09280307553433,16.561573613761635,10
3384,124.14845993993688,16.548755467211926,10
3385,124.23636267710579,16.46676359661967,10
3386,124.28521327461071,16.527556543161168,10
3387,124.31462856922153,16.56099476285949,10
3388,124.3159453249671,16.560360508448646,10
3389,124.36762261905498,16.615596039629594,10
3390,124.40964233365416,16.62334957011118,10
3391,124.4693088841254,16.632375346169155,10
3392,124.48310014216392,16.63604248084487,10
3393,124.52952847226872,16.56300051669036,10
3394,124.57351301168273,16.574977874482204,10
3395,124.67370604180796,16.49423203633845,10
3396,124.72766131306564,16.407499618083254,10
3397,124.7310791536205,16.40721586688034,10
3398,124.74658441950763,16.408505493152187,10
3399,124.79491622600442,16.32562396024136,10
3400,124.86675788310058,16.26222449666632,10
3401,124.95727756716069,16.1506454508998,10
3402,125.00712177921102,16.15957954936644,10
3403,125.00900616635336,16.16017523444489,10
3404,125.06220684448758,16.171601541025506,10
3405,125.06652330478752,16.171237017470045,10
3406,125.07464612187614,16.17844087292766,10
3407,125.12391254285853,16.148907893062475,10
3408,125.1447062693253,16.1562532112165,10
3409,125.1509570603644,16.161126562956813,10
3410,125.15601083539791,16.16304677541099,10
3411,125.20724540185059,16.137179395405134,10
3412,125.2202371242469,16.13988765821631,10
3413,125.23051369132527,16.13121420663868,10
3414,125.36372103872095,16.19884185257189,10
3415,125.36951653367763,16.20216165878506,10
3416,125.4682205281216,16.224352797616497,10
3417,125.47216074542595,16.226940643338622,10
3418,125.52387552689808,16.236738222336903,10
3419,125.6178864073315,16.301719030050887,10
3420,125.67073594243166,16.310149621869698,10
3421,125.67872611846019,16.311951007228846,10
3422,125.68868664659344,16.31520760729479,10
3423,125.6926791569548,16.317346360670065,10
3424,125.70078554106848,16.316417672451667,10
3425,125.74934250987499,16.29038609609304,10
3426,125.75779336678315,16.29064551046645,10
3427,125.75923554935744,16.289643941126876,10
3428,125.7626152299941,16.289757340532294,10
3429,125.77976670697137,16.29354046367559,10
3430,125.78450130024291,16.292707208563254,10
3431,125.79987066946532,16.286664366264134,10
3432,125.80597102159223,16.29126629915552,10
3433,125.81191177089468,16.29338375525648,10
3434,125.86748738526651,16.312801825770844,10
3435,125.8812423230365,16.308290277674086,10
3436,125.88983792620085,16.313359993521285,10
3437,125.95538244093245,16.3033452594887,10
3438,125.95881962985834,16.304108329668097,10
3439,125.97736598731282,16.311124548062672,10
3440,125.98721212232847,16.311482468628842,10
3441,125.98997849386633,16.311429684726257,10
3442,126.04320915501303,16.32851889225818,10
3443,126.04560430623818,16.330518229508776,10
3444,126.12388100821256,16.38614124434679,10
3445,126.18113031046262,16.44593301761673,10
3446,126.23744413508223,16.49879192583804,10
3447,126.24959258419294,16.49934252889522,10
3448,126.25159332031194,16.500443954872644,10
3449,126.28664503780139,16.508908489771258,10
3450,126.29143162407945,16.506990571685172,10
3451,126.29441136920532,16.505281355013896,10
3452,126.33025957287859,16.441220221712065,10
3453,126.33559856629441,16.44498202540271,10
3454,126.41141278967162,16.369479811509525,10
3455,126.51034278196232,16.304167125169517,10
3456,126.56772005561166,16.228973950809298,10
3457,126.58010725694461,16.22664010916005,10
3458,126.58604662164157,16.230529765300307,10
3459,126.6078614806906,16.223855451408145,10
3460,126.65588676764756,16.142692427519712,10
3461,126.66222721949723,16.144547175802227,10
3462,126.670622638462,16.150551933335414,10
3463,126.68761589750007,16.151862379172908,10
3464,126.69163036532957,16.152802886475282,10
3465,126.78690961681244,16.20341309050511,10
3466,126.84492997093507,16.247340373337465,10
3467,126.85162859135023,16.24446015200495,10
3468,126.85430050545912,16.244455730262224,10
3469,126.8595704874665,16.24908674984225,10
3470,126.86333802739323,16.24950197386547,10
3471,126.87078567145002,16.25512408820369,10
3472,126.92815499637807,16.171016422515944,10
3473,126.94116830453126,16.178287051101446,10
3474,126.94539742876331,16.17481024949243,10
3475,126.95510403714782,16.17203777631872,10
3476,126.957349608504,16.170184002057074,10
3477,127.00541902388719,16.086746459778656,10
3478,127.01578793546659,16.089397084727302,10
3479,127.01631527263274,16.089410272282983,10
3480,127.02448685137776,16.080674697235292,10
3481,127.07321768368115,16.077055313079118,10
3482,127.13464508022278,15.994721914870885,10
3483,127.1400352899971,15.997058995954859,10
3484,127.14740356854777,15.987346687166928,10
3485,127.1507084014657,15.988541042854747,10
3486,127.15681412423922,15.983248441257984,10
3487,127.15771726439945,15.983086485886632,10
3488,127.20986610329028,15.989694259955144,10
3489,127.21290297843893,15.990816034232354,10
3490,127.22070147039433,15.995022162850898,10
3491,127.23335041480686,15.997818061469546,10
3492,127.23519801086104,15.998465177016882,10
3493,127.23761817928487,15.99807608012773,10
3494,127.24601596314244,15.999120685225169,10
3495,127.249213393617,15.999308768529191,10
3496,127.25082315932465,15.999599467161358,10
3497,127.25874224581253,16.007655675763846,10
3498,127.26246314683081,16.008919489666855,10
3499,127.26723973938078,16.008897545458062,10
3500,127.26962508529384,16.009240458600686,10
3501,127.27315895338309,16.01027568205422,10
3502,127.27765993867622,16.010970529374305,10
3503,127.27970287786093,16.01001533849468,10
3504,127.28277770220897,16.010704544792613,10
3505,127.28733278762721,16.01036223983069,10
3506,127.29272127901402,16.013726881173984,10
3507,127.2971928249968,16.008486896450712,10
3508,127.30945323964723,16.018829839896437,10
3509,127.31931943279801,16.018508273242507,10
3510,127.32087787644029,16.019140240778306,10
3511,127.32925125509425,16.01375643641659,10
3512,127.3356103541925,16.012117626920606,10
3513,127.33804568488192,16.01282462362569,10
3514,127.39164233129713,16.065071007199474,10
3515,127.42767482910351,16.069303729245593,10
3516,127.52997367097194,16.08852719117156,10
3517,127.53779330540542,16.08953708230987,10
3518,127.65899808339805,16.202265577361505,10
3519,127.67277585777092,16.21267886809287,10
3520,127.7837902693728,16.30571601269658,10
3521,127.78894376811452,16.308034714838392,10
3522,127.80113044396316,16.30802402598948,10
3523,127.80386502289794,16.30917052964258,10
3524,127.80592144575635,16.30886482125783,10
3525,127.81369238437446,16.31022569174949,10
3526,127.81686586572485,16.31058955684494,10
3527,127.81801928534196,16.31001993507456,10
3528,127.86892536312739,16.283629282409308,10
3529,128.01262356129553,16.19285057495609,10
3530,128.01708963668253,16.195956854696508,10
3531,128.07378547208486,16.2015543522036,10
3532,128.08340196925948,16.19603299169993,10
3533,128.13509102569213,16.20841865052996,10
3534,128.1447218871506,16.210259855549257,10
3535,128.14981470852322,16.203133300573825,10
3536,128.20029277173234,16.183223237152834,10
3537,128.20597946146302,16.18302982845529,10
3538,128.21221836932378,16.185575786043536,10
3539,128.30519236098422,16.216934109941715,10
3540,128.40000224069746,16.325479147247453,10
3541,128.40579183689067,16.32157383975694,10
3542,128.45823092802544,16.316837799195557,10
3543,128.46135153608128,16.31681200732311,10
3544,128.46401521255373,16.315308678863417,10
3545,128.48478088714205,16.316965140266543,10
3546,128.49992967868994,16.314915797033503,10
3547,128.5079859496803,16.308867438266553,10
3548,128.57492132715907,16.28018062615528,10
3549,128.58274681653728,16.281165162394082,10
3550,128.6306538849545,16.278399854209837,10
3551,128.69710255401833,16.25672072658334,10
3552,128.70037262190937,16.25805507819186,10
3553,128.753518476992,16.308324347175244,10
3554,128.8051695711776,16.31036620829423,10
3555,128.90819551392877,16.33991555324826,10
3556,128.91508865852325,16.339780336410257,10
3557,128.91828123684473,16.34171462408376,10
3558,128.92199725209315,16.342324054194783,10
3559,128.9700297423567,16.260209404203685,10
3560,128.97317067271467,16.263048446867735,10
3561,128.98292326988212,16.262130417855555,10
3562,128.99639861523934,16.2672528887811,10
3563,129.09726723491445,16.170694492228495,10
3564,129.10324999786772,16.162563035323874,10
3565,129.11167302983807,16.170089913174188,10
3566,129.1182905124218,16.169756269145758,10
3567,129.1200441885832,16.170369704693773,10
3568,129.20847305859417,16.19781137917311,10
3569,129.22065844622708,16.209366752573402,10
3570,129.28108661522896,16.273384197469298,10
3571,129.32747830194998,16.251047343922597,10
3572,129.38013178867214,16.270117280840697,10
3573,129.40327634452643,16.274402652364614,10
3574,129.45286772426536,16.194354148025635,10
3575,129.49923213246922,16.172134137953837,10
3576,129.50914907074386,16.17332313910428,10
3577,129.53339748833977,16.17894825054328,10
3578,129.5470758058486,16.18415337323981,10
3579,129.64382659600946,16.177924491204593,10
3580,129.69709655531614,16.162773571656928,10
3581,129.7464323973682,16.169293315125152,10
3582,129.78345037945857,16.21073583410638,10
3583,129.7911359494172,16.214100369630156,10
3584,129.89600141353256,16.28271476148053,10
3585,129.94484351626156,16.291498353060334,10
3586,129.98366706255428,16.296389947371388,10
3587,130.02180575150223,16.305542270839272,10
3588,130.03191788094722,16.309371325260162,10
3589,130.03816281331154,16.315853806368555,10
3590,130.0463417119431,16.31721392430771,10
3591,130.06363438106965,16.329655872847834,10
3592,130.06744898410034,16.331093721955355,10
3593,130.07387267546,16.332741921960032,10
3594,130.08897400676446,16.31224381437391,10
3595,130.14593534419043,16.37425168359242,10
3596,130.25786524236386,16.360145902329617,10
3597,130.26334084551877,16.360717961896217,10
3598,130.3130837908892,16.41743541965221,10
3599,130.31993233340634,16.42330572309718,10
3600,130.32581311234063,16.42749932093886,10
3601,130.332979820969,16.428325102069792,10
3602,130.38449426841728,16.4405613979764,10
3603,130.4264920871502,16.45004848917646,10
3604,130.42994667721024,16.450091656796086,10
3605,130.436071605831,16.455962316098876,10
3606,130.4950660771614,16.387947692229307,10
3607,130.49821520479244,16.386005086023836,10
3608,130.5139723386501,16.400607374070596,10
3609,130.56287083816127,16.31997004515317,10
3610,130.56650505436625,16.321006269417136,10
3611,130.61619286257945,16.367551138235296,10
3612,130.6206277355307,16.36932694991907,10
3613,130.63143252970823,16.368545305454493,10
3614,130.63598968077184,16.368947488059902,10
3615,130.63851246601934,16.36846958629183,10
3616,130.64348460107658,16.371018809527282,10
3617,130.6478672133285,16.371613337120575,10
3618,130.652924748419,16.372991567184872,10
3619,130.6546981364017,16.373582056485343,10
3620,130.66656001819825,16.373825580183947,10
3621,130.67202538675647,16.375518920269844,10
3622,130.73002331051046,16.430739511392307,10
3623,130.78125627452158,16.35363512263786,10
3624,130.830719325465,16.27514919684216,10
3625,130.83848841054666,16.276243572729445,10
3626,130.8878248532447,16.287907307407025,10
3627,130.95237188853318,16.273482124222973,10
3628,131.00159959912483,16.26970553199658,10
3629,131.00496600856218,16.269032857034063,10
3630,131.05104871183832,16.28442859373874,10
3631,131.053614948141,16.28470334426312,10
3632,131.06002277212013,16.286303341237065,10
3633,131.10806913296892,16.34246795169756,10
3634,131.11869746082033,16.33858460291541,10
3635,131.12790517860248,16.340326960414206,10
3636,131.13147618097702,16.341152129110892,10
3637,131.13656267059974,16.344465326400087,10
3638,131.15215269278661,16.349313354608807,10
3639,131.20276111632407,16.40588981352775,10
3640,131.25282720819376,16.462403593466192,10
3641,131.34929441038497,16.523469738229387,10
3642,131.4057751592434,16.52281727844795,10
3643,131.40975523161282,16.525064223942557,10
3644,131.41320451160772,16.524889748340545,10
3645,131.46901884341509,16.53318644279671,10
3646,131.5189261370354,16.539924142618702,10
3647,131.5673102298057,16.547456946883955,10
3648,131.57098938269831,16.546748956450003,10
3649,131.58155556531725,16.548888435787344,10
3650,131.5827388943704,16.548310329968473,10
3651,131.63375424155615,16.562359135652276,10
3652,131.65221201474682,16.56870462916418,10
3653,131.65480684489583,16.567705112203242,10
3654,131.7072584545554,16.590935764676022,10
3655,131.71872271930528,16.58250238650902,10
3656,131.77934898482778,16.553396388883886,10
3657,131.7879594725476,16.55325351496812,10
3658,131.79037841496324,16.553672372259236,10
3659,131.800457804337,16.555761056101186,10
3660,131.803908991052,16.556134466516077,10
3661,131.85715880990358,16.4748648001768,10
3662,131.85995763485258,16.474202541258766,10
3663,131.9152787087623,16.40013077240994,10
3664,131.97021416950832,16.329393598624716,10
3665,131.97294333361302,16.329738950865696,10
3666,132.0311835334966,16.327274331550573,10
3667,132.07483099865436,16.363419779766815,10
3668,132.08399645389068,16.36279527676959,10
3669,132.08691590168587,16.362975330770457,10
3670,132.09240260544675,16.368859487741364,10
3671,132.14125728818135,16.296969367215194,10
3672,132.14348819819702,16.297760956763348,10
3673,132.15279823054843,16.304948074270325,10
3674,132.16232566873987,16.306999622844927,10
3675,132.17549463763007,16.319609022471834,10
3676,132.1780278598693,16.320914506344995,10
3677,132.23365804591646,16.374066982290177,10
3678,132.32819237099218,16.422442881571712,10
3679,132.38484337939354,16.394777672660368,10
3680,132.43630623033758,16.32079089259961,10
3681,132.53586849479657,16.324861184823646,10
3682,132.53762882815255,16.325078814186863,10
3683,132.5403881800213,16.325207284448446,10
3684,132.5930241702668,16.32102478133191,10
3685,132.6325520214243,16.34390477282706,10
3686,132.7088339319472,16.360842876145952,10
3687,132.81080536346525,16.371792717404265,10
3688,132.84362626504537,16.380863092449868,10
3689,132.8942332138528,16.380262632090794,10
3690,132.93053803251595,16.397023697588242,10
3691,132.97999659347587,16.4529299124623,10
3692,132.98495052729604,16.45396673420473,10
3693,133.0431466069046,16.426674902964837,10
3694,133.05308527718836,16.43022569437489,10
3695,133.10603832915731,16.437707830594803,10
3696,133.10954510633886,16.437273941206914,10
3697,133.11278855477775,16.438491125876066,10
3698,133.29568401179333,16.405748194712995,10
3699,133.35051881009363,16.31918160058629,10
3700,133.4474005954367,16.292293069577354,10
3701,133.50808275796845,16.273201590635185,10
3702,133.51015200264322,16.272713605134683,10
3703,133.51412912867553,16.27640113802645,10
3704,133.5153620815701,16.276573817343998,10
3705,133.5601349816665,16.27697855874531,10
3706,133.61519189084362,16.281651390032902,10
3707,133.6218818111605,16.273553951222183,10
3708,133.6252806447808,16.27251200347192,10
3709,133.72013801805662,16.231221825294405,10
3710,133.76821639866654,16.282722334757878,10
3711,133.81827561500603,16.341328088399614,10
3712,133.87308544677222,16.401781160992215,10
3713,133.92592492775412,16.460291909105788,10
3714,133.97847635049555,16.520980293229204,10
3715,133.98181833520272,16.51991749452354,10
3716,133.98620305832955,16.520355849331594,10
3717,133.9957190538254,16.527671152195694,10
3718,134.05236496113804,16.588187940042832,10
3719,134.1011188462911,16.651184181031933,10
3720,134.151524186505,16.656389216029527,10
3721,134.1674930867485,16.654777165097183,10
3722,134.2189166584988,16.721115307590168,10
3723,134.22462552686414,16.723109417577867,10
3724,134.28439298144716,16.79188080722776,10
3725,134.29924600168334,16.806152755523282,10
3726,134.3004563182261,16.80601724807061,10
3727,134.34981919359637,16.874005246560174,10
3728,134.3593039843227,16.883339832191492,10
3729,134.36404621065603,16.8862568096453,10
3730,134.41400866205626,16.939038787661914,10
3731,134.41622489512878,16.938239483353616,10
3732,134.41870704900612,16.935117901771367,10
3733,134.41945489901656,16.934874023302598,10
3734,134.42527025320516,16.928540589570908,10
3735,134.487482576138,16.854777697319125,10
3736,134.49433587242632,16.849142805665853,10
3737,134.50633704546226,16.845616149751553,10
3738,134.51396836081136,16.84914322809063,10
3739,134.5236289017504,16.8507360294804,10
3740,134.52856534791346,16.8455044515961,10
3741,134.53075330178424,16.845628272819535,10
3742,134.55077095998428,16.86386787918402,10
3743,134.5716357794576,16.862590974449912,10
3744,134.57388315076872,16.86316004138985,10
3745,134.62259551313295,16.83736685147298,10
3746,134.66962175959264,16.754788888068767,10
3747,134.68097466184125,16.748850634497227,10
3748,134.69713085396975,16.748389332587717,10
3749,134.74769973497692,16.72580232752981,10
3750,134.75930574055855,16.73605671287596,10
3751,134.77818239030609,16.75068307554775,10
3752,134.82884469747646,16.72611514288861,10
3753,134.83798794614322,16.729511867181344,10
3754,134.8444937214444,16.731708363750286,10
3755,134.85634141219438,16.73571761716998,10
3756,134.85802210084773,16.73539681203705,10
3757,134.86567201565364,16.74482758962062,10
3758,134.87912293812255,16.748399321548657,10
3759,134.8907262606617,16.76365066795989,10
3760,134.8925974643408,16.76315012280609,10
3761,134.90252097387398,16.770268143169194,10
3762,134.91795157546966,16.78122916028757,10
3763,134.98717314557703,16.78304281764381,10
3764,135.02873600672575,16.792564890676264,10
3765,135.0335029376653,16.79718522873531,10
3766,135.03590804305534,16.797635327402343,10
3767,135.03830733663295,16.79858389817784,10
3768,135.12355603501402,16.77628251918908,10
3769,135.13801807637216,16.7759573650641,10
3770,135.23593746588426,16.764436649953392,10
3771,135.241692077693,16.769558455799423,10
3772,135.34762721728166,16.758653219742193,10
3773,135.40377249123907,16.774545694719343,10
3774,135.40968563979098,16.775252275140673,10
3775,135.46620211106296,16.698823748700853,10
3776,135.46704014549456,16.698914793166768,10
3777,135.51670471316476,16.681865948674353,10
3778,135.61134987175208,16.61789899442011,10
3779,135.6240782280017,16.60410031754356,10
3780,135.6514372455295,16.608191337174844,10
3781,135.71110516374443,16.516333318420248,10
3782,135.7230663285441,16.523547007634676,10
3783,135.776240665304,16.52336950481499,10
3784,135.88128925507678,16.425539070880788,10
3785,135.88715060153223,16.423370081777495,10
3786,135.89010175992001,16.417880043171596,10
3787,135.93956242388012,16.463986544089998,10
3788,135.99695132231972,16.510747953508645,10
3789,136.01025703325914,16.523234269199573,10
3790,136.01396199138932,16.520178809852347,10
3791,136.0244919007236,16.50614083973257,10
3792,136.02861903626257,16.505317843441357,10
3793,136.08426378866724,16.432443371105308,10
3794,136.13059702910766,16.41367953825692,10
3795,136.22983650104578,16.36899451294576,10
3796,136.28623623394253,16.423532522153334,10
3797,136.3083980637798,16.421663428319345,10
3798,136.31379614428533,16.422457839847468,10
3799,136.32035156245598,16.426738125847503,10
3800,136.32232832353282,16.425040599092295,10
3801,136.33277586504212,16.430700926960903,10
3802,136.38250152879766,16.441708407070276,10
3803,136.39253473657152,16.42820753633688,10
3804,136.40303947475107,16.43377585000135,10
3805,136.41277324576245,16.439968292807965,10
3806,136.5100088905472,16.28097122018948,10
3807,136.51569591002814,16.282012118132517,10
3808,136.51819664798396,16.28109580470558,10
3809,136.56567608428506,16.264421683139272,10
3810,136.56741667395337,16.26423941332113,10
3811,136.58468389025956,16.259131419521612,10
3812,136.59761186452198,16.261564447902558,10
3813,136.6031407278604,16.261050898963685,10
3814,136.65185429023808,16.30457432265231,10
3815,136.65607556399013,16.303075201860587,10
3816,136.65738012438248,16.303604170242636,10
3817,136.66720532080927,16.30591728634838,10
3818,136.66867195174783,16.305912588481256,10
3819,136.7162696643971,16.21505074758431,10
3820,136.73247196782944,16.220273080222658,10
3821,136.78164955984522,16.14164840267192,10
3822,136.79150468154293,16.141609218734242,10
3823,136.83922147301485,16.205817069514584,10
3824,136.93407432590524,16.320431252092767,10
3825,137.01049696686107,16.366425253409716,10
3826,137.02600897252643,16.37296169642549,10
3827,137.04499147915087,16.395322590058996,10
3828,137.09495499814275,16.449222959112628,10
3829,137.14614550777407,16.500301287414995,10
3830,137.16053404326928,16.517067082762185,10
3831,137.22682425916446,16.56200312281424,10
3832,137.27863095909953,16.480850819144628,10
3833,137.30339146823118,16.50659966114482,10
3834,137.30765095893122,16.506357592194863,10
3835,137.31049229934555,16.505532214510318,10
3836,137.31727082379402,16.507885673413977,10
3837,137.36667660913446,16.56393571559243,10
3838,137.46237329458665,16.59873868053883,10
3839,137.51775145844826,16.586571605429192,10
3840,137.52216524098543,16.58788365670335,10
3841,137.52933659730832,16.579882762001514,10
3842,137.53043665090192,16.579675948480748,10
3843,137.53864688519656,16.581842117041163,10
3844,137.59494944392176,16.639755115720824,10
3845,137.59772240411468,16.639778555116568,10
3846,137.61442826955528,16.641743678641937,10
3847,137.66836087782144,16.630411444927635,10
3848,137.7094116090847,16.676120778263048,10
3849,137.71953460447884,16.672609930980524,10
3850,137.72364003900427,16.671617230757185,10
3851,137.73238132756896,16.6709063300043,10
3852,137.73817931502919,16.670299562129593,10
3853,137.7421565690068,16.670559932112994,10
3854,137.74924625318823,16.66882900740957,10
3855,137.77099343622922,16.663956840130673,10
3856,137.7720294598733,16.663880121481675,10
3857,137.77446567031174,16.66560817429484,10
3858,137.77775231206311,16.665085186221678,10
3859,137.8075761056051,16.61161274318093,10
3860,137.81220952390223,16.61483847940005,10
3861,137.86299401663766,16.621383736046816,10
3862,137.90460081226175,16.56614620299774,10
3863,137.91301687254017,16.565215531483577,10
3864,137.9172295626319,16.56761392667606,10
3865,137.97161464892514,16.499902711925607,10
3866,137.98133293105244,16.49329719202277,10
3867,138.00050004020062,16.486711511603772,10
3868,138.05613151316916,16.492673527424042,10
3869,138.05834524009043,16.493111965806847,10
3870,138.0631930376835,16.492657299293988,10
3871,138.07312828313056,16.4940009254234,10
3872,138.07375132618807,16.493612738555214,10
3873,138.12521219403268,16.419135479307418,10
3874,138.1794975920597,16.468136443200237,10
3875,138.19224900486097,16.474239722752305,10
3876,138.25008879858694,16.531048086943883,10
3877,138.2989897675162,16.589404701431455,10
3878,138.35095772631112,16.518512344698507,10
3879,138.4047537423965,16.581324989421045,10
3880,138.46371617757632,16.51541394330647,10
3881,138.46875441764058,16.514454501980495,10
3882,138.47956164028352,16.518488098474567,10
3883,138.48732057221977,16.52319242025933,10
3884,138.4910930508424,16.523065511790403,10
3885,138.4976168128998,16.519072920139415,10
3886,138.5149866985822,16.535446394068277,10
3887,138.56915030125293,16.46545465615085,10
3888,138.61390729584258,16.401223965787743,10
3889,138.63425510975404,16.398120983828573,10
3890,138.68307685126697,16.442547542467633,10
3891,138.68950303130018,16.444159149612478,10
3892,138.6984418591512,16.445856983761338,10
3893,138.70100242298227,16.44549652696883,10
3894,138.7651547498698,16.49726109960017,10
3895,138.7858258677301,16.494034873792636,10
3896,138.79362911884925,16.493034920259813,10
3897,138.79964446212063,16.492307222362022,10
3898,138.80406329354395,16.490950790470055,10
3899,138.8124558212707,16.496507514347982,10
3900,138.83531362949384,16.475120670273395,10
3901,138.88641374464441,16.536852910664287,10
3902,138.88834763540157,16.53802854821643,10
3903,138.89232773161135,16.539772328033436,10
3904,138.89760087870917,16.540585046332875,10
3905,138.99700553686134,16.478405374346906,10
3906,139.00324932615703,16.48034014625614,10
3907,139.10341984578784,16.418515382712197,10
3908,139.16192953663918,16.40929822405623,10
3909,139.30617212873736,16.36826800479103,10
3910,139.3623857546166,16.36751930984873,10
3911,139.36356079747443,16.36782498648719,10
3912,139.37249694873307,16.367256740192687,10
3913,139.3854782219421,16.370054930451417,10
3914,139.38759901761358,16.370665943476116,10
3915,139.39300173652902,16.368966023155824,10
3916,139.39975355716194,16.367411509422666,10
3917,139.45356795679942,16.354915235037005,10
3918,139.50579050152035,16.28336947212873,10
3919,139.55477709384772,16.271711392924825,10
3920,139.5617910546996,16.2685988596995,10
3921,139.61017921843563,16.330089334465463,10
3922,139.61176413065817,16.33040568590642,10
3923,139.61405516818013,16.33018068337957,10
3924,139.6643007309805,16.38866252158082,10
3925,139.67698871584696,16.39083756683057,10
3926,139.77002335855394,16.359145751611177,10
3927,139.81910454657543,16.36627354065473,10
3928,139.8248295440088,16.368844260422886,10
3929,139.87495407681845,16.43123525518454,10
3930,139.93012902013712,16.49468695273274,10
3931,139.93456294864123,16.4985421858378,10
3932,139.9387562943612,16.49887034039978,10
3933,139.9892219432001,16.501013178499825,10
3934,140.08453202297835,16.557384895038247,10
3935,140.09465235481898,16.56587001886755,10
3936,140.10088377197988,16.568952141104003,10
3937,140.16842022644443,16.560983579697055,10
3938,140.22254694629436,16.555482207539516,10
3939,140.23332076332474,16.5613533364756,10
3940,140.23493321199376,16.560153225317062,10
3941,140.25039174668353,16.56055539496168,10
3942,140.301493243314,16.544117594258815,10
3943,140.3953972519119,16.581230257339485,10
3944,140.4894361019712,16.563185939587193,10
3945,140.4946768448256,16.56621064380298,10
3946,140.505716008445,16.56735932669972,10
3947,140.51071788742655,16.57167106017866,10
3948,140.57232402864662,16.58243294824629,10
3949,140.61725501595782,16.520986065535766,10
3950,140.61945263870626,16.520405626855553,10
3951,140.66538421908095,16.460222737339013,10
3952,140.67137670148477,16.464380017393943,10
3953,140.71676106646902,16.454638883032153,10
3954,140.7208395395244,16.454581679936172,10
3955,140.77210704623207,16.43866299199675,10
3956,140.7747068351568,16.437617794274942,10
3957,140.86020133674992,16.363963308849954,10
3958,140.91027401760346,16.35425257486853,10
3959,140.9596525776191,16.295780378847528,10
3960,140.9699792094122,16.300539746187837,10
3961,140.97349430380456,16.301927752607867,10
3962,141.02334695565028,16.34717230905387,10
3963,141.0263649751026,16.347309497800243,10
3964,141.07870714566343,16.345530233109937,10
3965,141.08233835200733,16.34522137332016,10
3966,141.0845569929382,16.343470692902997,10
3967,141.1345485833379,16.339579440686542,10
3968,141.14470947115615,16.346134751046726,10
3969,141.1554186869273,16.346892307847213,10
3970,141.2312285871276,16.32397324650176,10
3971,141.2804107378459,16.326451485860748,10
3972,141.28443661144595,16.32420009314912,10
3973,141.33380042157034,16.32130090757869,10
3974,141.334868881703,16.320445352066347,10
3975,141.44104889314923,16.388621191311124,10
3976,141.4842425026471,16.378916289280465,10
3977,141.49106899409986,16.382998491633078,10
3978,141.50072038997718,16.382626252891725,10
3979,141.50588252243335,16.382106538499762,10
3980,141.55528638026414,16.31874413446293,10
3981,141.55875755350854,16.317399762233087,10
3982,141.56590563420164,16.323181121149783,10
3983,141.57862450029307,16.32245661105916,10
3984,141.6328453918089,16.324459959302803,10
3985,141.63939596335152,16.330587474264696,10
3986,141.6415640748676,16.330593891973116,10
3987,141.6432914312627,16.330761905959697,10
3988,141.6751598396364,16.331215640544112,10
3989,141.67920131333804,16.334652876382197,10
3990,141.68289682182942,16.336191163585863,10
3991,141.73163896927989,16.339294503413154,10
3992,141.738007593923,16.343112336488343,10
3993,141.74586608697865,16.339719470656878,10
3994,141.74720479773072,16.33962180110509,10
3995,141.80148139987057,16.34292527932307,10
3996,141.81786687740413,16.340996340508525,10
3997,141.87290264415037,16.34575512649193,10
3998,141.87845144401507,16.34678515726655,10
3999,141.89007736773007,16.333739028785033,10
4000,141.93832857990827,16.336373313067625,10
4001,141.98783533609782,16.25256905990192,10
4002,142.0027228200325,16.264898087267742,10
4003,142.00419709186187,16.264097463718645,10
4004,142.00786951557384,16.263601863418128,10
4005,142.0183757105944,16.263877257037155,10
4006,142.11315295374,16.184270970454016,10
4007,142.1615324197623,16.188861013763454,10
4008,142.1684804175276,16.193991573223034,10
4009,142.17936543255823,16.176917639511505,10
4010,142.2326774104102,16.177977302822164,10
4011,142.23453026121425,16.1762090655184,10
4012,142.2845100556799,16.22334544960645,10
4013,142.3363130599994,16.21153984078897,10
4014,142.39113084269476,16.22020876496295,10
4015,142.4445042199564,16.230344510158382,10
4016,142.4952813700874,16.27641300281472,10
4017,142.58352625419047,16.2826186308479,10
4018,142.58905472973814,16.283776631923736,10
4019,142.59419565494548,16.288151022558875,10
4020,142.6033954750617,16.288745509953948,10
4021,142.61562764139597,16.29472753741138,10
4022,142.6648662008943,16.303989182348687,10
4023,142.6755106243159,16.28913388941355,10
4024,142.76486082079552,16.34173971241613,10
4025,142.76695382136162,16.34174192327586,10
4026,142.78331485441788,16.344532453830997,10
4027,142.83307769253014,16.405876151226046,10
4028,142.84073333978398,16.408233149839347,10
4029,142.9372733609087,16.39537402944059,10
4030,142.9461041368775,16.393081840671744,10
4031,143.00771018245973,16.39229056051722,10
4032,143.0126125352726,16.39002729401506,10
4033,143.01777373834403,16.39399869185644,10
4034,143.02478546213874,16.40203670347564,10
4035,143.02589536089505,16.401210429887723,10
4036,143.03364119532904,16.397240867577434,10
4037,143.03651989577773,16.39469253844555,10
4038,143.0955093492323,16.405163708288473,10
4039,143.19257373003327,16.4774728521227,10
4040,143.252415258226,16.464723349470695,10
4041,143.26840508443874,16.46447138176693,10
4042,143.2778636876252,16.466585608482724,10
4043,143.38841560439073,16.484963130280157,10
4044,143.39729880306038,16.486552556181184,10
4045,143.40763310700376,16.48953129441423,10
4046,143.4642872835713,16.421772346819854,10
4047,143.47015113429865,16.421908431315966,10
4048,143.52874046588062,16.35190548664957,10
4049,143.53320806094396,16.356034090455147,10
4050,143.58375797221424,16.340916777551733,10
4051,143.63241269957652,16.348602187305538,10
4052,143.68046425807407,16.335729025814352,10
4053,143.68622404985018,16.333291423432303,10
4054,143.73498417492448,16.380491547083647,10
4055,143.80057643216392,16.305490347464705,10
4056,143.89678927185247,16.204724781792844,10
4057,143.94655962484742,16.204908650800572,10
4058,143.9503570094001,16.204794953999443,10
4059,143.9656491026648,16.17586180317251,10
4060,143.96698981406246,16.17515401493254,10
4061,143.97512417591804,16.165835219493715,10
4062,143.9845498961078,16.149118853069474,10
4063,143.98792851016043,16.15182140981406,10
4064,144.04430209018463,16.050534345624236,10
4065,144.04667095763836,16.05094139190395,10
4066,144.05195530900215,16.051122755050763,10
4067,144.1488250446803,16.1132103820838,10
4068,144.15301638661614,16.11084929401507,10
4069,144.20870088930351,16.114641007373688,10
4070,144.303972658817,16.0225376306294,10
4071,144.35477506310406,15.921460307122228,10
4072,144.41237636836854,15.925113603259025,10
4073,144.46180635615843,15.93337918551638,10
4074,144.46551826338654,15.936011360113936,10
4075,144.4665455791183,15.935123395334337,10
4076,144.4683164986326,15.93546799581697,10
4077,144.47202733388818,15.934615374775365,10
4078,144.52051661235805,15.944304754494087,10
4079,144.52386164765807,15.94569840667308,10
4080,144.57797007584108,15.952517772420522,10
4081,144.62694607784843,15.854276842919276,10
4082,144.62953710140536,15.85377165220183,10
4083,144.63074883260737,15.853863125946491,10
4084,144.64648526103448,15.849045458793968,10
4085,144.6509455242697,15.846914317046652,10
4086,144.65393422108943,15.848721711814154,10
4087,144.71900805647928,15.852923044233615,10
4088,144.72258408447618,15.854331173561103,10
4089,144.7721402089706,15.86600352769105,10
4090,144.78000235915547,15.868291626006778,10
4091,144.78278917757396,15.867340342200926,10
4092,144.83390625458452,15.875942816081956,10
4093,144.88654415618186,15.893391662238535,10
4094,144.94353078539763,15.907299900643912,10
4095,144.96923682480485,15.920126254552292,10
4096,144.99171768257594,15.92142522447708,10
4097,145.05598208374994,15.821174841681131,10
4098,145.05937255441967,15.821727601309048,10
4099,145.06063751586572,15.822196643849407,10
4100,145.06976613878368,15.825190841876058,10
4101,145.07722228189968,15.825617879385634,10
4102,145.0870043093224,15.828107018092771,10
4103,145.092956821833,15.828789502989432,10
4104,145.140805636309,15.843435440089117,10
4105,145.14684996756358,15.838791517162086,10
4106,145.14922308835747,15.838872987600592,10
4107,145.20193975618434,15.834502813272934,10
4108,145.20347555888173,15.833978639282446,10
4109,145.2112619825052,15.837152448744389,10
4110,145.21712194189297,15.832595067009606,10
4111,145.2224628515873,15.831303185896223,10
4112,145.23419896227625,15.834635216912575,10
4113,145.23592786247815,15.834995154958495,10
4114,145.28615464880403,15.845957192888754,10
4115,145.28849559305485,15.846141331953689,10
4116,145.34040624411745,15.85029609317676,10
4117,145.34438307902536,15.852094394774475,10
4118,145.34511185958937,15.85211377419604,10
4119,145.37074661064702,15.869736497345519,10
4120,145.42310293471252,15.887305796354193,10
4121,145.47660888118202,15.888419330337,10
4122,145.52514949012794,15.949327925915826,10
4123,145.54321704329445,15.95531935092262,10
4124,145.54579099879479,15.954964065240626,10
4125,145.54928171583887,15.956972847950546,10
4126,145.55404274296544,15.958673023198672,10
4127,145.6141951685256,15.975270088266074,10
4128,145.628435155129,15.978803592798146,10
4129,145.64480951033858,15.982553077233876,10
4130,145.70631050190997,16.03106503348495,10
4131,145.7070340276682,16.030829405207328,10
4132,145.72075553735328,16.04151779078183,10
4133,145.7259205120253,16.04181163917039,10
4134,145.7791745857865,16.044204720798238,10
4135,145.79436553478376,16.049628922257284,10
4136,145.81457719041128,16.060876317488333,10
4137,145.90594870585096,16.08839056549453,10
4138,145.9696838754314,16.085110768686842,10
4139,146.01913403892428,16.129260411131845,10
4140,146.02189477822824,16.129454275289465,10
4141,146.02823780575204,16.13364614204056,10
4142,146.07937103082992,16.110842171731047,10
4143,146.09209421477186,16.11492953230856,10
4144,146.0962897130217,16.118456404600074,10
4145,146.14428012501932,16.16294188836103,10
4146,146.1535724266795,16.166870981925406,10
4147,146.15568566657956,16.167738428347967,10
4148,146.21331758386492,16.102326406170533,10
4149,146.2679621304756,16.149080076905076,10
4150,146.2764781191026,16.14916001754233,10
4151,146.28160693745238,16.153914947303736,10
4152,146.3767707412569,16.201349324344353,10
4153,146.38058540950593,16.197166405153684,10
4154,146.44209001478106,16.24305399449563,10
4155,146.44555318784364,16.239092247123907,10
4156,146.4923415205895,16.14060880530533,10
4157,146.5102578692594,16.139992728358585,10
4158,146.51441182909798,16.140550845899387,10
4159,146.5222715256117,16.147694204348486,10
4160,146.52623143381342,16.148378835247836,10
4161,146.5362387341442,16.151705674518958,10
4162,146.55915851935424,16.129720742502013,10
4163,146.5819135047969,16.12687272419037,10
4164,146.64625320557312,16.184292546957888,10
4165,146.69077714588627,16.19605153933499,10
4166,146.69458540729914,16.195870704674267,10
4167,146.70535991878793,16.192192005659567,10
4168,146.71421398325236,16.1918430993967,10
4169,146.71694820402607,16.1921755768101,10
4170,146.72544997589574,16.193915340027747,10
4171,146.73004444834538,16.197500404814555,10
4172,146.73620630137322,16.202876752933417,10
4173,146.74612279527105,16.20600622310467,10
4174,146.74999235930963,16.206117855214806,10
4175,146.75265410370747,16.2052046123435,10
4176,146.75803382809255,16.21013180743146,10
4177,146.76402286897567,16.20465441926359,10
4178,146.7718382476681,16.210207153513807,10
4179,146.82245192134394,16.222380073807663,10
4180,146.82374878206457,16.221934231947724,10
4181,146.87192059519145,16.207287986375853,10
4182,146.9117338846932,16.21827597897273,10
4183,146.9634035662403,16.273043702508986,10
4184,146.9674937671811,16.268416758006165,10
4185,147.02572713125295,16.330556921480998,10
4186,147.02695409571783,16.330737169351483,10
4187,147.04225910450938,16.305698624164293,10
4188,147.04680780848747,16.306315297148814,10
4189,147.04764702899948,16.305829409224756,10
4190,147.0991651927036,16.36370837229251,10
4191,147.10073229946633,16.364546604334077,10
4192,147.10399035045407,16.363232032383888,10
4193,147.1099774436097,16.36456143405929,10
4194,147.17011800038625,16.424505407069567,10
4195,147.17189705417823,16.424713600693657,10
4196,147.21441141332213,16.341388156761482,10
4197,147.2221149870614,16.34044882058339,10
4198,147.27059479508367,16.398547089414166,10
4199,147.3126116495714,16.41286939893216,10
4200,147.35554240888672,16.42764078197269,10
4201,147.40426874731955,16.477029619808523,10
4202,147.4090586059121,16.472926962847097,10
4203,147.42255840463005,16.448775594856368,10
4204,147.46484653485146,16.4662132724611,10
4205,147.54928662248147,16.567196527134968,10
4206,147.59977047056333,16.61972977608438,10
4207,147.65864156059732,16.67734381657985,10
4208,147.67268734906025,16.683235477090626,10
4209,147.6842802137376,16.687873704999458,10
4210,147.72617319419072,16.738096184950315,10
4211,147.7605633618618,16.777102002399662,10
4212,147.76165501630558,16.776031036314684,10
4213,147.81315338979076,16.832089230096113,10
4214,147.8173335636738,16.830651289181667,10
4215,147.86923810003697,16.887501370771755,10
4216,147.91300205977282,16.896100212452023,10
4217,147.9163804517078,16.897289587430674,10
4218,147.96240167375527,16.9437579416106,10
4219,147.98190140604197,16.950585062562958,10
4220,147.9844528931248,16.949216663141296,10
4221,147.9945845051217,16.958963727735807,10
4222,148.00404530797917,16.95543466534274,10
4223,148.00978745891354,16.95798756586241,10
4224,148.06040439991864,16.97650611489501,10
4225,148.06120312073668,16.97624735210648,10
4226,148.11742326397803,16.96476698771697,10
4227,148.12847551349677,16.966402070769327,10
4228,148.1298200475021,16.96631101157397,10
4229,148.13675369499245,16.964036372813563,10
4230,148.15483953496204,16.940157368542103,10
4231,148.22390563490262,16.954767791060494,10
4232,148.22753063144134,16.95549310714831,10
4233,148.23026433654454,16.955873884375475,10
4234,148.23585620030263,16.956094064894202,10
4235,148.24433872966813,16.943981189129712,10
4236,148.2555868438779,16.951490789736503,10
4237,148.26229874855736,16.951710725334074,10
4238,148.2628982478377,16.95206160889133,10
4239,148.26840009941543,16.949313190393752,10
4240,148.27154161441635,16.94701130593265,10
4241,148.3058771714945,16.889929269207855,10
4242,148.30865107562295,16.89079545222003,10
4243,148.31469477498905,16.887380946234558,10
4244,148.32346427432788,16.887360760384205,10
4245,148.3276659709089,16.886081241821,10
4246,148.37831365810416,16.94687693403903,10
4247,148.42597331422843,16.98322667393745,10
4248,148.43707329976488,16.990891718375046,10
4249,148.44021493743335,16.991177619570596,10
4250,148.45332920656807,16.99486426746578,10
4251,148.45801812560302,16.99472610043669,10
4252,148.47056299028873,16.995140886520158,10
4253,148.4785340235977,17.002808537124434,10
4254,148.49989727259987,17.00696624184929,10
4255,148.5576975164516,17.05153941575214,10
4256,148.55903940823387,17.05105597768052,10
4257,148.60239060621325,17.08807351798047,10
4258,148.61496698719344,17.08681412021661,10
4259,148.74583700562275,17.01484497080701,10
4260,148.8900319533737,16.85838063341596,10
4261,148.94836401681442,16.875582316906694,10
4262,148.96315628289048,16.884806751323243,10
4263,148.97261975228776,16.887619499728903,10
4264,149.02738563155935,16.947497719936052,10
4265,149.03632412406267,16.95215583532313,10
4266,149.03863002145457,16.952021069028376,10
4267,149.08926029493952,16.94935954764884,10
4268,149.097479524534,16.954569747264042,10
4269,149.10146920253194,16.956844679756205,10
4270,149.1500922827658,16.953333530342547,10
4271,149.1537429114332,16.95290318908239,10
4272,149.1568421257769,16.95455328941217,10
4273,149.15973906793693,16.955844289173733,10
4274,149.16441795402446,16.955385806572192,10
4275,149.2192827990581,16.955683550258573,10
4276,149.2218684014628,16.955459342894798,10
4277,149.22436016524003,16.952009705197415,10
4278,149.2746160943158,16.963198620790244,10
4279,149.2783279180639,16.96298457728837,10
4280,149.2929445846865,16.96413093451756,10
4281,149.29933470350628,16.96629140951512,10
4282,149.3987277207827,17.03989786378349,10
4283,149.50184799844087,17.097238825748743,10
4284,149.55218024375887,17.115210253479393,10
4285,149.60525543285715,17.047451943395387,10
4286,149.75131355590284,16.974762818754712,10
4287,149.80284823154972,16.973657787778464,10
4288,149.8069244231938,16.974337856185056,10
4289,149.82770903385952,16.977474024985657,10
4290,149.88032382480245,16.983165607343913,10
4291,149.89359077440355,16.988517932346124,10
4292,149.98553689721695,17.059538693146077,10
4293,149.98945443559495,17.05680561117294,10
4294,150.04016874553136,17.040569665317776,10
4295,150.08786264672284,17.082687972928078,10
4296,150.13858793697898,17.12620364394823,10
4297,150.14542478649247,17.1293804239398,10
4298,150.19335214177184,17.174131866123435,10
4299,150.2358706428368,17.16004782142532,10
4300,150.25019873253132,17.172311216299086,10
4301,150.29112712908758,17.182930705204146,10
4302,150.3412388216648,17.19742757042128,10
4303,150.3888936385422,17.19471598384354,10
4304,150.3968666360434,17.197523807634663,10
4305,150.39895449549536,17.195731176710545,10
4306,150.41666351310928,17.188130312157778,10
4307,150.47211753428303,17.19955014901631,10
4308,150.48210895393987,17.200016458944074,10
4309,150.48760182401952,17.20056179100428,10
4310,150.49663937491306,17.188823301248078,10
4311,150.50996439475708,17.20164635153477,10
4312,150.51794039244487,17.203125075492512,10
4313,150.6136043846303,17.27939965546544,10
4314,150.70999308848175,17.336506051140255,10
4315,150.71542243372147,17.340314952303956,10
4316,150.72228470956787,17.340284529908082,10
4317,150.7368579613173,17.344250641150214,10
4318,150.73975847358307,17.34220722057432,10
4319,150.74414162369212,17.34348636624629,10
4320,150.79627643208332,17.273365959042227,10
4321,150.79738545065328,17.27315822372231,10
4322,150.79997612705753,17.274010519636974,10
4323,150.80680805952557,17.28029448695841,10
4324,150.81498927764417,17.27972304420191,10
4325,150.86846587416508,17.345192533916283,10
4326,150.9252287660166,17.406468735670952,10
4327,150.93144594146693,17.404024286212998,10
4328,150.93356058945545,17.405122320575053,10
4329,150.9354465671227,17.405733134367416,10
4330,150.93747835670507,17.406169726857964,10
4331,150.93862736141003,17.40523170155781,10
4332,150.98214815789353,17.382387157251685,10
4333,150.98574878997132,17.38303517266129,10
4334,150.99360310198804,17.38288756866943,10
4335,151.04351892466875,17.31283436832936,10
4336,151.05013436647695,17.310510538745547,10
4337,151.08750358355317,17.29655226326404,10
4338,151.13595715004885,17.22691501753103,10
4339,151.13986830207332,17.229905492192508,10
4340,151.1483975369792,17.22889987075321,10
4341,151.1558440891238,17.233989350096444,10
4342,151.16136638380289,17.23776109604215,10
4343,151.17059767905295,17.242217710261666,10
4344,151.1780967677608,17.244375844471975,10
4345,151.18046284508392,17.244737669813,10
4346,151.2286657871046,17.144629313884682,10
4347,151.27735126719423,17.082372350706066,10
4348,151.28423786206682,17.088822382279023,10
4349,151.2937887971452,17.085601022384267,10
4350,151.39341890545214,16.987712957672123,10
4351,151.456076691806,16.970433099236605,10
4352,151.50359589018532,16.96996642918313,10
4353,151.6020674239393,16.86851382603006,10
4354,151.6669486704193,16.835030706119145,10
4355,151.75848021713045,16.846092218582527,10
4356,151.81269568422744,16.741414390558766,10
4357,151.82109051020595,16.746640948087514,10
4358,151.84545377360627,16.752496650924336,10
4359,151.8975753143637,16.65230974815043,10
4360,151.9432160887011,16.710017710458178,10
4361,152.03179081497666,16.72669548250186,10
4362,152.03596737371123,16.728644193243415,10
4363,152.04361009289215,16.731041850138183,10
4364,152.05830441932963,16.71726353089884,10
4365,152.06146962776648,16.717539249281586,10
4366,152.06266700037676,16.71778270758687,10
4367,152.0655692524528,16.720225018534645,10
4368,152.15925546940034,16.702970918729452,10
4369,152.18323273882157,16.689192897999735,10
4370,152.23309266083524,16.706173885703535,10
4371,152.24384543564457,16.712421278516015,10
4372,152.340978911965,16.73716920136368,10
4373,152.39427315060297,16.73813848946322,10
4374,152.397877075449,16.73780576528957,10
4375,152.39939152486465,16.737005325006457,10
4376,152.45094353860526,16.79159015887385,10
4377,152.4630708589421,16.799995897865905,10
4378,152.46639516017734,16.801620386039257,10
4379,152.4752804276714,16.808666010812626,10
4380,152.4770145238559,16.809893100613408,10
4381,152.52852110692805,16.710992393775577,10
4382,152.53181351280523,16.713239351257805,10
4383,152.53392652276946,16.712493362725123,10
4384,152.54007627415362,16.714142435601964,10
4385,152.54190034072093,16.714765128587818,10
4386,152.54461333594924,16.715656188733426,10
4387,152.55671488059994,16.71334369729635,10
4388,152.59749757957607,16.72924229179613,10
4389,152.69597613142602,16.70774334004223,10
4390,152.7065995540281,16.70983318778382,10
4391,152.72137470204657,16.711285588332156,10
4392,152.73126771030996,16.707048586258576,10
4393,152.7854452973455,16.61455560625058,10
4394,152.83720733792615,16.657356374695176,10
4395,152.8386365567675,16.658247962582983,10
4396,152.89171307378504,16.562137637029586,10
4397,152.9118054990351,16.571817293929794,10
4398,153.0116584356143,16.58039671579704,10
4399,153.1254849654977,16.611516114391513,10
4400,153.19329632037062,16.658749211529813,10
4401,153.24886432681686,16.674953323493444,10
4402,153.30735702258502,16.67490830431197,10
4403,153.30846806039,16.675027826986305,10
4404,153.37075621868874,16.684101515910765,10
4405,153.4205953870443,16.695381849123798,10
4406,153.4798742060415,16.712671700904068,10
4407,153.48689216028677,16.70313563790661,10
4408,153.4889187676882,16.703208448802187,10
4409,153.49905078689122,16.70658272886781,10
4410,153.5021241055507,16.70770334140521,10
4411,153.50710928522412,16.71255316634592,10
4412,153.51274968055978,16.71279419724412,10
4413,153.60959802639883,16.707827118080385,10
4414,153.6282735226934,16.69325444427545,10
4415,153.63817731506438,16.698932653839652,10
4416,153.68948298740844,16.681218193967418,10
4417,153.69328100069316,16.683654670802127,10
4418,153.79459120078224,16.66184804584751,10
4419,153.8056044927006,16.66679898828898,10
4420,153.8530497181902,16.577399980201882,10
4421,153.86528013958872,16.586056037573822,10
4422,153.867655697626,16.585967563633208,10
4423,153.87062129578183,16.58358377009572,10
4424,153.87352434191925,16.581700900088823,10
4425,153.91847206989763,16.5004946975823,10
4426,153.91993892543547,16.50032114172908,10
4427,153.93069358331235,16.50010116288839,10
4428,153.9351102654451,16.500845259821737,10
4429,153.93992984958055,16.49721568731422,10
4430,153.94497970743035,16.498885727535416,10
4431,153.95031282933283,16.500315980465103,10
4432,153.96391931898694,16.506264243942095,10
4433,153.97374187613758,16.51289280748719,10
4434,153.99274537169038,16.523958514815497,10
4435,153.99789575031664,16.524095877132225,10
4436,154.0032246423345,16.524612843953115,10
4437,154.0070327529973,16.524810193607266,10
4438,154.06492118031275,16.514150768038007,10
4439,154.13050940825082,16.51979408708918,10
4440,154.18605096033716,16.510931846904786,10
4441,154.19040968338874,16.512754373979053,10
4442,154.20993215787522,16.51547867103927,10
4443,154.21543018740198,16.516728484069642,10
4444,154.22058569489366,16.514926755981502,10
4445,154.22744961229444,16.519215720938064,10
4446,154.27699386187814,16.516073852298568,10
4447,154.32945633515277,16.520091297157876,10
4448,154.33254676794536,16.51950601063244,10
4449,154.35034188520075,16.521426262217975,10
4450,154.3539446649034,16.51975266670463,10
4451,154.40093232321846,16.57710935256715,10
4452,154.40533997590626,16.576131759459894,10
4453,154.4131752240121,16.576137968600534,10
4454,154.4179727607429,16.57664270272095,10
4455,154.47917363292476,16.57394579404499,10
4456,154.48172071050104,16.574119507229817,10
4457,154.48435790763034,16.5748312184131,10
4458,154.50242123337665,16.57571402682086,10
4459,154.51201918658825,16.578836361682438,10
4460,154.51478199820068,16.578978028389542,10
4461,154.5210971144503,16.581924211110895,10
4462,154.56592668358365,16.619219323380733,10
4463,154.67336404674646,16.706657550052714,10
4464,154.7218936893141,16.75118528290386,10
4465,154.73182067499522,16.73944024670329,10
4466,154.7852298984558,16.762237636444528,10
4467,154.81334301955496,16.76959442252548,10
4468,154.86098178858907,16.697490133462285,10
4469,154.8923200665374,16.719877632751704,10
4470,154.906779868239,16.72435640084023,10
4471,154.91287233092498,16.729181265177406,10
4472,154.91504472556406,16.73020287919512,10
4473,154.92067387801828,16.73324495107363,10
4474,154.92609767996439,16.736008300118343,10
4475,154.9419520493039,16.72832963288469,10
4476,154.9465540092234,16.724269823923517,10
4477,154.95219425205164,16.723759209584887,10
4478,154.96154381319914,16.72955837264022,10
4479,154.9659497861352,16.73033252826964,10
4480,154.97580661674778,16.7223487062708,10
4481,155.03327157004477,16.781930695381625,10
4482,155.0491780189562,16.78045451315436,10
4483,155.0948272426842,16.83680008790372,10
4484,155.10164553182528,16.839904510063143,10
4485,155.10859108243932,16.838100221952338,10
4486,155.17833306814015,16.77195665112491,10
4487,155.17888587249973,16.771730579866556,10
4488,155.29235471229742,16.72981772736936,10
4489,155.31908253828553,16.756244605440386,10
4490,155.33302399230092,16.745443153115815,10
4491,155.33793930054696,16.74776529277907,10
4492,155.34667723472944,16.750261557077636,10
4493,155.44021960568668,16.812464749184556,10
4494,155.44582274140393,16.815634102131764,10
4495,155.45725801307137,16.823276453676904,10
4496,155.55200601402325,16.841165026985415,10
4497,155.55641024912526,16.840748956277597,10
4498,155.60367825276376,16.893330776101546,10
4499,155.61612176712353,16.897314330521002,10
4500,155.6640946296492,16.916329872016227,10
4501,155.81393034052644,16.899231296078796,10
4502,155.86219140664485,16.80301730367652,10
4503,155.865051053117,16.802246489268185,10
4504,155.91393768200288,16.857584791506042,10
4505,155.9660760195189,16.91700201138552,10
4506,155.9705143657632,16.918640335739447,10
4507,155.97909691784395,16.92743500508877,10
4508,156.03332339498698,16.97982903261953,10
4509,156.03374802095155,16.979995602901948,10
4510,156.04442970334304,16.9814982190193,10
4511,156.0530866978753,16.98693341917076,10
4512,156.06037032318193,16.989184579334644,10
4513,156.07647590221185,16.98581668334715,10
4514,156.08232879912077,16.987891442497233,10
4515,156.08643913241377,16.98806832512296,10
4516,156.1508997300948,17.047017648560903,10
4517,156.15724650997157,17.049178621102346,10
4518,156.1620567302241,17.051468715231575,10
4519,156.21187946391277,17.11372461974976,10
4520,156.22252262488672,17.11549231769953,10
4521,156.2362106637605,17.12643290879334,10
4522,156.2371052463265,17.126640829389135,10
4523,156.29263833823364,17.112048590110597,10
4524,156.29413988186928,17.11272243123577,10
4525,156.29588731696506,17.112086630488562,10
4526,156.30889411172151,17.117581550073055,10
4527,156.36719888409635,17.037218759627596,10
4528,156.4135195792964,17.052510537581945,10
4529,156.42425204804937,17.05363321665863,10
4530,156.48189274106306,17.119934674064933,10
4531,156.4865431529161,17.124478000173237,10
4532,156.48809206097542,17.124931864422066,10
4533,156.49477140480627,17.123335254696016,10
4534,156.58975011807223,17.11631526952576,10
4535,156.59208737569594,17.11795107035587,10
4536,156.5941381742282,17.1198153051043,10
4537,156.5988474468602,17.11913925863777,10
4538,156.6066787406707,17.127482433690343,10
4539,156.61224378168282,17.12954981766339,10
4540,156.6170651996132,17.12836399128693,10
4541,156.6189052911189,17.128445339669966,10
4542,156.62467535618708,17.133972315957823,10
4543,156.63147265681505,17.137285442095045,10
4544,156.63370284179877,17.136908511213484,10
4545,156.6362191140955,17.138245892252133,10
4546,156.6381556006453,17.137182819066542,10
4547,156.64300259873224,17.13123034722946,10
4548,156.65030830425582,17.135524008270192,10
4549,156.6633272824216,17.134820883608743,10
4550,156.66580962182675,17.133645047408912,10
4551,156.66960887717846,17.136407730663617,10
4552,156.67367688216993,17.138148640811877,10
4553,156.67602816259983,17.13890776394159,10
4554,156.69127336209758,17.154379925282765,10
4555,156.6934051442918,17.154434581388028,10
4556,156.70062323147562,17.158550303384587,10
4557,156.70211355105647,17.158099832337108,10
4558,156.73956222969719,17.15427397441931,10
4559,156.78872345852778,17.055671641940126,10
4560,156.79518241976015,17.0558116926338,10
4561,156.8048762935095,17.043759505630778,10
4562,156.87211583833704,16.95739431298002,10
4563,156.88014410187787,16.956530787138824,10
4564,156.884395467758,16.9575594455447,10
4565,156.93556616585124,16.877955118805602,10
4566,157.0250189081812,16.854356115198584,10
4567,157.04543282496218,16.853274127991803,10
4568,157.06077235732585,16.866277913335004,10
4569,157.10255269372087,16.91279864696727,10
4570,157.10438411329545,16.913268845425147,10
4571,157.1058302807283,16.912625021738446,10
4572,157.14907616750222,16.952698489015884,10
4573,157.1563097222278,16.95439873571747,10
4574,157.20387611532448,16.885948514038187,10
4575,157.2149848518171,16.889216287268805,10
4576,157.26202061098448,16.86543967697493,10
4577,157.31609934034879,16.892051308435462,10
4578,157.31824749974606,16.89274433271125,10
4579,157.3669599956816,16.950254159570054,10
4580,157.46815512194172,16.880538649299247,10
4581,157.47821716206158,16.87362844335756,10
4582,157.57517730909981,16.934794403023684,10
4583,157.58926799900092,16.948858377234657,10
4584,157.6260784467592,16.928632503894402,10
4585,157.63014741550887,16.92580669035495,10
4586,157.6889711644803,16.984201340655517,10
4587,157.6977438999852,16.984300774774063,10
4588,157.74621867597324,17.04230667345287,10
4589,157.75271570659578,17.044398179228104,10
4590,157.7551339724085,17.045113077668553,10
4591,157.80552418631902,17.045560226013237,10
4592,157.8588481452426,17.109608947942302,10
4593,157.85966605192624,17.109851987080447,10
4594,157.95593504419543,17.176255391496426,10
4595,158.0063425264685,17.17627905031174,10
4596,158.05163472478563,17.238412142607434,10
4597,158.06007002133794,17.24480625705074,10
4598,158.0698377104514,17.24471218054514,10
4599,158.0771363302416,17.24869467079591,10
4600,158.17443988146778,17.28332019362638,10
4601,158.1806945020954,17.280339925319524,10
4602,158.23023286377725,17.284019059845026,10
4603,158.2796620375893,17.294787840811132,10
4604,158.38304003870417,17.34005006079652,10
4605,158.38460422188018,17.338773491167466,10
4606,158.3894152928846,17.335496160027294,10
4607,158.39160505051296,17.335982570282635,10
4608,158.44243904558977,17.331638593437205,10
4609,158.50090423220064,17.23427616780219,10
4610,158.59498292768768,17.16287625162586,10
4611,158.68382219906783,17.108851742546264,10
4612,158.68982124029367,17.10728319021256,10
4613,158.74906067494618,17.10570948531841,10
4614,158.7548528608743,17.105835061219317,10
4615,158.8102495181511,17.116735072321397,10
4616,158.94834734870386,17.15498301684778,10
4617,158.95508216072238,17.15735303208565,10
4618,159.0517899652759,17.23801728310753,10
4619,159.09992636184288,17.295060889690223,10
4620,159.13892982416536,17.276717887859014,10
4621,159.14139026464773,17.276444613027802,10
4622,159.14925651526815,17.276130007525477,10
4623,159.21591575308474,17.18038919035039,10
4624,159.22413115922217,17.181126997937938,10
4625,159.2345521412763,17.186281487472264,10
4626,159.24438715008642,17.194892364650357,10
4627,159.25005789030095,17.196697016496568,10
4628,159.25374511360963,17.197326312735928,10
4629,159.3091377072596,17.22922113524399,10
4630,159.31217612807487,17.230543644618066,10
4631,159.36978888545713,17.217761454661936,10
4632,159.41839138538566,17.193286935957797,10
4633,159.42217792511298,17.193180938428682,10
4634,159.43096911265206,17.197538940202996,10
4635,159.4452170965773,17.19102433381973,10
4636,159.45269929789802,17.191507938521607,10
4637,159.5032745594852,17.20121964460138,10
4638,159.51088928701756,17.209423512545094,10
4639,159.58310180548384,17.19817805636485,10
4640,159.67108779049255,17.227688900171984,10
4641,159.67609775302222,17.231926341188853,10
4642,159.6814624870802,17.232110202359717,10
4643,159.7504865815965,17.122898781206683,10
4644,159.75290176499232,17.123534388593445,10
4645,159.75754076321792,17.12077872812937,10
4646,159.80899401626937,17.127018463057315,10
4647,159.8106956312958,17.12785624952431,10
4648,159.82379924687902,17.14222892419123,10
4649,159.82734787694795,17.141395020330208,10
4650,159.87652834398392,17.206135473940822,10
4651,159.87887375883832,17.206138625502923,10
4652,159.93106668090377,17.221554854925106,10
4653,160.07702817414852,17.33077821885737,10
4654,160.08904469903538,17.33777833167552,10
4655,160.11177865392614,17.363362702562874,10
4656,160.11601574487935,17.36420350503158,10
4657,160.12039551981917,17.35628458697631,10
4658,160.12963890004298,17.361314776396174,10
4659,160.13556865618884,17.36103614082211,10
4660,160.18483593269804,17.35464825439479,10
4661,160.19243317770116,17.35704987973318,10
4662,160.19844937392006,17.356316450683035,10
4663,160.21112697308678,17.373381724151837,10
4664,160.2317357532134,17.389580503407757,10
4665,160.28346822252985,17.366611247757522,10
4666,160.29054518498316,17.367205346110374,10
4667,160.3863307539542,17.34813973553021,10
4668,160.3904390164758,17.347750303002336,10
4669,160.4920836565244,17.336005276897136,10
4670,160.49611546198383,17.3378487241579,10
4671,160.55278150300708,17.339526465990982,10
4672,160.60371504838398,17.320887579300514,10
4673,160.70166670642823,17.346681751566642,10
4674,160.75250665488085,17.365746315469067,10
4675,160.84881276574282,17.32459527136062,10
4676,160.8598909363531,17.333878698536942,10
4677,160.97323213719204,17.332887341636415,10
4678,161.03416787252507,17.352679783822747,10
4679,161.0870124226275,17.39455865131188,10
4680,161.0969842639862,17.398098795880482,10
4681,161.10576002614295,17.402802229825877,10
4682,161.1082530809948,17.402042696130543,10
4683,161.11602780968448,17.40108621444846,10
4684,161.13168245124456,17.40798666951407,10
4685,161.13618298609094,17.402327251430705,10
4686,161.1413694913294,17.403527481741374,10
4687,161.29040085932783,17.510151999816177,10
4688,161.31027426263887,17.487991544073598,10
4689,161.36180884764644,17.514151899065933,10
4690,161.41251821895685,17.534914022088582,10
4691,161.46093939117765,17.556862818546737,10
4692,161.46721171808818,17.557381119313376,10
4693,161.4768244294116,17.55820769162707,10
4694,161.48767067427437,17.56080577830872,10
4695,161.4984738858005,17.56259468148863,10
4696,161.54679938375975,17.58579592359494,10
4697,161.6183873507194,17.588227555757353,10
4698,161.6709770433784,17.621873519087092,10
4699,161.77978907619087,17.64327725674143,10
4700,161.79342045996606,17.644735052516236,10
4701,161.79967535797263,17.650505817077224,10
4702,161.80838110560248,17.64888638604343,10
4703,161.83466577378468,17.619044714075386,10
4704,161.85872243157786,17.588086121728796,10
4705,161.9069220785057,17.581908520877793,10
4706,161.91610059503006,17.572955880211076,10
4707,161.93681597583944,17.56392562935348,10
4708,161.94229597234184,17.56633095151901,10
4709,161.99729478281515,17.555193687731407,10
4710,162.0091818890497,17.55752641507815,10
4711,162.0119221998304,17.558388865129245,10
4712,162.01351699875082,17.558934666489233,10
4713,162.01689189187587,17.559740490768846,10
4714,162.02236297271645,17.561861594246217,10
4715,162.02650787300826,17.561682420438476,10
4716,162.03011219920575,17.55936244609751,10
4717,162.03222223464437,17.55989700199319,10
4718,162.03842303911887,17.560041285616723,10
4719,162.09306617327803,17.557538668371127,10
4720,162.10673946488112,17.556274895193464,10
4721,162.1084079598263,17.556910690407733,10
4722,162.11338911946717,17.55539555516647,10
4723,162.16280828100724,17.5978023998504,10
4724,162.1719743660983,17.60385968611617,10
4725,162.2212531187157,17.624201907582762,10
4726,162.2784189350752,17.64768045078216,10
4727,162.3268547202614,17.671872067692007,10
4728,162.33263919917198,17.675555469112357,10
4729,162.3346468378081,17.6747496045268,10
4730,162.35574046298868,17.68511005312601,10
4731,162.35855594340205,17.684168507585397,10
4732,162.41129648574199,17.715034101797805,10
4733,162.41212998194024,17.7154886609671,10
4734,162.41274317901065,17.71609482618333,10
4735,162.46971101600906,17.775215647996568,10
4736,162.47072632003253,17.775378616553486,10
4737,162.4786498493508,17.78123320237319,10
4738,162.53833301890515,17.69020825147904,10
4739,162.54684039266394,17.69508136918967,10
4740,162.59905424939944,17.597355187534244,10
4741,162.65444080669147,17.587271820848585,10
4742,162.65963549200643,17.588797024578117,10
4743,162.673077079263,17.577001697383487,10
4744,162.69743204184016,17.557117633313812,10
4745,162.6995216056747,17.55851597286579,10
4746,162.72758709107092,17.553124245691926,10
4747,162.73001094509073,17.55279269050138,10
4748,162.7369411067539,17.55433098231175,10
4749,162.79121800043833,17.46383150648886,10
4750,162.84186720266501,17.389528103343228,10
4751,162.89193473133292,17.29350894790603,10
4752,162.91507775206566,17.298567326837073,10
4753,162.9195510808657,17.297338376192837,10
4754,162.96809903000468,17.342157669785678,10
4755,163.02345805590954,17.248313673692387,10
4756,163.0800383723607,17.302094200816097,10
4757,163.09710585418574,17.279337488867593,10
4758,163.14958532020205,17.335904323911077,10
4759,163.20583432951315,17.24227815863576,10
4760,163.20783596444528,17.241635219121953,10
4761,163.20943441965022,17.240955866837684,10
4762,163.21407678801808,17.234115655342176,10
4763,163.2178419782232,17.233403148633634,10
4764,163.2200427449321,17.23079707186652,10
4765,163.28557064039836,17.235045906240828,10
4766,163.29826302576868,17.233312250213718,10
4767,163.3076300553526,17.236675305525072,10
4768,163.36028445918424,17.26752923805045,10
4769,163.4089479126839,17.175049916819972,10
4770,163.41086544388145,17.1753249562391,10
4771,163.511083767461,17.09015579754704,10
4772,163.56571261924722,17.089979327051335,10
4773,163.5720976479692,17.09260674499863,10
4774,163.67025756091797,17.120147144702667,10
4775,163.67714859378094,17.123178172851333,10
4776,163.78183260894153,17.165806838952786,10
4777,163.85929236703032,17.068780766007322,10
4778,163.86889641323188,17.06592610974506,10
4779,163.8717410392588,17.066773478189045,10
4780,163.88090565800277,17.05734250433241,10
4781,163.88429202560215,17.05886182308986,10
4782,163.8878838470003,17.057180826532516,10
4783,163.8951283611734,17.057430290827863,10
4784,163.90484959487,17.056894412943464,10
4785,163.91370299618222,17.060094525820908,10
4786,163.96945725402037,17.055534492683066,10
4787,164.0246536321207,17.0583379839827,10
4788,164.02618337624568,17.05801022518745,10
4789,164.02877499362728,17.05968933135852,10
4790,164.08089392570668,17.063796019920165,10
4791,164.0844598951353,17.062503775292946,10
4792,164.08996805246665,17.064072285001544,10
4793,164.09297076265193,17.06550498121094,10
4794,164.09851737909645,17.07171796382786,10
4795,164.10186623071166,17.073845217289318,10
4796,164.10747614448218,17.07948131601363,10
4797,164.15682147536637,17.102511820927955,10
4798,164.16115162887888,17.100838716501997,10
4799,164.16371622630206,17.10104961108069,10
4800,164.18123586343347,17.109172890703256,10
4801,164.18749284516466,17.11061305971614,10
4802,164.1890761119742,17.11164693200322,10
4803,164.1964507365887,17.109728786466135,10
4804,164.2042316599417,17.109622577842906,10
4805,164.2550741474487,17.079171084303205,10
4806,164.27235529576757,17.08902626792447,10
4807,164.2803025521777,17.091070084148864,10
4808,164.28302585796018,17.09206236812663,10
4809,164.28574906371207,17.092829663631246,10
4810,164.29230824223066,17.091558578451448,10
4811,164.2959150892622,17.09247426228938,10
4812,164.29906574792707,17.09221614062175,10
4813,164.30323383886147,17.094398937262085,10
4814,164.3065716041861,17.091087642220444,10
4815,164.31266155914352,17.08900029255964,10
4816,164.31695216206438,17.08675753245107,10
4817,164.32133792684482,17.087003784832312,10
4818,164.3718710642862,17.090643575143744,10
4819,164.37298516980678,17.09116668189808,10
4820,164.37635973773916,17.091819588270525,10
4821,164.38302081207786,17.093434623754185,10
4822,164.43639016497247,17.11722503724704,10
4823,164.45282849086692,17.117567746301685,10
4824,164.50375868304812,17.15238550585635,10
4825,164.5514497833065,17.17535855295956,10
4826,164.55786440766983,17.16758177357987,10
4827,164.6158141962813,17.186866692890415,10
4828,164.71313636871835,17.239885939039254,10
4829,164.71686807355368,17.237914934735425,10
4830,164.73027547950193,17.2413188876839,10
4831,164.78156204397888,17.27286317283988,10
4832,164.8487839005451,17.298559479150327,10
4833,164.89973521787988,17.30762063972988,10
4834,164.9544081652791,17.31310238424284,10
4835,164.95910335315475,17.314685731492915,10
4836,164.96910721617758,17.31266682026333,10
4837,165.01962114095207,17.341954451863625,10
4838,165.07547087952452,17.357282196146787,10
4839,165.17082353539408,17.395316798397136,10
4840,165.2203638870879,17.42640946894222,10
4841,165.27550713365696,17.332171003707344,10
4842,165.28081727465369,17.32958123995067,10
4843,165.3027339920274,17.336905986322414,10
4844,165.3190952368857,17.339374190110394,10
4845,165.32619856564608,17.33181612073855,10
4846,165.3376189052529,17.332709777289658,10
4847,165.33801655835518,17.332920682200726,10
4848,165.3437151889797,17.33387829418229,10
4849,165.34872588396908,17.329789192895177,10
4850,165.35548511528341,17.331671474390966,10
4851,165.3683683175889,17.336231308101755,10
4852,165.41593265247312,17.307771499364993,10
4853,165.41877457282007,17.30845952239172,10
4854,165.47874021145785,17.373036573732204,10
4855,165.4826742757249,17.366459252126717,10
4856,165.57190481302626,17.468068801826025,10
4857,165.62382820652797,17.46597537870055,10
4858,165.6404095117292,17.458290113737714,10
4859,165.68989319296975,17.508879010550523,10
4860,165.69647143881843,17.51122814649035,10
4861,165.78679619206565,17.539797918074974,10
4862,165.83241736783066,17.560261582742296,10
4863,165.87623212291993,17.585034109698075,10
4864,165.88124679855883,17.587851613372546,10
4865,165.88726396291983,17.588561375813047,10
4866,165.88933637552677,17.587742360141505,10
4867,165.89188411985205,17.58403954256048,10
4868,165.89788580444528,17.574248912313237,10
4869,165.89932234819327,17.57397653168246,10
4870,165.90356581895975,17.57446967658443,10
4871,165.94988156387143,17.600563551997183,10
4872,165.99863387029868,17.652089452480592,10
4873,166.0058597999354,17.643771685506717,10
4874,166.04774309507107,17.668757274393652,10
4875,166.09627796401054,17.69695708732709,10
4876,166.1102885276257,17.7102968036625,10
4877,166.21061250035783,17.77224266760323,10
4878,166.3056124763334,17.859880670064427,10
4879,166.35437820218175,17.892782976214058,10
4880,166.44767049153396,17.924521854701872,10
4881,166.45179751638722,17.92686698442879,10
4882,166.4616012557113,17.914820540657583,10
4883,166.55089415629496,17.83305819316929,10
4884,166.55198236567756,17.832059280592983,10
4885,166.59870877865075,17.80646234755214,10
4886,166.61264327891845,17.792112869721052,10
4887,166.75397672206117,17.79252628209933,10
4888,166.77926345557609,17.7801846864695,10
4889,166.86807811953852,17.80370709907088,10
4890,166.87119737827274,17.80527471876381,10
4891,166.87376725394512,17.804624284696995,10
4892,166.87583416200667,17.80561725717476,10
4893,166.87933253323985,17.80706156596049,10
4894,166.88157371709053,17.807495300132558,10
4895,166.88532467190663,17.804131096552517,10
4896,166.935614838271,17.84782468137375,10
4897,166.9588727763158,17.83268895311275,10
4898,166.99336592524173,17.783465541916108,10
4899,167.01904462039553,17.762385746040223,10
4900,167.02223495968866,17.761846583127003,10
4901,167.11533249083237,17.695908125989018,10
4902,167.13007145487524,17.70458496196278,10
4903,167.1439784509484,17.696016068676098,10
4904,167.1501374525131,17.69507221869631,10
4905,167.1521928169959,17.694822679592267,10
4906,167.15498790626842,17.69302767293949,10
4907,167.1607793274176,17.693440836942113,10
4908,167.21394588669426,17.594101159411544,10
4909,167.21811967206227,17.594242167851164,10
4910,167.26621465197235,17.62087752533493,10
4911,167.3143208249948,17.647784401464207,10
4912,167.32482395913536,17.638197205656116,10
4913,167.34904598729133,17.65071007814404,10
4914,167.35397198269936,17.649430527045766,10
4915,167.4024865087656,17.569118342370626,10
4916,167.40868718487118,17.560678432464112,10
4917,167.41376008058486,17.556147025470924,10
4918,167.47665879794476,17.61009520594526,10
4919,167.53035578870225,17.661335799119094,10
4920,167.53691305964725,17.657949785266123,10
4921,167.53924734899837,17.654985568206587,10
4922,167.58722281843202,17.575204555419607,10
4923,167.60301500492233,17.56045805449085,10
4924,167.61131853140512,17.558694182015266,10
4925,167.669624046705,17.58288454621196,10
4926,167.68125420978123,17.58548148791221,10
4927,167.7293047494302,17.507035891746206,10
4928,167.73476371875242,17.506127004586666,10
4929,167.78812760293135,17.537082100369418,10
4930,167.78922931419623,17.53666899614526,10
4931,167.8383774206937,17.57112775853902,10
4932,167.84166438406277,17.571415781301255,10
4933,167.84387401672856,17.572899483473172,10
4934,167.84649748600148,17.57447881114895,10
4935,167.90255882952522,17.49012207930413,10
4936,167.9526573450821,17.46463868353604,10
4937,167.95816413102284,17.45921919535074,10
4938,168.0128401438788,17.42903413256984,10
4939,168.01710968653666,17.4282577527028,10
4940,168.02284957348573,17.430965602884545,10
4941,168.07417365659435,17.404418592978256,10
4942,168.08526184651615,17.40190327483863,10
4943,168.12744185978013,17.42990360554798,10
4944,168.17720613362968,17.42736921766393,10
4945,168.18238277109975,17.430641259403625,10
4946,168.19173188129918,17.43224522484678,10
4947,168.19263558888238,17.432672151706857,10
4948,168.25463627069436,17.463449234572543,10
4949,168.35545584971297,17.551682510855215,10
4950,168.36052517211448,17.556014593823846,10
4951,168.45943216293938,17.636261454172722,10
4952,168.4633213007533,17.63283963824647,10
4953,168.5648666942365,17.69083570399905,10
4954,168.5675529579678,17.691471257592447,10
4955,168.6724366430288,17.793819022300767,10
4956,168.76578550682586,17.841619517804553,10
4957,168.7830358783316,17.83752220651727,10
4958,168.83759144420168,17.899149393015666,10
4959,168.84182066748474,17.896297387176812,10
4960,168.9295446263547,17.91947224961659,10
4961,168.98400498005276,17.9209165256092,10
4962,169.03210782813116,17.920738674662772,10
4963,169.0331334603739,17.921067617987863,10
4964,169.0386575596292,17.924834131908415,10
4965,169.0449527536859,17.92427970131301,10
4966,169.05189940177735,17.923307545662027,10
4967,169.05276746707594,17.923399243048898,10
4968,169.11137065140733,17.954655087407943,10
4969,169.12206895958394,17.948213897235423,10
4970,169.12648165956173,17.946272508294896,10
4971,169.12932649292492,17.94708754155022,10
4972,169.13324026208846,17.949628217584348,10
4973,169.1463761912185,17.96356126655063,10
4974,169.1521687929585,17.966126862194496,10
4975,169.1541516268612,17.966300390693895,10
4976,169.16473332722197,17.955139256186857,10
4977,169.17165625071146,17.958319221639368,10
4978,169.17338519706934,17.95729751476129,10
4979,169.1821753767447,17.96379741431372,10
4980,169.19190444704077,17.959567419899397,10
4981,169.25272838910095,17.96900399795965,10
4982,169.25685303801168,17.972019722809442,10
4983,169.3045666332228,17.948500682977247,10
4984,169.3109460931796,17.945815146368886,10
4985,169.35697996307027,17.97582880544875,10
4986,169.40592957781354,18.009566390745146,10
4987,169.41141794761617,18.01288345479107,10
4988,169.47275370956888,18.00358573049371,10
4989,169.47494319755933,18.003982202239584,10
4990,169.49053775910738,18.005635059179717,10
4991,169.5396259681593,18.0345928904032,10
4992,169.58755437057994,18.06585489849931,10
4993,169.5901195883048,18.065590690343335,10
4994,169.61106932480897,18.07023388590484,10
4995,169.61938117831988,18.066206591290143,10
4996,169.6265176970259,18.070881252001506,10
4997,169.63060747810945,18.07246631586935,10
4998,169.64549850125,18.082322661960117,10
4999,169.6579627914552,18.09172100731437,10
5000,169.65904046456095,18.092334302718196,10
