t,cum_regret_mean,cum_regret_sd,n_runs
1,0.0,0.0,10
2,0.007430577349625841,0.02093965351309845,10
3,0.11108496016432623,0.2179126929448152,10
4,0.2479352118074149,0.44404958426806906,10
5,0.33475104504295294,0.45787913935155605,10
6,0.4771489289229546,0.4853691063077689,10
7,0.5466606265820506,0.6467102319317145,10
8,0.7223964533146683,0.647741912518715,10
9,0.9384169743549549,0.8818892616195626,10
10,1.1154187587839557,0.8921734412226257,10
11,1.3259293872676434,0.8955615427173628,10
12,1.5656826206735155,0.7737694377997199,10
13,1.7035336782371637,0.8867427591793475,10
14,1.9847233065830092,0.7363622419547377,10
15,2.140424473796122,0.8030025364003531,10
16,2.264619224001209,0.9084962536537389,10
17,2.4488149323374815,0.9497209890126449,10
18,2.4684495635790933,0.9485724577708404,10
19,2.754598788402576,1.1752380950415975,10
20,2.9405236370543486,1.310867900785871,10
21,3.0793322520184656,1.4493739933343068,10
22,3.2729400688091395,1.4508740635075787,10
23,3.437193503016809,1.6390677542985195,10
24,3.6639238194399475,1.85061717930871,10
25,3.810286160298747,1.850461577648983,10
26,3.9934546680188547,1.9769661786083905,10
27,4.066286347353408,1.993096457439072,10
28,4.197759381566909,2.0413450690105255,10
29,4.269954768842324,2.1151269324942428,10
30,4.334489663257855,2.129945949431356,10
31,4.474003012812538,2.1879349181454026,10
32,4.576567040605006,2.1043729455020306,10
33,4.580248333385837,2.102564321058794,10
34,4.649960764526021,2.0316973340064473,10
35,4.718950988447855,2.165799753866542,10
36,5.034155494549443,2.296271467239294,10
37,5.191570992427425,2.2933779905495113,10
38,5.280325980678892,2.2499929883445597,10
39,5.512144190085601,2.296416187718756,10
40,5.544009961493606,2.291853951134167,10
41,5.615121225709457,2.2955314343576934,10
42,5.702983817195933,2.3424299502865287,10
43,5.770024701524493,2.361408929025946,10
44,5.862733975025594,2.356627530127083,10
45,5.959893669156381,2.3722854479557545,10
46,5.9613730800991656,2.3732790317212014,10
47,6.130853963916119,2.4449000146937534,10
48,6.138810699916013,2.4481304438316616,10
49,6.164066723262193,2.4443157375223423,10
50,6.340890806926522,2.4365289957187892,10
51,6.534720344780881,2.516041068267816,10
52,6.755359108150197,2.4018969303211537,10
53,7.1031481839661454,2.377748787694711,10
54,7.194171391498571,2.437604914748526,10
55,7.21694323075381,2.419896017306508,10
56,7.34883211640022,2.4441944011459396,10
57,7.580159441992794,2.5732251594677167,10
58,7.674570621443631,2.6217625676247853,10
59,7.861087498013854,2.7452657846698427,10
60,8.129821338438754,2.789650732144127,10
61,8.238455494828928,2.8792852263601936,10
62,8.31237566452146,2.9816483819073847,10
63,8.374344145552424,2.997268754680252,10
64,8.412963500739886,3.007142122386288,10
65,8.42278727188548,3.0093204930071074,10
66,8.424967620716131,3.009387662251535,10
67,8.498406975846825,3.1182829602517264,10
68,8.641897029036768,3.2600518806148777,10
69,8.672217482887774,3.2723038531713753,10
70,8.676382894154916,3.268626978810174,10
71,8.679630766935318,3.2665333512480546,10
72,8.889447455075935,3.4204082637429707,10
73,9.032692680286079,3.2978252283253937,10
74,9.119816406369255,3.3422903765857916,10
75,9.337836346715068,3.4371693151586404,10
76,9.549587590639735,3.4304191756665974,10
77,9.628254144832097,3.555423223540465,10
78,9.640996328178195,3.5789815096300694,10
79,9.96101581480013,3.63616912117514,10
80,10.164172664339834,3.743496818406641,10
81,10.342122115078642,3.7162494780768385,10
82,10.443454071287709,3.7596706215858675,10
83,10.549955050461593,3.7878628885638066,10
84,10.836558594662012,3.981503250191128,10
85,10.928069784182838,4.010058745815577,10
86,11.097018252367155,4.209401000904762,10
87,11.119838435842714,4.214601693983687,10
88,11.223250333967407,4.274332954865755,10
89,11.273361293939093,4.277254398944028,10
90,11.431775233318003,4.305666933169484,10
91,11.638832338975762,4.505371538942767,10
92,11.876646364881141,4.677756212845494,10
93,12.062819959094105,4.76985597770094,10
94,12.126185778397751,4.805652287924554,10
95,12.208222981969062,4.808433321925726,10
96,12.463874422441464,4.866583061252141,10
97,12.600660926710676,4.805236003069143,10
98,12.785367517108996,4.694437030615728,10
99,12.90092036098026,4.581313206068986,10
100,13.192066742386434,4.680607973791795,10
101,13.35279336387934,4.614795066756146,10
102,13.37398336877751,4.616407401978655,10
103,13.55695390773028,4.794661707210216,10
104,13.698285589954356,4.854608400453216,10
105,13.72373580425247,4.842577005815529,10
106,13.88373477608351,4.888036167323534,10
107,14.157031520830609,5.09140871329096,10
108,14.230773622328547,5.045969974570083,10
109,14.32172326622216,5.179958797668652,10
110,14.471370784563215,5.148458824014252,10
111,14.630054347031585,5.321768435525656,10
112,14.710436930139926,5.484912952521358,10
113,14.73547503732622,5.52713392722604,10
114,14.758946300276898,5.5208443551764015,10
115,14.773550988224013,5.51967303117039,10
116,14.946629969248681,5.588255737648023,10
117,15.318146541328627,5.758459942042341,10
118,15.389869292668328,5.928467890545047,10
119,15.529455492832842,5.991177760501788,10
120,15.549438500961731,5.997519232873674,10
121,15.75547252145525,5.916805009372298,10
122,15.782932558907287,5.894258908159073,10
123,15.998367354934027,5.8452791629897805,10
124,16.028909978554662,5.8892556126519375,10
125,16.11002172961812,5.926445307618423,10
126,16.246468561414495,5.84351951514111,10
127,16.35646540903307,5.999458040615323,10
128,16.57129897171489,6.019207928835757,10
129,16.682559293324413,6.194097154935766,10
130,16.772820581923533,6.147534010168606,10
131,16.88301272928306,6.117787192208597,10
132,17.021110936527684,6.238626645938012,10
133,17.104635892783463,6.2759327337524855,10
134,17.26213177330146,6.397215823155301,10
135,17.34471754396649,6.4470434433378285,10
136,17.361090290858645,6.448451410423684,10
137,17.48170874905712,6.487146030074018,10
138,17.601847193192533,6.6557018607225755,10
139,17.64706610709563,6.658467823682632,10
140,17.749344243150453,6.703051196626153,10
141,17.89031909435067,6.72495684002363,10
142,18.068603747927845,6.747698268163821,10
143,18.25783640669379,6.773096848940657,10
144,18.41119067716453,6.7240732079816565,10
145,18.591338106517416,6.676650988060806,10
146,18.680550577364585,6.671418044331659,10
147,18.839714784714097,6.7665616523214736,10
148,18.92922947241205,6.73356979085178,10
149,19.09689147432622,6.801076920712537,10
150,19.375852908310424,6.948966988004471,10
151,19.588670808026936,6.959322933996343,10
152,19.6201242381867,6.951332207661124,10
153,19.831663680521036,6.844512702377028,10
154,19.881156301782475,6.807568676070701,10
155,20.023046775425257,6.943811507140131,10
156,20.218129618081818,6.911959238528216,10
157,20.30882665486188,6.85054999141464,10
158,20.497798251208447,7.037003152167376,10
159,20.647309936893837,7.0448697034105185,10
160,20.93632999031639,7.238970275522511,10
161,21.034513945527877,7.378854472173455,10
162,21.191341951114474,7.530706022316818,10
163,21.262426868228026,7.431816876651906,10
164,21.519396992352306,7.476444778427173,10
165,21.66834645287439,7.457983348787561,10
166,21.831423727066383,7.628360317860767,10
167,21.984201152384642,7.759571880083713,10
168,22.30957302178728,7.623537360558198,10
169,22.446581124734475,7.767315071554529,10
170,22.495547150706955,7.744579978102803,10
171,22.625258127335393,7.748479574111709,10
172,22.83446037523647,7.96249826212285,10
173,22.989976779178342,8.11396601314742,10
174,23.160099167191667,8.032225830081206,10
175,23.168033714814708,8.030735563150966,10
176,23.207394906915415,8.0200239451605,10
177,23.286989877022343,8.20406808600758,10
178,23.358014065242713,8.179765559087055,10
179,23.373014398063045,8.17687430332938,10
180,23.44890068876829,8.36435698233564,10
181,23.51124336411158,8.341847868562468,10
182,23.65785389818227,8.315615150638557,10
183,23.871632761523717,8.487657604208678,10
184,23.946527385927794,8.49116070017961,10
185,24.155320832224405,8.650828484854454,10
186,24.344771240990422,8.504982912286081,10
187,24.440468522612832,8.683213733350094,10
188,24.591960584552236,8.644412580904529,10
189,24.7678815632956,8.884439959852834,10
190,24.887311361612113,8.887854456623714,10
191,25.009479796867033,9.116312629956454,10
192,25.179230613437785,9.1081888163092,10
193,25.365041303924762,9.317608405861124,10
194,25.47583724499696,9.296325203698423,10
195,25.62731743545417,9.254096773525553,10
196,25.744996472324182,9.21923028598548,10
197,25.96248177784118,9.163636202798637,10
198,26.142381163801748,9.152102260242035,10
199,26.285183238038478,9.190163261670495,10
200,26.34630327339537,9.198598106397764,10
201,26.409441330128054,9.179016010084975,10
202,26.501233413643728,9.184140003893004,10
203,26.535781714849396,9.204769675117246,10
204,26.602253020173794,9.19563041150127,10
205,26.773180263574453,9.232263238999485,10
206,26.96362365245411,9.2711736726032,10
207,27.044436384714704,9.293903951905076,10
208,27.116700986841742,9.196264538058461,10
209,27.27272110690505,9.165081979449953,10
210,27.290420694167587,9.164272736624547,10
211,27.341179131031026,9.180241131646403,10
212,27.418114507557892,9.244516389259962,10
213,27.496231398980143,9.308121336162898,10
214,27.49808250083492,9.306474670603862,10
215,27.501536266430158,9.306449994970535,10
216,27.58874626753523,9.263307220205059,10
217,27.60633382827935,9.297563373178427,10
218,27.684815366489886,9.29695776921739,10
219,27.820438679862768,9.451790351157719,10
220,27.91046112882949,9.441897873509458,10
221,28.153672538770422,9.537724852680924,10
222,28.256311263218862,9.578594005908604,10
223,28.265394061099848,9.574152965759051,10
224,28.4254013066911,9.817850526145898,10
225,28.509418900147644,9.76655671393167,10
226,28.64729423746464,10.012490228012227,10
227,28.71985694795515,9.962798233241175,10
228,28.75022674870123,9.95371094380095,10
229,28.82656177774926,10.027618339635014,10
230,28.926577221145187,10.198923553206365,10
231,29.03231035161884,10.374480474383667,10
232,29.11457320170468,10.54152824298974,10
233,29.28451419591762,10.71374629158884,10
234,29.4958150912613,10.741983817831438,10
235,29.62593228506551,10.73070198857826,10
236,29.911894590239587,10.773147636389359,10
237,30.155213451824032,10.826060252657813,10
238,30.412644875655058,10.875281643376082,10
239,30.569041667108433,10.756375507828228,10
240,30.63964936196905,10.722514989164724,10
241,30.760144076524746,10.87930191944102,10
242,30.91312944974256,10.795147623798266,10
243,31.013304711517844,10.878319194784984,10
244,31.15919075058312,10.939467342156494,10
245,31.32950365765229,11.101013430486509,10
246,31.339934791651455,11.095527365594513,10
247,31.45065910537604,11.078694038474199,10
248,31.611688556400757,11.209494213219921,10
249,31.74063149098605,11.143431088578287,10
250,31.87728702391854,11.077521698888859,10
251,31.9541397496275,11.145090609859826,10
252,32.07800469857929,11.094418976433987,10
253,32.275390557665766,11.31753914038721,10
254,32.37316531688463,11.2148037363333,10
255,32.52399396079185,11.200411170966024,10
256,32.59489974634544,11.121991261103199,10
257,32.617195736779074,11.169945363352108,10
258,32.92013232263838,11.182169670556126,10
259,33.06011164980988,11.136446147022493,10
260,33.212321520432475,11.288431439368436,10
261,33.28225479827584,11.475413853348847,10
262,33.51100759808098,11.34841789260231,10
263,33.70194378341081,11.27282547589594,10
264,33.93070659523782,11.396876691776185,10
265,34.13382680150634,11.322532371792002,10
266,34.214437691904,11.287290379910937,10
267,34.2685570809994,11.278138577728711,10
268,34.33913443081835,11.241694032861318,10
269,34.59426002835703,11.405336576305194,10
270,34.8873064828057,11.493559135738478,10
271,35.02546954967519,11.400501429739208,10
272,35.11010728827672,11.383245079954232,10
273,35.20718775600263,11.353145875359141,10
274,35.29349625171583,11.540814001981957,10
275,35.30814188296034,11.540447327190542,10
276,35.31250877231604,11.53950531915612,10
277,35.53842673619546,11.703405933769558,10
278,35.753171519448344,11.69114309457857,10
279,35.98630731977389,11.908772809838915,10
280,36.08168386846525,11.914612999103632,10
281,36.182493141545436,11.921806173036583,10
282,36.40820698434285,11.929757123230594,10
283,36.560947267249624,12.167654198758,10
284,36.7138490230527,12.399245064383134,10
285,36.82181396368395,12.487675338808117,10
286,37.11254774951235,12.679313307675155,10
287,37.20602260231409,12.659366255785203,10
288,37.37574185148039,12.620759322483794,10
289,37.52137170221229,12.548547481969072,10
290,37.7135443654491,12.536966913864354,10
291,37.78913969207083,12.527992797528347,10
292,37.93136920193915,12.51517310807572,10
293,37.94768306175134,12.499963702028792,10
294,38.23558927493089,12.677012674672502,10
295,38.37395230087383,12.926927011312094,10
296,38.46884581983977,12.974484429209904,10
297,38.565447677722254,12.892928370970715,10
298,38.57567087935503,12.890176669300985,10
299,38.57968125314358,12.892097123877884,10
300,38.648898768724436,12.965400687900598,10
301,38.820372720001195,12.888586803831734,10
302,38.89886560574758,12.884415479843835,10
303,38.96928198283897,12.81842265049387,10
304,39.03997131844868,12.756006962792792,10
305,39.147016143619794,12.753663208404019,10
306,39.21820115263112,12.679565943357709,10
307,39.31154212006591,12.661216692128276,10
308,39.38388179570633,12.59296186790411,10
309,39.55145794934979,12.699322453455439,10
310,39.7000888206477,12.733332299831899,10
311,39.98497815911822,12.702734104122358,10
312,40.15098653255738,12.650265528366544,10
313,40.32121336586662,12.620796091008994,10
314,40.34844450269652,12.601913495005572,10
315,40.43161445517443,12.60175980678776,10
316,40.67996998224258,12.643568096566309,10
317,40.8462190751237,12.671808322032147,10
318,40.98393805007394,12.814576123367512,10
319,41.15955018470011,12.881231043890015,10
320,41.37877036323172,12.988835239856742,10
321,41.55706407050167,13.096206338410735,10
322,41.701537930928495,13.24314896599865,10
323,41.707803266761765,13.239262440198535,10
324,41.78123726953517,13.415123755734827,10
325,41.78859905610213,13.414554818416885,10
326,41.79430947943591,13.412543229798958,10
327,41.8657480332627,13.593133848396077,10
328,41.93735984475088,13.772639476177359,10
329,42.018770888532615,13.945960750568368,10
330,42.06163150534816,13.961365659973907,10
331,42.07950694719617,13.948115678013272,10
332,42.18427405615132,13.919007771559723,10
333,42.23638371010513,13.890273745773166,10
334,42.254329259414234,13.918289304284839,10
335,42.25686224819056,13.917644489363996,10
336,42.32232408532057,13.880511393057047,10
337,42.474034475205976,13.798186333687502,10
338,42.51032938019252,13.787946547908149,10
339,42.522732721810634,13.788442210901469,10
340,42.54555393447888,13.779410952258438,10
341,42.55201983643666,13.777996850229192,10
342,42.62450702812912,13.758343638594713,10
343,42.65676358135762,13.736846410107175,10
344,42.73909134578918,13.733321625888447,10
345,42.741439405738376,13.731826875792509,10
346,42.74302478323649,13.731220671694732,10
347,42.74867288026541,13.73531271996834,10
348,42.902382778617536,13.843559140061659,10
349,42.97392695143092,14.027604999538688,10
350,43.04965834336608,14.213440090103443,10
351,43.05434032276779,14.210032092946207,10
352,43.05822437460651,14.211464299309783,10
353,43.129089798019905,14.198404769209775,10
354,43.26720133187214,14.345154111620495,10
355,43.270130539727106,14.346169205989524,10
356,43.348299280315786,14.529698911632543,10
357,43.36586593334858,14.524647623072665,10
358,43.45294113466064,14.724998841157067,10
359,43.52068208158407,14.699439607263933,10
360,43.73815064356801,14.6977571676507,10
361,43.95003484128062,14.560668354930314,10
362,44.10947638898007,14.491475837782968,10
363,44.306548933612945,14.682555196953311,10
364,44.4243967814581,14.683490143412605,10
365,44.54656420912828,14.70327539650742,10
366,44.68680356645832,14.65635091046743,10
367,44.78219628395823,14.687824154571892,10
368,44.95455657946552,14.685930202845359,10
369,45.233346146113064,14.828893570812975,10
370,45.40685066530476,14.801881693152065,10
371,45.44511612953863,14.813629722829033,10
372,45.60447135445867,14.726960661500396,10
373,45.77300376691021,14.696939624869321,10
374,45.99788278464682,14.745109188441447,10
375,46.09732305053934,14.90309685684216,10
376,46.35714070197732,14.994315973389233,10
377,46.42621028364128,14.976137260632715,10
378,46.5946423657888,14.954060019825915,10
379,46.66980126886769,14.975728916495537,10
380,46.70062631382301,14.949381517827108,10
381,46.83750476038286,14.872803523374257,10
382,46.98144033383802,14.885050915240361,10
383,47.049430525134305,14.873623186953893,10
384,47.19183318051938,14.887430583955696,10
385,47.3989600768326,15.052627877034052,10
386,47.68596658500742,15.19209550510524,10
387,47.76077058982676,15.223941525839852,10
388,47.83353896368415,15.218410611533097,10
389,47.843749278150234,15.225080831896843,10
390,47.997690134027266,15.205595972856116,10
391,48.012486972000005,15.205606764311137,10
392,48.03795612837676,15.18260780650973,10
393,48.04761491698168,15.181793623616382,10
394,48.04891360034829,15.181572750939038,10
395,48.06131755526452,15.20235062780619,10
396,48.145915871511015,15.222714446336653,10
397,48.25535243348325,15.232328129764065,10
398,48.295936845009045,15.239950015336001,10
399,48.5131605974413,15.295559038474812,10
400,48.73051239766447,15.319596310310132,10
401,48.76030159450609,15.332936372632535,10
402,48.84003032141857,15.31420161313848,10
403,48.91540924971571,15.490534795825704,10
404,48.919262124391715,15.487617366862107,10
405,48.92184291636035,15.48628282726629,10
406,49.009046873281264,15.671452798205216,10
407,49.090519999382245,15.632670101375947,10
408,49.237751986407076,15.775365988171645,10
409,49.2524375569456,15.771051213708684,10
410,49.326087979632206,15.757358558768479,10
411,49.37998895296799,15.753965752061255,10
412,49.40192544471044,15.7463886836692,10
413,49.485571426006594,15.708735993583996,10
414,49.49367497904879,15.706023368921924,10
415,49.52893494462081,15.716433554400968,10
416,49.569076526111566,15.723373025193974,10
417,49.65481708417682,15.703068535686217,10
418,49.68820886897933,15.71328892384642,10
419,49.836278896086164,15.694668680133566,10
420,49.91119409975221,15.732791143472758,10
421,50.00011987470474,15.627932545363295,10
422,50.07499939414854,15.539440663209062,10
423,50.29685602151555,15.48000927725804,10
424,50.447465834449154,15.46119144776692,10
425,50.59097867088438,15.501486305057648,10
426,50.802598401580596,15.660007478260177,10
427,50.95777243961304,15.745355828444872,10
428,50.98335845630779,15.756824130645132,10
429,51.082409183658335,15.758434152519511,10
430,51.180617736886944,15.760784891901178,10
431,51.256918190830675,15.677762205325248,10
432,51.47084457456359,15.5215521751641,10
433,51.4774493711862,15.517103905999393,10
434,51.552003381990765,15.587420156841777,10
435,51.643984270019686,15.589827518181465,10
436,51.91789849146505,15.7310460470874,10
437,52.12439399549686,15.94713357884341,10
438,52.263529515838265,15.931184992962683,10
439,52.40274810770404,15.921933240643634,10
440,52.48435836957449,15.89971804775307,10
441,52.51078468141625,15.91412095664363,10
442,52.78181113542341,15.86556582555926,10
443,52.85706842782903,16.036961579305036,10
444,52.931377115203055,16.02485438259832,10
445,53.137241152081835,15.992312634340928,10
446,53.29308667588616,16.045216811367034,10
447,53.35991871209628,16.03581173484978,10
448,53.50828378519985,15.992691937791335,10
449,53.64259290793491,15.962180745355646,10
450,53.79839139229557,15.988221309170042,10
451,53.885575155855236,15.959867006393939,10
452,53.902223093545174,15.960305657953208,10
453,53.919817108617295,15.958373245933057,10
454,53.93476018811977,15.949006975494003,10
455,54.02020321982334,15.929331644073951,10
456,54.12073644676489,15.998268214962449,10
457,54.23520145280755,16.070920123916995,10
458,54.344923057299695,16.056448963580667,10
459,54.43537167638698,16.036214536930874,10
460,54.54324920250891,15.933011725045509,10
461,54.90174616050831,15.892703908529208,10
462,54.94384423456071,15.92811741127002,10
463,55.021037049552646,15.950022487327242,10
464,55.230384903520836,16.022257045608228,10
465,55.408372641085236,15.932198799416744,10
466,55.53263887691112,15.938618101764833,10
467,55.77934805344436,15.976586980595428,10
468,55.809276569884084,15.980198160463573,10
469,55.899302273304464,15.9794639102911,10
470,56.01107112479914,15.97793138588168,10
471,56.04147513732111,15.995450505752771,10
472,56.314879913751085,16.061191588666297,10
473,56.328426295913005,16.060522455973796,10
474,56.41058606342873,16.149521573016266,10
475,56.480187868024,16.147657200957823,10
476,56.623522454389104,16.215413523139397,10
477,56.69998681812008,16.223913075873973,10
478,56.838880434889234,16.224583649505114,10
479,56.989409630083074,16.229666065334968,10
480,57.156659813997884,16.23634989512094,10
481,57.433361075595506,16.25058808407746,10
482,57.573383052075556,16.159499631758035,10
483,57.75202451465386,16.153030531421063,10
484,57.964471097994874,16.17534747667157,10
485,58.08234464286397,16.165712561327496,10
486,58.25919445714477,16.219394601698184,10
487,58.26216713409009,16.218809936045023,10
488,58.472255806929056,16.343925156122925,10
489,58.744390555734334,16.453427055797963,10
490,58.96371386498949,16.5418473131282,10
491,58.98379413968564,16.559696802637543,10
492,59.08233316991717,16.569062549578806,10
493,59.176358705413165,16.607841137780927,10
494,59.33221908135092,16.73236510263952,10
495,59.40448533082215,16.87512104122152,10
496,59.43809687939712,16.86727079016496,10
497,59.66310906538897,17.006420428376963,10
498,59.938215978284596,17.1235089347132,10
499,60.159604260017794,17.362217624806938,10
500,60.23692935169564,17.375363330574977,10
501,60.35839038163399,17.476857245192125,10
502,60.36029910294445,17.47713419724042,10
503,60.44004816450956,17.470519360529217,10
504,60.52046167806297,17.497587813011368,10
505,60.583329819214725,17.514071341184124,10
506,60.622918922912035,17.525880928880788,10
507,60.76010035130999,17.45506948849794,10
508,61.00230911084858,17.308130453820763,10
509,61.08406524633078,17.242815570061666,10
510,61.231781508736006,17.16125709545031,10
511,61.32884064875573,17.14854749925002,10
512,61.485124378798446,17.167745367065177,10
513,61.690164291900075,17.132078748392157,10
514,61.906532040604056,17.203014524037524,10
515,62.23617556381894,17.293396942799216,10
516,62.30633799080649,17.320737964109547,10
517,62.58051565365518,17.556426895278165,10
518,62.7568983869628,17.605321899486672,10
519,62.93089166113958,17.71212724004576,10
520,63.153636719353926,17.701450486035228,10
521,63.292116069679096,17.657984994370633,10
522,63.37901012581047,17.75209922825463,10
523,63.602476708274274,17.68239849185359,10
524,63.8028098181454,17.699781133858025,10
525,63.99616014039721,17.700372471045437,10
526,64.18545530217673,17.62602818830702,10
527,64.31791656593869,17.562740449343654,10
528,64.45374181534487,17.533882303353757,10
529,64.45665090187441,17.536271600695848,10
530,64.53717045366967,17.569694435339994,10
531,64.57524425633083,17.602240337227013,10
532,64.7241360363663,17.53231782770954,10
533,64.80612494169287,17.616212930958955,10
534,65.10018992708156,17.68544276947545,10
535,65.18681674423136,17.73452759578532,10
536,65.39135730934188,17.906049306701913,10
537,65.52982925253261,17.961361798245814,10
538,65.69416154188329,18.013065478907926,10
539,65.96778052117708,18.193840256740586,10
540,66.1071880616774,18.03405244969693,10
541,66.35185471209068,17.979170460290177,10
542,66.49294854613609,18.033031639057462,10
543,66.56034983959104,18.072622950788034,10
544,66.74310376453069,18.019638270958716,10
545,66.87713049770029,18.034364396649742,10
546,66.99839337105257,18.093348766126105,10
547,67.08903980475233,18.006839787225907,10
548,67.2017687826215,18.010327890828588,10
549,67.29272104429495,18.02322135357887,10
550,67.29552089640768,18.024238966217762,10
551,67.4945527345567,17.954099744884473,10
552,67.49907304321047,17.95212995262607,10
553,67.50340856709332,17.95116445404088,10
554,67.60648279376855,17.956653143004708,10
555,67.68964166547312,18.055637907488716,10
556,67.76799887049394,18.10837132258717,10
557,67.85412187078738,18.16254276141518,10
558,67.93998571872291,18.0958040942939,10
559,68.1521688416872,18.09726994104626,10
560,68.18501776759324,18.06614528719897,10
561,68.27621682333587,18.10906015549466,10
562,68.39159871600737,18.13572083968997,10
563,68.54828593454135,18.11893550929984,10
564,68.65875707089239,18.178923310100814,10
565,68.80614190146889,18.31622830011978,10
566,68.95910698462106,18.443653063467764,10
567,69.09807972655085,18.52404678794111,10
568,69.26394301718804,18.460306532275347,10
569,69.28291510575872,18.468416754498765,10
570,69.44512383516891,18.39677531801246,10
571,69.58125018872701,18.5259700788012,10
572,69.83363421772196,18.545539932575654,10
573,70.06863895386473,18.656252505927544,10
574,70.15380262722145,18.68310746419468,10
575,70.17691101261826,18.699363717620997,10
576,70.31725833746609,18.771167168245235,10
577,70.47936633529011,18.710871672170818,10
578,70.56002858802756,18.767053331540467,10
579,70.66160348252467,18.789923106245986,10
580,70.69024369111096,18.80188195367482,10
581,70.83443096159235,18.881785233436222,10
582,70.84785578997818,18.86217284368739,10
583,71.01169905452177,18.957773549069277,10
584,71.11455307944769,18.957671675747516,10
585,71.25477357152499,19.00449009252242,10
586,71.40641558841519,18.952830804024174,10
587,71.48988983404095,18.99721856085498,10
588,71.50847774848485,19.01255789319524,10
589,71.6437395371957,19.12964083954753,10
590,71.7806381343548,19.287526957445788,10
591,71.80972583418786,19.300736261491657,10
592,71.89542483699967,19.32475051789496,10
593,71.91836146998293,19.343211886512336,10
594,71.92729053768711,19.337440516676256,10
595,72.01061635551336,19.33595740693716,10
596,72.0462617293938,19.37313281367941,10
597,72.12096063666665,19.364188665296403,10
598,72.34630790190344,19.3217613303376,10
599,72.41624717093617,19.411360040081785,10
600,72.48739241145559,19.511681568404637,10
601,72.69785244245051,19.25855410789538,10
602,72.8600524982347,19.226090676573847,10
603,72.86776165446486,19.222646772665247,10
604,72.94039451840588,19.28333377888215,10
605,73.0091015381011,19.347537796335835,10
606,73.02739993778647,19.356599050981785,10
607,73.09530031079956,19.42495468550745,10
608,73.32049349023492,19.282322628197285,10
609,73.45809411613345,19.30688910079304,10
610,73.5848074104438,19.34355175264498,10
611,73.59814995394201,19.338132416586642,10
612,73.74499111896088,19.28914839385703,10
613,73.82921322191388,19.245895427304053,10
614,73.91415957469603,19.21824631188161,10
615,74.07478595803602,19.157888737386582,10
616,74.08051441974669,19.15724964251108,10
617,74.31200599408346,19.127998254209185,10
618,74.32180898247316,19.12063632802002,10
619,74.46606045496227,19.27673206046468,10
620,74.69295687526359,19.216711828499697,10
621,74.79143421941357,19.151355160146657,10
622,74.8835626854506,19.139987979696052,10
623,74.90353477120681,19.160937018174547,10
624,74.96916464616082,19.20496684418158,10
625,75.10065255819627,19.252358223303165,10
626,75.24439274677316,19.41570462077699,10
627,75.33052332379923,19.499011451488418,10
628,75.58020411567173,19.676235657679438,10
629,75.58625179640217,19.678001470143606,10
630,75.6797026097341,19.688784491255365,10
631,75.84494494382602,19.732531545507165,10
632,75.9320510865492,19.763021860085,10
633,75.96706443023243,19.787297508395454,10
634,75.98467943050403,19.80147835570396,10
635,76.0085777643771,19.796536576418553,10
636,76.02812777179028,19.80043163109815,10
637,76.0508816052475,19.795364204593636,10
638,76.22874914592701,19.82445357962076,10
639,76.25727963544566,19.80922960852242,10
640,76.38432319389564,19.79982965758267,10
641,76.46041416884665,19.781283899363448,10
642,76.56026150364066,19.78607125102976,10
643,76.56559078039749,19.788620521184498,10
644,76.70987286349518,19.814735685093794,10
645,76.779284806363,19.863290520065863,10
646,76.82679652026044,19.89643240253756,10
647,76.83839703181488,19.884930499582975,10
648,76.94235314598285,19.801757799129703,10
649,77.0807118694238,19.758767808762293,10
650,77.18361874624178,19.82849222404961,10
651,77.1852155365804,19.829306695070976,10
652,77.34926217928133,19.85611111243615,10
653,77.4701559179412,19.82469266633283,10
654,77.64856946525482,19.86694878658506,10
655,77.78507939080956,19.845351968388982,10
656,77.87396252612824,19.891273596279213,10
657,78.01942890814146,19.912302621218483,10
658,78.03010189732451,19.923359301754527,10
659,78.03367648480562,19.924365036658756,10
660,78.13246982365317,19.98310121957224,10
661,78.16467106869939,19.981534186967,10
662,78.237975225947,19.88861175844455,10
663,78.33439864856241,19.989526406802156,10
664,78.39330434521545,20.018688566726443,10
665,78.55743071921549,19.991028357241216,10
666,78.72299049735201,20.10434575897806,10
667,78.9375020437043,20.153313289400188,10
668,79.04124360514795,20.214243067699147,10
669,79.34111133894922,20.111699470505535,10
670,79.41650723495755,20.029945826105244,10
671,79.49082614462681,19.94420261699949,10
672,79.63179067255427,19.969943623648483,10
673,79.92251076965428,20.01200310349954,10
674,79.99863765112562,20.01740479867927,10
675,80.12750178879853,20.11130910277466,10
676,80.35260154353249,20.053332288165425,10
677,80.4005275623246,20.081650955686182,10
678,80.45765705495766,20.114153428523075,10
679,80.62914984534389,20.184317475887116,10
680,80.77652618627612,20.279283210698207,10
681,80.7878938131275,20.268762428361242,10
682,80.7960397291705,20.274662570622755,10
683,80.79726321333008,20.275133484954225,10
684,80.88437064329659,20.3019401042355,10
685,80.96999132781704,20.35660729848837,10
686,81.04386476009465,20.39710797491825,10
687,81.11817448087746,20.268803929200544,10
688,81.13633050604537,20.284363450758402,10
689,81.22741995184698,20.167188230681457,10
690,81.4361681429236,20.254735606313623,10
691,81.64200180195681,20.243626442056808,10
692,81.72832344232077,20.288875787104953,10
693,81.89776038046391,20.361579639278528,10
694,81.967428709582,20.412115164985398,10
695,82.10890328838641,20.468021633695603,10
696,82.20242434053439,20.493528439833792,10
697,82.24205213184106,20.51339357659076,10
698,82.275907237445,20.52041734600272,10
699,82.29862544713278,20.534781093036,10
700,82.31512306361267,20.520391002763265,10
701,82.38557362179492,20.571818879562635,10
702,82.59796191731553,20.553125823653115,10
703,82.72786877572166,20.52024510188455,10
704,82.86862641628696,20.61626429783626,10
705,83.02571849478811,20.62186249590649,10
706,83.18764512656139,20.669857706029177,10
707,83.37672531238866,20.741810713730857,10
708,83.59508290071474,20.89435595449807,10
709,83.73669517263166,21.052381764707086,10
710,83.83582160916286,21.103305642797597,10
711,84.01808389265781,21.185988224517285,10
712,84.262358318403,21.1665600747291,10
713,84.39060217531355,21.213681356979098,10
714,84.47763161525081,21.269617518698816,10
715,84.56925052966213,21.17983973277109,10
716,84.66738473246407,21.25658841039717,10
717,84.74598172562614,21.3091712208787,10
718,84.83228380778614,21.374908272922386,10
719,84.93724969980875,21.36754821786502,10
720,85.0790297718808,21.458668692372836,10
721,85.20366164972049,21.516451421441655,10
722,85.27924119807055,21.421303263253236,10
723,85.30309103618876,21.424189102949754,10
724,85.37522599686093,21.337882639072202,10
725,85.48516620835042,21.374706993525752,10
726,85.5700980281772,21.41804754646326,10
727,85.61473529709582,21.43058523516461,10
728,85.65297056428722,21.453561976558944,10
729,85.76120186477732,21.53032156315211,10
730,85.83020248074993,21.58941217808531,10
731,85.84366454396522,21.599342909912455,10
732,85.9171384038454,21.65580454535968,10
733,85.99195267334184,21.713003362706495,10
734,86.0894850723274,21.693413430902723,10
735,86.18489681918372,21.672123519784318,10
736,86.27546986464674,21.66761219314035,10
737,86.39850091807901,21.697529429718333,10
738,86.61549646642311,21.66632177853717,10
739,86.75509661175678,21.716619902205355,10
740,86.9039489310816,21.692578727025122,10
741,86.97405446094652,21.60745823787535,10
742,87.11536635147702,21.579981357897093,10
743,87.17154909943889,21.589362364305575,10
744,87.20634602089672,21.610443982206384,10
745,87.35451908317535,21.596304991992973,10
746,87.42746226195635,21.45877369965054,10
747,87.54544615516924,21.305212907101783,10
748,87.64243105684656,21.34513226224182,10
749,87.7521480858266,21.3680467927362,10
750,87.97439373633469,21.32214467203624,10
751,88.12137466920736,21.239452029527534,10
752,88.26317943925565,21.158034447791504,10
753,88.54280251886816,21.08878844903784,10
754,88.68134108698857,21.15550819079645,10
755,88.77702054824294,21.028262387157714,10
756,88.91288470405213,20.929172477854554,10
757,89.07776926932324,20.88705419683006,10
758,89.2887979263036,20.710506082805693,10
759,89.3324361137392,20.72282762272149,10
760,89.42845423475221,20.72697706675272,10
761,89.43707883690745,20.733743990742767,10
762,89.5446717658362,20.66360488836455,10
763,89.64007575299095,20.672025446247943,10
764,89.68696308098983,20.646741031703307,10
765,89.76820693346062,20.686371928049294,10
766,89.8669949985594,20.568777725408893,10
767,89.8862207844001,20.5681424844254,10
768,89.96786480934762,20.560046688889987,10
769,90.05585337556816,20.43530509826972,10
770,90.2688368094205,20.366543703605032,10
771,90.39761109626438,20.388277241953613,10
772,90.47675300960516,20.335697777136343,10
773,90.51415506396694,20.307631216382013,10
774,90.53388824117522,20.324836811825346,10
775,90.69867028078421,20.077344815839343,10
776,90.72534449309293,20.04608993047453,10
777,90.83223301959877,19.922607081724344,10
778,90.86209929592097,19.918025363323608,10
779,90.87172429846015,19.911320537046464,10
780,90.94694785676528,19.78676847323975,10
781,90.94883857248212,19.784862291538676,10
782,91.04104549639152,19.84912645974718,10
783,91.11341133236897,19.849619007173512,10
784,91.12052120783878,19.848539302521854,10
785,91.33751619436168,19.781149042100523,10
786,91.37695781791595,19.808315516247106,10
787,91.45472502040221,19.89941930152613,10
788,91.54051117729777,19.96387509328997,10
789,91.6217825865903,19.84697064166292,10
790,91.6708349485998,19.901827191315792,10
791,91.84864634273468,19.863038484388444,10
792,91.98984256737563,19.800356364827607,10
793,91.99414237828044,19.80144942047194,10
794,92.0769533723492,19.683699567278527,10
795,92.16147364971923,19.711599154218646,10
796,92.16954831143705,19.71548886294402,10
797,92.18358239952249,19.70459654233658,10
798,92.32085705782751,19.78969107012576,10
799,92.54776621525022,19.905505919693294,10
800,92.69839982467917,19.984953134840012,10
801,92.79522064490016,20.027179233440158,10
802,92.8183848297081,20.044075716623027,10
803,92.84822089840262,20.046449853438308,10
804,93.0020521766719,19.997827995729047,10
805,93.1108691575183,19.930853099184556,10
806,93.372017932755,19.94867470960194,10
807,93.46723993978873,19.97071976315898,10
808,93.6030141281174,20.039101212522894,10
809,93.80718741806875,20.16100432054072,10
810,93.83528306940605,20.137984459784352,10
811,93.95451098537174,20.071576468797712,10
812,94.13728749998224,20.17185806840754,10
813,94.19799431662423,20.214067780194064,10
814,94.30696914392817,20.23450731939615,10
815,94.37350860453498,20.29392666360226,10
816,94.53876614132085,20.351914775687103,10
817,94.82666727235278,20.491269627800605,10
818,94.98893243910366,20.510271993983714,10
819,95.07288820654665,20.570961967688557,10
820,95.12206108502036,20.57130461731186,10
821,95.2550890031702,20.63461085321998,10
822,95.40960002946281,20.738427862705382,10
823,95.55216986810771,20.611409804955343,10
824,95.64280171593774,20.575379061732367,10
825,95.82105873159908,20.635816564294483,10
826,96.08888243158039,20.69327868087775,10
827,96.42680495192383,20.645543224630448,10
828,96.56960726790615,20.55513426153981,10
829,96.72335927773034,20.68293921274341,10
830,96.90061616778104,20.690844406198654,10
831,97.06101854666315,20.804201234577086,10
832,97.22689688483092,20.94574533441255,10
833,97.36056071566173,20.94414047801236,10
834,97.53575859742011,20.887304064758627,10
835,97.64890350379741,20.96596648673885,10
836,97.76455321925873,20.866542578574936,10
837,97.97591071589675,20.853235336177228,10
838,98.0507059410866,20.898162100851266,10
839,98.12924001814218,20.94629804722495,10
840,98.31562546639103,21.046863713957855,10
841,98.59359293747225,21.120238129332794,10
842,98.68019739959136,21.152168887012046,10
843,98.86873031770074,21.13427997543911,10
844,98.94095853086114,21.026091246539046,10
845,99.15219387804989,21.202634641288753,10
846,99.30127732480422,21.32248172775838,10
847,99.42607140186502,21.22162117320688,10
848,99.5766147383322,21.1724151883746,10
849,99.67456967584515,21.086927467091268,10
850,99.80896453605595,21.17436320617141,10
851,100.07597791875295,21.241523746579954,10
852,100.12958566805285,21.28388671562974,10
853,100.29242009851792,21.427376707791566,10
854,100.37106546731698,21.49266813705175,10
855,100.59433181954181,21.528646130037917,10
856,100.67631300478317,21.60006220481112,10
857,100.75554740119833,21.672790079142942,10
858,101.00021466448774,21.71217540145439,10
859,101.10533818226119,21.618456609528785,10
860,101.35013879972671,21.67260861771523,10
861,101.45534715470366,21.684871430011967,10
862,101.60761417253588,21.704950367500032,10
863,101.83405474814681,21.71743351850979,10
864,102.06710487625726,21.711792519634717,10
865,102.15764675114828,21.589622544717503,10
866,102.3282972593974,21.555473209880862,10
867,102.4155109530052,21.615830650002827,10
868,102.57087749886992,21.726609373543006,10
869,102.6474938270596,21.60542922869427,10
870,102.72615974206917,21.58952268990548,10
871,102.72817175219384,21.589349153298123,10
872,102.76978944847365,21.606204076070114,10
873,102.93718837067217,21.560528721041223,10
874,103.07944744182085,21.507933927396277,10
875,103.10530698532645,21.504879043061372,10
876,103.18660633768896,21.377346425213005,10
877,103.19876246950284,21.36072418549498,10
878,103.28668609656617,21.42567728389447,10
879,103.52090304139577,21.337713380117204,10
880,103.59155192374301,21.409078066064247,10
881,103.81834102043236,21.26803659283038,10
882,103.93148542515493,21.175112726727306,10
883,104.21811237350195,21.099863614802043,10
884,104.44610528211717,20.967842148908137,10
885,104.5288459610343,20.960507217928445,10
886,104.63007163349616,20.932055518743212,10
887,104.74102277463217,20.829688069305487,10
888,104.97363226506249,20.74775248580082,10
889,105.18403307257338,20.5279824865548,10
890,105.46493799126554,20.485275813238566,10
891,105.69288111827866,20.428634459919163,10
892,105.79533220304475,20.378881765272492,10
893,105.89180451155315,20.41489834148859,10
894,105.96877235593249,20.317882348478573,10
895,106.1824407853223,20.276191458881083,10
896,106.25662387516236,20.173310986729767,10
897,106.25853544307579,20.172794031984267,10
898,106.4201633274807,20.12737307119076,10
899,106.50766752171853,19.996264192167565,10
900,106.65106845326652,19.894283395833476,10
901,106.65334419158573,19.891922206132232,10
902,106.76748657313794,19.854342325533523,10
903,106.8019270204203,19.824732601807135,10
904,107.01784855910293,19.957054830264763,10
905,107.10084351886967,20.013913066794796,10
906,107.25080664399945,19.91854438215363,10
907,107.28068489147833,19.878471616829334,10
908,107.29771584455068,19.85946333554072,10
909,107.34576767105739,19.80637625246544,10
910,107.36329864786426,19.81278152865815,10
911,107.38266591831268,19.79514060443511,10
912,107.39071454267659,19.79915729285179,10
913,107.39290574164424,19.7969246486842,10
914,107.47021616651833,19.802406538177916,10
915,107.55271790409104,19.81468156184992,10
916,107.62426791079024,19.827028164319326,10
917,107.71170722891573,19.72873419084469,10
918,107.85521111462636,19.79795331264211,10
919,107.88591423499342,19.786290032492182,10
920,108.0086114135373,19.709011301669154,10
921,108.1395948500639,19.72746856493909,10
922,108.39631608437546,19.573931385432036,10
923,108.66373096895339,19.62427642371337,10
924,108.82705777843451,19.583684248859278,10
925,109.06112891517166,19.703163021667763,10
926,109.17641852078125,19.797065353053565,10
927,109.39667150985788,19.918724228477693,10
928,109.58607580384766,19.919864807344535,10
929,109.81694333221728,20.077548277488507,10
930,109.96000540509473,20.164368171696324,10
931,109.97874835305751,20.163641719135082,10
932,110.21998492295822,20.322068359262605,10
933,110.38599740586275,20.41646701625061,10
934,110.60284026684175,20.56673790882036,10
935,110.74015392549015,20.66011611792646,10
936,110.89336892863807,20.78963786664239,10
937,111.03945847135392,20.89243839526492,10
938,111.22913794199833,20.972476082620744,10
939,111.36693815885837,21.00418497802191,10
940,111.6475084660481,21.207042753935557,10
941,111.87021364138234,21.338812774334134,10
942,112.0104084823325,21.40050774835867,10
943,112.06103208138381,21.438637116460004,10
944,112.30965904449343,21.564963317874277,10
945,112.43639979241637,21.55132453030406,10
946,112.56271147852809,21.620343536062816,10
947,112.7777815473218,21.80108801154286,10
948,112.99735840391115,21.96828103058386,10
949,113.09487134912317,22.0231038886975,10
950,113.38703700685912,22.253190427054808,10
951,113.74382078439928,22.531444774329294,10
952,113.82393664682111,22.597088238447032,10
953,113.97973256553568,22.70048925956125,10
954,114.03300327078989,22.73717122392583,10
955,114.189631472309,22.87626426507461,10
956,114.26285574865776,22.916353944856926,10
957,114.29215453770242,22.948657455168675,10
958,114.38132960285506,22.945225447210927,10
959,114.52132393578943,23.026208967665497,10
960,114.67942896887698,22.98077751776643,10
961,114.7005460502309,22.99199540146477,10
962,114.70824297886148,22.997683032175427,10
963,114.921815406359,23.01367486018896,10
964,115.13635773703939,23.037170942024826,10
965,115.22630437743415,23.13561449913777,10
966,115.44565855966457,23.2329490531724,10
967,115.65885658785415,23.427301511364686,10
968,115.76420070212642,23.464261424456193,10
969,115.87218238042905,23.49023008659893,10
970,116.02577710548181,23.648334167664416,10
971,116.11251921371915,23.556356472204413,10
972,116.1147282779071,23.556197281863938,10
973,116.26195166841069,23.543924153125655,10
974,116.28200186153825,23.549487031634982,10
975,116.28443027586658,23.548190083030395,10
976,116.3021274693875,23.558306400270958,10
977,116.32146245739607,23.570040903215666,10
978,116.35399096860462,23.585478305654448,10
979,116.375547755273,23.591639679062762,10
980,116.44926130845938,23.63973869177508,10
981,116.45209974599409,23.64222449542003,10
982,116.53938814477502,23.516380725374276,10
983,116.60773322677372,23.43688007614446,10
984,116.68563977744066,23.340337173866942,10
985,116.82366128858715,23.21953253583538,10
986,116.82795487055357,23.2214674549939,10
987,116.95288638046968,23.11349700004317,10
988,117.0117320780998,23.027228465444402,10
989,117.10959745995578,22.948555800810645,10
990,117.18338263580945,22.85199029741984,10
991,117.25930373180172,22.90340915969138,10
992,117.27342802612142,22.909171802461554,10
993,117.40891294994029,22.879120352927046,10
994,117.47091842059967,22.795153010910905,10
995,117.48552097754457,22.800703386365598,10
996,117.57073308304732,22.834688026085768,10
997,117.65440810462401,22.869458323962682,10
998,117.79382653924006,22.81357966704378,10
999,117.89215272616434,22.870859322949315,10
1000,118.00345688029014,22.773058904734793,10
1001,118.07550129292443,22.680084717450836,10
1002,118.08044193043636,22.680218782222205,10
1003,118.11734746930415,22.707741693190105,10
1004,118.18662528696532,22.68813820658807,10
1005,118.25816386559636,22.73395152781114,10
1006,118.31748149221968,22.70476751560387,10
1007,118.41700596300493,22.57178116821016,10
1008,118.42181318578643,22.57171490748868,10
1009,118.46455974892815,22.529705779939555,10
1010,118.55892219253133,22.3906356885958,10
1011,118.63233721420738,22.440627486014744,10
1012,118.67635243140744,22.391734754339733,10
1013,118.75043207390176,22.280256938197056,10
1014,119.05206576372723,22.34933430199839,10
1015,119.14201965277277,22.369975797009715,10
1016,119.35859777479588,22.143463294664254,10
1017,119.38595728584724,22.13406828422613,10
1018,119.45698332705206,22.04074254725172,10
1019,119.47425609602047,22.044963466548158,10
1020,119.54620718449185,21.95546455773464,10
1021,119.63751799170434,21.81930167121285,10
1022,119.64162455090965,21.821293424921766,10
1023,119.64743117505562,21.822731780111432,10
1024,119.75091075938174,21.762040605551082,10
1025,119.76934472233532,21.74406383688817,10
1026,119.82521113604655,21.669232981252947,10
1027,119.86260517328881,21.62568587566733,10
1028,119.87147434117487,21.62811209577812,10
1029,119.88070593920376,21.63263217724918,10
1030,120.06446530118353,21.56419441764117,10
1031,120.22478816004946,21.494955981202395,10
1032,120.3198317958393,21.5236033029543,10
1033,120.41498565598411,21.45878493233676,10
1034,120.63001318995116,21.445709366749483,10
1035,120.94279957602821,21.39405417151235,10
1036,120.9643102381901,21.39232705189817,10
1037,121.08365351784141,21.267043395694053,10
1038,121.22383575205319,21.047083078454808,10
1039,121.45267563036505,20.906800701260035,10
1040,121.59714235550004,21.016799150441894,10
1041,121.86419748966605,21.103890022334884,10
1042,122.0942153224378,21.188363599778032,10
1043,122.4318453576107,21.09768215016042,10
1044,122.58921093343433,21.05446140173965,10
1045,122.79919951495037,21.127550778486878,10
1046,123.01274718830227,21.191838070916624,10
1047,123.11022771773295,21.276440392489118,10
1048,123.33627960434447,21.461808898313894,10
1049,123.59081163377009,21.599021527608926,10
1050,123.66256978581484,21.650294510757686,10
1051,123.76571037489285,21.69137839674917,10
1052,123.86270570502604,21.75697173249675,10
1053,124.0084639049893,21.813115354123614,10
1054,124.14607155592095,21.878055645040007,10
1055,124.42887789424799,21.93558193038241,10
1056,124.64048957174516,21.952973519626337,10
1057,124.69406363829816,21.901596899718765,10
1058,124.97363025623721,22.105219261022818,10
1059,125.2320334354542,22.131256338462663,10
1060,125.40758378538403,22.20424224093734,10
1061,125.52603043516379,22.242465590032136,10
1062,125.65062547664479,22.328201056931732,10
1063,125.73889942033261,22.39832638622344,10
1064,125.83398703930804,22.484546643100707,10
1065,125.87853993748024,22.48235003609687,10
1066,125.99493186793939,22.58929018468487,10
1067,126.08773684241096,22.66809686062501,10
1068,126.25194869865354,22.8093759291439,10
1069,126.33629337115022,22.86664580721809,10
1070,126.59747014383402,22.786686622331402,10
1071,126.88713839644872,22.863634482239902,10
1072,126.96937034603948,22.91429540244235,10
1073,127.11740943706756,22.869049022272247,10
1074,127.23392000471388,22.892808533473858,10
1075,127.24213385016567,22.896236873215535,10
1076,127.33449891899542,22.936743855467405,10
1077,127.48300389064393,22.906051321210978,10
1078,127.54605403044096,22.851092341088705,10
1079,127.60353532287331,22.823769458968584,10
1080,127.71151080417656,22.847292545889445,10
1081,127.7951021952758,22.90882391331031,10
1082,127.8686987000186,22.979069458030242,10
1083,127.91854623343099,22.993344976563552,10
1084,128.14359594552772,23.197279569729698,10
1085,128.35677438792732,23.381402402773066,10
1086,128.49618407259956,23.502850276842754,10
1087,128.64480302626072,23.599310218378154,10
1088,128.64591789456324,23.599898392965503,10
1089,128.72570780431084,23.51608525620744,10
1090,128.86490418898606,23.479508079795043,10
1091,128.9604331069923,23.41540373439725,10
1092,129.01085433970326,23.452135213279465,10
1093,129.159224268159,23.413722647200103,10
1094,129.25296678546843,23.343646851640337,10
1095,129.37189920608293,23.423980800006273,10
1096,129.5377114713717,23.409869502040582,10
1097,129.60978183942387,23.469369942577163,10
1098,129.68475962670954,23.526966854030963,10
1099,129.71582122845624,23.521158184677343,10
1100,129.75238499027478,23.485031189425214,10
1101,129.82557405647293,23.549677285693935,10
1102,129.86129251347208,23.509543683304546,10
1103,129.86484751460918,23.51096061375731,10
1104,130.0219019753851,23.626195046322067,10
1105,130.1827092042252,23.746278833361337,10
1106,130.18610274475165,23.747490760509482,10
1107,130.28335552655864,23.68127902219052,10
1108,130.3858555928446,23.760419734895027,10
1109,130.46330447780377,23.639305331266314,10
1110,130.67267739787923,23.621029299100055,10
1111,130.8143343603157,23.717391585123405,10
1112,130.95654913791526,23.676794454351636,10
1113,131.03062208223974,23.564973900757582,10
1114,131.18507233011422,23.559784158716845,10
1115,131.26477761886292,23.501682416788178,10
1116,131.33738655335486,23.579877638559147,10
1117,131.48799947255776,23.605915010132673,10
1118,131.7093048088429,23.695345786631453,10
1119,131.81357712382575,23.781315605740403,10
1120,131.96601121286477,23.91467319234887,10
1121,132.120894775915,23.734626804543197,10
1122,132.32793739249723,23.811555112046168,10
1123,132.50402527568238,23.829351847473937,10
1124,132.58010500923672,23.88533062941932,10
1125,132.71910682464693,24.04584657406034,10
1126,132.83296086527147,24.143685789266765,10
1127,133.00892001074624,24.2664854176691,10
1128,133.26326741992682,24.50180422212643,10
1129,133.46297917664515,24.710212157366527,10
1130,133.6871571872893,24.782668054911497,10
1131,133.84018354933443,24.853978191652796,10
1132,133.94063166662767,24.929363157717823,10
1133,134.18250097617232,25.01864290748026,10
1134,134.35704658177764,25.0568927160844,10
1135,134.43872473262195,25.007517567349698,10
1136,134.52633281132773,25.050978568841867,10
1137,134.61802633488384,25.026813331183817,10
1138,134.72326574328267,24.995243692971354,10
1139,134.80160013301256,24.958928859364697,10
1140,134.81284260644148,24.960782126849768,10
1141,134.8437022220604,24.922474837385966,10
1142,135.05455939548668,24.8808231693302,10
1143,135.12739998349952,24.84242546231888,10
1144,135.2054786092866,24.766901517831045,10
1145,135.25150455751205,24.72890942366084,10
1146,135.3233829899753,24.6995021059133,10
1147,135.33611273464297,24.70218217518306,10
1148,135.48963561794386,24.64516379538419,10
1149,135.60189120103558,24.5329836594388,10
1150,135.6669219133911,24.502976380875513,10
1151,135.82590691536384,24.570890221339162,10
1152,135.9181743479459,24.61154785697505,10
1153,136.08816759104639,24.45847722189288,10
1154,136.17255452133267,24.334620652815268,10
1155,136.1901257231885,24.346294401719486,10
1156,136.36614715227023,24.186975362260448,10
1157,136.57195605498694,24.169249078956607,10
1158,136.91197931975051,24.21188709889913,10
1159,136.93109211113182,24.19558226766611,10
1160,137.02462374873784,24.13775405798983,10
1161,137.11458442631388,24.192708662712946,10
1162,137.25728888712626,24.142354412842586,10
1163,137.46547020651343,24.175285202631255,10
1164,137.60459386761227,23.950335922232526,10
1165,137.77275975067735,23.947820780540646,10
1166,137.7751016609702,23.948006096513755,10
1167,137.93721060189614,24.12280484372244,10
1168,138.1643694346161,23.991497127196087,10
1169,138.372469971029,24.057452637326712,10
1170,138.5474884277914,24.14648310145339,10
1171,138.56186526884701,24.164011602782093,10
1172,138.61309024527117,24.196504466439105,10
1173,138.7279377215163,24.08678616782209,10
1174,138.76886254368722,24.087496938113183,10
1175,138.8901833065256,24.02056622653722,10
1176,138.92764261517144,24.00725415350715,10
1177,139.07198179704557,23.93038806932712,10
1178,139.31403644189336,23.918988330009952,10
1179,139.5397582652471,23.792862097896545,10
1180,139.72694493110208,23.902432162656382,10
1181,139.9448403504814,23.810542986134045,10
1182,139.9509802032823,23.81192931346527,10
1183,140.0471929559814,23.858616554950558,10
1184,140.08104913281392,23.864616548839933,10
1185,140.1514656887216,23.74699613810986,10
1186,140.17147974788554,23.769349766254646,10
1187,140.37570844648877,23.800133261995903,10
1188,140.54059620756533,23.885334530305276,10
1189,140.54351042987926,23.88458923611845,10
1190,140.6807425869976,24.000358644828374,10
1191,140.69193256312823,23.99335327914147,10
1192,140.6984507697352,23.990979110317657,10
1193,140.70103537649635,23.99117214351785,10
1194,140.7930712306121,23.92576043079819,10
1195,140.7969617965257,23.923655308611284,10
1196,140.89507939068866,24.022134569106356,10
1197,140.97978823556087,23.920191557727637,10
1198,141.057591263075,23.95062711895877,10
1199,141.1501004944968,23.8500495499518,10
1200,141.31727237073852,23.82184583302341,10
1201,141.73972184923477,23.901444201278323,10
1202,141.82209159711746,23.954545399872497,10
1203,141.89264345480862,23.841345145828857,10
1204,141.9813209942625,23.89556226512189,10
1205,142.00523076216325,23.89542762313834,10
1206,142.26934851230104,24.06340084016849,10
1207,142.4897886136194,24.038134315729593,10
1208,142.63307291861605,24.058118048508895,10
1209,142.7598686301075,24.082939868965582,10
1210,142.9237574400376,24.178217988151083,10
1211,143.2039135957133,24.202473913030293,10
1212,143.28425023106632,24.11154213697724,10
1213,143.3714889925014,24.136172563915995,10
1214,143.47083175407647,24.19297077521176,10
1215,143.62204224549575,24.26672489747966,10
1216,143.69662598495066,24.224623100545028,10
1217,143.78486135559677,24.319887559188864,10
1218,143.81254270421687,24.293431268414693,10
1219,143.9656132968474,24.31069404262984,10
1220,144.06909220189905,24.194092874525563,10
1221,144.18995469161098,24.270635786171365,10
1222,144.34625978169325,24.396336208151496,10
1223,144.5547493756504,24.304086511488713,10
1224,144.56710344507673,24.297254615382503,10
1225,144.70481479705796,24.326338221857032,10
1226,144.79374395006172,24.234242832952376,10
1227,144.86426746770582,24.131843505341497,10
1228,144.9355864900315,24.14547783813103,10
1229,145.07649511581445,24.226926151811625,10
1230,145.29471479833157,24.348110212004208,10
1231,145.37039315798785,24.24718020265919,10
1232,145.60304925006614,24.207340684018902,10
1233,145.6907201443558,24.282896053743958,10
1234,145.8330731358087,24.322723709638588,10
1235,145.97259578855824,24.36405016827446,10
1236,146.07930010408973,24.248296575355106,10
1237,146.14892267446407,24.27292044702634,10
1238,146.21566229975573,24.357434732625446,10
1239,146.23364789188162,24.37138621402856,10
1240,146.34151554452689,24.47793964204101,10
1241,146.47628034459666,24.53633505927071,10
1242,146.55582043935104,24.612523129008746,10
1243,146.62510664934192,24.586616004269004,10
1244,146.62969206228172,24.588497732354796,10
1245,146.75974942988452,24.635179985327802,10
1246,146.8366856560835,24.71813881130597,10
1247,146.85421268489125,24.7090001547529,10
1248,146.9748674574234,24.77248748203424,10
1249,147.0261966045238,24.75970859253535,10
1250,147.0287304105196,24.761480900267507,10
1251,147.09702931489275,24.738326698702664,10
1252,147.2904918556829,24.81022551623683,10
1253,147.4676027141722,24.929565066318922,10
1254,147.47321926637568,24.927307165305148,10
1255,147.49217105197263,24.948044340484927,10
1256,147.57037305569685,25.03570144175143,10
1257,147.6458606548448,24.938487303084166,10
1258,147.79620019186055,25.022933630278096,10
1259,147.95112276870182,24.823252434145317,10
1260,148.11066376008256,24.635163354140552,10
1261,148.27490274171964,24.522275131079365,10
1262,148.27680956513504,24.521361839948046,10
1263,148.36976407872925,24.475655724286046,10
1264,148.3747525023555,24.474931193338005,10
1265,148.409164026137,24.467881171431625,10
1266,148.4991818121507,24.497597419535545,10
1267,148.54387573769026,24.52313960377048,10
1268,148.63763947828778,24.56057979671958,10
1269,148.71372433113257,24.6249822238495,10
1270,148.731855574465,24.634383986380428,10
1271,148.77474166820943,24.601091697560356,10
1272,148.8421312372103,24.70172426035847,10
1273,148.92489452270422,24.72185931373202,10
1274,149.0978591222289,24.863861405354914,10
1275,149.27373938396485,25.009960063033827,10
1276,149.34984597287956,25.109679332771623,10
1277,149.4506260074637,25.213010001452,10
1278,149.5065698381815,25.192091842439815,10
1279,149.697242048616,25.274448400167387,10
1280,149.82551140576703,25.400409581031703,10
1281,149.89663089221287,25.508206958801228,10
1282,149.9096191575806,25.527980718707255,10
1283,149.9889511864332,25.550398609350047,10
1284,150.15670342757582,25.666657158760273,10
1285,150.2995262797032,25.81345309425216,10
1286,150.4115196257493,25.89587519609942,10
1287,150.60067200824517,26.002195496266047,10
1288,150.67200605702752,26.004169218483284,10
1289,150.81430070591,26.12812837897237,10
1290,150.98499448603008,26.201389814707177,10
1291,151.05727847767122,26.208204895568567,10
1292,151.0843407758576,26.23654655170804,10
1293,151.12894920236678,26.277446244466308,10
1294,151.22179094358688,26.386350798387124,10
1295,151.30669098043035,26.481798041157038,10
1296,151.38609545901474,26.584016001412866,10
1297,151.47695310268043,26.640130000573023,10
1298,151.62117811574367,26.795321818497182,10
1299,151.7622718435759,26.82584446354108,10
1300,151.95134828209535,26.857053888025554,10
1301,152.041838788923,26.86060713985283,10
1302,152.06405601675402,26.8628209954823,10
1303,152.08419722539873,26.869506888587505,10
1304,152.09810185363804,26.87170121806199,10
1305,152.32225898991342,26.92613128412247,10
1306,152.48790706830962,26.950953220200574,10
1307,152.6378107818595,27.083343609121727,10
1308,152.75566906687715,27.202210816070235,10
1309,153.16844638303178,27.151439496628342,10
1310,153.3279266022818,27.23507050566206,10
1311,153.49796398579966,27.296212301010616,10
1312,153.77895054518808,27.282945417569607,10
1313,154.125238814158,27.495640543888385,10
1314,154.27479503306088,27.63224935531516,10
1315,154.55752480182701,27.732286623752806,10
1316,154.63555632583518,27.78062960886079,10
1317,154.72939667836036,27.6875008432783,10
1318,154.74682012971434,27.694538789856875,10
1319,154.90686482281302,27.801807670986477,10
1320,155.02376324586538,27.861648363728893,10
1321,155.24210315689146,27.92461044285371,10
1322,155.24611959681053,27.92220610979866,10
1323,155.27371808587773,27.942285888851533,10
1324,155.30716067597353,27.948044395262507,10
1325,155.38118946795888,27.96546409559921,10
1326,155.5194010450812,28.003742411240058,10
1327,155.6383649929972,28.017466820321367,10
1328,155.84722925771416,27.949193163403475,10
1329,156.06441181873674,28.01156298702799,10
1330,156.15861798125545,28.01943656487202,10
1331,156.29982801861684,27.968209949966177,10
1332,156.3864798540574,27.968941751044834,10
1333,156.61999446107137,28.036262902079404,10
1334,156.72760808048952,28.067439107006848,10
1335,156.9585456240709,28.20126810209301,10
1336,157.1313568140356,28.22279769845808,10
1337,157.21720708399963,28.204332854614076,10
1338,157.30889944581773,28.25840558297603,10
1339,157.3924171643368,28.302787010291752,10
1340,157.5798316435914,28.129704910125962,10
1341,157.65976463795394,28.069752908567136,10
1342,157.66526500028073,28.071771783135652,10
1343,157.70091204802148,28.04814669587963,10
1344,157.77566026499164,28.03797887490508,10
1345,157.85049824380766,28.09504421734355,10
1346,157.85847853794075,28.0886991586815,10
1347,157.93199739750483,28.150824805284323,10
1348,158.00546059344884,28.163138497978967,10
1349,158.08776641635086,28.216062328445528,10
1350,158.1881398340054,28.25523446961882,10
1351,158.34900755365138,28.338679929756744,10
1352,158.3780569099474,28.368110336097384,10
1353,158.39831213344445,28.37141508649575,10
1354,158.577528548486,28.325127757218144,10
1355,158.6023363395456,28.318937861198826,10
1356,158.76194491258033,28.384881171611966,10
1357,158.79045408122835,28.36589242756783,10
1358,158.89022593182267,28.387957213898183,10
1359,158.98697280690743,28.372010437677318,10
1360,159.02093679796988,28.341075920826377,10
1361,159.18081185938644,28.422156023680472,10
1362,159.26521386958368,28.519554621402417,10
1363,159.3624450507742,28.651921678206055,10
1364,159.364605468884,28.650445402478063,10
1365,159.3896869881093,28.63681101484356,10
1366,159.4613699892981,28.543828808676725,10
1367,159.469581678128,28.55023583682315,10
1368,159.52739066349562,28.64199486101983,10
1369,159.6849619189339,28.667336863757356,10
1370,159.74240765572804,28.759326484329232,10
1371,159.81288878584115,28.669413120237262,10
1372,159.88668960286816,28.722220980450164,10
1373,159.9772502561535,28.80192724286086,10
1374,159.99651384304923,28.807263279263363,10
1375,160.10883465618033,28.920551349160952,10
1376,160.15172221561713,28.994326387803355,10
1377,160.17659156470174,29.009174327717943,10
1378,160.190827631209,29.030809923924135,10
1379,160.40979407558441,29.243111549240293,10
1380,160.48212222795757,29.264461499215834,10
1381,160.54265601051014,29.26936813132982,10
1382,160.61269688089513,29.2798810081759,10
1383,160.7260865459023,29.34143134973698,10
1384,160.80337438278744,29.36223192028526,10
1385,160.82604872047116,29.364653595954707,10
1386,160.84449855413703,29.359881536353484,10
1387,160.84712668493947,29.359860450329638,10
1388,160.85591737611495,29.360421074555884,10
1389,160.93533898652296,29.3723128290469,10
1390,161.00519186663433,29.38604210675893,10
1391,161.0271162760647,29.368040579827618,10
1392,161.09714476964442,29.38204788028054,10
1393,161.17680322881702,29.500600211287825,10
1394,161.2661827231814,29.435999047401676,10
1395,161.43306478373083,29.255293006732536,10
1396,161.46443468565013,29.245621642416854,10
1397,161.60110194548758,29.380003996310744,10
1398,161.81999749742891,29.51060208053358,10
1399,162.04800336676712,29.622431830587175,10
1400,162.15033974675006,29.646785444028627,10
1401,162.20263936935567,29.615491384529196,10
1402,162.27602597659478,29.603979526697024,10
1403,162.41114347277977,29.63398505390116,10
1404,162.55367011860397,29.562985219079575,10
1405,162.56277998257923,29.564582453830873,10
1406,162.6439340687109,29.57371660162495,10
1407,162.85120220331763,29.61860663475704,10
1408,162.92362712170785,29.6393957145011,10
1409,162.93493879790637,29.647338781604574,10
1410,163.07434930191675,29.57887199923896,10
1411,163.11418532164853,29.59418627406702,10
1412,163.13231187711054,29.60129676326256,10
1413,163.1799637640775,29.57602269177515,10
1414,163.18785139812707,29.565846682225057,10
1415,163.24937607915598,29.516997077605154,10
1416,163.2509686926665,29.517202230065767,10
1417,163.33703718795283,29.5561539815011,10
1418,163.4090950988417,29.584787818343777,10
1419,163.48288941615212,29.61529992999483,10
1420,163.49151376450365,29.60845633925016,10
1421,163.57017548622343,29.615699893501702,10
1422,163.64166765779672,29.646046159154576,10
1423,163.64875365852663,29.64811079329626,10
1424,163.72672461754195,29.674226709425252,10
1425,163.7346419485403,29.668856672053717,10
1426,163.8815265024599,29.74726079047934,10
1427,163.97718992487563,29.804832297807092,10
1428,163.98224063133267,29.804929597896102,10
1429,163.98642171328785,29.804952236977744,10
1430,164.1285244717386,29.903404896496383,10
1431,164.13946442443844,29.90753300974892,10
1432,164.22628173341644,29.95595871901488,10
1433,164.24007400560498,29.9600952861492,10
1434,164.3240270267874,29.870635107162244,10
1435,164.46198757472138,29.75894446116653,10
1436,164.6289577074528,29.69158859272393,10
1437,164.80009443237446,29.749064375037257,10
1438,165.0748676706839,29.922836834385265,10
1439,165.22880465371182,30.08848925393458,10
1440,165.46233993498353,30.167692897692334,10
1441,165.601710610392,30.213118103008156,10
1442,165.76575155319057,30.10574715498767,10
1443,165.8694574756633,30.03035863664586,10
1444,165.98197704201388,30.052730663543215,10
1445,166.07223031257845,30.099057142316017,10
1446,166.2126149255157,30.17252735092038,10
1447,166.28286613789888,30.18942898286766,10
1448,166.49057897467839,30.299936343535595,10
1449,166.59710324376238,30.320032334154668,10
1450,167.02176876835148,30.424315323473316,10
1451,167.02604653163294,30.423780657116048,10
1452,167.20354296154633,30.60392815004123,10
1453,167.47726357903466,30.56185843026039,10
1454,167.68110082585514,30.686880472566735,10
1455,167.8429513139677,30.774765775841804,10
1456,168.0004084233847,30.686233627670678,10
1457,168.0738690982707,30.573389350679076,10
1458,168.28468028884248,30.67488092840719,10
1459,168.4533146398341,30.81631030242164,10
1460,168.6882405785603,30.932052700773852,10
1461,168.77434801919344,30.99267496361636,10
1462,168.93929004269017,30.931277076537786,10
1463,169.06018470439102,30.93372565848529,10
1464,169.3608422499326,30.896033712959454,10
1465,169.56799820049747,30.97952022602709,10
1466,169.5944815317795,30.948552099654865,10
1467,169.69973795161064,31.02860063911419,10
1468,169.79034881194278,31.0304069377439,10
1469,169.93969977132218,31.111667201463323,10
1470,170.2322007679139,31.33720356993583,10
1471,170.33049374322903,31.388814422175614,10
1472,170.49349990087688,31.468585855221413,10
1473,170.5912697431962,31.49716152184958,10
1474,170.67210245640769,31.554355794510748,10
1475,170.67581758292323,31.55653108221137,10
1476,170.95014498185282,31.72203992698505,10
1477,171.06091332248047,31.842487430616686,10
1478,171.13544451225806,31.877116562450915,10
1479,171.1508722651288,31.89809606491253,10
1480,171.30721957037704,31.834671193594346,10
1481,171.40519630878546,31.885487301260394,10
1482,171.54104217597913,32.02388308250988,10
1483,171.5577727248412,32.02841706451447,10
1484,171.66658804094726,32.07475370569788,10
1485,171.7746520904854,32.11759116505812,10
1486,171.79309127923904,32.12699261709576,10
1487,171.81725445091465,32.09216184367993,10
1488,171.87708559585107,32.115195040688306,10
1489,171.90881224017244,32.08644668481731,10
1490,171.94723523144748,32.09689096398356,10
1491,172.05468463295037,32.032599730788384,10
1492,172.05681976489737,32.03315679406049,10
1493,172.0602325874233,32.03144655278976,10
1494,172.1316205380591,32.05636139643338,10
1495,172.20596167220197,32.08180553298264,10
1496,172.27916821336396,31.98362158562257,10
1497,172.36021593465443,31.895050891173636,10
1498,172.36826247747507,31.89684688543834,10
1499,172.40268057811537,31.94928681969022,10
1500,172.40541101897307,31.949463414882395,10
1501,172.45899477925394,31.943940802704475,10
1502,172.48168209263153,31.954692384849984,10
1503,172.55488555477294,31.94341705571736,10
1504,172.68001548037944,31.968458531636962,10
1505,172.6830469279022,31.96983523345002,10
1506,172.8279369129013,32.10210259529157,10
1507,172.9564815016918,32.17372671914313,10
1508,172.96689284881003,32.1776192030994,10
1509,173.1769391549851,32.31371175967062,10
1510,173.27335534255513,32.331160675418424,10
1511,173.29821534625768,32.30351869298242,10
1512,173.44690511619746,32.34907949187547,10
1513,173.61319458252586,32.30443013273315,10
1514,173.87056163117566,32.33010836260944,10
1515,174.02785190711919,32.328713703738934,10
1516,174.16638962948986,32.221741624736886,10
1517,174.41316275984695,31.999839541765223,10
1518,174.41733874702612,32.00026349903473,10
1519,174.53203316068,31.8937853720079,10
1520,174.77753719633898,31.874074226539665,10
1521,174.96427043834984,31.67093613530168,10
1522,175.12297096352796,31.614138627267323,10
1523,175.2712863141981,31.516767128058373,10
1524,175.41672446529984,31.58540580026527,10
1525,175.4429318326045,31.608046750994497,10
1526,175.51657502858603,31.6513844113478,10
1527,175.6148508981524,31.718346557510845,10
1528,175.6996865130595,31.73634843477104,10
1529,175.8545816905754,31.800156561055445,10
1530,175.9967926455527,31.875814510115042,10
1531,176.08168071980788,31.909784525384367,10
1532,176.09848780632456,31.887023480987853,10
1533,176.1881687112217,31.92148946976351,10
1534,176.25519443439944,31.932000285900735,10
1535,176.33681117565442,31.967670909864015,10
1536,176.4111551119668,31.984358531608382,10
1537,176.48530522966206,31.998017366113565,10
1538,176.64975221896566,32.07970480631671,10
1539,176.71668546945847,32.09582985134032,10
1540,176.799293707966,32.11459256824964,10
1541,176.94531812612183,32.24410464263157,10
1542,177.02837066164665,32.35625773293321,10
1543,177.0695765842959,32.35778903728377,10
1544,177.10087747614864,32.3813528862715,10
1545,177.12683858853973,32.38696485238384,10
1546,177.1409426399155,32.408141611398435,10
1547,177.20938181185227,32.431459766221806,10
1548,177.34536393693068,32.56227038806499,10
1549,177.3532025728636,32.56583462926799,10
1550,177.35466266799503,32.56643265471158,10
1551,177.42306645944456,32.590958870175115,10
1552,177.49503431382436,32.60974550239624,10
1553,177.56588290648978,32.634248146820696,10
1554,177.70872503691976,32.68683108355223,10
1555,177.79198069387738,32.71276282320843,10
1556,177.93112070307072,32.630445636871514,10
1557,177.99901390036575,32.66024269960963,10
1558,178.0084291216881,32.64670733278677,10
1559,178.0336235579013,32.68144233861417,10
1560,178.11386932855623,32.71437982094328,10
1561,178.24941585343686,32.76697430715183,10
1562,178.2826435624925,32.73647153165413,10
1563,178.3669089881425,32.76548469001251,10
1564,178.39309398210753,32.77885753680188,10
1565,178.49132986686246,32.78125458390746,10
1566,178.60229365708167,32.77308885446147,10
1567,178.68709717842134,32.801103481630584,10
1568,178.82077999273372,32.81363248229182,10
1569,178.88055385410237,32.84752420834425,10
1570,178.88941282681301,32.85550379353416,10
1571,178.96018185924086,32.880658526508064,10
1572,179.03561370038673,32.90355814966135,10
1573,179.10812900615443,32.80573661546942,10
1574,179.28683335842976,32.72323560448923,10
1575,179.38098470080303,32.73641416511205,10
1576,179.40375037269763,32.71148345048071,10
1577,179.46096857169422,32.700302347092375,10
1578,179.47794366014716,32.68064116701984,10
1579,179.48152381878683,32.678248370509955,10
1580,179.4865194349216,32.67787185837405,10
1581,179.62719807831263,32.73818068695761,10
1582,179.77148222372938,32.78870849770524,10
1583,179.7963157161741,32.771432445100245,10
1584,179.96356807756973,32.84685649498691,10
1585,180.07174057329553,32.86069505454201,10
1586,180.21155673874884,32.92298917044377,10
1587,180.22156362986067,32.92575742105944,10
1588,180.3042471435709,32.96087178415771,10
1589,180.5269537073695,33.08841017948857,10
1590,180.53502341887952,33.09386612456044,10
1591,180.6336702473249,33.149618677533574,10
1592,180.698251351854,33.203630734831265,10
1593,180.7348503408846,33.22091067678448,10
1594,180.85586812486426,33.301555906062966,10
1595,180.870340824395,33.28527444094547,10
1596,180.92328578341213,33.30945098153998,10
1597,181.001457466264,33.341516552887086,10
1598,181.00539391173453,33.33929101650785,10
1599,181.0451570139132,33.35455197464655,10
1600,181.12985905917947,33.40882460568462,10
1601,181.1600431951354,33.42149541563594,10
1602,181.3661661010143,33.41249454797923,10
1603,181.45941019516755,33.27085882420914,10
1604,181.60168776658347,33.32209581891306,10
1605,181.74300327262438,33.113625498824646,10
1606,181.8896308552526,33.025616063318054,10
1607,181.99530080573726,33.115335325705104,10
1608,182.08343916953095,33.21452674175577,10
1609,182.12076612110914,33.190696282448044,10
1610,182.15046639149267,33.16203296362026,10
1611,182.3053387537063,33.07582533672864,10
1612,182.39343989245702,33.096638172922354,10
1613,182.540227795179,33.18462540606738,10
1614,182.67911140076316,33.33777003550028,10
1615,182.78083696839843,33.348582213160164,10
1616,182.90414581049026,33.40181710119428,10
1617,182.90730288155518,33.40235026228406,10
1618,182.9173817377231,33.393146002149244,10
1619,183.0943174243766,33.48871210877732,10
1620,183.17567606752453,33.521798147626555,10
1621,183.25992930674465,33.60280633339597,10
1622,183.3765764120053,33.68750880281965,10
1623,183.45648775666382,33.59091308538266,10
1624,183.53492453583056,33.705871626808396,10
1625,183.63464567470731,33.75602977346283,10
1626,183.63770355805346,33.75406121503177,10
1627,183.7320604179037,33.822873255675475,10
1628,183.84062406917886,33.89754395213911,10
1629,183.90332321867925,33.92007427306711,10
1630,183.93240368084955,33.91681466183868,10
1631,184.09012184264446,34.04043664826992,10
1632,184.1741904194569,34.078223168884406,10
1633,184.28351289593536,34.14529046901127,10
1634,184.39669172275788,34.20333359631399,10
1635,184.42685562061916,34.21456725155866,10
1636,184.58367319436977,34.274634709239464,10
1637,184.63430621505125,34.297658930227044,10
1638,184.73032644171627,34.29894880416957,10
1639,184.73392449560686,34.29824393374584,10
1640,184.76892628678692,34.24808657256771,10
1641,184.77081152489538,34.24904289029179,10
1642,184.86238534650144,34.28827879346851,10
1643,184.86565177352617,34.28774107681417,10
1644,184.95262969226033,34.31064718609258,10
1645,184.9544693322457,34.30908517038682,10
1646,184.96309062289458,34.3114236220132,10
1647,185.04909679422136,34.34427454248015,10
1648,185.13086308979103,34.38882170105165,10
1649,185.2087227072948,34.271844839151264,10
1650,185.2726344260206,34.31075791018209,10
1651,185.37158688475688,34.36683267996181,10
1652,185.45967687402344,34.40774052601821,10
1653,185.54845544249457,34.452859908990824,10
1654,185.55244868971,34.45261618994959,10
1655,185.64601342332054,34.358784626510065,10
1656,185.7197159450127,34.408718262485635,10
1657,185.7295114044554,34.41017742662364,10
1658,185.85061529444047,34.39445627983334,10
1659,185.93242789419992,34.412520885112365,10
1660,185.94982415977637,34.418810348492435,10
1661,186.0995444791391,34.58192460383325,10
1662,186.11765585508613,34.59088850751583,10
1663,186.23356916623396,34.63167634223608,10
1664,186.28262027429594,34.65184213545919,10
1665,186.42442120044058,34.72274610107766,10
1666,186.49536735158313,34.73922400493939,10
1667,186.50828487216705,34.74285699904269,10
1668,186.51078460370928,34.74203223057438,10
1669,186.72229101612774,34.71165597806128,10
1670,186.88221969493392,34.64298920589875,10
1671,186.9724797745467,34.68474801056834,10
1672,187.06800176227293,34.75451541426683,10
1673,187.14454153170647,34.810769173267396,10
1674,187.21848493948394,34.83701974339716,10
1675,187.4268653223214,34.92807721680798,10
1676,187.70809853053763,34.94153477830751,10
1677,187.78919280399424,34.838815211013646,10
1678,188.08349470595726,34.83874975835034,10
1679,188.23838888353907,34.78168067873622,10
1680,188.54781518834744,34.54270142780144,10
1681,188.76053213258115,34.39329678956707,10
1682,188.83741090944164,34.456235026819165,10
1683,188.97921664364623,34.37969464713632,10
1684,189.18817433239468,34.21824813017086,10
1685,189.27344550757041,34.110063151891936,10
1686,189.3438601565497,34.130348292036764,10
1687,189.53450877896591,34.11648690266712,10
1688,189.60834252984014,34.169674987671314,10
1689,189.81429243827463,34.17145051427926,10
1690,189.9605594733436,34.21526398980087,10
1691,190.1731960758871,34.35134881695964,10
1692,190.26745775149544,34.38312095490586,10
1693,190.34924368713595,34.27901077817036,10
1694,190.40228363588815,34.25304799801416,10
1695,190.5184824126864,34.16622421536099,10
1696,190.55688985210136,34.17684388209365,10
1697,190.66219977629015,34.090611048563396,10
1698,190.76175582068421,34.020704789027874,10
1699,190.86324517723958,34.08393304740944,10
1700,191.10236303296827,34.09418237348798,10
1701,191.20940804943461,34.1538736474411,10
1702,191.30487835124646,34.175587812907104,10
1703,191.38065422948472,34.23576800276158,10
1704,191.51332047674168,34.1780551684619,10
1705,191.6852434158481,34.13984750622249,10
1706,191.89499535845897,34.308336584800685,10
1707,191.94116694205533,34.2615097940712,10
1708,192.33123670585678,34.23251285000764,10
1709,192.47639115808718,34.354699642315765,10
1710,192.5452933364113,34.45351560296321,10
1711,192.61359678649796,34.55264037873626,10
1712,192.68554377574372,34.45372791623959,10
1713,192.69355574058085,34.45693986736332,10
1714,192.8770694785832,34.36807390169749,10
1715,193.0196315007798,34.322637624122954,10
1716,193.22978114387428,34.14720850060439,10
1717,193.38922563118894,34.089769828390395,10
1718,193.58417603943735,34.065336821579365,10
1719,193.73308297328248,34.02799650864505,10
1720,193.89638227564555,33.93935463994701,10
1721,194.03610100362545,33.90396638607497,10
1722,194.17329038211733,33.872288972308134,10
1723,194.24533682827678,33.940616358618044,10
1724,194.39817695334645,33.91902992657223,10
1725,194.40449340096137,33.923376257367856,10
1726,194.5112180732622,33.85928500456676,10
1727,194.583301620357,33.92863741144909,10
1728,194.687489091479,33.97425831205949,10
1729,194.81173274231313,33.941977475325814,10
1730,194.9083741229397,33.96724706066444,10
1731,194.98044822100528,34.03844285289547,10
1732,195.12006939892635,33.976081298059185,10
1733,195.19399644165804,34.047691471685006,10
1734,195.21039010757235,34.05993780488591,10
1735,195.21458388843303,34.06157135793739,10
1736,195.2204607411955,34.053595207408165,10
1737,195.25559537755694,34.078297688205986,10
1738,195.33210345085692,34.15441889595727,10
1739,195.3843135063959,34.17313435095134,10
1740,195.451729581268,34.196630176763534,10
1741,195.5901169891075,34.28408974529369,10
1742,195.72976233946525,34.37468825213824,10
1743,195.83121683099367,34.4429659360295,10
1744,195.92640163465904,34.50691732533974,10
1745,195.94656902217343,34.48196699679063,10
1746,196.02301379253672,34.5471563322343,10
1747,196.10446327840572,34.44532993858811,10
1748,196.2782773309396,34.39404438951901,10
1749,196.3717280964872,34.296162105999706,10
1750,196.39460403522065,34.26697119919072,10
1751,196.54750453359551,34.042080436868915,10
1752,196.63752736214477,33.96085562793658,10
1753,196.73068787585052,34.04310712068957,10
1754,196.73833380686227,34.052194441550064,10
1755,196.88551800976822,34.148193099762935,10
1756,197.02505867273686,34.131496748099245,10
1757,197.0979399277121,34.22618314689093,10
1758,197.1925834929476,34.227218743855026,10
1759,197.27839552312435,34.31121880609686,10
1760,197.5183582301121,34.509127737320846,10
1761,197.79420057850808,34.57566816534683,10
1762,197.95263482542023,34.57676899920211,10
1763,197.9885623501962,34.556689745768665,10
1764,198.05613592062633,34.53482943264518,10
1765,198.10649676577202,34.53393811183159,10
1766,198.21957469379404,34.62898676544424,10
1767,198.31153267877824,34.67400669040571,10
1768,198.3855408463731,34.74832754359232,10
1769,198.6165713387208,34.8505884909352,10
1770,198.82103609127273,34.786273791957484,10
1771,198.91627936652068,34.824385430541916,10
1772,199.1389202404226,34.902272090991964,10
1773,199.1839504326358,34.945120109055566,10
1774,199.41598680655346,35.166396632955866,10
1775,199.57806172753877,35.29425580478,10
1776,199.71156916208636,35.42235095520062,10
1777,199.73911660571272,35.43590281871717,10
1778,199.95127792913212,35.62218004714514,10
1779,199.96371173334154,35.624251519865986,10
1780,200.07486056864826,35.48894912807511,10
1781,200.1638271876351,35.565516859627955,10
1782,200.38146738443476,35.795384296770635,10
1783,200.5912690389761,36.03803101176793,10
1784,200.659355157859,36.13577426815751,10
1785,200.73892554360438,36.20602578828723,10
1786,200.89673076058025,36.335937421213075,10
1787,200.91519766004006,36.338192376302366,10
1788,201.06757240786388,36.457891915350615,10
1789,201.2786820574393,36.59004759443628,10
1790,201.42478301590728,36.68204033819658,10
1791,201.57474287855658,36.843419796797676,10
1792,201.69001625722458,36.918782526386984,10
1793,201.7711972230211,36.82140237399695,10
1794,201.87145434825172,36.740689335572675,10
1795,202.04437962373206,36.79841004940712,10
1796,202.13410312861336,36.79646476624831,10
1797,202.2378227149298,36.83575746653472,10
1798,202.3317312103605,36.82559615317345,10
1799,202.427558284446,36.869025079869026,10
1800,202.57400009039583,36.96016552335996,10
1801,202.6451181629156,36.862955597016736,10
1802,202.87550798026265,36.7004501685701,10
1803,202.9631771229255,36.700107967397464,10
1804,203.05351792281346,36.793678305754234,10
1805,203.07770983921847,36.798880260174926,10
1806,203.31785248010834,36.73489487290855,10
1807,203.53579515096447,36.66716301574584,10
1808,203.66627920694913,36.702014166662266,10
1809,203.87674633617107,36.68584400076831,10
1810,204.12207247726718,36.66687127874708,10
1811,204.12615475706656,36.665117381197625,10
1812,204.1286902267398,36.66343552513087,10
1813,204.16149817955838,36.649362560019064,10
1814,204.2638032708691,36.71466475202651,10
1815,204.29759376494076,36.70165877830439,10
1816,204.45984742879057,36.49870242240748,10
1817,204.55320961568148,36.403159600008614,10
1818,204.65791831450628,36.2891763378746,10
1819,204.86742737279855,36.21232322234008,10
1820,204.9044552981611,36.21884557876138,10
1821,204.97591333196428,36.22067784513155,10
1822,205.05131262469277,36.234368221898436,10
1823,205.1458021720995,36.30713395272841,10
1824,205.1856622111051,36.314993205540084,10
1825,205.32621604548234,36.38911232462155,10
1826,205.57403345861832,36.19221328118863,10
1827,205.79607464549127,36.1783563764151,10
1828,205.94512603626953,36.27318421849186,10
1829,206.1263310341514,36.40155553895973,10
1830,206.21006427151343,36.405045789592656,10
1831,206.28522377956975,36.48348439739851,10
1832,206.4268258058045,36.460516809965874,10
1833,206.50784980896543,36.51909792981716,10
1834,206.65525092199044,36.52679469147674,10
1835,206.81388252755636,36.66419719508776,10
1836,206.84425611150158,36.64155462105517,10
1837,206.95689978487343,36.67315413623333,10
1838,207.01194729492786,36.59601064228314,10
1839,207.09582427936977,36.483377486740544,10
1840,207.11416547339508,36.45626145794108,10
1841,207.25494987007627,36.49926424619124,10
1842,207.3773757462414,36.57302863685983,10
1843,207.56223210829893,36.66535863871376,10
1844,207.6304576271943,36.75939720201158,10
1845,207.76459717821618,36.87019446803145,10
1846,207.86937957666177,36.982171937835915,10
1847,208.0127211869119,36.961727400559774,10
1848,208.08469212447767,37.03744338260812,10
1849,208.1711199730365,37.13098270689706,10
1850,208.24236927059866,37.22084086132526,10
1851,208.25799880298027,37.232724891278316,10
1852,208.40372610929322,37.38829682787587,10
1853,208.4719305788244,37.404059110028626,10
1854,208.58288185584473,37.33631514663051,10
1855,208.6707313657501,37.262706942874374,10
1856,208.8369702045777,37.32190374185126,10
1857,209.0584709933912,37.46406394868575,10
1858,209.1296512548613,37.541001161205614,10
1859,209.15670133506813,37.5376576036307,10
1860,209.24201310574364,37.54499896113203,10
1861,209.28197597647477,37.53940470080644,10
1862,209.2874959569176,37.53657156149444,10
1863,209.29289349883075,37.53724807356544,10
1864,209.50316711417977,37.53305966808313,10
1865,209.56801803880208,37.54505572160621,10
1866,209.71637161159032,37.64005140652592,10
1867,209.85402829262927,37.56794889294099,10
1868,209.93034108386072,37.64789009103617,10
1869,210.0731737727764,37.64149250338158,10
1870,210.2054640783564,37.7418524988135,10
1871,210.50219435582022,37.90208221242425,10
1872,210.59765838116232,38.00186361185189,10
1873,210.83575528188663,38.17619514223437,10
1874,211.12473995808637,38.359169674631765,10
1875,211.29062526939873,38.38165345478328,10
1876,211.33106470201136,38.40077957969464,10
1877,211.33348537042428,38.4035219138281,10
1878,211.61512255817325,38.49656163546001,10
1879,211.70288437643177,38.5688227847226,10
1880,211.7921092231416,38.665721521690635,10
1881,211.9188694880867,38.73887608259408,10
1882,211.9723427174181,38.731898592800164,10
1883,212.1049903620107,38.83957696153189,10
1884,212.17321290802835,38.85583621618831,10
1885,212.17677439463114,38.85585737760143,10
1886,212.2489720151437,38.77126946522348,10
1887,212.3342381169714,38.869413387301705,10
1888,212.4222887036961,38.79070891301468,10
1889,212.61462910934452,38.75098066788349,10
1890,212.75821675216844,38.922291541888114,10
1891,212.78810628816436,38.9140943697047,10
1892,212.80922552303318,38.93248761577674,10
1893,212.9512148023186,39.03627399309728,10
1894,212.97892057594123,39.05956646244401,10
1895,213.12871430616354,39.004960147049026,10
1896,213.19967455255545,39.011876826425286,10
1897,213.28866270074678,39.10498769427631,10
1898,213.43874175891824,39.20138586578391,10
1899,213.66745507250494,39.32787139559117,10
1900,213.7672933125461,39.424955731905186,10
1901,213.98060725666363,39.55703686275764,10
1902,214.04856664968702,39.657885913936624,10
1903,214.12349060423904,39.67560500684871,10
1904,214.1285064633931,39.67611255109401,10
1905,214.20189211599327,39.76823159824843,10
1906,214.36313955592126,39.608282777890466,10
1907,214.50068226904818,39.53275845678452,10
1908,214.72332274740114,39.43376564932445,10
1909,214.79820771935806,39.35775817576464,10
1910,214.9899823006906,39.386794666788575,10
1911,215.0118970151438,39.363286335480446,10
1912,215.15904967509496,39.39273665363221,10
1913,215.1873531967687,39.420517584882724,10
1914,215.28116754206877,39.314751202363546,10
1915,215.38219331353702,39.41107977080956,10
1916,215.58709684593478,39.53315585747108,10
1917,215.79435767872397,39.44546142890576,10
1918,215.82408715834907,39.45822060523388,10
1919,216.12632253235205,39.52033941260208,10
1920,216.15688036007091,39.53508052527004,10
1921,216.16168550400985,39.534742137284375,10
1922,216.16291470057803,39.5345001001588,10
1923,216.38862446986732,39.56227616216503,10
1924,216.50951131407933,39.53524843834535,10
1925,216.60905884421481,39.50613514877126,10
1926,216.7223023676078,39.47800671567571,10
1927,216.91411371421222,39.38547655337066,10
1928,217.076429979458,39.426183892627314,10
1929,217.305090396394,39.46940712378526,10
1930,217.3877277211728,39.48833338456239,10
1931,217.4614693571653,39.497274305069446,10
1932,217.52301005741612,39.51416235837528,10
1933,217.64975139121367,39.63684334838754,10
1934,217.6898332330399,39.67354225854973,10
1935,217.7696769301524,39.794091478616785,10
1936,217.9767324152226,39.80353213620399,10
1937,218.0310634025268,39.863634468475894,10
1938,218.1393018443388,39.98105811424493,10
1939,218.1984058279666,39.983942722327285,10
1940,218.30677039457137,40.105031289693066,10
1941,218.38652194259112,40.20075680613497,10
1942,218.53836996602513,40.38000904728815,10
1943,218.6334844718352,40.49138650950533,10
1944,218.71997707220908,40.548839150174814,10
1945,218.8542263699985,40.67752562899071,10
1946,218.99301149239682,40.757639403531044,10
1947,219.015972162806,40.78707672722873,10
1948,219.0163749249892,40.78731437411919,10
1949,219.22242059356864,40.98579693352205,10
1950,219.33841780303413,40.96481652394285,10
1951,219.4202249496049,41.09149136590333,10
1952,219.53371815420036,41.225364862330444,10
1953,219.69224463914065,41.37287644482145,10
1954,219.97738757559122,41.49553633444769,10
1955,220.17992515892374,41.55767242203258,10
1956,220.29612306898593,41.58681530953686,10
1957,220.4798692788247,41.58370828748302,10
1958,220.65364405247175,41.5600924926295,10
1959,220.7272086979474,41.49347185992896,10
1960,220.87417183603867,41.621305672277266,10
1961,221.07116008109293,41.548317947960996,10
1962,221.1414778199663,41.4338945862249,10
1963,221.14456326689668,41.435049418387834,10
1964,221.4308562474675,41.55956500441974,10
1965,221.570483291917,41.74450950378081,10
1966,221.72764500995396,41.86543817030845,10
1967,221.80199433562888,41.86249177838855,10
1968,222.0013250810217,42.10348432308696,10
1969,222.11060537769225,42.20190830317225,10
1970,222.19842360508738,42.24624059796543,10
1971,222.2241159223936,42.270121686468045,10
1972,222.31178786563515,42.408224911379385,10
1973,222.39683952176134,42.468211641289386,10
1974,222.5527456460981,42.65506213074622,10
1975,222.60032400301944,42.698406732094305,10
1976,222.67325478409657,42.636300537800935,10
1977,222.68710157147166,42.64432481354644,10
1978,222.79233011717923,42.75103885460113,10
1979,222.79913556562119,42.751403814348464,10
1980,222.8869557883391,42.88901255988774,10
1981,222.99221290478545,43.00180509035932,10
1982,223.02093724143066,43.0085752451646,10
1983,223.0347576912834,42.99607805503617,10
1984,223.10344782463144,43.00750503853798,10
1985,223.19364961865844,43.07474247008317,10
1986,223.31407699120297,43.14362514701355,10
1987,223.36661958123145,43.13519462588872,10
1988,223.370998478425,43.132076792117054,10
1989,223.44764805709957,43.2033505495406,10
1990,223.59092569834948,43.33005315623886,10
1991,223.81845845616658,43.50938849210547,10
1992,223.90940161057978,43.59885524719443,10
1993,223.9552675972728,43.61898766790507,10
1994,223.99939500276514,43.634091936062696,10
1995,224.20402969595574,43.67137747832002,10
1996,224.29031981863363,43.6744802284404,10
1997,224.34823150877756,43.744672769107325,10
1998,224.55581804923833,43.82571117448433,10
1999,224.7666720284173,44.00505304506437,10
2000,225.06283167853667,44.264261870927484,10
2001,225.15922657600404,44.402517010143285,10
2002,225.24538409763105,44.53922494926253,10
2003,225.33693184950465,44.55336091936924,10
2004,225.47577915285282,44.7410959226719,10
2005,225.47698702423054,44.741562270109135,10
2006,225.57172721303118,44.79848234999446,10
2007,225.65893842818406,44.938041771895264,10
2008,225.74491361478255,45.01372515812629,10
2009,225.80294984487222,45.073373302101906,10
2010,225.84754451475365,45.07908478832077,10
2011,225.9623082428087,45.03005654132379,10
2012,226.14928354988356,44.86699103317796,10
2013,226.18076245155743,44.88084519247182,10
2014,226.20758157619198,44.8455983565731,10
2015,226.23823097505993,44.825652352808476,10
2016,226.36456913669957,44.87567895101397,10
2017,226.50864402331064,45.06869533971321,10
2018,226.60252411996447,44.92864890772554,10
2019,226.6791762605254,45.001727123402,10
2020,226.76977632736035,45.059098229335255,10
2021,226.8499574120761,45.048588903917455,10
2022,227.19447584436685,45.31265051680153,10
2023,227.30596266352632,45.36869415720272,10
2024,227.4710189738475,45.441496010622316,10
2025,227.49882947597274,45.42932616117725,10
2026,227.57214306806804,45.49659174330498,10
2027,227.73341012346796,45.67886426527888,10
2028,227.8745469747677,45.87500804364011,10
2029,228.05643257334833,46.06464129969599,10
2030,228.0981665645655,46.068647180852665,10
2031,228.17393724474223,46.07335192337188,10
2032,228.243844022556,45.97470900965658,10
2033,228.32354859071498,46.102144180498236,10
2034,228.43525693841866,46.03509167703345,10
2035,228.52416971118765,45.9468458515486,10
2036,228.6193303839404,45.83208930109578,10
2037,228.7547216141264,45.85879769577746,10
2038,228.76124698679192,45.85980811730773,10
2039,228.83811707990463,45.934825058233784,10
2040,228.91021818214395,46.05792092614582,10
2041,228.95010764765485,46.09220829425881,10
2042,229.10959541526003,46.29767399861156,10
2043,229.23656404611833,46.47894642854701,10
2044,229.28102318658313,46.51523189863709,10
2045,229.36839601555272,46.58734450874759,10
2046,229.37152720530062,46.589174248399495,10
2047,229.4915054303949,46.72344773834022,10
2048,229.58799054337516,46.77731841833553,10
2049,229.72044225817407,46.920242184642,10
2050,229.7223175316924,46.91951900640409,10
2051,229.78861984359483,46.96593044293453,10
2052,229.80178005342614,46.98796064303775,10
2053,229.95534866631874,47.056070915446234,10
2054,230.05169007501732,47.190472292439715,10
2055,230.0733496894608,47.19445240134965,10
2056,230.08574589067607,47.181462955174446,10
2057,230.1918296812966,47.25953195024472,10
2058,230.19657388031933,47.25915949936797,10
2059,230.38885174655198,47.42215133918657,10
2060,230.46163114183747,47.49074134561068,10
2061,230.51018909164878,47.509879385505656,10
2062,230.60385776593512,47.48991861725742,10
2063,230.6537948550594,47.53725452950696,10
2064,230.65838819986843,47.538228498875775,10
2065,230.6703994692495,47.542008611386564,10
2066,230.71697369193134,47.578047632430945,10
2067,230.85775520916314,47.66472789950774,10
2068,230.8814258695475,47.67829630601284,10
2069,230.96603060531342,47.73817903532751,10
2070,231.10617535180774,47.82677610349661,10
2071,231.17778447466034,47.90016320763076,10
2072,231.2658843867851,47.80497828231515,10
2073,231.33642776202927,47.82343227396756,10
2074,231.42278002231205,47.95062833583998,10
2075,231.56446162561352,48.08527864887332,10
2076,231.642239138596,48.092067832227364,10
2077,231.68202352449015,48.10075886676495,10
2078,231.7050256441691,48.08323055896195,10
2079,231.78875243792308,48.184131529141325,10
2080,231.86093490450585,48.172366375917576,10
2081,231.94040593517337,48.15737824982369,10
2082,231.9774530158199,48.16974558644846,10
2083,231.9809439120201,48.16744767447804,10
2084,232.00937537821127,48.2047514140494,10
2085,232.08666252409725,48.31692098036952,10
2086,232.1179642013448,48.318571894621435,10
2087,232.14915871751705,48.318109747053995,10
2088,232.2397451251618,48.44724595244637,10
2089,232.2623027711595,48.453707652583454,10
2090,232.26535779730665,48.45633531113853,10
2091,232.26842799406376,48.45610928747426,10
2092,232.2737860199581,48.45855602020546,10
2093,232.41429129518528,48.654996512292016,10
2094,232.49362339375534,48.72920044760309,10
2095,232.56931581902717,48.804300286167575,10
2096,232.72947342550228,48.8790224601438,10
2097,232.73573822821214,48.8799831500166,10
2098,232.80842208044737,48.78741429237724,10
2099,232.8789644580088,48.695997953025504,10
2100,232.9606186995456,48.80716941797373,10
2101,232.96809225219175,48.81117627355238,10
2102,233.125451531311,48.70748406063046,10
2103,233.12950476401608,48.70881098916495,10
2104,233.20284049437646,48.64140672178298,10
2105,233.20442554272063,48.642152086173674,10
2106,233.36550212422625,48.696739934895646,10
2107,233.45586248671776,48.62603716697814,10
2108,233.54923894398866,48.55949789547724,10
2109,233.60281368884716,48.51165690629615,10
2110,233.65687300903951,48.50252571218458,10
2111,233.69554073920094,48.51228006761049,10
2112,233.8035355247817,48.42989594150134,10
2113,233.83063314905158,48.43957530682397,10
2114,233.9989754026814,48.4203967030221,10
2115,234.08237074339604,48.380237297775295,10
2116,234.09493036985904,48.36832190026415,10
2117,234.1655125742065,48.495000630674866,10
2118,234.16886010812226,48.4984200492777,10
2119,234.1844162291311,48.48717027157129,10
2120,234.1861860181902,48.486895106386676,10
2121,234.26317162480518,48.4259719230002,10
2122,234.34944084851162,48.39263440028813,10
2123,234.44144039282008,48.369832395648125,10
2124,234.53036764193075,48.31037955358443,10
2125,234.5495396474716,48.3102246442667,10
2126,234.5875500306184,48.30146311057683,10
2127,234.8690212107893,48.344560591585626,10
2128,234.9909372529183,48.335095678136305,10
2129,235.1661610842413,48.28310408966041,10
2130,235.22714539199336,48.31324028075041,10
2131,235.36351682725663,48.19811412671618,10
2132,235.39331422560525,48.152452607273005,10
2133,235.4635862055723,48.27960806241861,10
2134,235.6705238189692,48.49377393306734,10
2135,235.86203370189088,48.53469221030181,10
2136,235.89650107948287,48.51391788523987,10
2137,236.0678489453369,48.65862389099762,10
2138,236.23754371025998,48.588126659081105,10
2139,236.34068662917662,48.4487124499791,10
2140,236.41431974954202,48.33909732528416,10
2141,236.43043122560135,48.36269418334484,10
2142,236.50443483735185,48.35858936329288,10
2143,236.64853943825656,48.25650834495795,10
2144,236.7859732483254,48.16909608680385,10
2145,236.8549956598532,48.170429923063296,10
2146,236.9362146354268,48.16270128170348,10
2147,237.09260082184468,48.218348491166864,10
2148,237.10486162289553,48.2190069525539,10
2149,237.13392627653744,48.23548390461084,10
2150,237.18430807876248,48.24126403352967,10
2151,237.3102308332334,48.311404103233656,10
2152,237.37820639648734,48.314997924212214,10
2153,237.51706925481804,48.389686074715186,10
2154,237.52911314427283,48.39920189044167,10
2155,237.6868803604189,48.384497116768586,10
2156,237.7157987305862,48.41078963491083,10
2157,237.8111216887907,48.37838805278099,10
2158,237.9545541874,48.388795507817704,10
2159,238.09627907382438,48.45515576764993,10
2160,238.2439755226018,48.4699009386183,10
2161,238.24554175743802,48.46865295492338,10
2162,238.32319889095544,48.39900252943539,10
2163,238.4320462918788,48.35184369037258,10
2164,238.523547385893,48.36423020976023,10
2165,238.63468310832891,48.32341640683529,10
2166,238.86608656848162,48.45748299960456,10
2167,238.88140209068834,48.461855914954036,10
2168,238.89063126168926,48.467378986095234,10
2169,239.06064942273724,48.509834741912044,10
2170,239.29614737575076,48.402183089233986,10
2171,239.43816480466612,48.46093606144091,10
2172,239.5221285087943,48.46817840605274,10
2173,239.52925748880443,48.47666271246098,10
2174,239.6023565654356,48.4700899982319,10
2175,239.74725087227267,48.44849697455292,10
2176,239.8603317022136,48.44106786985823,10
2177,240.01367992281098,48.575860930417676,10
2178,240.12303769971828,48.51560177373048,10
2179,240.1421226624634,48.515182752481394,10
2180,240.23993014384192,48.65454039025995,10
2181,240.33283409439431,48.622371636874014,10
2182,240.43368174321034,48.54058882332875,10
2183,240.47210881184628,48.49464288662225,10
2184,240.47779488624428,48.49446673515602,10
2185,240.60294395818315,48.562754888026404,10
2186,240.70264666241783,48.684664416827815,10
2187,240.76062615112306,48.76820124403099,10
2188,240.8406787910846,48.893435810297746,10
2189,240.9425789124375,48.975638781173586,10
2190,241.0133192574233,48.97076689827116,10
2191,241.0821526573899,49.09987644661841,10
2192,241.21974703094352,49.1346924676087,10
2193,241.30976829524928,49.249328636391354,10
2194,241.4486457399884,49.28707731935678,10
2195,241.44943675785058,49.28723920376642,10
2196,241.48081971652383,49.27277862943601,10
2197,241.57374741922914,49.37373325247608,10
2198,241.65937154551156,49.358672820510684,10
2199,241.81012072627877,49.46475294417852,10
2200,241.89010265173934,49.4480401830232,10
2201,241.89673109319364,49.448496588359276,10
2202,241.90232076083802,49.448348737583665,10
2203,242.11445126791483,49.461378151599405,10
2204,242.22031198690712,49.574936158637556,10
2205,242.31796487022248,49.6961410535818,10
2206,242.31990692960488,49.69708893264861,10
2207,242.34446542299892,49.66659853870269,10
2208,242.4920117818002,49.48589398899042,10
2209,242.65936902396925,49.37477633955332,10
2210,242.87565273112395,49.1995304478597,10
2211,242.90381819767913,49.169927495556635,10
2212,243.04441689135228,49.17220017631411,10
2213,243.33783030187715,49.26770275229699,10
2214,243.59414566281762,49.27291328412299,10
2215,243.67590969336388,49.41977686494155,10
2216,243.77826583100187,49.545565440763426,10
2217,243.95342468125355,49.67149339018335,10
2218,244.05414490076373,49.71478765350929,10
2219,244.06241011574443,49.71757691743299,10
2220,244.1358951105663,49.71577642188854,10
2221,244.24725550379486,49.826920957047086,10
2222,244.3947259870919,49.95510878509233,10
2223,244.4769323241986,50.083969942165005,10
2224,244.47918825737202,50.08480051543238,10
2225,244.5711027982073,50.04358408408738,10
2226,244.576226747131,50.046874717738746,10
2227,244.71764926048058,50.126676675347056,10
2228,244.811911766914,50.10428416528746,10
2229,244.97032940800545,50.202295631288685,10
2230,245.05326248592127,50.33842932137733,10
2231,245.05584089158475,50.337012085203156,10
2232,245.06977048500283,50.33209425366557,10
2233,245.14759478906672,50.276394793021865,10
2234,245.16974818722989,50.2780844063693,10
2235,245.2519159016052,50.4138085668482,10
2236,245.25280927761133,50.41370518410674,10
2237,245.337834648439,50.53622877639332,10
2238,245.36764650255387,50.52752770170561,10
2239,245.3893320685651,50.54477557081233,10
2240,245.66562188606326,50.7377002432251,10
2241,245.69548685769124,50.74339680421188,10
2242,245.8481974096241,50.76868801860334,10
2243,245.92990067333307,50.913097678726125,10
2244,245.9356430223251,50.91621647340713,10
2245,246.04142588583295,51.03194752263867,10
2246,246.0574195657106,51.013175041086605,10
2247,246.06680627852907,51.00785409887116,10
2248,246.1569984810384,51.13953609928883,10
2249,246.17150533232478,51.14786104789067,10
2250,246.18947317303952,51.184459057739055,10
2251,246.19199443041765,51.186569473875124,10
2252,246.28366048412698,51.1392180138868,10
2253,246.30636636503218,51.18562268502721,10
2254,246.31072187564237,51.1845273572548,10
2255,246.31450875019323,51.18555211970713,10
2256,246.32969285391704,51.18323796215128,10
2257,246.36912134141434,51.20202925751148,10
2258,246.39125909204236,51.21545424382822,10
2259,246.39968906693326,51.20744879747119,10
2260,246.42829591370742,51.21710451496088,10
2261,246.4378596020631,51.2285556190004,10
2262,246.45532918532248,51.24841519046451,10
2263,246.4955178761905,51.32247770307753,10
2264,246.57791423216727,51.47236147943583,10
2265,246.58035201684478,51.471391603037475,10
2266,246.65176995429138,51.532058444067,10
2267,246.72073557383487,51.525936513125956,10
2268,246.79233242388273,51.58994658551662,10
2269,246.79599699352488,51.59044413446461,10
2270,246.8071786887446,51.5911025656795,10
2271,246.83916059642488,51.59944696972073,10
2272,246.93322479415625,51.68312810753359,10
2273,247.01496605184698,51.69941773956672,10
2274,247.04526359311572,51.71128176365686,10
2275,247.06583597348995,51.720184106776095,10
2276,247.06674436324911,51.719750849123805,10
2277,247.20239339913616,51.71985163855312,10
2278,247.2245098683784,51.69619992271172,10
2279,247.30318120803025,51.77742565928044,10
2280,247.34211016003124,51.809553493569986,10
2281,247.35476367364927,51.80193776785126,10
2282,247.39975363118734,51.86407105766031,10
2283,247.57736333877838,51.989864350664035,10
2284,247.78217406758876,52.08997224703459,10
2285,247.94422467759395,52.15322594316951,10
2286,248.0291566240366,52.20793782628288,10
2287,248.1823489639428,52.17126143558253,10
2288,248.33693517117422,52.11666738410978,10
2289,248.52343512885415,52.16424584226976,10
2290,248.6422394364382,52.126033857382815,10
2291,248.65626896282325,52.13248817122963,10
2292,248.73465743891603,52.13972271857087,10
2293,248.80506610501206,52.04734366589976,10
2294,248.8237165493289,52.04604334597467,10
2295,248.89542894916795,52.112435942493846,10
2296,248.94777531418953,52.115279368819415,10
2297,249.01974895050506,52.17987969750733,10
2298,249.1089680241427,52.306612985380546,10
2299,249.11912797460968,52.30812034579822,10
2300,249.18960159824255,52.3072424229752,10
2301,249.19844929705602,52.3107431209233,10
2302,249.29785875536172,52.33306024585355,10
2303,249.30428053620057,52.32651626674493,10
2304,249.31936941281475,52.350920741157886,10
2305,249.3220532585411,52.351046001046555,10
2306,249.41387845350408,52.260909389791486,10
2307,249.49410754917585,52.2671374052465,10
2308,249.64002720573504,52.16522669205438,10
2309,249.7290175640315,52.076518029547266,10
2310,249.74705281769835,52.05638781661779,10
2311,249.82772196130404,51.947359708700404,10
2312,249.89730840069834,51.955577755489514,10
2313,249.91099044717544,51.939437750249596,10
2314,250.0512338738792,51.896018085768574,10
2315,250.19881510734749,51.805762278218644,10
2316,250.2740169627069,51.717117689487296,10
2317,250.3657621893488,51.62747373834378,10
2318,250.37239273348519,51.638942873745854,10
2319,250.38800823034975,51.62163760342244,10
2320,250.38934908437722,51.623026290347774,10
2321,250.46432931944187,51.53455099729162,10
2322,250.4657451537808,51.53417557681858,10
2323,250.53757641610272,51.52677323012411,10
2324,250.60863838988953,51.43963856312812,10
2325,250.61077175158593,51.43806534956112,10
2326,250.62735251639748,51.43078343118233,10
2327,250.63160434291763,51.42633457022732,10
2328,250.7067053252957,51.488711489556756,10
2329,250.7954349263079,51.54495890569808,10
2330,250.79815079766558,51.54472517649878,10
2331,250.81659664300574,51.54947356369754,10
2332,250.84077003056603,51.5206162906108,10
2333,250.8568584841827,51.52049063744035,10
2334,250.92743383305893,51.40802005248294,10
2335,250.95780359835052,51.377794359877164,10
2336,250.96244299924115,51.37557334459353,10
2337,251.03340331386386,51.26399328120744,10
2338,251.10855700874282,51.32881225407862,10
2339,251.18520805463086,51.39243684488512,10
2340,251.36198653178675,51.340646570937565,10
2341,251.3660779750512,51.34420203559062,10
2342,251.53607971848228,51.35981422304996,10
2343,251.6876647954432,51.22759712128347,10
2344,251.89612455948577,51.19353499129635,10
2345,252.0229518013411,51.2602001622006,10
2346,252.12754200286918,51.288447880063025,10
2347,252.21849132237156,51.25585197029014,10
2348,252.31796974455887,51.3145882609447,10
2349,252.31937845311282,51.315135961519,10
2350,252.4230966182044,51.37391075429006,10
2351,252.53389149059427,51.46765949307065,10
2352,252.57764297406425,51.41840127635602,10
2353,252.61935477692455,51.38634100108559,10
2354,252.75618686842085,51.38589830069252,10
2355,252.8662160068364,51.425129496758174,10
2356,252.8678127911664,51.42497050378132,10
2357,252.87551456289694,51.436731648484695,10
2358,252.9816068150482,51.313590520336746,10
2359,253.02135995772906,51.334629477950685,10
2360,253.04909726741343,51.35193719284242,10
2361,253.2095368349847,51.299271067844046,10
2362,253.21236883136203,51.29823670225372,10
2363,253.3040160644961,51.36581289073728,10
2364,253.5195156250498,51.50692576854247,10
2365,253.5418229613676,51.52470513715137,10
2366,253.6168961847051,51.58863888005948,10
2367,253.63973524960497,51.6128798081157,10
2368,253.66527177784315,51.639292562070075,10
2369,253.67425179561678,51.63903634923251,10
2370,253.73319814319817,51.64173634074489,10
2371,253.88242385362477,51.78001117773362,10
2372,253.97424159470603,51.89381778662327,10
2373,254.08021170760293,51.80244514817953,10
2374,254.1829774112191,51.8218516790267,10
2375,254.2199152151983,51.87625297453559,10
2376,254.51961624451934,51.858517630070594,10
2377,254.59076861540953,51.84638204182496,10
2378,254.7994799356551,51.96272580764565,10
2379,254.89780961333608,51.996217338639944,10
2380,254.92299925824332,52.01446330770182,10
2381,255.09609104361863,52.06796390948347,10
2382,255.14428930175035,52.06457749276241,10
2383,255.37539899802488,51.99912074113127,10
2384,255.45974233071064,52.01955456298467,10
2385,255.5944579168444,52.06929046699464,10
2386,255.67993226228904,51.99629424372628,10
2387,255.89039567307077,52.13934519892263,10
2388,256.06305501458075,52.033686869259704,10
2389,256.24180995822724,51.99920987618345,10
2390,256.3400142149669,51.93639357240848,10
2391,256.6184201778772,51.77333310928295,10
2392,256.7686112418901,51.681611107202706,10
2393,256.94309073071605,51.591559362893015,10
2394,257.03139566160337,51.61769350577673,10
2395,257.1021525686133,51.52957843056092,10
2396,257.25847291324146,51.72865330227175,10
2397,257.4129838509528,51.75660761092884,10
2398,257.55570958035617,51.95859112726624,10
2399,257.63517035994977,52.093874341696484,10
2400,257.8064908373314,52.24364255560232,10
2401,257.91917799122155,52.320881653864575,10
2402,258.07335744256744,52.50929882416622,10
2403,258.1794732670002,52.41382837182873,10
2404,258.3387052309344,52.34437709565915,10
2405,258.3652362387842,52.35734029430104,10
2406,258.37627217850087,52.35511060273903,10
2407,258.45793856113596,52.42049034366912,10
2408,258.5087747641815,52.4198285295251,10
2409,258.5937525268547,52.37074110122903,10
2410,258.68097578680715,52.31060446080823,10
2411,258.71839758045473,52.279552615279,10
2412,258.7753857734942,52.27013221525232,10
2413,258.9491817609109,52.3748366310685,10
2414,258.9800309304125,52.362603735134186,10
2415,258.9840097047988,52.36105820412401,10
2416,259.0570890680723,52.35989598873599,10
2417,259.0814359937883,52.40680776801059,10
2418,259.17974525364616,52.346694764048486,10
2419,259.36490601107596,52.32472933325457,10
2420,259.39465641752514,52.326277774159664,10
2421,259.46517962166575,52.26959271311661,10
2422,259.5035596749188,52.287966647591865,10
2423,259.5780021397096,52.2857000580294,10
2424,259.74894756790894,52.35923207704659,10
2425,259.82372896864865,52.369106118406286,10
2426,260.0396260752142,52.35956473649617,10
2427,260.2241758407041,52.48043523008338,10
2428,260.3416416670025,52.3548320105042,10
2429,260.344894913547,52.35333826411713,10
2430,260.5266981779255,52.40636491621765,10
2431,260.5995198707791,52.4162409844883,10
2432,260.7739254363219,52.55105341441104,10
2433,260.7814423102963,52.546207290535264,10
2434,260.78557765789066,52.54470831149692,10
2435,260.9419428336065,52.596796747367755,10
2436,261.01901464476225,52.66132228423258,10
2437,261.0420909491283,52.64761427144299,10
2438,261.1905426740592,52.71781980603343,10
2439,261.274636449849,52.710741799783115,10
2440,261.3883960654554,52.778610607777566,10
2441,261.5427561347221,52.85989785099202,10
2442,261.6855188539413,52.79314578293199,10
2443,261.8360041935742,52.99888372193223,10
2444,261.983192467878,53.13273201250548,10
2445,262.12833119139606,53.05652730399585,10
2446,262.29949198484985,53.11431839823528,10
2447,262.4489219579556,53.120787338939344,10
2448,262.60173930534427,53.25439849921696,10
2449,262.70675889034004,53.284509231128624,10
2450,262.91933091566955,53.37254670006216,10
2451,263.14819986458673,53.30576629074196,10
2452,263.30693813145183,53.39440216990414,10
2453,263.4577520842742,53.378213802608705,10
2454,263.5308600588581,53.38728421345884,10
2455,263.67233240490077,53.40124953360092,10
2456,263.81812396576004,53.42815926926012,10
2457,263.8290675431675,53.445705576809644,10
2458,263.8333018896792,53.44622528792123,10
2459,263.9279111855857,53.40290611186532,10
2460,264.01829361904663,53.38756785209222,10
2461,264.0966877720836,53.45517184263718,10
2462,264.190766686258,53.57189408828537,10
2463,264.2897634526588,53.6387970229378,10
2464,264.38624494074213,53.71738502715512,10
2465,264.529150120324,53.80035624014851,10
2466,264.68278018143116,53.88760963706862,10
2467,264.9036686782164,54.10208228081255,10
2468,264.9773285097002,54.1764054802439,10
2469,265.0298794306758,54.16000747605208,10
2470,265.104534027624,54.16825729594298,10
2471,265.2194177589703,54.08455871472265,10
2472,265.3583884574233,54.14344477970469,10
2473,265.57261369588025,54.261840093706674,10
2474,265.71463039040293,54.35004830004604,10
2475,265.73947757255905,54.31548066374102,10
2476,265.8941407589854,54.40633464516285,10
2477,266.0626535298092,54.48111222316638,10
2478,266.17611736918764,54.477864092416674,10
2479,266.245875164436,54.45126377713387,10
2480,266.2711630475441,54.41552839146204,10
2481,266.3542515745081,54.38447866861112,10
2482,266.50633300655903,54.43100273757797,10
2483,266.6920026599909,54.45314054871593,10
2484,266.783898272491,54.45919447548471,10
2485,266.9104557262549,54.517317904481025,10
2486,266.98055937279946,54.51207253398826,10
2487,267.1289528776954,54.58863463570767,10
2488,267.23893963683594,54.54819509196985,10
2489,267.3345356795715,54.55646373784827,10
2490,267.365330244042,54.534836851312775,10
2491,267.4963700038883,54.59567154065903,10
2492,267.6424490086469,54.664645970813886,10
2493,267.7375417047143,54.656939964423074,10
2494,267.8032765568139,54.70830536051288,10
2495,267.80437561153997,54.708304894336614,10
2496,267.8935428313657,54.828313987744416,10
2497,268.040205615548,54.973339948180715,10
2498,268.0698221214531,54.99734215103156,10
2499,268.0711304461755,54.99812290482031,10
2500,268.21782081172285,55.085787540238314,10
2501,268.37365713959446,55.20663859752876,10
2502,268.39577812644234,55.2108070969486,10
2503,268.4835336681476,55.27583155617235,10
2504,268.6003328177848,55.32253985192006,10
2505,268.6124790731277,55.311715111785375,10
2506,268.6558811850347,55.32082300162645,10
2507,268.7347056891952,55.439164737855485,10
2508,268.8042258463821,55.49459480186002,10
2509,268.8232828456714,55.499829104805336,10
2510,268.8342590888119,55.50065955920177,10
2511,268.96890479337134,55.46189591375349,10
2512,269.10409752031956,55.53604799191376,10
2513,269.1809951835398,55.6018671099741,10
2514,269.26300246616256,55.68031837914896,10
2515,269.34238209916583,55.711233044249596,10
2516,269.3979139397703,55.7567169226315,10
2517,269.47793085508874,55.77740796010508,10
2518,269.57115249532865,55.861488459158586,10
2519,269.6500150563012,55.887087419543086,10
2520,269.6627868026502,55.88948839301577,10
2521,269.7511290412472,55.937227492902785,10
2522,269.8238626677544,56.00623915138482,10
2523,269.89910557088376,56.076546767392195,10
2524,269.9036123753548,56.074444523778034,10
2525,269.9049589740902,56.07520011904307,10
2526,269.95303002518204,56.08807137165656,10
2527,269.959029532192,56.08679775146072,10
2528,270.0463247786823,55.99424249396461,10
2529,270.04933955436445,55.996263848605494,10
2530,270.204350702841,56.084245677196414,10
2531,270.226891504704,56.08978465148511,10
2532,270.3120648683929,56.16725253068955,10
2533,270.3293831254494,56.17379783814007,10
2534,270.4228126187739,56.25297131395854,10
2535,270.42608567084653,56.25506908846022,10
2536,270.4358574796089,56.24460793390769,10
2537,270.4551600717549,56.229889851323556,10
2538,270.66965730382094,56.29901356894201,10
2539,270.6804823763624,56.29791589430925,10
2540,270.6901024596025,56.29700060503669,10
2541,270.7122901879905,56.29619968556421,10
2542,270.86406238280085,56.45277030178946,10
2543,270.9406905172491,56.522691457761255,10
2544,271.01138750673823,56.49858938947565,10
2545,271.1693799661133,56.70009496950123,10
2546,271.2597015902475,56.840172156259186,10
2547,271.491032114336,57.012832919299875,10
2548,271.6747943005801,57.14269158321208,10
2549,271.84576716676503,57.20415782711678,10
2550,271.91944417000434,57.276847105754904,10
2551,272.1341556671797,57.49180474995762,10
2552,272.2706462654287,57.621659398718464,10
2553,272.40585858579715,57.630506820428096,10
2554,272.6160194882042,57.73301261253823,10
2555,272.63332183730006,57.72796371068481,10
2556,272.7899669047847,57.810738954913454,10
2557,272.92668446542535,57.91538102254947,10
2558,273.0018356103314,58.05283291908815,10
2559,273.06971963928567,58.11516561952745,10
2560,273.13119866537784,58.17607151341613,10
2561,273.16545169372296,58.19653245357228,10
2562,273.2920916864558,58.38253593739773,10
2563,273.449204665082,58.5384832686001,10
2564,273.5758263718968,58.72590720901863,10
2565,273.66420188005407,58.85966222375282,10
2566,273.8121494274222,59.05128250103716,10
2567,273.961534472139,59.17015218726988,10
2568,274.1124312468668,59.20978375995277,10
2569,274.21874099920615,59.21725072455874,10
2570,274.440170559434,59.42081234478334,10
2571,274.519770802886,59.4246377145917,10
2572,274.52348564208165,59.42237458637544,10
2573,274.63881606058544,59.55204287805533,10
2574,274.70830625960565,59.533083364898715,10
2575,274.7179513699973,59.54558089250978,10
2576,274.727133704998,59.558660637383674,10
2577,274.75257402018116,59.5681229635253,10
2578,274.883953544773,59.61053882071687,10
2579,274.9445048709913,59.673128814417694,10
2580,275.0746559368393,59.71966799216683,10
2581,275.13824579570047,59.782650515586035,10
2582,275.2292358418473,59.789858703403844,10
2583,275.3014940977931,59.769252232820186,10
2584,275.37689668741143,59.7592749669816,10
2585,275.37831731991395,59.75784689865846,10
2586,275.39438517972843,59.74867919043166,10
2587,275.49924582684156,59.67967198491339,10
2588,275.5329231034397,59.64944913627842,10
2589,275.7004805731859,59.71713818712244,10
2590,275.8532070644722,59.698183547959594,10
2591,275.93422956877,59.68542737390143,10
2592,276.10987763530335,59.75401577428041,10
2593,276.2866855329181,59.603206996348426,10
2594,276.4230509253495,59.716717284726,10
2595,276.49887350679467,59.70733351117099,10
2596,276.65963689263896,59.732206362859905,10
2597,276.743738221336,59.61855889810195,10
2598,276.88499774108595,59.584966804175664,10
2599,276.9141664182399,59.557906823798,10
2600,276.98257809844944,59.68619941782653,10
2601,277.079745780946,59.58569829935604,10
2602,277.2978536494503,59.67706912928445,10
2603,277.3118297115717,59.657965279934025,10
2604,277.42504780327573,59.75863263685965,10
2605,277.6175956721444,59.905400788283934,10
2606,277.73141016106143,59.94738102488017,10
2607,277.86767645373345,59.96588639970386,10
2608,277.90563873790944,59.98075854046721,10
2609,278.1047713047977,60.01837035742997,10
2610,278.1897587756797,59.91843827447267,10
2611,278.39756199571644,60.11439118323549,10
2612,278.5329214084878,60.23219952356554,10
2613,278.5596666697053,60.26396890133878,10
2614,278.63139678805953,60.250971476785004,10
2615,278.63345878176,60.251615610782984,10
2616,278.654925224295,60.242471900755845,10
2617,278.7908682468946,60.36247758122297,10
2618,278.9292471338197,60.482981518786,10
2619,279.1451552286303,60.509952275101895,10
2620,279.1779446718736,60.55081242227332,10
2621,279.30221005009787,60.72277519886732,10
2622,279.33257100237273,60.74537453007761,10
2623,279.47080119641606,60.868624555645994,10
2624,279.6261851100885,60.935928346119205,10
2625,279.6997476707332,61.05942917972274,10
2626,279.7758698128246,61.13786800500891,10
2627,279.7781168299178,61.13957175513702,10
2628,279.7949444886241,61.16353781293892,10
2629,279.93987903623105,61.23585766149175,10
2630,280.08042844771865,61.363410149174335,10
2631,280.301130590133,61.62751078835406,10
2632,280.3747528682035,61.70577755091995,10
2633,280.38762500201597,61.71677843039401,10
2634,280.3931402151768,61.720888893375246,10
2635,280.4836009454765,61.78629453952169,10
2636,280.62714781871665,61.8422335966955,10
2637,280.69880320560765,61.83601855486657,10
2638,280.7900605443343,61.861593330979005,10
2639,280.9308321929079,61.91201453327827,10
2640,281.01722951292425,62.04506723932005,10
2641,281.10437663979724,62.1090944385001,10
2642,281.19072407127203,62.17371075540477,10
2643,281.2687206144593,62.242432079694105,10
2644,281.3695083732498,62.305674688791605,10
2645,281.44765070991974,62.37414554269255,10
2646,281.6658245093451,62.531499947992884,10
2647,281.6696325358745,62.53358621911496,10
2648,281.6849471700747,62.530204570405246,10
2649,281.8359493429742,62.537068314738576,10
2650,281.9358842430288,62.55155212278511,10
2651,282.13040711955693,62.5620853345737,10
2652,282.2017416995347,62.56539851860042,10
2653,282.2973717783882,62.543790590296226,10
2654,282.3242652972853,62.52113710469535,10
2655,282.4987799172957,62.45220105204971,10
2656,282.57798254690755,62.45651716981716,10
2657,282.59259598322035,62.45328352100352,10
2658,282.59887634185645,62.448968284795235,10
2659,282.6329573966806,62.43940788757735,10
2660,282.6799536425873,62.41523027896677,10
2661,282.7526613100547,62.494868754963655,10
2662,282.7656393859064,62.50581827353618,10
2663,282.8348239141673,62.63196909678878,10
2664,282.8660321068826,62.63970040344713,10
2665,282.944696353833,62.76822101196428,10
2666,282.9634421961821,62.76955010047356,10
2667,282.9686616419916,62.77058393228465,10
2668,283.05237366390696,62.7661931588591,10
2669,283.09983025762193,62.774223414484,10
2670,283.17081574625803,62.76770551196692,10
2671,283.28728728890786,62.76920430087411,10
2672,283.3223042739513,62.74401932156795,10
2673,283.3559635723983,62.74807469878617,10
2674,283.50139668576753,62.82646467966235,10
2675,283.5731989957764,62.822570281369956,10
2676,283.66610469837553,62.88049514397344,10
2677,283.8061771127874,62.889953067865086,10
2678,283.94461838520874,62.79713388458447,10
2679,284.0826300388343,62.70430978386296,10
2680,284.2902858284294,62.690653494948144,10
2681,284.3712835891818,62.77336084504763,10
2682,284.4419785322338,62.77190978832898,10
2683,284.58367437859926,62.746052833708504,10
2684,284.6701961594065,62.77006274864238,10
2685,284.7548530987352,62.765200272227545,10
2686,284.84964241541667,62.780040420551046,10
2687,284.9997589226857,62.67565894536478,10
2688,285.00951737924026,62.66425559785471,10
2689,285.0945063125184,62.73868766431535,10
2690,285.13741336558655,62.742180163019576,10
2691,285.1860186280709,62.72403491452699,10
2692,285.22935025393997,62.76375162850038,10
2693,285.3178305652492,62.66132909011171,10
2694,285.32410259970794,62.66076364453173,10
2695,285.38934263790816,62.67530935438751,10
2696,285.40417021932586,62.68025024254522,10
2697,285.5523138064454,62.58097876711804,10
2698,285.76111215791315,62.615937304114595,10
2699,285.8661234507821,62.712948488580714,10
2700,286.00615337822103,62.90374075302231,10
2701,286.1087266689136,63.03890590396699,10
2702,286.2145880886137,63.14352799647176,10
2703,286.21711350791554,63.14353808755309,10
2704,286.3114940210088,63.24271292479364,10
2705,286.3897701858891,63.31181369068192,10
2706,286.4578218437339,63.4386023019512,10
2707,286.5476274200659,63.534864106943196,10
2708,286.6098293040303,63.590536261742365,10
2709,286.83134257924553,63.719017198613706,10
2710,286.9606967147771,63.816533097090776,10
2711,287.04575974088925,63.79339844352024,10
2712,287.2513232880984,63.96674830152491,10
2713,287.25829206880707,63.97391528588051,10
2714,287.2689727792512,63.9730048573679,10
2715,287.270899396706,63.9744744002726,10
2716,287.3755189957167,63.90289252981354,10
2717,287.3846063466505,63.89930842837112,10
2718,287.45771323747357,63.796383248810415,10
2719,287.5508724904431,63.73363532162386,10
2720,287.64199555387336,63.75630909641116,10
2721,287.67114805359375,63.79748418936578,10
2722,287.7540174494114,63.78686746507523,10
2723,287.9063818254507,63.661496079815,10
2724,287.98586689199215,63.560993892928046,10
2725,288.0381768298389,63.49857180660676,10
2726,288.0937340572697,63.46801299288459,10
2727,288.17975250343335,63.369584138724406,10
2728,288.3230103414892,63.33788079994548,10
2729,288.4245137330811,63.39523651400395,10
2730,288.50120582862047,63.467571002480355,10
2731,288.5164977104347,63.478628679027835,10
2732,288.56736879717266,63.556926878660974,10
2733,288.74351658452474,63.6748257680143,10
2734,288.90533323666165,63.8675282243021,10
2735,288.97446221818103,63.99690113526015,10
2736,289.05656859147336,64.1203126618674,10
2737,289.1230744634176,64.10400819457422,10
2738,289.25780121445007,64.21778782207971,10
2739,289.33631523243173,64.34738140809826,10
2740,289.40362821984615,64.3325215774585,10
2741,289.40705594288056,64.33443885738016,10
2742,289.47903906013363,64.32997267958154,10
2743,289.496671970787,64.33358329791793,10
2744,289.60568226260114,64.33450584464718,10
2745,289.68924493852586,64.22635597907987,10
2746,289.7611163019605,64.23989032315245,10
2747,289.8715836548392,64.29162725523962,10
2748,289.9911354700786,64.33073377202582,10
2749,290.19525155943813,64.44497591218872,10
2750,290.22098099757665,64.42045828278579,10
2751,290.39275441078985,64.45244256329059,10
2752,290.56193140961625,64.49490291473923,10
2753,290.77115080771654,64.50601701267338,10
2754,291.0031119946744,64.48883043757361,10
2755,291.14057633110224,64.51955038011766,10
2756,291.28304250346565,64.45224549995491,10
2757,291.5103069826892,64.37666533600434,10
2758,291.58945242638504,64.39362995533614,10
2759,291.7301241494759,64.3912137238811,10
2760,291.93497664652784,64.50129055480794,10
2761,292.0226134507382,64.50537524793148,10
2762,292.16227626855095,64.5241237159985,10
2763,292.1793095884316,64.52822473828813,10
2764,292.34247329865445,64.52120010081248,10
2765,292.48576558226785,64.50865489674588,10
2766,292.6244100973655,64.39580351071807,10
2767,292.6366237791408,64.37999218419495,10
2768,292.6413773362639,64.37922818935508,10
2769,292.67913137896886,64.38251207604743,10
2770,292.6812514338223,64.38289811829554,10
2771,292.9086942120447,64.38598152953158,10
2772,293.0708110813005,64.41895521333684,10
2773,293.17441303679226,64.34772649600066,10
2774,293.1760971359353,64.34659957520508,10
2775,293.17942905637153,64.34933445423003,10
2776,293.18392918729694,64.35144039542473,10
2777,293.2924922372745,64.25579836204102,10
2778,293.60469346743105,64.33779888403895,10
2779,293.6814460851207,64.40586753328809,10
2780,293.78720358502096,64.35169589106879,10
2781,293.8769367951244,64.42804281680958,10
2782,293.94753459911954,64.32704258476895,10
2783,293.94951847794744,64.32610611087924,10
2784,294.02093752091577,64.2564649508248,10
2785,294.0914474209286,64.26175862324044,10
2786,294.1660544473415,64.3320523387627,10
2787,294.3626473876252,64.39407187972881,10
2788,294.4365551714124,64.4648493167492,10
2789,294.59253938245854,64.53804221283143,10
2790,294.6200827607763,64.52586286574198,10
2791,294.66083491226846,64.54617571260489,10
2792,294.8046598943206,64.62653417627013,10
2793,294.90179740018135,64.6778316890665,10
2794,295.0640353332779,64.80974333346173,10
2795,295.0890986786734,64.82743371885958,10
2796,295.15819223503837,64.83335597643,10
2797,295.3963458678535,64.98165979776871,10
2798,295.47085664188654,65.05746398781946,10
2799,295.7105811481295,65.0328475280816,10
2800,295.89886408510966,65.08942858127634,10
2801,295.9500361241076,65.09103359330275,10
2802,296.07753473133937,65.01082246987481,10
2803,296.21992641348294,65.08164811507142,10
2804,296.32042049114807,65.17127011859945,10
2805,296.40787621921464,65.18451840018697,10
2806,296.41189109236564,65.18330984970707,10
2807,296.50985388543154,65.20925897101577,10
2808,296.5114530296982,65.21001126399383,10
2809,296.5578822259958,65.21708196590835,10
2810,296.6849017881675,65.26880371954903,10
2811,296.8865573911846,65.39449488115486,10
2812,296.95620297948824,65.37676201175546,10
2813,297.0346847867007,65.34879867165928,10
2814,297.17972137665043,65.35452583589772,10
2815,297.2631996193653,65.49106162566986,10
2816,297.4585675334099,65.67498263788177,10
2817,297.5016318982809,65.7255411926539,10
2818,297.5269091259612,65.72659502463989,10
2819,297.570573003891,65.75295689831704,10
2820,297.57366717320156,65.75409153139293,10
2821,297.73353360039084,65.71881236009396,10
2822,297.83437434239147,65.61065534628017,10
2823,297.985646647275,65.695964641754,10
2824,297.9887069884948,65.69611309588097,10
2825,298.0015855509043,65.70942829627786,10
2826,298.0077387300454,65.70911172255612,10
2827,298.08332518720533,65.61219951927797,10
2828,298.2321764936838,65.81210157159089,10
2829,298.25681718904934,65.79992680583766,10
2830,298.3253475090635,65.78605286597929,10
2831,298.42423980140904,65.83444300360038,10
2832,298.4994505773784,65.91252476429884,10
2833,298.5823924472775,66.00949061638109,10
2834,298.611376999954,66.03232915788624,10
2835,298.71916693055925,66.06163345294516,10
2836,298.7209119377814,66.06193278820388,10
2837,298.8855197022304,66.17269155480349,10
2838,299.0388746719134,66.2843805412824,10
2839,299.1256034686984,66.39058403131929,10
2840,299.14811432149264,66.42595799962106,10
2841,299.222617044057,66.50987369475797,10
2842,299.303477085948,66.6437482723822,10
2843,299.30933933711947,66.64882362356714,10
2844,299.452054219321,66.71595544030947,10
2845,299.5378606188582,66.63083482317364,10
2846,299.6214505137159,66.62775465537415,10
2847,299.874491852016,66.69621956949595,10
2848,300.017077103276,66.68205770203163,10
2849,300.090008502322,66.58384911335148,10
2850,300.3852114236653,66.55630135895693,10
2851,300.51792379958255,66.54927939013314,10
2852,300.6179378361495,66.65825572132859,10
2853,300.76306387477166,66.64944003771933,10
2854,300.8336317726065,66.65409931588536,10
2855,300.9205428332483,66.5725114062206,10
2856,300.9411670080831,66.5663908595464,10
2857,301.00005033754957,66.56534556185143,10
2858,301.37851491951795,66.57730768492975,10
2859,301.6022738010487,66.58485098537382,10
2860,301.6782087228324,66.69490100011801,10
2861,301.76234346164847,66.61769591913483,10
2862,301.8989860478761,66.77239963789096,10
2863,301.9733313444699,66.78291253800779,10
2864,302.01879146630216,66.84590932398172,10
2865,302.0985067980811,66.84932383613601,10
2866,302.2892160502889,67.01036323039541,10
2867,302.3961227152555,67.12323448978118,10
2868,302.5052373877896,67.04039484952911,10
2869,302.6652191353846,66.92835380812446,10
2870,302.8612354023947,66.86808540699788,10
2871,303.1909098814113,67.02035993034107,10
2872,303.3287006720568,67.01375320113563,10
2873,303.45130804695305,67.06730629357018,10
2874,303.5861578689982,67.16922857706525,10
2875,303.6574378796074,67.17539381035267,10
2876,303.8955159124305,67.38056810229163,10
2877,304.08262294679207,67.59336668270272,10
2878,304.2982082290911,67.68094610400377,10
2879,304.4605885238317,67.7115378980065,10
2880,304.53707485990583,67.80228230354379,10
2881,304.69981200282575,67.82968620602506,10
2882,304.87276699320694,67.92382814869907,10
2883,304.9718191138668,67.88288464096215,10
2884,304.97984695783293,67.87681828374444,10
2885,305.05292053822944,67.80605450460186,10
2886,305.1514125575061,67.73628077946124,10
2887,305.2471542026936,67.82544173463921,10
2888,305.56014915878126,67.8927357934638,10
2889,305.58365115869145,67.88671606646284,10
2890,305.7282882619644,67.89612993822158,10
2891,305.9388832277124,67.96763708474423,10
2892,306.03795808047727,67.97662815600157,10
2893,306.13021571582897,67.99392664047163,10
2894,306.20067379443117,68.00100772878908,10
2895,306.29055871253,67.99993118947233,10
2896,306.402045298256,68.08326247414853,10
2897,306.5101537919072,68.0790652825493,10
2898,306.69052422651134,68.06445092294166,10
2899,306.8945198068826,68.05790070954292,10
2900,306.89672000030777,68.05665053706683,10
2901,306.93107709357275,68.05669629325425,10
2902,307.00435185036474,68.12182103062696,10
2903,307.19434876954534,68.27877550720952,10
2904,307.3603381726524,68.37415034216137,10
2905,307.45464116406293,68.46445236269737,10
2906,307.4573295704422,68.46645811491224,10
2907,307.5324303494601,68.55838372435376,10
2908,307.54599243272196,68.55716651030473,10
2909,307.62074103063,68.5364048814855,10
2910,307.7232809254323,68.63733658199014,10
2911,307.75517918773124,68.64342082118189,10
2912,307.76324480226174,68.64819540906434,10
2913,307.78465500861574,68.646995436126,10
2914,307.93835705378626,68.6263047059579,10
2915,308.1558787198319,68.60915385204063,10
2916,308.2301440224276,68.70531930394255,10
2917,308.2469721302922,68.69880807850042,10
2918,308.4124960554192,68.7122816809013,10
2919,308.5544109210129,68.79791794603219,10
2920,308.831019206695,68.8903871586994,10
2921,308.90099087892816,68.88055044767263,10
2922,309.0633158486304,68.81309449472165,10
2923,309.2065704407193,68.8132889151403,10
2924,309.3461850516902,68.71244401077364,10
2925,309.5031549335837,68.79953611833379,10
2926,309.5764760995713,68.79939665017002,10
2927,309.7147293375564,68.7902931468407,10
2928,309.8553127398326,68.6902643124267,10
2929,310.0631650719519,68.58137467359659,10
2930,310.13452396647233,68.58207418386446,10
2931,310.1743387150441,68.56998210029802,10
2932,310.18301198984625,68.56888082950532,10
2933,310.2673006696126,68.54547036469278,10
2934,310.3504087057841,68.5145272965388,10
2935,310.3877426015334,68.51141810434413,10
2936,310.4343850354807,68.49474954702914,10
2937,310.43660722729186,68.49463152523404,10
2938,310.44435001012437,68.48926020782098,10
2939,310.51640338140413,68.55074523307911,10
2940,310.6761005455065,68.49248144159796,10
2941,310.84089479739544,68.52944174730119,10
2942,310.91192255394026,68.45669786943554,10
2943,310.9178540435115,68.45279341799238,10
2944,310.98545609703837,68.44720227697884,10
2945,311.0558246437695,68.44297534201594,10
2946,311.12627810831316,68.44774556406719,10
2947,311.1477262977521,68.45155809643144,10
2948,311.30193939175456,68.44171062012128,10
2949,311.3704761728046,68.55329615384579,10
2950,311.5136746498402,68.56454055953967,10
2951,311.6526313266776,68.57884231599677,10
2952,311.7570701951551,68.6215664235591,10
2953,311.86082616793,68.61565954599858,10
2954,312.0236002903792,68.64048128479727,10
2955,312.1767850130101,68.67035710747027,10
2956,312.31349204511696,68.67344390763799,10
2957,312.5257121213461,68.66995756630311,10
2958,312.8284430477426,68.75555638443835,10
2959,312.9725390681486,68.76755266999291,10
2960,313.04917866809194,68.73031359445515,10
2961,313.15995175705484,68.68137386870747,10
2962,313.2839838878733,68.6614099218761,10
2963,313.31626570115077,68.6154342826927,10
2964,313.44092318917285,68.5638781121109,10
2965,313.5616235883847,68.51363277421838,10
2966,313.70310646196003,68.49866147191746,10
2967,313.82011450293044,68.34152106103252,10
2968,314.03713148422156,68.40188728814624,10
2969,314.2004130741965,68.25955035787631,10
2970,314.26271694500576,68.20751938777259,10
2971,314.30369248706216,68.20707033555266,10
2972,314.48696939359326,68.16911633805913,10
2973,314.63118796770834,68.10488347526474,10
2974,314.81478355563826,68.06954860518461,10
2975,314.8877825857007,68.08104439283106,10
2976,315.0294565048169,68.1588242059416,10
2977,315.0996878623094,68.17282290723901,10
2978,315.1037435449708,68.17190319502363,10
2979,315.1322852411412,68.20055033625276,10
2980,315.144311438014,68.2113412766895,10
2981,315.3064981640383,68.2626111565639,10
2982,315.40473024281044,68.24988420842624,10
2983,315.4669961380927,68.2646594021576,10
2984,315.5484584177726,68.27923556563937,10
2985,315.62240357132356,68.2907231863023,10
2986,315.64380246939106,68.2652940887842,10
2987,315.6879855165388,68.24541007162564,10
2988,315.8483425134406,68.25518456026201,10
2989,315.94388601507046,68.27463361060755,10
2990,316.02037954658556,68.27773113411772,10
2991,316.0959609464298,68.28122872338483,10
2992,316.23625783961035,68.19625349074448,10
2993,316.3337592728833,68.22824012835044,10
2994,316.4521875099304,68.25296185137039,10
2995,316.68579902996623,68.29660519907044,10
2996,316.78285850061286,68.31088838498967,10
2997,316.9268316105123,68.31744703737462,10
2998,317.005776585394,68.31968106205005,10
2999,317.038823095481,68.30575527335658,10
3000,317.0416275262518,68.30773916348848,10
3001,317.1474468113507,68.32015600864145,10
3002,317.240285525346,68.302652042622,10
3003,317.3355188573187,68.28710382383525,10
3004,317.4081151327175,68.18592113932917,10
3005,317.4357769917384,68.19197746498054,10
3006,317.5951903797665,68.18337917025174,10
3007,317.746383918871,68.1826163968431,10
3008,317.9818232828182,68.3203286511029,10
3009,318.15394813998785,68.24299656454781,10
3010,318.3773742716505,68.3263260455886,10
3011,318.3803150344538,68.32590263998343,10
3012,318.46681739196515,68.35185859056334,10
3013,318.5042258940017,68.33116108674217,10
3014,318.6449060811838,68.23937889687612,10
3015,318.65581816697556,68.2395437265894,10
3016,318.7388984047817,68.26439695164336,10
3017,318.8172834460825,68.28419370600567,10
3018,318.90772499742724,68.29395447823407,10
3019,319.04901147642926,68.20150333972644,10
3020,319.12103477504775,68.12740538607122,10
3021,319.1536644665845,68.14642474544416,10
3022,319.2258675436673,68.07463947041545,10
3023,319.3749443432749,67.89362481833949,10
3024,319.51820161093974,67.8028888255603,10
3025,319.56756106837344,67.81988209190604,10
3026,319.6565521707475,67.71525926103044,10
3027,319.7856974877235,67.62376587711553,10
3028,319.8903723505838,67.49078539786913,10
3029,319.89475398996865,67.48663362139823,10
3030,319.99031780142525,67.38264270990588,10
3031,320.13462533984983,67.17337969792788,10
3032,320.22203583354235,67.07391812007651,10
3033,320.42694914425323,67.19549709070917,10
3034,320.63264253948375,66.98042612021352,10
3035,320.8412353856754,66.96754699316925,10
3036,321.0145005093573,66.96433630704547,10
3037,321.16925090077575,66.86894711009494,10
3038,321.1709340114304,66.86850930436155,10
3039,321.2438086911458,66.76405620750461,10
3040,321.326660568752,66.81208586224624,10
3041,321.54965390486075,66.61868272469914,10
3042,321.6954229076669,66.69942819800544,10
3043,321.8399575979269,66.76491810019645,10
3044,321.847844377259,66.77214458408288,10
3045,321.95025223526125,66.76118875506292,10
3046,322.02818891244846,66.83011481952833,10
3047,322.04437727350154,66.84263132979837,10
3048,322.04565477506173,66.84251104690422,10
3049,322.05274811921385,66.83389575522004,10
3050,322.06893157412605,66.84633855724157,10
3051,322.156909084728,66.95028853678626,10
3052,322.2345673483077,67.02345654520066,10
3053,322.3102559731577,67.09193032765035,10
3054,322.33040101023687,67.09900943993676,10
3055,322.3707661450829,67.11155241039226,10
3056,322.4435506182377,67.128862632365,10
3057,322.5305482741702,67.12975713681158,10
3058,322.5678566553922,67.10966132355233,10
3059,322.67735507389557,67.17985709411994,10
3060,322.6805034274674,67.18009428683453,10
3061,322.7102275896113,67.19531324108117,10
3062,322.9152717342057,67.00082712659831,10
3063,322.92427747322233,67.00429158168336,10
3064,322.97117843595584,67.00671218387839,10
3065,322.9986904059092,67.03415574039751,10
3066,323.01927087549524,67.00629236658499,10
3067,323.10444338233265,66.90568570259731,10
3068,323.25202312756653,66.8944375597363,10
3069,323.31080272849374,66.8547815170186,10
3070,323.36382144468473,66.81322497074068,10
3071,323.43577138204216,66.73919354775722,10
3072,323.583919381462,66.72226185341779,10
3073,323.6535397460359,66.72053823843413,10
3074,323.7313253113894,66.62925216244132,10
3075,323.733866408649,66.62842716067422,10
3076,323.7747683137849,66.6191760906314,10
3077,323.8991310665001,66.487092977205,10
3078,323.96734757081634,66.52036346601089,10
3079,324.00614727685013,66.51081661640087,10
3080,324.18676303663545,66.53070283485307,10
3081,324.25693563286444,66.42652690213568,10
3082,324.3362853944087,66.32371846622364,10
3083,324.5535978689107,66.40694096976769,10
3084,324.6962388155356,66.408464463286,10
3085,324.7079707199964,66.40834108640304,10
3086,324.77548629314504,66.51347978861654,10
3087,324.8747816916948,66.42510809510095,10
3088,325.01338734900384,66.59764791056051,10
3089,325.1236891328351,66.62043681954442,10
3090,325.1535431340177,66.59737134979994,10
3091,325.18018617247094,66.57010739250684,10
3092,325.1946222119901,66.55357300657745,10
3093,325.2033011572771,66.55463180403065,10
3094,325.21321116299015,66.55656239870677,10
3095,325.24651721226826,66.57938167696602,10
3096,325.3479162280871,66.62984067941902,10
3097,325.4733309833292,66.6685145920165,10
3098,325.5096297951758,66.70309164065378,10
3099,325.59064986742703,66.6150581955202,10
3100,325.59930381503057,66.62269993807018,10
3101,325.66987945567354,66.51825849190544,10
3102,325.8873272723373,66.51056488915833,10
3103,325.98493250264323,66.54070724410093,10
3104,326.07653851174484,66.53126565012404,10
3105,326.1454316204371,66.52566135154072,10
3106,326.1946499092108,66.57479967591861,10
3107,326.26138412303254,66.62431409502095,10
3108,326.264140545466,66.62546047038562,10
3109,326.40871055006636,66.61720184994503,10
3110,326.43643729857666,66.61163319273868,10
3111,326.4508585631481,66.61369113516163,10
3112,326.45363842782626,66.61635408201843,10
3113,326.6368877630613,66.51765237428121,10
3114,326.69245269185575,66.49250138202711,10
3115,326.70511222136724,66.49155726846858,10
3116,326.8096202295578,66.39500410123658,10
3117,326.84268639944275,66.40091250885422,10
3118,326.95998768884226,66.31536065964707,10
3119,327.0473197902969,66.30621458259965,10
3120,327.1842129185608,66.40874444325961,10
3121,327.3353229302258,66.51448118776662,10
3122,327.3820197085833,66.52520732058653,10
3123,327.4726279762143,66.63169437656217,10
3124,327.61779117879047,66.73624370662442,10
3125,327.63091664441515,66.72449370010372,10
3126,327.6560658198447,66.72570673061122,10
3127,327.68510706854005,66.74201513635545,10
3128,327.6987276740393,66.7437881558825,10
3129,327.79077427664146,66.77009062839929,10
3130,327.8851768176376,66.69892954248978,10
3131,327.8993828903686,66.69914280034337,10
3132,327.91543819258413,66.70103850326545,10
3133,327.9436889410863,66.73505215867937,10
3134,328.0853094700624,66.76169681193888,10
3135,328.23195095946267,66.57645141448427,10
3136,328.31562314218627,66.61790812276608,10
3137,328.4580543570753,66.72450159765503,10
3138,328.61385305142073,66.69297309178948,10
3139,328.7363988234793,66.60375583812551,10
3140,328.7606974154711,66.57784610061861,10
3141,328.8301619939711,66.47901840809548,10
3142,328.9705205184401,66.3845289506413,10
3143,329.11716360970786,66.39217815841528,10
3144,329.18556243464997,66.39158427641314,10
3145,329.26634706934067,66.38723651574266,10
3146,329.28617327697924,66.39122383874356,10
3147,329.52082161445725,66.32803980671008,10
3148,329.67072188630493,66.36114224916123,10
3149,329.70836744389146,66.31171923117792,10
3150,329.7804883326785,66.21162248949702,10
3151,329.79078992026945,66.21577818908787,10
3152,329.8605096174732,66.23103327765558,10
3153,329.93643371399344,66.30502112808108,10
3154,330.0085314968602,66.31116995953465,10
3155,330.18486023349976,66.28596963655161,10
3156,330.18897894340785,66.28494134368327,10
3157,330.26291047645316,66.2756918684613,10
3158,330.33215580009664,66.28273926253975,10
3159,330.3372051994075,66.28219472105694,10
3160,330.38602547652124,66.2455737403024,10
3161,330.4445974729734,66.19727908197704,10
3162,330.51688663002346,66.20991129756831,10
3163,330.582961408453,66.11928143711177,10
3164,330.75398906932696,66.02359304701301,10
3165,330.99349679403747,65.93180799730455,10
3166,331.1195737215556,65.85565546469145,10
3167,331.3483404358123,65.80048220322051,10
3168,331.4408382958327,65.83125425510538,10
3169,331.5965195499261,65.77158985578866,10
3170,331.68554785151207,65.69187450136637,10
3171,331.84333216147377,65.66252932144485,10
3172,331.9899502301056,65.58793336031748,10
3173,332.2021866872815,65.40798083696951,10
3174,332.34273456222195,65.22026808060467,10
3175,332.41530624533596,65.14120879565323,10
3176,332.41758981767583,65.1424373496983,10
3177,332.46457256642907,65.0817688679202,10
3178,332.55636644229014,65.13671885086,10
3179,332.61838213631177,65.15906561780619,10
3180,332.6894956802274,65.08105272983052,10
3181,332.7660556642983,65.172271831764,10
3182,332.979268158917,65.13911396144508,10
3183,333.05253410153506,65.1532542183643,10
3184,333.2696317108154,65.28065862071449,10
3185,333.52711764911703,65.40626145899616,10
3186,333.6907151444228,65.40132740909077,10
3187,333.76881971451803,65.46912446225846,10
3188,333.9214397750084,65.34686513095157,10
3189,334.1769339110613,65.40963233118599,10
3190,334.3876198208735,65.50955281826695,10
3191,334.6235525102657,65.53863765105753,10
3192,334.8420562981032,65.63359819750843,10
3193,335.1864830476803,65.6164858866194,10
3194,335.43174093684803,65.53744554345549,10
3195,335.5169123359208,65.46484111085556,10
3196,335.7235768058965,65.49414510953251,10
3197,335.74535005601075,65.47764942673815,10
3198,335.9029511297318,65.58041847032663,10
3199,335.98195860689304,65.58742226443816,10
3200,336.0151989687601,65.56543871528537,10
3201,336.01603741144703,65.56618408183023,10
3202,336.0292225197885,65.5627234124647,10
3203,336.0312114601533,65.56082869445578,10
3204,336.04256444855093,65.54433545456354,10
3205,336.09411128820597,65.49898598973672,10
3206,336.18401439598193,65.48029659429345,10
3207,336.25564487030545,65.40687900102834,10
3208,336.3368589182538,65.4620468490428,10
3209,336.3392561210655,65.46100060120921,10
3210,336.41427221805213,65.47494263410667,10
3211,336.442392216305,65.43737966593537,10
3212,336.47496908441724,65.41012553434344,10
3213,336.5005489696443,65.41455095137552,10
3214,336.5467491448042,65.40449216639833,10
3215,336.61832567730073,65.42574747342886,10
3216,336.6898373093204,65.44102011048005,10
3217,336.72532926885606,65.4396283601155,10
3218,336.8036765196325,65.5511254348099,10
3219,336.87287135530994,65.5642796093504,10
3220,336.96538486161364,65.43494807180032,10
3221,336.9739062195091,65.43256942494818,10
3222,336.986299879104,65.42425032807643,10
3223,337.1301101904963,65.54799949411348,10
3224,337.22942451116324,65.60799714316848,10
3225,337.24718702877016,65.62178148891381,10
3226,337.3458548851898,65.73256891035447,10
3227,337.39147418144114,65.77791120539601,10
3228,337.49477472851675,65.70395897267245,10
3229,337.5635702751782,65.6000439975983,10
3230,337.56648900521213,65.60080811694914,10
3231,337.64537553439317,65.60108324216124,10
3232,337.6480756226868,65.60242421818165,10
3233,337.64997947241847,65.60332537544464,10
3234,337.7219574220055,65.61173543174405,10
3235,337.8046256192095,65.62144606405809,10
3236,337.8066976062006,65.62194767709289,10
3237,337.84086458519636,65.58912344007715,10
3238,337.9895959742062,65.6689684707914,10
3239,338.1413685162532,65.64952024382308,10
3240,338.22383899038647,65.72412094108513,10
3241,338.3853543814007,65.80778114789513,10
3242,338.4629501899043,65.8722467407063,10
3243,338.5403269066329,65.88517080456151,10
3244,338.6269865409276,65.88872923847839,10
3245,338.71309027278375,65.77281353093322,10
3246,338.87155141705625,65.72420702512034,10
3247,338.88102591010636,65.72333263642761,10
3248,338.96883668915655,65.60195427554774,10
3249,339.06811559925706,65.66619192825542,10
3250,339.0970209411058,65.63255623119869,10
3251,339.11544860144943,65.60699897046936,10
3252,339.15381173675695,65.62562123143843,10
3253,339.1560993393808,65.62706692581818,10
3254,339.158851925328,65.62720717415891,10
3255,339.1881515409367,65.58830831994175,10
3256,339.1940505322613,65.58720050857995,10
3257,339.235154051305,65.60084961801186,10
3258,339.2504742508643,65.58757473283278,10
3259,339.2618048476757,65.58251180864289,10
3260,339.2782898631962,65.58396806253779,10
3261,339.2963286488828,65.58487235660246,10
3262,339.40973027495545,65.59941890427653,10
3263,339.56688826224286,65.61014726239607,10
3264,339.7449332754466,65.69123054356633,10
3265,339.85645319896,65.75779145873993,10
3266,340.02723404421954,65.70334206653774,10
3267,340.16740121043483,65.77286415018636,10
3268,340.1834971083828,65.78746652399214,10
3269,340.216853656674,65.79359782625417,10
3270,340.29650171518097,65.80212566615762,10
3271,340.3286804621635,65.81981220794002,10
3272,340.3341463334788,65.82133726846217,10
3273,340.3559195255666,65.81803057028016,10
3274,340.3916188503332,65.83012992509023,10
3275,340.5277508761652,65.84568322587876,10
3276,340.6752717912953,65.77498993781943,10
3277,340.70161293283496,65.78526192762864,10
3278,340.73937864257095,65.80740894630262,10
3279,340.88646559016183,65.80076090176574,10
3280,341.0916501429575,65.68041307691476,10
3281,341.22938840605286,65.57000300120968,10
3282,341.53545618558326,65.4357992259773,10
3283,341.6920303779888,65.40107264823712,10
3284,341.7314230056226,65.38018512310052,10
3285,341.89802227524757,65.29012982434499,10
3286,341.9664793239195,65.31049122478902,10
3287,342.0817405754609,65.20620321051949,10
3288,342.1664597215355,65.0935847146307,10
3289,342.3883927777119,65.1375566109148,10
3290,342.4656323488213,65.14794084212967,10
3291,342.6068163456704,65.21837793015735,10
3292,342.8179312064056,65.18464755857862,10
3293,343.0410791826661,65.25570863627513,10
3294,343.13843708401527,65.3535587587363,10
3295,343.28277164036007,65.51852007688295,10
3296,343.35420136178135,65.59609786929174,10
3297,343.5681654890838,65.78248478027723,10
3298,343.6819496103543,65.84537962700503,10
3299,343.9685858220349,66.03984282763264,10
3300,344.04426921658495,66.11827686440888,10
3301,344.1187287834276,66.2068208201438,10
3302,344.2640652023852,66.3754955547402,10
3303,344.26498614098836,66.37588524985728,10
3304,344.3079691071034,66.41849712747023,10
3305,344.41702452794976,66.54135577315691,10
3306,344.4536410575048,66.58553924627209,10
3307,344.52577033649743,66.66777061830257,10
3308,344.61777299484294,66.73444437079877,10
3309,344.7768362708109,66.80275469424193,10
3310,344.8590477293053,66.78196479211915,10
3311,344.9487557362271,66.8702645195556,10
3312,345.0412271637939,66.95667320532029,10
3313,345.07322388629416,66.97827450869042,10
3314,345.0744857263484,66.97724659214316,10
3315,345.1129429867397,66.96086036171296,10
3316,345.20606839975903,66.97243818016277,10
3317,345.36540525416314,66.95988423581116,10
3318,345.4358503932723,66.85802432157224,10
3319,345.60942998568567,66.85451678276448,10
3320,345.6174273322723,66.85732437311098,10
3321,345.7912445437171,66.7913883155211,10
3322,345.93353521894244,66.78291516334787,10
3323,346.09126222905746,66.97360876762004,10
3324,346.2096186917025,66.95811159592068,10
3325,346.42448201314227,66.96484050473983,10
3326,346.6978610016193,66.7989094041643,10
3327,346.79348904267,66.82839805547503,10
3328,346.99451058166056,66.836150694624,10
3329,347.1818269339656,66.99646475409905,10
3330,347.2551212584721,66.91733796263918,10
3331,347.2910274061455,66.90611306437764,10
3332,347.48475270619156,66.96667801299067,10
3333,347.5868751226756,67.02664240943642,10
3334,347.67116547931994,67.10544902050385,10
3335,347.90336679979544,67.16543824680929,10
3336,348.0101059486452,67.2509256677841,10
3337,348.1647267816382,67.2480046606588,10
3338,348.3146277289057,67.3245375474434,10
3339,348.34514518884566,67.34041467821766,10
3340,348.4932193873588,67.33042871359748,10
3341,348.6569471810637,67.42949508427193,10
3342,348.73502274666356,67.52018248787583,10
3343,348.7484340618188,67.5057918572025,10
3344,348.8204292782219,67.42581121922888,10
3345,348.9645325185339,67.59978697484635,10
3346,349.0530057150662,67.58776433406393,10
3347,349.1518605811772,67.56927786437944,10
3348,349.29344883054193,67.5699478977784,10
3349,349.4368936115083,67.65133292856785,10
3350,349.5086819674974,67.73095304572243,10
3351,349.51210963619644,67.72910117469206,10
3352,349.59906665016587,67.72151188699674,10
3353,349.6724557690916,67.72550703500458,10
3354,349.7521251633748,67.81298640409173,10
3355,349.8943256973912,67.81603063438676,10
3356,349.9683888395237,67.89857156188589,10
3357,350.1096169842913,67.72111903468186,10
3358,350.2575206754408,67.65007826045611,10
3359,350.39839079223884,67.75587245225401,10
3360,350.56167471176315,67.68631599823895,10
3361,350.722824053419,67.7074844180814,10
3362,350.8177002859703,67.64697269472401,10
3363,350.96110264082165,67.65718280797873,10
3364,351.0334998878611,67.58449890558491,10
3365,351.147545707278,67.57907644934608,10
3366,351.35494352429276,67.4253358102712,10
3367,351.5100678554444,67.53232924798408,10
3368,351.5837121618618,67.42797334557206,10
3369,351.72978342435806,67.5348732370497,10
3370,351.7752256994231,67.59445414245856,10
3371,351.9401436871875,67.60976445997221,10
3372,351.9982601576168,67.59458339683867,10
3373,352.10731894130606,67.69395821948844,10
3374,352.11974294606534,67.69143703909924,10
3375,352.25975319170436,67.70909961937284,10
3376,352.41996968464446,67.74040586283445,10
3377,352.4970511111088,67.82803003742188,10
3378,352.574096500146,67.82836781414247,10
3379,352.5954184480678,67.83224315910205,10
3380,352.6134583352401,67.83161279352181,10
3381,352.69984293308454,67.82956397837503,10
3382,352.81696552079535,67.9200845340318,10
3383,352.91478415431914,67.93448327857273,10
3384,352.9359749583823,67.93552558014125,10
3385,352.9394036604962,67.93596679981331,10
3386,352.9498909205155,67.93535697652031,10
3387,353.0329597479469,68.019666622983,10
3388,353.04427121670545,68.02763667730827,10
3389,353.1913502657758,68.10390389583542,10
3390,353.22676433718414,68.08928842291074,10
3391,353.239580472875,68.09661602061051,10
3392,353.3109642736161,67.98801605528745,10
3393,353.3469731528447,67.99115432476785,10
3394,353.42139040329687,68.02983414488308,10
3395,353.4869249136811,68.05461370937549,10
3396,353.55512496076415,68.14917617013013,10
3397,353.62465098616775,68.15349958017268,10
3398,353.6337756288631,68.15437438970953,10
3399,353.79299201075065,68.19484493867103,10
3400,353.8683822062949,68.22747105802408,10
3401,353.9383593057809,68.253446393021,10
3402,354.07585493929594,68.37155793117111,10
3403,354.3368202394925,68.40170111425508,10
3404,354.4978036413812,68.32598990405793,10
3405,354.52581837708817,68.32524477515513,10
3406,354.6669891856403,68.50842099496049,10
3407,355.0155974671262,68.71140567909146,10
3408,355.0660687719478,68.67665134652908,10
3409,355.15326131087807,68.78647805117613,10
3410,355.32506471428263,68.88876412387413,10
3411,355.4860813032096,68.98153125559166,10
3412,355.56666200688267,69.08034483995309,10
3413,355.6144987345364,69.11850613673548,10
3414,355.7089693939978,69.21421190343655,10
3415,355.7797507828102,69.23706759558334,10
3416,355.81214860141137,69.2404061115867,10
3417,356.0002723899051,69.28909059248002,10
3418,356.09678008881747,69.34738423672746,10
3419,356.22746816470567,69.40148859717631,10
3420,356.372998994916,69.49512343455318,10
3421,356.37745671317236,69.49624690330424,10
3422,356.48142012429315,69.57313319727899,10
3423,356.52132412026896,69.6237237586065,10
3424,356.66052187369223,69.69588380204699,10
3425,356.83840184777,69.76282025623283,10
3426,356.89305202647097,69.82381773235878,10
3427,356.9556737300334,69.8286578133728,10
3428,356.9637865061527,69.83547475200872,10
3429,357.1032395536396,69.7243912069037,10
3430,357.1415531129278,69.7545182946298,10
3431,357.15663584334754,69.75763403273739,10
3432,357.22814213326535,69.7655985704353,10
3433,357.369648308963,69.8045429566816,10
3434,357.4147767901201,69.79781506868171,10
3435,357.52022177357134,69.931246812041,10
3436,357.7247336411704,70.04027997905067,10
3437,357.88363403964956,70.16475577275219,10
3438,357.98966346055283,70.2590302379476,10
3439,358.05423381316695,70.23241633864222,10
3440,358.06900098825184,70.23965660662961,10
3441,358.1540061966556,70.34046540136397,10
3442,358.29024118705655,70.48788424896269,10
3443,358.389228908532,70.41565905756418,10
3444,358.53197096045994,70.53858261796437,10
3445,358.66136532566065,70.5057312446275,10
3446,358.70258472327225,70.56303438026501,10
3447,358.7729115699909,70.59354880164112,10
3448,358.7991723498888,70.59612533056452,10
3449,358.8159786426873,70.57523962629891,10
3450,358.8852146265695,70.66963389112104,10
3451,358.9771013449327,70.73609366655839,10
3452,359.066336206938,70.64393674429812,10
3453,359.16098985881524,70.7237097220812,10
3454,359.2601516577618,70.60516913618461,10
3455,359.4259070221972,70.5871903074783,10
3456,359.49754632435395,70.48340894432046,10
3457,359.5295298818369,70.49310391638001,10
3458,359.60375600022087,70.53089539058023,10
3459,359.8116284150284,70.55894630695379,10
3460,359.9504490794225,70.55478605299267,10
3461,360.092492215655,70.48912580338688,10
3462,360.0968464429004,70.48743711753276,10
3463,360.30815975268933,70.62515532236972,10
3464,360.3814503700047,70.62924671682582,10
3465,360.5873546778722,70.45705753023617,10
3466,360.7264601420881,70.38965684437382,10
3467,360.8090749052712,70.29166157628225,10
3468,361.0270579934559,70.1937008631322,10
3469,361.0970545858855,70.18530274422008,10
3470,361.2404881470594,70.17978004621617,10
3471,361.33425771665753,70.07341432645882,10
3472,361.4182914989666,70.09151934628024,10
3473,361.5326977084503,69.96673909263988,10
3474,361.6972265297237,69.9471183509856,10
3475,361.9131240003881,70.12281889606358,10
3476,362.0613813486512,70.01670627634628,10
3477,362.16598347642014,69.99081716438016,10
3478,362.378280580338,69.7966698609607,10
3479,362.45389452768035,69.80128071082245,10
3480,362.460000267055,69.8054282028241,10
3481,362.6343308918918,69.75575639539827,10
3482,362.7137958745958,69.83992338438185,10
3483,362.7880902318697,69.84836454611636,10
3484,362.845514961711,69.90619282129863,10
3485,362.93211762949085,69.93135558926214,10
3486,362.96940251479714,69.9213897761095,10
3487,363.12462629591676,70.02727211961538,10
3488,363.1338388345216,70.03598720854177,10
3489,363.13646575449627,70.03532571920135,10
3490,363.21949777345895,70.06132365076462,10
3491,363.29453884640793,70.069175400011,10
3492,363.37032685020927,70.15818666093281,10
3493,363.44036985118225,70.15020049408423,10
3494,363.5790544978839,70.15555889826265,10
3495,363.79742653679426,70.24961182139093,10
3496,363.8995934268354,70.19590708515832,10
3497,364.0524730303454,70.21735191636859,10
3498,364.1251023924456,70.30908669002524,10
3499,364.16303388341834,70.32515507030077,10
3500,364.32649771381216,70.42649278333927,10
3501,364.4865554231501,70.51985976165759,10
3502,364.5007913465239,70.50158933712197,10
3503,364.62069589124576,70.57782654004777,10
3504,364.78482485618997,70.5885020135814,10
3505,365.0034190475909,70.67460801403269,10
3506,365.23149617476946,70.7399664553297,10
3507,365.3267914976509,70.76962562134831,10
3508,365.56861761364416,70.84571905741356,10
3509,365.6486270504863,70.93486481964109,10
3510,365.8159872304074,71.03563225387937,10
3511,366.0299426540158,71.07264155610642,10
3512,366.1462548890129,71.06607112549153,10
3513,366.2893354375754,71.16436016829027,10
3514,366.3368450086896,71.17708255694781,10
3515,366.34784889494375,71.16193339697361,10
3516,366.3523149996973,71.16108487208687,10
3517,366.4249284900476,71.18000604168373,10
3518,366.54141470249596,71.22950208142427,10
3519,366.54545229821184,71.2289923077041,10
3520,366.6147092895629,71.226754408945,10
3521,366.8178847226341,71.38491753903284,10
3522,366.97214487385133,71.49560126132657,10
3523,367.24384778074597,71.48655634217043,10
3524,367.3841969183723,71.3875597024905,10
3525,367.462625457666,71.4904289985973,10
3526,367.5905895336776,71.46893189595232,10
3527,367.6759939160792,71.46253135140931,10
3528,367.9638850889936,71.27444932113892,10
3529,368.1117971760948,71.36772894267284,10
3530,368.2629646561554,71.28955019968258,10
3531,368.3337085073694,71.272331242484,10
3532,368.3700162477347,71.30022726146646,10
3533,368.4813214738007,71.24451222084843,10
3534,368.6401495221714,71.30483580363595,10
3535,368.64515642302587,71.305696928174,10
3536,368.7206440995475,71.40043614214798,10
3537,368.8693049957634,71.47850638449516,10
3538,368.9587305116047,71.48671251066051,10
3539,369.13864221187214,71.61459532428337,10
3540,369.2439104604854,71.69889687359911,10
3541,369.31285583791384,71.7226774593435,10
3542,369.4618724887293,71.8278399886011,10
3543,369.71594515447777,71.99903318716203,10
3544,369.850338419555,72.088637045372,10
3545,369.9191780258718,72.18319500651195,10
3546,370.05528006298,72.27699127221105,10
3547,370.05801179449736,72.27732567204265,10
3548,370.1346178570293,72.35979181943583,10
3549,370.3056014033355,72.53398478169578,10
3550,370.5363177779698,72.5946733338477,10
3551,370.66104015851596,72.59987749035464,10
3552,370.69796266434525,72.62859818728745,10
3553,370.9215888910854,72.8348013862648,10
3554,371.0196846018552,72.82707675656467,10
3555,371.12417967349427,72.93665918285656,10
3556,371.2761856117844,73.09979984131138,10
3557,371.3757173129308,73.15317633084834,10
3558,371.44729869404637,73.17274496234168,10
3559,371.5656988032339,73.25364817434209,10
3560,371.6377486820622,73.14966156656385,10
3561,371.8511157135424,73.16027787374121,10
3562,371.85558609616544,73.15815524356927,10
3563,371.93867694143063,73.05535112440928,10
3564,372.0863756775507,73.04569107731824,10
3565,372.1561169606731,72.94473343239972,10
3566,372.2938433413386,73.06334220400457,10
3567,372.5684402017936,73.15318067060839,10
3568,372.7217420629914,73.26853788655322,10
3569,372.8172871163648,73.124656875074,10
3570,372.92212154199245,73.2465384136312,10
3571,373.07156006895747,73.21750828032422,10
3572,373.2462579315826,73.14252498486908,10
3573,373.2831919589397,73.19174099666888,10
3574,373.43481302548315,73.1143226743799,10
3575,373.6578939003301,73.11021618918261,10
3576,373.9828256914319,73.01192346890205,10
3577,374.1450546848147,73.00506016071915,10
3578,374.3283364997686,73.15819802510896,10
3579,374.39859566890334,73.05453200498427,10
3580,374.535985873703,73.12303313678427,10
3581,374.81187600885335,73.01360675818604,10
3582,374.9619592848676,72.90799439396751,10
3583,375.39448215355344,72.8923782473526,10
3584,375.61527750566546,72.85505016641275,10
3585,375.7829159518584,72.89420166978695,10
3586,376.12974450072085,72.88099550468726,10
3587,376.3093885252097,72.9999779252806,10
3588,376.4455740242712,73.07948137648445,10
3589,376.6179445959082,73.04932039831962,10
3590,376.7602727533908,73.07164242492009,10
3591,376.9075643380951,73.04037088402309,10
3592,377.0595565828402,73.04248962635585,10
3593,377.2474717333674,73.11541266787752,10
3594,377.47713791710686,73.07982553362797,10
3595,377.6505624676371,73.07755968395473,10
3596,377.73725620067245,72.98000366156316,10
3597,377.83501396680765,72.86917601338119,10
3598,377.87806334831555,72.87602938934599,10
3599,377.9692359835706,72.92922620651463,10
3600,378.27192315499457,72.76371650424615,10
3601,378.5890700104649,72.85575758193407,10
3602,378.68315848294503,72.92592424173633,10
3603,378.95932442953995,73.07873214261218,10
3604,379.1065292367841,73.25684605292257,10
3605,379.391593678327,73.33016136188321,10
3606,379.57806957493403,73.29844873578708,10
3607,379.7315541668837,73.37928078103613,10
3608,379.80649825381346,73.44960537020407,10
3609,380.0162981997652,73.44438804638826,10
3610,380.2948965881753,73.5145884763466,10
3611,380.6439203475231,73.76792224361729,10
3612,380.7687442607137,73.91903456207912,10
3613,381.0130891052395,73.92310053378226,10
3614,381.2523910743418,73.93144377635488,10
3615,381.2532934341465,73.93172790304261,10
3616,381.33858846264695,74.05204887033562,10
3617,381.4058372078635,74.07614684115035,10
3618,381.61283409694477,74.06198231980409,10
3619,381.8897500174281,74.13090958287313,10
3620,382.0931008160168,74.12337741245042,10
3621,382.3909905213012,74.11004756015365,10
3622,382.41475465345155,74.0806661548662,10
3623,382.57252566328305,74.22629089467169,10
3624,382.66912773016094,74.32961732243655,10
3625,382.8212651804732,74.24867378997601,10
3626,382.9746171197763,74.35080283766419,10
3627,383.02029588231414,74.34395391940238,10
3628,383.18167101447955,74.38434170902211,10
3629,383.3288337446381,74.58645148870855,10
3630,383.5028366402853,74.79140535409303,10
3631,383.6542561431055,74.81480188522488,10
3632,383.840190310151,74.81987248252315,10
3633,383.9149087191795,74.91916142906513,10
3634,383.9232498669096,74.93020618018977,10
3635,384.0695942693877,74.93155391554181,10
3636,384.2121856399271,75.05622340072142,10
3637,384.29502160880173,75.09337875402336,10
3638,384.36669325808987,74.99799031473638,10
3639,384.36953075818576,74.99844699980096,10
3640,384.4395252347728,74.90125576138999,10
3641,384.4402516824842,74.90161841075876,10
3642,384.44241381827993,74.90253038757213,10
3643,384.45337140029875,74.90037158329842,10
3644,384.4720419790411,74.90397112835956,10
3645,384.55239230685663,75.01609764175097,10
3646,384.57289621625773,75.02844469405737,10
3647,384.5999948910974,75.0471240640689,10
3648,384.6974147204755,75.07828131010615,10
3649,384.85947366926985,75.2199374716809,10
3650,384.9971928535247,75.33939856487083,10
3651,385.1356894376221,75.26253635657675,10
3652,385.1399896627498,75.26238842307997,10
3653,385.1516837379596,75.26079165675186,10
3654,385.1762128810634,75.27387285371256,10
3655,385.1782347048205,75.27279393396879,10
3656,385.2513141070556,75.28261947505395,10
3657,385.2566675176532,75.28280352876844,10
3658,385.2608752030881,75.28298282337097,10
3659,385.26150385087146,75.28320313685532,10
3660,385.2650347170519,75.28336661463595,10
3661,385.33477801870316,75.27931953780976,10
3662,385.34779813064637,75.29344325723473,10
3663,385.36171102904945,75.27909987289758,10
3664,385.443830031553,75.26091593417023,10
3665,385.4706175867096,75.28863631484288,10
3666,385.5816381465565,75.27151666757777,10
3667,385.5940908434551,75.27458765458215,10
3668,385.6220209274011,75.27492591055103,10
3669,385.62659532516557,75.27248418651182,10
3670,385.62869336139295,75.27265421122979,10
3671,385.6981024358171,75.29148732225947,10
3672,385.85853303727674,75.37977866940042,10
3673,385.86152146466327,75.37749829686828,10
3674,385.94079376335833,75.47815814091237,10
3675,386.05510471612416,75.47463515489135,10
3676,386.2954589457544,75.6211316135021,10
3677,386.3724205404943,75.61677464978348,10
3678,386.51325295063265,75.71417247399636,10
3679,386.6093222702571,75.70182435421755,10
3680,386.6619607651991,75.64931263604808,10
3681,386.8028057521534,75.6552118695063,10
3682,386.8736762491234,75.65626411407723,10
3683,386.97285198497957,75.67543154754357,10
3684,387.04642912447775,75.68527887178912,10
3685,387.1238716766064,75.71568744010156,10
3686,387.2306459442733,75.78697476491638,10
3687,387.2545529461697,75.7923565896758,10
3688,387.469844805793,75.92631246305706,10
3689,387.6169503870955,76.03494193887764,10
3690,387.7805140428308,76.12557483507582,10
3691,387.95085803847604,76.1088936888271,10
3692,388.1173677351417,76.10899266007108,10
3693,388.18943982783605,76.00276237370055,10
3694,388.3310102523506,75.93925908113309,10
3695,388.42014553612296,75.85454217706811,10
3696,388.48267903585554,75.84002947028739,10
3697,388.51900944962614,75.86629913322368,10
3698,388.5880220966038,75.8651013799958,10
3699,388.66099874554686,75.93513492858877,10
3700,388.75269132740414,75.905102314824,10
3701,388.89776573452724,76.02084782986525,10
3702,389.04694861280416,76.12406732444592,10
3703,389.3199973748326,76.27130279921226,10
3704,389.395399298523,76.37500159963007,10
3705,389.6089401511293,76.30599370585593,10
3706,389.74760742396813,76.23219329661497,10
3707,389.839703953113,76.21817479693759,10
3708,390.0167037193069,76.29929058655954,10
3709,390.01922807036647,76.299678010784,10
3710,390.0206614554125,76.30087553061273,10
3711,390.0347568307515,76.28486187997588,10
3712,390.069354713499,76.27376574404003,10
3713,390.22496353862795,76.39362108950681,10
3714,390.35775101575405,76.3358845469814,10
3715,390.4286639186461,76.35805257189557,10
3716,390.43733417203015,76.3504034974183,10
3717,390.58222287309627,76.23231241716601,10
3718,390.8031259715743,76.2544750303293,10
3719,390.87521360286246,76.26964487515286,10
3720,390.95999597139473,76.16168516508792,10
3721,391.0980392520872,76.09062065164278,10
3722,391.1933124531551,76.01508132945823,10
3723,391.1941001354755,76.01582218352303,10
3724,391.3355888531702,75.96642496633665,10
3725,391.35924462668265,75.99993105947101,10
3726,391.4198719987238,76.06872571004241,10
3727,391.5681664762276,76.01960682214215,10
3728,391.58195094499143,76.00499530487573,10
3729,391.6540956992397,75.91216082044791,10
3730,391.7574909967444,75.81512817851782,10
3731,391.79873555456464,75.81981205699701,10
3732,391.8144030129241,75.80514406132167,10
3733,391.9132012230041,75.70875605625723,10
3734,391.99342002591686,75.6598653989825,10
3735,392.0074236210324,75.65598896737902,10
3736,392.1301960945719,75.72506660013804,10
3737,392.3210538396418,75.74649277610347,10
3738,392.4816233032958,75.72492266513602,10
3739,392.64522158125175,75.8986329842168,10
3740,392.73915299271266,75.82267355333856,10
3741,392.88737751082874,75.9991137266187,10
3742,393.023474657887,75.95749110774524,10
3743,393.0301104606936,75.95863302439508,10
3744,393.0361266560126,75.95531127359885,10
3745,393.0697306063133,75.96034217675962,10
3746,393.1366580748578,76.01225546416083,10
3747,393.24450882241115,76.09726157723692,10
3748,393.2487135917345,76.09661793495901,10
3749,393.27721634559646,76.09359238137876,10
3750,393.27835692081567,76.09397449925645,10
3751,393.28084212440524,76.09412280410179,10
3752,393.30605674871856,76.09865347608861,10
3753,393.39445992282003,76.0333701974337,10
3754,393.44853764965154,76.03514646186275,10
3755,393.59479075652195,75.85422595595271,10
3756,393.675985869575,75.73759185870364,10
3757,393.70093220303056,75.76225643354945,10
3758,393.9314235322602,75.84238845045566,10
3759,394.0149121915064,75.72625226010965,10
3760,394.2309198695212,75.64765582182025,10
3761,394.373733195563,75.54986233178565,10
3762,394.37790304602674,75.55006088913127,10
3763,394.4964633529601,75.393167654787,10
3764,394.568350511399,75.37175148547723,10
3765,394.75106211414965,75.23167528411174,10
3766,394.85956593176434,75.33250562964277,10
3767,394.93319473495274,75.43663906685198,10
3768,395.01702544380396,75.34807169962512,10
3769,395.05700787862236,75.33928029661918,10
3770,395.22650364426073,75.45950753837975,10
3771,395.38981820365376,75.51443305456421,10
3772,395.45937323517825,75.49388630649027,10
3773,395.6056079445654,75.50047070203415,10
3774,395.7659687547976,75.35261624725926,10
3775,395.76961804826357,75.35450856824737,10
3776,395.7778032017665,75.35281456541222,10
3777,395.7863331037586,75.34881281972406,10
3778,395.86147619363174,75.45448147085808,10
3779,396.0065720640634,75.37176771292725,10
3780,396.09033886620335,75.37732362986459,10
3781,396.2534463523076,75.46450705923887,10
3782,396.38952566866845,75.46200439682916,10
3783,396.41247032778267,75.46633836863512,10
3784,396.5518489227981,75.66908413755877,10
3785,396.6621309328083,75.75835566234794,10
3786,396.7195986073126,75.83673994364266,10
3787,396.9042444730045,75.99877046764807,10
3788,396.95011184455586,76.0270519379149,10
3789,397.0777084149506,75.95728727657597,10
3790,397.18359843797884,75.88517276397319,10
3791,397.2675005651101,75.92050082765132,10
3792,397.27629241789055,75.91975443430549,10
3793,397.294100410217,75.92271354331628,10
3794,397.40727544423123,75.77970694604547,10
3795,397.41663102084823,75.77945135473445,10
3796,397.45368402687507,75.72828795638449,10
3797,397.59691194904656,75.57221829780165,10
3798,397.60024249347254,75.56989609002687,10
3799,397.60104253600946,75.5694897447132,10
3800,397.62532475662107,75.55829537125796,10
3801,397.74145560820904,75.53130220623747,10
3802,397.9948220945292,75.30594886644697,10
3803,398.1223931111333,75.16574503132627,10
3804,398.23023472107593,75.03532716651665,10
3805,398.3055183847194,74.9451090363194,10
3806,398.4707538752735,74.81979400167944,10
3807,398.49265013102433,74.79428730475783,10
3808,398.592488419382,74.66665386764282,10
3809,398.6735230793847,74.56330050002835,10
3810,398.7874533230147,74.62137240203451,10
3811,398.87936681885867,74.56410281754856,10
3812,398.9521522047629,74.67237872301776,10
3813,399.07481200997483,74.76811078279263,10
3814,399.08009048595375,74.76574694975524,10
3815,399.16168685067646,74.66994269253232,10
3816,399.1634489698182,74.67169066816514,10
3817,399.256020452562,74.77582287344514,10
3818,399.2824999045929,74.77826856298033,10
3819,399.3521083728252,74.69119854517282,10
3820,399.3558071087606,74.68894404791102,10
3821,399.3736761588322,74.71407106378867,10
3822,399.4774714348258,74.78827127010874,10
3823,399.47940371048855,74.78691592359347,10
3824,399.5676317435379,74.89824416365126,10
3825,399.7266127328605,74.92675039356365,10
3826,399.82979606937954,75.000983489729,10
3827,399.96904728214497,75.0887814631621,10
3828,400.0519309370983,75.07884679323321,10
3829,400.1953237922858,75.10470440357334,10
3830,400.27402175776535,75.21517675815149,10
3831,400.35118261418904,75.32853148356207,10
3832,400.4273560072322,75.44033270488767,10
3833,400.44214458222467,75.43723701136074,10
3834,400.54246306489983,75.40224004454814,10
3835,400.68479935734297,75.41824389774703,10
3836,400.759043759627,75.32309691941909,10
3837,400.76219594948145,75.32382750211555,10
3838,400.91290306284077,75.44620417270409,10
3839,401.0234212268101,75.4688492223721,10
3840,401.0415714222885,75.45913104559395,10
3841,401.06127729371065,75.43450969502894,10
3842,401.1067894567085,75.41676691572889,10
3843,401.11118430619797,75.41819679650494,10
3844,401.248889080189,75.3546121943433,10
3845,401.2567520048235,75.34587260592379,10
3846,401.27459264883254,75.3554572093147,10
3847,401.2830649322117,75.35251974144717,10
3848,401.41627324913355,75.29722670380264,10
3849,401.48853142348776,75.36612118759786,10
3850,401.5482143497563,75.39735231302078,10
3851,401.65419187353234,75.34073239280451,10
3852,401.6804518791011,75.35412226703245,10
3853,401.70472693594627,75.3763107731141,10
3854,401.7212930257509,75.36370011922487,10
3855,401.7475980356141,75.33043909077469,10
3856,401.77593964609684,75.30101216120102,10
3857,401.87057729453846,75.24559788650038,10
3858,401.9673227333887,75.1939263616916,10
3859,401.9695940570573,75.19443479290007,10
3860,402.0420510306997,75.17290395246037,10
3861,402.11333024753515,75.15057044484107,10
3862,402.27044146088394,75.18821339120986,10
3863,402.30653718920473,75.22648955524946,10
3864,402.3970045118616,75.29136616264508,10
3865,402.4365636537374,75.32783794916969,10
3866,402.4709142985236,75.32218911170999,10
3867,402.54189951149914,75.39447529460944,10
3868,402.68714420877575,75.33838310347022,10
3869,402.69194798360957,75.34136869086899,10
3870,402.7186682316782,75.34039289931228,10
3871,402.86024469040115,75.44638110239943,10
3872,403.0268256314356,75.63826192206885,10
3873,403.16593112941075,75.63457488055252,10
3874,403.36512419496967,75.64856761516327,10
3875,403.50442616455103,75.75169326324051,10
3876,403.61148478431494,75.72389891817797,10
3877,403.6837975469632,75.73160204950673,10
3878,403.7223002118677,75.79128306228652,10
3879,403.79452527494266,75.7733424381471,10
3880,403.8693416642885,75.89132354169696,10
3881,403.94382555141823,76.00517002696674,10
3882,404.1055493365561,76.10786904347637,10
3883,404.1812803623142,76.10854838049332,10
3884,404.2311971556024,76.16065802650958,10
3885,404.3077695520887,76.27920824306406,10
3886,404.3513982137871,76.24901757416868,10
3887,404.40141943735733,76.25671590565456,10
3888,404.4140691299336,76.27596336581469,10
3889,404.487705265589,76.39389540920818,10
3890,404.4893549526099,76.39437334789412,10
3891,404.4963162094381,76.39719386125893,10
3892,404.5795065280612,76.51399102533172,10
3893,404.5900657749195,76.5141196298126,10
3894,404.6744412755029,76.62235189701784,10
3895,404.6970008468536,76.64188909859904,10
3896,404.7362494851605,76.61619401571741,10
3897,404.7428410143198,76.62065572738005,10
3898,404.7442531595548,76.61955613616799,10
3899,404.8933950295483,76.66074007067843,10
3900,404.9691611709999,76.5849448390029,10
3901,404.97186582163755,76.58542693630451,10
3902,405.18172663395796,76.71719579921805,10
3903,405.25286406461936,76.62109481101861,10
3904,405.32820860126753,76.74176394652088,10
3905,405.4040634029141,76.86420674689435,10
3906,405.4215347178032,76.84725095430058,10
3907,405.4743846733628,76.92764992244857,10
3908,405.5501393539636,77.05187903580881,10
3909,405.63457400646166,77.17353448254946,10
3910,405.6700963236995,77.2316131588612,10
3911,405.7143331190123,77.28923081604907,10
3912,405.8046347894625,77.39006343662886,10
3913,405.86140145317665,77.31392636525813,10
3914,405.8635087610437,77.31310693307854,10
3915,405.86603517600616,77.31161788485596,10
3916,405.8858442922956,77.34276139680502,10
3917,405.9944878291797,77.42417555261864,10
3918,406.03808219994846,77.38916600010513,10
3919,406.04826035372787,77.38704508728222,10
3920,406.08724441276456,77.4448470012015,10
3921,406.1677590524874,77.45208506647093,10
3922,406.1781156521001,77.45409032731791,10
3923,406.463542512042,77.68883671112921,10
3924,406.46500244855514,77.68987162159021,10
3925,406.4678600167761,77.68828814008417,10
3926,406.68728188776794,77.80090355731343,10
3927,406.8341847852081,77.78880143079013,10
3928,407.05392029222605,77.92420526980926,10
3929,407.0563548140312,77.92445145808327,10
3930,407.20091923325793,78.03134828541677,10
3931,407.290399763075,78.0183142061526,10
3932,407.4594140756136,78.20865215402232,10
3933,407.50020471092796,78.18451493486995,10
3934,407.5683099880602,78.27308749546093,10
3935,407.5717870736831,78.2707366656902,10
3936,407.6425465880284,78.35733891917356,10
3937,407.73932122434996,78.47337764433112,10
3938,407.7422348447036,78.47369917333872,10
3939,407.7625880355081,78.48615363960086,10
3940,407.80398282280123,78.4787689388995,10
3941,407.8989833256092,78.58056368700657,10
3942,407.97936569336144,78.700734570293,10
3943,408.0543075498755,78.83036302646394,10
3944,408.0682903618116,78.85185172008168,10
3945,408.1369685611333,78.87046969585752,10
3946,408.1497730114187,78.8684538002275,10
3947,408.24818622101617,78.89343685257734,10
3948,408.29524504757404,78.90729093311954,10
3949,408.38336350261835,78.95105692136461,10
3950,408.54297170999973,79.08316054526769,10
3951,408.68694286802366,79.23055238135946,10
3952,408.7824897875836,79.32570881885368,10
3953,408.8536455196337,79.34361199817886,10
3954,409.02591856679476,79.30424855667118,10
3955,409.19208034734504,79.32383361947127,10
3956,409.20724430234424,79.3255182040168,10
3957,409.27904884986305,79.33065751804419,10
3958,409.4852792979798,79.34525003721927,10
3959,409.62860623069093,79.33253798667812,10
3960,409.7193849332408,79.33422157098249,10
3961,409.7983879695568,79.36884308807366,10
3962,409.8152778943248,79.36517106249013,10
3963,409.95570285025525,79.37386389141172,10
3964,410.0281830402926,79.39655116292946,10
3965,410.1719427409187,79.41599100162136,10
3966,410.29736586937224,79.3899366175539,10
3967,410.443095957951,79.41882682092621,10
3968,410.5907934182916,79.35749608884963,10
3969,410.6746990184635,79.27537147346834,10
3970,410.69844588767944,79.28194588569747,10
3971,410.8422314536615,79.22026658811856,10
3972,410.91462334945237,79.24867381255531,10
3973,411.065510002461,79.2527046815193,10
3974,411.21749454532255,79.16724900418954,10
3975,411.2712996569429,79.11162608522498,10
3976,411.34056929032977,79.13869877424511,10
3977,411.36981402784374,79.14901659697891,10
3978,411.44264989482616,79.09414207848972,10
3979,411.5466101868659,79.06409517245768,10
3980,411.5624494115232,79.04734926624913,10
3981,411.5788079778983,79.02750880182079,10
3982,411.5947389724694,79.02321942071829,10
3983,411.60922802638225,79.00972755315112,10
3984,411.74945491023044,78.82494437137431,10
3985,411.9463120340689,78.79579455807287,10
3986,412.08618044107607,78.6915904958928,10
3987,412.1899399352807,78.71694161755656,10
3988,412.21539272696793,78.71272756917122,10
3989,412.36336024925123,78.68284816953856,10
3990,412.5807162366515,78.55888729005869,10
3991,412.5969345157624,78.58007732032179,10
3992,412.6847455033176,78.50132118141991,10
3993,412.84711149436407,78.50537919684156,10
3994,413.06567857551784,78.47517836841499,10
3995,413.08392589376945,78.48985148596577,10
3996,413.1001715042612,78.4908523314594,10
3997,413.10244006641733,78.4913557233139,10
3998,413.18019239492725,78.56071290465255,10
3999,413.25516719405425,78.62478798919496,10
4000,413.25760498550846,78.62461026452829,10
4001,413.2603128999852,78.62288103566414,10
4002,413.27998042995716,78.62707353358721,10
4003,413.297854528252,78.64626941362829,10
4004,413.31551737582595,78.6679216974112,10
4005,413.33528053733255,78.69037643433329,10
4006,413.44865844457854,78.64427034618475,10
4007,413.5232688252014,78.55230249539429,10
4008,413.5528853230162,78.54909851518198,10
4009,413.6314658181642,78.61012928495663,10
4010,413.72871453295375,78.65311515289669,10
4011,413.7380070824185,78.65158758959724,10
4012,413.88317875466737,78.6208108814683,10
4013,413.9649862734415,78.6974449439839,10
4014,413.9830621668284,78.70624143084598,10
4015,414.05716778705266,78.61115843731417,10
4016,414.1245694706564,78.59642257895837,10
4017,414.2051932990771,78.5714445433226,10
4018,414.284213233503,78.59367575473341,10
4019,414.35895575951173,78.50391050302075,10
4020,414.3705063165571,78.51771097631466,10
4021,414.4676009125034,78.6382870698172,10
4022,414.5097855150495,78.62783691542651,10
4023,414.5114866910755,78.62813468899344,10
4024,414.63053261002585,78.68052154051607,10
4025,414.64703139015853,78.67144900140055,10
4026,414.7501285647738,78.78801701947236,10
4027,414.7864558826165,78.77652300465199,10
4028,414.7871290171867,78.77721388964856,10
4029,414.81244982894003,78.76311270076057,10
4030,414.82699576806544,78.75867900774149,10
4031,414.83003318009196,78.75667772532694,10
4032,414.84620159757867,78.74011284883011,10
4033,414.92610073299227,78.791975106585,10
4034,415.0382264691045,78.86268219567599,10
4035,415.15521997434644,78.94032286472198,10
4036,415.2056410523572,78.98961059046695,10
4037,415.2996830954518,78.99987303600614,10
4038,415.3735549939153,78.99448917416927,10
4039,415.38717895954426,79.00240814033936,10
4040,415.4179521120162,78.96474890908353,10
4041,415.4835155608531,78.92389709138622,10
4042,415.6092460226804,78.9004874973407,10
4043,415.692500618036,78.98910965550952,10
4044,415.7221774992753,78.95610154233407,10
4045,415.93107969061464,78.96205465672442,10
4046,415.93474455832904,78.96323102014465,10
4047,416.03396911104403,78.9558089448757,10
4048,416.2309930353963,78.89846732799505,10
4049,416.3458260226113,78.87657733754278,10
4050,416.49826479321234,78.82842784736808,10
4051,416.5777815541466,78.84750732174275,10
4052,416.66438275607226,78.85293767264237,10
4053,416.74933819313037,78.92664210922523,10
4054,416.83648477565237,78.86089431321065,10
4055,416.91515998934165,78.91815943693547,10
4056,416.9858121493139,78.94325920110253,10
4057,417.02361505994776,78.97673566289555,10
4058,417.1939830166816,79.04603238277552,10
4059,417.2308323618025,79.00804699832258,10
4060,417.24536088928215,79.01400549833596,10
4061,417.45711171241885,79.02485921363169,10
4062,417.5986138171867,79.11996918898578,10
4063,417.8104648320348,79.1265597768585,10
4064,417.8241321208032,79.14667638413793,10
4065,417.8345394849829,79.136014321692,10
4066,417.92816185886494,79.15447073662683,10
4067,418.0708704736547,79.1895632317923,10
4068,418.077909037925,79.18790112726145,10
4069,418.1541894803604,79.09168909858273,10
4070,418.2294295968028,78.99998867179498,10
4071,418.3124759894498,79.05090554197206,10
4072,418.4156331094058,79.04577592653433,10
4073,418.42146931539037,79.03971398122964,10
4074,418.4574300095134,79.04755228695129,10
4075,418.5791344621587,79.0159379976514,10
4076,418.61746611348354,78.97682384948477,10
4077,418.6615593721332,78.95080719803974,10
4078,418.76961603595873,78.8949508046475,10
4079,418.77599110043354,78.8879466578626,10
4080,418.7820466451734,78.88847037093608,10
4081,418.8616345775661,78.80404176912924,10
4082,418.8895997337528,78.77710239301395,10
4083,418.91069235674786,78.7881218158024,10
4084,418.9345360522925,78.80869452789226,10
4085,418.9406196017113,78.8110693789313,10
4086,419.0129205286821,78.71773912797732,10
4087,419.1013681569704,78.61931767239687,10
4088,419.2422992374446,78.4440090715596,10
4089,419.2451169744371,78.44320543478797,10
4090,419.32125120976946,78.42352575826246,10
4091,419.32322445167904,78.42291080142992,10
4092,419.32935090214096,78.41738239871873,10
4093,419.4175788178727,78.39181181476825,10
4094,419.4969509519298,78.36281208292645,10
4095,419.5148968591393,78.37083274091533,10
4096,419.609637581373,78.31970066096761,10
4097,419.658733503406,78.27436550715484,10
4098,419.7549887241985,78.23694569470479,10
4099,419.9246411130897,78.25941156589481,10
4100,419.94596493150254,78.27817131227235,10
4101,420.01885500559274,78.25789632884415,10
4102,420.1577038834604,78.22589371931505,10
4103,420.31546721795075,78.18328232056899,10
4104,420.3950338696883,78.1040156057149,10
4105,420.416373872232,78.09293332966693,10
4106,420.4365482192804,78.10017839314713,10
4107,420.44019629367796,78.10126639635152,10
4108,420.5346090589752,78.10482687318729,10
4109,420.58313751038,78.09281991924065,10
4110,420.6699316756461,78.0816038572603,10
4111,420.6961511903866,78.10909030248595,10
4112,420.73777302688114,78.11621537041678,10
4113,420.7412387781912,78.11485013230713,10
4114,420.849225046088,78.10395705681476,10
4115,420.9655908777563,78.10565279344245,10
4116,421.10452961747905,78.15101339014987,10
4117,421.1840299593674,78.1238281210319,10
4118,421.345011945447,78.19058890463971,10
4119,421.4332034311177,78.19531930092371,10
4120,421.5430062383788,78.18668013983881,10
4121,421.626623622905,78.19602861379376,10
4122,421.83441299716367,78.23415566863599,10
4123,421.8510275748173,78.25358714318061,10
4124,421.86420012554015,78.24227273046581,10
4125,422.13940615016355,78.40361597224307,10
4126,422.2599498211254,78.53024353247451,10
4127,422.40725120308815,78.6347389014463,10
4128,422.54561447408634,78.72320692162666,10
4129,422.75734273144053,78.77535840427548,10
4130,422.84519893390313,78.80941667210159,10
4131,422.8977793063649,78.86670186164758,10
4132,423.00387906581057,78.86203612397705,10
4133,423.11296784828664,78.89414588014361,10
4134,423.14867488648287,78.85381797353396,10
4135,423.1775853850454,78.81794948727813,10
4136,423.210382379591,78.8254213614205,10
4137,423.26453378357456,78.84236831746485,10
4138,423.39149203929503,78.88761263183751,10
4139,423.444079252735,78.87171361060552,10
4140,423.5335161593074,78.75754041428043,10
4141,423.60966351802455,78.67155249938585,10
4142,423.6620381432134,78.67176621907926,10
4143,423.8154551763044,78.5870577934509,10
4144,424.09433802054383,78.40153110229161,10
4145,424.1765633442782,78.31720215671653,10
4146,424.190079280227,78.31825818897794,10
4147,424.1945784511843,78.31606160433589,10
4148,424.21416700516073,78.30890431361051,10
4149,424.22754773238785,78.29215291887778,10
4150,424.3001351822403,78.3625703430119,10
4151,424.3840525686031,78.43328507800966,10
4152,424.45726342378464,78.50385612259134,10
4153,424.5293984107869,78.57783443069457,10
4154,424.6870192774075,78.55019712795126,10
4155,424.8339424376676,78.52645679637982,10
4156,424.8448014982396,78.52266989954903,10
4157,424.9642860771215,78.57254288732783,10
4158,424.99825642254547,78.56746691493079,10
4159,425.0811325212947,78.64099044034204,10
4160,425.148695399412,78.63443950118098,10
4161,425.2215878482374,78.70974266665972,10
4162,425.4540654918834,78.85144408212203,10
4163,425.62190611319494,78.91459927457679,10
4164,425.6951157352575,78.99037982442115,10
4165,425.8416222849477,79.06220041353829,10
4166,426.0453389870806,79.21511545347893,10
4167,426.2513371452641,79.36957418534688,10
4168,426.3522659262436,79.46228382395584,10
4169,426.4875655704135,79.48527384494987,10
4170,426.57636334708434,79.54939187106403,10
4171,426.85656552003184,79.56296401417458,10
4172,427.03670662082186,79.68030175670813,10
4173,427.25860447456216,79.85277163290665,10
4174,427.46854189616533,79.96565979795467,10
4175,427.47439026350304,79.96552321406804,10
4176,427.48132918569945,79.9709371071031,10
4177,427.5717917220674,80.02586348946902,10
4178,427.7156063197159,80.06620170779831,10
4179,427.8587104526462,80.21219638345846,10
4180,427.93257329383704,80.12408526188248,10
4181,427.99437768986866,80.16131775938811,10
4182,428.2605692276367,80.26030215248666,10
4183,428.41299215150576,80.18590087904074,10
4184,428.5553412994785,80.00719647443239,10
4185,428.64238408188095,80.10619757541748,10
4186,428.7845233796488,80.13746801652142,10
4187,428.85713764290256,80.21448463854448,10
4188,428.8879276091833,80.19915716837049,10
4189,428.89194989837125,80.20135475099218,10
4190,428.96887366992115,80.31647169956628,10
4191,428.9714947051433,80.3156541932822,10
4192,429.1419632176081,80.37226592617463,10
4193,429.31960047356415,80.51997707922993,10
4194,429.38659140118915,80.51279578638675,10
4195,429.4559308384863,80.50422175173073,10
4196,429.60853487877705,80.52374839466597,10
4197,429.691836516933,80.51777917731017,10
4198,429.7096718572071,80.51730900906126,10
4199,429.71848821447173,80.50942754643039,10
4200,429.72243549764227,80.50793872190675,10
4201,429.75979346707675,80.50388584996489,10
4202,429.8300752136993,80.53922094097271,10
4203,429.9730443795329,80.57319503449716,10
4204,430.14055963754635,80.71804720613923,10
4205,430.301942904826,80.91358179470852,10
4206,430.449066579337,81.1084902567139,10
4207,430.55504667661415,81.20815931554014,10
4208,430.5662906280842,81.20710915985383,10
4209,430.70754029038864,81.203701243808,10
4210,430.8017056702439,81.26618386566095,10
4211,430.8745299901322,81.18539594609162,10
4212,430.96227725320966,81.20011991130515,10
4213,431.18114484485505,81.22630639025436,10
4214,431.3429848353565,81.35436296842374,10
4215,431.45558182082743,81.50537373442778,10
4216,431.60002958075165,81.59110229384272,10
4217,431.6968317620588,81.52624552374795,10
4218,431.7699700214669,81.53124696882121,10
4219,431.9167363146964,81.42954628008331,10
4220,432.0603410887422,81.48397288174367,10
4221,432.0685480353708,81.495646496368,10
4222,432.094976704093,81.47163994451978,10
4223,432.1683413449483,81.47729765206356,10
4224,432.32533386773457,81.58367638987812,10
4225,432.4698117266033,81.66917744490861,10
4226,432.57156645317974,81.61606234909874,10
4227,432.672715610195,81.55658456050102,10
4228,432.7495532500815,81.6407241772619,10
4229,432.7589870420018,81.64317145023537,10
4230,432.78457901628553,81.62022438365122,10
4231,432.7865240177192,81.61975659243684,10
4232,432.8166201865309,81.59937860272832,10
4233,432.8458588974901,81.59624848778269,10
4234,432.86452832767316,81.57995606529165,10
4235,432.9409672685191,81.58543139493474,10
4236,432.94530117453075,81.58763742224987,10
4237,432.94571212303083,81.58769142469264,10
4238,433.0533606651431,81.65823721827147,10
4239,433.12828911392324,81.66329086586812,10
4240,433.20792290456137,81.77578657016122,10
4241,433.2827739997548,81.89561765007448,10
4242,433.38577352071104,82.0112333959294,10
4243,433.57968008319057,82.0518301534082,10
4244,433.6209363286979,82.06564651862959,10
4245,433.62322321300496,82.06551935179807,10
4246,433.6551294665163,82.02717267967056,10
4247,433.7336237669675,81.94384541922602,10
4248,433.7626277787787,81.95072062502886,10
4249,433.764453215157,81.95120035387023,10
4250,433.85291107498597,82.054758093195,10
4251,433.8682369060672,82.04062050349351,10
4252,433.9839751251334,82.10858476449286,10
4253,434.0303554141191,82.11813426346183,10
4254,434.13455838900893,82.20214671964797,10
4255,434.1351079761577,82.2020820960526,10
4256,434.18400255474637,82.1400119289404,10
4257,434.1991022425198,82.1280772714226,10
4258,434.2411906788581,82.07770706775123,10
4259,434.25100768417025,82.07171267714182,10
4260,434.2527237144659,82.07028157890709,10
4261,434.3527039408238,82.01085989493805,10
4262,434.43666045832833,82.06711314776898,10
4263,434.59372919247846,82.09986519083427,10
4264,434.61399975959074,82.10401467654873,10
4265,434.700683638571,82.1202429761207,10
4266,434.8748638310096,82.27494584011424,10
4267,434.89250127872384,82.27992937465028,10
4268,434.91610696083706,82.28549623949351,10
4269,434.93980267060016,82.31055417774665,10
4270,434.96234206420377,82.32756560339064,10
4271,434.99247535527775,82.3354244954786,10
4272,435.02627991821674,82.35979129566601,10
4273,435.145294623335,82.45264825079327,10
4274,435.1557387098828,82.45081571003576,10
4275,435.18593316701583,82.46011367212263,10
4276,435.19857433593313,82.46149164137731,10
4277,435.2919278731135,82.37161907756038,10
4278,435.3642686983624,82.44900293007291,10
4279,435.46504713087126,82.5286532841212,10
4280,435.55945005523864,82.60323309577434,10
4281,435.68327288679075,82.68345783178754,10
4282,435.6971930494643,82.67928717424624,10
4283,435.7160729961962,82.67207313983607,10
4284,435.7173631562634,82.67344880535168,10
4285,435.8024610023147,82.73332426250653,10
4286,435.8368536245001,82.75801426138823,10
4287,435.87870385524894,82.72959007034483,10
4288,435.95120794672374,82.72895710383156,10
4289,436.03690229158235,82.68372856977788,10
4290,436.06268032785584,82.68987517915703,10
4291,436.0958772783674,82.72835975240963,10
4292,436.1810125339496,82.81605212878218,10
4293,436.32460615897827,82.86484423530776,10
4294,436.3320898353357,82.8560460617825,10
4295,436.34065616855804,82.84558082170906,10
4296,436.3598545391361,82.84157378235078,10
4297,436.5017941868018,82.89088404829852,10
4298,436.5534257899787,82.93379093459443,10
4299,436.6727568085885,82.91346847033986,10
4300,436.8463544332062,82.82990902673082,10
4301,437.06923921433474,82.81952432131811,10
4302,437.072772288543,82.82256479283336,10
4303,437.21083393136576,82.8072638897551,10
4304,437.3477654878281,82.7942674769342,10
4305,437.4169259167612,82.77134875181822,10
4306,437.48596032483977,82.85198982585753,10
4307,437.55793897890123,82.82891972451064,10
4308,437.69147071556324,82.8222524526738,10
4309,437.8151025147311,82.7553953537408,10
4310,437.9438734411653,82.68424473632231,10
4311,437.95695309636073,82.68086420196602,10
4312,438.02923632084173,82.58648263724969,10
4313,438.16632168036296,82.57655256827496,10
4314,438.30715653894606,82.56498677734852,10
4315,438.3928885378624,82.48345489358336,10
4316,438.4035809774276,82.4886069360689,10
4317,438.47739228191966,82.39630579666095,10
4318,438.47914035749164,82.39539372025638,10
4319,438.55213157395883,82.30562252526141,10
4320,438.59999154662285,82.36340880290132,10
4321,438.86143152652795,82.20295535603937,10
4322,438.93739921910367,82.21393631020109,10
4323,439.15041323024286,82.2911734517384,10
4324,439.15877204996394,82.29287794658823,10
4325,439.23119031094166,82.37050726460804,10
4326,439.3143240687068,82.3457572558873,10
4327,439.3243487091842,82.33457783754679,10
4328,439.33317881891924,82.32455881700228,10
4329,439.34589705656737,82.31277366759414,10
4330,439.4155123924744,82.3979346255729,10
4331,439.4250267558953,82.4044829252828,10
4332,439.5045654538171,82.48583912391939,10
4333,439.53147228243733,82.51880151050368,10
4334,439.74208570894416,82.69613796274894,10
4335,439.8248990829455,82.8155390059118,10
4336,439.9044461074247,82.9314583589344,10
4337,440.05592781346303,83.0417715443208,10
4338,440.12793306665645,83.0218700321602,10
4339,440.2173955819421,83.00454136082415,10
4340,440.35592520050403,82.90127611413958,10
4341,440.45175627720266,82.8288158162702,10
4342,440.60259424510076,82.74184243521958,10
4343,440.7482474568172,82.74451637224911,10
4344,440.84681720245527,82.67684383408906,10
4345,440.9301667115603,82.61059104184424,10
4346,441.0049230600416,82.5978813599261,10
4347,441.1017384538439,82.52063666437034,10
4348,441.17320348148644,82.59712261527979,10
4349,441.26934222450075,82.54858875411323,10
4350,441.3501944289943,82.46873989148577,10
4351,441.3603653040524,82.46962774431448,10
4352,441.45270764597973,82.41325411435022,10
4353,441.6114621622199,82.26285777805164,10
4354,441.6194811039275,82.25580554764271,10
4355,441.75842874884677,82.25865338998499,10
4356,441.90496592472755,82.26908809281954,10
4357,441.9375892297204,82.266086830258,10
4358,441.9668080573645,82.27062726817414,10
4359,441.98958763603594,82.28360003761331,10
4360,442.06013372757826,82.21135112935308,10
4361,442.2167155427684,82.20491770417942,10
4362,442.2274484748924,82.19725201812511,10
4363,442.2688465246647,82.18439283454252,10
4364,442.4324919277243,82.20127460857401,10
4365,442.5034017999322,82.11043423285246,10
4366,442.6172845149516,82.08576145438309,10
4367,442.6987837290614,82.00618914264038,10
4368,442.790730200122,81.89947647438507,10
4369,443.0130030640624,81.75440732372924,10
4370,443.1001656184353,81.64893912370412,10
4371,443.1183489316833,81.63398563703255,10
4372,443.20243498557363,81.5606418628749,10
4373,443.41866538737224,81.65701126848174,10
4374,443.44936983688075,81.63099118500907,10
4375,443.4852236693699,81.60957163881571,10
4376,443.48942792335765,81.60730776424658,10
4377,443.5585048520592,81.59501330182832,10
4378,443.65593987880163,81.66340817466603,10
4379,443.6571627861855,81.66312931257691,10
4380,443.8005429978615,81.70836432496608,10
4381,444.02576874546924,81.76252163098508,10
4382,444.11601777786126,81.68673229688345,10
4383,444.1875557733949,81.61437334198502,10
4384,444.25707998599927,81.54300040448607,10
4385,444.3290276603363,81.47213393424428,10
4386,444.4004981274502,81.40209254593468,10
4387,444.4316025963159,81.37033754668971,10
4388,444.4884567218601,81.36186518567135,10
4389,444.4923313417163,81.36096934737064,10
4390,444.4983060240012,81.3693567954803,10
4391,444.54647876371894,81.33345424404605,10
4392,444.5814727449639,81.31501908719243,10
4393,444.7361225118445,81.15290580181355,10
4394,444.8045163853807,81.17717015517418,10
4395,444.83051714735785,81.17274811496847,10
4396,444.899990667926,81.1980112377922,10
4397,444.9101915098314,81.19929116047766,10
4398,444.91431120596405,81.20157678823894,10
4399,444.9941369399368,81.29069659195272,10
4400,445.0051338753043,81.28748406792926,10
4401,445.1076163237259,81.36030614561274,10
4402,445.1936079472196,81.27263293864803,10
4403,445.28444941028266,81.3506829589397,10
4404,445.4247625350964,81.5137223567678,10
4405,445.4263399590941,81.5131115314251,10
4406,445.6422596933183,81.68695224559642,10
4407,445.7734730911704,81.68060250988289,10
4408,445.8487231720501,81.7612096261493,10
4409,445.9982902752228,81.7927044515045,10
4410,446.08138829457005,81.83754313583354,10
4411,446.1095571491329,81.85004292295916,10
4412,446.2212920000534,81.87669199921812,10
4413,446.39350940090316,81.92217491516406,10
4414,446.5359309263931,81.97933990375282,10
4415,446.6095340821613,82.00627671719276,10
4416,446.6125518445803,82.00809698539554,10
4417,446.7721491549878,82.188289352052,10
4418,446.7918371311856,82.16816592334482,10
4419,446.8316663636957,82.17017512597525,10
4420,446.99289969747014,82.35046181602519,10
4421,447.09025586822816,82.36423421523673,10
4422,447.2036803681202,82.51540845182086,10
4423,447.3693662547795,82.69260740526867,10
4424,447.4745744305891,82.80537592420941,10
4425,447.5195634274298,82.78190887422404,10
4426,447.6273300118287,82.75793136755641,10
4427,447.6298334382832,82.7599847038425,10
4428,447.76811909067976,82.73453254696453,10
4429,447.8775576477882,82.6803637999149,10
4430,447.9241281659938,82.73392317159642,10
4431,448.0898362634686,82.67983474145937,10
4432,448.13429122674444,82.72861251612147,10
4433,448.25256972129694,82.73308413147427,10
4434,448.37636494487333,82.66523435249778,10
4435,448.5954055826684,82.61320893033174,10
4436,448.75712204703194,82.67225854871164,10
4437,448.7720532928627,82.69078861387337,10
4438,448.83727107055864,82.59213204375068,10
4439,448.8619587600923,82.60245827725782,10
4440,449.0022904022803,82.62834713992146,10
4441,449.16690361592475,82.66227177613648,10
4442,449.2015625871037,82.67726067921035,10
4443,449.2208747618609,82.68852757444694,10
4444,449.2238860732858,82.68972218042012,10
4445,449.2570170289391,82.6679458266111,10
4446,449.2714778994696,82.68331121848765,10
4447,449.4048980928184,82.61122655812862,10
4448,449.4735389096092,82.51585849060858,10
4449,449.5388620431475,82.42203048522063,10
4450,449.55130255130024,82.42083520037173,10
4451,449.5626550350615,82.41072310632131,10
4452,449.57577642579497,82.40886098616505,10
4453,449.5855272107231,82.40037079560499,10
4454,449.6013265276439,82.40164139864609,10
4455,449.74336056749615,82.31187980675035,10
4456,450.02945134313615,82.41293668959331,10
4457,450.239203245904,82.38830735038403,10
4458,450.30916373467255,82.36448983432206,10
4459,450.5918259523677,82.33559618433624,10
4460,450.74081283399954,82.23686234824333,10
4461,450.9193719238527,82.39445037063855,10
4462,450.9987575834533,82.52344263521897,10
4463,451.1534210139075,82.52397900431518,10
4464,451.302537175838,82.49975608779248,10
4465,451.51663147274957,82.62093198702333,10
4466,451.6680261848618,82.6100006140361,10
4467,451.67106740526015,82.61151280953251,10
4468,451.76521569461454,82.74597801946909,10
4469,451.79032244027474,82.7411372055881,10
4470,451.79370178638476,82.74298053104572,10
4471,451.89113733663453,82.85915726134408,10
4472,451.8992879814685,82.85746526538374,10
4473,451.9090163433901,82.86621742330259,10
4474,452.054604508193,82.97760198235112,10
4475,452.14035597860027,83.08608983672015,10
4476,452.22578230930486,83.01013003513388,10
4477,452.2554155026526,83.05113378972085,10
4478,452.2654905484449,83.06090371913494,10
4479,452.2735155302771,83.06461990376417,10
4480,452.35949041146307,83.07395239635811,10
4481,452.5129703439301,83.08933681617484,10
4482,452.65072443864227,82.96278790038353,10
4483,452.72396236172426,82.86240965375002,10
4484,452.8016460200266,82.98913513091055,10
4485,452.9102320665667,82.84750885871513,10
4486,452.9912363258566,82.98188908838993,10
4487,453.1698169461304,83.0482683346588,10
4488,453.3139287584824,83.10521304011633,10
4489,453.4570982496367,83.21171877480725,10
4490,453.4818692385761,83.19767469049764,10
4491,453.48859805925247,83.19152005264615,10
4492,453.63329384138586,83.30970889974269,10
4493,453.7901861320903,83.43251644204979,10
4494,453.95162257197137,83.49857210240343,10
4495,453.97359273608845,83.49632528184539,10
4496,454.00784209385336,83.52496481041477,10
4497,454.010937970431,83.52822250949076,10
4498,454.1012090951891,83.64700861364919,10
4499,454.2514836599353,83.59407308566023,10
4500,454.4029710352256,83.75840026453258,10
4501,454.5559491108109,83.89797547153037,10
4502,454.64547511780665,84.01092091582302,10
4503,454.67372193971084,83.98039584988689,10
4504,454.85216698118677,83.97120201634709,10
4505,454.9935942111488,83.79264309108493,10
4506,455.202183116208,83.60041422119194,10
4507,455.37316176729956,83.46256193207232,10
4508,455.4996316710841,83.53218062703452,10
4509,455.5490534583722,83.60267144798196,10
4510,455.6288310476656,83.511326039358,10
4511,455.67628694985467,83.54291905302894,10
4512,455.6933965209907,83.53015964141774,10
4513,455.8412850907533,83.60843236563126,10
4514,455.9926441877219,83.41480362109787,10
4515,456.09203492122913,83.5464031592316,10
4516,456.16771967457817,83.54183861214355,10
4517,456.2412022871923,83.62001561726353,10
4518,456.32004724068247,83.75561090075104,10
4519,456.32385472989597,83.75372777042018,10
4520,456.41504710235165,83.81947757830942,10
4521,456.50591035592487,83.90449975091825,10
4522,456.6710035307948,83.8719903206013,10
4523,456.8357502164152,83.87145413543486,10
4524,456.91176934363267,83.76762471128838,10
4525,457.1190514455676,83.73976471589837,10
4526,457.1909266583066,83.64228024125414,10
4527,457.22084424981784,83.6118613131168,10
4528,457.3071643826685,83.51263404604079,10
4529,457.403204775821,83.46898276425307,10
4530,457.42610060717845,83.44487472447148,10
4531,457.519885418569,83.4228190437997,10
4532,457.6033280603451,83.40242846440592,10
4533,457.68519224039255,83.37455797974108,10
4534,457.7127609754851,83.33645041021715,10
4535,457.7264166234284,83.35733879500657,10
4536,457.7679123836888,83.33983103598264,10
4537,457.84333949122237,83.35772192220287,10
4538,457.91333381017284,83.34416215418476,10
4539,457.99505268978965,83.35058541098968,10
4540,458.11672669049074,83.39210380590688,10
4541,458.27795270781814,83.39101433943434,10
4542,458.39843481695624,83.35381255772872,10
4543,458.54388304278945,83.28538754150692,10
4544,458.6768467084615,83.3256428597072,10
4545,458.71323105267436,83.28393737686095,10
4546,458.85738645218737,83.19430414834754,10
4547,458.95515721264184,83.17929639807237,10
4548,459.04573938394,83.29102634227064,10
4549,459.1924108606564,83.32959627539765,10
4550,459.19998484253284,83.3298379928773,10
4551,459.2096781418577,83.3387996201554,10
4552,459.32304236293237,83.32046277836038,10
4553,459.40980455992883,83.32014874128642,10
4554,459.55754643251805,83.21795118178137,10
4555,459.6969085717632,83.04876258319138,10
4556,459.79482425833896,82.94009832097187,10
4557,459.87507270745357,82.856863519859,10
4558,459.94864705026623,82.84702146398517,10
4559,459.9513997548564,82.84880670600886,10
4560,459.9612202744819,82.84826361589839,10
4561,460.0304218503401,82.91122993598051,10
4562,460.10446003716805,82.9587584224788,10
4563,460.23015802087,82.93220905994215,10
4564,460.3032839095525,83.00911614567377,10
4565,460.3061051899079,83.01022679076232,10
4566,460.3247009039375,83.03023979736521,10
4567,460.34449752224447,83.04952776231713,10
4568,460.48461202299166,83.26171679774623,10
4569,460.5590033766857,83.3950011848686,10
4570,460.63411616023524,83.52788486933773,10
4571,460.6355453798163,83.52711768736314,10
4572,460.709214668729,83.51735220792114,10
4573,460.8021050053958,83.5241542010753,10
4574,460.8104507887314,83.5295536343371,10
4575,460.83579491411155,83.5473924851178,10
4576,460.9399736942754,83.66439997552217,10
4577,461.08278969389266,83.8800148336399,10
4578,461.23523590859105,83.879839628407,10
4579,461.37316562255126,83.77450539583003,10
4580,461.4449344057463,83.74397636716037,10
4581,461.5877801409812,83.85022810797514,10
4582,461.7273587084652,83.68202539251243,10
4583,462.00993663739234,83.624853984888,10
4584,462.10425988314364,83.73659929877095,10
4585,462.1239685031284,83.71079099340068,10
4586,462.2253156216869,83.61528092767945,10
4587,462.3171712861575,83.56200894806497,10
4588,462.3875578684967,83.48595761094133,10
4589,462.4824951152341,83.51385013989392,10
4590,462.5586577446722,83.65027368694048,10
4591,462.59125424852044,83.69070745478415,10
4592,462.68112181203423,83.71541099701307,10
4593,462.70581998437166,83.71308895172977,10
4594,462.80269230087316,83.85068295861053,10
4595,462.92248455414847,83.97369409271921,10
4596,462.953741258822,83.94406659605463,10
4597,463.07358641006175,84.04653341233036,10
4598,463.09906932432386,84.01839799475259,10
4599,463.108363430603,84.02094090787887,10
4600,463.14510684427404,84.06946628864263,10
4601,463.2072216893298,84.17690157319126,10
4602,463.2702164481325,84.27117140916047,10
4603,463.3208447824692,84.36547766325799,10
4604,463.3936434861427,84.50369457017422,10
4605,463.39619571028396,84.50302339593763,10
4606,463.4132124173235,84.52146400141554,10
4607,463.4222290127369,84.52026483237591,10
4608,463.4646761196541,84.5353657180796,10
4609,463.47341146749596,84.53784074221748,10
4610,463.5027452531843,84.52434933673985,10
4611,463.52794560932745,84.53013848479868,10
4612,463.55157048973643,84.5042161484464,10
4613,463.5546563440142,84.50503322861081,10
4614,463.62593555998194,84.52212789140054,10
4615,463.6292740369192,84.52256809692915,10
4616,463.6442036699188,84.52535128906163,10
4617,463.7177219694105,84.51739948022446,10
4618,463.8536235707461,84.4629959076699,10
4619,463.93471734565793,84.41936256172102,10
4620,464.0088435048964,84.4936716655213,10
4621,464.1502231846015,84.45797881195175,10
4622,464.2991813590999,84.5181008589912,10
4623,464.6100866231832,84.59876967729402,10
4624,464.69756363760564,84.65249882755475,10
4625,464.8748774573948,84.6857475383408,10
4626,464.96227752026226,84.74374320308601,10
4627,465.0283360337012,84.73129012144068,10
4628,465.24610918543203,84.91465168416002,10
4629,465.34522554949234,84.96452534735808,10
4630,465.57218936789866,85.1953380264932,10
4631,465.66406104667874,85.34265239705847,10
4632,465.87676285574645,85.48673537457906,10
4633,465.9511655241275,85.56478258037718,10
4634,466.02876538488,85.63870537541645,10
4635,466.12569985011197,85.70406006777114,10
4636,466.13835911377134,85.69212022916497,10
4637,466.3315762410637,85.79135397375916,10
4638,466.4807945383197,86.01014506452161,10
4639,466.5553628932063,86.14958468757798,10
4640,466.7305517183281,86.29825356840307,10
4641,466.97570028179655,86.3522385069758,10
4642,467.11489840594515,86.34487941788609,10
4643,467.2132233176897,86.44990449458196,10
4644,467.386167784665,86.45823094171985,10
4645,467.56961029488286,86.48358263478083,10
4646,467.72164350431984,86.60865969366104,10
4647,467.8920619999867,86.68557611699156,10
4648,467.91372682723977,86.6751442168149,10
4649,468.0499637129298,86.67860142360955,10
4650,468.11782846063136,86.6661296157011,10
4651,468.14074911401474,86.69474717375194,10
4652,468.1603827394896,86.70985188085339,10
4653,468.1682082755716,86.70366749854574,10
4654,468.27629342516855,86.60963306538386,10
4655,468.28439589556336,86.61794167402766,10
4656,468.32526812081767,86.64157370274563,10
4657,468.3416846607944,86.62116706188945,10
4658,468.3680577012037,86.66598892688837,10
4659,468.44485918048076,86.57445460276215,10
4660,468.457184947439,86.58379289103772,10
4661,468.55033079854064,86.72396173491046,10
4662,468.6201582172842,86.80040555431185,10
4663,468.90507660512685,86.93716389138375,10
4664,469.1204759231162,86.76404146612471,10
4665,469.2260738728216,86.89329709365339,10
4666,469.3418306645173,86.97267609917246,10
4667,469.517800548159,87.12369488037682,10
4668,469.5928843588823,87.26243206097118,10
4669,469.7416272307153,87.47853094005326,10
4670,469.8031474531734,87.50498333378304,10
4671,469.9164212219407,87.63249456187786,10
4672,470.01587203862766,87.7580300808746,10
4673,470.100055565569,87.89877105568972,10
4674,470.1916593789859,88.01918337450103,10
4675,470.2447565989463,88.04846009268935,10
4676,470.29603757908507,88.07608905387653,10
4677,470.3403327228715,88.10818318018198,10
4678,470.34558801891797,88.10722129815524,10
4679,470.4204950303632,88.25032497004447,10
4680,470.4250860537439,88.24715891020074,10
4681,470.4688315727734,88.28847396369497,10
4682,470.5650880239106,88.2123564068827,10
4683,470.67267816736876,88.33045343620766,10
4684,470.69596491446225,88.34931099423964,10
4685,470.7346919429607,88.40550791815264,10
4686,470.8082413160887,88.48633102527548,10
4687,470.8964658926692,88.56424837647205,10
4688,471.04159453674293,88.61874751097915,10
4689,471.1152347291559,88.76037100429033,10
4690,471.11573906147834,88.76092962438477,10
4691,471.2589259837281,88.97656915040382,10
4692,471.32780214673295,88.96665781570023,10
4693,471.32835453223225,88.96682717055256,10
4694,471.4032944352508,89.10762385886896,10
4695,471.4812554400348,89.25234927898872,10
4696,471.4848051181395,89.25403615512082,10
4697,471.5159013307974,89.2275295753276,10
4698,471.604891756883,89.34256571677618,10
4699,471.693128669409,89.30292063698941,10
4700,471.76616579415804,89.23070440969303,10
4701,471.85899684639253,89.3059833522575,10
4702,472.0336130971229,89.53993062041584,10
4703,472.17340909746173,89.61384894462658,10
4704,472.24377217122145,89.60413814230321,10
4705,472.33267789363924,89.68422130273186,10
4706,472.41467140552834,89.69211664793562,10
4707,472.53524649271304,89.79553241894472,10
4708,472.7153673535498,89.92169046562665,10
4709,472.8551698102823,90.05581370171903,10
4710,473.08403045442117,90.22759583563773,10
4711,473.2315828858552,90.36108148247386,10
4712,473.27421870783064,90.38963345197097,10
4713,473.30992253470987,90.4186294805475,10
4714,473.5093870577324,90.5262797724706,10
4715,473.677527169392,90.39755580548685,10
4716,473.78208594225214,90.34647421668753,10
4717,473.8830156429734,90.28517231983008,10
4718,474.1755678715708,90.30784784265047,10
4719,474.33978785434783,90.2878892863967,10
4720,474.39572127604436,90.34160977276966,10
4721,474.5267179276945,90.34544845007962,10
4722,474.5310042273146,90.35039292041549,10
4723,474.59179067342865,90.4138318895006,10
4724,474.6257587712472,90.40872356158432,10
4725,474.6340090989911,90.41849232044707,10
4726,474.84206518309384,90.46141790378788,10
4727,474.91220619333416,90.45648536433293,10
4728,475.00026137383736,90.44549639736606,10
4729,475.0946327479054,90.41000078623152,10
4730,475.09573612357246,90.41088072985399,10
4731,475.12380822161657,90.423158228519,10
4732,475.14308880770267,90.4264146095964,10
4733,475.1720233105387,90.43147679188827,10
4734,475.2166488829804,90.42675946318134,10
4735,475.2423003427649,90.42151086702853,10
4736,475.326435443919,90.50564005445774,10
4737,475.5244982938524,90.71791054068626,10
4738,475.60052094996706,90.85901682959606,10
4739,475.75954943566603,91.08543960599067,10
4740,475.893694816635,91.22011608458885,10
4741,475.97694273129156,91.31498476549393,10
4742,475.99392319962817,91.30854668325803,10
4743,476.0383881803855,91.2952219249522,10
4744,476.1565441990668,91.21748286153765,10
4745,476.2344127286642,91.30082844482212,10
4746,476.3097174957369,91.38544073299036,10
4747,476.3459535536517,91.37796593428796,10
4748,476.4254243564845,91.30064883525698,10
4749,476.5019885827666,91.3885917734317,10
4750,476.58642292058187,91.31643675149672,10
4751,476.7274460435495,91.31710033757723,10
4752,476.8617100660769,91.22396818601909,10
4753,476.98265488652595,91.20000515547068,10
4754,477.14089911922,91.18763100128167,10
4755,477.21513953770926,91.27621299512754,10
4756,477.4214685254906,91.27151087440019,10
4757,477.56826097816594,91.32796501116003,10
4758,477.78667423255945,91.24439343824872,10
4759,477.85726794783034,91.30643925766732,10
4760,477.9261932331268,91.37310172031292,10
4761,477.9648105734753,91.37005543392044,10
4762,478.11518055553216,91.53156035261857,10
4763,478.26929643540825,91.68695198645094,10
4764,478.3449019946958,91.60584541206028,10
4765,478.41808092949725,91.69687388373096,10
4766,478.4896435888316,91.61411121798739,10
4767,478.5906508317215,91.54759839369046,10
4768,478.76039610367917,91.54243076511978,10
4769,478.8842864210492,91.4246076657038,10
4770,478.95613522932126,91.51600268066485,10
4771,479.0478689502261,91.43091809041628,10
4772,479.26381191017225,91.4680759437032,10
4773,479.47248518040595,91.40497732287164,10
4774,479.62286573976405,91.43803586381183,10
4775,479.7145721956919,91.3895776177985,10
4776,479.7190053636609,91.38902419120198,10
4777,479.82542480273366,91.41155135473099,10
4778,479.9147053919088,91.32749294862437,10
4779,480.02261691568975,91.24911998574572,10
4780,480.0477114021678,91.22809151490046,10
4781,480.07039717095483,91.25478766033659,10
4782,480.08383402483497,91.23946476709386,10
4783,480.08656465443136,91.23984044478718,10
4784,480.08870119028023,91.2381749793361,10
4785,480.1711098225458,91.15436058862049,10
4786,480.19615692056834,91.13004320827784,10
4787,480.29007979403116,91.03388065692027,10
4788,480.29298720937595,91.03619659598432,10
4789,480.34199918741405,90.99720974266862,10
4790,480.3789876010411,90.97104521071698,10
4791,480.54062128025805,90.93565023162624,10
4792,480.5809876931323,90.89821871044296,10
4793,480.6863402970115,90.92744812695565,10
4794,480.7612971705007,90.98679418199931,10
4795,480.790451063041,90.96032339656502,10
4796,480.850206068005,90.94708581021928,10
4797,480.92618780113645,90.97751547950345,10
4798,480.9539098425542,91.00388159575415,10
4799,481.1104289185613,91.03432570392062,10
4800,481.2098463262206,91.07964285774469,10
4801,481.2829262251482,90.99589961528417,10
4802,481.45112689390163,91.04788609257106,10
4803,481.6463122415911,91.09381139589465,10
4804,481.7226474588175,91.094497896025,10
4805,481.75801753855114,91.13989560101999,10
4806,481.76302054866585,91.1400295213587,10
4807,481.8333858482527,91.06926807838494,10
4808,481.85707721228647,91.05711926079375,10
4809,481.8923849134221,91.0293277335865,10
4810,481.9232694574136,91.04339094744549,10
4811,482.00362225674405,90.95959098466197,10
4812,482.02996412570417,90.97203428109628,10
4813,482.0320463274569,90.97278252377438,10
4814,482.0353004628738,90.97316581578198,10
4815,482.10327356338905,90.89540530707528,10
4816,482.3210627692629,90.85586897639328,10
4817,482.3449823403106,90.87371375014395,10
4818,482.34754831395287,90.87209082048226,10
4819,482.3506951326626,90.87082738722152,10
4820,482.44938111692755,91.01200706858229,10
4821,482.5236305538043,91.15222682586182,10
4822,482.5973127022213,91.29229677292469,10
4823,482.6702823758299,91.21933717036066,10
4824,482.7477507344621,91.24304391329191,10
4825,482.82854213680804,91.17469317991164,10
4826,482.8446313459509,91.1774648547325,10
4827,483.0061473011856,91.1129855480271,10
4828,483.1719168349376,91.04911671841174,10
4829,483.1978086454798,91.03955581772706,10
4830,483.2192721067092,91.0388407333567,10
4831,483.35911903409715,90.9483250719339,10
4832,483.3613776549454,90.94938149382554,10
4833,483.44491517493026,91.09206830784395,10
4834,483.5131795418598,91.01863399662648,10
4835,483.5975756746278,91.15611103397904,10
4836,483.66943679008534,91.07819305778449,10
4837,483.7543486581817,91.21601774345127,10
4838,483.76690963274507,91.20453904319196,10
4839,483.78908520091727,91.18648635924502,10
4840,483.93682406396863,91.31487753285354,10
4841,483.9443595607674,91.30775213888185,10
4842,484.0872101417839,91.2226486914279,10
4843,484.1083679553294,91.20708848208787,10
4844,484.11192377494433,91.20981687066231,10
4845,484.25138904432725,91.12770898987384,10
4846,484.2550151424686,91.12752283333302,10
4847,484.330088913484,91.06101269566149,10
4848,484.40215624054497,90.99345592193883,10
4849,484.49549822807137,90.97027065052478,10
4850,484.53790830002174,90.97250150468727,10
4851,484.6187678231434,90.96533142887041,10
4852,484.69454854443427,90.93763164190983,10
4853,484.7758507639279,90.91685375816915,10
4854,484.84213385939427,90.90421675262331,10
4855,484.8529786089597,90.89267166694596,10
4856,484.9467404429897,90.79014187951738,10
4857,485.05223085862025,90.67599635027011,10
4858,485.26309934787986,90.65362941015742,10
4859,485.41915539985183,90.71569244447042,10
4860,485.57918040437625,90.76072998026032,10
4861,485.5920944043411,90.75499433151914,10
4862,485.7512619250221,90.78159175815065,10
4863,485.76071794364844,90.78809245024955,10
4864,485.85905570145513,90.90402520872196,10
4865,486.00174690749174,90.98183673301487,10
4866,486.07193891621927,91.05138523798759,10
4867,486.1572496521454,91.11278394322133,10
4868,486.3676291832483,91.261030398826,10
4869,486.5215097402088,91.29811202816845,10
4870,486.73623763338855,91.44801486724683,10
4871,486.90310969452446,91.53844746294043,10
4872,486.9856646960816,91.67463757447257,10
4873,487.0135771846447,91.64232196554394,10
4874,487.04840208389385,91.61814037261627,10
4875,487.20928176981135,91.8135025565312,10
4876,487.3575961847397,91.83641896274096,10
4877,487.4309485487971,91.77570599318783,10
4878,487.57517062318874,91.77991077077357,10
4879,487.70062532526237,91.87487523057192,10
4880,487.8428900835561,91.90158601929356,10
4881,487.9846784846204,92.11729914995703,10
4882,488.1485106640095,92.23171508458991,10
4883,488.17856935952875,92.21843755461049,10
4884,488.32008995297474,92.37536356767083,10
4885,488.52880285798864,92.51819142127985,10
4886,488.5608929650618,92.50217043534778,10
4887,488.7021562572578,92.65637661007959,10
4888,488.7060368929436,92.65449964569315,10
4889,488.76277617149555,92.73340887195306,10
4890,488.83604778894306,92.8223437025605,10
4891,488.85584505514714,92.83451224738134,10
4892,489.00061684987395,92.92670023439717,10
4893,489.13812511405513,93.08549717559583,10
4894,489.4260879225346,93.23756937832029,10
4895,489.51340688856664,93.2386067934513,10
4896,489.6550025811416,93.29818096727908,10
4897,489.73673188716293,93.38436238186318,10
4898,489.80881271193704,93.45914249969387,10
4899,489.95123741381514,93.53340750396346,10
4900,489.978447774706,93.5300628454474,10
4901,489.99995193473677,93.51692594852176,10
4902,490.0140427845161,93.53331053865374,10
4903,490.10765990540875,93.64965570735124,10
4904,490.3206144640486,93.95173498804093,10
4905,490.47507512416485,94.1800010245037,10
4906,490.58252600485076,94.31141657638523,10
4907,490.66996822879975,94.38319067492753,10
4908,490.7473222450702,94.46785707833584,10
4909,490.93683120283583,94.48980984115488,10
4910,491.0769521451957,94.4953889475086,10
4911,491.21826531765294,94.43930024975917,10
4912,491.3390879982312,94.51340660164136,10
4913,491.45210202179,94.61690196127293,10
4914,491.6740286530313,94.5363219126087,10
4915,491.8164484210655,94.54711804587576,10
4916,491.8834713644966,94.61968256833732,10
4917,491.8994558946212,94.61631049686477,10
4918,492.1920913777238,94.67364964857931,10
4919,492.2169101907167,94.7145844978835,10
4920,492.28450739742965,94.70000437730454,10
4921,492.35560673538595,94.77463123421255,10
4922,492.4547951767906,94.68438969808264,10
4923,492.73051526390793,94.7722564052277,10
4924,492.9310709617944,94.82890652134434,10
4925,493.0765182806105,94.85276305858932,10
4926,493.2241242011108,94.75282606558052,10
4927,493.37376069701486,94.65221712663005,10
4928,493.5272128717148,94.57480825204284,10
4929,493.8499811500171,94.53704694425332,10
4930,493.9481771767025,94.51250096776087,10
4931,494.0977238805608,94.47799114042104,10
4932,494.2985551725682,94.50117170139383,10
4933,494.463039260978,94.45649028917104,10
4934,494.6901810430072,94.38154855446548,10
4935,494.9985728640022,94.33311895908625,10
4936,495.1470118131193,94.4434261034823,10
4937,495.500102124791,94.3847326049462,10
4938,495.5928725963332,94.45478743663907,10
4939,495.84041506481054,94.6253737071281,10
4940,496.0612172091798,94.54988433179467,10
4941,496.4024276920924,94.42425491374071,10
4942,496.6110026398479,94.3925658015846,10
4943,496.7515727208938,94.28003918168594,10
4944,496.9598971446441,94.32689734288238,10
4945,496.99407457589695,94.35801344023908,10
4946,497.070037199945,94.42795362515002,10
4947,497.08674425371976,94.42052278558825,10
4948,497.2997985041578,94.47181009126018,10
4949,497.41776644138133,94.60460211885159,10
4950,497.5159043809429,94.62463909571285,10
4951,497.76545914594533,94.76469940359084,10
4952,497.9677566203859,94.73544348452043,10
4953,498.01507550954295,94.71321603605769,10
4954,498.28970504856227,94.82469479405704,10
4955,498.36660925810963,94.89669475802741,10
4956,498.4254306193813,94.89799219250507,10
4957,498.5035435699027,95.03663223432456,10
4958,498.50826685641107,95.03375292551519,10
4959,498.51122290862816,95.03353325206864,10
4960,498.6543369645504,95.24883971937014,10
4961,498.76654804913005,95.1806386344406,10
4962,498.7716654037812,95.1808524370425,10
4963,498.92148055720827,95.3315492851879,10
4964,499.1483764277817,95.61430873078196,10
4965,499.2870277704583,95.78028072212625,10
4966,499.49720242954334,96.08474750454153,10
4967,499.57673934811265,96.16844659882557,10
4968,499.8326330076652,96.44566830908353,10
4969,499.86248171733325,96.42507172958271,10
4970,499.9710857674403,96.52616977176902,10
4971,500.1334058420533,96.67432360069856,10
4972,500.243657854919,96.71896947235932,10
4973,500.49768100256813,96.79890829016941,10
4974,500.66533676887855,97.04973533878436,10
4975,500.7829935273385,97.13759065768294,10
4976,500.9220124719583,97.17108294552372,10
4977,501.0672732193498,97.397512891438,10
4978,501.2141984234516,97.62359991128125,10
4979,501.29180351165405,97.76176235985774,10
4980,501.36180370335853,97.76313547389576,10
4981,501.39329990115255,97.77304238467094,10
4982,501.3975717886086,97.77284875143567,10
4983,501.57331057763577,97.81770465250797,10
4984,501.73867308812413,97.77926230013823,10
4985,501.84095351660943,97.92268411717943,10
4986,501.9129981606284,98.01202538269648,10
4987,501.9822326391874,97.97229298487903,10
4988,502.08826709210433,98.1075334420404,10
4989,502.08971623105754,98.10720042823108,10
4990,502.09279018503,98.10683493253404,10
4991,502.25271861032206,98.12593019936187,10
4992,502.3356323837264,98.20132146168838,10
4993,502.3548851688089,98.19376199865945,10
4994,502.5750140094101,98.26938763683933,10
4995,502.66593896769564,98.18831806655135,10
4996,502.76379565493045,98.34742605810656,10
4997,502.89307705795346,98.33637672976167,10
4998,502.9364954617373,98.33759476980232,10
4999,503.01055329606095,98.31485752320505,10
5000,503.11755000248905,98.42087116475636,10
