t,cum_regret_mean,cum_regret_sd,n_runs
1,0.0,0.0,10
2,0.35361759330767206,0.45635964434100196,10
3,0.7958963661226766,0.7737958356983508,10
4,1.2379598290938587,1.1178667892861034,10
5,1.7681479674131122,1.558131774362877,10
6,2.299289070445745,2.005953542684024,10
7,2.83026075872405,2.312384569390102,10
8,3.2721265634003,2.6042139480094875,10
9,3.7144265065276647,2.8809578960738604,10
10,4.244376404735555,3.139971215464419,10
11,4.862653926102897,3.491404918668861,10
12,5.305268006680213,3.7257508931374677,10
13,5.836056175375078,4.085263855743843,10
14,6.542677217351608,4.3123113506490665,10
15,6.9858454276879005,4.456276158819076,10
16,7.517913040329974,4.313885519530769,10
17,8.313943499576068,4.333944263033959,10
18,8.933073402936483,4.5924757647847665,10
19,9.552898625981024,4.638313928197109,10
20,9.908893355578774,4.894881572752761,10
21,10.441019213144438,5.000274395052752,10
22,11.060281487348862,5.194858647439436,10
23,11.502533791302444,5.140474512437331,10
24,12.211007834434067,5.449374936122487,10
25,12.742738390162106,5.825232091809604,10
26,13.274123046474893,5.969161353417406,10
27,13.89496831031597,5.969783016267677,10
28,14.42786713572492,6.169035541923898,10
29,15.136685293420058,6.342147525182341,10
30,15.756408162291038,6.332827880239294,10
31,16.37517982874614,6.5281590522397694,10
32,16.905870935884355,6.740313233007927,10
33,17.349430919796337,7.026773788726317,10
34,18.14489843349125,7.088696878389946,10
35,18.586891310791763,7.109591383701024,10
36,19.028688294206695,7.076700139836667,10
37,19.648432334750797,7.371350469494966,10
38,20.178939898339966,7.277117642682021,10
39,20.886213893356064,7.424469742952392,10
40,21.769513131096424,7.424070519996067,10
41,22.56530006025318,7.495158831991977,10
42,23.184901158071334,7.638288847214459,10
43,23.716889357362316,7.672004956578524,10
44,24.2488105034517,7.744210025144687,10
45,24.603148139669152,7.740245315677582,10
46,25.222643367287937,7.800923577640071,10
47,26.01835970314815,7.69979612961421,10
48,26.726500204388323,7.8622054420405485,10
49,27.258581942894295,7.873999681796103,10
50,28.056098329775075,7.953834698099653,10
51,28.41090184818027,7.925272675255356,10
52,29.118729987296696,7.769436890450192,10
53,29.914536325118917,7.949994481856554,10
54,30.79892970828094,7.950180931550593,10
55,31.506572546998854,7.922443735384344,10
56,32.21361713176189,7.911784924760227,10
57,32.920502896502924,7.96177946663384,10
58,33.187661751615586,7.889273516519905,10
59,33.98343632331192,7.845388311548026,10
60,34.69136505250223,7.983756182138873,10
61,35.48668962520389,8.065783291796542,10
62,36.2824324385608,7.952981893602015,10
63,36.813361793531605,7.834760044681848,10
64,37.43236110934883,7.767098488933685,10
65,38.22846392367643,7.754089225911669,10
66,38.84778971718495,7.85076578475558,10
67,39.37921320233287,7.904911433100702,10
68,39.99795310626154,7.944477649792978,10
69,40.61763891457838,7.786678703488205,10
70,41.1494947509191,8.048251039992712,10
71,41.76841819601962,8.053137739325871,10
72,42.388485191362534,8.1566392320389,10
73,43.09641921468685,8.122092259018709,10
74,43.892894402201264,8.166842182973234,10
75,44.77766015994324,8.16790927595103,10
76,45.66237297614755,8.169092361666689,10
77,46.36950933629019,8.159779172506791,10
78,46.90067693341679,8.252389805855886,10
79,47.43201395206388,8.544694110210514,10
80,48.22717087072895,8.605663502129667,10
81,49.022198954873936,8.675514181294117,10
82,49.81692526328549,8.60462968981381,10
83,50.70111216832376,8.605954191076874,10
84,51.407902621788296,8.478973276225783,10
85,52.027133128654555,8.338077755751877,10
86,52.73495068104195,8.363724426299806,10
87,53.35429236674504,8.454737601297253,10
88,54.06126284252306,8.690970544393648,10
89,54.592361608418834,8.884182821877165,10
90,55.123852153149414,8.980300867317986,10
91,55.9194784883194,8.929477070723294,10
92,56.45003723389336,8.77404437969531,10
93,56.9812259976993,8.650309001504633,10
94,57.600272972116,8.977745786432068,10
95,58.13151998670537,9.05220393256382,10
96,58.66219521066829,9.110101323961231,10
97,59.54613858563653,9.109298099661522,10
98,60.25369142223125,9.093722148085158,10
99,60.872381907437685,9.01112864571423,10
100,61.4907494470261,9.054864351219363,10
101,62.375561081086246,9.055584911296421,10
102,62.90658573603717,9.019516531038217,10
103,63.26191340255157,8.902251339091805,10
104,63.79241921927418,9.058510997796652,10
105,64.41265210423444,9.195176459275086,10
106,64.94344556802177,9.187221929243272,10
107,65.47375019920429,9.18667648221247,10
108,66.26896358831203,9.274966789219073,10
109,67.0648458166767,9.242277357509762,10
110,67.6846057518405,9.152144164300246,10
111,68.21536040534197,8.944739041522151,10
112,68.65786683730894,8.796576436663388,10
113,69.27808207887992,8.534086819124157,10
114,69.98596315746916,8.649166887316206,10
115,70.60553250087509,8.722832019541263,10
116,71.13651479936263,8.737835972389258,10
117,71.7559464946086,8.751329609241601,10
118,72.46307579213602,8.561599020969396,10
119,73.17121099918687,8.414188280337095,10
120,73.96790148869391,8.334317115281461,10
121,74.58818026565645,8.488711811327255,10
122,75.20728899428995,8.578068106553484,10
123,75.47428903122719,8.42476398979036,10
124,76.09380014036267,8.50519284474824,10
125,76.62424242821984,8.738569771331884,10
126,77.33189057164127,8.52424631762986,10
127,77.77560939850737,8.441811505900542,10
128,78.57185516565984,8.403537301976451,10
129,79.28003272720755,8.551043656946618,10
130,79.89981383258855,8.611765316523728,10
131,80.51952083035104,8.800469791887231,10
132,81.05063018288153,8.931543303784578,10
133,81.67050659614992,8.831271230208616,10
134,82.37817590979512,8.972713552119313,10
135,83.08605699663079,9.156122495334957,10
136,83.79387455312126,8.982863613271237,10
137,84.32484626313125,8.888011613370681,10
138,84.76785565598405,8.658024473860083,10
139,85.38791207446636,8.704103515154262,10
140,85.91975203869504,8.604386809893477,10
141,86.5399672935686,8.58734569543072,10
142,87.24775308307758,8.870133344528822,10
143,88.1323211777838,8.871971267342579,10
144,88.75254699798143,8.907078683541569,10
145,89.28321164503471,8.732979169928834,10
146,89.81369627073008,8.76215460436861,10
147,90.34531387660164,8.662803204247549,10
148,91.05270611323242,8.693739871775636,10
149,91.76071425657088,8.504617149743403,10
150,92.46812944240574,8.43693394686116,10
151,93.17545992436821,8.384126838316549,10
152,93.88343630850805,8.67223866634986,10
153,94.59119032632776,8.560731409235169,10
154,94.9461526818928,8.476069210473842,10
155,95.47734674828293,8.507670882856816,10
156,96.09616430063039,8.453215057367043,10
157,96.62835368499671,8.425778255609973,10
158,97.07151130754016,8.591755236019479,10
159,97.77903238024894,8.833024887673155,10
160,98.39814111404162,9.050376419423593,10
161,99.10644573382294,9.144866582399652,10
162,99.7255385911087,9.417236301833361,10
163,100.34427144028692,9.700506825985142,10
164,100.96426431966668,9.736518613018296,10
165,101.67220893267316,9.81761906544871,10
166,102.29196885988107,9.89611157371769,10
167,102.82247466574131,10.119333330704828,10
168,103.61791570940075,10.312113711276652,10
169,104.23781330094323,10.572408829216734,10
170,104.85621790445646,10.707787935995615,10
171,105.65130952409648,10.907610607771252,10
172,106.27064590516902,11.12252054718254,10
173,106.89000347027468,11.356345846835472,10
174,107.59725983252426,11.48774256802294,10
175,108.30484443469126,11.676252901891269,10
176,109.100719606277,11.601694200659251,10
177,109.63185014292169,11.530478627753395,10
178,110.25149360661999,11.499701418978745,10
179,110.87138061331174,11.708027832423893,10
180,111.40312528720612,11.88585612704115,10
181,112.11056165840618,12.049609614071402,10
182,112.55346516479946,12.164287382822447,10
183,113.17455925929929,12.106073895431594,10
184,113.88223563261806,12.267990466487854,10
185,114.59073085717728,12.437432142640255,10
186,115.12152256111403,12.447934077963124,10
187,115.74163721344287,12.547246358654842,10
188,116.36189480650478,12.796347441967676,10
189,116.89459243835611,12.987760584526043,10
190,117.42547414597352,12.930943318551284,10
191,118.1346099679547,13.073807097782133,10
192,118.84368756014149,13.020812025019351,10
193,119.46380221521488,13.284014280054949,10
194,119.9954409971742,13.576925507661317,10
195,120.704645645162,13.748314289197765,10
196,121.32366614290478,13.987829357746874,10
197,121.76575608468413,14.275624656072937,10
198,122.38453658233712,14.395467486472693,10
199,122.82869658535166,14.539247774546915,10
200,123.44838239756056,14.860839516846026,10
201,124.06856587016527,15.067663159418203,10
202,124.5119246730513,15.262673659454217,10
203,125.04387758485,15.449091605772804,10
204,125.84047277222419,15.681993727130477,10
205,126.28348921361439,15.79387297325325,10
206,126.8151668328305,15.571663648763346,10
207,127.43649386625832,15.459234668840518,10
208,127.87927030988256,15.612167294221132,10
209,128.41238796923312,15.619557074700355,10
210,129.20990084017953,15.577637872322876,10
211,129.91877725090748,15.614224576538122,10
212,130.53970192513728,15.439039969481234,10
213,131.07230955412132,15.312964639494682,10
214,131.86884121590504,15.276061065469138,10
215,132.48904058638217,15.29366858194763,10
216,133.10927700886603,15.199033719064913,10
217,133.64113816127042,15.455078623687104,10
218,134.52609803821846,15.455971549744723,10
219,135.14709683378067,15.341070596999751,10
220,135.76682500595192,15.312849121233073,10
221,136.56243546735402,15.225473678774334,10
222,137.27031125706463,15.353803960590318,10
223,137.9780088104485,15.217293726091532,10
224,138.86305869089512,15.2169608639347,10
225,139.57055859021668,15.07112908741498,10
226,140.45434314202632,15.070366233023794,10
227,141.1610983118124,14.986276578278966,10
228,141.69233120371842,14.860875484959092,10
229,142.3121758422762,14.677373645759797,10
230,143.02033222848286,14.927086595057315,10
231,143.72828742947348,15.036920012257823,10
232,144.3476397094293,14.993060619154399,10
233,144.96727257469564,14.861278235680446,10
234,145.674544816337,14.944752990591752,10
235,146.29358120555895,14.863357967980567,10
236,147.00200759242256,15.00622020781781,10
237,147.62111104026792,14.888046357248303,10
238,148.240870975468,14.801369899370812,10
239,148.77247800022812,14.803995366965115,10
240,149.48037143500133,14.814754268816541,10
241,150.1880248632639,15.113611037560602,10
242,150.80708065197032,14.883283404367518,10
243,151.51604705816231,14.810764255036164,10
244,152.22484404232577,14.882932339554502,10
245,152.93498578198358,14.840141496282747,10
246,153.7313956722554,14.807774803863174,10
247,154.52664082775007,14.838819853449316,10
248,155.32158244024885,14.874493316042011,10
249,155.94032588303955,14.913459013063687,10
250,156.7356769216247,14.980298824713348,10
251,157.17994104722735,14.794992536891877,10
252,157.7108651108932,14.651747701464272,10
253,158.2411856182979,14.917144560392208,10
254,159.03649430085653,14.883250191341013,10
255,159.74406832414198,14.982817206088278,10
256,160.53927112132135,14.943278018764829,10
257,161.24735339198338,15.096780698383265,10
258,161.6015533778966,15.119819556941948,10
259,162.30945564162002,15.40378732731776,10
260,162.66433328869675,15.469372716967408,10
261,163.3717749419746,15.493375125580238,10
262,163.99151369704856,15.835334168792494,10
263,164.78771711757025,15.779488189228944,10
264,165.23085356443238,15.72224874663256,10
265,166.02702521584334,15.792563037427861,10
266,166.64655221304537,15.888451329907662,10
267,167.17826512435266,15.9164060010503,10
268,167.71121689629035,15.833794696215676,10
269,168.50834151264587,15.87247836318613,10
270,169.21702732665852,15.877526596698257,10
271,169.75070969250865,15.72335629927706,10
272,170.37136964940973,15.670459620984541,10
273,170.81449550497325,15.858586393549261,10
274,171.52152421228206,15.825924613330487,10
275,172.1420359319673,15.925793960241709,10
276,172.84983760341834,15.947955262594835,10
277,173.64567571334032,16.15273209565705,10
278,174.44274209600863,16.080989090273665,10
279,174.9752279703549,15.914885032721012,10
280,175.77149491706862,15.877165016558243,10
281,176.304139613319,15.583408483461376,10
282,176.74775254735692,15.731966318199193,10
283,177.54423126926616,15.666208640628128,10
284,178.07468943283303,15.713102331363427,10
285,178.7836928985292,15.65271012118006,10
286,179.66682096396977,15.65277600771801,10
287,180.28707855535748,15.418465717900446,10
288,180.81864322760103,15.734489000911317,10
289,181.35064202232957,15.480516189156475,10
290,181.88372085075702,15.179355730365854,10
291,182.7680771837119,15.180221141573975,10
292,183.56457708094564,15.159347356305204,10
293,184.09733825211015,14.92227047552944,10
294,184.7175217316445,14.865377682017579,10
295,185.16104995791903,15.02991512541088,10
296,185.69305934759154,15.08325261605049,10
297,186.3127663418013,14.985252749119562,10
298,187.02128803319957,15.269897465957579,10
299,187.6413709169386,15.526935643960995,10
300,188.26267677817737,15.71289927625765,10
301,189.05849371365053,15.693090314815358,10
302,189.7669324621977,15.75835636065217,10
303,190.38783595933776,15.98446112825629,10
304,191.00782178358247,15.72483147650164,10
305,191.62741230814362,15.843284203595392,10
306,192.51238277554253,15.843345753976491,10
307,193.04342154802964,15.947179283224438,10
308,193.66412387233646,15.731127689046446,10
309,194.28465676946382,15.80414018597776,10
310,194.81585084026938,15.882062426538765,10
311,195.5247590157832,15.70419366971303,10
312,196.1457789967216,15.634900058857143,10
313,196.67848722916523,15.557603777630398,10
314,197.3876601178048,15.433576063786944,10
315,198.00630296516553,15.253163878671238,10
316,198.53955120007805,15.218804222879747,10
317,199.24832701424668,15.17898540096426,10
318,199.95621868260193,15.379090030461338,10
319,200.57623274146175,15.306543599435582,10
320,201.19673033708062,15.10024099426865,10
321,201.9935831826745,15.030392076945802,10
322,202.70136897483934,15.176063050736774,10
323,203.58475645742516,15.175835713776102,10
324,204.20396578418422,15.226223457369882,10
325,204.8233021801321,15.282558316046106,10
326,205.53092913874556,15.29587960052949,10
327,206.15094319944666,15.26521827598761,10
328,206.6823384499243,15.46128858190225,10
329,207.0377455185891,15.602491437770055,10
330,207.74541483837615,15.60429808137521,10
331,208.18835010630627,15.51916343622551,10
332,208.80901007509914,15.419693543422689,10
333,209.4296806140103,15.21749135188607,10
334,210.04842404577843,15.156020770359321,10
335,210.6677975053796,14.955016448002464,10
336,211.28720802513445,14.827465482302085,10
337,211.9952850060109,14.807135727868694,10
338,212.61690852440188,14.93455005642735,10
339,213.41412491271822,14.84628723744727,10
340,213.94685432397904,14.911282644248754,10
341,214.56649778389152,14.945362161802503,10
342,215.00968718023256,14.900702514302026,10
343,215.7179353297202,14.931684911469516,10
344,216.51473876249003,14.96260467990308,10
345,217.13484811776124,14.998576829399175,10
346,217.93059269747732,14.921482721905832,10
347,218.63824260335883,14.923249251293973,10
348,219.34578485443268,14.93132710277376,10
349,219.87696833146873,14.912801053340768,10
350,220.49596060543814,14.702724446248887,10
351,220.93901235908,14.722304365165172,10
352,221.64712110176697,14.986984525466037,10
353,222.2672657627567,14.925868999028502,10
354,222.62199870619057,14.78891931031194,10
355,223.24094332901132,14.672350958238377,10
356,223.7717667989272,14.703994071411435,10
357,224.47903375351348,14.673157967590841,10
358,225.01010075709775,14.887774592674745,10
359,225.54188072603284,14.771867106065118,10
360,226.16151889844642,14.816437082134952,10
361,226.69325651711762,14.75795523428072,10
362,227.40217528310208,14.77695199586513,10
363,228.02225286996963,14.561824664907652,10
364,228.64166338470872,14.662771243057081,10
365,229.26140037110287,14.612702279922077,10
366,229.88095912803334,14.608841959368482,10
367,230.67678135552393,14.515974706224096,10
368,231.38456361496674,14.657997069475547,10
369,232.00448238451366,14.579960917114253,10
370,232.53636471053113,14.386084321811017,10
371,233.06850115436086,14.555897396452696,10
372,233.60123056523366,14.476338545217489,10
373,234.39708456099183,14.688418786457465,10
374,235.19256796003418,14.614276807376978,10
375,235.98918433044634,14.558734097391532,10
376,236.60920192323806,14.673947756525797,10
377,237.22835831718558,14.457347124028809,10
378,237.93583703847145,14.441842531701802,10
379,238.7315463291612,14.503507126426648,10
380,239.43898622942893,14.557660489442974,10
381,240.1468567311594,14.4023286589081,10
382,240.67789197227884,14.133660602003916,10
383,241.38573070108873,14.154473712240732,10
384,242.27115647419632,14.15480516450895,10
385,242.9792334548459,14.102778861281983,10
386,243.59912045604733,14.167535340050842,10
387,244.30685330597248,14.075094206091464,10
388,245.0146708631033,14.222519491691948,10
389,245.63396843976543,14.12869595298,10
390,246.3420401158658,14.133347675835147,10
391,247.05019650801373,14.083087302541893,10
392,247.67053881594273,14.121935836352243,10
393,248.29021404767292,13.968214124920971,10
394,249.08578215616473,14.000315893990024,10
395,249.70612446073596,13.817027435832987,10
396,250.23748794159755,13.814546538243771,10
397,251.03370195027236,13.854526461980086,10
398,251.74283248090086,13.863482390580378,10
399,252.36216888222415,13.92324216724029,10
400,253.24583696159675,13.923252507948401,10
401,253.68937576297702,13.810033667240146,10
402,254.30942158452496,13.710970815332299,10
403,255.19418028028116,13.711188468679994,10
404,255.99130490197837,13.77384248324349,10
405,256.7869682981598,13.69659718739919,10
406,257.2312906613146,13.738341583327436,10
407,258.0284364597506,13.681252307048046,10
408,258.5601175959162,13.700992807816833,10
409,259.00350288149264,13.675618793459883,10
410,259.6237181153625,13.880386291163955,10
411,260.2436580641369,14.06261752910726,10
412,260.6871651158832,13.864815806729817,10
413,261.4837391302411,13.790074608384609,10
414,262.01550496991877,13.676474955818252,10
415,262.63485195846584,13.614294775247053,10
416,263.3424471565021,13.58624852723875,10
417,264.13860822320356,13.533504929000825,10
418,264.9342822183292,13.596271235674338,10
419,265.64205741765943,13.689086788732173,10
420,266.4382343549516,13.755517750046293,10
421,267.2332571480173,13.827427324634314,10
422,267.6766371386237,13.822499351639562,10
423,268.5622217380079,13.821905563086151,10
424,269.18246344969225,13.788975846644872,10
425,269.8920334025,14.059543092113364,10
426,270.6008409801093,14.091157127251451,10
427,271.2200132454922,14.238146899039279,10
428,272.01611077276783,14.184707531592467,10
429,272.9004406345458,14.185332468585692,10
430,273.4323653271449,14.06152554846811,10
431,274.05141054064376,13.926417744585132,10
432,274.8462003921642,13.872603315242413,10
433,275.3782415433846,13.646610539319028,10
434,276.26305318060076,13.64687164742132,10
435,277.1488071977277,13.648346424929994,10
436,277.85750359844326,13.55648412387504,10
437,278.3888776736581,13.460016188464163,10
438,279.2721857425951,13.460123339975388,10
439,280.06872799159544,13.422644103322293,10
440,280.7768737902689,13.3258333843146,10
441,281.6612724769217,13.325800115747057,10
442,282.36947827776805,13.348531770396235,10
443,282.89988174311964,13.363885262881677,10
444,283.52095465846526,13.60830623856671,10
445,284.0525546221337,13.490590483609584,10
446,284.5837486916755,13.493853300487398,10
447,285.2041227667653,13.410311752297691,10
448,286.0006226609616,13.59059273973871,10
449,286.53279616828775,13.564342952998633,10
450,287.06525027344344,13.6389655033831,10
451,287.6857302275133,13.86948426407811,10
452,288.3936536649142,13.915080923632186,10
453,289.10242418788965,13.863127135097535,10
454,289.8102382153801,13.799508295586289,10
455,290.43076053676424,13.706754079715,10
456,291.05085930553986,13.764824173363605,10
457,291.8474227330687,13.951023513046543,10
458,292.55459438260067,14.086289035477945,10
459,293.35005130876027,14.136437566524036,10
460,293.7935265926402,14.121100080314633,10
461,294.5007035342584,14.15769511698451,10
462,295.2961445820209,14.237814847079287,10
463,295.9153539088462,14.247542375335392,10
464,296.53536796981695,14.307615564051586,10
465,297.1563561793278,14.457561111549717,10
466,297.68909618128083,14.298175071600848,10
467,298.13248676667206,14.24059817095545,10
468,298.8399760846664,14.185125912137783,10
469,299.19683379260874,13.947137872806739,10
470,299.81849966297074,14.03287318111662,10
471,300.52646545565665,13.83031419442083,10
472,301.23468537771396,13.901315580014767,10
473,301.854268843976,13.88651206165391,10
474,302.2976382526826,14.023353774860823,10
475,303.1827146050704,14.02427571054274,10
476,303.8034063378329,14.086991803047136,10
477,304.6009650842508,14.010740824729739,10
478,305.04533510935534,13.941030294500871,10
479,305.66484092601803,14.088567709729055,10
480,306.37258259948106,14.148742042301961,10
481,307.169093084868,14.240771589181005,10
482,307.87760947831384,14.127259404871328,10
483,308.3220694967242,14.081556299801967,10
484,308.85444948466693,14.03886996259363,10
485,309.6511982121476,14.03117691919671,10
486,310.3595310776867,13.867670754230666,10
487,310.98027574413675,14.056355575153372,10
488,311.60026863560233,13.824207468082923,10
489,312.3095685866415,13.835917935084604,10
490,312.9298791156683,13.684835488694944,10
491,313.5498084656722,13.582810624474362,10
492,314.2588437065797,13.853298032529521,10
493,314.96703715046795,13.860672473593363,10
494,315.76257878089154,14.045882335198533,10
495,316.1187323423386,14.307709390902216,10
496,316.5639547332996,14.53405338092778,10
497,317.272449948539,14.358506540485656,10
498,317.9816546022515,14.415091959065288,10
499,318.51384400247963,14.54338607666538,10
500,319.04589221202525,14.48322223531056,10
501,319.7540433016318,14.540268741901077,10
502,320.1979950665486,14.504483556348097,10
503,321.08262316931564,14.5052248189266,10
504,321.790758386926,14.493603913970345,10
505,322.3226089489443,14.795550345365372,10
506,323.208013546176,14.796177306866591,10
507,324.0057417099282,14.971056182696227,10
508,324.53803698961116,15.022602994462607,10
509,325.24859697017075,15.175922709197131,10
510,325.86758394926454,15.150450529333941,10
511,326.4867191666302,14.869714432048966,10
512,326.9301626933845,14.779813318494144,10
513,327.6375125784741,15.024423677393782,10
514,328.257013094803,15.178159818932734,10
515,329.0532906308786,15.096262952288779,10
516,329.67356941232504,15.1733804901171,10
517,330.29346347267835,14.8819222828424,10
518,330.9127222259625,14.716228342890581,10
519,331.26825637548546,14.813979195178012,10
520,331.62223400641193,14.73103142053624,10
521,332.24158804873525,14.759048774379893,10
522,333.03717733260476,14.747461527199802,10
523,333.7438195617459,14.638210383087173,10
524,334.36338890959786,14.596175918425665,10
525,335.07099469826625,14.659633761928745,10
526,335.51460763761395,14.906182966016273,10
527,336.13542643279663,15.101084056193844,10
528,336.8445357880235,15.162945103401247,10
529,337.4656404613458,15.291368773975718,10
530,338.08516215645506,15.345373910031736,10
531,338.7928579466467,15.159035577297,10
532,339.412999064839,15.223702084288195,10
533,340.20994014209197,15.156372213006454,10
534,340.65338366699933,15.162107314044533,10
535,341.27365184468005,15.121989682639889,10
536,341.8049835690607,15.05914923110337,10
537,342.42455291691266,15.272189071835168,10
538,343.22088340050675,15.169342933745465,10
539,343.8417286717534,15.232699048140509,10
540,344.4617427354832,15.117690282926429,10
541,345.08162973147677,15.276308338447068,10
542,345.7895955285271,15.284879499412346,10
543,346.32099077541415,15.686063642625411,10
544,346.7642225233489,16.06113231727623,10
545,347.4722518493987,16.1439139799892,10
546,348.1798470507374,16.298887992421513,10
547,348.8872940060468,16.443585086450646,10
548,349.6834444833987,16.32643286044739,10
549,350.39119850860254,16.304421591421608,10
550,350.9238537924821,16.445786263887772,10
551,351.63131133297367,16.50128375968388,10
552,352.51582649302986,16.50078519846512,10
553,353.3996745765594,16.501717133825267,10
554,354.1077039009471,16.568494412869455,10
555,354.81527792188416,16.82022219441651,10
556,355.61185193547897,16.798879539959028,10
557,356.1434483698741,16.781035880316047,10
558,356.4106284261416,16.572646192736702,10
559,356.941801327574,16.562583319904327,10
560,357.5607035980987,16.546724076474074,10
561,358.2693841187029,16.44067792323147,10
562,358.80132645329854,16.447584378733513,10
563,359.4217958284741,16.32809235963086,10
564,359.9536569609911,16.147623469620655,10
565,360.6616862856969,16.236557852714924,10
566,361.192737405119,16.34455296317588,10
567,361.8130126437609,16.655798488777272,10
568,362.5207631370602,16.46479687809146,10
569,363.2286618673535,16.450099839793413,10
570,363.84968889256896,16.68191963011813,10
571,364.47068239707875,16.48717180421908,10
572,365.1794740946885,16.303770275035756,10
573,365.7990116758925,16.190207261424423,10
574,366.3301580992229,16.018439400271173,10
575,367.0374515181761,15.97078920766433,10
576,367.6572255671092,15.875235789941714,10
577,368.10057732565303,15.746739133152495,10
578,368.72129552550825,15.912424720815308,10
579,369.340441331263,15.958836066764258,10
580,369.9591583014338,16.14735411950871,10
581,370.66780352241597,16.11302859336625,10
582,371.552398094322,16.112992091640912,10
583,371.9959863245557,15.95604541319082,10
584,372.5270480368522,15.578111521080068,10
585,373.14753858026205,15.925982811240358,10
586,373.9442078949234,15.82897206604627,10
587,374.4746554683013,15.96303963350807,10
588,375.0065060270172,16.179596928400866,10
589,375.7136988624804,16.209626609606072,10
590,376.15647529495527,16.53057239813225,10
591,376.6871558195277,16.462673385465887,10
592,377.3072969374142,16.270687017265676,10
593,378.1031509331724,16.264170831845842,10
594,378.7226885059241,16.401078609389064,10
595,379.51782600867574,16.313834637973365,10
596,379.9617777797061,16.419466436159553,10
597,380.6692988530002,16.33078280580216,10
598,381.20152000917824,16.38581385259277,10
599,381.8221005550198,16.480198301789375,10
600,382.52994458990804,16.31513959353705,10
601,383.1503927836384,16.44152741018146,10
602,383.6831645476485,16.49511657661205,10
603,384.21586219435756,16.60387388417066,10
604,384.74773392968285,16.6801919229155,10
605,385.19257159915963,16.545511700228694,10
606,385.72519512545284,16.611104125576983,10
607,386.3457774397501,16.669333706522522,10
608,386.7010362909038,16.458019340224585,10
609,387.14567631303316,16.866394403533402,10
610,387.765916265813,16.97716160056523,10
611,388.5625220443444,17.139299582752777,10
612,389.09352552182816,16.983917820221276,10
613,389.6249313666247,17.124355337857793,10
614,389.9797984344716,17.13143688455325,10
615,390.60134783366027,17.220548192337166,10
616,391.30987481743716,17.068707577048762,10
617,391.9306406622888,16.92232630432832,10
618,392.6385958689184,16.976419190963657,10
619,393.082261745062,17.171578691408133,10
620,393.87864869511327,17.139752320668407,10
621,394.58651919038937,16.947748906601454,10
622,395.29625326481,16.95738146806685,10
623,395.9158473042224,16.948502180826033,10
624,396.5353566492357,17.189930732238192,10
625,397.15567777838345,17.31993049650774,10
626,397.951680014521,17.25714333415104,10
627,398.65989993933715,17.28331604268506,10
628,399.10489997740336,17.369291474144678,10
629,399.7247710972218,17.401761666631497,10
630,400.4324457074822,17.65116264088774,10
631,400.7876092501157,17.39874867133365,10
632,401.31935393251354,17.244159616797205,10
633,401.85118331061824,17.405399850399064,10
634,402.2941503514097,17.390598608335054,10
635,402.91414323098354,17.585809094246695,10
636,403.44587201963793,17.403833736905057,10
637,404.1528848464584,17.389752723483245,10
638,404.7721365296439,17.568306509676923,10
639,405.30343295248525,17.672245441110224,10
640,406.09903988387225,17.636352986969527,10
641,406.8955786042943,17.668205686598345,10
642,407.60310144925745,17.658737743561453,10
643,408.22380376573904,17.542809705295234,10
644,409.01943540267104,17.710371642129882,10
645,409.8168564999992,17.68177618086514,10
646,410.43772823031077,17.718700013788027,10
647,410.9695364246151,17.952621976734793,10
648,411.67748104174586,17.955108065570467,10
649,412.21007809073535,17.823379199721845,10
650,412.82959449097797,17.726082684249274,10
651,413.27285447990624,17.644226667706075,10
652,413.9818367705175,17.842467207096995,10
653,414.77771194619515,17.958916533800902,10
654,415.3980436653166,17.798767129653417,10
655,416.0174541863671,17.9006288557272,10
656,416.63693881881755,18.197043151039704,10
657,417.2570481789754,18.207662733546073,10
658,418.05288099662056,18.2555686207698,10
659,418.5845303739173,18.522599204743116,10
660,419.3802573112798,18.61796168986083,10
661,420.08734426067633,18.61600685658714,10
662,420.70685008257686,18.60470295992759,10
663,421.32636647916434,18.514246437132964,10
664,422.12233695334163,18.502714359177748,10
665,422.7415356971695,18.53087512997416,10
666,423.18472509641686,18.594825012759586,10
667,423.89340032117013,18.602180808804974,10
668,424.424964995547,18.75952281044557,10
669,425.0448096437907,18.8277020040463,10
670,425.841648370505,18.872510608885403,10
671,426.37407071172345,18.879935013426003,10
672,426.99384653723746,18.678244131286483,10
673,427.78991230543886,18.787214723838282,10
674,428.23302229367147,18.77997406486882,10
675,428.6772705421552,18.754045154347793,10
676,429.3856934136461,18.56037438337303,10
677,430.1831727450156,18.714938327714933,10
678,430.62687569078514,18.824221315363065,10
679,431.42364030349745,18.71571775260138,10
680,432.2201243156288,18.679204212789134,10
681,432.8403289738006,18.62559384590831,10
682,433.46063951449213,18.664823804533313,10
683,434.08209361768684,18.400785405282228,10
684,434.70177943802867,18.287201719208557,10
685,435.1458900236151,18.4466275952639,10
686,435.85452289402446,18.342061395249743,10
687,436.5626845817763,18.388099710439953,10
688,437.0945298495875,18.47496269460142,10
689,437.8025803593347,18.3066897247313,10
690,438.5095296611553,18.42432196109201,10
691,439.2168989753671,18.406027668530843,10
692,439.9246106467438,18.487851094015813,10
693,440.6328305657895,18.39857954257904,10
694,441.25382936216204,18.263459603825698,10
695,441.7854963855549,18.130537350873798,10
696,442.4933774677687,18.354546588297293,10
697,443.20114561145726,18.39987087593947,10
698,443.8204661240493,18.55537567002864,10
699,444.4408719662453,18.59681268522854,10
700,445.14862951101003,18.52588752884026,10
701,445.85695531309983,18.575140879373,10
702,446.56574172473586,18.62849061342718,10
703,447.0984393740232,18.573934739756567,10
704,447.89557458485507,18.459447410501827,10
705,448.51634043502474,18.610683833715903,10
706,449.0470262595878,18.601488579352125,10
707,449.66644383896676,18.764021172649176,10
708,450.28578023899126,18.57843286738421,10
709,450.8173131484812,18.388366279282376,10
710,451.34990844335806,18.584787517627728,10
711,452.1463024571881,18.712155952788184,10
712,452.8538870705659,18.55546244338282,10
713,453.47352700630637,18.52119015802912,10
714,453.91703052461725,18.515569474818054,10
715,454.4486128429183,18.577198600081193,10
716,455.1584739886619,18.507395274260407,10
717,455.86546210518173,18.582263194596,10
718,456.57290553047596,18.584056226137523,10
719,457.2806242590874,18.59296229053124,10
720,457.81258070442175,18.801052473764393,10
721,458.6083658765675,18.822423575309035,10
722,459.40490459698947,18.95173038176888,10
723,459.93709399479377,19.151554176850777,10
724,460.73449038552417,19.285291448767534,10
725,461.35567977244693,18.963641617957464,10
726,462.15190436592354,18.931884948382805,10
727,462.8612149004636,18.937607444255512,10
728,463.3937537105045,18.954600994319243,10
729,463.8379172517207,18.961753104656555,10
730,464.3704348954482,19.091943355737577,10
731,464.9037149019292,19.063952287625394,10
732,465.43585134944453,19.33914332852977,10
733,465.96732424216987,19.67241521979107,10
734,466.7637217843485,19.70104382878478,10
735,467.47166640227977,19.830540535624895,10
736,468.0032310718081,20.210988454693947,10
737,468.5358016520625,19.96298881696127,10
738,469.0663604044001,20.202003376169333,10
739,469.7743261970606,20.14464402451114,10
740,470.48186845303445,19.96021377885197,10
741,471.27828363839234,20.08441047628661,10
742,471.7208800736801,20.194134886431286,10
743,472.25357771899263,20.066250095147346,10
744,472.7856506330787,19.76558896899921,10
745,473.4069353198165,19.65343491886916,10
746,474.20272578455535,19.743359364293458,10
747,474.8237987035494,20.013935437340663,10
748,475.70847798502007,20.01384817977701,10
749,476.23981500569573,20.10374015995788,10
750,477.0358013592712,19.992448696155186,10
751,477.74315831751846,19.898137548456578,10
752,478.6270116955158,19.897881247319503,10
753,479.42351159017227,19.93913089802262,10
754,480.3078008611236,19.93942951140291,10
755,480.9267454845227,19.755097465049413,10
756,481.6343089211946,19.63221883346677,10
757,482.077371255418,19.86466801953467,10
758,482.6977876869649,19.715050354216306,10
759,483.22947588682973,19.653870389327153,10
760,483.58570887851886,19.42650590590742,10
761,484.11805709560787,19.069698910551683,10
762,484.9148746460948,18.982029386364662,10
763,485.62307338618376,18.94030070459981,10
764,486.4198062311837,18.820357266913174,10
765,487.30386255391795,18.82066171734981,10
766,488.01233660311334,18.90432799255858,10
767,488.808896502422,18.9960291089538,10
768,489.51756820213797,18.94404377011612,10
769,490.2264410823397,19.02008740403468,10
770,490.9350051276312,18.80922125483322,10
771,491.4674168826875,18.864610981638215,10
772,492.0867003313021,18.830486072269615,10
773,492.70769912794213,18.76075878127919,10
774,493.2392320247397,18.96770249262475,10
775,493.68297379081633,18.776350491484234,10
776,494.3908089912403,18.85698120087472,10
777,495.2751441455472,18.85738330082714,10
778,495.80721706790564,18.795232680844045,10
779,496.4277393849171,18.736239070520494,10
780,496.9593199319017,18.682069392473117,10
781,497.5806257975306,18.840757415426776,10
782,498.1129775439593,19.009464004298643,10
783,498.55687990970455,19.088631134041098,10
784,499.26424921293017,19.232886287323158,10
785,499.9733726840599,19.146061546524447,10
786,500.5053220605623,19.430939002370298,10
787,501.21339903373365,19.333426835600843,10
788,501.9215130663703,19.40565848234094,10
789,502.6304953576582,19.328624344514758,10
790,503.33963648123444,19.421219715507704,10
791,503.6953929856659,19.558226501542705,10
792,504.40324759849346,19.467158595764936,10
793,504.8471464315442,19.67905498941088,10
794,505.2919982237336,19.97563484941535,10
795,506.0025423223734,19.99773466234961,10
796,506.79983636082716,19.94379871852149,10
797,507.6844574053272,19.94402915521186,10
798,508.39345029081494,20.031591600691804,10
799,509.01376789374774,20.25269398969072,10
800,509.81129134808435,20.393901054836796,10
801,510.51983951554973,20.63706979848324,10
802,511.140167700699,20.72672560768933,10
803,511.8496476557626,20.875221445837777,10
804,512.3822076486041,20.980128534482343,10
805,513.0900146180327,20.954820111099284,10
806,513.7987639646511,21.050465701564637,10
807,514.4186192077203,21.009485468753706,10
808,515.2146002692865,21.154991264945156,10
809,515.8347361009681,21.148830500389295,10
810,516.7193783216147,21.14815721456647,10
811,517.4272382289868,21.401074412651212,10
812,517.8706394032079,21.52748606649428,10
813,518.7549710290789,21.52841682435306,10
814,519.3751121558785,21.269186609335758,10
815,520.1714955760536,21.259876369388447,10
816,520.879196659899,21.27762416868258,10
817,521.4102901355276,21.108261080586075,10
818,522.0307118599244,21.131949825065057,10
819,522.5639071683822,20.907423993454753,10
820,523.2724659189795,20.9364958528902,10
821,523.8052165067995,21.007783129335373,10
822,524.4250346812415,20.86735697866908,10
823,524.9564528662172,20.766004578708188,10
824,525.6646039505349,20.827856987835272,10
825,526.2847609553776,21.049352517753103,10
826,526.7277968217415,21.23022789056056,10
827,527.1717803540598,21.245550177757742,10
828,527.792101484969,21.350085638479158,10
829,528.4111308153249,21.51445107067634,10
830,529.0318649005017,21.187317710978466,10
831,529.5632230865816,21.105901633631653,10
832,529.8301860641525,21.060396569049445,10
833,530.5381095107444,21.154869010959242,10
834,531.2459235284626,21.054111875358558,10
835,531.9537834408728,21.153652795187842,10
836,532.8386974346279,21.154329484668548,10
837,533.4580232495668,21.096998411566258,10
838,534.1652637263318,21.060553811823695,10
839,534.6093849186873,21.084214574153425,10
840,535.316828342032,21.056099992205336,10
841,536.1145070929864,20.926135329508597,10
842,536.734457627765,20.996695275551815,10
843,537.3547522884622,21.291368290981392,10
844,537.9759840341519,21.564190308704543,10
845,538.7724786363319,21.48113001023688,10
846,539.5690385346463,21.51691710698501,10
847,540.100610264133,21.54860985365274,10
848,540.7212031685126,21.646425655777364,10
849,541.2523125319933,21.631290277297406,10
850,542.1370076982196,21.631005354655983,10
851,542.7556187775315,21.98408488422171,10
852,543.375611668997,22.12094448150094,10
853,543.9062074908486,22.25994544724523,10
854,544.6139191567764,22.23312560728024,10
855,544.9691991827316,22.276861221384,10
856,545.5016744583204,22.352911371310707,10
857,545.945795646573,22.71173302213595,10
858,546.653507319769,22.83393929958683,10
859,547.2733519711727,22.83537140480135,10
860,547.8932495641385,22.769407431264664,10
861,548.4254707193015,22.921890489905685,10
862,549.0449341837787,22.798940280888694,10
863,549.7540964830125,22.722806947254906,10
864,550.2860052777216,22.851594870032265,10
865,550.72967116907,22.868505929429695,10
866,551.3498917087974,22.822424554419747,10
867,551.9701545992144,22.76647574241186,10
868,552.5908092674797,22.847170818200432,10
869,553.475165601258,22.847346610590293,10
870,554.1842749597874,23.042668120959938,10
871,554.9806319058827,22.97871626406448,10
872,555.601879525502,22.78580287906314,10
873,556.2221371314936,22.816501391587884,10
874,556.9300023392425,22.980074180580804,10
875,557.6381587296603,22.951035306975,10
876,558.2572374786088,23.068285551014075,10
877,558.7001303969223,23.216853302375007,10
878,559.0566598648004,23.18695997725155,10
879,559.6775421879946,23.176483504027292,10
880,560.2109175002436,23.244760961418017,10
881,561.0073856267602,23.338468629576937,10
882,561.7148272844245,23.37643342694754,10
883,562.3353601879405,23.34457960466289,10
884,563.2206218375712,23.34524054796962,10
885,563.5753088941013,23.412776733295267,10
886,564.107378278761,23.494262658754465,10
887,564.8143911041342,23.515428221045294,10
888,565.2584064111754,23.622527071048626,10
889,565.9663933835274,23.67547764001665,10
890,566.7638674268073,23.780694335408803,10
891,567.5600602596659,23.657944469120828,10
892,568.1795554790428,23.70065454124024,10
893,569.0642824096269,23.700682886678884,10
894,569.5959882602104,23.778175558840147,10
895,569.775449529961,23.953354954334124,10
896,570.3081577607794,24.14962164423168,10
897,571.0160494391072,23.96815761133234,10
898,571.8126763977318,24.02302544493181,10
899,572.4336540190532,23.882671657393615,10
900,573.0539751533663,23.65844035036391,10
901,573.6734703768462,23.761078130951162,10
902,574.2044473816336,23.618072344686283,10
903,574.9130484813497,23.57077150668986,10
904,575.4448778653956,23.461608145379458,10
905,576.1529071841476,23.52949159281507,10
906,576.68427596268,23.75457604191728,10
907,577.3930729595919,23.779330176012213,10
908,578.1015840633469,23.829772258891623,10
909,578.9858309800114,23.829150146810733,10
910,579.6937120668471,23.66070891726744,10
911,580.3137208329356,23.75369808808162,10
912,580.9337560714163,23.897846950184018,10
913,581.377231351152,23.89919894137938,10
914,582.0861289393372,23.920484713707406,10
915,582.6178418513753,23.95078813061166,10
916,583.2379194467442,23.87628587579014,10
917,583.8584735304888,23.654468490502914,10
918,584.56604049391,23.617779505622295,10
919,585.2740380535411,23.359179071405688,10
920,585.8054068373833,23.48553634817576,10
921,586.3373632830086,23.514986127085756,10
922,587.2216401999929,23.515202588395002,10
923,588.0177871481209,23.467969301408537,10
924,588.637769444459,23.72111143643883,10
925,589.4341246324391,23.717416379211937,10
926,590.1421857260509,23.925568780935976,10
927,590.6738456884327,24.140864851582382,10
928,591.206543330732,24.14035520197932,10
929,591.7374462164083,24.29857191763986,10
930,592.3578379374342,24.448977138732094,10
931,592.9783178992774,24.462226117013692,10
932,593.5983001948181,24.569472487254547,10
933,594.3059059767262,24.763420169907118,10
934,595.10299883159,24.6413105603825,10
935,595.6346482164689,24.576489229443187,10
936,596.4302869160473,24.699877158289095,10
937,597.1390433197043,24.622035159204763,10
938,597.5824127248247,24.612832204701707,10
939,598.2008138016237,24.69933545667129,10
940,598.9969325127313,24.754288753377107,10
941,599.6177830659507,24.645171130104217,10
942,600.3259500457059,24.48134612570825,10
943,601.03352054149,24.748175462596873,10
944,601.742132234893,24.801916055589505,10
945,602.0964133907385,24.764527102984683,10
946,602.6286769125414,24.837014464146456,10
947,603.4253568160307,24.706226042209554,10
948,604.045572066801,24.659913189587662,10
949,604.6676826605814,24.4930349362945,10
950,605.1120156262241,24.52688587739038,10
951,605.7312990805201,24.432337915015815,10
952,606.2616354808235,24.404844968405484,10
953,606.79202482643,24.330609389004138,10
954,607.5005623996021,24.347864575891386,10
955,608.1204282243117,24.059782387038165,10
956,608.6526493791449,23.93686568650203,10
957,609.2717951835614,23.815547069551307,10
958,609.9805868821571,23.894372257319347,10
959,610.5115480080258,24.050486412879174,10
960,611.1314667723722,23.947681401845582,10
961,611.7512796505388,24.05454472403752,10
962,612.5471724715258,24.181037030469344,10
963,613.0784036015554,24.060104299750062,10
964,613.8743793642612,24.145669862297588,10
965,614.5822657470844,24.349814781003122,10
966,615.1135709860732,24.194972325999785,10
967,615.4686392255588,24.487412840875418,10
968,616.0879756210069,24.782588813384308,10
969,616.9726919620805,24.781902979216376,10
970,617.5926424947467,24.573026521132807,10
971,618.1244189272453,24.469175421028186,10
972,618.7449518248765,24.424289747649258,10
973,619.4529599771467,24.42628408565595,10
974,620.2492692743485,24.3147294913152,10
975,620.9571132990229,24.34332008803988,10
976,621.6649149745642,24.412139547378793,10
977,622.3725313468511,24.62864814759443,10
978,622.992767773573,24.63390798841787,10
979,623.6134277382628,24.611061861701526,10
980,624.4978793663303,24.612447853184285,10
981,624.7649270484496,24.617303275332556,10
982,625.295904061443,24.54992389134822,10
983,626.091308049052,24.42102153834741,10
984,626.7990302971521,24.627256502174486,10
985,627.507400219771,24.5809592203398,10
986,627.9514790593846,24.353555676372586,10
987,628.7478942493818,24.47783530852402,10
988,629.1925342797753,24.586674381562826,10
989,629.9004683094943,24.590732830061626,10
990,630.3443671372582,24.780074186171937,10
991,630.8761859343746,25.067375946356382,10
992,631.3203600680124,24.978119035149668,10
993,631.8519776731334,24.84388172593542,10
994,632.4716529071837,24.82937148453799,10
995,633.3555962867655,24.829521537181947,10
996,634.0624661689874,24.597167878016773,10
997,634.5951214527635,24.578296037729853,10
998,635.1259713900587,24.61890074448106,10
999,635.7451754334036,24.716672720597852,10
1000,636.1898260493266,24.499682021892184,10
1001,636.7218354287081,24.610200900792204,10
1002,637.341320065673,24.424027239440075,10
1003,637.9615141344669,24.32104233987591,10
1004,638.6687704971384,24.3535405242286,10
1005,639.2010340099345,24.328757188990103,10
1006,639.7322580906011,24.245895908314484,10
1007,640.0878134067183,24.034823352146336,10
1008,640.708060422259,23.964952685310237,10
1009,641.4164285798646,23.91690456655477,10
1010,641.859882694893,23.772045103850843,10
1011,642.4793249760594,23.84187795851339,10
1012,643.0109743533063,23.760325785009506,10
1013,643.8079295530125,23.711690169059427,10
1014,644.5156729901782,23.555536717704978,10
1015,645.0464752718337,23.75183500492746,10
1016,645.7536998765343,23.833393229598553,10
1017,646.373052155504,23.64268013888955,10
1018,647.1693773427285,23.51148449611653,10
1019,647.8772584309562,23.36332574135202,10
1020,648.761159456004,23.363449978499457,10
1021,649.4690034900688,23.351737875358886,10
1022,650.0901999237922,23.433569054807396,10
1023,650.7118446257432,23.264464547427515,10
1024,651.4199745502314,23.35127293763071,10
1025,651.9514333392461,23.353918615975427,10
1026,652.6599179744488,23.56981781335768,10
1027,653.3687414427059,23.34329307200959,10
1028,653.9006767155262,23.2760430175663,10
1029,654.5197554611962,23.35844871354884,10
1030,655.3154100350896,23.251393462824765,10
1031,655.8473558994601,23.315342528252582,10
1032,656.3785076212229,23.730933386002814,10
1033,656.9984475733387,23.651562303736643,10
1034,657.7956992540707,23.652876757290908,10
1035,658.239587498909,23.43476581173915,10
1036,658.9478180096836,23.651478318528866,10
1037,659.3913391763541,23.413226101661376,10
1038,660.0992255531513,23.63580736159778,10
1039,660.5429973215292,23.78828195898645,10
1040,661.0750014230728,23.51328277430669,10
1041,661.5175872672885,23.647178155129275,10
1042,662.1391366719129,23.87504159402046,10
1043,662.5824107837115,24.05751321411675,10
1044,663.2899636249789,24.01416984871021,10
1045,663.8232753982618,23.903783140653626,10
1046,664.443517113063,23.961075918334405,10
1047,665.1514299635799,24.0269626299576,10
1048,665.4190970792508,24.245640510233237,10
1049,666.0395346815679,24.09699046351485,10
1050,666.6589451944124,24.331802789788917,10
1051,667.4547780159199,24.43956088176761,10
1052,667.8992062736919,24.510662207333112,10
1053,668.6072744268888,24.504111010092075,10
1054,669.1386485038535,24.53926903758846,10
1055,669.7583660886995,24.442958352597927,10
1056,670.2911060880563,24.367243565736537,10
1057,670.9994230618624,24.557557155064362,10
1058,671.7073570956845,24.331119332076174,10
1059,672.3282288304711,24.215234867990734,10
1060,672.9475228716257,24.06469914163884,10
1061,673.5664992584632,23.996673366747686,10
1062,674.0104616099173,23.926358153870744,10
1063,674.6298933038363,23.932356825188787,10
1064,675.0743533248681,23.97171293791402,10
1065,675.6073580378581,24.16151219817335,10
1066,676.1396321429106,24.257372902061952,10
1067,676.7593709021754,24.184920415084015,10
1068,677.3787602433064,24.346785802460108,10
1069,678.0871707523713,24.356372901206434,10
1070,678.6190213204512,24.26375764466061,10
1071,679.1508118720324,24.238515446424593,10
1072,679.8587670719737,24.139708220192578,10
1073,680.4783258218915,24.15681515078722,10
1074,681.097905748488,24.466453689166123,10
1075,681.7168344932572,24.48498919603276,10
1076,682.513196736718,24.496596970485758,10
1077,683.0444013936046,24.611003422980403,10
1078,683.6646801647579,24.58831500125605,10
1079,684.1963789565285,24.69626652396048,10
1080,684.8154188777642,24.75290052347686,10
1081,685.5232258430897,24.729364180068394,10
1082,686.4070262772178,24.72976548701825,10
1083,687.1151720794232,24.773946628179566,10
1084,687.6471655861143,24.677736107984487,10
1085,688.2666502221813,24.419444610557104,10
1086,688.8865901674019,24.45455984438692,10
1087,689.3302560579256,24.46382426742006,10
1088,689.8612912995419,24.66722350658422,10
1089,690.3051159996314,24.796238954660666,10
1090,691.100948821139,24.669311362665027,10
1091,691.8077551655973,24.804953619901088,10
1092,692.076195239443,25.094851425653886,10
1093,692.6084799281296,25.134357570877004,10
1094,693.40405862224,25.247225407154595,10
1095,694.023289123036,25.356127131954853,10
1096,694.7307784369272,25.562407469848864,10
1097,695.4389983498515,25.62298259106609,10
1098,695.8819018599304,25.83225357909567,10
1099,696.5891052801186,25.88958441745697,10
1100,697.2963087003066,25.909491519604327,10
1101,697.8276827813743,25.817165442331426,10
1102,698.447643900203,26.118304287341342,10
1103,698.978753264995,26.343845419070092,10
1104,699.774977862721,26.28985776892564,10
1105,700.3076225632444,26.245299892366358,10
1106,700.9274354503207,26.18410813471692,10
1107,701.3708683741568,26.29932909322797,10
1108,702.1665300091864,26.419260836248487,10
1109,702.8748240453289,26.338506712769643,10
1110,703.406494607802,26.313616334684554,10
1111,704.2022691941252,26.180557326001193,10
1112,704.646030372078,26.374354169421746,10
1113,705.3548644258409,26.33813571420482,10
1114,705.8858890870133,26.5200794378494,10
1115,706.5935637000558,26.53025024160569,10
1116,707.3008941809466,26.30481383786618,10
1117,707.9213953213172,26.26220493650385,10
1118,708.7182975827234,26.384626123133096,10
1119,709.4261574988868,26.27677195139243,10
1120,710.0460339110069,26.53444922657118,10
1121,710.7531420384327,26.50827997850187,10
1122,711.4610654775679,26.7209982759143,10
1123,712.1698783535687,26.720235865772736,10
1124,712.8791571253541,26.49904699189294,10
1125,713.3226747739801,26.387885512979096,10
1126,714.0305346867738,26.45105007898648,10
1127,714.914250414167,26.451175219171233,10
1128,715.710766193454,26.537923448045944,10
1129,716.5073613842463,26.627610484992022,10
1130,717.1273436833967,26.37274119087693,10
1131,717.7469024375874,26.268441256972583,10
1132,718.3671335636466,26.325419551630077,10
1133,718.9865017263646,26.40828354266302,10
1134,719.6938004438795,26.253636249489986,10
1135,720.22585218767,26.34383883635959,10
1136,720.9330661971555,26.31198662513386,10
1137,721.6421508488614,26.52861796245209,10
1138,722.2630914039185,26.66847104107193,10
1139,722.7946243121766,26.66034008070096,10
1140,723.5018489139775,26.473970329707555,10
1141,724.1213970861593,26.683451842613508,10
1142,724.6520793848102,26.691639433404273,10
1143,725.2740629174484,27.01497942899282,10
1144,725.8932581431529,26.95648992715366,10
1145,726.6892603793334,26.98566488846871,10
1146,727.13169799532,27.02233183716724,10
1147,727.8411638359103,27.23710129177692,10
1148,728.6370566588332,27.328042427999726,10
1149,729.256384224925,27.496539778383486,10
1150,729.7871618091001,27.471041615015146,10
1151,730.2310571121355,27.693880325265425,10
1152,731.0284587971912,27.723410879564337,10
1153,731.471041109493,27.88542912605943,10
1154,732.0907551607372,27.99723140160014,10
1155,732.621382747637,27.887018756146933,10
1156,733.242372715517,27.786203396652667,10
1157,733.7753033130459,27.75347366778576,10
1158,734.3970768362411,27.676440977178327,10
1159,735.0174473873478,27.797503976889686,10
1160,735.6374896908808,28.04275809227269,10
1161,736.08136204878,27.752979736085514,10
1162,736.9660519182512,27.753370530504995,10
1163,737.4093260150439,27.82240015894936,10
1164,737.7644736711302,27.982105323631465,10
1165,738.1200466370283,27.78333718108588,10
1166,738.6524054520547,27.925996650183034,10
1167,739.3611177408286,27.924571443853075,10
1168,740.0692600130953,27.918565663761225,10
1169,740.6890940670035,28.089280086080162,10
1170,741.5735668721638,28.088191108862805,10
1171,742.0178257119585,27.99874950028509,10
1172,742.6401480758263,28.15946294294346,10
1173,743.2605009704646,28.180899562993325,10
1174,743.7922244687977,28.208995256115017,10
1175,744.3247456257338,28.2065332202093,10
1176,744.9451620466549,28.29992516504425,10
1177,745.5657020088745,28.179593688999116,10
1178,745.9223373560731,28.287789743873716,10
1179,746.2779032644213,28.326641891966016,10
1180,746.8097538219536,28.148701015696922,10
1181,747.517366659714,28.176363708882928,10
1182,748.313919493345,28.095747606884544,10
1183,748.9347065240579,28.172721614169166,10
1184,749.5549853059241,28.067397013709375,10
1185,749.9985664770566,28.004709506349403,10
1186,750.3553077262495,28.042690333746172,10
1187,751.1519982198597,27.963841551706476,10
1188,751.8595475327446,28.031508787327905,10
1189,752.4790709915094,27.9244542580705,10
1190,753.0993780039452,28.044551332668043,10
1191,753.8963755597105,28.14914380763811,10
1192,754.4284590669525,28.15070000910479,10
1193,755.0476684058974,28.120254125514315,10
1194,755.5802283921573,28.079981174672568,10
1195,756.1107342145951,28.231938587940117,10
1196,756.6425794815598,28.44707960503163,10
1197,757.2626253118057,28.434583183665325,10
1198,757.8826075977214,28.236520350187664,10
1199,758.6792451464578,28.15553716966479,10
1200,759.2105980415516,28.165274230313106,10
1201,759.9200568148706,28.345699600454356,10
1202,760.6268049276578,28.349086222569163,10
1203,761.2464060406464,28.665845709369158,10
1204,762.0439859687002,28.588378644316254,10
1205,762.6633223682651,28.729603931537085,10
1206,763.371727580489,28.75457178857013,10
1207,763.9035728451177,28.82091826075901,10
1208,764.2590716957427,28.890615235036485,10
1209,764.8791034075153,28.993484935901794,10
1210,765.4993574771703,29.09209092453711,10
1211,766.2090703840494,29.16757050468128,10
1212,767.0070950274105,29.252463174310662,10
1213,767.6265690731792,29.309183232592133,10
1214,768.2490396778851,29.327619773306804,10
1215,768.7815255527122,29.25163940665393,10
1216,769.6654971686947,29.251564092104957,10
1217,770.1965112405709,28.913301559702443,10
1218,770.99246053718,28.997732964139324,10
1219,771.5253275984903,28.72870227121757,10
1220,772.1453628377351,28.80922487484401,10
1221,772.8531698071636,28.835258610113662,10
1222,773.5611144283973,28.837084329541238,10
1223,774.3575719701919,28.854708354502954,10
1224,774.8888083936633,28.734606379118212,10
1225,775.420726015654,28.857925832035395,10
1226,776.0409306727664,28.926851152738312,10
1227,776.6608706187876,29.001430749469097,10
1228,777.3693128966872,29.16523959317884,10
1229,777.8134234983506,29.368112319739847,10
1230,778.345644660771,29.30647696766221,10
1231,778.9659816790097,29.262934348106768,10
1232,779.7614650758152,29.364966241172308,10
1233,780.4689190885065,29.384262095007205,10
1234,781.1777425528542,29.5515734216496,10
1235,781.9753542455595,29.653774617471733,10
1236,782.6837859329241,29.842312569016773,10
1237,783.3919634954502,29.66919674601306,10
1238,784.10096343754,29.692507788792167,10
1239,784.8095963154411,29.464616632754097,10
1240,785.6055985499661,29.54992352783179,10
1241,786.3129713831563,29.742585344947024,10
1242,786.756489027696,29.656683536293787,10
1243,787.3764466190528,29.8133244724001,10
1244,787.819651894987,29.75932254995034,10
1245,788.3520742370061,29.93152026453182,10
1246,788.9723177189488,29.801635509188106,10
1247,789.6793993705188,29.852994263949736,10
1248,790.3869733922148,29.71197570164101,10
1249,791.006353904098,30.03891207446923,10
1250,791.44878092768,29.985835317668005,10
1251,792.2447884574174,29.917375227913542,10
1252,792.8649507555858,30.00932749718798,10
1253,793.5730965523455,29.977938413560487,10
1254,794.1924011889512,29.987315522885694,10
1255,794.899902860522,30.073729040245013,10
1256,795.5208698881364,30.17264287789925,10
1257,796.4072592147586,30.171991671388188,10
1258,797.0268391520988,30.221076567978532,10
1259,797.6470120450488,30.09909691381964,10
1260,798.531241315505,30.099365745535508,10
1261,799.3281541664525,30.017804791823583,10
1262,800.2131775759339,30.016360413617768,10
1263,800.920889246348,30.078727919469483,10
1264,801.6290562235843,30.095908808858137,10
1265,802.1607426653334,29.87348199731051,10
1266,802.6040379540749,30.153465524401287,10
1267,802.9598121052617,30.286402166977638,10
1268,803.6683602694245,30.29626471941975,10
1269,804.1993690444863,30.24297359246355,10
1270,804.6420660756557,30.456034178566682,10
1271,805.1727907174045,30.516123157567645,10
1272,805.7037994846772,30.470068250043642,10
1273,806.4994999512236,30.553788040009945,10
1274,807.2955392507272,30.65180224366984,10
1275,808.0919650235888,30.75021531897752,10
1276,808.7118943770923,30.675930126968222,10
1277,809.4210143180768,30.618450185363947,10
1278,810.0405518920365,30.88150980612375,10
1279,810.5725930504555,30.5066090319393,10
1280,811.1044541926822,30.420344336568753,10
1281,811.7256806414424,30.733062419293365,10
1282,812.4344194036358,30.58499766553636,10
1283,812.9665346846067,30.38599374071949,10
1284,813.5873111202676,30.413659517931887,10
1285,814.3828174594154,30.503616938316167,10
1286,815.0031280034094,30.20404879400615,10
1287,815.5342797157215,30.327318490533557,10
1288,816.1544420218924,30.361871577722436,10
1289,816.9505713211436,30.28707701119054,10
1290,817.6593365551881,30.50861653584884,10
1291,818.1907212132471,30.32524483593837,10
1292,818.9872387563311,30.264799140985836,10
1293,819.6078669578321,30.293604756659995,10
1294,820.3164786501454,30.147515830768835,10
1295,820.9369374277306,30.09040078568207,10
1296,821.6440596690633,30.276709624288774,10
1297,822.2641107924317,30.53879801437036,10
1298,823.0606953956574,30.63363818113945,10
1299,823.6796047217331,30.900325325942553,10
1300,824.3868928545935,31.01021018602217,10
1301,824.8304210758746,31.167725921316592,10
1302,825.1854787294794,31.04163805653392,10
1303,825.9818145018905,31.180917895794916,10
1304,826.6887426169463,31.211576842343,10
1305,827.2198678581988,31.28243841196982,10
1306,827.8394019049535,31.162575447786338,10
1307,828.369907718982,31.12959874518089,10
1308,828.9014617934909,31.33192676757882,10
1309,829.4326240965462,31.091832306500326,10
1310,830.1407169489287,31.228321847624155,10
1311,830.672811048682,31.25587878765796,10
1312,831.1152239525042,31.166861618159594,10
1313,831.9984967247883,31.1666290208589,10
1314,832.4420673114703,31.441866154098594,10
1315,833.1499836993946,31.404710550501495,10
1316,833.8570618241644,31.484503908047593,10
1317,834.4776264903112,31.405098386049385,10
1318,835.0096782333774,31.39463466164231,10
1319,835.6293163984062,31.565330843540387,10
1320,836.4257739437747,31.70682746819419,10
1321,836.9570774338996,31.71338320810969,10
1322,837.6641502607251,31.7768665217245,10
1323,838.2850502339585,32.08645948917907,10
1324,838.9056254922145,32.20716157805878,10
1325,839.4377513347406,32.19790761299655,10
1326,840.1455265372635,32.069895579329156,10
1327,840.8531270270935,32.06189707085791,10
1328,841.5611457641268,32.05015105667758,10
1329,842.2688362569077,31.996618344660977,10
1330,842.8887814966325,32.10176148233514,10
1331,843.4201467456726,31.933890034493405,10
1332,843.9529502705151,32.14249531506681,10
1333,844.4840596271009,32.12009293748952,10
1334,845.2799983344036,32.20942238800761,10
1335,845.7241512829996,32.435027477018394,10
1336,846.4315841175248,32.40296007864678,10
1337,846.9629476059872,32.403829065572836,10
1338,847.4956522983563,32.29687609659028,10
1339,848.2034063259728,32.170535985356935,10
1340,848.8242145300719,32.06291425929427,10
1341,849.6206032447284,32.20789093977285,10
1342,850.1530679422701,32.26733770879552,10
1343,850.6846643908488,32.19216803575971,10
1344,851.3929160785934,32.074664154687795,10
1345,852.1016548383323,32.038285432067845,10
1346,852.8982923801341,31.99041109628825,10
1347,853.6931722327466,31.904910889835794,10
1348,854.3125192167797,31.909635037388245,10
1349,855.0201779505736,31.673859119997612,10
1350,855.4636320567739,31.605204652947393,10
1351,856.0831696420807,31.30888788079736,10
1352,856.7031201732731,31.311984862347636,10
1353,857.3234307180677,31.223573531272297,10
1354,857.8553977562758,31.04443573948194,10
1355,858.6519188320851,30.99412833396495,10
1356,859.0074635550252,30.992820946452483,10
1357,859.8026469444816,30.94544379603643,10
1358,860.2470646124266,30.83507410367637,10
1359,860.7796881306255,30.739863437040263,10
1360,861.1360799416027,30.811259816085535,10
1361,861.843346897373,30.623413430896097,10
1362,862.4625456400738,30.643115748401026,10
1363,862.994766802494,30.47586632059259,10
1364,863.6154585301123,30.639976294293067,10
1365,864.2359384918207,30.64467461523822,10
1366,864.8558572597533,30.579006065978714,10
1367,865.5639077685639,30.362216877230765,10
1368,866.185704230004,30.155961209015604,10
1369,866.629693065867,30.307488310407187,10
1370,867.3374259165728,30.49062776961547,10
1371,867.8708118191387,30.42049864443804,10
1372,868.2257000679019,30.397887950451977,10
1373,868.7585830167816,30.200678986634603,10
1374,869.4672370642605,30.21232735692457,10
1375,870.088405278656,30.145686766764285,10
1376,870.4439182456156,29.935356874066876,10
1377,871.0641017303536,30.10914386976377,10
1378,871.7714763287335,30.175611788822536,10
1379,872.3910668470875,30.186869366347665,10
1380,873.0106944294524,30.342060219773156,10
1381,873.6309043725227,30.443976281659026,10
1382,874.3390607633224,30.2952788032045,10
1383,874.8707419056993,30.42016061405601,10
1384,875.6676071027498,30.34455068513925,10
1385,876.4637999356082,30.498234219890282,10
1386,877.2594315768054,30.453237554433226,10
1387,877.9673973705533,30.44808112830445,10
1388,878.6764696648258,30.675538089122792,10
1389,879.3841601572674,30.78402802581417,10
1390,880.1813059562525,30.73980879202407,10
1391,880.8882234868406,30.597781759507857,10
1392,881.6837068823937,30.497702769112877,10
1393,882.3037315378584,30.64081950615061,10
1394,882.9234808894747,30.676556898787958,10
1395,883.5429443455412,30.770001980999954,10
1396,884.2500277676603,30.584831217870814,10
1397,884.869826536294,30.681625231854934,10
1398,885.6649816912661,30.60744244981163,10
1399,886.3724604138733,30.469363861203494,10
1400,887.0791979366006,30.593966883635886,10
1401,887.7864913673399,30.520411400123262,10
1402,888.5833724524767,30.55902633355275,10
1403,889.1166736487961,30.605251738740982,10
1404,889.8251300480248,30.55368520236704,10
1405,890.4454511649868,30.705286972535138,10
1406,891.0662487756383,30.794221091270924,10
1407,891.7738386741981,31.022133070164514,10
1408,892.3054668771307,31.129583810681236,10
1409,893.102845622359,31.289294007625422,10
1410,893.7234261724163,31.304488619588998,10
1411,894.345663829384,31.028086076866483,10
1412,895.0562767575251,30.914209148261442,10
1413,895.5879808476944,30.752607257981154,10
1414,896.1208267358707,31.01641415540202,10
1415,896.6521284684134,31.048841395685045,10
1416,897.3618837288299,31.086185910950352,10
1417,898.0703683663262,30.912179501894986,10
1418,898.7774094325052,30.861759873493792,10
1419,899.3976564414658,31.01678256097853,10
1420,900.1930392415559,31.106727038049858,10
1421,900.9025086089172,31.105816080893142,10
1422,901.4348885997599,31.46041958662888,10
1423,902.0554320788581,31.38919939758678,10
1424,902.4989920632925,31.300536617359253,10
1425,903.1200014552829,31.19908480549183,10
1426,903.6518732004217,31.011984006716048,10
1427,904.0950308309726,30.818598281984016,10
1428,904.5393320299676,30.735728291053043,10
1429,905.2493625890817,30.80650974708874,10
1430,905.6933884907154,30.640726329774296,10
1431,906.4015766496841,30.523505517435726,10
1432,907.0220354265341,30.284710618627457,10
1433,907.6423777268279,30.116182372380923,10
1434,908.2622611985386,30.224412792356873,10
1435,908.9716564485337,30.152839612303445,10
1436,909.5923234739046,30.379561533289685,10
1437,910.2997827827907,30.481855802225724,10
1438,911.0970768173842,30.51746615330449,10
1439,911.7166849832653,30.574406826109858,10
1440,912.336321386511,30.653355813614255,10
1441,913.1333348290625,30.691989102557223,10
1442,913.8404853145506,30.804436185118544,10
1443,914.7250957709741,30.80283343348984,10
1444,915.4323362498068,30.789442200122533,10
1445,916.0522550210856,30.481527102653867,10
1446,916.6725338037762,30.60984174423458,10
1447,917.4683666266425,30.652811359865147,10
1448,918.000307190637,30.698057080683974,10
1449,918.7074735547758,30.6787859256067,10
1450,919.3270058383712,30.834743135824652,10
1451,919.94715755713,30.801089072896662,10
1452,920.302014035844,30.981313649007063,10
1453,921.0990133561181,30.8487674778267,10
1454,921.6303821345824,30.810464600611066,10
1455,922.338173215647,30.777647264345642,10
1456,922.8699178772667,30.80145067920824,10
1457,923.2259179132519,30.883667920818137,10
1458,923.9336031142038,30.80766245975031,10
1459,924.8178959133968,30.806077854086432,10
1460,925.5262905464202,30.777363061462548,10
1461,926.1456057731466,30.60465530416051,10
1462,926.678610481686,30.508313724925063,10
1463,927.2096827806096,30.59487057952601,10
1464,927.5658116522276,30.662773947127828,10
1465,928.2760433975693,30.632509326196985,10
1466,928.8074704227951,30.539796442898655,10
1467,929.5157679977046,30.657186863816474,10
1468,930.3119290597039,30.52502155972091,10
1469,931.1948982969236,30.5248789505947,10
1470,931.550453615753,30.377930725161576,10
1471,932.1691705809526,30.27572807630925,10
1472,932.7007246559782,30.445233394890757,10
1473,933.4975457313851,30.351633622609985,10
1474,934.2071950989063,30.128616105960962,10
1475,934.7392856594357,30.067359097294798,10
1476,935.1831421331041,29.83350382811103,10
1477,935.714632681804,29.765549122852907,10
1478,936.2482621084348,29.75404946874623,10
1479,937.1317607698786,29.753377317469674,10
1480,937.7515048268494,29.93534690041935,10
1481,938.547184110747,29.85199177007345,10
1482,939.0788970190997,30.233824864476627,10
1483,939.7876110698228,30.204697883473244,10
1484,940.2311498819117,30.276726897162334,10
1485,940.9403651196538,30.28057724876483,10
1486,941.649474478183,30.109355537997583,10
1487,942.445688486152,30.175153852177967,10
1488,942.8005343680358,30.205545946559482,10
1489,943.3322155164147,30.425372798660767,10
1490,943.9515572163898,30.55536174593494,10
1491,944.4835348397646,30.761501070449608,10
1492,945.0154383507506,30.61119579580273,10
1493,945.7235523866899,30.745931965939654,10
1494,946.1680124148313,30.913747159445805,10
1495,946.8751964213261,30.919284101237917,10
1496,947.407232285798,31.0691273799227,10
1497,948.1156533940078,31.040997044955155,10
1498,948.4718863827871,30.97749367739612,10
1499,948.827007574991,31.112644612436796,10
1500,949.5344068845791,31.180150377584958,10
1501,950.3307744251331,31.257128407231974,10
1502,950.9502167095267,31.536931685600987,10
1503,951.3940414237901,31.718950879017516,10
1504,951.8376755348017,31.913360984610172,10
1505,952.5465095959702,31.78832557748412,10
1506,953.1669736675163,31.95815381222761,10
1507,953.87460592065,31.830479436255015,10
1508,954.4056835156287,31.851226413555008,10
1509,955.2019522267577,31.92159181012671,10
1510,955.9983197673118,31.852306093707828,10
1511,956.7939849337321,31.81926188651237,10
1512,957.5913848564018,31.728253852106963,10
1513,958.300017732103,31.56653766290174,10
1514,959.0088411913581,31.406548952135495,10
1515,959.7179081987113,31.556387085796153,10
1516,960.5144822146447,31.637519795455606,10
1517,961.3124009707568,31.8020235698565,10
1518,962.1092820519901,31.884636834697947,10
1519,962.816887833342,32.13360600252958,10
1520,963.2606172435104,32.080736637874146,10
1521,963.792870164436,32.33834055526894,10
1522,964.5015877466421,32.11204611635918,10
1523,965.2978599839955,32.07878598800629,10
1524,966.0938304460282,32.12477388300853,10
1525,966.8018386013224,32.049359354128555,10
1526,967.3342080037379,32.05720426768677,10
1527,967.7783291952928,32.21430740840858,10
1528,968.3988303397664,32.09121300184134,10
1529,968.8418961985001,31.873704366467948,10
1530,969.5505325968428,32.098028596466925,10
1531,970.0832196499584,31.848418580716142,10
1532,970.5287385264634,31.546257549193623,10
1533,971.1485672907122,31.74518934856602,10
1534,971.8583384272,31.902266508995428,10
1535,972.477909538508,31.948370088783552,10
1536,973.0093153897724,31.902318680645205,10
1537,973.5412400749658,32.0433976637319,10
1538,974.3381952724789,32.01261044100224,10
1539,975.1342292772646,31.984630995914923,10
1540,975.9312638976478,32.151403217624896,10
1541,976.3748556653458,31.981664408127262,10
1542,976.7298074497596,32.08028148681133,10
1543,977.3496944428589,31.770929902458455,10
1544,977.8811849931013,31.846867172975156,10
1545,978.5903049405672,31.873893480265906,10
1546,979.0340449492985,32.01217704802486,10
1547,979.6552555165332,32.17160017454023,10
1548,980.2767625699814,32.31241188562757,10
1549,981.0728353957945,32.4835863168226,10
1550,981.781007661302,32.48740742146351,10
1551,982.5768775369816,32.40028559682987,10
1552,983.0194633834055,32.4121893078876,10
1553,983.6393450798229,32.63331101078754,10
1554,984.4357602666093,32.71856691738149,10
1555,984.8788014294817,32.84357273478335,10
1556,985.4996837519706,32.97708753197487,10
1557,986.2088884075553,32.81928480098598,10
1558,986.8291142346418,32.66101792707116,10
1559,987.5376941660448,32.650029722943955,10
1560,988.4232258228382,32.64993977582964,10
1561,989.1314033884548,32.476873838433406,10
1562,989.8394750708834,32.45993872506406,10
1563,990.547338512962,32.43280193852688,10
1564,991.1685278960762,32.178342886632045,10
1565,991.7020514399459,32.32235592662628,10
1566,992.498445448399,32.24656157753853,10
1567,992.9423442765461,32.510946774713354,10
1568,993.5629777680604,32.20771651184777,10
1569,994.2717006384457,32.10847886309463,10
1570,994.7159382976972,32.39445711270356,10
1571,995.4252911805555,32.34019153368025,10
1572,995.8691317778708,32.22104052230795,10
1573,996.666086982748,32.28406552506364,10
1574,997.3745610287029,32.2608961422816,10
1575,998.082770355116,32.05018022462732,10
1576,998.7034514935433,32.270630590842636,10
1577,999.32403734192,32.276629293323296,10
1578,1000.0321090260701,32.16001305613786,10
1579,1000.565092560236,32.14298614412646,10
1580,1001.0113208572697,32.27950480945454,10
1581,1001.5435684869699,32.45736168667481,10
1582,1001.8991555675439,32.111535380300545,10
1583,1002.6070260683618,32.22393731946891,10
1584,1003.3154189331923,32.215932996988116,10
1585,1003.846623587489,31.994341773536455,10
1586,1004.3788659344493,32.34521652249811,10
1587,1005.1759799581644,32.410577046919784,10
1588,1005.8836704504654,32.38946292413847,10
1589,1006.5918321359504,32.164112886312836,10
1590,1007.3882367303524,32.198555491302564,10
1591,1008.0960331045364,32.2329967369722,10
1592,1008.8037977146569,32.46937559869867,10
1593,1009.4249129774877,32.75458588815679,10
1594,1010.0443181983522,32.5956231788461,10
1595,1010.5770476131933,32.775848658099605,10
1596,1011.2852992968346,32.76968206332656,10
1597,1011.9929968508043,32.67434408455736,10
1598,1012.524704466912,32.56913898921648,10
1599,1013.1451314762473,32.38990843562395,10
1600,1013.6763520198568,32.372145528297125,10
1601,1014.384123693663,32.35889839871341,10
1602,1015.0922694916068,32.57285406709194,10
1603,1015.6242047711439,32.58881719093156,10
1604,1016.3317576165143,32.42203322294249,10
1605,1016.9513057866549,32.326884357824255,10
1606,1017.4826692723794,32.210101484523236,10
1607,1018.1030009985616,32.232542175630634,10
1608,1018.8103350126797,32.11386056468295,10
1609,1019.517711382445,32.35319538232198,10
1610,1020.0496784156672,32.40294842974696,10
1611,1020.6692054147937,32.43997376844549,10
1612,1021.465292361108,32.50746416525255,10
1613,1021.9972135082819,32.39702655085498,10
1614,1022.7064181611937,32.489436039462475,10
1615,1023.4139074801005,32.627923791286214,10
1616,1024.0332015131962,32.70152062602301,10
1617,1024.7413261415982,32.844067589579126,10
1618,1025.007867359252,32.95745634669204,10
1619,1025.4508485148667,33.071403781170964,10
1620,1025.9818625860655,32.73185741384667,10
1621,1026.601294276506,32.58811953764203,10
1622,1027.132419524285,32.52702449048369,10
1623,1027.6641006640746,32.20197584698614,10
1624,1028.3724582327836,32.04495406169494,10
1625,1028.9934093807476,31.988595967647793,10
1626,1029.6146834752683,31.803012645907973,10
1627,1030.236148173571,32.10267939145224,10
1628,1030.8554051529113,31.95789749112948,10
1629,1031.4757386391273,32.04441428340637,10
1630,1032.0955462207248,32.04639776316308,10
1631,1032.6281538623894,32.080132680325924,10
1632,1033.425410836628,32.14524753266771,10
1633,1034.0454407904913,32.10728943579419,10
1634,1034.5777254823402,32.12421731935579,10
1635,1035.3740330180804,32.177861086128694,10
1636,1036.083544731528,32.168621620719506,10
1637,1036.7917540632884,32.104903688890026,10
1638,1037.5016575558916,32.04814519361279,10
1639,1038.0330475156854,31.887974331955153,10
1640,1038.4766286835154,31.785239879774164,10
1641,1039.097045103028,31.764859783650042,10
1642,1039.8062709310702,31.86368157049072,10
1643,1040.3375232424464,31.72854757545129,10
1644,1040.9571561135695,31.924585075568395,10
1645,1041.4008590613466,31.808927815625974,10
1646,1042.1092872201093,31.956080691987527,10
1647,1042.7299471844162,32.18302618201691,10
1648,1043.3503424346563,32.414916539629225,10
1649,1043.8824100537133,32.51366492734329,10
1650,1044.5014235010785,32.462611144829644,10
1651,1045.2968327783806,32.45316397764516,10
1652,1045.9157068069526,32.6253957729307,10
1653,1046.6239479021863,32.62848061362343,10
1654,1047.331807817899,32.84346783562549,10
1655,1047.863351311439,32.620730912995995,10
1656,1048.3954718765121,32.56010421122583,10
1657,1049.1037235652864,32.537429139166555,10
1658,1049.7229223219188,32.823123613611244,10
1659,1050.1661646600035,32.934153690682,10
1660,1050.697369314013,32.978751351307196,10
1661,1051.2289286983348,32.876284055968014,10
1662,1051.84878393989,32.89122933646802,10
1663,1052.4687344721272,32.58324224453107,10
1664,1053.1766155630655,32.483271499571515,10
1665,1053.7080655272425,32.516998432510725,10
1666,1054.3279101754863,32.686472230627615,10
1667,1055.0357171460091,32.6019886441575,10
1668,1055.655238845221,32.44120332913307,10
1669,1056.4518658065685,32.43070682352775,10
1670,1056.807458182469,32.823910876303636,10
1671,1057.427768723961,32.958213593239456,10
1672,1058.0488734017695,33.070835350894605,10
1673,1058.5801627709334,33.17614225807276,10
1674,1059.2002721337283,33.35139369613416,10
1675,1059.9081426377888,33.38821236895,10
1676,1060.6161825508657,33.38320496053086,10
1677,1061.1475513355085,33.29355139651373,10
1678,1061.8558347879048,33.146806495737735,10
1679,1062.2983623959333,33.02544671375685,10
1680,1063.0944228715332,33.06938344147166,10
1681,1063.714182812179,33.04687672782707,10
1682,1064.334016876023,33.205771369094215,10
1683,1065.2185532119536,33.206011472340215,10
1684,1065.751187327284,33.16904706291018,10
1685,1066.3724508423086,33.31911859172931,10
1686,1067.0800248647688,33.20508520815984,10
1687,1067.4350295890176,33.05243421166704,10
1688,1068.2308024118222,33.22932672349417,10
1689,1068.76216061136,33.23310137337557,10
1690,1069.2061723890847,33.38388433294023,10
1691,1070.0023228636546,33.30624855817323,10
1692,1070.533405757897,33.173373919889514,10
1693,1071.3296303545642,33.06981657906135,10
1694,1071.861629155988,32.937401853594125,10
1695,1072.3043579515154,33.02498314925832,10
1696,1072.925907352037,33.01232034342836,10
1697,1073.4577049711124,32.90437815280825,10
1698,1074.1660307759707,33.01625267123285,10
1699,1074.6982413466167,33.06713162840409,10
1700,1075.229230707388,32.95391734692816,10
1701,1075.9368841348034,32.745925227097324,10
1702,1076.556448191705,33.05933670882961,10
1703,1077.3522174801487,33.24243583905956,10
1704,1078.1478438214726,33.310723746445554,10
1705,1079.0324225119762,33.31105012261408,10
1706,1079.7405965465496,33.28325844755216,10
1707,1080.449165891122,33.343683036756836,10
1708,1081.0685128788684,33.261657280987194,10
1709,1081.7766480903135,33.366787966039695,10
1710,1082.3097869174248,33.157265916869584,10
1711,1083.0172391693839,33.14589722850538,10
1712,1083.5486079581299,33.216387278980946,10
1713,1083.9036391505954,32.89267520250877,10
1714,1084.5238720491707,32.9617828139106,10
1715,1085.2328225761944,33.04346400666042,10
1716,1085.67716612919,33.14186810712808,10
1717,1086.2964019459364,33.26201590029728,10
1718,1086.8277972069234,33.36380939081673,10
1719,1087.5371924503856,33.38948117167149,10
1720,1088.157111217849,33.70894806311863,10
1721,1088.7772735208293,33.65609149337893,10
1722,1089.3088699653047,33.62039723368301,10
1723,1089.9279945923522,33.39482228653525,10
1724,1090.547685703163,33.48566542721144,10
1725,1091.2556303243969,33.27723471142777,10
1726,1092.0514313821755,33.27041710227881,10
1727,1092.7595030653877,33.06576004575253,10
1728,1093.3791147699264,32.8927628112864,10
1729,1094.0865776070068,32.72828637825334,10
1730,1094.5297881806773,32.679714773374904,10
1731,1095.3252151058969,32.60205881973885,10
1732,1096.0333679644148,32.66428663596972,10
1733,1096.9170466314863,32.664840236926835,10
1734,1097.6258559848775,32.731576128378414,10
1735,1098.2459971072224,32.73800441547402,10
1736,1098.8656193956444,32.78207576897496,10
1737,1099.4858769983334,32.888697093928286,10
1738,1099.929638174675,32.57158975246812,10
1739,1100.6381863388378,32.67635785897962,10
1740,1101.17071456227,32.70042037017559,10
1741,1101.7901109596437,32.56229465319209,10
1742,1102.5864414384996,32.635776323849534,10
1743,1103.1171696167607,32.960091795994025,10
1744,1103.9144742421552,33.14211837320461,10
1745,1104.5339959401163,33.10206094778025,10
1746,1105.329698170698,33.16520192690211,10
1747,1106.0386592891787,33.02084616608242,10
1748,1106.659213371534,33.01380293444607,10
1749,1107.2790580235912,32.979924257463594,10
1750,1107.8110709360667,32.874006410690114,10
1751,1108.2550438771482,32.527087652488476,10
1752,1108.963623808718,32.70755521568269,10
1753,1109.4956649634273,32.91687057604472,10
1754,1110.1149166494913,32.590877509889154,10
1755,1110.5578730931652,32.46430593634992,10
1756,1111.088299498302,32.38546437249592,10
1757,1111.6193876897694,32.244558675156725,10
1758,1112.2399841200613,32.14682727037806,10
1759,1113.0370557972956,32.00278754239178,10
1760,1113.6560427698896,32.08934262965056,10
1761,1114.2754638747494,32.0592545745521,10
1762,1114.89526616205,31.994214476857618,10
1763,1115.339479125824,32.24073505325696,10
1764,1116.0475296355712,32.20594502560336,10
1765,1116.57916842435,32.2861785264122,10
1766,1117.3763248097027,32.22222913874494,10
1767,1117.9960106341637,32.480377926015535,10
1768,1118.7916634518801,32.41843689417789,10
1769,1119.4112751527334,32.68028501780438,10
1770,1120.2076162167914,32.75299183170384,10
1771,1120.7394420729047,32.65030354960197,10
1772,1121.182822064788,32.70774343353286,10
1773,1121.9796502072563,32.561262080309135,10
1774,1122.6884736759348,32.45138217211991,10
1775,1123.2208536693147,32.37163292413131,10
1776,1123.8417995205043,32.33439951266186,10
1777,1124.3741159757303,32.351631838864265,10
1778,1125.1713888353302,32.20530091382395,10
1779,1125.880185832242,32.157479792980986,10
1780,1126.4110993133124,31.77310980675259,10
1781,1127.120431033265,31.802373073979194,10
1782,1127.8289580135906,31.74233602448666,10
1783,1128.4491520764789,31.60920794222816,10
1784,1128.9805791018239,31.538028549801094,10
1785,1129.6011437742893,31.68291411238354,10
1786,1130.043951975978,31.84489797154372,10
1787,1130.7508695106692,31.786061430596362,10
1788,1131.3699411948335,31.79228173380371,10
1789,1132.077716402428,32.008361566964695,10
1790,1132.609964034877,31.915826528709943,10
1791,1133.1415393051223,31.744118458923097,10
1792,1133.673887528129,31.5140328531837,10
1793,1134.1173998670831,31.541989208318675,10
1794,1134.6487845404067,31.609641122504204,10
1795,1135.3573962292116,31.578222903119993,10
1796,1136.0646737682655,31.776634775881345,10
1797,1136.5959101964327,31.85466380865897,10
1798,1137.216178385183,31.757965698798593,10
1799,1137.835500656531,31.784237417103643,10
1800,1138.6325035098826,31.636024089733652,10
1801,1139.3395110407894,31.747172919490165,10
1802,1139.9590592056963,31.84623281082537,10
1803,1140.667829733508,32.05437064196288,10
1804,1141.4637384353553,31.985955131135274,10
1805,1142.171707758214,32.24012564907144,10
1806,1142.7919441848012,32.37792568764484,10
1807,1143.4992446668734,32.436500575044626,10
1808,1144.1187469584222,32.38752130412975,10
1809,1144.6502692740778,32.72790337039618,10
1810,1145.4457367919817,32.65991827552575,10
1811,1146.1536920037336,32.52920750737645,10
1812,1146.6849390195205,32.40475408209735,10
1813,1147.3930318826267,32.616359941720376,10
1814,1148.1028612535192,32.536837346329364,10
1815,1148.8103664525986,32.37583716542541,10
1816,1149.6067710525226,32.43620053684245,10
1817,1150.2263827533761,32.34572803937778,10
1818,1150.670366284781,32.59514744591652,10
1819,1151.3778238277196,32.720000753010616,10
1820,1151.9982508456926,32.74470855723727,10
1821,1152.3548650168846,32.93250516948198,10
1822,1153.0622378500861,32.929255903792566,10
1823,1153.7697748064882,33.14143069487756,10
1824,1154.5661794104985,33.1618237229816,10
1825,1155.2743728589116,33.077048568762365,10
1826,1155.8941098560156,32.89247786223479,10
1827,1156.60234036765,32.76633936843914,10
1828,1157.1333173767978,32.72906107213737,10
1829,1157.6647549930883,32.930745511472374,10
1830,1158.196007310768,32.807760346674016,10
1831,1158.905058424844,32.777234934582765,10
1832,1159.7885041444574,32.777664521183155,10
1833,1160.5839557782379,32.80080505021084,10
1834,1161.1161875258388,32.906456004458406,10
1835,1161.9126556601439,32.931029087022075,10
1836,1162.7967296326115,32.931368731023085,10
1837,1163.4175272501725,32.94129294866413,10
1838,1163.7739402470804,33.10274560741762,10
1839,1164.306944948435,33.00260280704822,10
1840,1165.0147466202627,33.21972819547948,10
1841,1165.722876531357,33.267220454591566,10
1842,1166.608005827142,33.26738553934656,10
1843,1167.0505969678907,33.60844226781593,10
1844,1167.8470227444145,33.46582199807331,10
1845,1168.5545226484269,33.3789066456624,10
1846,1169.352441405626,33.26713187118596,10
1847,1170.1484648227095,33.46183658071806,10
1848,1170.9458859197443,33.658174258211716,10
1849,1171.5650476014148,33.69323104417356,10
1850,1172.184198705489,33.534851886270374,10
1851,1172.980952726798,33.39119473684505,10
1852,1173.6009667821882,33.19511504506428,10
1853,1174.13337852933,33.27004961654983,10
1854,1174.841534919478,33.39746697791393,10
1855,1175.3748643435706,33.70864979098208,10
1856,1175.9072390385186,33.79144946008674,10
1857,1176.4385707589436,33.90860019070665,10
1858,1176.9704001495134,33.66743744830327,10
1859,1177.5902500916059,33.57539814358375,10
1860,1178.2985653126339,33.665709863905974,10
1861,1178.830659412116,33.8091767305463,10
1862,1179.4505993519488,33.847211505327834,10
1863,1179.9823546182408,33.99980081965289,10
1864,1180.6911674967778,34.061584272058454,10
1865,1181.3107897857167,34.15535025612533,10
1866,1182.0193591290372,34.384171791049894,10
1867,1182.3736755906505,34.39823655805973,10
1868,1182.7288179560837,34.260667645389354,10
1869,1183.3486943743478,34.11290041775278,10
1870,1183.8809049442848,34.23135425174127,10
1871,1184.5017396187072,34.34979892250079,10
1872,1184.945469025848,34.18963312349817,10
1873,1185.653847774408,34.117756991963006,10
1874,1186.274899514978,34.24207830111483,10
1875,1186.7186818764337,34.420129423845765,10
1876,1187.3377853279646,34.445806796632894,10
1877,1187.7809959011536,34.544451083048266,10
1878,1188.135979439037,34.255296382254315,10
1879,1188.7561523345637,34.234243746269414,10
1880,1189.4641498946019,34.172429837616804,10
1881,1190.0834492360739,34.156766882691514,10
1882,1190.7911432613548,34.164712877247155,10
1883,1191.3225596943043,33.98052334752699,10
1884,1191.8537325874806,33.98817922699845,10
1885,1192.3845031155272,33.90340598181959,10
1886,1193.0038606941948,33.940053036235284,10
1887,1193.4469653793017,33.67627658592129,10
1888,1194.242420545474,33.56067205313258,10
1889,1194.861799302496,33.50572574992611,10
1890,1195.5704745271898,33.47546995676596,10
1891,1196.2798274233778,33.693545220157105,10
1892,1196.7238427389939,33.69194881146508,10
1893,1197.254232080497,33.611973255990584,10
1894,1197.7846743641426,33.46193545299167,10
1895,1198.4054296320091,33.55729760530519,10
1896,1199.1128165879288,33.52521462678133,10
1897,1199.645365998531,33.24884464177104,10
1898,1200.2651841748986,33.33085880145482,10
1899,1200.7092718284787,33.28458218640172,10
1900,1201.4180582361635,33.19573129706348,10
1901,1201.9497499664567,33.088300537205086,10
1902,1202.4811452179422,32.992201025089344,10
1903,1203.2766550888955,32.856497652385116,10
1904,1203.8963691411393,32.86267247008148,10
1905,1204.6047478903206,32.83784597996242,10
1906,1205.4025148816186,32.886211504468776,10
1907,1206.286945333845,32.885771388545365,10
1908,1206.9957899765618,33.013999978150075,10
1909,1207.70426402662,33.05136042705343,10
1910,1207.971624082433,33.11266056750687,10
1911,1208.4147075995936,33.01057953048794,10
1912,1208.8591464446151,33.18544713776186,10
1913,1209.4790263896655,32.96452881828441,10
1914,1210.1875639640093,33.20494300311111,10
1915,1210.720229848789,33.06226759392222,10
1916,1211.5176827121495,33.08652919788154,10
1917,1212.2252726165982,33.06439904684969,10
1918,1212.9332807681042,33.14156906807671,10
1919,1213.5525218727355,33.11209595195679,10
1920,1214.171614730579,32.93089039208069,10
1921,1214.879125213592,32.88043150756331,10
1922,1215.6749421500367,32.81392127120908,10
1923,1216.382892058877,32.87000643381426,10
1924,1216.7387720965319,32.83852758661106,10
1925,1217.446903785113,32.589650118697506,10
1926,1218.3304448015083,32.58933415514401,10
1927,1219.0383258932475,32.54929411976283,10
1928,1219.6586011401948,32.40683695994184,10
1929,1220.2793246291778,32.38059532962162,10
1930,1220.7238269994118,32.183820516017,10
1931,1221.2558469798566,32.226663564470954,10
1932,1221.8758928121529,32.329447765920776,10
1933,1222.4956156857338,32.3624827285365,10
1934,1223.2936985695703,32.25416858688484,10
1935,1223.9137655825175,32.02208897799855,10
1936,1224.445452020549,32.03329770211226,10
1937,1224.7122614701602,32.13008798985285,10
1938,1225.507797812002,32.025477807001344,10
1939,1226.1286801401,32.182712948563385,10
1940,1226.748106540772,32.27122125816517,10
1941,1227.456299988335,32.27026605969441,10
1942,1228.3411857471056,32.26956413352211,10
1943,1229.1373997555602,32.204900785363535,10
1944,1229.7594044592702,32.34809616287218,10
1945,1230.5559149428286,32.20876521920665,10
1946,1231.1752036898254,32.22022359440698,10
1947,1231.7945930272706,32.08527301119114,10
1948,1232.5016588008507,31.883152849293317,10
1949,1233.2096775324983,31.798735794996254,10
1950,1234.0949868310704,31.799857212599367,10
1951,1234.8916879071855,31.73543584492923,10
1952,1235.4235702320848,31.638098741538045,10
1953,1236.2203242551384,31.690610130183128,10
1954,1237.0162100179282,31.578271391376365,10
1955,1237.547965286723,31.71414156901022,10
1956,1238.079487603897,31.619579082000545,10
1957,1238.7001405127671,31.56131648814218,10
1958,1239.3203451743293,31.85361024845793,10
1959,1240.2051779894177,31.853844414013555,10
1960,1241.0023131969472,31.925733730580607,10
1961,1241.6221472552993,31.686902860762693,10
1962,1242.2425072101087,31.606109902873783,10
1963,1242.8618912539403,31.549671481854737,10
1964,1243.4822547452964,31.81873723041725,10
1965,1243.9243588134448,31.65235846368306,10
1966,1244.5436634464857,31.482350568839543,10
1967,1244.9860798760405,31.633894096516407,10
1968,1245.6932091789297,31.855162360739616,10
1969,1246.4009208465654,31.767821556506544,10
1970,1246.7577150270977,31.661586723785234,10
1971,1247.4664643744268,31.74242517046756,10
1972,1248.0863901951566,31.62453825017975,10
1973,1248.7947371752514,31.683792507493983,10
1974,1249.5910570654262,31.68940518515326,10
1975,1250.2995840507106,31.652184874336616,10
1976,1251.0960415927004,31.67433096876265,10
1977,1251.8045791700197,31.48434560823489,10
1978,1252.336122666705,31.421284258632433,10
1979,1252.9557114280142,31.280910044735226,10
1980,1253.5753972474772,31.287317588640807,10
1981,1254.283945414943,31.348914647005234,10
1982,1254.9917788526882,31.425209947284134,10
1983,1255.7889617076532,31.49536603406664,10
1984,1256.4991299177723,31.710984696268216,10
1985,1257.1197545909426,32.0318248730642,10
1986,1257.8276092049623,32.2304137735024,10
1987,1258.4474167893477,32.24096405410605,10
1988,1259.0677167345766,32.25609588215549,10
1989,1259.510630832868,32.39375211164484,10
1990,1260.305791277498,32.41536258242804,10
1991,1260.7508971957438,32.72850056669185,10
1992,1261.2827530446327,32.57218840514449,10
1993,1261.901766487725,32.73124172452395,10
1994,1262.4345435446703,32.74720026140574,10
1995,1263.0540387681503,32.92877502235712,10
1996,1263.5858999213553,33.056784323640606,10
1997,1264.293923949774,33.05976164330929,10
1998,1265.001566793102,33.02896026056445,10
1999,1265.532824400369,33.117926457667394,10
2000,1266.1511178254293,33.0809901073432,10
2001,1266.7703959865025,33.28506979506829,10
2002,1267.3902512141676,33.41333129690168,10
2003,1268.0099582041414,33.56296183083556,10
2004,1268.7185381389734,33.65240790247402,10
2005,1269.6025662269853,33.65242384109253,10
2006,1270.3108602681145,33.67087725634553,10
2007,1270.9307790370458,33.63637167401751,10
2008,1271.3742913815981,33.57873849458778,10
2009,1271.9941783880158,33.80056889610934,10
2010,1272.7895453128385,34.00284714323051,10
2011,1273.3211735151206,33.895156672589486,10
2012,1274.028927541191,33.99484081060231,10
2013,1274.5602910243695,34.20702422551088,10
2014,1275.0026227379096,34.30098607462601,10
2015,1275.5338379840684,34.44931162036612,10
2016,1276.3299990498952,34.650573893650886,10
2017,1277.0377848456426,34.70152714864661,10
2018,1277.392519554715,34.61038851469369,10
2019,1278.0125812671342,34.418291301524974,10
2020,1278.6334000572824,34.395858693136056,10
2021,1279.0771188841939,34.282563888276705,10
2022,1279.8731899454106,34.22559482982877,10
2023,1280.5808486781102,34.26202130536973,10
2024,1281.200714489463,33.961346202475625,10
2025,1281.5574768959207,33.90119528910903,10
2026,1281.9140875424123,33.835543409718724,10
2027,1282.4455163314385,33.93120052224763,10
2028,1283.0649339058698,33.63948672438916,10
2029,1283.5972785938536,33.352265359506305,10
2030,1284.1292879753369,33.145144185666574,10
2031,1284.6619503229026,33.069920740847394,10
2032,1285.1940514728215,33.298463304558474,10
2033,1285.9035490771985,33.27022904077204,10
2034,1286.524999657784,33.28682073215013,10
2035,1286.969325566699,33.30800277595537,10
2036,1287.501980852979,33.164485347539205,10
2037,1288.1219843284944,33.16645880174497,10
2038,1288.744608460109,33.14600535617147,10
2039,1289.4533472206483,33.037520073485574,10
2040,1290.1609530024748,32.83412866095895,10
2041,1290.86845290156,32.77495883544784,10
2042,1291.5768951791001,32.533908683000696,10
2043,1292.1959245111275,32.34887024574592,10
2044,1292.9047973918027,32.4329692879351,10
2045,1293.6120008113544,32.36665305602046,10
2046,1294.319574831357,32.319372986472274,10
2047,1294.9385618096865,32.39708889421854,10
2048,1295.4706029631948,32.374505663941285,10
2049,1296.1797652683838,32.5244011786295,10
2050,1296.713744126864,32.69070928729139,10
2051,1297.3341976108036,32.98945328574069,10
2052,1297.9546916854208,33.027690098998136,10
2053,1298.5773528781751,33.08689342592501,10
2054,1299.3748798541342,33.01597811297156,10
2055,1300.2601785638603,33.01619459790205,10
2056,1300.8814844250987,33.248835822619675,10
2057,1301.6788419952359,33.134878207657955,10
2058,1302.2101454811584,33.040190697774605,10
2059,1302.6523854381735,33.01567517068556,10
2060,1303.271930086505,32.792721036260446,10
2061,1303.9798676424039,33.01327587758048,10
2062,1304.4245288543336,33.00246975564985,10
2063,1305.0434593546368,33.11421295699951,10
2064,1305.5753469809713,33.32417068684084,10
2065,1306.1947204312178,33.29104224123923,10
2066,1306.9018020826586,33.19681999875898,10
2067,1307.2575691718914,33.28960108806065,10
2068,1307.8773714628776,33.36722538359209,10
2069,1308.4083484676648,33.62063591409444,10
2070,1309.11753194094,33.49530271482903,10
2071,1309.6499648674264,33.409541428674004,10
2072,1310.4462847575974,33.30313834348898,10
2073,1311.243028189187,33.32523278899386,10
2074,1311.6862511161282,33.38169499445358,10
2075,1312.1291705082567,33.266011608171276,10
2076,1312.750444606531,33.30200771853218,10
2077,1313.195434055932,33.54499840127163,10
2078,1313.8158081279048,33.55969286069487,10
2079,1314.6123186127668,33.48750574285781,10
2080,1315.1441603412632,33.38282477091801,10
2081,1315.6756826548253,33.43241417486866,10
2082,1316.2091003225883,33.5598480569646,10
2083,1316.9170025852175,33.50050630749502,10
2084,1317.361324957347,33.44459882716094,10
2085,1318.157581317993,33.45407283563302,10
2086,1318.8662671310135,33.39895296185119,10
2087,1319.486260014273,33.371760537975696,10
2088,1320.2828763822702,33.308228475277424,10
2089,1320.990948065482,33.116626511107796,10
2090,1321.6122327523547,33.41579721086114,10
2091,1322.2330621362714,33.25894674891748,10
2092,1322.588328033327,33.430939160000904,10
2093,1323.2973738636792,33.46665721034453,10
2094,1324.0049337682972,33.35348019060648,10
2095,1324.2729291418113,33.502140161046185,10
2096,1324.8047849959119,33.67356885428407,10
2097,1325.3357672943994,33.85566887967485,10
2098,1325.8668501866339,33.703716466849876,10
2099,1326.486371882544,33.76266007153732,10
2100,1326.8420701583957,33.76516135896467,10
2101,1327.3739366059258,33.78807891219737,10
2102,1327.9060377529488,33.80025192373381,10
2103,1328.5276506878686,33.78948097910313,10
2104,1329.1482259461286,33.901142078925915,10
2105,1329.9453505644738,33.777965927745136,10
2106,1330.3894999778245,33.9129225213508,10
2107,1330.9215834841548,34.048528683263186,10
2108,1331.5427093440712,34.35002597047316,10
2109,1332.0745704938286,34.2001066597821,10
2110,1332.606833994563,34.03786509935541,10
2111,1333.3152233338192,34.15344370978594,10
2112,1334.0236656150212,34.04756428279248,10
2113,1334.556395023551,34.05924376155411,10
2114,1335.0876314580105,34.383089305352826,10
2115,1335.7069996232667,34.528688590450486,10
2116,1336.238975484526,34.71336267389712,10
2117,1336.947867775462,34.83614676011463,10
2118,1337.5674106493786,34.75235818929936,10
2119,1338.2742117083658,34.66482734736547,10
2120,1338.7181211216455,34.49350250974787,10
2121,1339.161464049357,34.57427734966319,10
2122,1339.957794532951,34.60809036291066,10
2123,1340.6665756456405,34.555418410076925,10
2124,1341.463456731524,34.58978499570731,10
2125,1341.9952702264775,34.56924621854084,10
2126,1342.7021048131842,34.517882967061404,10
2127,1343.32111296193,34.428063367374214,10
2128,1343.8541706210356,34.54853518008184,10
2129,1344.650518746463,34.57175517405886,10
2130,1345.0938528617714,34.30304948239129,10
2131,1345.8893680299502,34.244383444888854,10
2132,1346.597187345731,34.19613971047201,10
2133,1347.4812472007013,34.19654299592392,10
2134,1348.014527218926,34.522381852313245,10
2135,1348.5445830139483,34.708008910028674,10
2136,1349.2535229564937,34.752485619772166,10
2137,1350.1380698824871,34.75190634113195,10
2138,1350.7577768851534,34.76117082004813,10
2139,1351.3768803366843,34.87797002696975,10
2140,1351.8201650247934,34.83450054171386,10
2141,1352.5278184595368,34.789583352113574,10
2142,1353.0592243043334,34.760280708995474,10
2143,1353.7674865796969,34.65170573929483,10
2144,1354.2985112432339,34.584823488318456,10
2145,1354.7431512803212,34.491568532602436,10
2146,1355.273928875503,34.51743941478125,10
2147,1355.895128848396,34.3123071861254,10
2148,1356.6915440401085,34.34983047869949,10
2149,1357.4875462781345,34.23219671879732,10
2150,1358.108958034256,34.317678842324305,10
2151,1358.8174391383175,34.22185882831441,10
2152,1359.4373896663951,34.317995314286286,10
2153,1360.0570966604723,34.12207220128355,10
2154,1360.5891589951734,34.22543935002757,10
2155,1361.3854153542238,34.154526070173304,10
2156,1362.0059376671084,34.458291928609555,10
2157,1362.273689494838,34.534138499735356,10
2158,1362.7181283418572,34.47711258835684,10
2159,1363.4270259308432,34.5030813686998,10
2160,1364.2228269885625,34.539418153668706,10
2161,1364.8424633969073,34.8000279595192,10
2162,1365.4622498049077,34.89412860922571,10
2163,1366.1700461825376,35.03143421627591,10
2164,1366.7012826001314,35.109549789297475,10
2165,1367.321460790748,35.28251731953942,10
2166,1368.0292995216153,35.19080541315544,10
2167,1368.4729601149138,35.00805566757112,10
2168,1369.004673028175,35.00642432143944,10
2169,1369.6245865009446,34.80168387145518,10
2170,1370.157199438156,34.836581165942604,10
2171,1370.8648546364725,34.661200963075935,10
2172,1371.573371036906,34.79064811096503,10
2173,1372.104776880902,34.74218284533482,10
2174,1372.989556753024,34.74100999830705,10
2175,1373.520597280735,34.700680945756055,10
2176,1373.96567144252,34.73652688972249,10
2177,1374.497765548724,34.68628970313453,10
2178,1375.0294890504438,34.62925245053381,10
2179,1375.65091139066,34.644510917729846,10
2180,1376.3593219040781,34.55495096605186,10
2181,1376.979235378703,34.71440610834243,10
2182,1377.5122083281506,34.69885837635662,10
2183,1378.0436035784883,34.76418581356049,10
2184,1378.576269455269,34.96552795593052,10
2185,1379.1963999966865,34.88806382261096,10
2186,1379.9937258001246,34.91727528154114,10
2187,1380.7019457208376,34.811415898932474,10
2188,1381.056473940569,34.774225797809336,10
2189,1381.6753444409583,34.678011169372986,10
2190,1382.5590548751206,34.67773485083373,10
2191,1383.2668406624184,34.62916508745498,10
2192,1383.8869217915674,34.807424221566826,10
2193,1384.4189947136915,34.73834047076107,10
2194,1385.3031763357092,34.73843169473843,10
2195,1386.0996126997045,34.76616616073448,10
2196,1386.8075890891298,34.99380920953808,10
2197,1387.516719620195,34.90378073387098,10
2198,1388.0484589995253,34.78163307608705,10
2199,1388.6685365934898,34.80640308027094,10
2200,1389.2884447683093,34.65998018580264,10
2201,1389.9082205896516,34.50487596757405,10
2202,1390.4402511579256,34.47144635270602,10
2203,1391.0604558198875,34.55702699438934,10
2204,1391.5926928643353,34.73853128545221,10
2205,1392.300912785961,34.546687904410255,10
2206,1392.920651545825,34.5794727595911,10
2207,1393.7163890733082,34.576165610347566,10
2208,1394.4250219506152,34.62393028667685,10
2209,1395.0447183591693,34.60045506069914,10
2210,1395.5756918449947,34.46796439750597,10
2211,1396.0188283035134,34.32392346245022,10
2212,1396.5506965151867,34.65887194587037,10
2213,1397.2586305415198,34.85493911558445,10
2214,1397.877326332661,35.172847276801384,10
2215,1398.5858956756551,35.408782880553865,10
2216,1399.3832638286071,35.34300438391243,10
2217,1400.0035990730212,35.0378439536476,10
2218,1400.8001625028335,35.07417493598669,10
2219,1401.5962017999489,35.07214862130851,10
2220,1402.2154005564328,35.23122769441503,10
2221,1402.9241022560177,35.20350398389565,10
2222,1403.4552857407093,35.05247094456643,10
2223,1403.9004551973187,34.99361528727968,10
2224,1404.6089821888747,34.9713061721192,10
2225,1405.1406739232712,34.863507940666864,10
2226,1405.9364326276652,34.74773506117351,10
2227,1406.468156132731,34.79693179554625,10
2228,1407.1770431260152,34.72920310191571,10
2229,1407.8858983470266,34.622756577410044,10
2230,1408.418987768875,34.48420667816139,10
2231,1409.1265247308072,34.303226039511166,10
2232,1409.8355335010062,34.35766953184564,10
2233,1410.2785040759256,34.46413168935116,10
2234,1410.8095181402894,34.63737555682956,10
2235,1411.6057215564335,34.55975158356362,10
2236,1412.2263656289974,34.57335619472687,10
2237,1413.0216849039095,34.77202056460941,10
2238,1413.6414713193258,34.753681890264936,10
2239,1413.996973703785,34.676930248787215,10
2240,1414.7050983298452,34.726908680957195,10
2241,1415.4136888471144,34.66124815579267,10
2242,1415.94505762975,34.71459397502651,10
2243,1416.5652940424463,34.7239864685858,10
2244,1417.185562229944,34.893199284582366,10
2245,1417.8936939124028,34.708315974477316,10
2246,1418.6009467463211,34.71485336577855,10
2247,1419.309981987367,34.61342918146522,10
2248,1420.1941865500432,34.613291969780036,10
2249,1420.8141370752137,34.743160329170365,10
2250,1421.6092498780881,34.679131972465285,10
2251,1422.40606742533,34.573690698376026,10
2252,1422.9373673830626,34.754502576251056,10
2253,1423.821561357816,34.75441696964447,10
2254,1424.5304977695866,34.87740019854373,10
2255,1425.0614871339528,34.62177621483353,10
2256,1425.6813494365726,34.554676523087196,10
2257,1426.2137611875253,34.663091050992705,10
2258,1426.745474098549,34.977518483410265,10
2259,1427.1006217601127,34.94355675041764,10
2260,1427.8087146160372,35.07343598952521,10
2261,1428.4290886878246,35.251008430495524,10
2262,1429.1366468281863,35.16840667287775,10
2263,1429.756597356162,35.29636988569869,10
2264,1430.288548509064,35.145572973461434,10
2265,1430.8209073199873,35.35492535313582,10
2266,1431.44152493156,35.46767892896625,10
2267,1432.2374954049565,35.46701285725429,10
2268,1432.8576100602295,35.4503252681524,10
2269,1433.3907259567777,35.39464080198388,10
2270,1433.8342012458072,35.18184444245123,10
2271,1434.365691795567,35.37147777459351,10
2272,1435.1618793323019,35.42509604962972,10
2273,1435.869649238568,35.401349971525285,10
2274,1436.5783668204333,35.603216280575886,10
2275,1437.1108632816954,35.41527022672999,10
2276,1437.731470303792,35.49266815194828,10
2277,1437.9985656393178,35.51919629108951,10
2278,1438.6183361673754,35.38017443240559,10
2279,1439.1507849730426,35.330912351267266,10
2280,1439.8583325208933,35.271614245669824,10
2281,1440.478055399145,35.25544474342128,10
2282,1441.2735917409955,35.19416972301576,10
2283,1441.9822775573189,35.138698817029606,10
2284,1442.4257740125643,35.465895238448056,10
2285,1443.1351480809467,35.359723273186766,10
2286,1443.7551197887235,35.064648927612716,10
2287,1444.3746573677754,35.02568458209668,10
2288,1444.9948196673515,35.206610577777774,10
2289,1445.6146219504062,35.161891556818475,10
2290,1446.2340607002668,35.37087140455248,10
2291,1446.8535241610473,35.5233196873417,10
2292,1447.4738135264147,35.73170464249544,10
2293,1448.269286333555,35.73043255385003,10
2294,1448.7137463596441,35.714653422625396,10
2295,1449.3340780742792,35.54376305980999,10
2296,1449.600151605435,35.74143141414363,10
2297,1450.2203456697348,35.73792767414163,10
2298,1451.016937331439,35.68322832428206,10
2299,1451.461386768659,35.483009835985236,10
2300,1452.081369066534,35.48307479534877,10
2301,1452.7021560919607,35.30182416515859,10
2302,1453.321968970576,35.10414465492496,10
2303,1454.0305912590054,35.34490469341958,10
2304,1454.3867130754975,35.357776080190646,10
2305,1455.0064359600926,35.55515942747196,10
2306,1455.8024170216424,35.54760141544016,10
2307,1456.5987086758564,35.49246748783267,10
2308,1457.1299133380635,35.746620304160125,10
2309,1457.926688539792,35.67096011340153,10
2310,1458.4579973265324,35.77036580234192,10
2311,1459.076920776666,35.676982294676016,10
2312,1459.6964213015483,35.440171478748404,10
2313,1460.404932412963,35.4942179930817,10
2314,1461.025862388113,35.618915201558316,10
2315,1461.205217771251,35.53541203090676,10
2316,1461.914037713468,35.52034452927077,10
2317,1462.2691483148267,35.71135987384851,10
2318,1463.153610531921,35.711018151052826,10
2319,1463.8614810290533,35.641417346625445,10
2320,1464.4817703895994,35.48761288475576,10
2321,1465.1911285757928,35.582482675455445,10
2322,1466.0743166422776,35.58245179773453,10
2323,1466.8704141701241,35.628307135482636,10
2324,1467.401576484938,35.55682155862704,10
2325,1468.0212093641503,35.592119309445536,10
2326,1468.9057192299902,35.59206941653686,10
2327,1469.6135314859553,35.593190925986555,10
2328,1470.3209572695512,35.707866486814055,10
2329,1471.116684206914,35.91350257618171,10
2330,1472.0015593769858,35.91422083948755,10
2331,1472.6233205464218,35.89965512500707,10
2332,1473.154403440664,36.10225569837774,10
2333,1473.8625880712418,36.00030857644084,10
2334,1474.3947880608039,35.92486537629301,10
2335,1474.9267815741355,36.11177688183302,10
2336,1475.5466156379794,36.09408910135813,10
2337,1475.9907791809446,36.297658777568515,10
2338,1476.8753790470894,36.29775296499615,10
2339,1477.6716142327045,36.3437290460195,10
2340,1478.3820365671786,36.10823077181384,10
2341,1478.913823593998,36.03907193439006,10
2342,1479.7989740648932,36.03918554909917,10
2343,1480.506998096306,35.912498709395834,10
2344,1481.2152197840028,35.8390074927982,10
2345,1482.0109573073833,35.83324381629929,10
2346,1482.630505470836,35.888319686469735,10
2347,1483.1633160490408,35.70575104377853,10
2348,1483.6963895791455,35.578916535409896,10
2349,1484.3163771711493,35.26525727449364,10
2350,1485.0240888450876,35.03033719397174,10
2351,1485.4667805827326,34.72451764549302,10
2352,1486.1744340117577,34.604156219850175,10
2353,1486.531074658023,34.63394315767582,10
2354,1487.327645147793,34.67640105681393,10
2355,1487.8601786718496,34.58527360260903,10
2356,1488.569277437361,34.64638497420889,10
2357,1489.1008368022924,34.69484394088929,10
2358,1489.8094273167249,34.915830680964426,10
2359,1490.3398290067803,34.80653996190602,10
2360,1490.6068396325395,34.881319776697964,10
2361,1491.138721951892,34.6139677644054,10
2362,1491.9363124642473,34.611544051626346,10
2363,1492.7324382249303,34.50027432100789,10
2364,1493.5290051828133,34.70997757857009,10
2365,1494.4133668084,34.71035342063247,10
2366,1495.0334549853008,34.687150099151836,10
2367,1495.74208432556,34.49109329693578,10
2368,1496.4506324930255,34.47880846433476,10
2369,1496.9824583437762,34.52053317717712,10
2370,1497.7779593896241,34.467760727807416,10
2371,1498.4858934210977,34.52497748247034,10
2372,1499.1052086422303,34.79419692259864,10
2373,1499.8137568044256,34.78987945242242,10
2374,1500.4346144142419,34.87993868795938,10
2375,1501.0543214109123,34.895230638634324,10
2376,1501.7622025026515,34.89110652968348,10
2377,1502.4710153788465,34.66326088941204,10
2378,1503.268150589678,34.546122982441936,10
2379,1503.9771540621045,34.61220350529288,10
2380,1504.421529374762,34.43624013656195,10
2381,1505.1304481407465,34.59631465955787,10
2382,1505.6624363561987,34.75570530411368,10
2383,1506.3715139524888,34.80033826843919,10
2384,1506.991326830313,34.95277832108194,10
2385,1507.5232638633402,35.04817193266096,10
2386,1508.0539779216126,34.927257440721974,10
2387,1508.9388213249663,34.92746801613443,10
2388,1509.5585106710346,35.007763775457065,10
2389,1510.1773035127014,35.25059812525386,10
2390,1510.7087040621934,35.25469409313932,10
2391,1511.2404752047594,35.143698941908035,10
2392,1511.9485680689852,35.13547695842011,10
2393,1512.8324055633063,35.13611658872835,10
2394,1513.3647855469421,35.27730091099279,10
2395,1514.1603960110083,35.48643551735103,10
2396,1514.7804524321766,35.763410385030895,10
2397,1515.4008794486247,35.516134321441534,10
2398,1515.9323699899237,35.57273873955578,10
2399,1516.6405157875743,35.540407034138205,10
2400,1517.1720486929612,35.32437116889108,10
2401,1517.6157145834845,35.23671326568542,10
2402,1518.4115156404398,35.28713554493956,10
2403,1518.943397961154,35.27307452199184,10
2404,1519.5625702386346,35.28749257131174,10
2405,1520.0952784743808,35.263494518900515,10
2406,1520.9796983373997,35.26279244226591,10
2407,1521.4225383237103,35.21076519300042,10
2408,1522.3058887469465,35.20992678292363,10
2409,1522.8379140189074,35.05845837557357,10
2410,1523.1939775884118,34.95798267603575,10
2411,1523.7259022671433,34.9166926552184,10
2412,1524.34612811017,34.89498909635835,10
2413,1525.230512675715,34.8941843811704,10
2414,1525.7619079344936,35.11637894537977,10
2415,1526.2054149905211,35.09740352084572,10
2416,1526.8260114241152,34.94819602071776,10
2417,1527.2689255224063,34.99998825897966,10
2418,1527.8877430802345,34.75203392875905,10
2419,1528.5953735744556,34.6220359366693,10
2420,1529.038435919842,34.87142529514581,10
2421,1529.8343993309645,34.92009180306651,10
2422,1530.4541592695573,34.82849513621194,10
2423,1530.9872381006912,34.8344498566089,10
2424,1531.8711867755426,34.83469138395605,10
2425,1532.6687031681454,34.72335766904341,10
2426,1533.3762665946638,34.7638297079563,10
2427,1533.9958677027844,34.81527510707181,10
2428,1534.6162311844507,34.64581107810411,10
2429,1535.147827628926,34.85404843660422,10
2430,1535.50275822678,34.68415718673099,10
2431,1536.2109852086398,34.651167110365094,10
2432,1536.7441116834723,34.8609603922242,10
2433,1537.5412363008809,34.75381526148573,10
2434,1538.1611762392529,34.909880025935415,10
2435,1538.5167421581107,35.0051077576754,10
2436,1539.049471567553,34.72737823699852,10
2437,1539.7582844484798,34.83597870918204,10
2438,1540.6441337604942,34.836191701792785,10
2439,1541.1767519956586,34.99001029017657,10
2440,1541.7980684477402,34.69248508588207,10
2441,1542.2411307859063,34.63553111624829,10
2442,1542.6849660870605,34.84077477270158,10
2443,1543.305160155966,34.80745105547205,10
2444,1543.9246871442413,34.772987197220885,10
2445,1544.631731740059,34.74533662936614,10
2446,1545.339729300073,34.74989217704672,10
2447,1545.6961634736977,34.64750521633636,10
2448,1546.13864343583,34.43206019106924,10
2449,1546.7587598550376,34.35031027439811,10
2450,1547.2021875013681,34.29773287289586,10
2451,1548.0859208746087,34.29753589955081,10
2452,1548.793415478751,34.08518588200931,10
2453,1549.412794225536,34.184289511562284,10
2454,1550.2080658565308,34.21408788154673,10
2455,1550.8274675521611,34.38379900843186,10
2456,1551.3595510596701,34.105348225022134,10
2457,1551.978845101355,33.90594076996411,10
2458,1552.6872662054614,33.944875486732975,10
2459,1553.482781371928,34.1582395895808,10
2460,1553.9266166750872,34.375184238314915,10
2461,1554.6338148062334,34.31528459737448,10
2462,1555.341997671697,34.229791079802666,10
2463,1555.8733929248956,34.30296899894563,10
2464,1556.492925205297,34.422914504660675,10
2465,1557.2006368798143,34.54147090571344,10
2466,1557.6437786199422,34.525324396246276,10
2467,1558.4399043903625,34.41914023532643,10
2468,1559.147691942016,34.347641134757076,10
2469,1559.8562559853765,34.22995045072207,10
2470,1560.3871694651557,34.21853729457822,10
2471,1561.0953752734072,34.44489417116699,10
2472,1561.892621662974,34.4771574137555,10
2473,1562.689243330435,34.51311992839538,10
2474,1563.3971879463927,34.472657936264646,10
2475,1564.106059055463,34.56980086257452,10
2476,1564.550129060765,34.65962119449314,10
2477,1565.3469783778937,34.60572340327923,10
2478,1565.9672359785075,34.77627317783516,10
2479,1566.410923041491,34.63144886260786,10
2480,1566.6779230784282,34.66262368502854,10
2481,1567.2974888921622,34.57599416713879,10
2482,1567.7415571421097,34.637188314517736,10
2483,1568.4517782910086,34.66798184853135,10
2484,1569.1592146660967,34.68267979068438,10
2485,1569.6040029300755,34.548648666110076,10
2486,1570.3128969882216,34.50006010821261,10
2487,1570.755959321716,34.578684743141245,10
2488,1571.639442100596,34.57870673383285,10
2489,1572.2593979286057,34.43990972777607,10
2490,1572.7922014542485,34.439942228493244,10
2491,1573.3238931878448,34.61950636440457,10
2492,1573.9441666683826,34.45187694999638,10
2493,1574.4762184154756,34.18252281079981,10
2494,1574.832737293879,34.305202744284664,10
2495,1575.5411054443043,34.41986169834419,10
2496,1576.1610242095126,34.17830509315787,10
2497,1576.7806888430212,34.47876948421653,10
2498,1577.13589474856,34.483808723248124,10
2499,1577.8450676381087,34.402593543480485,10
2500,1578.6427110978457,34.620679717642254,10
2501,1579.264034610834,34.87563521519538,10
2502,1579.8850439987214,35.17805663624801,10
2503,1580.2414993501077,35.3074487877208,10
2504,1580.774440531687,35.56504712086865,10
2505,1581.481654541996,35.473137626186144,10
2506,1582.1020286147823,35.38487022197499,10
2507,1582.635096856179,35.27727168277362,10
2508,1583.3430097115847,35.09205947352145,10
2509,1584.0508325626681,35.130616817293095,10
2510,1584.493312531669,35.036151293805105,10
2511,1585.200727722688,35.284895186883,10
2512,1585.820148823062,35.36160546764672,10
2513,1586.6176440391755,35.41847003574135,10
2514,1587.325223356252,35.480464962195754,10
2515,1587.8580057029799,35.4965057117611,10
2516,1588.6535738089667,35.5557544087456,10
2517,1589.361867850096,35.49325977468267,10
2518,1589.9815907338902,35.62514908036673,10
2519,1590.6020548141075,35.50394308344,10
2520,1591.1345406889234,35.760039338430005,10
2521,1591.931601771551,35.82041889546942,10
2522,1592.552897037947,35.809620647467355,10
2523,1593.2617946216221,35.879805940715784,10
2524,1594.1473792210063,35.88182289267244,10
2525,1594.856721525216,35.853588306603356,10
2526,1595.2996903216697,35.96663776815556,10
2527,1596.008227895712,35.98390934301354,10
2528,1596.7164213504952,35.868788146800505,10
2529,1597.4252130490252,35.924647194417126,10
2530,1598.0456083030742,35.701052455521705,10
2531,1598.5793647944608,35.6505613850197,10
2532,1598.9351707192254,35.81294381628741,10
2533,1599.466618912028,35.90324211233972,10
2534,1599.9979929889923,36.070489386926084,10
2535,1600.5291976444707,36.03897566748005,10
2536,1601.149074052309,35.94771299532919,10
2537,1601.8567963101348,35.81642183491845,10
2538,1602.477784521095,35.79821075764149,10
2539,1603.0978303490492,35.899802651834506,10
2540,1603.630289745422,36.11141716346972,10
2541,1604.07404563255,36.26812600064965,10
2542,1604.7812861119787,36.451097669685126,10
2543,1605.5769777552257,36.356376442694234,10
2544,1606.285197673461,36.376077059190536,10
2545,1606.9051270346315,36.1959414410716,10
2546,1607.4371858348336,36.36356483450331,10
2547,1608.1460834188917,36.250844505341426,10
2548,1608.8554469006785,36.514068678160974,10
2549,1609.4760821586829,36.779224510238976,10
2550,1610.272476164932,36.763240954112895,10
2551,1610.893062009589,36.60407142735118,10
2552,1611.6887995370726,36.82537422635968,10
2553,1612.2195982973724,36.92714229133065,10
2554,1612.8383735047223,36.948496826919545,10
2555,1613.4589169956112,36.90747990276607,10
2556,1613.8133764015008,36.780634918392224,10
2557,1614.4335704715097,36.99988064387212,10
2558,1615.054505738352,36.96055454013644,10
2559,1615.6752433550914,37.093074074526584,10
2560,1616.3838550495495,37.21171754710445,10
2561,1617.003329099274,37.10824352899709,10
2562,1617.5343008092518,37.122269089623664,10
2563,1618.2435478206105,37.2558422701077,10
2564,1618.863535414851,37.40778107024156,10
2565,1619.3954600872698,37.65596885044183,10
2566,1619.839163035047,37.39447298420225,10
2567,1620.3697588498037,37.26303271026023,10
2568,1620.9014664674246,37.381296946179276,10
2569,1621.345545299461,37.256931811537086,10
2570,1621.6121694483707,37.172524668529476,10
2571,1622.145534168269,37.33821259702037,10
2572,1622.6774694371668,37.05872066365716,10
2573,1623.561704001069,37.05819065643273,10
2574,1623.9164334115842,36.96573527843317,10
2575,1624.4479416131146,37.0715378677254,10
2576,1625.0675409613054,37.24039475505427,10
2577,1625.5996456454816,37.20515302369736,10
2578,1625.9547986002708,37.26503602960974,10
2579,1626.7508749594367,37.284086216848465,10
2580,1627.546794249846,37.51289670282489,10
2581,1628.2554588855864,37.70307499083218,10
2582,1628.8745023318327,37.74347669055107,10
2583,1629.6705628042241,37.66002501361462,10
2584,1630.2902450989307,37.92683449416753,10
2585,1630.7334380278326,38.15979617243954,10
2586,1631.2646391662554,38.35188629083869,10
2587,1631.9726226110988,38.50124398736887,10
2588,1632.504310822886,38.674045558301955,10
2589,1632.859230834722,38.898681061787926,10
2590,1633.4782389894121,39.083161609223204,10
2591,1633.832943697946,39.238124345687154,10
2592,1634.452121272823,39.29048356276409,10
2593,1634.9840247846098,39.47429897563874,10
2594,1635.6912352690067,39.396583424519285,10
2595,1636.1349752718322,39.57162218408024,10
2596,1636.5793664705448,39.36881471845399,10
2597,1637.0224764517366,39.57312322129425,10
2598,1637.8181857366478,39.47866317209675,10
2599,1638.4390998257427,39.46711630614513,10
2600,1638.8828398336736,39.289213831407615,10
2601,1639.5912556409075,39.116537266089125,10
2602,1640.299147315132,39.09779508938829,10
2603,1640.8310119903697,39.220205515115886,10
2604,1641.3620525278516,39.36635187805871,10
2605,1641.9826171986576,39.34004654637746,10
2606,1642.5154577875533,39.161314548613824,10
2607,1643.2236706466113,39.049211604374904,10
2608,1643.9313399663981,38.87695847820928,10
2609,1644.5512693242658,38.901243652188846,10
2610,1645.171209269547,39.14471327673966,10
2611,1645.9676103392444,39.14255713563652,10
2612,1646.5867349671123,39.045998268359995,10
2613,1647.2962466890792,39.180596037588785,10
2614,1647.7401349318648,39.26464194827052,10
2615,1648.2722996163968,39.507762549915164,10
2616,1649.0681959673989,39.5382287462407,10
2617,1649.7763947161288,39.35878350182428,10
2618,1650.309007657026,39.51893441746061,10
2619,1651.0165181453388,39.566601114398864,10
2620,1651.7236845103894,39.44876964581166,10
2621,1652.4318726662696,39.36793248201557,10
2622,1653.2275537185888,39.39787759808416,10
2623,1653.6712407803109,39.51952621809623,10
2624,1654.2899577517924,39.44546347515488,10
2625,1654.8220306772193,39.48962599543689,10
2626,1655.3530076821291,39.494358000215634,10
2627,1655.70927243794,39.29139320629452,10
2628,1656.1528006682195,39.201310960390465,10
2629,1656.8604841026026,39.066770528510816,10
2630,1657.3918052374916,39.050148261767305,10
2631,1657.8355664220392,39.231073516692994,10
2632,1658.3685358406758,39.092655917047196,10
2633,1659.0767557656823,39.116338084885975,10
2634,1659.6088816314732,39.2078368413065,10
2635,1660.0516368882556,38.96626113762749,10
2636,1660.759295616587,38.99623541796428,10
2637,1661.1147979931673,38.95313080664437,10
2638,1661.3838310378192,39.0564246072617,10
2639,1661.7413346429003,39.01821040070948,10
2640,1662.362375790831,38.9654826984843,10
2641,1662.9829898711619,38.87300733063053,10
2642,1663.6038721984592,38.929037402486124,10
2643,1664.2252839454118,39.09369325271494,10
2644,1664.668547463596,39.36675892369052,10
2645,1665.2889003619262,39.561539760904665,10
2646,1665.9967391008145,39.81682487059868,10
2647,1666.6177908365175,39.92954082854731,10
2648,1667.1486390120851,39.75378916648214,10
2649,1668.0327200430443,39.75375555204582,10
2650,1668.5642741288407,39.714490899386334,10
2651,1669.2722822766839,39.74857264558361,10
2652,1669.9817481132293,40.03470492857889,10
2653,1670.6014180500151,39.92250576486466,10
2654,1671.2215909401766,39.912052783328484,10
2655,1671.4906239810746,39.99542608867315,10
2656,1672.1105692083663,40.161888482641785,10
2657,1672.5548492193368,40.15823158017823,10
2658,1672.9975621407248,40.218882826303606,10
2659,1673.6176891498242,40.32776726168463,10
2660,1674.148544388419,40.0842272066402,10
2661,1674.6795266926208,39.974357548843486,10
2662,1675.2110507741763,40.0872626794381,10
2663,1676.0954706382502,40.086510015622366,10
2664,1676.6271253157952,39.982305663984945,10
2665,1677.2475399712707,39.934552116842724,10
2666,1677.7792211136195,40.15409589573974,10
2667,1678.4881398775972,40.085635968234136,10
2668,1679.1966192147604,40.087425509274645,10
2669,1679.9043626538937,40.341499407294855,10
2670,1680.524514364163,40.312923407753495,10
2671,1680.879116723326,40.432639967741885,10
2672,1681.1467944353117,40.393312810681316,10
2673,1681.7667502605127,40.18907078964275,10
2674,1682.2989396566377,40.00587769507085,10
2675,1682.8295090027816,40.04569437103783,10
2676,1683.2726983999237,40.00248110327447,10
2677,1684.069457713811,39.894505872207375,10
2678,1684.8646975764398,39.92063962571956,10
2679,1685.4842404579576,40.18682091329026,10
2680,1686.1051439555602,40.14588191448525,10
2681,1686.6362974423096,40.23803256917769,10
2682,1687.255903847656,40.45154820888671,10
2683,1687.8752508354023,40.347870885986765,10
2684,1688.2306896877465,40.4564933405071,10
2685,1688.9385707786848,40.379944174397195,10
2686,1689.6467377633267,40.27349267086031,10
2687,1690.0904848262703,40.32912570123923,10
2688,1690.79875415761,40.29296850489654,10
2689,1691.3313300391783,40.061325877585304,10
2690,1692.039269363187,39.86310361681901,10
2691,1692.5715964152853,39.83185914261847,10
2692,1693.2796257468683,39.899392945087165,10
2693,1693.9884015675386,39.77257139863472,10
2694,1694.784483217692,39.829522739201565,10
2695,1695.4921684194674,39.79698813201882,10
2696,1696.0238230970128,40.030379410272765,10
2697,1696.81992592413,39.94457832672138,10
2698,1697.7047587394507,39.9447186366311,10
2699,1698.5012215765305,39.94579241603822,10
2700,1699.1199650158505,39.77281605046851,10
2701,1699.828036694967,39.976469617777866,10
2702,1700.5363360322594,40.18214120493124,10
2703,1701.2450642010858,40.370199701606026,10
2704,1701.5999948030433,40.510904796722144,10
2705,1702.0433536181786,40.46783515200489,10
2706,1702.9271858178909,40.46821245227716,10
2707,1703.5471363470983,40.76157133386304,10
2708,1704.0791245592486,41.0216599188309,10
2709,1704.6979315213848,41.193388176027234,10
2710,1705.2287444049057,41.24389082262499,10
2711,1705.9364878398326,41.1914855586871,10
2712,1706.6440618591892,41.105356396886314,10
2713,1707.2635570834032,41.01036219408278,10
2714,1707.7960429590198,40.93992438741008,10
2715,1708.4152999356934,41.110300994393235,10
2716,1709.0346416212062,41.156008800948,10
2717,1709.655163938487,41.06916834520927,10
2718,1710.2758344913304,41.09344973858868,10
2719,1710.6316651153047,41.17273384430885,10
2720,1711.3395885522034,41.19025516001235,10
2721,1712.047797879851,41.273828863928124,10
2722,1712.4903890263217,41.31806596644953,10
2723,1712.935113762243,41.33092112542909,10
2724,1713.5560649107997,41.55111994343171,10
2725,1714.3523848042485,41.58489389050569,10
2726,1714.9734012515128,41.38468563479104,10
2727,1715.8594623349964,41.38470534699289,10
2728,1716.744178674792,41.385508401203744,10
2729,1717.3639544942591,41.28024444797977,10
2730,1718.072317354628,41.25573835151639,10
2731,1718.692393190036,41.42714209050451,10
2732,1719.047726148489,41.30982696998979,10
2733,1719.6679713984904,41.501763459690075,10
2734,1720.4632059649625,41.555615808467024,10
2735,1720.9943259201586,41.64326928553331,10
2736,1721.791019939462,41.86908941590193,10
2737,1722.498519843474,42.01447630394746,10
2738,1723.0300368667224,41.86560198215692,10
2739,1723.5607579848797,42.03149612807134,10
2740,1724.2692585028713,41.98007624129351,10
2741,1724.977845494747,41.832305636838974,10
2742,1725.5984207508081,41.83894582878216,10
2743,1726.1305466093613,41.80294884660154,10
2744,1726.837990039657,41.94728615951991,10
2745,1727.2813100253782,42.03553909977144,10
2746,1727.988788754022,41.92180153441043,10
2747,1728.5200251808772,42.09736650648114,10
2748,1729.2274456719467,41.97017898202242,10
2749,1729.8477350415465,42.239670317089825,10
2750,1730.3799456217416,42.14205026723786,10
2751,1731.0012303120027,42.359767149786855,10
2752,1731.5330385147972,42.0749033205508,10
2753,1732.3292842880849,42.101135375543876,10
2754,1732.8602560063512,42.172384700296774,10
2755,1733.305107805918,42.06849351028913,10
2756,1733.925285995913,42.35002567144448,10
2757,1734.4565930121535,42.36861911332577,10
2758,1735.077094153325,42.44962950523181,10
2759,1735.696368782259,42.37200048146108,10
2760,1736.2280234636532,42.29689550788837,10
2761,1736.7608269840093,42.186112553474295,10
2762,1737.3819051882215,42.19260894837126,10
2763,1738.1789874474744,42.221796994239696,10
2764,1738.8886421093368,42.20729437906217,10
2765,1739.5963855397724,42.26966940610865,10
2766,1740.128739058895,41.97312093443412,10
2767,1740.924638940563,42.004120567001245,10
2768,1741.2801254392775,41.94147500003927,10
2769,1741.9875829847078,41.953710509615625,10
2770,1742.6973700068897,41.97170443918198,10
2771,1743.2288587976186,42.10440664761915,10
2772,1743.8478881293897,42.14351879571915,10
2773,1744.4678704272876,42.3487513149521,10
2774,1744.9989374404217,42.48982660019425,10
2775,1745.5303432844346,42.48366291794972,10
2776,1745.9730773675146,42.33303308471487,10
2777,1746.7700272752427,42.56364897959201,10
2778,1747.30146488743,42.55085994656217,10
2779,1748.0987483376714,42.46122042197469,10
2780,1748.718105904089,42.428831969304994,10
2781,1749.0738782949054,42.675575608021035,10
2782,1749.6049347129351,42.78481161707648,10
2783,1750.1369546926512,42.71602725847525,10
2784,1750.6682652418058,42.78505302407939,10
2785,1751.2889146182831,42.71508947735541,10
2786,1751.9976216128266,42.70921604508907,10
2787,1752.6178368602948,42.69083018018386,10
2788,1753.3280686048117,42.635359252198064,10
2789,1754.0371885555808,42.924019727456624,10
2790,1754.923032574532,42.924154566193536,10
2791,1755.631924865468,42.88147831737834,10
2792,1756.2511394864584,42.752465374093255,10
2793,1756.9597105981534,43.01521958454859,10
2794,1757.5788034662862,42.863401219535355,10
2795,1758.3748445261622,42.77588237965479,10
2796,1759.0824044294204,42.66993628747314,10
2797,1759.7025561378473,42.7959216098472,10
2798,1760.0580055707426,42.922319575999566,10
2799,1760.7664054932497,42.94261831884629,10
2800,1761.2098931288438,43.0242468529926,10
2801,1761.9177089034547,43.23482605168257,10
2802,1762.6261723645353,43.37596108518569,10
2803,1763.422704025857,43.333527623242595,10
2804,1763.9537216179742,43.0173478300227,10
2805,1764.3980492894002,43.17340498595844,10
2806,1765.105443310958,43.435653513457225,10
2807,1765.5494515582134,43.30502486525584,10
2808,1766.2582856150245,43.282991197547275,10
2809,1767.0547396243715,43.182355052916506,10
2810,1767.850763039145,43.204471773262675,10
2811,1768.646871157432,43.16372262372184,10
2812,1769.354641068602,43.17035379328754,10
2813,1770.151103907053,43.085272154786395,10
2814,1770.8596414843973,42.913987733348016,10
2815,1771.3910155683952,43.0657819864656,10
2816,1771.9226437759673,43.36827283207972,10
2817,1772.6296089553805,43.33175061268417,10
2818,1773.2508724737077,43.24153564331297,10
2819,1773.959002394893,43.054615725528336,10
2820,1774.667412910553,42.953474930208344,10
2821,1775.288348178937,43.19308847408952,10
2822,1776.0845939539377,43.17972423101482,10
2823,1776.704470374759,43.22534210246228,10
2824,1777.4117479171534,43.12873788402144,10
2825,1778.1190254577577,43.31384572451111,10
2826,1778.8277112747917,43.143156956948644,10
2827,1779.3596465396288,43.002683027522295,10
2828,1779.8022747429272,43.114182093182045,10
2829,1780.5101346514334,42.98841257339167,10
2830,1780.9537475889615,42.75661928835989,10
2831,1781.573205750133,42.547271641288475,10
2832,1782.3694991694701,42.4668414823189,10
2833,1782.9003597071667,42.35624642051099,10
2834,1783.6081560884588,42.57545013160788,10
2835,1784.2283289805498,42.86180566922877,10
2836,1784.8479089080654,43.11383714187748,10
2837,1785.2910241814982,42.96474604442995,10
2838,1785.9106623477558,43.136240170977295,10
2839,1786.617881653908,43.152576938045684,10
2840,1786.9730981495682,43.29776294492474,10
2841,1787.4170763904717,43.2149843195623,10
2842,1788.036476323883,43.25860780822031,10
2843,1788.5679668663372,43.171302404638915,10
2844,1788.922876279849,42.92035887638557,10
2845,1789.6316997484187,42.96429461291208,10
2846,1790.1628938151784,42.80977867466333,10
2847,1790.605437311286,42.84644441495823,10
2848,1791.1378490640086,42.53736119242116,10
2849,1791.93365541442,42.45605860851123,10
2850,1792.641991803806,42.49974864479311,10
2851,1793.2616564504278,42.568027161872045,10
2852,1794.0585057664114,42.62798311461851,10
2853,1794.5025581314542,42.56803299950258,10
2854,1795.2108151118214,42.48352938602525,10
2855,1796.00585379265,42.4038176393889,10
2856,1796.5378102426043,42.36512717471814,10
2857,1797.333357174409,42.59662170380333,10
2858,1797.9540489058684,42.56324749787623,10
2859,1798.6617393968197,42.60175729119118,10
2860,1799.10532761976,42.74853948012005,10
2861,1799.7254528563644,42.96579748127998,10
2862,1800.1704528970793,43.02797562556057,10
2863,1800.9676834019351,43.085666434699824,10
2864,1801.5878457057165,43.21202815813543,10
2865,1802.1201621602886,43.246821247658936,10
2866,1802.916662058149,43.23730544937756,10
2867,1803.5366390631098,43.18119816673605,10
2868,1804.1575602115142,43.14009574393032,10
2869,1804.777007797445,43.275789671216195,10
2870,1805.3097160331672,43.259556979943895,10
2871,1805.9306089461156,43.26381969472861,10
2872,1806.4624277366165,43.42352191208537,10
2873,1807.1708700163817,43.61583786249846,10
2874,1808.0548345708903,43.61581181560902,10
2875,1808.586399233646,43.64087228975072,10
2876,1809.2945767945853,43.6349503520695,10
2877,1809.9150408680391,43.87302679282856,10
2878,1810.3588443996018,43.9871297782643,10
2879,1811.1544336818977,44.01731088484896,10
2880,1811.950022962798,44.03859390657841,10
2881,1812.393339433426,44.08999993479237,10
2882,1813.1009558076698,44.0275077363137,10
2883,1813.7210228150761,44.078390834442345,10
2884,1814.16473104908,44.25571138957023,10
2885,1814.6968780929546,44.46452364353453,10
2886,1815.4046003548833,44.50835201453241,10
2887,1816.2011849573416,44.474777744558416,10
2888,1816.7325060959204,44.53273100017215,10
2889,1817.4400271712898,44.5080402003797,10
2890,1818.1477864939366,44.44856632100262,10
2891,1818.8560646557294,44.66331375413405,10
2892,1819.3872110790594,44.96236759830808,10
2893,1820.095828072981,45.2226073713647,10
2894,1820.8042862320085,45.03238447624558,10
2895,1821.0713921569986,45.06588971656557,10
2896,1821.5154286352802,45.12739154156778,10
2897,1822.1352626990658,45.37459919462903,10
2898,1822.8438108673315,45.37201563625224,10
2899,1823.4636449228233,45.346221663606606,10
2900,1824.1711395304312,45.39286791774777,10
2901,1824.7910724162055,45.256383689369926,10
2902,1825.6752805091273,45.25646279911873,10
2903,1826.3826215854438,45.547618422928956,10
2904,1827.089920306838,45.59698869697077,10
2905,1827.3562161988314,45.7059135111791,10
2906,1827.8875902767948,45.84392823354078,10
2907,1828.5068419649117,45.6230849312866,10
2908,1829.12736956781,45.80953881773041,10
2909,1829.9246847793656,46.040800488980274,10
2910,1830.2796259667073,45.98916634002581,10
2911,1830.9875070576231,45.93878142662978,10
2912,1831.6945940087128,45.801609815140566,10
2913,1832.4912315588183,45.77530705800507,10
2914,1833.0232091902199,45.99079323139321,10
2915,1833.90826965888,45.98908628292226,10
2916,1834.704356606259,46.21979985242829,10
2917,1835.4126506513308,46.0881966831089,10
2918,1836.031807042786,46.00384276028555,10
2919,1836.739338714107,46.132049655539134,10
2920,1837.4481410009816,46.12537060029424,10
2921,1838.3327143959407,46.12565275224654,10
2922,1838.6884020709465,46.30593190251649,10
2923,1839.485817873046,46.28167371884461,10
2924,1840.1056995797142,46.47683194236975,10
2925,1840.9903259187554,46.47788696162578,10
2926,1841.5217741157435,46.31647321332022,10
2927,1842.055138830255,46.50144926980057,10
2928,1842.67617997344,46.481763545260144,10
2929,1843.3842375329332,46.73303339315687,10
2930,1843.9164533984053,46.5429826005405,10
2931,1844.623709769336,46.35887452709227,10
2932,1845.3320620398495,46.36528652176731,10
2933,1845.8627743386573,46.1969871756843,10
2934,1846.482354278113,46.509458738520784,10
2935,1847.1911142147624,46.80257511662281,10
2936,1847.8109694478312,46.866973426370656,10
2937,1848.4312694017044,46.932744791216095,10
2938,1849.1385257639074,46.73430556942782,10
2939,1849.6705457431246,46.94853115794055,10
2940,1850.290242155099,46.744954101374944,10
2941,1851.0870173527242,46.65046126665809,10
2942,1851.7951737407525,46.68700179738978,10
2943,1852.5923901255842,46.58542316212694,10
2944,1853.1238559739636,46.73835972702663,10
2945,1853.4789312870023,46.6410019618908,10
2946,1854.2749899994064,46.540695634227355,10
2947,1855.0702139814978,46.4417783526796,10
2948,1855.514398703348,46.50409754474133,10
2949,1856.3105280020864,46.40546228679296,10
2950,1856.7547868432098,46.2224568684711,10
2951,1857.3735779339354,46.34672753778504,10
2952,1857.8162749645649,46.53911584441319,10
2953,1858.260650275003,46.74240428666966,10
2954,1858.704940878771,46.469807375798155,10
2955,1859.3254631887935,46.48793147407209,10
2956,1859.8573031649848,46.528184793637436,10
2957,1860.3888837160036,46.66352082099086,10
2958,1860.9210942854181,46.754162735880584,10
2959,1861.4536119161749,46.798744929100856,10
2960,1862.073594210114,46.60471326898906,10
2961,1862.6941482916445,46.717356286506735,10
2962,1863.225862973573,46.747493169671614,10
2963,1863.7571893989439,46.9713550886296,10
2964,1864.4650016543455,46.79906705363066,10
2965,1864.9095781402898,46.60054490482998,10
2966,1865.5291474862468,46.5417316737321,10
2967,1866.1498286223737,46.418547515943544,10
2968,1866.8583450269107,46.24515954740867,10
2969,1867.566035517195,46.21762833916761,10
2970,1868.1875107973003,46.11557689925188,10
2971,1868.8073060319457,46.18223503317322,10
2972,1869.2507601461734,46.28879072178832,10
2973,1869.7829654299799,46.441710104795604,10
2974,1870.5788247248724,46.46237289795013,10
2975,1871.0226600144038,46.72897920148003,10
2976,1871.5539917348033,46.699348851560586,10
2977,1872.1747893477368,46.97532435283062,10
2978,1872.5290422782796,47.10073878349766,10
2979,1873.236415121923,47.25931955746734,10
2980,1873.9449950463695,47.34574102057784,10
2981,1874.7408066870703,47.36999996178086,10
2982,1875.4487777771378,47.376048583799864,10
2983,1875.9804324501551,47.337271300074995,10
2984,1876.6004112212515,47.24332659179476,10
2985,1877.2205417585665,47.468992188819705,10
2986,1877.8399311038004,47.70223733800786,10
2987,1878.6364733539879,47.67619677067628,10
2988,1879.2558203411402,47.585967685740826,10
2989,1879.8747773171403,47.54579184782266,10
2990,1880.5820866183217,47.75985957561131,10
2991,1881.3781947426105,47.739506342061944,10
2992,1882.2615928143714,47.73985087779134,10
2993,1882.7057669351823,47.75047082553307,10
2994,1883.4141774423297,48.01362908316919,10
2995,1883.9459327052252,48.10632767094212,10
2996,1884.6547985273405,48.11451830767817,10
2997,1885.450588991808,48.175760357329565,10
2998,1886.1587771423685,48.062972060865455,10
2999,1886.7804853713121,48.00657425885454,10
3000,1887.4013888727484,47.816568433748124,10
3001,1888.110222928552,47.64339113034077,10
3002,1888.5528511335574,47.544496328224824,10
3003,1889.1718486982154,47.514333269624125,10
3004,1889.96769210914,47.47896857885832,10
3005,1890.67502259593,47.469644390500335,10
3006,1891.2079743667732,47.69207512363087,10
3007,1891.8277501966872,47.96568297846012,10
3008,1892.4481666313943,48.241229041310824,10
3009,1892.979826604971,48.31658535206073,10
3010,1893.7755023568166,48.29537857732968,10
3011,1894.3088247234416,48.5013414316517,10
3012,1895.0169458109426,48.71932307149421,10
3013,1895.5492199158157,48.47358232558441,10
3014,1896.1699010550178,48.60136491477169,10
3015,1896.9657974060203,48.62883744122614,10
3016,1897.4975420837904,48.58660010708684,10
3017,1898.2080985397752,48.55288029350977,10
3018,1898.9166149411951,48.36748607496888,10
3019,1899.3607255476447,48.671158669966964,10
3020,1899.9803548876766,48.95162845924368,10
3021,1900.5133701900213,48.79009011269219,10
3022,1900.9566654678335,48.93363796913431,10
3023,1901.4877801221178,49.12294174004459,10
3024,1902.1090118709349,48.935023027358774,10
3025,1902.642482473129,48.71021373927198,10
3026,1903.2625018293668,48.580755972073995,10
3027,1903.7935000141024,48.40723882813631,10
3028,1904.5896681380466,48.31663062445243,10
3029,1905.2099116208726,48.21515976039168,10
3030,1905.5661022523116,48.351186542824756,10
3031,1906.010272849509,48.46825446378452,10
3032,1906.7174145018748,48.494185135705955,10
3033,1907.5136038001642,48.562270266553185,10
3034,1908.0459520242468,48.53723652235981,10
3035,1908.6657913845727,48.666453328087385,10
3036,1909.373788947889,48.537827946809514,10
3037,1909.9069313118202,48.684956969891466,10
3038,1910.4376383029235,48.4633070108551,10
3039,1911.2338099535343,48.38878094188718,10
3040,1911.9417298673325,48.29877791496393,10
3041,1912.474088682359,48.51668354514322,10
3042,1913.0069769262095,48.53712496686288,10
3043,1913.540288698146,48.522620556317555,10
3044,1913.9837322272688,48.35824491719438,10
3045,1914.781312155062,48.26863031985939,10
3046,1915.3123103334576,48.46167727859489,10
3047,1915.9314031911817,48.31916027117799,10
3048,1916.3757996802346,48.515053369477215,10
3049,1917.0826801506694,48.732968030568166,10
3050,1917.52518129877,48.700740504110776,10
3051,1918.2348253736952,48.701533664889126,10
3052,1918.5893747838222,48.92672778127448,10
3053,1919.12048413921,48.91286058307347,10
3054,1919.74141411117,48.759487990275794,10
3055,1920.3611105166165,48.67411282599289,10
3056,1920.8933105078752,48.549658355522425,10
3057,1921.601541016477,48.438569127025794,10
3058,1922.3097079890947,48.63309109745659,10
3059,1922.665305660173,48.42926083661186,10
3060,1923.1973309292146,48.55429063402563,10
3061,1923.9061120433737,48.42219984120023,10
3062,1924.6152214040208,48.61854859610969,10
3063,1925.1474478595599,48.56752309266074,10
3064,1925.7665407228783,48.567856286815484,10
3065,1926.210301904417,48.44843846280939,10
3066,1926.7416548153574,48.349009937273,10
3067,1927.3614588586959,48.331830225720616,10
3068,1927.8943894570252,48.14914893982906,10
3069,1928.4253241144063,48.12641655009776,10
3070,1928.868709405969,47.96580211093485,10
3071,1929.400628795544,48.105463137830206,10
3072,1930.021114047558,48.31924659461076,10
3073,1930.7313034309914,48.21933620955078,10
3074,1931.3520957508197,48.4590119656215,10
3075,1931.972385120584,48.69788646766425,10
3076,1932.6809932882757,48.61409258985132,10
3077,1933.2135797559283,48.482731051926216,10
3078,1934.0107767318314,48.46885369018919,10
3079,1934.5413778429424,48.4014836478961,10
3080,1935.161508388463,48.33587697158465,10
3081,1935.7815400998527,48.233807688412206,10
3082,1936.6657799575391,48.233082837049714,10
3083,1937.374259298805,48.20384283457027,10
3084,1938.082327446511,48.514402387873915,10
3085,1938.6150939145023,48.7437332883799,10
3086,1939.2340703013401,48.86679769001696,10
3087,1939.8549102695033,48.993080530118135,10
3088,1940.475575520717,49.0696214724193,10
3089,1941.1824348104237,49.014672227164766,10
3090,1941.8017076824563,48.86488862832103,10
3091,1942.4200734657904,48.695492540085425,10
3092,1942.8633052215137,48.585553364105884,10
3093,1943.306145202038,48.28680123456645,10
3094,1943.9271016404741,48.173708567856984,10
3095,1944.2828157941174,48.30833047906932,10
3096,1944.637264606067,48.34389192590929,10
3097,1945.2570598328712,48.35713145619929,10
3098,1945.8759726915487,48.21389071843506,10
3099,1946.4956796893111,48.10057328332289,10
3100,1947.2039207887603,48.12471137083643,10
3101,1947.7345854317105,48.37921628535176,10
3102,1948.35407006769,48.46079125752195,10
3103,1948.887593614513,48.44598808898682,10
3104,1949.2440383767655,48.42511655378938,10
3105,1949.863300661409,48.33627969930886,10
3106,1950.571975893568,48.23716220826119,10
3107,1951.1924505555846,48.44527575146118,10
3108,1951.8128987422674,48.35439573707407,10
3109,1952.6964874058292,48.35459760865634,10
3110,1953.3164644068474,48.519610426589416,10
3111,1954.0248908083245,48.471064954806714,10
3112,1954.4683555083084,48.527873475113914,10
3113,1955.0883342807683,48.439582808720324,10
3114,1955.7076600916043,48.4130422111198,10
3115,1956.327287678072,48.25010487331623,10
3116,1956.9478417605253,48.13093119126984,10
3117,1957.5678187654223,48.15471184540741,10
3118,1958.1889163874107,48.09698031301116,10
3119,1958.8092163393255,48.3005437495231,10
3120,1959.5180186301604,48.284724774480765,10
3121,1959.9617374566028,48.277227840115714,10
3122,1960.580990904066,48.43589129650556,10
3123,1961.0244132431085,48.30079288286242,10
3124,1961.6442896588312,48.57380641093781,10
3125,1962.440212482225,48.519633898686095,10
3126,1963.1474423785658,48.34658031854103,10
3127,1964.0319310659893,48.346319385401834,10
3128,1964.5652428422386,48.322221632173374,10
3129,1965.1869034261185,48.239716033413586,10
3130,1965.6313316802782,48.318619154604136,10
3131,1966.4281704123018,48.30032968466833,10
3132,1966.9601692137262,48.14378345495738,10
3133,1967.581580960806,48.25084665331094,10
3134,1968.2904997281453,48.509738204721536,10
3135,1968.9120703055044,48.33705292158989,10
3136,1969.6197237415781,48.27450420655602,10
3137,1970.2391024953001,48.44522164554875,10
3138,1970.947396533976,48.31973269226289,10
3139,1971.4793900419972,48.46677210920074,10
3140,1971.8345112395298,48.632801191874954,10
3141,1972.367399472682,48.616467485233926,10
3142,1973.076392356565,48.878508444346025,10
3143,1973.8728498954727,49.11656126818835,10
3144,1974.2285640459613,49.25096063935143,10
3145,1974.8495099018758,49.07444750196144,10
3146,1975.4707734169,49.32738769945553,10
3147,1976.1790251013426,49.54473554235922,10
3148,1976.8867155869605,49.483563724853305,10
3149,1977.5068355258245,49.38619431009516,10
3150,1978.1271778375904,49.396006845289165,10
3151,1978.8366366165676,49.4425983096075,10
3152,1979.2789418657092,49.503963935148576,10
3153,1979.810252407305,49.318336294288535,10
3154,1980.60708583831,49.2649340886888,10
3155,1981.227846396753,49.28699882243181,10
3156,1981.7605652070895,49.603726146909665,10
3157,1982.4693251425774,49.49678366362337,10
3158,1983.1781380174864,49.649027934955086,10
3159,1983.7091468013427,49.88059461665668,10
3160,1984.3296479417131,49.73296991539946,10
3161,1985.126364906289,49.74336184644233,10
3162,1985.7462148421296,49.72565866979004,10
3163,1986.2790748365885,49.632970172033154,10
3164,1986.7225818803,49.89034301652647,10
3165,1986.990143123945,49.764510873110396,10
3166,1987.521728972239,49.923141311718524,10
3167,1988.2299700687483,49.93350476724752,10
3168,1988.8501747274163,49.790773036892624,10
3169,1989.736193456994,49.791324715155675,10
3170,1990.5316662698708,49.70778447945869,10
3171,1991.4167320309396,49.70896451592349,10
3172,1992.1251743150606,49.663333149886995,10
3173,1992.3928837940716,49.777007625990734,10
3174,1993.0118707687154,49.72052559152118,10
3175,1993.8071212184725,49.63757144859329,10
3176,1994.427611773054,49.51683666034789,10
3177,1995.0475517231785,49.421795739874376,10
3178,1995.4909528953006,49.62839728969589,10
3179,1996.0228034573188,49.839049818161826,10
3180,1996.2902270356383,49.9389240681812,10
3181,1996.9984116630726,49.88535770146622,10
3182,1997.7939162330713,50.121546592100046,10
3183,1998.3255497267437,50.31674870502314,10
3184,1998.5929150691259,50.413583888019474,10
3185,1999.3014579384337,50.32104412224384,10
3186,1999.8335485087766,50.395575582139486,10
3187,2000.5422237376329,50.287434715014925,10
3188,2001.3407248652475,50.2321093619329,10
3189,2001.7844507415825,50.10573949403324,10
3190,2002.316576590696,49.947437124295185,10
3191,2003.2005940904958,49.94702070353899,10
3192,2003.8205446244738,49.84818889616693,10
3193,2004.3518445847053,49.79780266530596,10
3194,2004.9724674882334,49.98944536783168,10
3195,2005.5034762600521,49.85625995459193,10
3196,2006.1249780121354,49.9876680203054,10
3197,2006.6571991663145,49.89220502185003,10
3198,2007.2771391164388,50.22834840691907,10
3199,2007.8977567208556,50.19510418283404,10
3200,2008.5171142919753,50.054640553598425,10
3201,2009.04972017004,49.987409223323496,10
3202,2009.5824231066836,50.14340282614599,10
3203,2010.2913665742158,50.15954187309583,10
3204,2010.9106394405128,50.12451916991635,10
3205,2011.442214702673,50.26704987935144,10
3206,2012.06213347335,50.27821986091312,10
3207,2012.5927187060108,50.12385861551627,10
3208,2013.0358075159693,50.245267580561304,10
3209,2013.7426932848575,50.141688625789904,10
3210,2014.3621461580835,50.0085245495844,10
3211,2015.158582523054,50.082127032962966,10
3212,2015.7784165818593,50.14892678901788,10
3213,2016.4869312154526,50.21548990763736,10
3214,2017.195214671618,50.25181613730336,10
3215,2017.9033551745408,50.210534238483525,10
3216,2018.61188216047,50.12168437319301,10
3217,2019.3201020820077,49.94791626823456,10
3218,2019.7643079782665,49.80947176035704,10
3219,2020.2971220974948,49.95830309786101,10
3220,2020.9169455755505,49.78194711726542,10
3221,2021.4485525955665,49.778169577214776,10
3222,2021.8928220331222,49.72234401595711,10
3223,2022.424778478132,49.8555922264867,10
3224,2022.9582596773187,49.734364454609214,10
3225,2023.4029738279926,49.49936019313885,10
3226,2024.0225008151197,49.405340240822056,10
3227,2024.6423772264807,49.410842893387944,10
3228,2025.0860642795312,49.51325481953806,10
3229,2025.6185466229829,49.57463935067052,10
3230,2026.1502118800047,49.48712708570508,10
3231,2026.5048248167404,49.428977875798125,10
3232,2026.9488771794925,49.4382826692567,10
3233,2027.4804895005423,49.274797664204236,10
3234,2028.2779000034552,49.24723789243833,10
3235,2028.8988405643686,49.4592558508737,10
3236,2029.342564682452,49.546400311136594,10
3237,2029.9632458107328,49.457428962046684,10
3238,2030.4949269526992,49.477646081185014,10
3239,2031.0256657111652,49.64921073886568,10
3240,2031.5581833456072,49.88922985768267,10
3241,2032.2663238463945,49.87386290489533,10
3242,2032.7973643894966,50.11859057092761,10
3243,2033.2404743759168,50.383350767642845,10
3244,2033.6837696500436,50.542467644913415,10
3245,2034.3032437038714,50.45382983962814,10
3246,2034.8351472026952,50.63044340665092,10
3247,2035.4559024628584,50.52885266174272,10
3248,2036.0757682837072,50.77124751207375,10
3249,2036.6080635583705,50.71099824745466,10
3250,2037.2274211317922,50.639094462786645,10
3251,2037.8475834309988,50.865866148839046,10
3252,2038.5565869027694,50.768097463046075,10
3253,2039.265050361862,50.69118189301744,10
3254,2039.9735349969142,50.845234842458986,10
3255,2040.5057720379166,50.90653558177339,10
3256,2041.036470216702,50.73394777265318,10
3257,2041.8320736151156,50.65786077192332,10
3258,2042.5397535172892,50.59492568470245,10
3259,2043.0720382142433,50.42855344544128,10
3260,2043.7801946043915,50.25604621310756,10
3261,2044.3122251697466,49.986824056811024,10
3262,2045.1088150718006,49.930009388416174,10
3263,2045.8180303124905,50.24001056398438,10
3264,2046.3501826414831,50.145875440288414,10
3265,2047.0595037695919,50.01641790016171,10
3266,2047.5914919869192,50.10582887877841,10
3267,2048.47628244711,50.106814961896625,10
3268,2048.9198742054455,49.96318965758819,10
3269,2049.628475313998,49.996775130720415,10
3270,2050.1608729554628,49.87129285265195,10
3271,2050.6059965172904,49.83125567689348,10
3272,2051.1380129764048,49.6705881552681,10
3273,2051.846928213374,49.60395123688451,10
3274,2052.379874687068,49.68227267825073,10
3275,2053.0004146510473,49.8946356161027,10
3276,2053.7099440108695,49.89490370103978,10
3277,2054.417535683953,49.93284881256061,10
3278,2055.0364661917,49.83625937119329,10
3279,2055.745903793449,49.68562608004582,10
3280,2056.2772408143637,49.84758597790357,10
3281,2056.898440783617,50.19089917181115,10
3282,2057.7827618203482,50.19130223324853,10
3283,2058.225855921258,50.17878313705768,10
3284,2058.7580664976604,50.19751861988354,10
3285,2059.5550322878307,50.434991549006696,10
3286,2060.3510609991804,50.46657962014433,10
3287,2060.7948927686602,50.53944506966641,10
3288,2061.150617494995,50.58942731866318,10
3289,2061.8586309406783,50.42135538673999,10
3290,2062.3040862860867,50.135173765222305,10
3291,2062.747254512315,50.32699985278848,10
3292,2063.454424396683,50.539330401205895,10
3293,2063.9879267733604,50.34984838912773,10
3294,2064.608300851972,50.23341760225203,10
3295,2065.405245468212,50.140254930948636,10
3296,2065.937360732366,50.21018996303616,10
3297,2066.3828937237367,50.36174141729725,10
3298,2066.9158525486614,50.49007893264878,10
3299,2067.360979640713,50.37716660817491,10
3300,2068.0691854468673,50.259238590650746,10
3301,2068.6896548131335,50.11390993416219,10
3302,2069.398097091881,50.07555361782098,10
3303,2069.8408947190705,50.00751098160636,10
3304,2070.284634719846,49.883576881172964,10
3305,2070.7271623286997,49.893486810639146,10
3306,2071.5237045781746,50.13581385741345,10
3307,2072.143681575774,50.03879810462027,10
3308,2072.8528121059403,49.955079166212855,10
3309,2073.2959326671944,50.22565678860382,10
3310,2073.9161532150606,50.1229157582632,10
3311,2074.5358125591474,49.987602966192306,10
3312,2075.2435824687686,49.993339016719034,10
3313,2075.8626753361905,49.8476186495851,10
3314,2076.3063306255253,50.05782667708002,10
3315,2077.014095240804,49.992511994941225,10
3316,2077.5467558314626,50.02886154675291,10
3317,2078.07972172101,50.222231809263256,10
3318,2078.78851165789,50.49176897829688,10
3319,2079.4077633483103,50.72438746664356,10
3320,2079.762429231847,50.87332782791805,10
3321,2080.3828756646185,50.880153614716576,10
3322,2080.9150068137687,50.890404005148056,10
3323,2081.624110877244,50.81844225819428,10
3324,2082.156088496493,50.64560064030902,10
3325,2082.9523766188895,50.60562628858447,10
3326,2083.837548265661,50.60593376808698,10
3327,2084.1934159471994,50.442136996445484,10
3328,2084.9010429084046,50.59603008369278,10
3329,2085.4334546555806,50.5228589254777,10
3330,2086.140991613068,50.41157504646196,10
3331,2086.936967373707,50.652727489661764,10
3332,2087.467109644317,50.62818165834369,10
3333,2087.9992143355503,50.88004212570174,10
3334,2088.5319013879935,50.74271161131656,10
3335,2089.3276706785014,50.65762984408009,10
3336,2090.035837654153,50.931277920225746,10
3337,2090.303487119905,51.04989446296698,10
3338,2090.747820081445,51.161926031163155,10
3339,2091.191644794192,51.132242369653284,10
3340,2091.813024774387,50.98641731197946,10
3341,2092.5216523512654,51.293964087865675,10
3342,2093.053682919923,51.19300391527841,10
3343,2093.585496413999,51.113546490388096,10
3344,2093.9406776096835,51.25399516161408,10
3345,2094.5604375562457,51.116007626567345,10
3346,2094.9166881890023,51.19581849447838,10
3347,2095.536808138343,51.126174473505294,10
3348,2096.069738736672,50.966845520880845,10
3349,2096.7793457537055,50.96574425559028,10
3350,2097.487163308626,51.125834479920385,10
3351,2097.931369195966,51.366991036768916,10
3352,2098.37660218207,51.154663796475525,10
3353,2098.9982468799185,50.97811956497966,10
3354,2099.5295786003426,50.700719767016786,10
3355,2100.06132328329,50.613171161704216,10
3356,2100.8580984850187,50.64503075852501,10
3357,2101.6558054744282,50.55234782029422,10
3358,2102.188217235266,50.46768661105423,10
3359,2102.808158946102,50.53337543115601,10
3360,2103.427685934719,50.486082722732185,10
3361,2104.0482135501593,50.558537910685665,10
3362,2104.669890015374,50.48439670071167,10
3363,2105.113280587252,50.32363512067304,10
3364,2105.64668766243,50.57978087075002,10
3365,2106.3557970230777,50.74356171688082,10
3366,2106.976361697846,50.667284034765636,10
3367,2107.597540502446,50.9098938409313,10
3368,2108.217014560377,50.78119179293467,10
3369,2108.571828675679,50.96974744944137,10
3370,2109.280235663818,50.86070542715144,10
3371,2109.9876032063903,50.89433291858527,10
3372,2110.695547825146,50.812501113166995,10
3373,2111.4033230335654,50.72902482184111,10
3374,2112.023564751686,50.544568152353676,10
3375,2112.8195352251687,50.456448174785216,10
3376,2113.3505598904444,50.573034453173356,10
3377,2114.0580386088295,50.46463448231441,10
3378,2114.854150253619,50.49899461410685,10
3379,2115.3861914125655,50.76734460310079,10
3380,2116.2715324764404,50.76743075353703,10
3381,2116.8025783112207,50.76217443775569,10
3382,2117.335297125958,50.97371716370767,10
3383,2117.868185365706,50.824032840818475,10
3384,2118.6637552377397,50.79484453458761,10
3385,2119.284653441126,50.643918212709174,10
3386,2119.9045510315796,50.57598540657131,10
3387,2120.524095663085,50.779215574490365,10
3388,2120.967226813331,50.60139660857169,10
3389,2121.498865607231,50.77072457552998,10
3390,2121.7651879819023,50.590384409384534,10
3391,2122.209065634655,50.83219169079973,10
3392,2122.917147902979,50.820584832870125,10
3393,2123.3620738240215,50.929227231681764,10
3394,2123.9810713846355,51.089884201574726,10
3395,2124.425061978551,50.86621386058183,10
3396,2124.780246693618,50.84279869484089,10
3397,2125.3124731511643,50.72578758374949,10
3398,2125.7566896362846,50.74194004082117,10
3399,2126.2890696160457,50.66738795038309,10
3400,2126.6461496836864,50.486077962273,10
3401,2127.178593198513,50.71114041917144,10
3402,2127.71152378799,50.594842060503794,10
3403,2128.4201354816473,50.74579142093192,10
3404,2129.1288848205354,50.71348476903858,10
3405,2129.4845583850574,50.3991351910994,10
3406,2129.9280972081333,50.447814234811815,10
3407,2130.2852584670613,50.51477599607887,10
3408,2130.992779544135,50.48525933411724,10
3409,2131.613280677337,50.490152667482675,10
3410,2132.3207011708196,50.416471930887965,10
3411,2133.0279928275095,50.37822511702126,10
3412,2133.735203306688,50.373683861871186,10
3413,2134.355725616283,50.37287307944032,10
3414,2135.064294955199,50.40330403758958,10
3415,2135.7738172662325,50.57357932276238,10
3416,2136.481994834924,50.504700035182914,10
3417,2137.1025171522056,50.71092646518123,10
3418,2137.5452671297526,50.86009416159062,10
3419,2138.0770806259175,50.83495040855883,10
3420,2138.785332312802,50.77028129923503,10
3421,2139.3170664074783,50.663189781582,10
3422,2139.9368704627714,50.702267905659355,10
3423,2140.468763374362,50.66536433707841,10
3424,2140.9998515617262,50.84226240818164,10
3425,2141.707330286409,50.81107226705755,10
3426,2142.1504632103047,50.819402003619,10
3427,2142.7702584449503,50.929701306618355,10
3428,2143.38872658094,50.93923629311115,10
3429,2143.920111249611,51.15771179525354,10
3430,2144.53939470376,51.14219504522016,10
3431,2144.9819223199956,51.43186822115542,10
3432,2145.1601976629404,51.557233340615184,10
3433,2145.778448735069,51.4162783478532,10
3434,2146.133262847331,51.26964507556738,10
3435,2146.665166342052,51.207820046165104,10
3436,2147.285148640118,51.22269316964505,10
3437,2147.904739158883,51.10621977063413,10
3438,2148.436790894828,51.10141740673988,10
3439,2148.9681914372345,51.119151643247314,10
3440,2149.4998796404925,50.95655453269352,10
3441,2150.030110147817,50.815357112636406,10
3442,2150.2982908135714,50.76747744811139,10
3443,2150.653761425911,50.5732636888843,10
3444,2151.0965590392857,50.392853653405304,10
3445,2151.5413367205483,50.25698376654491,10
3446,2152.3375189652543,50.194653546161376,10
3447,2152.9566806443954,50.225668293790726,10
3448,2153.400357109387,50.223054055293744,10
3449,2154.0205617672464,50.44438703656637,10
3450,2154.7285487310837,50.43715501046884,10
3451,2155.2610928324266,50.80396366485931,10
3452,2155.8811915995693,50.87461196375432,10
3453,2156.500930364699,51.0432876315919,10
3454,2156.8558503639897,50.88644505978964,10
3455,2157.388791545235,50.67369575315516,10
3456,2158.096609103911,50.62263836006159,10
3457,2158.62829025229,50.54037526232531,10
3458,2159.2489290370013,50.450761034706645,10
3459,2159.781091954276,50.292848411621286,10
3460,2160.225562569028,50.21992225028272,10
3461,2160.5814302432946,50.15231952195224,10
3462,2161.2018784361467,50.18769803654989,10
3463,2161.469545554083,50.0956835674984,10
3464,2161.9139526344375,50.26140246584822,10
3465,2162.4454325880747,50.41936332795749,10
3466,2162.9755501477307,50.5882043532711,10
3467,2163.5950065498328,50.818414400901915,10
3468,2164.126765342403,50.92653831574307,10
3469,2164.5702088643134,50.92152865688765,10
3470,2165.18977291338,50.89571523367263,10
3471,2165.6337299753973,50.87046080894871,10
3472,2166.0760969943867,50.88683101904218,10
3473,2166.695671637305,50.76160510961782,10
3474,2167.2269857085785,50.865045049124056,10
3475,2167.758559207162,50.72358428629689,10
3476,2168.377389119453,50.63375581873935,10
3477,2168.8217856151023,50.51856268986068,10
3478,2169.5303867093216,50.41923612498237,10
3479,2170.1516502202435,50.46631673971147,10
3480,2170.770718372466,50.5306548672175,10
3481,2171.214013646593,50.63508542929341,10
3482,2171.745864204508,50.47670978406704,10
3483,2172.277534763874,50.28083208991814,10
3484,2172.8090041381647,50.155889535043876,10
3485,2173.5171605335986,50.43096305454897,10
3486,2173.9607169967717,50.607003698470315,10
3487,2174.315845249096,50.74759475878562,10
3488,2174.9354534205577,50.72368782250753,10
3489,2175.555485132331,50.96502953431855,10
3490,2176.0875015799365,51.202298319705825,10
3491,2176.5318133711708,51.38060435767231,10
3492,2177.1513244832536,51.19201064173713,10
3493,2177.770046750428,51.06308828858157,10
3494,2178.302200852338,51.30426824306794,10
3495,2178.8351843917785,51.427996004569664,10
3496,2179.6317019370968,51.487868624987094,10
3497,2180.4284559607713,51.5488690897386,10
3498,2181.0478558941586,51.44659002488784,10
3499,2181.5797541059883,51.718784109085355,10
3500,2181.937183598711,52.01773724973262,10
3501,2182.4701530239527,51.81053467968424,10
3502,2183.177977640119,51.81627750960472,10
3503,2183.796805790228,51.89210175100853,10
3504,2184.5926386150377,51.7907740938333,10
3505,2185.036706865786,51.74634715070142,10
3506,2185.8327196898294,51.80762336861968,10
3507,2186.10114918001,51.83175281208663,10
3508,2186.632424420933,51.92801397405069,10
3509,2187.1640896805575,52.077299453880876,10
3510,2187.696067307857,51.95619328546443,10
3511,2188.0524061741917,51.933491559558185,10
3512,2188.6717002197965,51.800814262755075,10
3513,2189.204249614781,51.566829733564056,10
3514,2189.559695517667,51.60884366561551,10
3515,2190.178814842097,51.53368179513568,10
3516,2190.6223695504787,51.40640751089959,10
3517,2191.330854188751,51.69057557451778,10
3518,2192.038438796778,51.718973476428765,10
3519,2192.746859897379,51.72851070515388,10
3520,2193.454232733967,51.915031164979794,10
3521,2194.2511773467845,51.94454593304179,10
3522,2195.135083666393,51.94519538781687,10
3523,2195.6668565735526,52.08947210318752,10
3524,2196.2858435481967,52.30622081126067,10
3525,2196.8173623394587,52.578314805985734,10
3526,2197.438276432821,52.6308577272368,10
3527,2198.234328083164,52.573184447970846,10
3528,2198.8557151217105,52.59907413241116,10
3529,2199.476597445705,52.516316555240394,10
3530,2200.007150910951,52.79483622042919,10
3531,2200.539954439037,52.94643190323816,10
3532,2201.248338483827,53.2314265286038,10
3533,2201.957966678009,53.36112345156874,10
3534,2202.489801356884,53.176051042808076,10
3535,2203.286348899703,53.138745771337724,10
3536,2203.9048876256793,52.911507001174236,10
3537,2204.4355046233095,53.17612975123148,10
3538,2205.2322480590024,53.240591403210466,10
3539,2205.851044437914,53.22045831067169,10
3540,2206.5592114119704,53.24177833757911,10
3541,2207.179416074333,53.43001012119081,10
3542,2207.5355325809696,53.46758072514609,10
3543,2208.0679549295937,53.346969092226956,10
3544,2208.335849709851,53.406975434648174,10
3545,2209.2199836843242,53.407602414502705,10
3546,2209.840131865608,53.28198806287722,10
3547,2210.371338289219,53.28727118764793,10
3548,2211.1668640393714,53.18937839950568,10
3549,2211.7874145925275,53.012267941298504,10
3550,2212.319085148951,53.009335981886395,10
3551,2213.1148226707273,53.037604658226826,10
3552,2213.6467473592234,52.91475270789068,10
3553,2214.0896226194795,52.678860090404775,10
3554,2214.6213355233363,52.67545662568018,10
3555,2215.0654778843955,52.73059626111639,10
3556,2215.6856295990956,52.732498420109756,10
3557,2216.2175401621375,53.0140652290339,10
3558,2216.83660831436,53.05230134101242,10
3559,2217.28013655194,52.707758044209584,10
3560,2217.899647670133,52.62046430954109,10
3561,2218.6083334846758,52.64604499803957,10
3562,2219.404752204364,52.86525232768221,10
3563,2220.025729813036,52.84364508281485,10
3564,2220.381623973376,52.569119662827426,10
3565,2221.1777073909793,52.63722453744615,10
3566,2221.798102639408,52.558756124192364,10
3567,2222.4178519896923,52.625177158192265,10
3568,2223.1270778201806,52.61675385159123,10
3569,2223.8348741945806,52.47770471416211,10
3570,2224.542465859921,52.50586736899095,10
3571,2225.3382139741348,52.41255824094326,10
3572,2225.8715239912553,52.29110635337674,10
3573,2226.581279248402,52.54289228674582,10
3574,2227.2002873995602,52.52366216776122,10
3575,2227.8188508317826,52.692231980580665,10
3576,2228.26215140803,52.7638965450667,10
3577,2228.881567216459,53.00308642549036,10
3578,2229.5005171232942,52.98652117058557,10
3579,2229.943695928106,52.93805403781613,10
3580,2230.299611260857,52.68102743137441,10
3581,2230.8305476779406,52.86604460438978,10
3582,2231.450095835211,53.00404956979539,10
3583,2231.8937193630723,53.29444605355995,10
3584,2232.425082855202,53.053336967416946,10
3585,2233.1330433563585,53.08802030113629,10
3586,2233.753249778095,53.177223266433415,10
3587,2234.1956185562303,53.40808595979891,10
3588,2234.6387550138265,53.51008869630144,10
3589,2235.2584796479314,53.426738393029574,10
3590,2235.9675889972177,53.32880963309511,10
3591,2236.5869042183504,53.38455265822913,10
3592,2237.383097047357,53.45073479044044,10
3593,2238.1798087115135,53.48125974360701,10
3594,2238.79955276978,53.31420753374073,10
3595,2239.4188538772105,53.179750417251235,10
3596,2239.863499196765,53.1054404879571,10
3597,2240.395312701228,53.09794790100819,10
3598,2240.9266761864337,53.4031709389967,10
3599,2241.5455255140528,53.342223843202156,10
3600,2242.254656048107,53.29817642798384,10
3601,2242.8759936718016,53.46893343013138,10
3602,2243.407971298277,53.48811999907889,10
3603,2244.027905946309,53.47568283781423,10
3604,2244.5607941901603,53.33414712185017,10
3605,2244.9158677277705,53.34465852193338,10
3606,2245.623240563733,53.264818315708006,10
3607,2246.243953476607,53.29593901990738,10
3608,2246.5122664897394,53.53793568041718,10
3609,2246.9570335734707,53.35221373518864,10
3610,2247.4016206620663,53.205379774249764,10
3611,2248.197808193393,53.16406786380405,10
3612,2248.906441054592,53.090255043994084,10
3613,2249.3498210404714,53.13594653458856,10
3614,2249.7942704619268,53.24896413503557,10
3615,2250.4144962886758,53.22193433572465,10
3616,2251.1226103243093,53.22362414361281,10
3617,2251.921270279735,53.18566978678406,10
3618,2252.7187972632164,53.1217646625537,10
3619,2253.3383771917006,53.014473332553486,10
3620,2254.046125925711,53.04855641917429,10
3621,2254.843547026143,53.01620227967775,10
3622,2255.4627881239403,53.33216325448179,10
3623,2256.171876300604,53.15802539514458,10
3624,2256.6159974921593,53.39508880669217,10
3625,2256.8825951725175,53.5150918730271,10
3626,2257.41360923701,53.616138448474864,10
3627,2258.034279789438,53.496055624904706,10
3628,2258.9186890652995,53.49639910730381,10
3629,2259.450063139321,53.48858664142727,10
3630,2260.334663006583,53.4900702143699,10
3631,2261.043486474352,53.59114817457029,10
3632,2261.750838133681,53.51808124268521,10
3633,2262.459313938076,53.511001348234515,10
3634,2262.9905080092785,53.40919218053487,10
3635,2263.5224432829004,53.555343718471946,10
3636,2264.318530226351,53.442177789837025,10
3637,2264.762180224788,53.66013851206826,10
3638,2265.6461183114866,53.66018567297275,10
3639,2266.3546929531963,53.528549375235485,10
3640,2266.886017624515,53.737987724473385,10
3641,2267.2403870272183,53.71213286346557,10
3642,2267.9477510394145,53.58054084066994,10
3643,2268.566722126382,53.89623972523331,10
3644,2269.186450305355,54.15048718797879,10
3645,2269.806406137409,54.065378090201044,10
3646,2270.4263354865743,53.88496789627003,10
3647,2271.046582491512,53.810930926177974,10
3648,2271.66616771794,53.627108579077515,10
3649,2272.2857211745395,53.41582810229065,10
3650,2272.9060052412233,53.20762677337572,10
3651,2273.5253416402124,53.410214428957,10
3652,2274.3221486021735,53.37660158227916,10
3653,2274.942893269424,53.215768675236845,10
3654,2275.7390508033404,53.185239822356095,10
3655,2276.3582866094844,53.118208887479405,10
3656,2276.889932461619,53.2547344866538,10
3657,2277.597802964151,53.218356180534826,10
3658,2278.1298652916676,52.99244755151858,10
3659,2278.6618535038174,52.93139540893695,10
3660,2279.3709099109515,52.92668152517337,10
3661,2280.0779015659996,52.717078474169426,10
3662,2280.8748779445605,52.6067116978593,10
3663,2281.407538531192,52.54158318011711,10
3664,2282.02865380433,52.362532970768704,10
3665,2282.6503567373948,52.25290845927458,10
3666,2283.095356776261,52.11945954507627,10
3667,2283.7165426364677,52.01365899131635,10
3668,2284.42618671338,52.00882147057272,10
3669,2285.2235230993538,51.966095905609365,10
3670,2285.9321983196205,52.21512413679535,10
3671,2286.4633447380475,52.230869029024966,10
3672,2286.9958412026117,52.18593563477384,10
3673,2287.617778845574,52.19526268580706,10
3674,2288.0617729765972,52.31143142844119,10
3675,2288.683534141977,52.50558768784291,10
3676,2289.3932364510943,52.61634905302822,10
3677,2289.8368529117915,52.61452152681882,10
3678,2290.7215586655257,52.61487271843335,10
3679,2291.1648539523803,52.57237443419478,10
3680,2291.7841091716227,52.58818306440305,10
3681,2292.315455013613,52.862513317709166,10
3682,2293.111801380427,53.08131076278957,10
3683,2293.7307777713677,53.13970559959113,10
3684,2294.2643966221754,52.89144451312356,10
3685,2294.5318943306875,53.16293721007717,10
3686,2295.1512907283836,52.993262911805424,10
3687,2295.506406626201,52.947769523600925,10
3688,2296.0383313031066,52.915905265570096,10
3689,2296.39302893979,53.09367089922501,10
3690,2296.749103096029,52.937304714269146,10
3691,2297.2803254115365,53.04169998738508,10
3692,2297.90001123587,53.06735305649846,10
3693,2298.5198558876873,52.99306334447856,10
3694,2298.8753900258494,52.966784672295766,10
3695,2299.6716781549644,52.901493011229135,10
3696,2300.3800569062737,53.18069589596996,10
3697,2301.0870697376868,53.01432426697772,10
3698,2301.7071896911307,53.085685074438764,10
3699,2302.5908471799285,53.08547518591045,10
3700,2303.21050652477,52.81946761135021,10
3701,2303.8304888145663,52.71853293056703,10
3702,2304.2734558460975,52.86463514005307,10
3703,2304.7166734773064,53.014005438246265,10
3704,2305.512553940286,52.91401956751964,10
3705,2305.8679980883503,52.90406627223934,10
3706,2306.4868156461775,52.93912404256097,10
3707,2307.1944849618985,52.96718835155052,10
3708,2307.9036896192983,52.96061722979767,10
3709,2308.6114930627564,53.054321166446876,10
3710,2309.053718906642,52.789006264611245,10
3711,2309.585442406251,52.903394707093504,10
3712,2310.3816775897963,53.12194094917313,10
3713,2311.0903104663003,53.09379392578461,10
3714,2311.798752750169,53.05867394817815,10
3715,2312.330439185729,53.37022666218534,10
3716,2312.8622368100177,53.23046905168017,10
3717,2313.217733892129,53.19773623624213,10
3718,2313.9251914358842,53.228746409674876,10
3719,2314.633774892788,53.51557550510818,10
3720,2315.3424289437594,53.485839855243924,10
3721,2315.610074889172,53.29221112404438,10
3722,2316.0537196038795,53.13850360161287,10
3723,2316.761177152684,53.29547843530189,10
3724,2317.4682164522665,53.22660686075879,10
3725,2317.911411137622,53.1837352811078,10
3726,2318.708779294774,53.14986700558658,10
3727,2319.505835091108,53.21316813345846,10
3728,2319.948574474966,53.302167834102065,10
3729,2320.4798867973996,53.00616874996187,10
3730,2321.188397904567,52.97459290325227,10
3731,2321.6322226108423,52.89679944154987,10
3732,2322.0759626146705,53.07272079804861,10
3733,2322.8713136540264,53.01740224227247,10
3734,2323.4052766308064,53.14619537771445,10
3735,2323.8485630994196,53.24012288284756,10
3736,2324.4675500744106,53.40895965677436,10
3737,2324.9998030023726,53.68879957771583,10
3738,2325.708689999019,53.600465790939765,10
3739,2326.152414119657,53.76218603216084,10
3740,2326.772669952569,53.5745448903165,10
3741,2327.392848137075,53.55039229698911,10
3742,2328.0124068880345,53.58817192672291,10
3743,2328.544268030838,53.63948723554263,10
3744,2329.1638691423373,53.95668651726436,10
3745,2329.694962618659,54.11127866830615,10
3746,2330.3140925342313,54.009342296688644,10
3747,2330.8454507296665,53.69501601729637,10
3748,2331.464972427627,53.69480925740843,10
3749,2331.9079659462204,53.98528518882106,10
3750,2332.3520077257563,54.07773612876996,10
3751,2332.883837101371,53.984484062255184,10
3752,2333.6796487380702,53.95094615832613,10
3753,2334.299948693658,53.85966489891009,10
3754,2334.920280412329,53.789052745245115,10
3755,2335.5403685908254,53.782700483441154,10
3756,2336.2484402653567,53.83017057299192,10
3757,2336.868930812304,53.65495030476595,10
3758,2337.5766318870674,53.705803201857435,10
3759,2338.10828655338,53.6441466310067,10
3760,2338.7281682539497,53.5918832921089,10
3761,2339.348574088277,53.676333406975296,10
3762,2339.8804352381894,53.789996984890635,10
3763,2340.587998662436,53.834465507256354,10
3764,2341.2086303929527,53.81821096435604,10
3765,2341.7405374285418,54.059656309832135,10
3766,2342.359683234188,53.8612692718642,10
3767,2342.9800290747926,53.66769189372246,10
3768,2343.334862608479,53.73158581906391,10
3769,2344.0427754644816,53.72838797489697,10
3770,2344.7509953863787,53.7754265921053,10
3771,2345.3716024140654,53.781639578515204,10
3772,2345.990659976167,53.840399738998215,10
3773,2346.521374031332,53.926711822172905,10
3774,2347.228762758877,53.86449436478766,10
3775,2347.8480091528722,53.94005073322716,10
3776,2348.115157426918,53.95804113447499,10
3777,2348.4700033206072,53.92363245084081,10
3778,2349.0007438515327,54.229317673168914,10
3779,2349.533351491902,54.06183700760402,10
3780,2350.241486704209,53.990275676731954,10
3781,2350.7732949106003,53.767556527026755,10
3782,2351.2167172660024,53.47292656042272,10
3783,2351.7486189928973,53.651956676931526,10
3784,2352.192570774115,53.47882634835689,10
3785,2352.636956667805,53.40187157376553,10
3786,2353.344869518322,53.63656215351383,10
3787,2354.053814752576,53.57196509442954,10
3788,2354.6740405918495,53.511823249288575,10
3789,2355.470836966092,53.60228956065172,10
3790,2356.0029310632317,53.61566420869235,10
3791,2356.6225639435866,53.65782331624785,10
3792,2357.330201497137,53.687916197872255,10
3793,2358.038188468097,53.65265592568711,10
3794,2358.8338801078694,53.59241004298106,10
3795,2359.5411894135373,53.54154569768579,10
3796,2360.0717693519973,53.27247064537975,10
3797,2360.6923657888706,53.266284530258886,10
3798,2361.2231575025253,53.08022694123405,10
3799,2361.7550186482663,53.02150691086841,10
3800,2362.4624091358255,52.909951745457064,10
3801,2362.818049174776,53.149312040725746,10
3802,2363.61466024889,53.17168885499559,10
3803,2364.2341837104836,53.08292650482976,10
3804,2364.7675272539404,53.166943713173666,10
3805,2365.122378445897,53.45859359455779,10
3806,2365.6545060750022,53.29700068430126,10
3807,2366.4508736147554,53.243339600361445,10
3808,2367.2482205956844,53.307022204464275,10
3809,2367.9560169749325,53.39562937796882,10
3810,2368.6635857041556,53.32717228613397,10
3811,2369.371450911828,53.2607536119042,10
3812,2370.0792578782475,53.37494165810372,10
3813,2370.5220555022906,53.70814412629846,10
3814,2370.876569615758,53.93006013133009,10
3815,2371.4078907509306,54.11384978180189,10
3816,2371.851260160438,53.91020174621489,10
3817,2372.5593389021374,53.95946781927657,10
3818,2373.266796449483,53.75180889145289,10
3819,2373.7982234602446,53.66980986818001,10
3820,2374.3303069697213,53.805284413500516,10
3821,2375.1268492197173,53.75123180236262,10
3822,2375.7478268410387,54.0785296877612,10
3823,2376.456523245475,54.19442737529634,10
3824,2376.900760917094,54.153549304844184,10
3825,2377.608514943831,54.01025646018729,10
3826,2378.4934854095363,54.01089279684943,10
3827,2379.1142194935,54.07998624710442,10
3828,2379.821804094662,53.99178430141634,10
3829,2380.6178275069897,54.05212134378309,10
3830,2381.1487427428306,54.35919935380408,10
3831,2381.680561532242,54.19769630142769,10
3832,2382.565341404478,54.19782890695791,10
3833,2382.920653195838,54.429200330295494,10
3834,2383.5398307632545,54.365710698751286,10
3835,2384.0720413254217,54.12177589968802,10
3836,2384.604040129828,54.141796522386635,10
3837,2385.311963572004,54.44243211456741,10
3838,2386.10899289476,54.47038839122571,10
3839,2386.6414999397343,54.541484048294805,10
3840,2387.437290404473,54.510237655240694,10
3841,2388.144875011588,54.81176866005733,10
3842,2388.6767679274376,54.92155198481166,10
3843,2389.3842360626663,54.77518557343349,10
3844,2389.82785429088,54.877657553751725,10
3845,2390.4475506953077,55.07324281857518,10
3846,2391.2440717709715,55.13320261735128,10
3847,2391.863709943644,55.07898651717568,10
3848,2392.4834169422074,55.151758333107594,10
3849,2392.927756956486,55.428305515950086,10
3850,2393.3716575488897,55.4362195274133,10
3851,2393.815339305866,55.28951052239405,10
3852,2394.4352210097395,55.2587437838158,10
3853,2395.232133860138,55.167850576717655,10
3854,2395.67496678285,55.06217969376416,10
3855,2396.1195962219213,55.133146468980065,10
3856,2396.827233769864,55.25780880120057,10
3857,2397.3594337492996,55.18633536082397,10
3858,2398.0673360155643,55.09392411186859,10
3859,2398.7751429824266,55.20797319506256,10
3860,2399.4824522913373,55.19347041760016,10
3861,2400.279365141011,55.22363926371889,10
3862,2400.987600939518,55.018708928157544,10
3863,2401.6068261537357,55.079182513404966,10
3864,2402.050973811719,55.11300198909695,10
3865,2402.582612591111,54.94681312755929,10
3866,2403.1137749051304,55.12115221489652,10
3867,2403.7347507583086,54.998560476764,10
3868,2404.443073036454,55.096098490336026,10
3869,2404.975950687265,55.29906635936169,10
3870,2405.330733054391,55.270090188726,10
3871,2405.774134221629,55.54812939865032,10
3872,2406.306403030293,55.61624989245037,10
3873,2406.8388412487957,55.67560706993715,10
3874,2407.634764064459,55.70380448605849,10
3875,2408.166116970452,55.5853254952095,10
3876,2408.6977345804776,55.8020598018645,10
3877,2409.317367455705,56.01105969123585,10
3878,2409.9362644361922,56.20753289995949,10
3879,2410.6439231645236,56.11334153086928,10
3880,2411.263333675689,56.175576371214916,10
3881,2411.8830036174004,56.47584055034367,10
3882,2412.503038863054,56.69341646135166,10
3883,2413.033708803099,56.76251130665207,10
3884,2413.5646964000152,56.83739603801686,10
3885,2414.271804527979,56.94860816552465,10
3886,2414.9794314935675,57.10057824537901,10
3887,2415.776270217065,57.03840546545065,10
3888,2416.2198725772946,56.82027173732117,10
3889,2416.6633372837778,56.97872231669399,10
3890,2417.283150162954,56.846170218421356,10
3891,2417.816017221394,56.72714816843851,10
3892,2418.52347477503,56.84015305642612,10
3893,2419.231816457946,56.72836352685296,10
3894,2419.9403222665755,56.65138000890111,10
3895,2420.73612332125,56.54321781724592,10
3896,2421.179600380205,56.66906042193326,10
3897,2421.535547482687,56.903310436411346,10
3898,2422.331729724089,56.92903360509707,10
3899,2423.0407278996363,57.10490984728154,10
3900,2423.4844308421034,57.25653928123165,10
3901,2424.1047219702928,57.34327923756477,10
3902,2424.636604291861,57.245532792308296,10
3903,2425.2574972011003,57.063858741407614,10
3904,2425.7010995504393,57.18146185568408,10
3905,2426.4975041524694,57.13771129768085,10
3906,2427.2050958131927,57.06220801163507,10
3907,2427.9136016254897,56.91867974733581,10
3908,2428.710292109988,56.851502152680936,10
3909,2429.2417085322004,56.934693293754314,10
3910,2429.8614843486257,56.88748933017013,10
3911,2430.5689207187224,56.889925016867814,10
3912,2431.1893442021947,56.912902349725066,10
3913,2431.8079341103544,56.80002012761964,10
3914,2432.3391917095623,56.95939903025922,10
3915,2432.9584539809266,56.826305899444336,10
3916,2433.5787645249197,56.8950831078086,10
3917,2434.0223245214506,57.19339177047163,10
3918,2434.465727455366,57.27890980486428,10
3919,2434.820573338824,57.14696734588472,10
3920,2435.352328599608,57.08304015652046,10
3921,2436.058917886351,56.974286292191415,10
3922,2436.5010519604098,56.82706203688058,10
3923,2436.9452049117417,56.918335761203956,10
3924,2437.5652560317676,56.79746992038208,10
3925,2438.185137740274,56.68740136627273,10
3926,2438.8046223787314,56.466942884661194,10
3927,2439.423694060127,56.51541457082488,10
3928,2440.1316280879405,56.6248946052032,10
3929,2440.9291444823966,56.56672400966544,10
3930,2441.5494550181743,56.38907628025982,10
3931,2442.2571243337993,56.35375786725546,10
3932,2442.8773819356875,56.47021814821015,10
3933,2443.496210086566,56.508998447147306,10
3934,2444.3823982318,56.50871096814071,10
3935,2445.0906499117555,56.59479751545836,10
3936,2445.798065102312,56.492976423110065,10
3937,2446.4182415225478,56.422681329324774,10
3938,2447.127197346208,56.469638968344164,10
3939,2447.9231678117203,56.489746920784064,10
3940,2448.3664895623806,56.39979758871951,10
3941,2448.986154208492,56.32206679799041,10
3942,2449.430469525538,56.66222981761257,10
3943,2449.96210301944,56.64689831313729,10
3944,2450.758359379114,56.546899374201715,10
3945,2451.291095853536,56.42311564348172,10
3946,2452.087489863309,56.49360409734654,10
3947,2452.6193616014853,56.29320134468342,10
3948,2453.2390050697536,56.20686616537082,10
3949,2454.0354308488145,56.280584834243996,10
3950,2454.654867826436,56.58093780473141,10
3951,2455.4520771557773,56.53561112419141,10
3952,2456.1592523439995,56.568772091032116,10
3953,2456.9563469605596,56.52149303901291,10
3954,2457.5770333866076,56.69874806383288,10
3955,2458.2851703587867,56.61702245382055,10
3956,2458.993363813571,56.72244542915172,10
3957,2459.4371355818816,56.83361095260675,10
3958,2459.9687461330877,56.781613015341726,10
3959,2460.677103710003,56.78201345264892,10
3960,2461.473086532814,56.724309050658384,10
3961,2462.092599410252,56.516701207993755,10
3962,2462.536291759679,56.44048584558279,10
3963,2462.9796082221014,56.67700839170727,10
3964,2463.687468135278,56.6136435876131,10
3965,2464.2186145586084,56.404822650521474,10
3966,2464.9270780171523,56.34111784652641,10
3967,2465.5466897130786,56.60347334758879,10
3968,2466.4304954418853,56.60375130116449,10
3969,2466.9620918806404,56.624098184283724,10
3970,2467.4934924277804,56.49890045707986,10
3971,2468.0265500846463,56.261387032863105,10
3972,2468.6471147472016,56.24631835696285,10
3973,2469.179410031954,56.36623014900895,10
3974,2469.887128760506,56.306676056781704,10
3975,2470.507022827879,56.23873324333912,10
3976,2471.2150839158335,56.52107215806081,10
3977,2471.9229014656266,56.744961845434375,10
3978,2472.631375510079,56.68642236467176,10
3979,2473.2514919300565,56.91035945775572,10
3980,2473.95854710767,56.836386218276466,10
3981,2474.6662164204686,56.93641595435606,10
3982,2475.1103481964233,57.05752321897667,10
3983,2475.7316222954983,57.13148773400089,10
3984,2476.5276721845594,57.0288004339024,10
3985,2477.2365115340044,56.8662692927368,10
3986,2477.8555514593427,57.17238687801681,10
3987,2478.299958541299,57.25390901861676,10
3988,2479.0091420192452,57.14103913467162,10
3989,2479.540653754783,57.3621255031204,10
3990,2479.985029059368,57.29585038517892,10
3991,2480.5192832185116,57.34691420176065,10
3992,2481.139657294402,57.45102808770735,10
3993,2481.8485760562835,57.615032502996456,10
3994,2482.2926337229806,57.75997173453496,10
3995,2482.9998000871187,57.78570107630756,10
3996,2483.5308247523935,57.61727536095108,10
3997,2484.3265940345013,57.63580171137475,10
3998,2485.1230515786856,57.84172864146567,10
3999,2485.8320921107183,57.78411791387569,10
4000,2486.4527097220234,57.701238024517025,10
4001,2486.9844967537465,57.63697005308115,10
4002,2487.5173744017643,57.746144625177756,10
4003,2488.0502944058703,57.474599659469966,10
4004,2488.4946273606074,57.590274144288244,10
4005,2489.2024872734924,57.67851619308056,10
4006,2489.9979653774144,57.56357521027504,10
4007,2490.706534720732,57.45066701098981,10
4008,2491.3277188145094,57.730192609801335,10
4009,2492.034985770886,57.81902916824851,10
4010,2492.8317292050665,57.75481256506827,10
4011,2493.539356163705,57.64715742274052,10
4012,2494.336004302111,57.85360333828555,10
4013,2495.043768917881,57.860599347919894,10
4014,2495.663537677561,57.828433314551155,10
4015,2496.107298862343,58.01553003089356,10
4016,2496.902686968112,57.97245968574383,10
4017,2497.521977487157,57.799328717997795,10
4018,2498.3173761801304,57.737758673553856,10
4019,2498.8497932303626,57.51034405000751,10
4020,2499.4691190375115,57.554830561900765,10
4021,2499.8243778912306,57.464294581922466,10
4022,2500.4437778205147,57.57627761442059,10
4023,2500.976348399945,57.5007947559925,10
4024,2501.5083895525468,57.35539352778257,10
4025,2501.951430717918,57.43988500741064,10
4026,2502.5708041731605,57.31537518038885,10
4027,2503.4552663901086,57.31536073270299,10
4028,2504.2514592209277,57.27488267132213,10
4029,2504.6954745336247,57.51582373633566,10
4030,2505.3166215765714,57.322811834752024,10
4031,2506.113502656964,57.220481827721166,10
4032,2506.910627274657,57.42885865601421,10
4033,2507.618810131261,57.410203964827446,10
4034,2508.1504171604074,57.71758119725532,10
4035,2508.857620581508,57.67629344718794,10
4036,2509.6536281101908,57.66362681229078,10
4037,2510.274806908897,57.83654275145942,10
4038,2510.9822644534215,57.936636252974594,10
4039,2511.51323615576,58.28372953965356,10
4040,2512.220307224406,58.26514170349801,10
4041,2512.6653019695514,58.44596085560078,10
4042,2513.3732677643934,58.3334513610428,10
4043,2513.9932500599343,58.23747939693518,10
4044,2514.525291221632,58.29660021700604,10
4045,2515.2331299572174,58.394510825682076,10
4046,2515.8531404931155,58.24212120865124,10
4047,2516.1207123222157,58.43853412972884,10
4048,2516.917858117313,58.51659284322853,10
4049,2517.538751032065,58.5810836066291,10
4050,2517.982279269646,58.70956244774227,10
4051,2518.6028439452384,58.69022787734858,10
4052,2518.958483975462,58.94562922890793,10
4053,2519.491149852626,58.82555270292103,10
4054,2519.9355463452857,58.77122701847281,10
4055,2520.292711118744,58.42219768549793,10
4056,2520.7361175701003,58.09312002841025,10
4057,2521.356301049286,58.01540538740943,10
4058,2521.8010893099618,57.75390829749126,10
4059,2522.2452740318117,57.77547438353814,10
4060,2522.865531632119,57.903037282477825,10
4061,2523.5749586419925,57.82690635477457,10
4062,2524.1070527445204,57.93041034039983,10
4063,2524.4627986607666,57.765868793056036,10
4064,2525.170965642106,57.71080195840055,10
4065,2525.7906408769404,57.749510499331606,10
4066,2526.3229573401013,57.9482124416305,10
4067,2526.9419231410297,57.831028235068516,10
4068,2527.562805469128,57.63115530414063,10
4069,2528.1829360101756,57.42193777194857,10
4070,2528.715323063553,57.521512100377805,10
4071,2529.158110105357,57.50688183522704,10
4072,2529.8670076927183,57.533341143333324,10
4073,2530.751035780928,57.532631957941625,10
4074,2531.0177711167976,57.50653232456257,10
4075,2531.7268169471504,57.42646423913526,10
4076,2532.2578310150116,57.29846089605313,10
4077,2532.878258039069,57.270264763086445,10
4078,2533.498007386599,57.47724653926945,10
4079,2534.029053217276,57.40639451425293,10
4080,2534.8259695984807,57.373596274464624,10
4081,2535.4459624824844,57.142011436670906,10
4082,2535.801464867745,56.94235831585093,10
4083,2536.157888455235,57.02653151141303,10
4084,2536.779040785479,57.27253498843715,10
4085,2537.310203095395,57.3953008089821,10
4086,2537.664466615922,57.53419336076993,10
4087,2538.285190111707,57.5389233877562,10
4088,2539.081054699781,57.5605113737366,10
4089,2539.877109881273,57.767506457531894,10
4090,2540.5848215575165,57.59858146809092,10
4091,2541.2043979633227,57.641374322854155,10
4092,2542.001940829245,57.85262865826586,10
4093,2542.7098219201844,58.12913995026837,10
4094,2543.5947429732396,58.12963198691373,10
4095,2544.038504150675,58.099228428885915,10
4096,2544.658924104877,58.40221384052114,10
4097,2545.3671087250978,58.37372512244008,10
4098,2545.986487468049,58.26920026348204,10
4099,2546.6951468119178,58.15685264656342,10
4100,2547.138907988911,57.96450441654107,10
4101,2547.846429065827,57.980526546736414,10
4102,2548.4655748684395,58.133906187858265,10
4103,2549.085265983737,58.049166449983844,10
4104,2549.616724773918,58.261133897368296,10
4105,2550.1469129285406,58.128673027845934,10
4106,2550.678128178027,58.17440232555125,10
4107,2551.3875763633337,58.07946823309594,10
4108,2552.0077810079665,58.06178951884449,10
4109,2552.714698542658,58.10174358471244,10
4110,2553.3351255557272,58.37521928324039,10
4111,2554.2187565744925,58.37540778774671,10
4112,2554.749947116179,58.19259462088451,10
4113,2555.546521133312,58.1640501115547,10
4114,2556.3423433656108,58.15776615990407,10
4115,2556.7874281029594,58.393033561244806,10
4116,2557.142739882235,58.09690651049279,10
4117,2557.763293959861,58.02221082622857,10
4118,2558.3824168217557,57.98172657339347,10
4119,2559.090961459206,57.810090951615805,10
4120,2559.7990649075423,57.775929901180696,10
4121,2560.419020726856,57.52301470154497,10
4122,2561.126640624037,57.54299718966218,10
4123,2561.922235200337,57.53745962020837,10
4124,2562.453704575846,57.51520641294818,10
4125,2563.0729033266825,57.546583900460014,10
4126,2563.604224465261,57.55577486199877,10
4127,2564.2229679076886,57.37320724931337,10
4128,2564.755252602299,57.060631986368605,10
4129,2565.4635042900436,56.83747110091578,10
4130,2566.347320607375,56.83824777517357,10
4131,2566.878514687356,56.94861997591251,10
4132,2567.497607548644,56.89998877644195,10
4133,2568.1179075030345,56.964033793051186,10
4134,2568.7375650877443,57.190642411063415,10
4135,2569.3585391764354,57.41235760118325,10
4136,2569.979765627203,57.64177570234026,10
4137,2570.6879961421405,57.842055886890265,10
4138,2571.043800291882,57.89041384304668,10
4139,2571.575936748345,58.236741666896876,10
4140,2572.1956649200174,58.14387852253701,10
4141,2572.727653139573,58.20955994564757,10
4142,2573.4351583326934,58.08956475062162,10
4143,2574.144288867513,58.37079545842616,10
4144,2574.8514499379626,58.41460849584068,10
4145,2575.207968824549,58.48812960790043,10
4146,2576.0045216613516,58.43803268576397,10
4147,2576.7132286543133,58.34637929171,10
4148,2577.1576992706673,58.612775721437046,10
4149,2577.5132016551265,58.70836590544482,10
4150,2578.1322803999715,58.79518204753394,10
4151,2578.6648615663103,58.92869730846516,10
4152,2579.1961721129474,58.81882439952063,10
4153,2579.9040637920393,58.73437877531414,10
4154,2580.611690752956,58.95976515531284,10
4155,2581.143911909582,58.91320836646759,10
4156,2581.4999437170713,58.72599667585113,10
4157,2582.2075812698267,58.71632320504894,10
4158,2582.9155894172536,58.49619464934021,10
4159,2583.2708447352484,58.79757030553871,10
4160,2583.8015799727027,58.82320090441668,10
4161,2584.156769987855,58.94687911597753,10
4162,2584.512065880281,59.02024577061048,10
4163,2585.308475772797,58.96046325625447,10
4164,2586.0161768558473,58.98171478395709,10
4165,2586.459990982227,59.046204981646305,10
4166,2587.1679567805677,59.091530996681286,10
4167,2587.7884261480804,59.04978791057108,10
4168,2588.408450804316,59.02965815352203,10
4169,2589.029036648973,59.01664619569297,10
4170,2589.5608130857954,58.96503801300995,10
4171,2589.9165431303372,59.06463248511117,10
4172,2590.6256313140743,58.94757186942493,10
4173,2591.0697383809766,59.07677238693101,10
4174,2591.600958918393,59.06011510768009,10
4175,2592.398401192545,58.95433846915265,10
4176,2593.107044651108,58.88960226824731,10
4177,2593.638630501682,59.13376116824264,10
4178,2594.2589304571566,59.0709011640568,10
4179,2594.87820861863,59.05690185003954,10
4180,2595.410916853552,59.23101262719829,10
4181,2595.9417138528847,59.21682603268911,10
4182,2596.473596191063,59.21584697750669,10
4183,2597.006611497511,59.45268226484341,10
4184,2597.71507494966,59.36351898987808,10
4185,2598.2478467047845,59.26132334417795,10
4186,2598.7792101921937,59.27210114163334,10
4187,2599.5766842318603,59.167377375610656,10
4188,2600.0218219239405,59.029725387126994,10
4189,2600.464730721704,59.220029984131614,10
4190,2600.820582524556,59.32477731876259,10
4191,2601.3523007309545,59.12852559930771,10
4192,2601.8839501034768,59.37758668252431,10
4193,2602.680174696231,59.44776226605342,10
4194,2603.3876481323455,59.35832350472601,10
4195,2604.0068468807704,59.23045635288791,10
4196,2604.1855881294878,59.12849475388737,10
4197,2604.6292963622773,59.056313241639934,10
4198,2605.073729918478,58.95292672535307,10
4199,2605.8704786407684,58.93933913833033,10
4200,2606.6672220745527,58.82412125148361,10
4201,2607.3753661048213,58.89342549775625,10
4202,2607.8197414226647,58.87277835767445,10
4203,2608.264587919723,58.84009641824694,10
4204,2608.884993757741,58.79326761321637,10
4205,2609.593589567948,58.62877639173889,10
4206,2610.0378378159903,58.54173497673531,10
4207,2610.7476883702784,58.827479941758256,10
4208,2611.3689095285345,58.86289340000283,10
4209,2611.901840126063,59.10484103393622,10
4210,2612.6103088723016,59.14987336873029,10
4211,2613.406868770556,59.232847250666175,10
4212,2614.0269569500897,59.25139669045675,10
4213,2614.469950462402,59.16099157308196,10
4214,2615.089572742788,59.23632238414425,10
4215,2615.620851525294,59.16358121979523,10
4216,2616.328859680012,59.113890511466224,10
4217,2616.9489055059626,59.28425057216174,10
4218,2617.4819578615466,59.274371038600336,10
4219,2618.1014848498444,59.2578456921567,10
4220,2618.8083864977884,59.02934519091984,10
4221,2619.340544128951,58.892716981083986,10
4222,2620.13585810591,58.83925660181203,10
4223,2620.6669833536894,58.812734956673616,10
4224,2621.112466936717,58.94770802512046,10
4225,2621.82093568806,59.102700704437886,10
4226,2622.264770989761,59.34743685935399,10
4227,2622.6212298743403,59.126801918631124,10
4228,2623.153429856672,59.11544423606823,10
4229,2623.7739945231833,59.019616360944035,10
4230,2624.2187086716494,58.99317680353215,10
4231,2624.7500721627257,59.11400671177159,10
4232,2625.1944368894015,59.13454650061977,10
4233,2625.814413893498,58.845344393178515,10
4234,2626.6112208579298,58.87649144356505,10
4235,2627.0536531743223,59.164735534958474,10
4236,2627.8503648415412,59.23426711458196,10
4237,2628.294454274271,59.1498327533068,10
4238,2628.9150048208694,59.012673332351774,10
4239,2629.357918919519,59.20195657279564,10
4240,2630.0661070777687,59.303887569514934,10
4241,2630.50930176555,59.384030297611986,10
4242,2631.041664101077,59.27788931681725,10
4243,2631.661939347995,59.36363142316033,10
4244,2632.104599307992,59.16974494182593,10
4245,2632.814343977506,59.206320926911815,10
4246,2633.523082741348,59.30838427866123,10
4247,2634.1439862436964,59.1986908333298,10
4248,2634.675910932192,59.043325290591234,10
4249,2635.2080791451112,59.118220248691,10
4250,2635.916524941098,59.03197679375839,10
4251,2636.7136266167627,59.01717001818755,10
4252,2637.1575678012246,59.16351365467414,10
4253,2637.778164234819,59.25723939548743,10
4254,2638.3986653792927,59.327663466059626,10
4255,2639.106504114307,59.300573920534106,10
4256,2639.727100548702,59.28822919713684,10
4257,2640.3476157943924,59.19967284486984,10
4258,2640.791842870074,59.374325249726965,10
4259,2641.4116981072425,59.57518926702247,10
4260,2642.1195050700762,59.53024202996378,10
4261,2642.650783847928,59.21133276566398,10
4262,2643.0948520925035,59.1810045259048,10
4263,2643.71429437318,59.30810669696768,10
4264,2644.333456065621,59.47686401339023,10
4265,2644.6894137625304,59.37019209771293,10
4266,2645.1334025909464,59.332239455714166,10
4267,2645.8414689747324,59.34951509170716,10
4268,2646.284886033711,59.01766160641555,10
4269,2646.8163183527513,58.703618142187935,10
4270,2647.5247129892696,58.46741133521428,10
4271,2647.9682835706762,58.32538706862571,10
4272,2648.5889011841905,58.23044067526655,10
4273,2648.9447000371056,58.02278208160909,10
4274,2649.7417717076155,57.994808034341695,10
4275,2650.361796360842,58.262173677140794,10
4276,2650.893361029158,58.11480813141631,10
4277,2651.601242120897,58.04075195779194,10
4278,2652.396016089665,58.01627244178107,10
4279,2653.0158077981323,57.82398026939088,10
4280,2653.9007570880212,57.82440925986187,10
4281,2654.609517028521,57.6772629481994,10
4282,2655.494524554489,57.678119315098,10
4283,2656.203199778859,57.696130629428275,10
4284,2656.7352091572443,57.57693029065754,10
4285,2657.444509104046,57.58985729102218,10
4286,2658.1525666714406,57.69001176172535,10
4287,2658.595602540684,57.665717519732304,10
4288,2659.30509308614,57.679107032758616,10
4289,2659.9250383257577,57.56120291756779,10
4290,2660.6331258827313,57.49736569508205,10
4291,2661.2537699600516,57.763342964694694,10
4292,2661.7853505158964,57.64824882132049,10
4293,2662.405332809035,57.4698729644253,10
4294,2663.02548452177,57.52002263068229,10
4295,2663.7335509051545,57.47304899776436,10
4296,2664.088121491259,57.71513812164746,10
4297,2664.707999673119,57.631177563725394,10
4298,2665.3285396287233,57.69546140016246,10
4299,2666.2134253872227,57.69497896412891,10
4300,2666.8334500400965,57.49121710759575,10
4301,2667.6294628668206,57.683616483640385,10
4302,2668.337778085302,57.8266541258743,10
4303,2668.9573156666424,57.8027169116319,10
4304,2669.665752651037,57.9524286665777,10
4305,2670.110466796804,58.08275543555553,10
4306,2670.818723773676,58.11276718284004,10
4307,2671.3510825845997,57.91284775512941,10
4308,2671.70663790965,58.219639740298405,10
4309,2672.0618808693416,58.12633092018948,10
4310,2672.6818949263566,58.18141696253051,10
4311,2673.302491360751,58.29271051369382,10
4312,2673.8338442603767,58.18770212277657,10
4313,2674.276303039354,58.38572862251509,10
4314,2674.8962535573223,58.45398792575369,10
4315,2675.4267964288797,58.22581518928759,10
4316,2676.222350415473,58.3114254391554,10
4317,2676.8421738942116,58.43585463487974,10
4318,2677.197093901291,58.49697544182665,10
4319,2677.9046308631473,58.35936369355471,10
4320,2678.6121307663757,58.172164923314746,10
4321,2679.0546530883503,58.13674373630258,10
4322,2679.497450708738,58.28816971431243,10
4323,2680.0301589428586,58.21975137347361,10
4324,2680.5622848095672,58.17305801142368,10
4325,2681.093722421929,58.12066655366984,10
4326,2681.7143400315636,57.945733101916915,10
4327,2682.334578220144,57.65817826333907,10
4328,2683.043899346314,57.51167816988786,10
4329,2683.6652263916335,57.603739769373384,10
4330,2684.0205064175884,57.480320664632714,10
4331,2684.7277451330383,57.47017349707018,10
4332,2685.4363144772556,57.434460757889546,10
4333,2686.1461015012483,57.71460453991067,10
4334,2686.6783014864645,57.75382943612826,10
4335,2687.297985542111,57.656713600581476,10
4336,2688.0954242861744,57.535841355587706,10
4337,2688.62741250573,57.43122020772506,10
4338,2689.2478501107516,57.63994646998031,10
4339,2689.867128270683,57.462922654057884,10
4340,2690.0464095274465,57.20365964546047,10
4341,2690.5779424250445,57.20013348414554,10
4342,2691.1988935736017,56.90034589681562,10
4343,2691.818717042188,56.80834422623807,10
4344,2692.526259294519,56.64089610394789,10
4345,2693.1462839411947,56.780562701852325,10
4346,2693.589727465301,56.46877476350139,10
4347,2694.2982121030236,56.56879802023729,10
4348,2694.8298614785317,56.32854438572069,10
4349,2695.4499390688097,56.135447583442826,10
4350,2695.806563836772,56.08514934282464,10
4351,2696.42590022594,56.20009345168889,10
4352,2696.9585978685454,56.27839785682213,10
4353,2697.5794590175096,56.572468720540584,10
4354,2698.112823732089,56.78257142373356,10
4355,2698.5568390358126,56.47269924133944,10
4356,2699.178430789209,56.56277161867154,10
4357,2700.062787121019,56.56385812107518,10
4358,2700.8590911326733,56.44696552596622,10
4359,2701.3912169860987,56.39629990000094,10
4360,2702.187633937164,56.34999694290076,10
4361,2702.9840279496957,56.30465541388463,10
4362,2703.780136072812,56.18846128448461,10
4363,2704.4886418848387,56.04130845185633,10
4364,2705.1077241571556,55.990136334743866,10
4365,2705.640082972182,55.92789895909873,10
4366,2705.9963106637365,55.61638850811432,10
4367,2706.704255280867,55.664863981290814,10
4368,2707.2355128928366,55.54181883962344,10
4369,2707.943002207912,55.46343934106243,10
4370,2708.122622301663,55.38463458534044,10
4371,2709.0065021498003,55.384985329386204,10
4372,2709.8036902994127,55.36919151021522,10
4373,2710.4228572840266,55.384670391216346,10
4374,2711.1305954261907,55.33487635202983,10
4375,2711.574356596355,55.13432367532772,10
4376,2712.2826400356184,55.21979632121829,10
4377,2712.9025164516124,55.451798104806116,10
4378,2713.3453723093294,55.36471292823071,10
4379,2714.052845736645,55.54358798668167,10
4380,2714.6735374640084,55.56421217920169,10
4381,2714.9405339768377,55.33193987413742,10
4382,2715.472638660958,55.71690339732692,10
4383,2716.0920809445042,55.82148749211913,10
4384,2716.712455019594,55.73499642465219,10
4385,2717.244819124609,55.88468414225952,10
4386,2717.776193201574,55.872365888629105,10
4387,2718.2202826294,55.8971067795408,10
4388,2719.0162160384516,55.77787944925056,10
4389,2719.6353989002573,55.483008894980856,10
4390,2720.254872950307,55.508186449674696,10
4391,2720.8749399600633,55.30412377536812,10
4392,2721.495250504058,55.1207268310928,10
4393,2722.2038939656863,55.035778485645686,10
4394,2722.823262133244,54.955807758177144,10
4395,2723.4431420776086,55.196762392289926,10
4396,2723.973944368236,55.24402107092191,10
4397,2724.6820689942965,55.426597142200755,10
4398,2725.4779706406644,55.624463867473345,10
4399,2726.1853293635922,55.60038218393493,10
4400,2726.8936445773165,55.51797414656367,10
4401,2727.6887467892343,55.57561029287301,10
4402,2728.219924979142,55.35874317626747,10
4403,2728.9281731346496,55.18216213199214,10
4404,2729.548748394585,55.391737922530474,10
4405,2730.256834191253,55.47636389933035,10
4406,2730.8773882637724,55.39253930657205,10
4407,2731.4102447381038,55.20126005509502,10
4408,2732.03126471574,55.01220425251761,10
4409,2732.5626176090527,55.16774490458438,10
4410,2733.0946905363962,55.279106167192204,10
4411,2733.5384728946437,55.33990539987465,10
4412,2734.160069938262,55.52067521872625,10
4413,2734.780232237172,55.699604924706854,10
4414,2735.5771133213043,55.6401555302604,10
4415,2736.46116788128,55.6409623225044,10
4416,2737.0828125832313,55.704848007896324,10
4417,2737.791710171578,55.623917323541825,10
4418,2738.2359478304097,55.8737346701262,10
4419,2738.5911007875875,55.86390558830797,10
4420,2739.1214107234664,55.6738446532265,10
4421,2739.653028339652,55.784895693203445,10
4422,2740.18428594502,55.70814275305802,10
4423,2740.804120008864,55.68687890398466,10
4424,2741.424737611286,55.66196739726982,10
4425,2742.221713994497,55.55049659950968,10
4426,2742.577565799652,55.709385473858376,10
4427,2743.2853692385406,55.539655724755015,10
4428,2743.8170821442664,55.383895205686485,10
4429,2744.436582665318,55.249224342896795,10
4430,2744.7925297608112,55.44077770112248,10
4431,2745.4131261893963,55.35456648319726,10
4432,2746.032399052186,55.59238346008811,10
4433,2746.475831985238,55.4852392292027,10
4434,2747.0944748345255,55.3023474871395,10
4435,2747.5373359904534,55.28529997521389,10
4436,2748.3334229386564,55.318420401860514,10
4437,2748.9523993337007,55.291519731037944,10
4438,2749.6621545908474,55.22695219232108,10
4439,2750.3705227478486,55.25712412485679,10
4440,2750.902553312202,55.3537481686755,10
4441,2751.5222708945553,55.38120715336013,10
4442,2752.406230158164,55.3812619310497,10
4443,2752.8490489598744,55.3200839670422,10
4444,2753.557078287354,55.27913015209749,10
4445,2754.175969964394,55.514339090457725,10
4446,2754.7085528916314,55.6370758875429,10
4447,2755.1520281806042,55.680992236228406,10
4448,2755.8607669350185,55.694179711924065,10
4449,2756.5696751008218,55.782757786806904,10
4450,2757.101705665174,55.536581253557124,10
4451,2757.721185009186,55.400478400740084,10
4452,2758.42962199909,55.36194055742133,10
4453,2758.9609960729376,55.31733463942036,10
4454,2759.579961865969,55.537668800820384,10
4455,2760.0227012539763,55.84595067386454,10
4456,2760.466840092304,55.760442980022184,10
4457,2761.174504114352,55.9468074272714,10
4458,2761.705339936817,56.16622995921821,10
4459,2762.059518743813,56.218811351440536,10
4460,2762.327228211732,56.3013477038085,10
4461,2762.6823811670697,56.04568569719344,10
4462,2763.301886982659,55.80124556815214,10
4463,2763.7446104781507,55.91335421644736,10
4464,2764.2770963537787,56.03216318198738,10
4465,2764.897851613293,56.15319367054718,10
4466,2765.4308986740675,56.08950449727564,10
4467,2765.9630209966954,55.9932028478702,10
4468,2766.5838927299783,56.05197220581811,10
4469,2767.026443285872,55.953330824163814,10
4470,2767.557062053433,55.716919661945624,10
4471,2768.3530113435795,55.773093078283345,10
4472,2769.0597594602164,55.92250804321036,10
4473,2769.681001790073,55.88723919540217,10
4474,2770.213339423234,56.06038786199533,10
4475,2770.6571217762867,56.01931840391967,10
4476,2771.2761299203676,55.832236989912516,10
4477,2771.807479294342,55.90960845061512,10
4478,2772.5154133240612,56.20024730334449,10
4479,2773.0467450517444,55.887956897028275,10
4480,2773.665410840477,55.697401567012506,10
4481,2774.3727060292476,55.58244995751257,10
4482,2775.0808147753187,55.51343766691699,10
4483,2775.612670633912,55.572723545235505,10
4484,2776.32155233564,55.728698948717316,10
4485,2776.941815234375,55.78673581808187,10
4486,2777.648753940196,55.82703847927105,10
4487,2778.179180341962,55.90973743366418,10
4488,2778.798119676852,56.07092372954252,10
4489,2779.5070807944844,56.0624723528151,10
4490,2779.950545496902,55.8012033359743,10
4491,2780.571216048975,55.87521551740637,10
4492,2781.1901236125996,55.65495530361201,10
4493,2781.6340277340178,55.539059158933924,10
4494,2782.078424228583,55.61446328225432,10
4495,2782.6108130450475,55.61938933043894,10
4496,2783.1431083251546,55.695237514136586,10
4497,2783.6761871554886,55.726350676743664,10
4498,2784.560278774562,55.72492779892891,10
4499,2785.0916687241506,55.56031814039144,10
4500,2785.623799877857,55.35138802984553,10
4501,2786.243062158398,55.59631655751407,10
4502,2786.950720885929,55.69386392870645,10
4503,2787.570353764076,55.77666027231216,10
4504,2788.1896160446167,55.86430687400496,10
4505,2788.5448325361735,55.65043582816167,10
4506,2789.16431716975,55.90057720390944,10
4507,2789.784108865325,55.91250268415191,10
4508,2790.580079339502,55.949863293831,10
4509,2791.1112734102526,55.633115568245906,10
4510,2791.64238276754,55.83523286828681,10
4511,2792.262947427115,55.81384326908862,10
4512,2792.795226826708,55.79922846823816,10
4513,2793.5908531655623,56.00936268917479,10
4514,2794.211518416776,55.926313277559935,10
4515,2794.742987787765,55.643924581238906,10
4516,2795.1868442664486,55.50021446207742,10
4517,2795.807663054078,55.449880935436546,10
4518,2796.4269253305156,55.38843199698173,10
4519,2796.8704006226453,55.37020242781989,10
4520,2797.402102943869,55.37299293748184,10
4521,2797.9331805430206,55.56991373273347,10
4522,2798.46514757336,55.63645070684826,10
4523,2799.0845580900072,55.63929507170134,10
4524,2799.529240472626,55.53865452548844,10
4525,2799.9731075302543,55.460464149431374,10
4526,2800.5934286600054,55.36482321329923,10
4527,2800.9488004454965,55.065600799691,10
4528,2801.65618387051,55.01688344001382,10
4529,2802.1003685964643,54.8981959324851,10
4530,2802.631186772472,54.86336498461278,10
4531,2803.1618884797876,55.075229573099826,10
4532,2803.692653715391,55.046912878997155,10
4533,2804.400240086109,55.24049580860022,10
4534,2805.1078035204155,55.27220927478952,10
4535,2805.5515117521845,55.209199303651125,10
4536,2805.730634180423,55.17777542475485,10
4537,2806.4392776392006,55.11645627646042,10
4538,2807.148032279627,55.08143438942192,10
4539,2807.7680304524924,54.99768155572653,10
4540,2808.387744507674,54.929913945768845,10
4541,2808.6560628278494,55.08183706036132,10
4542,2809.363605078798,55.0412513326054,10
4543,2809.6311557342897,54.93176313596082,10
4544,2810.1619156814045,55.13699078678589,10
4545,2810.781230898019,55.18369716177566,10
4546,2811.488600203047,55.15135948102254,10
4547,2812.019222495496,55.25321831355363,10
4548,2812.375534888633,55.273710472784984,10
4549,2812.90684542883,55.11856266352239,10
4550,2813.3498442357145,55.06788530620844,10
4551,2813.5285431233588,55.25367182629922,10
4552,2814.060478398594,55.085049958633384,10
4553,2814.5914871724203,54.86660439569592,10
4554,2815.4751764296725,54.866545516037384,10
4555,2816.09485872155,55.08934078175532,10
4556,2816.714555130104,54.910519574049964,10
4557,2817.3338491749446,55.168872337172196,10
4558,2818.0420796857784,55.180450966328195,10
4559,2818.573856118891,55.111512812436104,10
4560,2819.3693606937786,55.09059976516118,10
4561,2819.723687748703,55.04496496288932,10
4562,2820.3427823709862,55.31044738240146,10
4563,2820.963309976188,55.554734289974895,10
4564,2821.5831757962137,55.66137941197932,10
4565,2822.1148569367697,55.45274974952387,10
4566,2822.558644580009,55.47196466361928,10
4567,2823.178552762651,55.35151132763333,10
4568,2823.709979779578,55.31880158286486,10
4569,2823.977039817036,55.48503350539109,10
4570,2824.508350367808,55.42751979713812,10
4571,2825.2164661606216,55.28657688548689,10
4572,2825.924050768537,55.149616483325254,10
4573,2826.3668960401083,55.173220353311756,10
4574,2827.0748618349508,55.036771150151004,10
4575,2827.8711393736803,54.922341163134924,10
4576,2828.4916510942758,54.879998170414446,10
4577,2829.200252200522,54.867895712650764,10
4578,2829.9087686050584,54.83438163055499,10
4579,2830.7048131990523,54.87126378577025,10
4580,2831.5000601189927,54.86080204017789,10
4581,2832.119534174667,54.63070901936077,10
4582,2832.7397494191687,54.786277010467586,10
4583,2833.3595093590134,54.661057182094275,10
4584,2833.9790963521173,54.65621803552165,10
4585,2834.511529277003,54.806988124545605,10
4586,2834.9553257521025,54.64355437118597,10
4587,2835.7511320988015,54.72302047668054,10
4588,2836.369769657236,54.649087895272146,10
4589,2836.9018319906468,54.971062836546224,10
4590,2837.433317244055,55.007511154627956,10
4591,2837.9656019375957,55.28924164734688,10
4592,2838.49707131599,55.29201151106822,10
4593,2838.940350708109,55.095700669726625,10
4594,2839.6482953177483,55.33658186772941,10
4595,2840.179139963371,55.32906589217253,10
4596,2840.7109799319896,55.30096429599685,10
4597,2841.242062820198,55.13700868070466,10
4598,2841.8623627707684,54.97426932300335,10
4599,2842.4824509509826,54.84677179131589,10
4600,2842.927193325651,54.968501473542574,10
4601,2843.459509785434,55.17695954376221,10
4602,2843.9922815514915,55.30103818512723,10
4603,2844.6120414866555,55.25566464688379,10
4604,2845.49673665112,55.255633308474316,10
4605,2846.028400137253,55.21243517221454,10
4606,2846.561351901131,55.173672678572586,10
4607,2847.1817947996396,55.294106657454634,10
4608,2847.802603002935,55.09079853944826,10
4609,2848.5115958869524,55.01689190519597,10
4610,2849.2190869610154,55.05518453843317,10
4611,2849.838841608973,55.06160701987331,10
4612,2850.460835730019,55.17649142671966,10
4613,2850.992172753028,55.294256980393556,10
4614,2851.699884414985,55.49283773704858,10
4615,2852.3213385222834,55.28938008533386,10
4616,2852.8540361649657,55.09671252898058,10
4617,2853.3862573281867,54.94107457104435,10
4618,2853.9178325837324,54.898148487198654,10
4619,2854.5381960665827,54.816852145708566,10
4620,2855.3344736052672,54.857098384979544,10
4621,2856.1311852724857,54.93129797030146,10
4622,2856.662580531264,54.730496655172225,10
4623,2857.1950769881732,54.97211223072947,10
4624,2857.5501981898096,54.97308158777247,10
4625,2857.9936734811445,54.89078023098922,10
4626,2858.614587568659,55.06046492775768,10
4627,2859.4114898278704,55.03152438804365,10
4628,2859.766637477045,55.16022562139792,10
4629,2860.385287384114,55.33531744540503,10
4630,2860.6519821232478,55.21956149704722,10
4631,2861.0954044714294,55.311454637196945,10
4632,2861.71606443204,55.041899288207816,10
4633,2862.1594497179003,55.134304248189665,10
4634,2862.867288447765,54.992005326683206,10
4635,2863.3987048766116,54.88626344945077,10
4636,2863.754831981011,55.09758539476448,10
4637,2864.3752060602046,55.189456381750425,10
4638,2864.906214832824,55.12595472089749,10
4639,2865.526207717082,55.12371625483072,10
4640,2866.2370641814387,55.03725730455182,10
4641,2866.7693171094006,54.85298976537731,10
4642,2867.300182934182,54.83019211723409,10
4643,2868.007686354431,54.84749911751606,10
4644,2868.6269751010095,54.74055777343529,10
4645,2869.159683336756,54.61702027469798,10
4646,2869.8675538354555,54.60215276980095,10
4647,2870.575487863649,54.58918763912214,10
4648,2871.2827283440993,54.5794939338655,10
4649,2871.6381777730153,54.56131770579946,10
4650,2872.2580435955797,54.58937890294911,10
4651,2872.701052980106,54.58010909547983,10
4652,2873.0554064953767,54.71559733644139,10
4653,2873.674954665517,54.7763046578754,10
4654,2874.3831216460558,54.68115166871878,10
4655,2875.0029451085024,54.78995992571249,10
4656,2875.623785078829,54.59209390783917,10
4657,2876.243428546297,54.698844117434554,10
4658,2877.0393143098872,54.572740057480196,10
4659,2877.6601119283605,54.67554992370197,10
4660,2878.015344295736,54.49342453954096,10
4661,2878.6343842210745,54.514175279046874,10
4662,2879.253487676709,54.467283583937686,10
4663,2879.9615646498473,54.46384086915839,10
4664,2880.6690486697617,54.69717217284382,10
4665,2881.465564445009,54.68929485503433,10
4666,2881.909516218168,54.561071044353035,10
4667,2882.353224457376,54.83300556640237,10
4668,2882.8852020817117,54.74209622960876,10
4669,2883.4172326518938,54.96204220863707,10
4670,2884.0374690721696,54.86877567034215,10
4671,2884.6571443058306,54.85909494059118,10
4672,2885.1001854681413,54.76185475227345,10
4673,2885.631490719904,54.95002240814139,10
4674,2886.252039504024,54.96954540347946,10
4675,2886.8727841778286,54.91478704073406,10
4676,2887.5804058396766,54.99331811757245,10
4677,2888.112870530623,55.178909264579794,10
4678,2888.7318786848296,55.112170236132016,10
4679,2889.263581003276,55.10315003582228,10
4680,2889.8831397538606,55.17035716917514,10
4681,2890.414439706656,55.28310067987086,10
4682,2891.1216060748966,55.36152206259792,10
4683,2891.829688338208,55.41345037554731,10
4684,2892.3637254277514,55.33211192797777,10
4685,2892.98402715158,55.22737291848569,10
4686,2893.605216546189,55.533461719560464,10
4687,2894.312658213005,55.563822485652004,10
4688,2895.020459888582,55.767888636826676,10
4689,2895.5524375091272,55.957784563575274,10
4690,2896.171883322784,56.23649764636007,10
4691,2896.7915161968276,56.49734538193451,10
4692,2897.4125044076377,56.453754817791065,10
4693,2897.680337420586,56.47949218478881,10
4694,2898.3891608906742,56.465449251689144,10
4695,2899.0089208337145,56.413008790262936,10
4696,2899.6285907693155,56.515269816214776,10
4697,2900.248297763775,56.47291460419306,10
4698,2900.5153613459306,56.57129597689925,10
4699,2901.22375774102,56.58190307653071,10
4700,2901.5791860023123,56.8137475281171,10
4701,2901.9344130692843,56.688467014526104,10
4702,2902.289407197434,56.55614604689165,10
4703,2902.9979518270648,56.5075241097398,10
4704,2903.443396574713,56.74299089892838,10
4705,2903.975554214005,56.99678205013969,10
4706,2904.332104859416,56.825734071567496,10
4707,2904.776141340016,56.72094758882381,10
4708,2905.3960442269554,56.619757097156885,10
4709,2906.016972437727,56.5843720095324,10
4710,2906.8137158734194,56.456239512766885,10
4711,2907.6092733882842,56.532688780720974,10
4712,2908.2289380349052,56.57243381477979,10
4713,2909.113410841062,56.5732047801771,10
4714,2909.82201194557,56.44063687874382,10
4715,2910.3549690150403,56.68126396501585,10
4716,2910.9751630834517,56.878712301569614,10
4717,2911.59548421785,57.096213312143774,10
4718,2912.129071294945,56.931947240334324,10
4719,2912.7504089281965,56.70652748969692,10
4720,2913.457677644777,56.61832848846733,10
4721,2913.9894434946054,56.37968837532554,10
4722,2914.697091633345,56.27512028535502,10
4723,2915.405488034666,56.14434246968279,10
4724,2916.0261109400026,56.08837013593199,10
4725,2916.5576438324483,56.18974265945593,10
4726,2917.090701484404,55.98798168492752,10
4727,2917.7988472807792,55.93648476065908,10
4728,2918.418951344095,56.085096356227695,10
4729,2919.038658341857,55.832572772356414,10
4730,2919.483541903963,55.79030212205544,10
4731,2920.014931862415,55.76248036771901,10
4732,2920.6348294565537,55.86929869113349,10
4733,2921.1660394111263,55.76747106098513,10
4734,2921.6971223072796,56.01629326360654,10
4735,2922.3175705082476,56.089056350795666,10
4736,2922.938428114555,56.31040948389772,10
4737,2923.47023632392,56.13681339456038,10
4738,2924.090536269734,56.21219896812705,10
4739,2924.621942109627,56.387013596298566,10
4740,2925.418230238742,56.37472810745353,10
4741,2925.9504090425517,56.181808128086644,10
4742,2926.570391340706,56.29316433268211,10
4743,2927.102501317928,56.51897062431929,10
4744,2927.546855453175,56.441681754503456,10
4745,2928.167388351783,56.75070265524141,10
4746,2928.6111283549885,56.63240181877302,10
4747,2929.1430159753436,56.64203262631715,10
4748,2929.7636759380594,56.70467756076177,10
4749,2930.2083794972295,56.78974160738147,10
4750,2930.917584151101,56.67096715988512,10
4751,2931.6247663930258,56.5404026470329,10
4752,2932.1561404709905,56.483398265381005,10
4753,2932.7773616266677,56.61120320235612,10
4754,2933.2213451697194,56.88238756472873,10
4755,2933.930629240977,56.67026430971409,10
4756,2934.72666501074,56.703038606247006,10
4757,2935.3458743404867,56.6205022422768,10
4758,2936.053908967648,56.71910005377441,10
4759,2936.7612359216114,56.702864660281826,10
4760,2937.469625259908,56.49170604757138,10
4761,2937.914106452366,56.18132544979616,10
4762,2938.7988333829503,56.18196490653236,10
4763,2939.33114984584,56.161375030287985,10
4764,2939.7739633541,56.19647033372894,10
4765,2940.3056762636475,56.03085160303812,10
4766,2941.102589111071,55.901388471962406,10
4767,2941.8108937419493,55.7889635194664,10
4768,2942.5191471884236,55.67782840386992,10
4769,2943.138785361638,55.589347499189685,10
4770,2943.758074120527,55.346614543154566,10
4771,2944.3792635150394,55.658595396540676,10
4772,2944.9989069866106,55.440497749904374,10
4773,2945.5302810676776,55.35369513454191,10
4774,2946.149208046101,55.29746968168116,10
4775,2946.8583703459703,55.36537849812201,10
4776,2947.301612689847,55.690239779045676,10
4777,2947.9212296798455,55.77193555433714,10
4778,2948.365700292096,55.88571586168741,10
4779,2949.162083713125,55.75558787127586,10
4780,2949.5173531498717,55.709103015605365,10
4781,2949.8735649559803,55.608011729430494,10
4782,2950.407310860787,55.351566081093836,10
4783,2951.027194330869,55.150743379705574,10
4784,2951.2938131874816,55.24764260852712,10
4785,2951.8264578913077,55.08145177583941,10
4786,2952.534243675599,55.347206972705884,10
4787,2953.242627713872,55.33460339183171,10
4788,2953.9501276178844,55.28275128589831,10
4789,2954.746648694272,55.47927825952924,10
4790,2955.189721613463,55.58381108031919,10
4791,2955.809269787707,55.833812956541486,10
4792,2956.25192975813,55.95885753595401,10
4793,2956.78404502946,55.766695211435355,10
4794,2957.404588516763,55.53060088132198,10
4795,2958.1130202085687,55.402927472008855,10
4796,2958.733013086975,55.38094534052719,10
4797,2959.4422071534345,55.30285016927797,10
4798,2959.8866777658877,55.3463362760706,10
4799,2960.418771859735,55.372320598015634,10
4800,2960.9508447810576,55.23807255281814,10
4801,2961.659234114897,55.25217060088978,10
4802,2962.3680152311554,55.26141866333266,10
4803,2962.898992230327,55.0940484792825,10
4804,2963.5182915650594,55.15591605000802,10
4805,2964.1393009492613,55.163089850728554,10
4806,2964.5820562119884,55.364658166149326,10
4807,2965.026833894052,55.05179717989236,10
4808,2965.6481980015405,54.848472776210826,10
4809,2966.4456508690046,54.87722010760781,10
4810,2967.154829053644,54.90772890982433,10
4811,2967.6873572831305,54.72156327671449,10
4812,2968.484169537894,54.72593909401627,10
4813,2969.015845382394,54.7761371661262,10
4814,2969.546626500568,54.880455260257676,10
4815,2970.165228755667,54.863938398616064,10
4816,2970.9620145425006,54.89648145096955,10
4817,2971.229295189937,54.718071911809034,10
4818,2971.8495633820667,54.816118553790005,10
4819,2972.3805774543016,54.667253022977405,10
4820,2973.176389097717,54.67256904005392,10
4821,2973.795624893667,54.63339849559982,10
4822,2974.150075470745,54.80885328607213,10
4823,2974.5931748707176,54.836372256041834,10
4824,2975.213195990665,54.81730592389159,10
4825,2975.65620008948,55.151818715634406,10
4826,2976.186716493958,55.12853599061745,10
4827,2976.718259986812,55.21811500467049,10
4828,2977.161285254634,55.2193337557802,10
4829,2977.6930934647926,55.34004406076201,10
4830,2978.137384067154,55.3650212029337,10
4831,2978.668848143013,55.259620301924976,10
4832,2979.4645327220987,55.239241836636616,10
4833,2979.995684440758,55.20052564542525,10
4834,2980.8799825365086,55.19981752294066,10
4835,2981.3234048887307,55.38965401208732,10
4836,2982.030851839597,55.341758269942645,10
4837,2982.3862059738394,55.22499777839891,10
4838,2982.9181094815226,55.2298431715953,10
4839,2983.713550529285,55.21158828667045,10
4840,2984.334041080448,55.189859212385905,10
4841,2984.9531868796457,55.347107074360835,10
4842,2985.6609832579297,55.42740200185856,10
4843,2986.281749110332,55.529840108939716,10
4844,2987.0771213294797,55.543340262622756,10
4845,2987.6080930438443,55.66445870911706,10
4846,2988.228392995215,55.90716231857423,10
4847,2988.67209063877,56.05232782255662,10
4848,2989.2920623527034,56.25573024126933,10
4849,2989.9119811226583,56.17909116500438,10
4850,2990.4430693022346,56.344009389148454,10
4851,2991.0627974752338,56.23070546362749,10
4852,2991.5067810149835,56.212110777110155,10
4853,2991.9503939562896,55.90690250358925,10
4854,2992.217754011302,55.70582433748998,10
4855,2992.92491507415,55.88361430895701,10
4856,2993.3687715359474,55.740457860314976,10
4857,2993.7245227486465,55.635993540729345,10
4858,2994.1684215767937,55.47056590784357,10
4859,2994.6114468462038,55.596221317795674,10
4860,2995.409302073328,55.60598353786462,10
4861,2995.9417138337403,55.47824844369267,10
4862,2996.560510217994,55.49796219372489,10
4863,2997.0921066467117,55.680124515316685,10
4864,2997.7117236424306,55.63900085091165,10
4865,2998.0667707024904,55.616581269937726,10
4866,2998.5095577403836,55.503095322215025,10
4867,2999.216401146082,55.6404618210135,10
4868,2999.6587328720334,55.54736699194774,10
4869,3000.2791598892063,55.783519714657174,10
4870,3000.6353928776025,55.82788919626707,10
4871,3001.0784922717257,56.00677861718535,10
4872,3001.697135121014,55.97110233782748,10
4873,3002.316736233241,56.07291641269795,10
4874,3003.2001325399733,56.07292775291778,10
4875,3003.731241905049,56.091445388524704,10
4876,3003.91086730301,56.205649416475524,10
4877,3004.5301666360842,56.18195793233865,10
4878,3005.149873629744,56.1323051470207,10
4879,3005.592623607291,56.16381457513958,10
4880,3006.12402945539,56.02017708832358,10
4881,3006.5671553197453,56.232183468732835,10
4882,3007.1863875958875,56.30293303947773,10
4883,3007.717751085932,56.606362385468756,10
4884,3008.5132556604617,56.50397849744592,10
4885,3009.045317988127,56.56235834017272,10
4886,3009.840674318625,56.643566082584954,10
4887,3010.3714236697974,56.58162194420291,10
4888,3011.0786059168454,56.79901855074324,10
4889,3011.5222082729706,56.7118895472447,10
4890,3012.142635288891,56.715739939037235,10
4891,3012.9391034225882,56.74828549498845,10
4892,3013.5596010337445,56.80442076079175,10
4893,3014.4438408912165,56.80556916419933,10
4894,3015.063463174486,56.981903508514485,10
4895,3015.859528939948,56.88019879492576,10
4896,3016.567796504393,56.77914415434362,10
4897,3017.100748271426,56.836587121982284,10
4898,3017.8094340873904,56.719702534667555,10
4899,3018.517918722593,56.76928297972114,10
4900,3019.138340441736,56.645124500871,10
4901,3019.757450953856,56.53044180593456,10
4902,3020.113016872713,56.39805257073759,10
4903,3020.6451533206464,56.65616308678386,10
4904,3021.1769403523695,56.611648465741546,10
4905,3021.7090556219687,56.49526019674478,10
4906,3022.4174502502997,56.49306883357656,10
4907,3023.0364901690186,56.54949358931025,10
4908,3023.6568748385953,56.5942423283516,10
4909,3024.276513002568,56.49205082932066,10
4910,3024.894907023164,56.62983973695658,10
4911,3025.603201064335,56.6132624284183,10
4912,3026.399775074008,56.517942713399606,10
4913,3026.931339733078,56.381489182815045,10
4914,3027.5519202733394,56.394139978833266,10
4915,3028.0851579380846,56.48607613328605,10
4916,3028.617802646814,56.40905108578383,10
4917,3029.4149360887104,56.415658492600684,10
4918,3030.1231666036474,56.48988061252238,10
4919,3030.8306665068753,56.38309367632957,10
4920,3031.538854659928,56.495332031074234,10
4921,3032.158921662826,56.63250222157114,10
4922,3032.8674645283136,56.53037326188427,10
4923,3033.6634561788874,56.712896417887656,10
4924,3034.2835761275237,56.457652755037074,10
4925,3035.1674136221163,56.45850499690044,10
4926,3035.7873218077475,56.33584804061175,10
4927,3036.2318206533428,56.32526783346188,10
4928,3036.8521947232866,56.071199304751936,10
4929,3037.1200895055517,56.11995595342503,10
4930,3037.563464199314,56.09077824765815,10
4931,3038.0948382766956,56.212594023027854,10
4932,3038.714921163223,56.38163785648974,10
4933,3039.334723455874,56.24307812718291,10
4934,3039.690892918461,56.44492205527881,10
4935,3040.310652845289,56.719027479984014,10
4936,3041.019486902355,56.668709983764415,10
4937,3041.3747298603676,56.58785346187243,10
4938,3041.9071839678163,56.40372657763319,10
4939,3042.526753315669,56.29036114553439,10
4940,3043.1473497459606,56.04040021367929,10
4941,3043.8561996818635,55.9487082113277,10
4942,3044.4771773031853,55.85976873154593,10
4943,3045.009313758106,55.81607713162848,10
4944,3045.543006730289,56.031375312274925,10
4945,3046.164291412702,56.326720482509124,10
4946,3046.961447796183,56.325658030463536,10
4947,3047.581784804208,56.453044375255196,10
4948,3048.201497088243,56.359737019512615,10
4949,3048.8208811321483,56.51127571905585,10
4950,3049.529386939543,56.6808249006478,10
4951,3050.23700330999,56.76195008009753,10
4952,3050.943762009791,56.62035069544603,10
4953,3051.5636648912086,56.640400253234276,10
4954,3052.271627151549,56.679598517563875,10
4955,3052.7153424448015,56.489485572958976,10
4956,3053.335324745556,56.476413452367886,10
4957,3054.0438623246146,56.41808890100083,10
4958,3054.576274084147,56.57222003274309,10
4959,3055.283530446989,56.614113561257554,10
4960,3055.9907126950757,56.54384290808217,10
4961,3056.4357974376076,56.657195787634706,10
4962,3057.056679751125,56.630971829396024,10
4963,3057.588604427142,56.76630508701746,10
4964,3058.385421978203,56.773181453992585,10
4965,3059.005231324566,56.77466807454971,10
4966,3059.625192449,56.75901499434808,10
4967,3060.3333382469837,56.75929044090713,10
4968,3061.1309870009873,56.790618640867564,10
4969,3061.751922264358,56.90101089907566,10
4970,3062.460809262511,56.82315903369071,10
4971,3063.1687538837446,56.73927404077878,10
4972,3063.6126421244794,56.72427319891719,10
4973,3064.2319044009173,56.61492260652521,10
4974,3064.8518549371393,56.840855658779134,10
4975,3065.560583107941,56.79470160452493,10
4976,3066.0925607360405,56.91833105091702,10
4977,3066.7124000941512,57.01465943138357,10
4978,3067.1562512752243,56.90374243283846,10
4979,3067.7761912245473,56.993687630075364,10
4980,3068.660727561185,56.99340016785757,10
4981,3069.1931710855233,57.28787396199812,10
4982,3069.6382081777415,57.571875992286074,10
4983,3070.082117596422,57.591703217598536,10
4984,3070.8774439304725,57.593643384935035,10
4985,3071.2338939846877,57.778611873782204,10
4986,3071.7644739231473,57.96730230854293,10
4987,3072.4720797077307,58.17820439371921,10
4988,3073.091749648841,58.28655171696109,10
4989,3073.535203759767,58.123128811483674,10
4990,3074.0669907958627,58.20380242652438,10
4991,3074.688148419102,58.182877054123544,10
4992,3075.043486672016,58.39246099534247,10
4993,3075.6638183893488,58.70933218848697,10
4994,3076.019548424477,58.49668135249827,10
4995,3076.6390436477795,58.57597269588684,10
4996,3077.345828826003,58.73707405323235,10
4997,3078.230031624539,58.73680103102585,10
4998,3078.7608286340164,58.93158140609713,10
4999,3079.3816862563012,59.036445068469575,10
5000,3080.0006626472423,58.79337868613353,10
