t,cum_regret_mean,cum_regret_sd,n_runs
1,0.0,0.0,10
2,0.20409204007444148,0.34760258035747854,10
3,0.4834959135843066,0.5366771517414258,10
4,0.6703593289334855,0.6568532037516119,10
5,0.8538923721612155,0.8530294364210806,10
6,1.1185671058277067,0.8946280094698102,10
7,1.2831466057955003,1.110774336802456,10
8,1.772364404911095,1.2654257111248985,10
9,1.9996607084464137,1.2588439432388188,10
10,2.2853069684459024,1.445296916224516,10
11,2.326904714002778,1.4530626155718311,10
12,2.5500792083315558,1.6876830166619834,10
13,2.869444704392184,1.652807100211037,10
14,3.3154371373409814,1.8742546633741728,10
15,3.4984670767174264,2.001240141445369,10
16,3.6842746207868466,2.17872012370225,10
17,4.025998330218077,2.2686812216956986,10
18,4.3112288421762575,2.3144906258351097,10
19,4.372370320810182,2.386164624101517,10
20,4.6363915594529725,2.326145232064022,10
21,4.8174206804306134,2.5079147881467025,10
22,5.0827648215911,2.621144295924085,10
23,5.244117158871321,2.7904587775636918,10
24,5.4683580265820115,2.902125269013388,10
25,5.703735166120263,2.942345443269284,10
26,5.935184136808073,3.029455822019121,10
27,6.317136262490844,3.134436551840287,10
28,6.686770186658888,3.184485167065724,10
29,6.972149725256353,3.3049322301420108,10
30,7.215872098493614,3.22249967719962,10
31,7.47692923771493,3.5262930002730535,10
32,8.041537699944088,3.805626848638937,10
33,8.44708381428239,3.8207411861874934,10
34,8.792617137817816,3.892946917290626,10
35,9.318498051782946,4.236533349017888,10
36,9.561846867625496,4.383735420312496,10
37,10.046339490503788,4.64132646205864,10
38,10.392222838432902,4.773396977234593,10
39,10.70294247855754,4.820319619978409,10
40,10.91336445491208,4.8493592932587655,10
41,11.183556788918743,4.991930228890018,10
42,11.428662896919397,5.03940119786833,10
43,11.756444154742843,5.157732481998337,10
44,12.304596166974157,5.223210403261064,10
45,12.850177325568634,5.401885932725763,10
46,13.174794225767808,5.396119558633401,10
47,13.480362751289524,5.459520784664511,10
48,13.828549437442168,5.486683910946125,10
49,14.177679770242852,5.548831259560583,10
50,14.520174090156406,5.491003869654507,10
51,15.246382870599561,5.552342332696054,10
52,15.70686602254473,5.68452277332493,10
53,16.25835102293529,5.554165345409846,10
54,16.7077815484171,5.669540261595697,10
55,17.316601730937727,5.676828736611635,10
56,17.641352767762747,5.851909735779291,10
57,18.070604370743137,5.902022023472975,10
58,18.43772599032598,5.993230760573125,10
59,18.90284212020108,6.121491446400838,10
60,19.103916799827104,6.104036860973641,10
61,19.528204752380606,6.102333134062994,10
62,19.90904853472847,6.104435930718949,10
63,20.189437881833005,6.245135661083568,10
64,20.473815044880716,6.440738811305894,10
65,20.836682222972875,6.567484707925587,10
66,20.997837503272454,6.579739976292921,10
67,21.241599322808458,6.703395455604065,10
68,21.59343696544667,6.810078736883367,10
69,21.940353729799835,6.864690033986029,10
70,22.182318042317533,6.910073692182549,10
71,22.48302609490336,7.209047143939822,10
72,22.707314480830373,7.151730175698456,10
73,23.029861717207933,7.319766802534834,10
74,23.155917589375274,7.249544148001895,10
75,23.560819899355536,7.319311660748142,10
76,23.966739174403227,7.542619641409358,10
77,24.334545896365672,7.770712347901654,10
78,24.499147732507875,7.846381581558352,10
79,24.8462566170331,7.931309124572729,10
80,25.169650790421528,8.134977727427103,10
81,25.41073015590005,8.28575627095954,10
82,25.555241555108108,8.291446119408395,10
83,25.87838904289797,8.433475525550614,10
84,26.10256045993493,8.360403473745036,10
85,26.266948027762773,8.327978527921369,10
86,26.288989263043327,8.327146988923987,10
87,26.801644480342382,8.342913052177142,10
88,27.296036000655903,8.502038275152714,10
89,27.649004412311616,8.641524463966173,10
90,27.881040547461293,8.608416145167034,10
91,28.030260377033432,8.702614834716224,10
92,28.301873134558086,8.733491162977819,10
93,28.571430651402117,8.815710245408576,10
94,28.805947880770322,8.7759251672822,10
95,29.13932956678979,8.949921813079005,10
96,29.37157151129697,9.102292134539217,10
97,29.66053420296016,9.026478071935028,10
98,29.90941033056826,8.936045690288486,10
99,30.34049331372085,9.028742287567958,10
100,30.587042152584598,8.858454593721575,10
101,31.01776766062266,8.92187096751873,10
102,31.28552313615727,8.904988688490068,10
103,31.674523083036064,8.901072308996472,10
104,31.96413069992799,8.85284279437079,10
105,32.1715252912085,8.796236203553025,10
106,32.61697709225514,8.801609145700912,10
107,32.8396262520121,8.636284195057746,10
108,33.19292172924281,8.694839598813497,10
109,33.6008180581582,8.702081094541473,10
110,33.950349873278626,8.82349641217635,10
111,34.178604205080674,8.773160523582733,10
112,34.66888959059678,8.759185758535066,10
113,34.896627832000135,8.59146369382213,10
114,35.305494097573515,8.693523520632464,10
115,35.65682410089036,8.840236898247905,10
116,35.965090875916644,8.898229409272508,10
117,36.23667009972455,8.81524912866656,10
118,36.50416855385778,9.02381455821027,10
119,36.87310181743533,9.15026578778862,10
120,37.2036573818021,9.295630952291104,10
121,37.86067835187978,9.495718661116513,10
122,38.18669092751161,9.499228743095758,10
123,38.27071761304634,9.480429757706911,10
124,38.59705899330837,9.482618098538934,10
125,38.94025054029503,9.700128643099404,10
126,39.36533277406544,9.813461819148236,10
127,39.71071357931525,9.786317404199181,10
128,40.21673352386806,9.76986955113437,10
129,40.64746603085278,9.797666252211402,10
130,41.056207230691335,9.702031525049108,10
131,41.28099431612391,9.875956277727251,10
132,41.588447414496216,10.086102012203531,10
133,41.93874567439159,10.282111588996074,10
134,42.26890480725168,10.357018870397816,10
135,42.43646867576291,10.222878319174828,10
136,42.73111632199361,10.214375869652603,10
137,42.99952835567794,10.296389115219124,10
138,43.352277754707025,10.532037586434416,10
139,43.76494680905414,10.765248866949507,10
140,44.139524146661806,10.8856236815557,10
141,44.36877297066565,10.944569009300581,10
142,44.56372224413715,10.994898425626284,10
143,44.81221638083343,11.103503878741972,10
144,45.26710565348892,11.112132724049522,10
145,45.856221350922176,11.196812546303128,10
146,46.31321892298278,11.358253407292322,10
147,46.55701894287695,11.508493309895925,10
148,46.826454994395434,11.71043752859711,10
149,47.25783159413379,11.962756559063164,10
150,47.48883169739112,12.09355511065202,10
151,47.8563201150201,12.17644886507683,10
152,48.16321544530756,12.34247639268513,10
153,48.413011054349646,12.557666196514242,10
154,48.90023911974642,12.717848178757,10
155,49.267967535207916,12.78766632466212,10
156,49.716652247773474,13.056009954782189,10
157,49.95873733144183,13.281979147315605,10
158,50.34876067308578,13.383079920750927,10
159,50.835041342287404,13.45687741822485,10
160,51.020034710810314,13.535557428679915,10
161,51.26150541972466,13.68597220332478,10
162,51.66859613904455,13.933866770681636,10
163,52.01631073033953,14.129251766106282,10
164,52.27954139708178,14.350500322439382,10
165,52.55191838958474,14.564869458846644,10
166,52.63518424403435,14.60115331319845,10
167,52.9593622082906,14.722388057644245,10
168,53.30999525844705,14.812726480456561,10
169,53.562508036395045,14.831472336112226,10
170,53.87110254112432,15.020675488550062,10
171,54.178974145113784,15.089765650629017,10
172,54.4250156621604,15.058159520631458,10
173,54.77739743714525,15.2724471366462,10
174,55.10473506055113,15.170822924707092,10
175,55.51046548522129,15.433996182547318,10
176,55.83733669284536,15.55437186279932,10
177,56.0878426858781,15.712727096992415,10
178,56.53708118700822,15.952928535369045,10
179,56.942826931190936,16.208597452985618,10
180,57.19159124146008,16.340173417648653,10
181,57.53887269193647,16.489932910805322,10
182,57.804415906633174,16.61601051975917,10
183,58.19203892201291,16.833707234869554,10
184,58.323429644169735,16.938521543689554,10
185,58.72364853610393,17.098005602770144,10
186,59.035785004123326,17.32419881973902,10
187,59.386080160384665,17.61781909484323,10
188,59.81919553823239,17.865972331600286,10
189,60.07416906243621,18.016491273412615,10
190,60.1823275084064,18.01408336713364,10
191,60.47253430906591,18.138926542825402,10
192,60.76567172284295,18.014375615914677,10
193,61.18169211372365,18.126912106151845,10
194,61.53180644646737,18.11039528304184,10
195,61.94191738568746,18.33209049709774,10
196,62.230405552732655,18.478352709350506,10
197,62.664696648469736,18.668658055192004,10
198,63.12882580818517,18.804067397491664,10
199,63.39997363512519,19.008671488694617,10
200,63.7332136057826,19.046413407317115,10
201,64.0698694217938,19.08584304341357,10
202,64.44309241771643,19.168483117361294,10
203,64.95428102582677,19.331526989793247,10
204,65.36219237094386,19.51674780592254,10
205,65.71122184541115,19.515215780280066,10
206,65.98376819718221,19.6064323139218,10
207,66.3586388692214,19.660057691652618,10
208,66.64752737778983,19.853224203680867,10
209,66.79481111943664,19.93900240306173,10
210,67.18381348150155,19.900083690092234,10
211,67.7174396951885,19.875891189021512,10
212,68.06455438684085,20.062153377308316,10
213,68.51414524304208,20.342911718436717,10
214,68.88385325966445,20.479549879935437,10
215,69.5129699836073,20.71636676827641,10
216,69.75669171346802,20.83739631779543,10
217,70.05303569703324,20.975788862786917,10
218,70.56808251983442,21.20180407980755,10
219,70.93698116028997,21.3103193383242,10
220,71.06721706712358,21.304820757907702,10
221,71.45743661247126,21.569363440752195,10
222,71.83228078728106,21.79729913825701,10
223,72.05804223195814,21.789900827256883,10
224,72.46557075259548,21.90839021454128,10
225,72.59473979393908,21.99185047769809,10
226,72.92046619623773,22.142741059027717,10
227,73.51150980540528,22.378581808810655,10
228,73.71948349626894,22.56760451991233,10
229,74.22854155125549,22.79736721192208,10
230,74.51532923844273,22.843454381044506,10
231,74.80618928000715,22.758758800599267,10
232,74.93020516874154,22.773379789973706,10
233,75.19745893326638,23.018789235804707,10
234,75.47490556522598,23.112592080543074,10
235,75.82075760082047,23.174068004675103,10
236,76.25034718996021,23.33979280912098,10
237,76.3554768985126,23.25411403880593,10
238,76.62781499559432,23.24993982847933,10
239,77.0558068057877,23.04403449078247,10
240,77.28353585210156,23.252011884127846,10
241,77.60801959497182,23.438685334355906,10
242,78.06357615335746,23.42249598944522,10
243,78.22741483496391,23.616045003604224,10
244,78.60288974388592,23.577967872498892,10
245,78.91362532776472,23.75819315090728,10
246,79.28611507402222,23.776735427772035,10
247,79.57317175831788,23.58805877098804,10
248,79.77920066457514,23.560586911098355,10
249,80.27013043235777,23.794273628234414,10
250,80.53297515408477,23.8912515946134,10
251,80.88525895411854,23.8211267887848,10
252,81.03714238789715,23.825370511297265,10
253,81.24266465311389,24.016932209328363,10
254,81.57630849372984,23.945889694867066,10
255,82.01129767256168,23.93231033128106,10
256,82.28363901179304,23.97837968720571,10
257,82.75699474340593,24.23726237872637,10
258,83.20898189404406,24.520929419669827,10
259,83.35337550621065,24.463745780281748,10
260,83.92445390322969,24.658490582190254,10
261,84.41292167914168,24.767472283773312,10
262,84.76681955518099,24.918015022354506,10
263,85.09724795065087,25.14251091383135,10
264,85.55932009521311,25.369964086318763,10
265,85.74782020094815,25.498146738534654,10
266,85.97640955671882,25.696889858496114,10
267,86.46694923651587,25.7549152116351,10
268,86.79563696462336,25.76706911633504,10
269,87.1225438206019,25.945461138172647,10
270,87.39246721251133,25.94323929405774,10
271,87.73687123741813,25.883182658139575,10
272,87.97874428177911,25.934771116739153,10
273,88.2438003390581,26.08113635792994,10
274,88.75918246538676,26.223283262593142,10
275,89.1516029929883,26.210606161241,10
276,89.51127736170551,26.311191764583363,10
277,89.96782037904669,26.509297870544533,10
278,90.37060735956686,26.37922383395737,10
279,90.94122437469089,26.340389682945258,10
280,91.29042118359236,26.42255231881846,10
281,91.61766104648042,26.40417089988444,10
282,91.81204046923638,26.41303334865673,10
283,92.23968243039371,26.599493657732324,10
284,92.4490855371284,26.64680789478593,10
285,92.81778527478063,26.645518048382193,10
286,92.99293480214897,26.552068427946907,10
287,93.18048445528953,26.65944605727066,10
288,93.67058921237142,26.812486030107504,10
289,94.13055657496871,27.008081397321035,10
290,94.58431562300852,27.312116742762477,10
291,94.93372348517416,27.57339886603034,10
292,95.3417163644517,27.678480737331416,10
293,95.71088360453264,27.838603291533907,10
294,96.2012525160641,27.83225577826244,10
295,96.61281591461986,27.836941815869803,10
296,97.08019387958097,27.918174094724453,10
297,97.45102989816723,27.65318156534617,10
298,97.55955828996247,27.651598211242742,10
299,97.77312066734905,27.681828101244125,10
300,98.18872517362067,27.8229763014282,10
301,98.76270187888181,27.921662473346235,10
302,99.11227880876947,27.99075108918704,10
303,99.33922434400536,28.18573796571103,10
304,99.81319059195123,28.1797107621209,10
305,100.19670026580056,28.339740887716918,10
306,100.72714327659295,28.599462360385758,10
307,100.991468649804,28.617771072469026,10
308,101.41792669692124,28.40409924537907,10
309,101.82787109392144,28.480397072378036,10
310,102.3000030136184,28.482168614465042,10
311,102.64639071176478,28.436765994487804,10
312,102.99669412304802,28.557260951505768,10
313,103.58308118356074,28.52035228827074,10
314,104.09572949796873,28.445908775568174,10
315,104.48818666145662,28.638352517069894,10
316,104.88281216029031,28.73296793704985,10
317,105.3562294937371,28.719102910069314,10
318,105.77130562614704,28.792168615533456,10
319,106.26683238317139,28.799734406904356,10
320,106.78241197617663,28.99178003327653,10
321,106.93033201902358,29.068617949519524,10
322,107.20044777864169,29.279907865214575,10
323,107.4426060385425,29.04137215860806,10
324,107.80903526310188,29.148027583730027,10
325,108.29843606209499,29.14337492129591,10
326,108.62140554826028,28.97177239549721,10
327,108.84929981056287,29.024407734615313,10
328,109.34508294299278,28.881427580702493,10
329,109.59565233878895,28.94487283566617,10
330,110.10525196415423,28.73033259597077,10
331,110.5316411872122,28.79878746612449,10
332,110.97822105674922,28.715217739869868,10
333,111.46451146025342,28.845514875000585,10
334,111.87407823843151,28.751040901501895,10
335,112.12172942357874,28.739946714465404,10
336,112.53241506773198,28.879479787807387,10
337,112.86049321858619,28.77933796910693,10
338,113.14962324889491,28.85330558402899,10
339,113.5422912047492,28.65112523634421,10
340,113.7942941609374,28.951424040837388,10
341,114.08040012281306,29.15316765485189,10
342,114.23231249853886,29.092330489725004,10
343,114.40372336416178,29.049936120887743,10
344,114.58053401414654,29.073234631049235,10
345,114.82271547192013,29.21694829334897,10
346,115.06893016937673,29.442308943630678,10
347,115.19420228562574,29.602554734219467,10
348,115.62838878279767,29.7507445718285,10
349,115.951168970782,29.85431889464507,10
350,116.33907513994684,30.079867257444164,10
351,116.503229559402,30.10218244298191,10
352,116.70755131296997,30.195523434654806,10
353,116.83891836934038,30.091281698644924,10
354,117.16368318603698,30.33352130002638,10
355,117.26839201404619,30.26515619384442,10
356,117.60083817788593,30.280706067658016,10
357,117.87203848083564,30.305274281762927,10
358,118.12285550326223,30.301052912601357,10
359,118.65407562086946,30.419793070990526,10
360,119.02759661112302,30.499548721842963,10
361,119.35506743555818,30.725999800689404,10
362,119.82601052202283,30.795753953691573,10
363,120.22278427775427,30.901702424962984,10
364,120.38706256162232,30.99014875620951,10
365,120.63699694325089,31.143020558242032,10
366,120.94400922861196,31.30560459146409,10
367,121.31266570920832,31.426155250594167,10
368,121.66406930213115,31.49599909129459,10
369,121.97756366177188,31.6877699095879,10
370,122.31132425284997,31.73706003914054,10
371,122.4821028419863,31.734605219141827,10
372,122.85412939451165,31.86536117707548,10
373,123.2625848957588,31.972730254240474,10
374,123.55329553848821,31.985780534637207,10
375,123.66152006647403,32.093060660463536,10
376,123.97066207671597,32.283620636282805,10
377,124.0999007998029,32.321348465515214,10
378,124.36635683876038,32.43341481132276,10
379,124.57765710123347,32.37519654340641,10
380,124.78198851115783,32.418244554885504,10
381,125.21584288987033,32.38326878047034,10
382,125.48410528441687,32.35417701698807,10
383,125.66826143132339,32.5329293067853,10
384,125.95528650775377,32.70457730449825,10
385,126.5100417241612,32.71436853474084,10
386,126.77844300413919,32.85581024966549,10
387,127.05066089928705,32.879021210456635,10
388,127.39954778063243,32.86975489029596,10
389,127.51446319881384,32.829734170279835,10
390,127.84650317377972,32.83642519597804,10
391,128.1930091023351,32.94998887174495,10
392,128.44341883210305,33.0400099708974,10
393,128.6700197000842,33.24811811178847,10
394,128.85762746930357,33.36610279291754,10
395,129.0262920753974,33.5062536469553,10
396,129.1740012771428,33.57194357203532,10
397,129.4170911735411,33.64583841118633,10
398,129.60937737591559,33.80292268693675,10
399,129.79969259488706,33.905627916205674,10
400,129.90400512337078,34.04472917274078,10
401,130.13622920614597,34.208387055978875,10
402,130.4102087465733,34.39306665867529,10
403,130.86794929840056,34.40523147022958,10
404,131.42214342052733,34.41188137117701,10
405,131.73256058745883,34.51249915898557,10
406,132.22292151012226,34.73166142483782,10
407,132.73275931567463,34.94714444706753,10
408,133.0856334762309,35.26111721124926,10
409,133.22242517019478,35.252335680148136,10
410,133.30506234243978,35.236990707865715,10
411,133.54948139930485,35.50038682909141,10
412,133.96283085426631,35.726464804755594,10
413,134.27018554684105,35.932447366890955,10
414,134.66334827749145,36.1365022972452,10
415,134.93702682262443,36.18429804575896,10
416,135.06703086697183,36.19044538852733,10
417,135.39724868749755,36.293910978125645,10
418,135.72910237810873,36.34338692959891,10
419,136.07993909982946,36.32763435905991,10
420,136.40557730878973,36.37877888832644,10
421,136.67306973301643,36.59738248096273,10
422,137.02869806958353,36.59223030360486,10
423,137.20176985159623,36.51083712266264,10
424,137.3117290002278,36.55296543772903,10
425,137.48407301970497,36.51402786351337,10
426,137.7758518597706,36.449993980330596,10
427,138.043997639781,36.568592676650844,10
428,138.37839799815967,36.58332236199359,10
429,138.84694873074352,36.8000999931618,10
430,139.40049304951063,36.931924944299205,10
431,139.61478400728174,36.908910450094474,10
432,139.96498180292448,37.04245631976028,10
433,140.3180319780642,36.96504939659576,10
434,140.58995638060765,37.19551709230056,10
435,140.94249179167795,37.34298758938378,10
436,141.1583996966981,37.48690248543373,10
437,141.39418681361025,37.398847614129124,10
438,141.78447676047142,37.39343435036328,10
439,141.97239035063816,37.46238350491183,10
440,142.43176691618314,37.441090620648254,10
441,142.66213883547272,37.41547111290482,10
442,143.00357949553776,37.69582385312161,10
443,143.255116899787,37.53903724063023,10
444,143.66551158821645,37.74186699621953,10
445,144.11437587399686,37.91110859042455,10
446,144.4859029547598,38.073965480242514,10
447,144.91663974042706,38.101864899645705,10
448,145.43620868386637,38.158845624164776,10
449,145.7449523898478,38.246829593670114,10
450,146.1520375005688,38.30775789525824,10
451,146.3623994779759,38.370905392486414,10
452,146.69718579439245,38.47220518929522,10
453,146.96521410318553,38.5414765634916,10
454,147.23291849650045,38.711171427938304,10
455,147.58593324982766,38.749117524522845,10
456,148.05798875839994,38.84343881265833,10
457,148.26816687743406,38.87112422200503,10
458,148.414323700284,38.975729005122474,10
459,148.54619198281526,38.91286041652276,10
460,149.05317381752815,39.028068595339576,10
461,149.38950290370434,38.958864917430816,10
462,149.7214522003375,38.79775247132781,10
463,150.0091516904297,39.06205802561895,10
464,150.24099688607902,39.112786222495394,10
465,150.6895448266917,39.112814603354984,10
466,150.87907846024285,38.979685265111975,10
467,151.3108980113509,39.20575170941369,10
468,151.61958543103776,39.366092311637765,10
469,152.23446612317608,39.41639859181194,10
470,152.64628470737892,39.624331008048216,10
471,153.17525868747938,39.573507090156184,10
472,153.59382413132596,39.46242095103459,10
473,154.04570144480698,39.50173398128707,10
474,154.37406930705174,39.310082608389045,10
475,154.70744731842512,39.298620185001575,10
476,155.03304658191203,39.470073608263995,10
477,155.3028134845359,39.64378512054656,10
478,155.6725351980179,39.64451689248822,10
479,155.85452222857197,39.61980148640755,10
480,156.0228532568842,39.6458208454233,10
481,156.17161186084886,39.66750074029876,10
482,156.52301336180577,39.90635716380287,10
483,156.85595647405574,39.86566202907707,10
484,157.20092865572695,39.74121676938021,10
485,157.57496278515424,39.69478971865915,10
486,157.88757183700596,39.903854007536324,10
487,158.10181844015452,40.06275530585624,10
488,158.51352971729122,39.87509980866256,10
489,158.92287744262467,40.083274675458064,10
490,159.4158879583068,39.870989208597656,10
491,159.62288631030782,40.11363358615316,10
492,159.95297820994332,39.98281251165172,10
493,160.16010450105773,40.07250958295188,10
494,160.48898216948763,40.100897915841564,10
495,160.87817064102256,40.15832395896411,10
496,161.18458835476287,40.052466178799236,10
497,161.45643515423802,40.06232085649786,10
498,161.76433353221893,39.998327575261165,10
499,162.11158144557731,40.178016453799835,10
500,162.29914287810715,40.415758436420596,10
501,162.6749528341476,40.609689565761755,10
502,162.88485618580356,40.62924741012732,10
503,163.25795933171517,40.85261714100485,10
504,163.503804112166,40.94914001743636,10
505,163.8798865461117,41.236756768370626,10
506,164.26532982254025,41.357795700845564,10
507,164.55524724672415,41.225113301310415,10
508,164.92801617229642,41.44736325467345,10
509,165.1345850280962,41.40343647149207,10
510,165.2612185613067,41.44906625664635,10
511,165.6357637463517,41.62977051103381,10
512,165.9048524467059,41.885683488535335,10
513,166.05051580681248,42.09297392542215,10
514,166.296031682335,42.058768208256346,10
515,166.54321240910815,42.215367889972875,10
516,166.91380463732298,42.326413755737924,10
517,167.1886193714673,42.32609821247483,10
518,167.43782428829758,42.47371173244766,10
519,167.54064682304005,42.51337776615616,10
520,167.92832780467845,42.52640085256466,10
521,168.1766698535552,42.622656656166846,10
522,168.50877015032816,42.892431368746394,10
523,168.840243344942,43.0861521975172,10
524,169.16838771570372,43.39066752009531,10
525,169.4371676646833,43.61303946775615,10
526,169.76317552358898,43.69432049480945,10
527,170.13035443903468,43.630282592449156,10
528,170.55763772369392,43.70771702507761,10
529,171.13429986507717,43.7286133400815,10
530,171.4240345201617,43.86952985036633,10
531,171.79401015067558,43.96900842328823,10
532,172.0988977479065,44.04799768090179,10
533,172.38705347290622,44.09811778048967,10
534,172.6742511696864,44.09296995612739,10
535,173.04508175183383,44.282542644376484,10
536,173.3343199591672,44.52477936411392,10
537,173.85116761420613,44.72931886890005,10
538,174.32333084339666,44.85423072888835,10
539,174.48845909437924,44.7828515535142,10
540,174.77867706717785,44.89308824056498,10
541,175.10375203613768,44.98894728302472,10
542,175.4372932066508,44.92333258755978,10
543,175.92285273501835,44.95497154334344,10
544,176.2660855100578,44.80326492821221,10
545,176.63818584787916,44.798661190992476,10
546,177.12905894552244,44.92027945578835,10
547,177.62052328156494,44.882828297907615,10
548,178.14508134015293,44.89673217390036,10
549,178.32863991490478,44.9900503097864,10
550,178.67943015718487,45.121620901839904,10
551,178.8861666428649,45.00296486190682,10
552,179.2390485456175,45.160858601393564,10
553,179.51012157905993,45.21657609053998,10
554,179.77920959203627,45.30653323942371,10
555,180.10944798643953,45.64554439485732,10
556,180.37749553971437,45.76790272742037,10
557,180.62422428960753,45.755656831827615,10
558,180.85816202756797,45.78463270396305,10
559,181.16603778274572,45.80275547307295,10
560,181.53861791952983,45.67225741716316,10
561,181.81103548257266,45.57794079330594,10
562,182.19900493630433,45.49950367407444,10
563,182.37249695341603,45.62933590501374,10
564,182.60827731760813,45.53874945095496,10
565,182.9787648507609,45.57428330333119,10
566,183.27046763946845,45.33017107124968,10
567,183.69629617801723,45.49365645813646,10
568,184.21347426394885,45.53812240739355,10
569,184.64012284022698,45.6055754287288,10
570,184.88805298056312,45.66420959258236,10
571,185.43884825821124,45.470113872015034,10
572,185.8305343371529,45.65216087210387,10
573,186.20257776931152,45.844821203031955,10
574,186.49463764664785,45.99082749979794,10
575,186.66238222848125,46.231171426892786,10
576,187.03642665059314,46.43678472856716,10
577,187.46333121093238,46.42746588244867,10
578,187.755133245512,46.521888631626865,10
579,188.08702319877221,46.43290548150301,10
580,188.37991619668503,46.750971874044325,10
581,188.65427200272603,46.814471099799995,10
582,189.0125462145348,46.89143642095537,10
583,189.347840664663,46.82587592747823,10
584,189.61555649234865,47.0585145165222,10
585,189.91669075245244,47.00421318913418,10
586,190.2089420527995,47.04962580812024,10
587,190.46749709345826,46.88435450706396,10
588,190.74490276144644,47.02656256422881,10
589,191.03648202696604,47.21340020617699,10
590,191.39348425308026,47.529460939306794,10
591,191.90843649685104,47.8156127348706,10
592,192.19776854710818,47.938818021029356,10
593,192.55173350398098,48.21651872455565,10
594,192.75944274796984,48.156637009535196,10
595,193.18463509934116,48.08391080252433,10
596,193.57615515849324,47.96738334411658,10
597,193.9088637860742,48.17780647735577,10
598,194.23585257417315,48.157773736561644,10
599,194.56091167203422,48.2375473511395,10
600,195.13368062426446,48.08200664641675,10
601,195.50804561858274,48.335693182869576,10
602,195.84228223332585,48.37616681770058,10
603,196.31416773686507,48.33199644425426,10
604,196.6271538555651,48.61935773660358,10
605,197.11545188826364,48.85976178090787,10
606,197.5216973351916,49.089391158219314,10
607,197.91197287321225,48.92583770606926,10
608,198.38723737739332,49.10003053835501,10
609,198.9451425441859,49.146880158099535,10
610,199.13360084736152,49.23353367031357,10
611,199.36341687782496,49.29121413743373,10
612,199.768856775943,49.460874507214676,10
613,200.09970109417094,49.55745209507977,10
614,200.58818590249064,49.808220859516005,10
615,201.06036984230664,49.84008177163698,10
616,201.40698384423416,49.903048657643374,10
617,201.5167009417536,49.91692214710278,10
618,201.92807755868193,50.03877432421127,10
619,202.1743337550988,49.95216960053651,10
620,202.5031281647523,50.163976049574266,10
621,202.63153107346378,50.17679658297582,10
622,202.8989355784647,50.35682689731537,10
623,203.18821528175027,50.29544762920465,10
624,203.34014880573042,50.184014698546775,10
625,203.60917989418368,50.344920735129705,10
626,203.93541208963697,50.50213640668827,10
627,204.17907316247062,50.78262699498422,10
628,204.58818975392575,50.91184376148361,10
629,204.93648870676105,50.87049428841747,10
630,205.46941051826502,51.002611057767375,10
631,205.90313964011094,51.168500469472335,10
632,206.1971571889989,51.342124269363204,10
633,206.6070658799752,51.32588750460187,10
634,206.8761414436639,51.65748031584092,10
635,207.12379056372978,51.87613223785979,10
636,207.454811822346,51.9735372928374,10
637,207.74419916784126,51.99028197804562,10
638,207.84889851861007,51.945344951516304,10
639,208.11597322005588,52.03597085708309,10
640,208.60411900372856,52.19951672185795,10
641,209.03460348630293,52.44040116928063,10
642,209.30558515886293,52.640173319713156,10
643,209.61392275561033,52.70439839835328,10
644,210.04757811664854,52.79938204610799,10
645,210.3152558735946,52.835038208927244,10
646,210.80787563625722,53.038166872674644,10
647,211.2764842987715,53.26982288456969,10
648,211.50276778634293,53.57690486941078,10
649,211.9095701576078,53.48869232140612,10
650,212.0171462107043,53.54500441017624,10
651,212.26702806376653,53.72246453155543,10
652,212.62129725127778,53.88833719129435,10
653,212.88900547815288,54.080257827654805,10
654,213.240138419856,54.131613441709504,10
655,213.45480437455825,54.099697338084155,10
656,213.72207094509767,54.22104274587769,10
657,213.99975486363314,54.36823980352455,10
658,214.1950790360614,54.53464007955434,10
659,214.4829526578455,54.73910644172084,10
660,214.6936332133937,54.998460121852894,10
661,215.0810927093647,55.13432191082354,10
662,215.33319371034872,55.30703800636366,10
663,215.57790866229024,55.38079476858768,10
664,215.72772972069498,55.53002967923344,10
665,216.1384534778722,55.60743566847656,10
666,216.43077163750536,55.73996912075784,10
667,216.75823552961566,55.87590539049004,10
668,217.33134408697373,56.06483703622168,10
669,217.74250937646838,56.416059244235754,10
670,218.15766123962675,56.64459759596434,10
671,218.60738608803263,56.91010128534489,10
672,218.99654030447306,57.07312463502634,10
673,219.35534831595942,57.120951263760126,10
674,219.6698458080163,57.13637991163418,10
675,220.0218145334849,57.439252300880646,10
676,220.47225234630164,57.58004430811923,10
677,220.63665572464055,57.53196197275426,10
678,220.9671617597599,57.503822976564734,10
679,221.13340240104284,57.430710194392695,10
680,221.4388616920477,57.38460132368224,10
681,221.75032570987247,57.590383293530955,10
682,222.20251765959992,57.61356623482006,10
683,222.33009866310505,57.80100858883124,10
684,222.7248766776175,57.67912039580156,10
685,223.13357029774255,58.03274513362417,10
686,223.50775585624757,58.32975564548389,10
687,223.99463772043856,58.52878529928826,10
688,224.2854860526283,58.48493052159483,10
689,224.38974305808796,58.390902229088915,10
690,224.6525741521993,58.184584638332126,10
691,225.03825322154225,58.268919945532836,10
692,225.42480299560944,58.12592373203714,10
693,225.81307263423278,58.0287614456225,10
694,226.01852419613277,58.00786619767192,10
695,226.5849347956634,58.04646712905708,10
696,227.1105709493222,58.23338559071671,10
697,227.3175321078692,58.367997001306726,10
698,227.6429711016921,58.62391035636709,10
699,228.0355620574243,58.947291484766566,10
700,228.33126019743776,59.09228523019195,10
701,228.74773231851964,59.32694915142453,10
702,229.1986644104113,59.393859106111066,10
703,229.7539068904226,59.37687118322116,10
704,230.39066746152884,59.49127570913786,10
705,230.8670130535821,59.67582996887935,10
706,231.11495804567897,59.75806725465649,10
707,231.58795056863352,60.015446053122574,10
708,232.0200138718679,60.03253932628998,10
709,232.18551508353193,60.185256092524384,10
710,232.5988808345756,60.38108165928799,10
711,233.0090043812849,60.589262441009346,10
712,233.29928441523458,60.641360415342895,10
713,233.7081623071543,60.977862760548916,10
714,234.11661233766182,61.07131269624736,10
715,234.44635098068125,61.02261453464573,10
716,234.7776592931998,61.13228587263972,10
717,235.04180822483607,61.366560163615056,10
718,235.3937035392443,61.25626336004705,10
719,235.93557207636704,61.19545192153202,10
720,236.26306461942664,61.561213741215056,10
721,236.73480262425022,61.66906894615789,10
722,237.21041410159222,61.888349600657165,10
723,237.41769905894506,61.88260706785894,10
724,237.91588991096827,61.962933675296625,10
725,238.18845050999934,61.73520132327267,10
726,238.64169409791762,61.769222194070636,10
727,238.99085981519087,61.6424594381398,10
728,239.4423190550633,61.563776784764094,10
729,239.76882071854416,61.65238147493517,10
730,239.87477122910641,61.819202162386674,10
731,240.22532476231981,61.94599496770831,10
732,240.58027336653223,62.06860855169836,10
733,240.82362495589138,62.07485900828892,10
734,241.15472627812454,62.414251570051256,10
735,241.52872567394266,62.47080697496437,10
736,241.8505104573152,62.521033279731036,10
737,242.1380080181953,62.4374512023042,10
738,242.36670479663758,62.3475836811727,10
739,242.71693620746964,62.41387258517892,10
740,243.0872207461914,62.46405236620854,10
741,243.25763054135763,62.67775375080604,10
742,243.581789880726,62.8160411778784,10
743,243.68541937955496,62.982700351868445,10
744,243.8922046151118,63.23543896032119,10
745,244.20265097919832,63.31634491530822,10
746,244.32867621386293,63.38500389881159,10
747,244.57777612888222,63.541244139735134,10
748,245.03356268289136,63.549682517888215,10
749,245.14205271617828,63.64223719232668,10
750,245.4342669477699,63.79716329447997,10
751,245.76132828799223,63.975546881420186,10
752,246.07387713951675,63.98904872221543,10
753,246.32728082695226,64.07220705182665,10
754,246.58223963959307,63.96018410690197,10
755,246.90807193215875,64.05316992178848,10
756,247.17457301707526,64.1383747482729,10
757,247.62197199535112,64.26705230397263,10
758,247.99580894465512,64.4414846434335,10
759,248.28059930178497,64.60048514279019,10
760,248.68500332254212,64.67620807939024,10
761,249.0829405717553,64.88168558740323,10
762,249.41224857596507,65.01123378593604,10
763,249.74998441981833,65.09602952754618,10
764,250.1183807224209,65.10218272082192,10
765,250.3472838371505,65.23559058385958,10
766,250.80462203198758,65.43366359799016,10
767,251.01552647425623,65.60098706127086,10
768,251.22929711394718,65.59179635347108,10
769,251.39816159590086,65.49714320656103,10
770,251.74912511620278,65.66128070599802,10
771,252.07712450089466,65.7104103081162,10
772,252.49153149628265,66.01180578267945,10
773,252.82602869831854,66.14111866766842,10
774,253.1830807515891,66.09715826477067,10
775,253.59879253670223,66.32672707855882,10
776,253.9737725585122,66.41650000861333,10
777,254.4241958998428,66.6664957914256,10
778,254.89649609897364,66.98886406543494,10
779,255.30777251503483,67.22166602273934,10
780,255.63683844898333,67.36740109378194,10
781,255.76309766324817,67.41057875815034,10
782,255.91227128516826,67.53490135237989,10
783,256.3822894439512,67.8622418080622,10
784,256.78921760696795,68.03648886645051,10
785,257.082021715787,68.0055886831837,10
786,257.57211012075044,68.32343090699244,10
787,257.8816903789488,68.40469203641551,10
788,258.1904936363514,68.49088400637035,10
789,258.47936567313405,68.50948274994118,10
790,258.9696240505737,68.46358994242374,10
791,259.2960336284052,68.39444638851495,10
792,259.6249536818049,68.39527148913277,10
793,260.1744852793051,68.48059041991924,10
794,260.46462660337653,68.76832740793748,10
795,260.7160531628272,68.77739441271507,10
796,261.0677056377245,68.70473622925347,10
797,261.3212714720355,68.85499824089278,10
798,261.53948166057506,68.93510201955614,10
799,261.75358259598994,69.15853352759507,10
800,262.10635607122185,69.24840328645689,10
801,262.2964360739368,69.37325553668354,10
802,262.59040555193536,69.43579928087262,10
803,262.9386602082195,69.43471995824518,10
804,263.2660947336745,69.59870260145787,10
805,263.5947513401404,69.8454562028312,10
806,263.80571250578197,70.04035021400725,10
807,264.0764720235721,70.03748670884376,10
808,264.4030728672639,70.32411375566072,10
809,264.70991177832803,70.61752724723954,10
810,265.0397663881152,70.91322830094875,10
811,265.4494420324084,71.28359965144605,10
812,265.779741360726,71.55937676279817,10
813,266.1098052906078,71.72716636740572,10
814,266.50226496465183,71.84653978580364,10
815,266.9521113596254,71.97554652976602,10
816,267.4113449799012,72.22760889135193,10
817,267.6816681488777,72.31627159555748,10
818,267.88996127192,72.58314088774905,10
819,268.063169765736,72.50681871674442,10
820,268.3907182561274,72.57453471226674,10
821,268.72130518727914,72.65544364202425,10
822,269.0718470157675,72.6723738239364,10
823,269.421371832506,72.79797433907272,10
824,269.7116793234368,72.89209706091262,10
825,270.0038837479074,73.1130257963138,10
826,270.2630720888537,73.27673399174282,10
827,270.56873082590903,73.32812470489698,10
828,270.86148611678374,73.45894125233302,10
829,271.2351670420968,73.57478653368662,10
830,271.38779788015046,73.57794195191343,10
831,271.5364578515929,73.58878415662271,10
832,272.06162501013245,73.57070480685988,10
833,272.29119761521997,73.62501545954109,10
834,272.64343879322007,73.44172532525059,10
835,272.97472558950477,73.56235895227132,10
836,273.25187746258104,73.56224757605347,10
837,273.581873242049,73.4968481136228,10
838,273.8538964179144,73.52039587015558,10
839,274.22275412529945,73.49387860776423,10
840,274.87764281120496,73.59029564874743,10
841,275.1302123637041,73.6119767780685,10
842,275.424251644241,73.5972259735523,10
843,275.8771793278229,73.53038410325303,10
844,276.2716527190711,73.34636533873922,10
845,276.65822968799097,73.34974444830029,10
846,277.0518856232323,73.42165810824145,10
847,277.3982384445761,73.376840340792,10
848,277.767992240303,73.34725542763009,10
849,278.09404362179566,73.24151300975964,10
850,278.4668861906449,73.19042044296299,10
851,278.8772827745707,73.44642180904184,10
852,279.163158902903,73.3820321871122,10
853,279.36690462866153,73.61036161234365,10
854,279.53510221569,73.61063990309329,10
855,279.9490182752536,73.68507962395164,10
856,280.4169595745207,73.52565758340715,10
857,280.770438795892,73.35675646303655,10
858,281.1425111835292,73.25155328958712,10
859,281.7932022916035,73.32465993027064,10
860,282.3052360808698,73.56941210218034,10
861,282.5693054030557,73.6422462786675,10
862,282.9740573498451,73.61969421246692,10
863,283.5040540202846,73.71753789380926,10
864,283.5501862182856,73.7276007618034,10
865,283.9381684582551,73.84845306349442,10
866,284.3924584457569,74.18576047630117,10
867,284.6809405503992,74.24411824462923,10
868,285.0114309476341,74.32706652232166,10
869,285.57543992589103,74.42900142307315,10
870,285.87817969044585,74.27989308817199,10
871,286.20861205766926,74.43011067305072,10
872,286.45680385787557,74.38815704435551,10
873,286.66645384825523,74.50259500444821,10
874,286.9783501940587,74.68303519315567,10
875,287.22717943469553,74.75218307314641,10
876,287.5005898452647,75.01897133826373,10
877,287.7898391998625,75.01449937692335,10
878,288.18386809630476,75.22445132249318,10
879,288.4114332892549,75.2259656791204,10
880,288.6607473685317,75.56749797804544,10
881,288.8921425856858,75.50993928977753,10
882,288.91849575447975,75.53107569144164,10
883,289.2906409918532,75.50118961598518,10
884,289.4003537769541,75.46914292523321,10
885,289.67017554923683,75.75573224906812,10
886,290.01826806544295,75.86130297041187,10
887,290.36783536019254,75.89266412046814,10
888,290.3946244717532,75.91678059420539,10
889,290.74706730651116,76.02416079244286,10
890,290.9592154755164,76.12292036569521,10
891,291.3119930008653,76.3627494831947,10
892,291.6851795040201,76.48744998067717,10
893,292.05401376678265,76.82505693704418,10
894,292.3450445530015,76.84779749611025,10
895,292.6715101593875,77.1257235484741,10
896,292.9789164746342,77.0856131811178,10
897,293.3023452390806,77.07722652087398,10
898,293.7119066444988,77.05922802143661,10
899,294.1210031478948,77.17671146138105,10
900,294.43223606132995,77.04927094289448,10
901,294.7008237656445,76.94072729966045,10
902,295.1471096382111,76.99068697345925,10
903,295.30081702374264,76.91102056509101,10
904,295.5444571205282,77.11251009835624,10
905,295.95991461742113,77.42899058054611,10
906,296.2805949730024,77.66330206693932,10
907,296.54004104793984,77.81498128658893,10
908,296.66222882519844,77.93958049046202,10
909,297.00307874546274,78.21523768547921,10
910,297.1663755273078,78.37572040660828,10
911,297.4158921617922,78.52760306259559,10
912,297.5985682288663,78.39962513587847,10
913,297.9291443344696,78.57714661836675,10
914,298.1600750066572,78.60132595794597,10
915,298.2954261552103,78.6832593328233,10
916,298.5629082160559,78.88482490958873,10
917,298.9343376635169,79.0188126836012,10
918,299.2525195358593,79.35342673529247,10
919,299.439759005997,79.34035824011268,10
920,299.5246321340311,79.35499432510647,10
921,299.8875413426442,79.51787386545146,10
922,300.22211305001935,79.56226269229923,10
923,300.534091388095,79.59204800836217,10
924,300.87005594703345,79.83929031190327,10
925,301.1385265525195,79.85337738404425,10
926,301.6119910200656,80.00794250779713,10
927,301.8109889486416,80.23324271690994,10
928,302.13812500809456,80.22565129352125,10
929,302.48425610282027,80.23811355160498,10
930,302.8146641632905,80.49192652211839,10
931,303.0549621982588,80.52575466229155,10
932,303.44787821636703,80.45439025113885,10
933,303.7385680866485,80.49223964749,10
934,303.94836537039606,80.61334387082353,10
935,304.1166516160213,80.83712774766916,10
936,304.3090421335342,80.997887788495,10
937,304.5851782495142,81.17596201524964,10
938,304.87220939584836,81.32178072188641,10
939,305.245242081445,81.42734487955663,10
940,305.5430093194494,81.60118227363179,10
941,305.7528343168914,81.73124185573164,10
942,306.089296637243,82.04756034964218,10
943,306.33610238130484,82.20289596565294,10
944,306.6719498409926,82.2241980213335,10
945,306.9272281461882,82.42318234862704,10
946,307.23981012723505,82.34036019659258,10
947,307.85109476589287,82.43002170189752,10
948,308.18355923163944,82.37935041493937,10
949,308.5155134233915,82.5562147039332,10
950,308.770976902081,82.72083772743463,10
951,309.14380611413765,82.77444765831179,10
952,309.37658023638016,82.8646612426063,10
953,309.76953537932957,82.80912461027201,10
954,310.07623550803044,83.12924626629862,10
955,310.428931636986,83.29415325364403,10
956,310.7023334355771,83.38301222275898,10
957,311.0727918176043,83.52823923623504,10
958,311.4000129109671,83.8245562415873,10
959,311.7705488852239,83.94828411849589,10
960,312.120143012134,83.85596923676911,10
961,312.3659304679912,83.89428031315401,10
962,312.6931264355719,84.15921419939623,10
963,313.1215937461903,84.28127708022586,10
964,313.22705980193575,84.26985210262002,10
965,313.40666354069776,84.48282698751737,10
966,313.6541958374902,84.83101353810919,10
967,314.02616360450304,84.88710984467701,10
968,314.4575385676194,84.92361602873774,10
969,314.8647739237025,85.10997616546551,10
970,315.1901106455399,85.20859555944033,10
971,315.5054510704892,85.1255169032125,10
972,315.6765965054289,85.26437875744882,10
973,315.9358786864782,85.49362607312327,10
974,316.41145242741396,85.64375826935868,10
975,316.9290947812505,85.79146528161664,10
976,317.4664673909665,85.88251860625451,10
977,318.06451532655564,85.99859860697134,10
978,318.42339445781573,86.09131664565152,10
979,318.7687551772709,85.9478316394924,10
980,319.02196109990155,86.09916638262584,10
981,319.4763739237909,85.97765396742615,10
982,319.90802165135887,86.04512151341801,10
983,320.07073339075725,86.10909283605686,10
984,320.4003191805598,86.33441007709983,10
985,320.80626741035985,86.32675147248789,10
986,321.16177798301084,86.51150367814652,10
987,321.49284027709814,86.66386634712559,10
988,321.8188914437289,86.79851815444151,10
989,322.14067065333103,86.7752050104885,10
990,322.3945140702727,86.83612932680136,10
991,322.60270036195095,87.02742306431178,10
992,323.0106686533901,87.3123883587316,10
993,323.25931174615704,87.53862012281893,10
994,323.4687180520618,87.60166080396152,10
995,323.7048211072026,87.74805171898085,10
996,323.89108131654405,87.69264586582898,10
997,323.9781440961687,87.61564152781999,10
998,324.3483867441656,87.78558608535998,10
999,324.5394679311968,87.82364273717653,10
1000,324.99545425150757,88.04955130898388,10
1001,325.2859105316632,88.27178610438972,10
1002,325.45222567445103,88.12432454626146,10
1003,325.7869362978007,87.83289307896239,10
1004,325.95215922147906,88.05878214483924,10
1005,326.4815542093826,88.22058404825906,10
1006,326.79073329473255,88.38290112030383,10
1007,327.1601166334271,88.49517188274261,10
1008,327.2639753816728,88.66004976796508,10
1009,327.50920212154085,88.85336489713887,10
1010,327.83613897431803,89.21296074680572,10
1011,328.32716296478526,89.4468814244351,10
1012,328.597098483794,89.49825836128791,10
1013,328.86610945557123,89.38498196831931,10
1014,329.1783004876177,89.44861563299925,10
1015,329.5902104764438,89.52527253239666,10
1016,329.6739493222186,89.462792361856,10
1017,329.9874074896969,89.48544472271197,10
1018,330.1557259657098,89.7118799948866,10
1019,330.4232135846435,89.70690301994908,10
1020,330.75031534928024,89.8054328161498,10
1021,331.09603399370405,89.85007301857016,10
1022,331.280132964791,89.79156199692437,10
1023,331.6111344249012,89.77109086595497,10
1024,331.9390921726624,89.75270600290972,10
1025,332.100127776768,89.88926312755021,10
1026,332.33105749921265,90.10004674924141,10
1027,332.68139419280413,90.44444987367716,10
1028,332.83010072268286,90.47066467030571,10
1029,333.15563179001464,90.59136906332844,10
1030,333.5049400886262,90.59803611985338,10
1031,333.94044774669834,90.34541901595695,10
1032,334.13021589600413,90.33930942852645,10
1033,334.3194142062449,90.27980976606123,10
1034,334.6640314306409,90.19460883235537,10
1035,335.11311787378486,90.18209816075783,10
1036,335.27656605979905,90.226297445729,10
1037,335.5482199123255,90.29238867031444,10
1038,335.8810254463428,90.30638799230101,10
1039,336.3123559532088,90.32841556868547,10
1040,336.6052649471443,90.60885839054495,10
1041,336.75288625417915,90.62313706818543,10
1042,337.0654312778991,90.79780164359892,10
1043,337.1911937672818,90.77356312881925,10
1044,337.53976691775597,90.87767792944388,10
1045,337.7473589851255,90.7888472594639,10
1046,337.9948286497198,90.95093213433786,10
1047,338.1013041701008,90.85101171291458,10
1048,338.43182984781913,90.93004012222258,10
1049,338.59745003619196,90.97065888888068,10
1050,339.0058773787307,91.06893364669507,10
1051,339.2755475955955,91.11775358761275,10
1052,339.76159724273305,91.17903502706342,10
1053,339.94581542500373,91.27498156928397,10
1054,340.31952494154064,91.36763257905766,10
1055,340.57321743311957,91.66882539770516,10
1056,341.0286022637436,91.83315966635128,10
1057,341.27296604405825,92.07784916598406,10
1058,341.76392206915165,92.18704760829432,10
1059,342.09395323391163,92.36154664040758,10
1060,342.4171057995242,92.36227432242711,10
1061,342.83089500248064,92.36197909924464,10
1062,343.1229061260964,92.4056752563388,10
1063,343.6320051053802,92.50854916830235,10
1064,344.2090652561434,92.746039133103,10
1065,344.4549045029843,92.89378249203145,10
1066,344.82775525245546,93.09165987791236,10
1067,345.0745043375757,93.25767233629334,10
1068,345.48436217920937,93.3614873804599,10
1069,345.731410041237,93.43899895087199,10
1070,345.9391761005027,93.68982336220795,10
1071,346.29007705052237,93.98523200033982,10
1072,346.3759255163201,93.91764884661072,10
1073,346.64573478344766,94.14729187700516,10
1074,346.73141357222187,94.27403205176662,10
1075,347.1164075340831,94.34768083259667,10
1076,347.34116105479615,94.2776756996786,10
1077,347.62663699934836,94.30572985895193,10
1078,348.036357823618,94.27168804054648,10
1079,348.5860430073404,94.30348323215031,10
1080,348.760827253441,94.3350973328616,10
1081,349.0307541406383,94.43982296507838,10
1082,349.5418471150841,94.55367092448216,10
1083,349.7920190809206,94.57582805832108,10
1084,350.06720346446576,94.66610270405668,10
1085,350.37985023715027,94.6807134960063,10
1086,350.83085200419526,94.90898656594159,10
1087,351.4902869618052,94.86085441612504,10
1088,351.94522203924544,95.00293661762238,10
1089,352.3786001362356,95.10832656682929,10
1090,352.70363317235325,94.89308369223968,10
1091,353.0537278482201,95.07155467362276,10
1092,353.5435236410573,95.11612928111612,10
1093,354.1158048320089,95.14652673946055,10
1094,354.6058570892522,95.27946306963912,10
1095,355.1405282828007,95.39457019647463,10
1096,355.38745749932065,95.56180058259403,10
1097,355.77779216059156,95.60625834042405,10
1098,356.04396664568117,95.62441227575789,10
1099,356.43712870253137,95.7141246860141,10
1100,356.9693682505373,95.612474083244,10
1101,357.40446280826757,95.51540131552872,10
1102,357.8905189060986,95.3669245327243,10
1103,358.28163523959745,95.28011038726692,10
1104,358.7393545405365,95.24406565270438,10
1105,359.14806699726773,95.10236659233544,10
1106,359.55346532986084,95.01578962566147,10
1107,359.8417325685223,95.18532486170776,10
1108,360.2684336572052,95.14671119260109,10
1109,360.85728826366517,95.16656528975793,10
1110,361.2227400158903,95.12851701262801,10
1111,361.73041759382215,95.17420254461324,10
1112,362.10211060450894,95.03663299989206,10
1113,362.4309869630089,94.99704288708192,10
1114,362.73865112425517,95.00782333003114,10
1115,363.1256585142173,94.96526128488294,10
1116,363.3935161627811,95.013018027073,10
1117,363.6979178480671,95.23984923679721,10
1118,364.0503592861083,95.37154520663697,10
1119,364.34740366972846,95.38912743953041,10
1120,364.9644875164201,95.53144285904011,10
1121,365.5354212006843,95.4914909306326,10
1122,365.82748131188157,95.37725513752679,10
1123,366.1787201323384,95.40698752944503,10
1124,366.38968753762316,95.44072839811678,10
1125,366.80176918066104,95.62260372637864,10
1126,367.2885895514279,95.51898513388292,10
1127,367.67521748921104,95.55445965802332,10
1128,368.120279785351,95.5435365893599,10
1129,368.46658929534544,95.38514051265429,10
1130,368.84067972307884,95.62409267652993,10
1131,369.17190254930364,95.56337395533922,10
1132,369.50120308609746,95.71413403118167,10
1133,369.87559955112613,95.82941602567739,10
1134,370.327834028062,95.69860392453947,10
1135,370.6342160332364,95.48938096226988,10
1136,371.18470931298714,95.51728785516742,10
1137,371.5130429004522,95.60528001114501,10
1138,371.74151103331707,95.68059913732917,10
1139,372.1719101422606,95.76668775246733,10
1140,372.6048504720231,95.67354542248736,10
1141,372.92794991644485,95.61938530233866,10
1142,373.3012523670967,95.59892810327301,10
1143,373.5893914306563,95.87339450055286,10
1144,373.83414029303106,95.89904277779858,10
1145,374.18002149847314,95.93121954442834,10
1146,374.4242285758365,95.98120986003626,10
1147,374.6308207037438,96.01080418452555,10
1148,374.8616337722277,95.95741330073687,10
1149,374.9669393837401,95.89736646980798,10
1150,375.1501183930807,95.93377952135387,10
1151,375.4363212476119,95.92425791345534,10
1152,375.7615586248257,95.81689129061601,10
1153,376.03140218116346,95.99567163791433,10
1154,376.423558421268,96.06790735133542,10
1155,376.7757084037768,96.20849259425059,10
1156,376.9620828970249,96.22275526001307,10
1157,377.2129389377992,96.14968369646343,10
1158,377.46305354883265,96.32872035697821,10
1159,377.6564602961254,96.44395514615307,10
1160,377.97112252634827,96.4314404238752,10
1161,378.4161266010211,96.51613434729703,10
1162,378.8031171676706,96.5026256798689,10
1163,379.0120278429248,96.6606287750518,10
1164,379.409435687705,96.91091864233285,10
1165,379.68717693611967,97.15738684380268,10
1166,380.1828044771818,97.42635896045692,10
1167,380.5231662013102,97.41142031942876,10
1168,380.77619383910644,97.5462544080651,10
1169,381.0839592328748,97.76176309314732,10
1170,381.4406399455354,97.83526744515727,10
1171,381.67912329096197,98.07440922695376,10
1172,382.0281377579794,98.06158327119435,10
1173,382.4144857384232,98.29523059233104,10
1174,382.65614569091855,98.35510064511124,10
1175,382.99153121106485,98.69031582075442,10
1176,383.34430664685004,98.71072321073198,10
1177,383.5209655130322,98.87568226720562,10
1178,383.9158019079383,98.89377299864842,10
1179,384.30688141149636,98.8448934766056,10
1180,384.6542108490253,99.0390232170721,10
1181,385.2264313542388,99.1579281339841,10
1182,385.7327729364198,99.19169367883056,10
1183,385.94473434635813,99.21977496979352,10
1184,386.37246525511017,99.28445275671864,10
1185,386.703715196557,99.5358450336406,10
1186,387.05556232291576,99.30030086938113,10
1187,387.42813694167523,99.25626292658946,10
1188,387.5784953975613,99.36177673814538,10
1189,388.0328506310419,99.5510210999631,10
1190,388.3483826912015,99.57126591172859,10
1191,388.5999043910787,99.45276572416857,10
1192,388.8963991179561,99.60483332073835,10
1193,389.3111640945026,99.74321225451109,10
1194,389.6561882911203,99.64369775483267,10
1195,389.91223070699164,99.85893807682565,10
1196,390.40346762189984,100.16956617396379,10
1197,390.6931523932122,99.99362612911065,10
1198,391.1028379009512,100.0944536153609,10
1199,391.5356532170826,100.1017386486134,10
1200,392.0681755949426,100.27738037365945,10
1201,392.4950565450816,100.24908524840765,10
1202,392.9261934242601,100.46754044056384,10
1203,393.33429905588997,100.4782950978598,10
1204,393.5818765538396,100.61666544791538,10
1205,393.7709418275591,100.56914442952441,10
1206,393.95612720765183,100.49110801425596,10
1207,394.3276296937015,100.57570635807576,10
1208,394.8185836063251,100.76865734399203,10
1209,395.29214783801126,100.82781526006187,10
1210,395.5469401222647,101.1032261176712,10
1211,396.0442526480114,101.29684643423369,10
1212,396.4749359111159,101.34573360631238,10
1213,396.7195610113551,101.4074434749956,10
1214,397.19647583788606,101.44007897005865,10
1215,397.5655194175626,101.47499246224861,10
1216,397.97689539971304,101.7710481855327,10
1217,398.4437031189264,101.81399635661806,10
1218,398.92668198253784,101.7448843706947,10
1219,399.278671441867,101.67495918542923,10
1220,399.52561599465145,101.83137977913924,10
1221,400.1008400364515,101.97171069409816,10
1222,400.44816697570116,101.87554934114317,10
1223,400.90272323286,101.93550911464092,10
1224,401.3336316897818,102.20075312823381,10
1225,401.8458014115191,102.21115841451858,10
1226,402.15503397097456,102.00707326806783,10
1227,402.4826063573992,102.00160680081744,10
1228,402.7231157454143,102.18176415340629,10
1229,403.1796690156757,102.4320670473581,10
1230,403.4685795074632,102.53580566701388,10
1231,403.72043289767754,102.48027213610919,10
1232,404.1542462673334,102.78960595810224,10
1233,404.56254920089214,102.59348646765861,10
1234,404.9694261432252,102.61358838189423,10
1235,405.2152912790365,102.69416317535756,10
1236,405.7070151984613,102.80498407941401,10
1237,406.03626903061996,102.69334857947446,10
1238,406.2718692439269,102.9095514506224,10
1239,406.6041879317652,102.97226437109764,10
1240,407.0347676616733,103.00136962050188,10
1241,407.28053943530506,103.04909635235212,10
1242,407.6907465253934,103.32837799591321,10
1243,408.0619713788161,103.32615302999338,10
1244,408.19186585891197,103.3666461237744,10
1245,408.5252394723276,103.26263568723333,10
1246,409.0612651644266,103.25760271745307,10
1247,409.4289600006422,103.40725841634658,10
1248,409.8388503466921,103.41937679131028,10
1249,410.1035963767193,103.67998857163931,10
1250,410.2795049234231,103.7705900412572,10
1251,410.77216334488793,103.88605091489725,10
1252,411.22792125967624,103.96194999492883,10
1253,411.59678981410786,104.02832914518532,10
1254,411.88603761500633,103.92922242918254,10
1255,412.2526704572926,103.79306694472264,10
1256,412.72107869989276,103.57913435938818,10
1257,413.12943428769665,103.55128187839169,10
1258,413.63872602929666,103.60579639691449,10
1259,414.28983362105356,103.78057278770652,10
1260,414.50044286419023,103.67074848302373,10
1261,414.82948152512233,103.94788726267905,10
1262,415.1565871455301,104.06125563591702,10
1263,415.6659504069695,104.15394328797157,10
1264,415.89512390374847,104.10076572832394,10
1265,416.16521290091544,104.33280240546424,10
1266,416.53537187318636,104.38351641366613,10
1267,416.95432744723064,104.39608016723845,10
1268,417.4993135630025,104.4851960115492,10
1269,417.7305333306046,104.41712332927162,10
1270,418.12192424153847,104.61244546246512,10
1271,418.5956343708482,104.77231552064812,10
1272,419.1051871073196,104.86086101680723,10
1273,419.47648073487665,104.91937465023393,10
1274,419.8704025300235,104.9712506617217,10
1275,420.21598109144963,104.91550012538019,10
1276,420.5090452305584,105.17314677812186,10
1277,420.9160580511819,105.25992643792793,10
1278,421.2337340591115,105.32548999425332,10
1279,421.6748953748174,105.36441949006488,10
1280,422.0710327977875,105.4973016635735,10
1281,422.4420711259053,105.52060787220024,10
1282,422.8470796503158,105.46155827816415,10
1283,423.3573308985353,105.59614792184831,10
1284,423.6501547098086,105.71494546246294,10
1285,423.9377099979166,105.64886818714928,10
1286,424.37014789098686,106.01575079564431,10
1287,424.8442913352325,106.1959923995596,10
1288,425.2470821405209,106.38838425474286,10
1289,425.43917777064723,106.53959546887258,10
1290,425.9936715842805,106.57847657137259,10
1291,426.2584197646476,106.57016764938729,10
1292,426.6658510981533,106.72124756062333,10
1293,427.1004280820118,106.53510399685857,10
1294,427.55313385508623,106.53291207994198,10
1295,427.8648721204806,106.61411071092044,10
1296,428.3376701969436,106.70618726708982,10
1297,428.63070676301203,106.83349840017738,10
1298,429.17120601638,106.85793101448974,10
1299,429.6090742351588,106.74304873546654,10
1300,429.9763266214683,106.68616302897753,10
1301,430.44016811487984,106.7491858036671,10
1302,430.7089514807195,106.75456292757156,10
1303,431.0950122549737,106.91879025852528,10
1304,431.60906630620246,107.02902685746285,10
1305,431.9445166488849,107.18456866006031,10
1306,432.24757805392517,107.21498976519159,10
1307,432.5733755708499,107.07725798138696,10
1308,433.0622619442347,107.22053274014237,10
1309,433.5040739917824,107.11229211899766,10
1310,433.9594572957941,107.17822033807313,10
1311,434.1117444219494,107.10791254411156,10
1312,434.425902495076,107.22705010685897,10
1313,434.8182430058813,107.30145509420893,10
1314,434.99441914860256,107.32142492148994,10
1315,435.4085019579837,107.43772086771475,10
1316,435.76139186972114,107.67758744382763,10
1317,436.2702759557177,107.62403443373128,10
1318,436.7600065998164,107.74372634017763,10
1319,437.1784730042755,107.82552433347915,10
1320,437.53552808726124,108.03539000679541,10
1321,437.95260250251556,108.00975064339211,10
1322,438.44128391769107,108.25479029614993,10
1323,438.77149412874434,108.35106277715057,10
1324,438.9614540403574,108.44659036267537,10
1325,439.1314008898844,108.44385379062808,10
1326,439.54379512768975,108.51460074755146,10
1327,439.8369414837407,108.57223868432771,10
1328,440.16949193623896,108.69077882535154,10
1329,440.4184127014745,108.82292312029949,10
1330,440.58834286428873,108.90355874127178,10
1331,440.8400996203365,109.06283936214304,10
1332,441.1930288531892,109.40126121412723,10
1333,441.5428709875308,109.45868711613926,10
1334,441.9939837659928,109.40112104466665,10
1335,442.4618220009352,109.63797089159344,10
1336,442.8707737259938,109.93354701843451,10
1337,443.4844456472697,110.02390159424257,10
1338,444.05884549891346,110.24911223161776,10
1339,444.3711133333615,110.11212460408215,10
1340,444.703445279486,110.02651809794968,10
1341,445.1551232649049,110.04757901144292,10
1342,445.5290466913845,110.10908207558802,10
1343,445.7568565326659,110.30660467906566,10
1344,445.9347932148128,110.33650652618624,10
1345,446.1303611988619,110.30279959220152,10
1346,446.497039455098,110.43328046338455,10
1347,446.7986250721933,110.4830162358784,10
1348,447.13805529761686,110.47641046171009,10
1349,447.2656607366994,110.4796889642389,10
1350,447.66388321362894,110.5851396205761,10
1351,447.7709702523046,110.74742701327027,10
1352,448.0653281676975,110.75255377098779,10
1353,448.38120693521853,110.78683818312199,10
1354,448.60461612059123,110.68058962464498,10
1355,448.8797755421442,110.76558061124322,10
1356,449.2846207601152,110.89971732148285,10
1357,449.5374655932469,111.13546436786537,10
1358,449.97099060615903,111.27264291241268,10
1359,450.48327488629485,111.31615410613533,10
1360,450.8580840954095,111.29651867602229,10
1361,451.0718221710198,111.375007470198,10
1362,451.31812020038325,111.55459748074533,10
1363,451.6855209506606,111.74233530071336,10
1364,452.0763371146997,112.05134316584262,10
1365,452.6050988192389,112.24162176303344,10
1366,452.9977850997808,112.44172532939142,10
1367,453.41391657541146,112.71348593217061,10
1368,453.7403214425218,112.79954141847452,10
1369,453.95489149928443,112.77548103255334,10
1370,454.2224182310194,113.04444668255424,10
1371,454.7113157169936,113.1690270156283,10
1372,455.2193429118285,113.04017508061804,10
1373,455.72970619669104,113.23554332535248,10
1374,456.298586823186,113.16556480108427,10
1375,456.8490714377869,113.15480097132419,10
1376,457.4212100704297,113.29265895772865,10
1377,458.09301164379315,113.36403438710683,10
1378,458.5838955903171,113.40942314330836,10
1379,459.21427353800317,113.36424589331384,10
1380,459.46428140969783,113.21677360550665,10
1381,460.09639371485747,113.22873515325207,10
1382,460.44780468546395,113.10357750038318,10
1383,460.985825245829,113.0869173829779,10
1384,461.4993933265059,113.33412958162502,10
1385,461.6859774699703,113.39455448523455,10
1386,462.072934429643,113.46738368491269,10
1387,462.60529473146534,113.53629852636054,10
1388,463.2019333299072,113.47401294581132,10
1389,463.54048986401557,113.40275487720773,10
1390,464.06625847900796,113.2921021615305,10
1391,464.5573773449796,113.49140466086823,10
1392,464.871263044524,113.44982044807574,10
1393,465.30488307079185,113.31670895993776,10
1394,465.5381193643158,113.4003311457435,10
1395,466.0316437133041,113.56042896284468,10
1396,466.24738495528965,113.43978056119886,10
1397,466.6364980380945,113.36371836992006,10
1398,467.06343338806465,113.2979464235929,10
1399,467.3534418118449,113.39252513145344,10
1400,467.63972134413615,113.36693895408935,10
1401,468.06256612441365,113.40326291781321,10
1402,468.3549207817332,113.32907825541557,10
1403,468.6204408257594,113.53767431259602,10
1404,469.0490099727097,113.6218035932769,10
1405,469.48052132760574,113.79865766559521,10
1406,469.96984717733005,114.03625070581664,10
1407,470.34133420576956,114.00516807739372,10
1408,470.7125916171062,113.97358601128859,10
1409,471.2730279738914,113.87655252756885,10
1410,471.78065743391517,113.86196600714747,10
1411,472.14784042246947,113.84203946314165,10
1412,472.47025084249816,113.83603637575594,10
1413,472.7787271021581,114.07231020057387,10
1414,472.87089197317925,114.09074554248194,10
1415,473.262091434538,114.14130533782061,10
1416,473.71413187508404,114.11538474917829,10
1417,474.080800705987,114.09269144774484,10
1418,474.37430958219704,113.99381901451764,10
1419,474.62988166769566,113.95927072494682,10
1420,474.9186592875799,114.18358247041519,10
1421,475.4080156755264,114.16572821676368,10
1422,475.8367908600018,114.25510405583533,10
1423,476.2279223055767,114.37298055704024,10
1424,476.6997476529672,114.56991926216632,10
1425,476.9735610685745,114.48788866704447,10
1426,477.5094438983171,114.42391096254696,10
1427,477.8582103510018,114.21252483976718,10
1428,478.26956046486305,114.11855461877055,10
1429,478.50212726148965,114.14705975929353,10
1430,478.8762324854407,114.11244408630745,10
1431,479.21221391313765,114.29319010459481,10
1432,479.4044055705541,114.25494306061546,10
1433,479.5347530257689,114.13463573901737,10
1434,479.8136608186181,114.28297593030533,10
1435,480.35231173759723,114.27613902169759,10
1436,480.72483500971146,114.35396139919739,10
1437,480.90821314639527,114.4069901797422,10
1438,481.17650932679805,114.28025594613887,10
1439,481.4736196650756,114.38054716905854,10
1440,481.7655021651928,114.58302807162792,10
1441,482.21864982452155,114.89028600091493,10
1442,482.4873483685732,114.89566041592019,10
1443,482.8028426362527,115.13078688668612,10
1444,482.9959915414744,115.24895615892719,10
1445,483.30472521879585,115.35104413906696,10
1446,483.59825786628846,115.53239034774197,10
1447,483.92734935802844,115.49512295619895,10
1448,484.3083930575828,115.55729425643672,10
1449,484.6966185229552,115.70175208479198,10
1450,485.2510008258249,115.85286245894031,10
1451,485.556488432248,115.87002259827824,10
1452,485.9838864904815,115.99001857436251,10
1453,486.27657601476585,116.21668502308613,10
1454,486.6335667240778,116.44908358886377,10
1455,487.02956211984826,116.61320976638383,10
1456,487.38033219148383,116.63464766734506,10
1457,487.65536036764496,116.62065392868132,10
1458,488.08777352599344,116.67367572192258,10
1459,488.27586703896657,116.58179764177405,10
1460,488.7685348542174,116.81832338447522,10
1461,489.2432094084173,116.9576155210953,10
1462,489.51877653509337,117.0619360858102,10
1463,489.85211168355147,116.98042097155657,10
1464,490.22316283807123,117.06259069812057,10
1465,490.41095627496514,117.02168267534658,10
1466,490.53933742105016,117.1954519424955,10
1467,490.5664427230263,117.22104943148845,10
1468,490.8532758811859,117.21956775509977,10
1469,491.269132031113,117.36074708081169,10
1470,491.51607328569605,117.70759068399673,10
1471,491.52318282530996,117.70561986729142,10
1472,491.7973232495124,117.89718899613406,10
1473,492.12407333560134,117.98765839355681,10
1474,492.6191893444885,118.09504482056484,10
1475,492.9537471767776,118.02295433524789,10
1476,493.2239449170189,118.09946286195276,10
1477,493.6210742868335,118.2508985420594,10
1478,493.8881298858352,118.5019067452984,10
1479,494.26294755267656,118.829910522642,10
1480,494.4553421374395,118.95645678814031,10
1481,494.7507315830342,119.05003539105202,10
1482,495.0285964229609,119.13610697482939,10
1483,495.4432056993337,119.3448733007286,10
1484,495.7375863206353,119.50125056682508,10
1485,495.98328073446265,119.68405882728977,10
1486,496.17315621525756,119.76287285415951,10
1487,496.32319625664223,119.78929039465095,10
1488,496.45438001304467,119.92524177514602,10
1489,496.80556098244125,119.9806962331958,10
1490,497.0110037106512,120.0959881170347,10
1491,497.33951343851214,120.11050577338652,10
1492,497.81168801969625,120.20305806422952,10
1493,498.095060190972,120.42552127728378,10
1494,498.3844490989685,120.43014806888155,10
1495,498.6111581869415,120.49383023051381,10
1496,499.0999805224862,120.48858933735593,10
1497,499.3754268835639,120.53525695073955,10
1498,499.67060913551757,120.60580687138552,10
1499,500.0228433708846,120.5723105963655,10
1500,500.2118075616325,120.45610681825235,10
1501,500.80014241189457,120.58169192167716,10
1502,501.2290386433853,120.84356402950496,10
1503,501.74435760932056,120.90644435397455,10
1504,502.23398455557447,120.82494618518099,10
1505,502.52303779200264,120.71911843046414,10
1506,502.96909636763013,120.81285357077876,10
1507,503.2926941557912,120.92009218544013,10
1508,503.7795552007782,120.84306130415615,10
1509,504.17092500091803,121.05725966198216,10
1510,504.58556074740545,120.93805139145891,10
1511,504.9585364272998,120.99127598428086,10
1512,505.2099370944796,120.91432737396326,10
1513,505.63914426149086,120.94356510654858,10
1514,505.9276222472784,121.17666172768993,10
1515,506.1407518167278,121.23768462355702,10
1516,506.4657009070418,121.28032479925888,10
1517,506.8179934901843,121.56100993751383,10
1518,507.329580462579,121.75949819365641,10
1519,507.74378714635634,121.88010107641514,10
1520,508.0565028169773,122.01568613125643,10
1521,508.44963964412665,122.09219490140462,10
1522,508.6118774738391,121.95917630271595,10
1523,508.8412156477023,122.05927720753697,10
1524,509.0297423632969,122.12145240005361,10
1525,509.3408352585906,122.09078403374694,10
1526,509.74991233682033,122.15153818839123,10
1527,509.8332216086345,122.17819485448074,10
1528,510.2030273947959,122.2044609751668,10
1529,510.65270543479164,122.36054465236992,10
1530,511.2423570929706,122.29796829427022,10
1531,511.60788015978915,122.31027905008469,10
1532,511.9371861656264,122.57122881076518,10
1533,512.3920683964385,122.80078630578332,10
1534,512.8439491643364,122.86692997645444,10
1535,513.2385737042341,122.91194440939407,10
1536,513.7553420012069,123.08369563486802,10
1537,514.1414901926654,122.98399135087904,10
1538,514.5944529244035,123.04090661631021,10
1539,515.0071889218332,123.1484491755552,10
1540,515.2792431027476,123.31036800695452,10
1541,515.5689930953491,123.41780521363167,10
1542,516.1387809440973,123.51027572816093,10
1543,516.5496925540498,123.61976639560382,10
1544,516.8570808648303,123.65721491584014,10
1545,517.184184173258,123.86668614718165,10
1546,517.6169324819938,124.05310762539743,10
1547,517.8130947483702,124.15284929321373,10
1548,518.1842847091978,124.29027339799282,10
1549,518.4554270084416,124.27954396350003,10
1550,518.783100851558,124.55803251256515,10
1551,519.0159741121581,124.49615050917856,10
1552,519.2893417795807,124.54953842878976,10
1553,519.6827960080648,124.65996928018787,10
1554,519.9538259484916,124.82365032087135,10
1555,520.2402986563003,124.88049132396908,10
1556,520.6301278477956,124.96053398354955,10
1557,520.7795432939809,124.86811261242926,10
1558,521.0844023843883,124.70761098461224,10
1559,521.2923523543799,124.78784346097443,10
1560,521.5998067480328,124.71344379983233,10
1561,521.9306154684257,124.71988331659831,10
1562,522.4005944677533,124.5826184410179,10
1563,522.8525270077012,124.43755016379947,10
1564,523.1241606147785,124.56030163048155,10
1565,523.3976652654568,124.76652515628962,10
1566,523.6573868900175,124.91277279434779,10
1567,523.9682293752004,125.09507439563257,10
1568,524.4195321533283,125.30204703836813,10
1569,524.6929531088024,125.46613101454834,10
1570,524.9793505754158,125.28651531804317,10
1571,525.1559900368156,125.31086977353844,10
1572,525.6337523208081,125.5685854758038,10
1573,526.0506002221028,125.80928731949425,10
1574,526.428781257651,125.97494522636791,10
1575,526.6207150570266,126.0576763384013,10
1576,526.9320562609676,126.1166068942251,10
1577,527.3864125926123,126.18528376052902,10
1578,527.5938546724806,126.3009299095698,10
1579,527.8498571042882,126.20353509388096,10
1580,528.1040795062814,126.26243100800683,10
1581,528.2426562629428,126.29846101156622,10
1582,528.6998947075026,126.45218126192894,10
1583,529.2557190215451,126.68303703411082,10
1584,529.5246003787695,126.77528660252746,10
1585,529.6894232548037,126.91563608647523,10
1586,529.985780043731,126.85100541626485,10
1587,530.2732517188565,126.99530478483697,10
1588,530.4530096914402,127.11672755342666,10
1589,530.846766759963,127.22577580051812,10
1590,531.3425457751625,127.13854231526106,10
1591,531.5588360168862,127.22041216688743,10
1592,531.9519121737045,127.31681347134507,10
1593,532.3515810432793,127.22659707864538,10
1594,532.8612704306686,127.47406043762662,10
1595,533.1907745160684,127.64837558028913,10
1596,533.5455083458286,127.66773868535694,10
1597,533.9964696622515,127.98544996392779,10
1598,534.2392816581369,128.0673784284118,10
1599,534.4734119579404,128.16546466102415,10
1600,534.9220639637288,128.280746310208,10
1601,535.0686103880842,128.18972631303888,10
1602,535.3595041682657,128.21062642319353,10
1603,535.684839947209,128.3218604472527,10
1604,535.9148479094695,128.3978266709508,10
1605,536.2825155920344,128.29727842175805,10
1606,536.7781136281942,128.5374713950864,10
1607,537.2479417380384,128.70373491846865,10
1608,537.6625801699703,128.6766676803423,10
1609,537.857745735446,128.72443710002463,10
1610,538.3457957279397,128.91932706093786,10
1611,538.75214606622,128.99315564331843,10
1612,539.1614637551488,129.38697376852429,10
1613,539.4900906197828,129.57500203442487,10
1614,539.7989068116467,129.7105857073591,10
1615,540.2528613438043,129.88642374975996,10
1616,540.6859654316991,129.7835336425088,10
1617,541.0352588147309,129.84676485011414,10
1618,541.388050396223,129.94111365436493,10
1619,541.816985846852,130.3091289823657,10
1620,542.1468759712982,130.37881582515814,10
1621,542.376675632706,130.51471343416176,10
1622,542.7056340037589,130.78232580778226,10
1623,543.0330532929726,130.95665745662245,10
1624,543.3048332702558,131.09161216212905,10
1625,543.5750574527385,131.1240092669498,10
1626,543.823700568101,131.27919388037864,10
1627,544.0330890395705,131.42446885816557,10
1628,544.4386528392812,131.573138304177,10
1629,544.66699421758,131.42423022683346,10
1630,545.0352718561893,131.3474150901248,10
1631,545.4675815841803,131.40991755806976,10
1632,545.7407158584292,131.40447561566444,10
1633,545.9920616190343,131.49057859621988,10
1634,546.1812620183903,131.55903113373643,10
1635,546.4702649317359,131.60220131678307,10
1636,546.7429172861998,131.60300443158712,10
1637,547.1167861931827,131.6759955690219,10
1638,547.4922218726977,131.80278591171552,10
1639,547.9051885670012,131.89996363606105,10
1640,548.2339000798368,132.08402670649502,10
1641,548.6086875174757,132.21094756313596,10
1642,549.0183020598057,132.07565199273537,10
1643,549.4230704175283,131.782586302485,10
1644,549.6733366518902,131.83494356444615,10
1645,549.8563360448195,131.8527789712347,10
1646,550.3626116365467,131.9106443279507,10
1647,550.6313307337108,131.8981561789144,10
1648,550.9483725736867,131.8455091488853,10
1649,551.2386938349175,131.62852327443568,10
1650,551.3681726093805,131.50735196184502,10
1651,551.6808707699896,131.4555991618009,10
1652,551.9279436358927,131.43951134782813,10
1653,552.2171457799543,131.29027555966618,10
1654,552.5311072993006,131.3907255884244,10
1655,552.9026772726429,131.51157681416413,10
1656,553.3045518280701,131.56557282113067,10
1657,553.6800451416567,131.64676540845932,10
1658,554.1507035772742,131.85277891899045,10
1659,554.396466213786,131.91026441177831,10
1660,554.7050774562686,132.04221325365646,10
1661,555.1368965658228,132.0197638673133,10
1662,555.5494227106982,132.4177475089109,10
1663,555.736614670755,132.26524797707114,10
1664,555.8678161444907,132.2129288779487,10
1665,556.3046038577808,132.43365676586848,10
1666,556.6601980995785,132.63545675296143,10
1667,557.0187510782971,132.57510905516864,10
1668,557.3658062228245,132.3915118033419,10
1669,557.5337781453363,132.42942375795647,10
1670,557.8676475879668,132.7101155663157,10
1671,558.2977188540681,132.71237215676624,10
1672,558.7877434776672,132.82456953878815,10
1673,559.1053154028343,132.78512694619482,10
1674,559.5606593939989,132.87466450940752,10
1675,559.7959079718274,132.8885566013976,10
1676,560.2516756749543,132.9595655182503,10
1677,560.3583631260069,132.86133066931083,10
1678,560.6273904146569,132.92380420502568,10
1679,561.0972736268867,132.94477924945352,10
1680,561.4448634141884,133.02204251253943,10
1681,561.7760705812148,133.11598981955206,10
1682,562.1875840111167,133.33909460263882,10
1683,562.3727894586494,133.51828824499745,10
1684,562.6674171948264,133.79684803440685,10
1685,563.1373832628808,133.8637618984319,10
1686,563.4664893151605,133.8507902398035,10
1687,563.7929796018088,133.89013397576383,10
1688,564.280726521148,133.8745672751779,10
1689,564.6933577813053,134.0847966185255,10
1690,565.204314906847,134.19987640947846,10
1691,565.5727699415589,134.3733945210744,10
1692,565.7804265421238,134.309537487756,10
1693,566.0520195031111,134.48958137129395,10
1694,566.3264407451754,134.71925738348332,10
1695,566.5716913959707,134.85756963489732,10
1696,566.8609892713354,135.04933820040327,10
1697,567.2915108164151,135.2241473599031,10
1698,567.6408903937815,135.41861198557373,10
1699,567.920179325927,135.33197570459626,10
1700,568.1953037799874,135.45415493949864,10
1701,568.4892634769186,135.75760622888106,10
1702,568.7930347597854,135.94172436467406,10
1703,569.0619710675937,136.21187093115944,10
1704,569.396205113687,136.36745313414025,10
1705,569.7306329837813,136.68635652077063,10
1706,569.9367363249428,136.8001596455724,10
1707,569.9863723970385,136.80757499056878,10
1708,570.363586276353,137.13518598530374,10
1709,570.4713240393023,137.2262064188926,10
1710,570.6793194835307,137.39599844204616,10
1711,571.0707879452386,137.66580305802833,10
1712,571.3197301906478,137.74010255482247,10
1713,571.6342704859651,137.77328870334722,10
1714,572.1319790715404,137.8515849579471,10
1715,572.4671870785011,137.87043521626538,10
1716,572.7541354942814,137.7281733733059,10
1717,573.0805840185108,137.81114957311098,10
1718,573.4871870335311,137.92250289792526,10
1719,573.8847836676714,137.9778397270779,10
1720,574.35741746607,138.15191869425252,10
1721,574.6862508019343,138.2427255145169,10
1722,574.9798917160665,138.35545015665082,10
1723,575.246077367148,138.28961672071122,10
1724,575.3968876735964,138.25534752737158,10
1725,575.730456106505,138.21495936917444,10
1726,575.94138121232,138.2512896274276,10
1727,576.1753379937667,138.23777178075724,10
1728,576.3621804293509,138.11543091428808,10
1729,576.7954100355565,137.94000031105298,10
1730,576.9913029871318,138.01848447223685,10
1731,577.2627509382068,138.0232495546465,10
1732,577.529403567358,138.0002234409921,10
1733,577.6950009194518,137.8151187594992,10
1734,578.067221767916,137.70898476441224,10
1735,578.433099885098,137.70327948704795,10
1736,578.9200888672846,137.53558002391702,10
1737,579.3552236338918,137.3317433566384,10
1738,579.6865397416698,137.34184380091793,10
1739,580.175638625158,137.1641195733979,10
1740,580.6846966632237,137.10081090449756,10
1741,581.0946763106189,137.2909664239556,10
1742,581.437937670179,137.12934733739226,10
1743,581.6895566203849,136.86901679348676,10
1744,581.9243714007134,136.78351568719793,10
1745,582.1699574006445,136.5504938003366,10
1746,582.3799328870185,136.50999266617515,10
1747,582.4903786980037,136.40932275535388,10
1748,582.8365201892329,136.55803840835878,10
1749,583.1033002767683,136.57847600651672,10
1750,583.4336027571591,136.50639905138783,10
1751,583.6518079997666,136.77580015081395,10
1752,584.0852832963451,136.7096529352334,10
1753,584.515965274222,136.7599688584548,10
1754,584.8476075218074,136.90338343925444,10
1755,585.0437732399839,137.09632427613244,10
1756,585.3212672959467,137.16383875534845,10
1757,585.6526876609371,137.22161660295797,10
1758,585.9439460001763,137.28623242753042,10
1759,586.1127489547571,137.24026454412032,10
1760,586.2956855683358,137.28762703033442,10
1761,586.4294487470081,137.21463564620848,10
1762,586.7600531827649,137.29513724975865,10
1763,586.9228679119841,137.5155371850111,10
1764,587.0899840341733,137.3596288212317,10
1765,587.4379159869027,137.3571232570917,10
1766,587.7513986214965,137.1848017036467,10
1767,588.0438806487649,137.20414610175436,10
1768,588.3748072708395,137.1856144410896,10
1769,588.5083371043709,137.15568516841768,10
1770,588.7185352423866,137.06996536754716,10
1771,588.9730403427702,137.3377043555133,10
1772,589.2341105546087,137.35054098121194,10
1773,589.4402433870209,137.48177267979946,10
1774,589.772441536411,137.53266786979992,10
1775,590.1041515363374,137.69462471468927,10
1776,590.3567400362056,137.67465896915954,10
1777,590.6908449512841,137.6219817392718,10
1778,590.944426650838,137.60172654134522,10
1779,591.3393144934041,137.82364561839978,10
1780,591.5290873541287,137.6864492090004,10
1781,591.9608599798341,137.43792749959437,10
1782,592.2913134615085,137.28241808615897,10
1783,592.66717405681,137.34636851347034,10
1784,593.1231539511667,137.34350123816634,10
1785,593.432290801276,137.3963685285114,10
1786,593.9184254916305,137.47225515372386,10
1787,594.367163152085,137.51508136424457,10
1788,594.9413335467733,137.6417731507558,10
1789,595.1316100633742,137.69894864968884,10
1790,595.5595277939543,137.57606238517627,10
1791,595.7666996964192,137.7802077943458,10
1792,596.1954579317498,137.85059791164127,10
1793,596.5202331273019,137.7652773694535,10
1794,596.9165995326368,137.8467997500335,10
1795,597.251164189337,137.9310159617915,10
1796,597.6904556729432,137.99947738251052,10
1797,598.0791925116988,137.93763177591958,10
1798,598.575315491899,138.24570966479726,10
1799,599.0423744654697,138.40507983611144,10
1800,599.5485401507055,138.6126799110452,10
1801,600.0174431575491,138.94887197961884,10
1802,600.2722856885642,139.08305625031096,10
1803,600.4610325427043,139.0491506663333,10
1804,600.6157705475682,139.12717441768476,10
1805,601.1051803439914,139.39728561186342,10
1806,601.3512374749002,139.46896605892073,10
1807,601.6961990092424,139.63030294779324,10
1808,601.9485688696174,139.74661212152745,10
1809,602.3647491011487,139.9318415842549,10
1810,602.6592321909286,139.9719853711703,10
1811,602.8911608325685,140.0632682050229,10
1812,603.1830874605206,140.27563332548127,10
1813,603.5755177601839,140.43423905035752,10
1814,603.971381702663,140.60994405691002,10
1815,604.4005016674403,140.71088601747002,10
1816,604.7251002905485,140.81106677609452,10
1817,604.9621938544697,140.79264525530652,10
1818,605.1766454052314,140.83911196834774,10
1819,605.6478863467931,140.83382771571877,10
1820,606.0595077691316,141.03615472175906,10
1821,606.5155268080744,141.08992782067003,10
1822,606.7712595121565,141.14315461926336,10
1823,607.1439979753603,141.28735213519604,10
1824,607.5738514330814,141.54633981989076,10
1825,607.825634269076,141.62096250332695,10
1826,608.0919221436263,141.61389790860696,10
1827,608.1795876267809,141.71470682154066,10
1828,608.5064040441231,141.84210034538566,10
1829,608.758809882356,141.96418516781094,10
1830,608.867387004703,142.07216351173165,10
1831,609.2949588764366,142.38267549128597,10
1832,609.5605308831084,142.22355261063498,10
1833,610.0708310540865,142.39051468875186,10
1834,610.4807258269184,142.68600753087244,10
1835,610.8290524570382,142.5875411956009,10
1836,610.993491667685,142.58411824055779,10
1837,611.4253954639132,142.49291884855245,10
1838,611.5906446112872,142.63664064699873,10
1839,611.9412030619005,142.6579604050354,10
1840,612.0914205129749,142.67123336551825,10
1841,612.4083739844981,142.83908008929484,10
1842,612.8432450015011,143.0207194609239,10
1843,613.0308465370656,142.99076419805843,10
1844,613.2250145414798,143.16682078416082,10
1845,613.5123347742035,143.3931374186911,10
1846,613.6610014596447,143.5805352771088,10
1847,613.9957883181272,143.55251630411837,10
1848,614.2693741790138,143.71037699444742,10
1849,614.5038323649173,143.68645760952091,10
1850,614.8562947359976,143.80107539950572,10
1851,615.0250936230452,143.93824519549892,10
1852,615.4028489665136,144.0234194216312,10
1853,615.6488929234877,144.00794491922292,10
1854,615.8932842174858,143.8453695163637,10
1855,616.1879322496027,143.87764811839554,10
1856,616.5184296538133,144.16579674563147,10
1857,616.6932812409211,144.0197717942639,10
1858,616.7556994393997,143.98873869216257,10
1859,616.8887731590914,143.98346251672157,10
1860,617.2228126234799,144.07099722947584,10
1861,617.3328434200423,144.18351597393362,10
1862,617.4644076936727,144.07748236279951,10
1863,617.4903606347145,144.06083989169355,10
1864,617.6870853039297,144.06902498991082,10
1865,617.8744750225019,143.88302463898694,10
1866,618.1423287811433,143.69696867714717,10
1867,618.3040185708383,143.56593225362104,10
1868,618.5491246744812,143.46822392783048,10
1869,618.7958225609153,143.38574833840644,10
1870,618.9030620509751,143.3749155743092,10
1871,619.0558244049317,143.28306071254394,10
1872,619.2476008952883,143.17620750270999,10
1873,619.5194016889455,142.95476083525756,10
1874,619.8104799353032,143.06380051256502,10
1875,620.1245994062072,143.20795087080822,10
1876,620.5568025588461,143.52532296377615,10
1877,620.9872945069999,143.69075185910827,10
1878,621.4207090613205,143.85445295898748,10
1879,621.8588232602451,144.16266904806517,10
1880,622.2343792941705,144.3274697468003,10
1881,622.5721925136675,144.24456445266966,10
1882,623.0498316643385,144.19431645272567,10
1883,623.5836881261673,144.05502010822303,10
1884,623.8733725461242,144.29452397507305,10
1885,624.0581886917018,144.32786734507528,10
1886,624.4313762831515,144.38104637317699,10
1887,624.8804308017027,144.5391797087752,10
1888,625.3103370974117,144.52396096225954,10
1889,625.6364149816159,144.53523852314464,10
1890,625.8836745933647,144.78947758558684,10
1891,626.3137912569447,144.989781025654,10
1892,626.9295536559008,144.8968387513474,10
1893,627.2583464647662,144.8888191325901,10
1894,627.7938660627435,144.861001652287,10
1895,628.1662305775873,145.1190159044999,10
1896,628.2780799049377,145.10813060426437,10
1897,628.5253067284373,145.09982913621727,10
1898,628.9743433953311,145.11263023147808,10
1899,629.3996428359434,145.10383068492666,10
1900,629.7319031027151,145.22200554356533,10
1901,630.0169447745305,145.1609098334698,10
1902,630.2741273892238,145.32315476647355,10
1903,630.7298022330546,145.49060988713475,10
1904,631.1452471260684,145.57395351193898,10
1905,631.4372428910837,145.45175542300487,10
1906,631.8121878215441,145.50256971107524,10
1907,632.1036491693328,145.624152640215,10
1908,632.5317671002971,145.66353625443182,10
1909,633.0850494997477,145.69504242051815,10
1910,633.5542614155011,145.65050806096247,10
1911,633.7622917127253,145.66281647007835,10
1912,634.1759494106011,145.79147979291653,10
1913,634.3462068877938,145.8379447214691,10
1914,634.8373028701999,145.96313770987493,10
1915,635.2088600535022,146.0745167977586,10
1916,635.5212992643662,146.16452769644002,10
1917,635.893820558587,146.26726938947994,10
1918,636.0608101713199,146.3362496088003,10
1919,636.4336541747392,146.5384564220005,10
1920,636.7427483227285,146.40244891996952,10
1921,636.990736531399,146.51516122708134,10
1922,637.405977838926,146.39422362514037,10
1923,637.6785135373234,146.40022415161923,10
1924,637.9598027002024,146.4234833191218,10
1925,638.2300194658061,146.30837662279922,10
1926,638.5003092146059,146.288560767344,10
1927,638.6494187770518,146.30874536302176,10
1928,638.8393250823142,146.35377873458893,10
1929,639.1911501258102,146.50636985659136,10
1930,639.4736928172015,146.53576664997078,10
1931,639.8923337832937,146.67111303474482,10
1932,640.1777766315997,146.69238345288832,10
1933,640.5736820065677,147.02105792505668,10
1934,641.0077069967845,147.30312366575535,10
1935,641.3359504084553,147.1652737879519,10
1936,641.6039507360802,147.01769859462357,10
1937,641.9983644575416,146.79302847512525,10
1938,642.2524531195108,146.9923221956337,10
1939,642.5179350125572,146.88718401025002,10
1940,642.8735080666199,146.92895757294517,10
1941,643.3051010990936,146.87337042238565,10
1942,643.6699530318873,146.93487421054084,10
1943,644.1404943259762,146.93386136576453,10
1944,644.346493430827,146.93184605753035,10
1945,644.477347106209,146.89915272630898,10
1946,644.7051131233181,146.92351987665376,10
1947,644.9731408168763,146.83436337188877,10
1948,645.5671012462395,146.79195233063592,10
1949,645.7127824021985,146.64694571846854,10
1950,646.0396539175297,146.46611864396735,10
1951,646.3232934648776,146.3131838370736,10
1952,646.4888801020604,146.37525239610727,10
1953,646.8212567951738,146.2472753087332,10
1954,647.137124554769,146.3951808845919,10
1955,647.3069626613444,146.4736981258276,10
1956,647.6566678165066,146.53787882434776,10
1957,647.9099928849014,146.48638372878534,10
1958,648.2369067067639,146.45549519191545,10
1959,648.452686611651,146.65414414287983,10
1960,648.6400478362002,146.6708199251078,10
1961,648.9563716849503,146.59200705360144,10
1962,649.1205800426344,146.66042515666055,10
1963,649.3330290378875,146.75420281067045,10
1964,649.5471521360545,146.85239249348996,10
1965,649.7580732918357,147.1093168700304,10
1966,649.9113022758402,147.20283593495006,10
1967,650.2012793242884,147.4046266462902,10
1968,650.5760284027899,147.57808649719968,10
1969,650.9305533695326,147.93065008505206,10
1970,651.2376983970237,147.9438036808273,10
1971,651.474666039024,148.15771532137876,10
1972,651.7427814107768,148.37326265574634,10
1973,652.1550773061433,148.60745745986122,10
1974,652.4256880715404,148.76690002973822,10
1975,652.7764315798711,148.86719780895785,10
1976,653.0714938233929,148.98427268035735,10
1977,653.3204654909044,149.08897318518262,10
1978,653.4503099336109,149.2159088919831,10
1979,653.6401639325702,149.14563921326643,10
1980,653.806215384848,149.13655444489032,10
1981,653.9945012522355,149.11691279573378,10
1982,654.3877108339178,149.1218506035923,10
1983,654.5334776969523,149.16182160955123,10
1984,654.761527025201,149.00630377631376,10
1985,654.8330100081713,148.99059452812182,10
1986,655.2261010560447,149.2106311043741,10
1987,655.5748439608046,149.17484904316555,10
1988,655.7668348883581,149.20007578369558,10
1989,655.9310709215143,149.24296463992508,10
1990,656.1393959137611,149.24485802287776,10
1991,656.4247699463265,149.4582987151294,10
1992,656.6107404779498,149.41808688940895,10
1993,656.794604296638,149.53961862614946,10
1994,657.1459140118583,149.6327223184599,10
1995,657.337360621846,149.47944007472026,10
1996,657.6290816809812,149.61391225491616,10
1997,657.8765875267771,149.6149768763961,10
1998,658.1025812615552,149.6226140831495,10
1999,658.2290729241262,149.5314482199693,10
2000,658.5383024069208,149.70077388942929,10
2001,658.8392400443936,149.8044311886595,10
2002,659.4506584541223,149.8269458126815,10
2003,659.7420862393549,149.85339789278294,10
2004,660.0725359700998,149.84619355359575,10
2005,660.5050122703934,149.69901810630418,10
2006,660.7774437588336,149.66043825426163,10
2007,661.001326836951,149.46281727950307,10
2008,661.3258691195182,149.66165157259275,10
2009,661.6778451695942,149.8627752505374,10
2010,661.9570257055306,149.91040071583302,10
2011,662.4317292008411,149.93232947631705,10
2012,662.8026183320159,149.98661179734628,10
2013,663.0916532523452,149.98824927861014,10
2014,663.5189788517688,150.05484695273026,10
2015,663.9883573136111,150.03263956781174,10
2016,664.490904583396,150.15174371199927,10
2017,664.7847271266871,150.20824736792784,10
2018,665.1322765383885,150.20350845659345,10
2019,665.561228787635,150.3852905869956,10
2020,665.8721404211449,150.44035200860472,10
2021,666.1592877280125,150.39654910933962,10
2022,666.2727446481238,150.42881085720896,10
2023,666.54620523146,150.47056585676717,10
2024,666.7467332911253,150.66664367247918,10
2025,667.1007202242091,150.70170303638162,10
2026,667.4042302669392,150.78320087625434,10
2027,667.5947476411591,150.9559418380305,10
2028,667.8557466934333,151.05525310063607,10
2029,668.1829423202228,151.10827303560163,10
2030,668.6142743300728,151.29006982431378,10
2031,668.9076565556959,151.58885165304622,10
2032,669.3711575881249,151.70084854081105,10
2033,669.8480515664812,151.94956306237907,10
2034,670.0627371967406,151.99552226922282,10
2035,670.4169648093804,152.10708736082591,10
2036,670.7087712977644,152.18696524009633,10
2037,670.8757652818146,152.2148912471572,10
2038,671.0699084618822,152.37894134304128,10
2039,671.4886008155911,152.43949132770376,10
2040,671.8595186499334,152.70110514721534,10
2041,672.290815800472,152.73242659954113,10
2042,672.8224695225123,152.89689451175119,10
2043,673.2716262071391,152.93212587372778,10
2044,673.5991349886655,152.65631066523338,10
2045,674.0098177374263,152.6601890841899,10
2046,674.4450548362158,152.6437345910847,10
2047,674.7392184698264,152.70991226539675,10
2048,675.1514313848546,152.7215854081358,10
2049,675.5780955219512,152.682094297524,10
2050,675.8662992338192,152.51279474201908,10
2051,676.1949023352397,152.41083746807607,10
2052,676.5477871387583,152.36955034856013,10
2053,676.856691505052,152.19648161895762,10
2054,677.246212013456,152.32431714891464,10
2055,677.6172399079749,152.1293256023913,10
2056,678.28921864171,152.18665220495504,10
2057,678.6007539574312,152.35402953802074,10
2058,678.7748610183211,152.42511854196167,10
2059,679.2696110094294,152.43389704351208,10
2060,679.5181544035204,152.45036884707957,10
2061,679.6927923681612,152.62643586522415,10
2062,680.1527920308406,152.60858386705297,10
2063,680.4649551149366,152.78265816226764,10
2064,680.6513225337244,152.61706990381686,10
2065,680.8404625313725,152.5582482605124,10
2066,681.0692179542,152.60203565197398,10
2067,681.4667398413798,152.65450702068776,10
2068,681.8235943334705,152.8190623145265,10
2069,682.0084815728521,152.75321602998608,10
2070,682.2561324013416,152.73355700638155,10
2071,682.5867364041313,152.7366024190855,10
2072,682.8814718557308,152.74610492335887,10
2073,683.0704084986622,152.79142738405594,10
2074,683.4450641798229,152.87973166242904,10
2075,683.8011959113571,153.0044852328067,10
2076,684.1759675907631,153.18531592273493,10
2077,684.5229958224365,153.3276100380224,10
2078,684.7921840508548,153.36127317254827,10
2079,685.1748990388112,153.31193116826728,10
2080,685.3591866345658,153.26243819038748,10
2081,685.6881401072429,153.39285862071588,10
2082,686.0572826767367,153.3680992912755,10
2083,686.4538406177654,153.42599329583751,10
2084,686.7047008326263,153.56532832459925,10
2085,687.0204593480261,153.45191083781563,10
2086,687.2623668837739,153.50052828036652,10
2087,687.6125102179058,153.45808215930455,10
2088,688.020784919245,153.64770293528926,10
2089,688.3173178219265,153.84683175344045,10
2090,688.5685429932689,153.887626270952,10
2091,689.0239589244409,153.82240304938986,10
2092,689.2974251498516,153.94931770651354,10
2093,689.5307668379143,154.0189846084715,10
2094,689.7609277974655,154.24611953165885,10
2095,689.9289652985618,154.28407686256017,10
2096,690.1333857273426,154.14041144061892,10
2097,690.4025285436766,154.20822197831427,10
2098,690.7487361463417,154.4281991397723,10
2099,690.9571871185633,154.52737654178011,10
2100,691.1625810680132,154.48227527666398,10
2101,691.518987439337,154.59246631679,10
2102,691.8885681376512,154.6512191421093,10
2103,692.1201518092099,154.795821481842,10
2104,692.493937436652,154.7625446716677,10
2105,692.6623119772008,154.95603284384626,10
2106,693.0715717992564,155.08746920972075,10
2107,693.4840723944526,155.07593783406776,10
2108,693.8595747509085,155.2629480876291,10
2109,694.2379550649794,155.55077452981894,10
2110,694.4461554740892,155.3941687655122,10
2111,694.6843796517858,155.49084876499597,10
2112,694.9580377708072,155.72094679012395,10
2113,695.2011352769492,155.76508552927638,10
2114,695.5870467008364,155.95021232713597,10
2115,695.8328628794978,156.09362330266399,10
2116,695.9155788621376,156.04675737695436,10
2117,696.3483163864512,156.08473417872622,10
2118,696.9221581520231,156.16216597886316,10
2119,697.3926200138163,156.1195184340835,10
2120,697.8034867020175,156.32637582530245,10
2121,698.2359242180157,156.51371948965192,10
2122,698.7737959771518,156.53144131449594,10
2123,699.1025227953776,156.46854637539622,10
2124,699.4261467240601,156.2132059780382,10
2125,699.9404854263462,156.44857429520846,10
2126,700.1290997534518,156.38856820648982,10
2127,700.3133746938189,156.46222367559747,10
2128,700.6998781980276,156.40071289438268,10
2129,701.0521385928195,156.53612500786699,10
2130,701.6191949991635,156.5792432261842,10
2131,701.9485831468693,156.5596617903868,10
2132,702.2983945295349,156.74669719635506,10
2133,702.4645794682204,156.7484447980869,10
2134,702.709680912199,156.89626219053056,10
2135,703.0385308805778,157.14739329710582,10
2136,703.1343706717131,157.18457475956706,10
2137,703.3336507255165,157.27640081545277,10
2138,703.6293072539454,157.35495977456603,10
2139,704.1430352220632,157.66891833827876,10
2140,704.5532609576823,157.69234299431727,10
2141,704.6600776876528,157.7729843794794,10
2142,704.972015569698,157.88745502593625,10
2143,705.3044201525684,157.94162479077227,10
2144,705.9185256603583,158.15375440686276,10
2145,706.1662627548211,158.16127424095325,10
2146,706.5385576046862,158.4075935950992,10
2147,706.8462997764053,158.47912558022455,10
2148,707.1126262468797,158.34241869156304,10
2149,707.4225908143753,158.35977702775946,10
2150,707.6532766753929,158.4848659132704,10
2151,708.0028282783948,158.4346749745821,10
2152,708.2200123529003,158.47542130465496,10
2153,708.4124394330911,158.38596491422228,10
2154,708.6863513382302,158.48717485732809,10
2155,708.9349863178829,158.36375530250348,10
2156,709.1614960054487,158.40216806138184,10
2157,709.4375923780538,158.4957337576869,10
2158,709.6711971679639,158.4758036345249,10
2159,709.9335255398976,158.71258589098503,10
2160,710.243678980814,158.76495143281275,10
2161,710.631360037939,159.09253125371194,10
2162,710.8408921627039,159.04682374396444,10
2163,711.2102973063381,159.24384074010598,10
2164,711.663934245791,159.52978289520686,10
2165,712.1162789530363,159.63986156802352,10
2166,712.4485993002414,159.64151263708789,10
2167,712.7800867259486,159.6154788751152,10
2168,713.255838574894,159.89377700171636,10
2169,713.4450214254626,159.9063036872706,10
2170,713.8367848675006,159.9175491989058,10
2171,714.2281160785303,159.83899306861446,10
2172,714.3733699460114,159.73557826670705,10
2173,714.6046106228544,159.9126967683015,10
2174,714.8508990899687,159.94327114418553,10
2175,715.1838262004321,160.18794082801207,10
2176,715.2896731130693,160.34306995749904,10
2177,715.6199842014431,160.60285906236678,10
2178,715.8861833810886,160.60131227900442,10
2179,716.2179044084569,160.84426925758848,10
2180,716.4905396929618,160.82797405753115,10
2181,716.7403012275681,160.8782560335916,10
2182,717.1300336300308,161.0201448508499,10
2183,717.6197808102588,160.97978553037933,10
2184,717.889312011746,161.13193784754213,10
2185,718.3197287905776,161.21567874227264,10
2186,718.6010409673015,161.12944946879787,10
2187,719.0578557093365,161.18179079511756,10
2188,719.3129143985068,161.20020327259212,10
2189,719.5345578855838,161.1948547673072,10
2190,719.772444070416,161.2959246946952,10
2191,720.024382045129,161.39202293586771,10
2192,720.2517400667222,161.49171236112764,10
2193,720.5835521194582,161.77929824556185,10
2194,721.0531307784748,161.79150015573,10
2195,721.3234865953469,162.1084428941508,10
2196,721.5963515286925,162.42741067506168,10
2197,721.9299251687494,162.43870555606154,10
2198,722.0379940403539,162.55222700863337,10
2199,722.2664241497571,162.62272232812794,10
2200,722.4063696967124,162.70971105410715,10
2201,722.8421374246066,162.8233424360059,10
2202,722.993856358196,162.88431393206832,10
2203,723.2665898596347,162.7535212182601,10
2204,723.493204890745,162.67830558344983,10
2205,723.9444623271504,162.8191865624787,10
2206,724.3379397575309,162.7601510730245,10
2207,724.5840107618795,162.59191709148425,10
2208,725.0017105690453,162.75148996544877,10
2209,725.196987044297,162.7961478180464,10
2210,725.6264019913244,162.8349481592076,10
2211,725.9765934961523,162.90334354522537,10
2212,726.4116484883472,163.155331332269,10
2213,726.7319693967036,163.10721293065413,10
2214,727.1100504896648,163.0995789321164,10
2215,727.2825148793377,163.24273112267934,10
2216,727.6987967217685,163.44995794825354,10
2217,727.952499830538,163.42014398598096,10
2218,728.2843646214967,163.5895621310265,10
2219,728.7124578239874,163.74840079453597,10
2220,729.1887135948213,163.937059798416,10
2221,729.5981403838584,163.8581510859914,10
2222,729.8909732097429,163.8188590340779,10
2223,730.3047526941871,163.62990714356872,10
2224,730.8146522211788,163.7892564671826,10
2225,731.1612158089744,163.58963948145097,10
2226,731.724820812314,163.37546543837013,10
2227,732.2757745519674,163.5316053047359,10
2228,732.7897497590537,163.61118279881174,10
2229,733.0162258538373,163.78169063152578,10
2230,733.549947332773,163.91722705378854,10
2231,733.874310986333,163.84990896487494,10
2232,733.9803505215793,163.7984779448928,10
2233,734.1662218694148,163.88657595343597,10
2234,734.5995127447304,163.85410793297393,10
2235,734.8430569478015,163.99340434262416,10
2236,735.2738727548152,164.1658360880188,10
2237,735.4616555831078,164.3408923976212,10
2238,735.7360283341249,164.18499034832854,10
2239,736.328861312515,164.36369849607777,10
2240,736.6796929994397,164.27445474955044,10
2241,737.1888055936191,164.40810995196372,10
2242,737.4568491723206,164.54112225393166,10
2243,737.8376082993321,164.4295594017467,10
2244,738.1697388916308,164.2913770350744,10
2245,738.4460926382701,164.41645482761484,10
2246,738.9612608969989,164.58801258447906,10
2247,739.1934215639926,164.78266039260353,10
2248,739.6666439413602,164.88807286929762,10
2249,740.1792676405493,165.15935049594435,10
2250,740.6530321705361,165.0340453487996,10
2251,740.8397558138948,164.95575537127942,10
2252,741.1898523035553,164.88151879574247,10
2253,741.6181388602397,164.59726674212072,10
2254,741.7717848143235,164.6507574702991,10
2255,742.1857709981186,164.52518110437305,10
2256,742.5377252733139,164.58585740277843,10
2257,742.8714357207502,164.69101152880933,10
2258,743.349065986527,164.78097153055106,10
2259,743.6878317432213,164.76684133939497,10
2260,743.9783304734171,164.72091947464648,10
2261,744.3732676026607,164.93028611256753,10
2262,744.6012518468846,164.91379715071514,10
2263,744.7975006020122,165.1415912686997,10
2264,744.8828800041385,165.23353286431265,10
2265,745.0903137122693,165.20891963437975,10
2266,745.2531491340391,165.36484107644867,10
2267,745.338494111388,165.4609701234456,10
2268,745.5035784123918,165.55117952305343,10
2269,745.7971580492707,165.72117824272155,10
2270,746.2873004778403,165.87246880157306,10
2271,746.5366784679495,165.8400098366001,10
2272,746.7894565088527,166.13109279412214,10
2273,747.1996200449024,166.5055575645424,10
2274,747.363735054178,166.5611672456467,10
2275,747.7280702588753,166.35659359651652,10
2276,748.0602827858289,166.418748171292,10
2277,748.3343488787468,166.62400685667174,10
2278,748.5254006929932,166.65220690329676,10
2279,748.6105777485229,166.63907748843917,10
2280,748.7144500455183,166.60530387906724,10
2281,749.2849682319662,166.8544496111629,10
2282,749.6518327360321,166.90902653622354,10
2283,750.030993298626,167.04008484108476,10
2284,750.3243558336535,167.22926117062104,10
2285,750.4730466563931,167.2585234616291,10
2286,750.9079212392468,167.4737065739782,10
2287,751.2604054846066,167.64711060823043,10
2288,751.7103084746832,167.7871038985477,10
2289,752.2220705619686,167.83056176380617,10
2290,752.631093028566,168.10899053712978,10
2291,753.062614087639,168.2267036733862,10
2292,753.4702035630729,168.38646558209658,10
2293,753.9990647142192,168.57180011741866,10
2294,754.404115596078,168.65120675821464,10
2295,754.6385466647896,168.7787970153788,10
2296,754.8297949362095,169.0069542226049,10
2297,755.0855280694445,169.1686202223845,10
2298,755.4751517174016,169.23640744582156,10
2299,755.9097679004215,169.35848086585406,10
2300,756.0872919968231,169.47145527193746,10
2301,756.3862600565546,169.5289269475717,10
2302,756.767337843841,169.5198429007061,10
2303,757.0653572252919,169.47109860752337,10
2304,757.4019439010142,169.3604434186634,10
2305,757.8163431229682,169.39687272967697,10
2306,758.0609426600638,169.19713919477337,10
2307,758.3900538592574,169.23324667501424,10
2308,758.7851353730514,169.26656632719164,10
2309,759.1640688817181,169.58987442698157,10
2310,759.4432667692789,169.65767684068965,10
2311,759.8313860507957,169.54971913356619,10
2312,760.0794452738811,169.71958776359725,10
2313,760.5147367002908,169.72838945955834,10
2314,760.7315688135578,169.71400356492367,10
2315,760.9176338721699,169.66905494369053,10
2316,761.1843309980804,169.65666392042922,10
2317,761.4752714386351,169.8475185377995,10
2318,761.762516897903,169.97213466607616,10
2319,761.9750095514307,170.03492842325727,10
2320,762.2713967766957,170.07966046396066,10
2321,762.5641030877758,170.18849164204343,10
2322,762.753950708869,170.2337633790791,10
2323,763.1627049814468,170.34503545529802,10
2324,763.5339072497405,170.6572516775289,10
2325,763.9656526994416,170.99262918372287,10
2326,764.3724734512024,171.157636171164,10
2327,764.5822663741134,171.40668116407,10
2328,764.9913624858218,171.62481049243405,10
2329,765.3086581238282,171.8972470335231,10
2330,765.5783651451685,171.99778461273365,10
2331,765.8949403235035,172.14569751727288,10
2332,766.1480310698089,172.2170126322074,10
2333,766.2129874663444,172.32814622778795,10
2334,766.2664355296207,172.35911418635538,10
2335,766.4961259599093,172.35687007333368,10
2336,766.6863515680714,172.362027081567,10
2337,766.8163405962716,172.28981481247294,10
2338,766.9807694616547,172.3996792495857,10
2339,767.3213675109516,172.6644467106946,10
2340,767.5179626726591,172.76942976158188,10
2341,767.7652684961834,172.65695495348737,10
2342,768.0400699784683,172.73471257224148,10
2343,768.310033865618,172.79431415650672,10
2344,768.500269395586,172.91005603440837,10
2345,768.7032950328861,173.02520326029702,10
2346,768.9741792649845,173.24751835726576,10
2347,769.3272221064801,173.19536547972993,10
2348,769.4378506565691,173.17630943154938,10
2349,769.7278831273002,173.0186957958073,10
2350,769.9743199424813,172.92855679281928,10
2351,770.2050832555149,173.0420527842715,10
2352,770.5214189919642,173.1034607222417,10
2353,770.8908558468543,172.93773650656794,10
2354,771.0610627434862,172.98872764402446,10
2355,771.416177065152,173.05756709343405,10
2356,771.8133761326413,173.1993397367142,10
2357,772.060190753657,173.20573550413474,10
2358,772.3304607159796,173.39399681166378,10
2359,772.7424975730486,173.5644517462426,10
2360,773.175414230437,173.61874061883364,10
2361,773.3723770441572,173.68901030743896,10
2362,773.8068079476609,173.80132968740176,10
2363,774.1775524968675,173.96856717456637,10
2364,774.470108835041,174.00162909579365,10
2365,774.6824614338186,173.92572524683268,10
2366,775.1199795705312,173.9548083171365,10
2367,775.5079497946188,174.06660327271598,10
2368,775.84116495002,174.00092694659847,10
2369,775.9955704128281,174.06181033645555,10
2370,776.2482204859595,174.08866447746684,10
2371,776.6402144295896,174.18045891185608,10
2372,777.161738251629,174.3386439476518,10
2373,777.3689496533596,174.37749069689374,10
2374,777.6631162656212,174.38617916584056,10
2375,777.8548716253912,174.59424314821374,10
2376,778.1659411455655,174.76513756884907,10
2377,778.4321002410545,174.79709352524242,10
2378,778.6226421957261,174.9894301557339,10
2379,778.790850052919,175.02401596711417,10
2380,779.1544375571639,175.24589333057912,10
2381,779.4429739426953,175.45864431105088,10
2382,779.5736335403037,175.43411757241068,10
2383,779.8150502710545,175.46223397467668,10
2384,780.2456672826534,175.67314580284085,10
2385,780.5372175716911,175.61504339733008,10
2386,781.0448052913082,175.7529648926607,10
2387,781.3383213146757,175.9858477887071,10
2388,781.6298073471638,175.8374774007407,10
2389,781.9171897685201,175.86403048126772,10
2390,782.5325085810775,175.94706777907106,10
2391,782.7495630463721,175.9909968173818,10
2392,783.0019067274494,176.06797731467717,10
2393,783.28885971493,176.2467227393063,10
2394,783.5656515458594,176.34426254914766,10
2395,783.7585526136725,176.45749888287912,10
2396,784.17146224035,176.61013578046712,10
2397,784.4807197657602,176.8202322192488,10
2398,784.7926394223897,176.94919043643162,10
2399,785.0387451571988,177.14627489095298,10
2400,785.2301357248111,177.26273649667135,10
2401,785.6771080721496,177.34823688898194,10
2402,785.764242688093,177.49303660284565,10
2403,786.2609814087108,177.6792083124436,10
2404,786.6519086956699,177.7699403881072,10
2405,786.8256898650006,177.78595439214496,10
2406,787.119382502746,177.79284707177237,10
2407,787.4561272032349,177.72695201148485,10
2408,787.8611345014945,177.79798167537518,10
2409,788.0498297534882,177.91755779852437,10
2410,788.3799553158292,178.03652190971317,10
2411,788.8153380924871,178.0976086734226,10
2412,789.1313209138701,178.17304165254276,10
2413,789.4019760041832,178.35594681445298,10
2414,789.6711320169203,178.59341398619893,10
2415,790.019661974121,178.70637908155808,10
2416,790.4260169850138,178.91073463823196,10
2417,790.83827692269,178.9944168660897,10
2418,791.189449023232,179.24937573528217,10
2419,791.5236423178525,179.29912016603745,10
2420,791.8574152107933,179.58410418657166,10
2421,792.0250187346065,179.6301219608394,10
2422,792.1339428625282,179.53052593897692,10
2423,792.4034291563136,179.61669384951543,10
2424,792.836645553768,179.60142208008963,10
2425,793.1033754762993,179.68010279665006,10
2426,793.4738448542885,179.7973645953206,10
2427,793.7417752822205,179.76128003854888,10
2428,794.2725665673133,180.04934743135595,10
2429,794.6841729186359,180.07126924937594,10
2430,794.7989789683845,180.1768828947994,10
2431,795.1013511150879,180.11885875110644,10
2432,795.4307667334953,180.30094866826232,10
2433,795.5156106679215,180.38964447930005,10
2434,795.7472559041018,180.5839281515813,10
2435,796.019790637811,180.78038740134642,10
2436,796.1460390815969,180.73826178623463,10
2437,796.3004550415445,180.79793635496972,10
2438,796.544160179267,180.81737316515023,10
2439,797.1577817441658,180.84709203340662,10
2440,797.4703948758953,180.78804940257405,10
2441,797.8781152180336,180.7538865885985,10
2442,798.105715540003,180.60373224792517,10
2443,798.4358426653982,180.45176740406518,10
2444,798.626298981295,180.67575011890798,10
2445,798.7808110046653,180.6344984490051,10
2446,799.0125062904503,180.64699351344055,10
2447,799.3411186931019,180.75544404236322,10
2448,799.5493828877865,180.94090359452758,10
2449,799.7609013410259,180.9226345860602,10
2450,800.0782221544832,181.1209349386701,10
2451,800.3269233074675,181.32864372845083,10
2452,800.4781092724003,181.5222409332258,10
2453,800.8100787392902,181.7259892330965,10
2454,800.9978078400937,181.7211841517876,10
2455,801.2178578316539,181.9190574421224,10
2456,801.324973273727,181.91760145040908,10
2457,801.6386715295374,182.1782684432537,10
2458,801.9062578937917,182.29829766000032,10
2459,802.1199995067625,182.5243410988289,10
2460,802.2303294202804,182.66580127444308,10
2461,802.4625384206217,182.74614622375867,10
2462,802.7535791975357,183.0437415915583,10
2463,803.0259190124963,183.2509527948349,10
2464,803.2770557288102,183.38103693393677,10
2465,803.3684609427064,183.47073244337597,10
2466,803.6395990796833,183.64144945622485,10
2467,803.806938412668,183.72317032189676,10
2468,803.8803175509245,183.78228713834403,10
2469,803.9683637353837,183.77946725797858,10
2470,804.2133878109476,183.9268562149746,10
2471,804.531872455856,184.0866067683354,10
2472,804.8575737415467,184.2483152673091,10
2473,805.1708709144432,184.50303055138252,10
2474,805.3397814607232,184.62499661024677,10
2475,805.6784351809692,184.70468726667218,10
2476,805.9661949406026,184.76939597279636,10
2477,806.2970002960112,185.12533140668194,10
2478,806.654339482209,185.00947646409392,10
2479,806.9862479701227,185.10127797805782,10
2480,807.2166068748693,185.03788656094625,10
2481,807.5036338262845,185.29182425839886,10
2482,807.5700205617584,185.2256018863119,10
2483,807.7592315569507,185.31200851297098,10
2484,808.0906177932364,185.36096343441824,10
2485,808.3236913858483,185.30678233235963,10
2486,808.559633253845,185.4578362489538,10
2487,809.0324219241194,185.42680694410353,10
2488,809.3030435080397,185.6445857530656,10
2489,809.6713296144815,185.72396490564768,10
2490,810.1096440199897,185.97186167953666,10
2491,810.3683730561548,186.21933547596785,10
2492,810.521198929234,186.24163666643,10
2493,810.7802370668451,186.41007067807158,10
2494,810.9700542600439,186.46941007335712,10
2495,811.4608824090552,186.52522832469825,10
2496,811.7156999447349,186.54113974398896,10
2497,811.9267837502967,186.6437613424754,10
2498,812.3019220176532,186.83575006852993,10
2499,812.5710018029506,186.81189959872938,10
2500,812.9620042549411,186.83288757600292,10
2501,813.2173909646037,186.91200468851764,10
2502,813.4626711685462,187.00976204459914,10
2503,813.7525230119473,187.1006207451096,10
2504,814.124609016163,187.21606138873432,10
2505,814.4760492326682,187.51023457460283,10
2506,814.988866164811,187.5231782613446,10
2507,815.1997879691774,187.54316195581913,10
2508,815.4630899360324,187.46195490441974,10
2509,815.6772716194222,187.4676638255152,10
2510,816.2071544609074,187.25232605258051,10
2511,816.4718767495513,187.52092818211165,10
2512,817.0612418435514,187.56840381979876,10
2513,817.2771996496141,187.63360958855384,10
2514,817.4524886603592,187.54802846472975,10
2515,817.7820033281123,187.71687836583823,10
2516,818.1923207678403,187.78472862212683,10
2517,818.6220677059688,187.9904969264925,10
2518,818.7717013217758,188.135099546404,10
2519,819.1439610094571,188.32361197146864,10
2520,819.3980343916207,188.42881471822406,10
2521,819.8075649840496,188.47904093183024,10
2522,820.135203904644,188.6494172798769,10
2523,820.4830011523734,188.77066686464843,10
2524,820.8339345558937,188.84841759980736,10
2525,821.157662973484,188.69488058647488,10
2526,821.5899850079289,188.6733017399109,10
2527,821.729598544526,188.65495344473084,10
2528,821.9770232242361,188.58024554666451,10
2529,822.1077551354498,188.58067619788648,10
2530,822.2975904530227,188.64584266712035,10
2531,822.706560895432,188.9006808662464,10
2532,823.1385525733009,188.9351761971695,10
2533,823.387530146287,189.16529757962797,10
2534,823.6307731837924,189.24934630461013,10
2535,824.0595689587159,189.4213094422217,10
2536,824.270685681334,189.3515415755293,10
2537,824.6453945692722,189.5122739775337,10
2538,824.8937725368054,189.54026102099354,10
2539,825.0695916075932,189.53283197966414,10
2540,825.4676754412152,189.80265587406043,10
2541,825.5981770631266,189.94404343139684,10
2542,825.7275892747954,190.0090504935617,10
2543,825.9418619795348,190.28038632027165,10
2544,826.2948322211774,190.380549469726,10
2545,826.377021680785,190.34141075345508,10
2546,826.6516806573242,190.45163549451829,10
2547,826.9704910194699,190.70804696378485,10
2548,827.2666282735652,190.93498129723912,10
2549,827.5588064744309,190.97740716867247,10
2550,827.933631826501,191.07258347144693,10
2551,828.2305881145176,190.9892998895963,10
2552,828.3385660984798,191.02507634047623,10
2553,828.4108996964562,191.00772379151513,10
2554,828.6448667603321,191.13125605696982,10
2555,829.0083727799235,191.10921435144098,10
2556,829.3130666859312,191.34845243030202,10
2557,829.6431246566914,191.63871674941691,10
2558,829.9704792136693,191.90844625015873,10
2559,830.2622130278567,192.2152900694239,10
2560,830.4268037861259,192.3562264908165,10
2561,830.9790362168317,192.52020979918638,10
2562,831.3281177657502,192.56272930487987,10
2563,831.4952758590977,192.63481948345816,10
2564,831.660884656397,192.7630160192235,10
2565,831.9935089062565,193.04741430926418,10
2566,832.4016016211166,193.2202612371381,10
2567,832.8109011384367,193.2685759811854,10
2568,833.0599289763579,193.25715412866253,10
2569,833.4933413147601,193.35934417463997,10
2570,833.8187674273692,193.51517534148869,10
2571,834.0548148267095,193.46997360903606,10
2572,834.3053567568297,193.52386963346845,10
2573,834.5087888417609,193.4145338421751,10
2574,834.6805360390547,193.36568738895883,10
2575,834.9083938377196,193.45897305552353,10
2576,835.3350148904567,193.22532639365707,10
2577,835.7100769262976,193.15178822129667,10
2578,836.0444513301636,193.2179418585069,10
2579,836.5495702172744,193.23488371309105,10
2580,836.8880087591946,193.41252565647244,10
2581,837.1438026949442,193.40821859231897,10
2582,837.5693413467552,193.32417739353184,10
2583,837.9416617871282,193.50182512158838,10
2584,838.3087026305423,193.52752524460132,10
2585,838.5504423321938,193.43680516288694,10
2586,838.8986284786366,193.70937973654824,10
2587,839.3344794845331,193.71858303294968,10
2588,839.7904076804182,193.85249894581588,10
2589,840.0372983262856,194.0490814329569,10
2590,840.3039260469938,194.14166778425482,10
2591,840.6328252773194,194.43142234551846,10
2592,840.9589773238488,194.63191836082441,10
2593,841.1471813514302,194.76711510755425,10
2594,841.4370223765734,194.8776514805491,10
2595,841.7509090751067,194.92078694026546,10
2596,842.0824915901825,195.24182792256312,10
2597,842.337895143122,195.43065577698937,10
2598,842.6124454162633,195.70800641701928,10
2599,842.7414482142283,195.6916562184554,10
2600,843.0188838293628,195.83591143745082,10
2601,843.4568435514882,195.83075479158637,10
2602,843.8119446955686,195.8512636947933,10
2603,843.9298819584874,195.96917431284464,10
2604,844.2042516294838,196.11734383038976,10
2605,844.3755895633834,196.20946734997895,10
2606,844.8317456271686,196.46574097956196,10
2607,844.9599320160271,196.49408654316045,10
2608,845.2041190345053,196.6973952082849,10
2609,845.5362594015915,196.91238253166577,10
2610,845.9284863601363,197.2672003447453,10
2611,846.197597143752,197.45551496547571,10
2612,846.4309292690647,197.67401995578317,10
2613,846.5379469747871,197.81557327809392,10
2614,846.7954007304382,198.10361684442597,10
2615,846.8415082259689,198.14509715074252,10
2616,847.0738245066959,198.2988040550191,10
2617,847.3285593522293,198.4641172781594,10
2618,847.6629299088845,198.76688656901615,10
2619,847.9567714178407,199.0713621717621,10
2620,848.3637890937823,199.1070223927564,10
2621,848.609614526131,199.1058186211962,10
2622,848.7789874576929,199.3180011955606,10
2623,849.3502772316986,199.5889998806641,10
2624,849.4562713657131,199.65897008970836,10
2625,849.8671339208671,199.85425259203527,10
2626,850.0505536872967,199.81250235591529,10
2627,850.5488354764587,200.092089098081,10
2628,850.9661952304563,200.29938193161627,10
2629,851.247704282657,200.44071822074065,10
2630,851.6009732915721,200.67490902128404,10
2631,851.7685089885387,200.72560650038048,10
2632,852.2585137188465,200.8961205377394,10
2633,852.5506219927004,200.93632461249837,10
2634,852.8652747840839,201.15946990643877,10
2635,853.2363092273602,201.31050873793,10
2636,853.448245140019,201.4221603477421,10
2637,853.798709237288,201.45558232009282,10
2638,854.1064294750995,201.5814444104766,10
2639,854.5174613623421,201.7329679603536,10
2640,854.9263889896707,201.8286159874944,10
2641,855.2544018400804,202.1308179579719,10
2642,855.5809895528806,202.16006806973746,10
2643,855.8895846862952,202.1313433384135,10
2644,856.2259647547747,202.3612111005994,10
2645,856.6184627643039,202.39828277796386,10
2646,856.8707816656595,202.34495002126636,10
2647,857.3443815360885,202.47932584641393,10
2648,857.8113829669594,202.48464073431262,10
2649,858.1860853931424,202.42572767793285,10
2650,858.5359152879826,202.51028769501968,10
2651,859.046192849197,202.24755749226418,10
2652,859.2918329750457,202.18040328888972,10
2653,859.6407265339731,202.23020380114303,10
2654,859.9518445825804,202.1886448294241,10
2655,860.1624126282506,202.23976416497686,10
2656,860.6787126967859,202.22665902813512,10
2657,860.9736293514543,202.25516619184512,10
2658,861.3247180871074,202.3943438316683,10
2659,861.6929031242568,202.27478662850586,10
2660,861.9643470552932,202.20452665298754,10
2661,862.4362522792301,202.4236965766302,10
2662,862.7583742238451,202.3640886040777,10
2663,863.194832592352,202.41944835588117,10
2664,863.4521870298984,202.33722920429793,10
2665,863.824915926999,202.45951659668665,10
2666,864.2038833675451,202.66651500000435,10
2667,864.6122759461963,202.76647971855476,10
2668,865.0180695794339,203.02577916657455,10
2669,865.5482286671886,203.29831317396813,10
2670,865.7758187890333,203.43048109093777,10
2671,866.0451733732691,203.47940266689392,10
2672,866.1386919360717,203.52411384563607,10
2673,866.2896835197928,203.65713158503047,10
2674,866.6972878800874,203.77000280953771,10
2675,866.9472210646081,203.82407261869966,10
2676,867.2156224321136,203.7438640423513,10
2677,867.3700774577001,203.864841511686,10
2678,867.5995982048922,203.8154144463459,10
2679,867.7940136369598,203.86116523391652,10
2680,868.1141058327585,203.93093827797344,10
2681,868.2919867890854,203.8702708046225,10
2682,868.5848284872593,203.94769411524769,10
2683,869.0955673848409,203.94338051455284,10
2684,869.5053043741667,204.0587526288781,10
2685,869.696175306736,204.18782016086087,10
2686,870.0066180764649,204.27804562436776,10
2687,870.297492734319,204.39583326829998,10
2688,870.731236676154,204.55914866438695,10
2689,871.0974869267263,204.5339523468034,10
2690,871.5076113408637,204.50722986760545,10
2691,871.6991361169127,204.54712740778376,10
2692,872.09396961041,204.68662587408863,10
2693,872.6297498466287,204.94622401168647,10
2694,872.8828877243592,205.16631557321384,10
2695,873.3364962755735,205.32074096627147,10
2696,873.5840806224508,205.60222111953306,10
2697,873.8556520923057,205.74879493365435,10
2698,874.1871697154418,205.7970268398326,10
2699,874.5142893373677,205.78361489053162,10
2700,874.8031212293174,205.6790562386128,10
2701,875.2107524957776,205.7205595925707,10
2702,875.5450093516899,205.69423135735462,10
2703,875.9192872275195,205.86853528609075,10
2704,876.207845243943,206.1641404090399,10
2705,876.6547612834141,206.07896980360968,10
2706,877.0888156787239,206.28200175106028,10
2707,877.4421463850128,206.38810732667935,10
2708,877.684308431781,206.2560320854734,10
2709,878.1148543665155,206.33127944715991,10
2710,878.4893632365249,206.40992145762874,10
2711,878.8188473981448,206.54694697043664,10
2712,879.2683131117162,206.72885367420463,10
2713,879.3731579103872,206.70524395573668,10
2714,879.6607310882397,206.5508689494338,10
2715,879.943913562893,206.553221160035,10
2716,880.2576770919817,206.59353140046213,10
2717,880.6199273618847,206.4440146897434,10
2718,881.057567019832,206.68103196701463,10
2719,881.3851169970516,206.73772377171107,10
2720,881.7142862098857,206.4947162812914,10
2721,881.8426929412337,206.55556209159943,10
2722,882.2514961362729,206.57509482798554,10
2723,882.6209043532556,206.65864878633855,10
2724,882.8735594145531,206.62887004082916,10
2725,882.9237147809697,206.60005773576054,10
2726,883.1361978131827,206.48202153391676,10
2727,883.5292245143239,206.3474134637437,10
2728,883.8622207441879,206.30405647036534,10
2729,884.3975546664108,206.378833680205,10
2730,884.9513319793726,206.4462061479676,10
2731,885.3460107395173,206.55883868673564,10
2732,885.756055757297,206.6421993672259,10
2733,886.0053804366498,206.9535258756573,10
2734,886.1932642554217,206.91952657101572,10
2735,886.5211006413834,207.22650827566986,10
2736,886.7720825301216,207.5381185195013,10
2737,887.0157004679056,207.3893447732732,10
2738,887.2843468490931,207.37748445137677,10
2739,887.469888329649,207.35150276282246,10
2740,887.6427544450468,207.32551447871865,10
2741,887.9640307926247,207.1733285333433,10
2742,888.452658513316,207.26120458255167,10
2743,888.6169739326112,207.30697496197567,10
2744,888.8693308308866,207.5447685658636,10
2745,889.2816117928003,207.55766276668984,10
2746,889.5507630008663,207.5016583320743,10
2747,889.8198121306247,207.61642384343472,10
2748,890.0654808693623,207.77804340490076,10
2749,890.4595588412154,207.99671243887988,10
2750,890.6448339209908,207.8476762613433,10
2751,890.9123220983408,207.89139062784596,10
2752,891.0806214113429,207.95834512313073,10
2753,891.111072558488,207.9832757070516,10
2754,891.5228804025697,208.08788144140706,10
2755,891.8749512329748,208.19764467954118,10
2756,892.038534226803,208.21643366984213,10
2757,892.412189394144,208.51569185159622,10
2758,892.8858801146704,208.6798813006782,10
2759,893.2565713217789,209.00405654559862,10
2760,893.688284260457,209.3369857268152,10
2761,894.0019470539976,209.42874557007997,10
2762,894.1280739946669,209.47906281166453,10
2763,894.2096823559826,209.55128275004387,10
2764,894.2953371483296,209.6957419129976,10
2765,894.7061402635424,209.82097978060742,10
2766,895.0023837095581,209.87270591532416,10
2767,895.1528891359967,209.95022623582173,10
2768,895.2885037024078,210.11276890263778,10
2769,895.5439950675016,210.15574196538418,10
2770,895.5734904312558,210.1861198266271,10
2771,895.808992010323,210.34264264206368,10
2772,896.0776070422717,210.45736255937177,10
2773,896.3478090204231,210.7652610762982,10
2774,896.4805710490475,210.74687855001284,10
2775,896.7141329886929,210.70709602075337,10
2776,897.0364035224463,210.87906994947704,10
2777,897.2275552759747,211.0170669238511,10
2778,897.438383702826,211.18182830403973,10
2779,897.8129888338501,211.2266366016045,10
2780,898.1424777862292,211.28441544553678,10
2781,898.5483865686017,211.4314848094214,10
2782,898.9781284606217,211.3900665682054,10
2783,899.3409672357253,211.60678689227396,10
2784,899.617838706576,211.72709879269166,10
2785,899.6872482074217,211.66651972744532,10
2786,899.9035700891515,211.79211202373136,10
2787,900.0145347057636,211.86689013789442,10
2788,900.401564549408,211.8703795961776,10
2789,900.8118546258651,211.95522533472652,10
2790,901.3238065543592,212.107076601827,10
2791,901.6538369492289,212.22171722340818,10
2792,901.9244103102956,212.2706148216552,10
2793,902.1291991691845,212.22505045095667,10
2794,902.3992137104844,212.5364053277962,10
2795,902.7903942968687,212.70913386355465,10
2796,903.2206936957166,212.90110464459065,10
2797,903.5325410256158,213.03142860225077,10
2798,904.051514967522,213.2678622448932,10
2799,904.3638515774164,213.37818313640014,10
2800,904.6830660671994,213.44453134235945,10
2801,905.0810390233073,213.42771998423632,10
2802,905.3727919385998,213.4683247451751,10
2803,905.6009916474422,213.55346314812883,10
2804,906.0167864789867,213.7305991234867,10
2805,906.3500577063644,213.9302366645784,10
2806,906.7215067993238,213.98938331069968,10
2807,907.1741635214063,214.13070406499963,10
2808,907.5251009802274,214.1945108610689,10
2809,907.738492292999,214.2441201573794,10
2810,908.1175344920915,214.36005492120222,10
2811,908.5113975874717,214.3993319233387,10
2812,908.9012191691609,214.25804888009543,10
2813,909.3959865460913,214.37485015898247,10
2814,909.7258358184451,214.44869800380422,10
2815,910.0188553885152,214.55242857517186,10
2816,910.4566404337805,214.463167261948,10
2817,910.8656617733153,214.296848656298,10
2818,911.2595076894337,214.55917416930194,10
2819,911.3865439045658,214.55141355383094,10
2820,911.7933611812675,214.73264903609225,10
2821,912.1251742993924,214.7297574758007,10
2822,912.2791064675475,214.91857030331462,10
2823,912.5721997519042,215.02071155846238,10
2824,912.9397137742978,215.16242865240767,10
2825,913.3019124602694,215.34807824537626,10
2826,913.7530013137444,215.4224016896045,10
2827,913.8776017997812,215.39544931379214,10
2828,914.0744606703529,215.39390027678758,10
2829,914.3442920373894,215.60960475378985,10
2830,914.6116297315482,215.53406550744444,10
2831,915.0789419543155,215.6680499145091,10
2832,915.305896250876,215.83374126570322,10
2833,915.6728314733507,216.01945060314367,10
2834,916.1074519493762,216.2859651211536,10
2835,916.4518399926295,216.3825637399881,10
2836,916.6395780303126,216.4364225968493,10
2837,916.9118834496314,216.6262106365913,10
2838,916.9811450050225,216.6907944095008,10
2839,917.2158826636884,216.7980702052141,10
2840,917.5630679254751,216.77054432270774,10
2841,917.648380849173,216.91511227394236,10
2842,917.8591975448126,216.9275062972096,10
2843,918.1065584579517,216.93759998749053,10
2844,918.4332205361454,217.13769077682795,10
2845,918.7193771598315,216.91824506274753,10
2846,919.0094845970847,216.88467729520113,10
2847,919.2762828531377,216.66535494044905,10
2848,919.525195467714,216.61253743415054,10
2849,919.7926764549314,216.54147784820373,10
2850,920.0567587970105,216.3167835552623,10
2851,920.3240448398525,216.06685599736937,10
2852,920.7522188977306,216.20992086258377,10
2853,920.9007398138817,216.0423701059738,10
2854,921.2462330343948,215.9580348427206,10
2855,921.5959454286929,216.08346220356148,10
2856,922.0058266974895,216.18275188142573,10
2857,922.4161428291642,216.23907548697733,10
2858,922.7430792659073,216.44089547074262,10
2859,923.0089457726996,216.62049853189646,10
2860,923.359288988538,216.5447537747682,10
2861,923.7120924437793,216.48547507021274,10
2862,924.0675503982511,216.62953410484675,10
2863,924.412935249727,216.59609199255914,10
2864,924.6245228458747,216.78704389744834,10
2865,924.9385977164,216.93224539787045,10
2866,925.2117123578579,217.00333249358823,10
2867,925.5421821415724,217.12820665391314,10
2868,925.7878480258205,217.1443599376726,10
2869,925.8712370213619,217.2135387484359,10
2870,926.1213811237897,217.29829298980056,10
2871,926.3890498582035,217.32661215610563,10
2872,926.5417767938555,217.27240132729838,10
2873,926.7905367248774,217.28578561555568,10
2874,926.9190424948989,217.15644836018086,10
2875,927.1530872250953,217.278261313635,10
2876,927.5222500591965,217.4530242477656,10
2877,928.01221730623,217.46166277826282,10
2878,928.181322726991,217.4356588705969,10
2879,928.4263773478531,217.3612811826055,10
2880,928.5344886559199,217.41120521008165,10
2881,928.7810947646824,217.48487780162182,10
2882,929.1528957058542,217.5526218716571,10
2883,929.2087304386647,217.62737415481567,10
2884,929.502190556107,217.79369500510435,10
2885,929.6897874709408,218.0110242435339,10
2886,929.8731544928642,218.04245521108635,10
2887,930.036663804916,218.10246564719176,10
2888,930.1444314857554,218.1348353349205,10
2889,930.3316176405217,218.3037624009732,10
2890,930.4807504151215,218.42922222413506,10
2891,930.6116209215601,218.6053367457527,10
2892,930.8552592493168,218.82425963020037,10
2893,931.1217823922274,218.92135050045857,10
2894,931.3719154876695,219.04629161226774,10
2895,931.4473060522129,219.09702458693832,10
2896,931.5826793773216,219.28675280791575,10
2897,931.8342743777481,219.4902154592756,10
2898,932.1596994596315,219.32871371190674,10
2899,932.534411731672,219.51611482598693,10
2900,932.8229492583775,219.39651887371195,10
2901,933.0731784584165,219.64276333081116,10
2902,933.2850831130303,219.86098124407945,10
2903,933.4501562578623,220.0107754429047,10
2904,933.7048907818047,219.99804302786703,10
2905,933.8349370742784,219.96097438896982,10
2906,934.0492967789954,220.15958130290628,10
2907,934.3783917218498,220.32139435291458,10
2908,934.5431753829064,220.2830931340298,10
2909,934.856711932494,220.23762533016776,10
2910,935.17122714382,220.2809768435554,10
2911,935.3671925878314,220.48638063552534,10
2912,935.5968291182601,220.51212177198187,10
2913,935.7456968588865,220.4894183675752,10
2914,935.8370486438747,220.41688415443102,10
2915,936.0591273879188,220.3784546028913,10
2916,936.2058881638206,220.4568193775121,10
2917,936.5545832351036,220.56146678760507,10
2918,936.6409614084216,220.66120915759055,10
2919,936.8092642835051,220.81346929661865,10
2920,937.0411284404711,220.88036634268272,10
2921,937.2124692361178,221.08084693869793,10
2922,937.4037036476423,221.2598793610925,10
2923,937.5932602603771,221.3053393195726,10
2924,937.7051339259127,221.4824608215838,10
2925,937.9121554501602,221.48046729029414,10
2926,938.1438965004745,221.58347627554886,10
2927,938.3289543742891,221.70919381389854,10
2928,938.5822276807558,221.72939438570702,10
2929,938.810447741972,221.6608389954413,10
2930,939.0806526435059,221.64760760700702,10
2931,939.1859763946446,221.59867142019164,10
2932,939.5192093152862,221.76181188119796,10
2933,939.7690046917708,221.8997315216067,10
2934,939.984381915139,221.97355742986997,10
2935,940.1340209158179,222.03973769875986,10
2936,940.348121595293,222.12765682655228,10
2937,940.5584554487125,222.31088781649214,10
2938,940.8740608695107,222.48855442116525,10
2939,941.1426149985906,222.74212939664542,10
2940,941.3521380844644,222.9917728363128,10
2941,941.4272107241316,223.0368857986019,10
2942,941.5318967138734,223.06834624287904,10
2943,941.6830196009381,223.2239390326839,10
2944,941.766243696846,223.23046955958844,10
2945,941.8749279884896,223.37080938563994,10
2946,941.9802540158511,223.43860017917592,10
2947,942.0684646243574,223.54128534431453,10
2948,942.2534580307671,223.66596442991357,10
2949,942.488537245735,223.75406988144616,10
2950,942.8020548456759,223.98549921512856,10
2951,942.8770339945138,224.01451919697644,10
2952,943.1338224640065,223.95815616970148,10
2953,943.3078263660406,223.8489359431434,10
2954,943.6236571918362,223.84832809115912,10
2955,943.964625101689,223.92508563608257,10
2956,944.1154137041294,223.9459401271835,10
2957,944.2811124257511,223.86751200577004,10
2958,944.5700624430316,223.86707420287098,10
2959,944.7391456713733,223.78627079740042,10
2960,944.9940202832304,223.73979562429025,10
2961,945.2472569903894,223.9971385135398,10
2962,945.5154295000273,223.84029060287318,10
2963,945.6689818509506,224.02090542092017,10
2964,946.0193473617261,224.01539500993184,10
2965,946.2343197864662,224.06078710342013,10
2966,946.3884533854327,224.07785667201745,10
2967,946.7181969117148,224.24840717595896,10
2968,946.9456610384965,224.31174779284117,10
2969,947.0764145243754,224.4288496249003,10
2970,947.3239830716033,224.4273764831577,10
2971,947.6603823966998,224.54447329185473,10
2972,947.8276432177139,224.50596415304122,10
2973,948.0628388322178,224.68936387144922,10
2974,948.495406584226,224.82656533656493,10
2975,948.744406225978,224.56789481250883,10
2976,948.9955748974565,224.73499817147604,10
2977,949.3260324778439,224.80001183591673,10
2978,949.4966884115981,224.65758275687395,10
2979,949.9065477046354,224.80487970992615,10
2980,950.1762561572532,224.93765368388566,10
2981,950.3663685967437,225.0135581157809,10
2982,950.7186047198886,225.0434697194875,10
2983,950.9665682119199,225.02798025956,10
2984,951.1347203305058,225.12116592652103,10
2985,951.4080075822598,225.27527818554137,10
2986,951.6252155395366,225.42866722759183,10
2987,952.1121391105462,225.52745002063202,10
2988,952.4842201195879,225.6305750798375,10
2989,952.654682972988,225.88090854432104,10
2990,952.8076413711935,226.08555469441973,10
2991,953.1826855823343,226.31578507301668,10
2992,953.4283326838435,226.34194035837163,10
2993,953.739159039497,226.29042233776536,10
2994,954.0477790852696,226.47424611722892,10
2995,954.2995753294732,226.68733676356672,10
2996,954.3885129567363,226.60086512397785,10
2997,954.6202676784884,226.74700205329836,10
2998,954.7083008652113,226.8460236629684,10
2999,955.0326788253117,226.8834166718152,10
3000,955.2818951954363,226.91377659033063,10
3001,955.6355470443565,227.05055883975254,10
3002,955.9639229706403,227.1962219765111,10
3003,956.191596619063,227.16687054575584,10
3004,956.5941957853408,226.9937185533373,10
3005,956.901801823795,226.89686111259016,10
3006,957.1724825654661,227.07378577248332,10
3007,957.6586115548905,226.98496284281475,10
3008,957.9536656435221,227.11957646688026,10
3009,958.1975402445203,226.99826410776308,10
3010,958.4702170011144,227.05708540469638,10
3011,958.8166051551877,226.998712507943,10
3012,959.0547253046116,227.0360546407985,10
3013,959.3933846068925,226.94040310291948,10
3014,959.6013068896076,226.82091665368907,10
3015,959.8923577085172,226.9914215145726,10
3016,960.1865604313094,227.12025024671544,10
3017,960.3362234397188,227.09745607478735,10
3018,960.8887213001406,227.1822605553688,10
3019,961.0338206093699,227.27383979481044,10
3020,961.3313455353116,227.19630658085774,10
3021,961.6803632728082,227.18778950483437,10
3022,961.911472399059,227.03787795131748,10
3023,962.2289032281154,227.17405434774628,10
3024,962.4760192919833,227.00397268945093,10
3025,962.7713589469543,227.0497215821028,10
3026,963.1031824558574,227.22627590594462,10
3027,963.3112740073308,227.36829745516357,10
3028,963.7194589876659,227.38378078620985,10
3029,963.9933055984268,227.3019857107008,10
3030,964.3681755614465,227.3975435798289,10
3031,964.7224986529727,227.53347130194064,10
3032,964.8725236281465,227.63252427791738,10
3033,965.0868645455421,227.56610833324632,10
3034,965.3174220090938,227.43675774347383,10
3035,965.5642999007412,227.50634433886353,10
3036,965.7593864387621,227.55623210361054,10
3037,966.0065251364991,227.59927549140886,10
3038,966.1970219454964,227.82855706383955,10
3039,966.4295815604022,227.80916823721404,10
3040,966.5384897651514,227.9450258407231,10
3041,966.7814552891803,228.06908890825204,10
3042,967.0117096710828,228.2668095954811,10
3043,967.1885677138401,228.37913305662357,10
3044,967.460416927686,228.40132164483097,10
3045,967.70366335916,228.53732037035465,10
3046,967.9769994914332,228.49015060641858,10
3047,968.1582274874796,228.50428167088492,10
3048,968.4701868530816,228.44450642285554,10
3049,968.7184663015947,228.24728496903495,10
3050,968.8526300290566,228.41520388366678,10
3051,969.1990932280193,228.29360247812807,10
3052,969.688642860244,228.4145145630069,10
3053,970.0140138381278,228.52527037452853,10
3054,970.4236502432219,228.45364589646584,10
3055,970.9151232284719,228.34236485196882,10
3056,971.26338322565,228.24626654542965,10
3057,971.3865843930386,228.33041422803493,10
3058,971.5491855968423,228.1583204493669,10
3059,971.6740936663402,228.1181549326455,10
3060,971.8813529418378,228.1823482819399,10
3061,972.1109215211507,228.27501458842588,10
3062,972.3824940610133,228.40583579407468,10
3063,972.853646316989,228.6266776688572,10
3064,973.1615021085393,228.74664882669683,10
3065,973.5264092146703,228.85771415941707,10
3066,973.9016859908309,228.9055078007565,10
3067,974.2680799773786,228.8617615868246,10
3068,974.6185485211356,228.9658718118019,10
3069,975.0303928771534,228.89137715969932,10
3070,975.465020734262,229.1009067456549,10
3071,975.7381502023076,229.13520238945918,10
3072,975.9468378358002,229.25722498679514,10
3073,976.2101942594547,229.41524978092707,10
3074,976.4436550211237,229.66462697685964,10
3075,976.5702754851761,229.75791484399494,10
3076,976.8441860394641,229.80839298335923,10
3077,977.2376010332075,229.8499267955393,10
3078,977.6052289151787,230.13179831769568,10
3079,977.7752951201907,230.14550437113382,10
3080,977.9617105451105,230.36593086535743,10
3081,978.1266809901656,230.40421202646132,10
3082,978.4263460430309,230.4823987860077,10
3083,978.5938861555342,230.51938195610825,10
3084,978.8057407000724,230.65149670477228,10
3085,978.9692391138449,230.69060975551332,10
3086,979.163262433075,230.81845359004353,10
3087,979.3136118489887,230.99257733955332,10
3088,979.580223888501,231.1896265776938,10
3089,979.6698415463213,231.16371621668685,10
3090,979.8349961746317,231.06457828317528,10
3091,979.9216952444531,231.0419446054513,10
3092,980.1509744872144,230.799924785198,10
3093,980.4619559426319,230.5344099373484,10
3094,980.6084272318164,230.57648641549073,10
3095,980.6745175596485,230.69813421696267,10
3096,980.798438549703,230.5302761123935,10
3097,981.0023568859049,230.51932559555723,10
3098,981.0284875604784,230.48946458105218,10
3099,981.2762331776088,230.4933479519479,10
3100,981.4806306830585,230.56791352798206,10
3101,981.6689709210235,230.58842622082838,10
3102,981.797347946443,230.52247184483733,10
3103,982.1314149729596,230.4199884232941,10
3104,982.3569048397898,230.39218653368175,10
3105,982.6638622269938,230.36894412958276,10
3106,982.9329596940048,230.0685895427647,10
3107,983.2379360144848,229.86899052564996,10
3108,983.4237727422664,229.91486460559315,10
3109,983.6885352367337,229.63184184238,10
3110,983.8352887449828,229.65639886531397,10
3111,983.9226462466183,229.69377961188928,10
3112,984.1275115832966,229.60541010070605,10
3113,984.2973660496591,229.58950600109512,10
3114,984.6230764847948,229.2514853660501,10
3115,984.8737832451703,229.3369500681663,10
3116,985.0246809248431,229.21649439327823,10
3117,985.2397218062055,229.2176867166065,10
3118,985.5375143725884,229.18963305186094,10
3119,985.7118952000025,229.19529863479224,10
3120,985.9672932338326,228.98113148292407,10
3121,986.0947716186898,228.91133471871257,10
3122,986.2052182382652,229.05520118959367,10
3123,986.4326430408131,229.09470833808777,10
3124,986.7206451410609,229.13806696077546,10
3125,986.9052225181747,229.08150231390445,10
3126,987.0281794011987,229.10334968424976,10
3127,987.1728457805706,229.13929470429977,10
3128,987.3375056785123,229.164205916293,10
3129,987.5971728776749,229.41535342345733,10
3130,987.8865061267821,229.54607451145841,10
3131,988.1586552926749,229.62510260588422,10
3132,988.3093216113369,229.71590416713454,10
3133,988.572886103537,229.4956850261204,10
3134,988.8245180061709,229.6634910434817,10
3135,989.1972313868122,229.71711769796374,10
3136,989.4074072142105,229.71595370852629,10
3137,989.7202609861772,229.61649907940702,10
3138,989.9182152731388,229.84318545648628,10
3139,990.216607890886,229.95705785395654,10
3140,990.3717182748867,229.91825683376217,10
3141,990.6414169752213,229.77456221571296,10
3142,990.948577592511,229.86995345862996,10
3143,991.1988941974671,229.88497130717263,10
3144,991.5484942374903,229.79252729065453,10
3145,991.8034753577743,229.77444689390765,10
3146,992.0118049585715,229.95067926979175,10
3147,992.3359441676308,229.9776076246759,10
3148,992.7427775539902,229.92744557603424,10
3149,993.0729799832804,230.11930007297397,10
3150,993.2826165039385,230.1235068544558,10
3151,993.6300344099311,230.10019113820601,10
3152,993.8773577428826,229.98795757478607,10
3153,993.9068844124406,229.98099644733765,10
3154,994.2171041911852,229.8503732698582,10
3155,994.3639684283493,229.88636576309088,10
3156,994.5297198019007,229.66780216227775,10
3157,994.7442797678241,229.7411903248638,10
3158,994.9140676956015,229.58890033001464,10
3159,995.1403885842365,229.43876498029226,10
3160,995.408479000452,229.23983256939206,10
3161,995.7555521664444,229.0580767828134,10
3162,995.8859086034087,229.08472624359877,10
3163,996.2308724577954,228.8307773357676,10
3164,996.5590221042451,228.8942810838085,10
3165,996.8062680912572,228.80054492200117,10
3166,997.2127298599282,228.72750800782853,10
3167,997.4609491030715,228.52170667602903,10
3168,997.7515281118642,228.34141543747893,10
3169,997.8044285500604,228.34944931547605,10
3170,998.0784977413198,228.51685500360097,10
3171,998.3467478031616,228.32856530670338,10
3172,998.6350044442306,228.30487439873622,10
3173,998.8417678526448,228.2170393039047,10
3174,998.9494522649378,228.39393144103508,10
3175,999.0780084417545,228.3011435539986,10
3176,999.2652850296729,228.25869345908268,10
3177,999.4528120745401,228.35735738624803,10
3178,999.6410486043072,228.5382043030374,10
3179,999.8905544479305,228.63737533996797,10
3180,1000.1319088743325,228.38013490526785,10
3181,1000.4780195874531,228.44420141507203,10
3182,1000.5638964317219,228.32136336697184,10
3183,1000.9504258018733,228.20043507019662,10
3184,1001.2573570820277,227.98143100454527,10
3185,1001.4644310622349,227.76643864060395,10
3186,1001.6483944701191,227.54430089436266,10
3187,1001.8397718331468,227.6329743731283,10
3188,1002.0451281255139,227.46928356009215,10
3189,1002.0711314148887,227.45659461702687,10
3190,1002.2009077164842,227.37996638137386,10
3191,1002.3060642487244,227.37572196048748,10
3192,1002.4561482238717,227.50342713356525,10
3193,1002.5365801093419,227.56414204441694,10
3194,1002.7802686112366,227.70138588509198,10
3195,1003.0302531884223,227.99820591381396,10
3196,1003.2003495985834,228.25766446694328,10
3197,1003.3658400498923,228.2673313159952,10
3198,1003.5778183067334,228.29829386726445,10
3199,1003.7656470188051,228.37566771594032,10
3200,1003.9325403316532,228.3008680321036,10
3201,1004.138094235403,228.183881271984,10
3202,1004.3268216736253,228.1544796097138,10
3203,1004.5337258024658,228.2263031553199,10
3204,1004.7170025637995,228.14265610675582,10
3205,1004.8854138358378,228.17752665728543,10
3206,1005.1319053953824,228.22175706186928,10
3207,1005.2359705685585,228.2240207854859,10
3208,1005.4270880513723,228.3145507625692,10
3209,1005.5346088979783,228.3674571589642,10
3210,1005.698408507219,228.4861696764862,10
3211,1005.9839445512686,228.47013912200748,10
3212,1006.2296430270044,228.70204042931147,10
3213,1006.3569983915825,228.64128924124185,10
3214,1006.7279344825411,228.62782833551304,10
3215,1006.9963589245593,228.7482084604321,10
3216,1007.2453343337053,228.84297114795118,10
3217,1007.4068989132074,228.82394419519127,10
3218,1007.5590781543706,228.91986560873463,10
3219,1007.7214866225619,229.14254286147576,10
3220,1007.8308705588703,229.06637569278217,10
3221,1008.0021387538773,229.06450584973996,10
3222,1008.1505871183626,228.91682725436277,10
3223,1008.4782576182722,228.98814954571648,10
3224,1008.584665871435,228.9908778228208,10
3225,1008.5892477160899,228.99163283552042,10
3226,1008.914096836594,229.19886758671387,10
3227,1009.0985535459582,229.17494870915903,10
3228,1009.1892261975087,229.09503162283175,10
3229,1009.3600847250807,229.13081537096605,10
3230,1009.5653106869025,229.12942203278823,10
3231,1009.7302146233902,229.00328651753253,10
3232,1009.9811563600017,229.13098787054713,10
3233,1010.0870592772551,229.27061241816244,10
3234,1010.1752780791785,229.18137213130316,10
3235,1010.2042491674068,229.221410160623,10
3236,1010.3693878888207,229.1116884579226,10
3237,1010.4521910726775,229.02603270741506,10
3238,1010.6168797932456,229.10676569271104,10
3239,1010.7816090143235,229.18791336399426,10
3240,1010.886493604556,229.13811955003663,10
3241,1011.0993750517653,228.99189569987172,10
3242,1011.4693233292835,228.9376430196117,10
3243,1011.5929609402956,228.87923184431364,10
3244,1011.7620332385926,228.75713893038494,10
3245,1011.8903594272439,228.6636440716896,10
3246,1012.0545491295592,228.78348133460352,10
3247,1012.2611936447536,228.85488291068336,10
3248,1012.3466757499131,229.021759082645,10
3249,1012.4961863359788,228.91570487812413,10
3250,1012.5851607632361,228.93368864962858,10
3251,1012.7394442953085,229.0524488827361,10
3252,1012.847779769179,229.21246767607641,10
3253,1012.9561570521658,229.3791170054638,10
3254,1013.0864604348005,229.56390622067303,10
3255,1013.3321177809878,229.60923469478826,10
3256,1013.5996415835385,229.66078133797643,10
3257,1013.814040168831,229.6733085879548,10
3258,1013.8799382011433,229.80055185284843,10
3259,1014.1322970234472,229.9996254154343,10
3260,1014.461504826609,230.0888270012863,10
3261,1014.6364315009703,230.0517341311056,10
3262,1014.9178126891317,230.25457631626335,10
3263,1015.249685892603,230.35826576688032,10
3264,1015.4396694804061,230.4489622270308,10
3265,1015.7075777119644,230.34351478025272,10
3266,1015.9197115021391,230.34874178839326,10
3267,1016.1970731219138,230.4227038289382,10
3268,1016.3046453278461,230.37375615247873,10
3269,1016.6567533303132,230.50630115291446,10
3270,1016.9018520314592,230.45042534744445,10
3271,1017.1515753482561,230.55217682559842,10
3272,1017.2792843680147,230.65843505999726,10
3273,1017.5621476592221,230.7292583584196,10
3274,1017.887058255444,230.55313321306895,10
3275,1018.131382840326,230.5112282355675,10
3276,1018.456345501317,230.56826744991076,10
3277,1018.7229712318746,230.75743031277025,10
3278,1019.0924563816495,230.67789606692617,10
3279,1019.3031942615482,230.72386287075162,10
3280,1019.615840876503,230.69152266444246,10
3281,1019.9071085586351,230.7298520301338,10
3282,1020.0332284987151,230.63207038404718,10
3283,1020.3026469165954,230.7747906178052,10
3284,1020.5715095877255,230.8174862213249,10
3285,1021.0021312909643,230.8782308201232,10
3286,1021.1467184097216,230.75819841128825,10
3287,1021.5949272499477,230.84886460884522,10
3288,1021.838166092972,230.90013474736787,10
3289,1022.0028061168854,230.99310988398267,10
3290,1022.3727904821211,230.8485414102128,10
3291,1022.7011082245324,230.78019110532128,10
3292,1022.8004834274185,230.7608116208495,10
3293,1023.0680507457486,230.57495946109773,10
3294,1023.339362256519,230.60291382965445,10
3295,1023.4641503769346,230.51214386615078,10
3296,1023.691557214053,230.64781987243805,10
3297,1024.0395271792731,230.49049806639619,10
3298,1024.1453290724467,230.46191224121657,10
3299,1024.3133737883513,230.25873742378687,10
3300,1024.5201404147908,230.38744768079897,10
3301,1024.767482501507,230.59204221539147,10
3302,1024.8702017456658,230.697270796356,10
3303,1025.0321435109743,230.92763346166538,10
3304,1025.1420947140282,231.1215216356697,10
3305,1025.3549449053694,231.293690807703,10
3306,1025.5802852946003,231.4075592068859,10
3307,1025.8710116783836,231.65921365817698,10
3308,1026.121775927092,231.76095190209932,10
3309,1026.3267311255447,231.78481322688623,10
3310,1026.4767398782117,231.80464031463896,10
3311,1026.6086868604948,231.94517817736423,10
3312,1026.7446470971379,231.94976787544044,10
3313,1026.953910780931,231.85966051162924,10
3314,1027.227578273756,232.0155043148679,10
3315,1027.3202779880635,232.08927818113898,10
3316,1027.4672043808812,232.09275246258574,10
3317,1027.6596717624282,232.13766404081136,10
3318,1027.8244476900677,232.04545225074597,10
3319,1028.1978126030967,232.08289870660718,10
3320,1028.4049641491713,232.22000043716108,10
3321,1028.6920358016137,232.33234676969235,10
3322,1028.8445611690581,232.3686864454107,10
3323,1029.0259312811158,232.33523963436647,10
3324,1029.2744281901741,232.4167745817209,10
3325,1029.6018312432334,232.58691695272387,10
3326,1029.930696293537,232.59160279450924,10
3327,1030.388445689424,232.78958045250567,10
3328,1030.6804069546702,232.9621137904168,10
3329,1031.1072600562923,233.07633427328332,10
3330,1031.5625925504316,233.2888946761687,10
3331,1031.976718835353,233.43892740199414,10
3332,1032.4652387826238,233.56139199109694,10
3333,1032.7335730296518,233.73405892025139,10
3334,1032.9657771439863,233.88563385467876,10
3335,1033.416639620225,233.79808042597978,10
3336,1033.8463236985885,233.77158414494846,10
3337,1034.3185596491148,233.91102019970702,10
3338,1034.6438131222899,233.7828296878773,10
3339,1035.060721062346,233.759733304239,10
3340,1035.411931503248,233.79751089032212,10
3341,1035.658973121914,233.73212898489786,10
3342,1036.0972729605658,233.7225375099707,10
3343,1036.548906639503,233.84386283579587,10
3344,1036.780796859273,233.90265910279197,10
3345,1037.091761603056,233.91330415906475,10
3346,1037.6220743941062,233.9530708679362,10
3347,1037.987548254427,233.97479826455574,10
3348,1038.4265463598326,234.14212255041537,10
3349,1038.6551580111081,234.20609339712797,10
3350,1038.920161357204,233.96777440493912,10
3351,1039.2291945978777,233.81031419026704,10
3352,1039.7027350313897,233.70460418619874,10
3353,1040.0936748309025,233.82250740427,10
3354,1040.3401480901982,233.98195252628085,10
3355,1040.7322498662072,234.08059899359822,10
3356,1041.0997986241368,234.21170846703183,10
3357,1041.3707844874202,234.3607091645925,10
3358,1041.6017449714755,234.54090906304643,10
3359,1041.952092608334,234.80190554672856,10
3360,1042.2656574691378,234.9380144811157,10
3361,1042.6347101487916,234.92251078186305,10
3362,1042.8616992509133,234.81675209165985,10
3363,1043.1299521823025,234.96596315578313,10
3364,1043.4208210306601,235.27313839915053,10
3365,1043.5241245213651,235.3335069698705,10
3366,1043.7354958630654,235.55619089649895,10
3367,1044.1394850182107,235.58894489060896,10
3368,1044.402314620369,235.58506736958142,10
3369,1044.6048232443618,235.55827018652658,10
3370,1044.7710010695457,235.6577809657582,10
3371,1044.9564015820486,235.72629387481746,10
3372,1045.2867408943412,235.99606058646032,10
3373,1045.5346009455272,236.3157336760515,10
3374,1045.7218664817829,236.26286840419303,10
3375,1045.9893602471868,236.30551214570366,10
3376,1046.355588243166,236.31611709969573,10
3377,1046.8062729084893,236.50995977378358,10
3378,1046.8925319455052,236.68198446206864,10
3379,1047.0575020644906,236.91280190654032,10
3380,1047.463719289046,237.00094051159056,10
3381,1047.6516602843142,237.00991359145607,10
3382,1047.7571186637294,236.97092525182197,10
3383,1048.0030164808543,237.0743002087579,10
3384,1048.189248151337,237.0182088040272,10
3385,1048.3982292380479,237.15747987632412,10
3386,1048.6066676686646,237.11135308788548,10
3387,1048.8978860049351,237.12803532823196,10
3388,1049.2995492097414,237.3202688543134,10
3389,1049.6893959566237,237.35388797524226,10
3390,1049.7947369391607,237.31974578701906,10
3391,1050.0422785804067,237.3989362778018,10
3392,1050.2942810488805,237.2707352931103,10
3393,1050.5366139546488,237.18010441956497,10
3394,1051.108618173122,237.19076831355383,10
3395,1051.4799160573868,237.08761911422187,10
3396,1051.8666949160865,237.01164812553287,10
3397,1052.096636330884,237.11417436581573,10
3398,1052.266973333152,237.11545399673517,10
3399,1052.4363678164302,237.2357091120631,10
3400,1052.892125671373,237.3528192918779,10
3401,1053.3216499397445,237.43881500313682,10
3402,1053.6129217644204,237.32987924152056,10
3403,1053.776319760182,237.36516541009652,10
3404,1054.2079099806265,237.19763171932232,10
3405,1054.6999880178414,237.20058765654537,10
3406,1055.0509112535738,237.06080335113765,10
3407,1055.262829762708,237.13170020219857,10
3408,1055.5332331636166,237.43210502086657,10
3409,1055.7166354536307,237.45014185203254,10
3410,1055.9671387421402,237.44303853757413,10
3411,1056.171888065469,237.36331378368135,10
3412,1056.4204840513762,237.5144857333491,10
3413,1056.5935341002248,237.6590991036226,10
3414,1056.9228129248618,237.8501413776746,10
3415,1057.1687207069026,237.92336036197676,10
3416,1057.3608396893774,237.95003923969878,10
3417,1057.6864824139368,238.16349144861164,10
3418,1057.7971482539485,238.18668571262455,10
3419,1057.9847048007177,238.36706860351916,10
3420,1058.2146342327442,238.48826472455139,10
3421,1058.3708211873234,238.64473334487622,10
3422,1058.4375320288475,238.7767179189552,10
3423,1058.6858912702487,238.7786718607435,10
3424,1058.818557399437,238.82215494958783,10
3425,1059.1066891621022,238.94087791073738,10
3426,1059.3527434319676,238.96131993393743,10
3427,1059.556809874674,238.81558838170716,10
3428,1059.72185148979,238.70670693563437,10
3429,1059.8712702672499,238.8076212940254,10
3430,1059.9590423819413,238.72211714619982,10
3431,1060.0411968354147,238.70291712473662,10
3432,1060.2288186306357,238.88423143832745,10
3433,1060.4161265890755,238.97084805120792,10
3434,1060.6858627641527,239.12174634101945,10
3435,1060.8511697920326,239.35219359433748,10
3436,1061.0755168609785,239.29160280947286,10
3437,1061.2403971726824,239.3750226617968,10
3438,1061.430695816277,239.38134419939618,10
3439,1061.761935426672,239.47480345308045,10
3440,1061.9312733285772,239.48486055308254,10
3441,1062.017730891866,239.57179118407075,10
3442,1062.287093534874,239.5466145563529,10
3443,1062.4350852553894,239.454497371635,10
3444,1062.6902585917073,239.33916145023008,10
3445,1062.94044842094,239.35680704604687,10
3446,1063.1312102721395,239.6017164354001,10
3447,1063.3196723104475,239.5934194329776,10
3448,1063.7716021773138,239.64960564971003,10
3449,1064.1756524353405,239.6234269062289,10
3450,1064.5252987559984,239.57204560510178,10
3451,1064.97936435363,239.8210128706857,10
3452,1065.3044271284045,239.7868127093903,10
3453,1065.740356630034,239.98682328740955,10
3454,1066.1095018386382,240.03624276423542,10
3455,1066.500756566054,240.10572927826405,10
3456,1066.63481379796,239.99730814044014,10
3457,1066.8230039807797,239.93936410291604,10
3458,1067.0559240305531,239.88356452716243,10
3459,1067.4075678320987,240.1264068433902,10
3460,1067.6955676973212,240.2623552860101,10
3461,1067.862679155343,240.44302083856414,10
3462,1068.191073846467,240.51077926385068,10
3463,1068.5147993066548,240.54068191332033,10
3464,1068.8087250541244,240.66824924468577,10
3465,1069.0602528300567,240.85574509552146,10
3466,1069.2291419894625,240.87697072250424,10
3467,1069.3983067552772,241.1374090444916,10
3468,1069.6531962531799,241.42781843388025,10
3469,1069.8225553760278,241.44154823235053,10
3470,1070.13183928923,241.45874603122678,10
3471,1070.3423559548678,241.60146335983592,10
3472,1070.5535990362068,241.63564633176122,10
3473,1070.7178758081955,241.73575356187763,10
3474,1070.9490047609138,241.9960623170015,10
3475,1071.2157130960443,242.16415651426541,10
3476,1071.447925098424,242.25513055827543,10
3477,1071.5158473828233,242.19994953718293,10
3478,1071.90281436963,242.31026553879494,10
3479,1072.0956819124785,242.58088526107107,10
3480,1072.3656320834418,242.714001250322,10
3481,1072.671616401515,242.77426382513517,10
3482,1072.9977220455987,242.91198824283137,10
3483,1073.3058298686515,242.8917990366677,10
3484,1073.3504751065595,242.8275086406934,10
3485,1073.4344276202464,243.00028181184084,10
3486,1073.6011983420112,243.15009295997953,10
3487,1073.813128297207,243.2323543003111,10
3488,1074.0840827063514,243.19767374020685,10
3489,1074.220506694758,243.20885782745813,10
3490,1074.4112189943053,243.19690724047007,10
3491,1074.682050611192,243.42421429225118,10
3492,1074.9510677147844,243.24565347801817,10
3493,1075.3251514738101,243.25318977032717,10
3494,1075.5960618251547,243.34446775269436,10
3495,1075.7665763437756,243.4659931530576,10
3496,1076.0603296908796,243.7224435586214,10
3497,1076.1664859114035,243.64776539759205,10
3498,1076.2988325022332,243.5319212239248,10
3499,1076.4291722605683,243.7225401904554,10
3500,1076.615655561025,243.8573119080445,10
3501,1076.7712437249406,243.87568691292077,10
3502,1076.9197480637358,243.85415210284066,10
3503,1077.0043897588816,243.8331800943016,10
3504,1077.1088469305623,243.798614228371,10
3505,1077.2400214063694,243.85955493152784,10
3506,1077.6122659250152,243.86843432073675,10
3507,1077.6984522020691,243.8466491561051,10
3508,1077.8698787943827,243.85338294628014,10
3509,1078.0456169626652,243.85236337677793,10
3510,1078.1294882638217,243.7238352252156,10
3511,1078.2373998923074,243.66314633767152,10
3512,1078.555239707438,243.83907561261233,10
3513,1078.9103490524362,243.93330822445498,10
3514,1079.3832594295168,243.88241238458116,10
3515,1079.7398719208504,243.75661382550135,10
3516,1080.173378143577,243.91927445499653,10
3517,1080.5104322332297,244.11790681508512,10
3518,1080.8037267722568,243.97453333994508,10
3519,1081.2039314515428,244.0304219293615,10
3520,1081.572772450993,244.0871223775251,10
3521,1081.7795562596266,243.9167563173768,10
3522,1082.2541237570067,243.9844716472397,10
3523,1082.5468228664206,244.14877520989745,10
3524,1082.9212027793685,244.386593952455,10
3525,1083.0125042954537,244.47282867462695,10
3526,1083.2201611294772,244.41055815699926,10
3527,1083.4101041772092,244.4365162160048,10
3528,1083.5776585222052,244.40092374549886,10
3529,1083.6842910731234,244.58353016291824,10
3530,1083.7918947674016,244.72000925708792,10
3531,1084.1441086330665,244.72014894298442,10
3532,1084.268888094058,244.7076568482487,10
3533,1084.4406750423966,244.83728602307934,10
3534,1084.594823011516,244.9001363565335,10
3535,1084.761404695811,245.10904693111766,10
3536,1084.8456536717035,245.28111287550186,10
3537,1085.179823205017,245.43708348460007,10
3538,1085.451747714102,245.37715417822562,10
3539,1085.6418693504036,245.44597227860385,10
3540,1085.8112441266405,245.57236511762477,10
3541,1086.1025955036291,245.68982990666694,10
3542,1086.290345371759,245.7644663416224,10
3543,1086.5835551186217,245.96048070885902,10
3544,1086.8378907660833,246.14403864916275,10
3545,1087.0854719226834,246.06437702684676,10
3546,1087.4605602581862,246.06004529148439,10
3547,1087.875103114816,246.07730906803033,10
3548,1088.1010606074394,245.90385817891973,10
3549,1088.3282241094162,245.91994553390361,10
3550,1088.5779349682311,246.11336018279263,10
3551,1088.8284150385443,246.17990269250203,10
3552,1088.9392134060083,246.2647396214186,10
3553,1089.2092805928503,246.41253541811815,10
3554,1089.3815576112172,246.6174115300457,10
3555,1089.5720467323965,246.57774258870492,10
3556,1089.8845466680464,246.77303650804154,10
3557,1090.0792919805544,246.96674677579665,10
3558,1090.4545556369576,247.2317666276342,10
3559,1090.8755282781315,247.40042278107865,10
3560,1091.0867134682746,247.56414747510792,10
3561,1091.2156956887045,247.49193610028422,10
3562,1091.6107035555142,247.48122665535823,10
3563,1091.822718580049,247.33342216753843,10
3564,1091.9564968793188,247.25046485173667,10
3565,1092.2081015408646,247.30395081272016,10
3566,1092.398089695777,247.2521709283233,10
3567,1092.4637261950938,247.16399476028235,10
3568,1092.5896426649035,247.08260140996958,10
3569,1092.8801285800423,247.1803506185286,10
3570,1093.0740729616805,247.29456826306028,10
3571,1093.3594381633238,247.05515897849418,10
3572,1093.6168936108281,247.2100525922501,10
3573,1093.8053220685347,247.29786716892116,10
3574,1094.0746607435667,247.25615856591273,10
3575,1094.4730164626753,247.18504036278964,10
3576,1094.7876142748673,247.17182506205438,10
3577,1094.9599243117634,247.34563897448658,10
3578,1095.3372783641314,247.4360546914073,10
3579,1095.6057767177183,247.33396159494583,10
3580,1095.7368821173163,247.25530672057673,10
3581,1095.9878006444037,247.36486845541813,10
3582,1096.0997394506553,247.37773819545478,10
3583,1096.43237807727,247.4995707241919,10
3584,1096.6838480817019,247.4624444139736,10
3585,1096.9552811037734,247.53960548870424,10
3586,1097.1215334695817,247.511176563237,10
3587,1097.2107826429888,247.55771379909373,10
3588,1097.5406120593393,247.56100613897303,10
3589,1097.8283681876344,247.6110151478006,10
3590,1097.9954258184464,247.78944575323604,10
3591,1098.1615478886818,247.74068643608453,10
3592,1098.4076429005593,247.62556300861365,10
3593,1098.7394480834125,247.38215264622917,10
3594,1098.8454871440113,247.26284683932647,10
3595,1099.0910522546314,247.28602905006855,10
3596,1099.281428644914,247.0705396299734,10
3597,1099.4508044191098,246.88359823330106,10
3598,1099.7999616638504,246.79429488307883,10
3599,1100.071093121468,246.81959942822786,10
3600,1100.2594715312005,246.82048834270847,10
3601,1100.3693687657624,246.90900150466754,10
3602,1100.7201585456983,246.8475519891928,10
3603,1100.970963945208,246.76761362848842,10
3604,1101.2480136055133,246.73812078863355,10
3605,1101.5020165546086,246.87342702824137,10
3606,1101.754495465992,246.89677036354337,10
3607,1102.0826620974665,246.77854188227533,10
3608,1102.348463244637,246.6169523846883,10
3609,1102.5709243158435,246.53371391898156,10
3610,1102.7123212894617,246.43637438739685,10
3611,1102.9620436924527,246.34073591345188,10
3612,1103.2127517106142,246.40879374270307,10
3613,1103.4030776020295,246.41286599105246,10
3614,1103.59050345612,246.452954953112,10
3615,1103.8966015283154,246.37644808349515,10
3616,1104.1235511221353,246.32216548377957,10
3617,1104.3532925780037,246.53720078602993,10
3618,1104.4668417377766,246.62423472062665,10
3619,1104.7392344077164,246.70806797783024,10
3620,1105.0464967875105,246.80890803488631,10
3621,1105.2774346005128,246.81799633355772,10
3622,1105.4647674001783,246.73238249122363,10
3623,1105.961099069969,246.76775788412732,10
3624,1106.4370271935811,246.76262685045776,10
3625,1106.7254209516655,246.54046404487949,10
3626,1107.1005901431552,246.3412089109106,10
3627,1107.3137456132633,246.4298604455299,10
3628,1107.7874554055338,246.42659146750248,10
3629,1108.038908036354,246.49276642776556,10
3630,1108.4330936753513,246.52137118731642,10
3631,1108.8465760093552,246.50999347202227,10
3632,1109.116705849082,246.61680114276055,10
3633,1109.450279879415,246.80296961562854,10
3634,1109.778302683216,246.51883967135842,10
3635,1109.9437632591494,246.44656127520392,10
3636,1110.1078707287202,246.48213237721484,10
3637,1110.3628663564095,246.68986233543018,10
3638,1110.7408457447477,246.91590716070607,10
3639,1111.0916010894578,247.10723896767215,10
3640,1111.345668451628,247.2893408398586,10
3641,1111.6126021278073,247.50843242271557,10
3642,1111.7828753602946,247.6482269859647,10
3643,1112.1520524194848,247.76487127090144,10
3644,1112.4766454221315,247.7274329762642,10
3645,1112.7238207961066,247.69295313264607,10
3646,1113.0318186691989,247.60233856467732,10
3647,1113.3393444499845,247.77443297765774,10
3648,1113.8874784981474,247.8299266955935,10
3649,1114.1610074504251,247.93667102289282,10
3650,1114.2512083907402,248.12113565995375,10
3651,1114.460965833991,248.27491582094788,10
3652,1114.7259000099639,248.16299681253096,10
3653,1114.8718737090082,248.0533875084222,10
3654,1114.9437826606331,248.0731790643291,10
3655,1115.1346856057178,248.30329982582313,10
3656,1115.280358948346,248.38329400537927,10
3657,1115.4072744512373,248.36637177563014,10
3658,1115.5945296707473,248.2243745334683,10
3659,1115.8634607078916,248.2291621566416,10
3660,1116.1906526149464,248.13756995872737,10
3661,1116.2811812573254,248.1861281297469,10
3662,1116.4691632875351,248.15287387930942,10
3663,1116.718237151964,248.26461988343488,10
3664,1116.968629058449,248.42546991482186,10
3665,1117.080904104174,248.45444556570726,10
3666,1117.1943149086933,248.41670245523497,10
3667,1117.3892603469972,248.46509837571415,10
3668,1117.631581007922,248.55370298564873,10
3669,1117.7397368369288,248.62539632099197,10
3670,1117.907882852953,248.62171481833354,10
3671,1118.2560799959645,248.52149382367725,10
3672,1118.3387852214125,248.43490547218093,10
3673,1118.7465578817048,248.39823734793845,10
3674,1119.0511826290117,248.37807431138566,10
3675,1119.3815008332276,248.26308869162207,10
3676,1119.749373686329,248.4210718812624,10
3677,1120.0935165545586,248.51384200392852,10
3678,1120.2421391917026,248.45530174386764,10
3679,1120.4287559362451,248.43473593700827,10
3680,1120.6951397554396,248.44291809301274,10
3681,1120.9851676623575,248.6140156553844,10
3682,1121.1965104413944,248.72061602932698,10
3683,1121.402194698942,248.5884803886909,10
3684,1121.590331100255,248.69531320067668,10
3685,1121.8376954028029,248.64926103554657,10
3686,1121.9237546811587,248.694758248389,10
3687,1122.1701454679594,248.49925603224065,10
3688,1122.3429330899883,248.62083056960185,10
3689,1122.4282335140038,248.66593541269282,10
3690,1122.61795588554,248.75912883351464,10
3691,1123.0259327787358,248.7880101191535,10
3692,1123.2732111906298,248.6882163925638,10
3693,1123.540903145945,248.73481189755768,10
3694,1123.727415386086,248.74815294694235,10
3695,1123.9558221589414,248.65261345931532,10
3696,1124.1202344788894,248.88090481940424,10
3697,1124.349602721552,248.91399736575656,10
3698,1124.639151336523,249.18407201606038,10
3699,1124.8028676140916,249.41160163713835,10
3700,1124.9060785812517,249.50632948750427,10
3701,1125.1967495177564,249.64716753421067,10
3702,1125.5448554985644,249.83992845492594,10
3703,1125.8114019045668,249.84935325083467,10
3704,1126.160176782097,250.0412000264094,10
3705,1126.4441003085292,250.23480478363078,10
3706,1126.6373999737175,250.33227002030063,10
3707,1126.845254491567,250.44091568401262,10
3708,1127.070527936367,250.41657607833045,10
3709,1127.3132227717942,250.41650327980477,10
3710,1127.478315877704,250.4657433288468,10
3711,1127.8276971825712,250.45904449284043,10
3712,1127.9932933011573,250.6837886393783,10
3713,1128.1859617144494,250.81321053908835,10
3714,1128.433939371955,250.93962034240337,10
3715,1128.5966507522644,251.16516677032268,10
3716,1128.862774144421,251.2387490394633,10
3717,1129.275148010023,251.49394051424514,10
3718,1129.7050345061398,251.67128558988216,10
3719,1130.0783291766388,251.79795980895193,10
3720,1130.3089426791942,251.95322303819438,10
3721,1130.5514780098115,252.02349849790312,10
3722,1130.9180799822968,252.22916862368132,10
3723,1131.2433571016159,252.32633232294572,10
3724,1131.512832355007,252.34423891010837,10
3725,1131.8402477613017,252.62201448938302,10
3726,1132.231521156508,252.5902667685868,10
3727,1132.520670976496,252.81606902288922,10
3728,1132.8318743667014,253.00907037440285,10
3729,1133.0988200359286,253.2749431468234,10
3730,1133.4480000652425,253.4449867139235,10
3731,1133.6952877213566,253.647578832853,10
3732,1134.149320992043,253.89611348040845,10
3733,1134.3428035007826,254.17052791890495,10
3734,1134.5134208509996,254.2208401820174,10
3735,1134.7866093345683,254.2646904261187,10
3736,1135.1329534755173,254.26490598284906,10
3737,1135.358224427052,254.396766926166,10
3738,1135.6284253905,254.71781971628562,10
3739,1135.9021462159458,254.94482365053761,10
3740,1136.2158227551458,255.2461753102481,10
3741,1136.321397184011,255.31840074325865,10
3742,1136.533231651112,255.60284348855026,10
3743,1136.8230836116834,255.84271925887623,10
3744,1136.9318449069337,256.0347088938243,10
3745,1137.3408934079275,256.3446464583716,10
3746,1137.6280189184308,256.5520283399967,10
3747,1137.7743842792536,256.6144079996899,10
3748,1138.0169053851112,256.66523913702963,10
3749,1138.2639356856332,256.88069478756717,10
3750,1138.4971124368553,257.04231732166045,10
3751,1138.824900839817,257.1988736812453,10
3752,1139.1116588116597,257.2024569192685,10
3753,1139.280782241259,257.35533555703023,10
3754,1139.470774680816,257.5958691494139,10
3755,1139.5539490739525,257.6446111159931,10
3756,1139.7611740875266,257.67292243507285,10
3757,1140.0078125245118,257.9794045277669,10
3758,1140.1705249398874,258.2074838514679,10
3759,1140.4983927806852,258.46972168689007,10
3760,1140.8438128775397,258.66535173407505,10
3761,1141.1904244799669,258.94093848457317,10
3762,1141.4562545619428,259.20888329026144,10
3763,1141.6549956587944,259.40523296325085,10
3764,1141.944522856378,259.3906794314333,10
3765,1142.0715026491785,259.3399717140797,10
3766,1142.5651561815864,259.54740130071264,10
3767,1142.7311778623484,259.69911488807645,10
3768,1143.145849804114,259.8164101953031,10
3769,1143.556834515499,259.83599341950327,10
3770,1143.8536820188322,259.9029913714567,10
3771,1144.0675427250353,259.91589794256316,10
3772,1144.3174701426508,260.0298178163948,10
3773,1144.568146537186,259.87985342623546,10
3774,1144.9215282950668,259.93458079622957,10
3775,1145.134084788787,260.02440175097706,10
3776,1145.2872519016194,259.9855122689073,10
3777,1145.4770108019736,260.05309288171253,10
3778,1145.7468240805872,259.95443111100354,10
3779,1145.9134752835778,259.9051531248168,10
3780,1146.1862783565434,259.94894057816094,10
3781,1146.3541912139012,260.07504937934175,10
3782,1146.4177172411148,260.0289916726594,10
3783,1146.4994170604966,259.9446267071055,10
3784,1146.6447135972062,259.94354527569595,10
3785,1146.91443223293,259.98958646402974,10
3786,1147.0810146156962,259.8603349603845,10
3787,1147.3331836639197,259.77426590160167,10
3788,1147.5179634185688,259.6233741045078,10
3789,1147.7479006169674,259.89010387352323,10
3790,1147.8170411587798,259.9601640028083,10
3791,1148.066391809597,260.02495059248696,10
3792,1148.1725578612543,260.12107077959433,10
3793,1148.417733731268,260.3028029469922,10
3794,1148.694388900541,260.4135337753861,10
3795,1148.8826176121474,260.3061974002342,10
3796,1149.2534215524267,260.34325340755277,10
3797,1149.5058194411508,260.4287364601598,10
3798,1149.7148942856868,260.3032738659754,10
3799,1150.1454344557494,260.4678747507566,10
3800,1150.3120824523348,260.48821115229276,10
3801,1150.5274855645475,260.5108628222589,10
3802,1150.9815324422327,260.52115430260477,10
3803,1151.1905185895037,260.3350651007809,10
3804,1151.5035762407965,260.5110461379944,10
3805,1151.7340448894552,260.64737737837993,10
3806,1152.1260750616257,260.6503237205134,10
3807,1152.412039009,260.70767830423154,10
3808,1152.8440434953973,260.7106720203721,10
3809,1153.0888328987637,260.6133478308277,10
3810,1153.4980045309444,260.60738994021114,10
3811,1153.7452946117232,260.4669859271548,10
3812,1154.0719204730754,260.69248427987304,10
3813,1154.47878565593,260.8741323168805,10
3814,1154.7427564157856,261.1680289190544,10
3815,1154.8744076024732,261.26083824423745,10
3816,1155.119816209827,261.25804956673056,10
3817,1155.2254931810778,261.320274348791,10
3818,1155.6413327758805,261.52338656475865,10
3819,1156.0097250057097,261.736444706685,10
3820,1156.4215094305127,261.78038727093093,10
3821,1156.792761366657,261.98440342448134,10
3822,1157.062446306173,262.19543284586206,10
3823,1157.1687210370342,262.1454703467727,10
3824,1157.3175953432599,262.0272162204517,10
3825,1157.4692532179015,262.1913871957454,10
3826,1157.5992663662907,262.25955850011104,10
3827,1157.7254027284184,262.2370912193085,10
3828,1157.7296648774773,262.23641245693017,10
3829,1158.0012644704066,262.35449750605784,10
3830,1158.2333145769555,262.5500865561521,10
3831,1158.4040589866495,262.5723102730143,10
3832,1158.675064180226,262.6141139368633,10
3833,1158.8392978478685,262.7322254616707,10
3834,1159.0438846824698,262.8766591896609,10
3835,1159.2930651234735,263.07034793055016,10
3836,1159.5229608437264,262.9568401674266,10
3837,1159.6969166178592,262.99699781241407,10
3838,1159.9676332956028,262.9991538399373,10
3839,1160.1754714267915,262.98065991603795,10
3840,1160.2283128412794,263.0271760561918,10
3841,1160.429478392825,263.00856612924673,10
3842,1160.6050493053658,263.0006322116472,10
3843,1160.7576758145792,263.0049550931243,10
3844,1160.9702725982465,263.0582469882628,10
3845,1161.3010742380152,263.12361144856897,10
3846,1161.6348399033063,263.1909969499609,10
3847,1161.6865701260772,263.237827108863,10
3848,1161.9318668214091,263.22344641689244,10
3849,1162.283431084195,263.2855156003155,10
3850,1162.51741640904,263.3762415719083,10
3851,1162.7158723622117,263.42240842378,10
3852,1162.7859908913647,263.37652769884096,10
3853,1163.018287779524,263.32640359810193,10
3854,1163.2849045834303,263.39925199995787,10
3855,1163.377998969649,263.385851138585,10
3856,1163.6570484411018,263.38523108155204,10
3857,1164.0065946723084,263.45728824155617,10
3858,1164.361939625966,263.5303880970835,10
3859,1164.5079337598875,263.4598268234839,10
3860,1164.778745737763,263.54074463391777,10
3861,1165.0691699150716,263.51158200354934,10
3862,1165.4779556076792,263.7302239015791,10
3863,1165.768778060576,263.8281848872543,10
3864,1166.2033242664443,264.0204329675002,10
3865,1166.4745375654252,264.1090687091759,10
3866,1166.8047083810889,264.2564423113481,10
3867,1167.2562703436931,264.3220697885006,10
3868,1167.5241136975797,264.24714250489444,10
3869,1167.8763193643067,264.1877061355804,10
3870,1168.1513078094947,264.3143922618796,10
3871,1168.308313417684,264.4168772928963,10
3872,1168.4617493374324,264.4824054797833,10
3873,1168.6702338965238,264.51040256203277,10
3874,1168.997299868559,264.5701934273652,10
3875,1169.3158025141745,264.73086779336313,10
3876,1169.4855905668662,264.85987395966686,10
3877,1169.6814218991567,265.00197248136345,10
3878,1169.767453068539,264.9701873919409,10
3879,1170.0590758560415,265.0362011598227,10
3880,1170.2262852845847,265.0561847349058,10
3881,1170.4168588302032,265.1809592708617,10
3882,1170.4194662017892,265.18135162351007,10
3883,1170.553093511054,265.2483233777193,10
3884,1170.6846116199504,265.36486452835425,10
3885,1170.938281263305,265.57525583579655,10
3886,1171.2987267687524,265.7199376313068,10
3887,1171.510837225091,265.76998533591285,10
3888,1171.8672675283983,266.0435100640695,10
3889,1172.1771002641435,266.1707460931695,10
3890,1172.4284726854185,266.2264017118735,10
3891,1172.518078750655,266.31187500357066,10
3892,1172.605239160511,266.3631337465642,10
3893,1172.8578218379148,266.37195987049415,10
3894,1173.1878072535333,266.33038452158996,10
3895,1173.3557975030367,266.5584243805819,10
3896,1173.6264236861339,266.53310190215166,10
3897,1174.064436747694,266.7459227910856,10
3898,1174.497905142072,266.89325267799603,10
3899,1174.7915377567301,266.8095606741901,10
3900,1175.0563982754848,266.5927043715738,10
3901,1175.3044152522693,266.6901335662561,10
3902,1175.592882285411,266.71142287948345,10
3903,1175.5947107845466,266.71203075915736,10
3904,1175.7346827137833,266.92572315158884,10
3905,1175.7891200293498,266.92936680466,10
3906,1176.033323839249,267.0491110811272,10
3907,1176.2422698024097,267.066258961721,10
3908,1176.488258455676,267.1436810190497,10
3909,1176.650074986256,267.0421534142406,10
3910,1177.006551912009,267.09029479870986,10
3911,1177.2567014926524,267.01432610158116,10
3912,1177.458669911783,266.9016237974474,10
3913,1177.7077141350296,266.9242156165404,10
3914,1177.99904478284,267.0635455016442,10
3915,1178.2479461649043,266.9875700391102,10
3916,1178.4380280234618,267.00737521962986,10
3917,1178.6865940054236,267.2162569743671,10
3918,1178.8553920835213,267.3566945178604,10
3919,1178.9838288664992,267.33071515842977,10
3920,1179.2535435468155,267.41813094826216,10
3921,1179.5012126002437,267.5514471712195,10
3922,1179.6088060589257,267.6296737254198,10
3923,1179.8790193395716,267.70730745959077,10
3924,1179.9128786766075,267.72992688123645,10
3925,1180.0222992989368,267.7020375526879,10
3926,1180.1884483653125,267.6245115619523,10
3927,1180.5154014918803,267.4518936649573,10
3928,1180.762869024427,267.36475875648756,10
3929,1181.0344538047825,267.2738562677365,10
3930,1181.2095934060771,267.20370600296326,10
3931,1181.4402269363484,267.1419099017987,10
3932,1181.526569061213,267.23017707857997,10
3933,1181.6163122287437,267.0998936774503,10
3934,1181.7859659939527,267.2463052136298,10
3935,1181.952306763908,267.1058018031898,10
3936,1182.3029649357602,267.10710183666805,10
3937,1182.3090415992508,267.108833264286,10
3938,1182.3963235778524,267.1957761309079,10
3939,1182.6433709531411,267.14620319361813,10
3940,1182.8136813558147,267.17766416260395,10
3941,1183.0626144411135,267.31418587595124,10
3942,1183.2331783705035,267.45728990366047,10
3943,1183.4407243796672,267.545818775742,10
3944,1183.5858179383783,267.6553017948485,10
3945,1183.778688679819,267.7079528366021,10
3946,1183.9318229591904,267.7196957974176,10
3947,1184.3062461980785,268.0044796962096,10
3948,1184.490775519864,268.07379896360266,10
3949,1184.5147454497876,268.12108145617424,10
3950,1184.6643399374054,268.210657824619,10
3951,1184.7724822896703,268.2042640670981,10
3952,1185.002595298101,268.26291338454297,10
3953,1185.1655260448883,268.29745405533134,10
3954,1185.2709228837184,268.3243347515239,10
3955,1185.6453640118411,268.53204536508633,10
3956,1185.8756391880004,268.5645731342076,10
3957,1186.1861089658462,268.44132331609825,10
3958,1186.501276962037,268.4550904157052,10
3959,1186.7803899362066,268.6021377679807,10
3960,1186.9091297762511,268.51301373904494,10
3961,1187.2247447352925,268.6692637190276,10
3962,1187.3525945027516,268.6479155927327,10
3963,1187.7283551982684,268.7554903971967,10
3964,1188.0007197819489,268.9106918986222,10
3965,1188.234679942968,269.07517091536374,10
3966,1188.4069831618472,269.07095016512534,10
3967,1188.5745993958603,269.07070896908914,10
3968,1188.9022001276494,269.1469915394401,10
3969,1189.1332753512677,269.149125194294,10
3970,1189.4076458573566,269.2250086724476,10
3971,1189.543711683044,269.27985968145254,10
3972,1189.7227079381687,269.19351528608803,10
3973,1189.7923702605806,269.15869439071025,10
3974,1189.9826369420039,269.1568909292672,10
3975,1190.24836967614,269.1048032984899,10
3976,1190.5404969648198,268.95930658674627,10
3977,1190.744987181545,268.8275001991163,10
3978,1190.912088633027,268.7516688365555,10
3979,1191.2031731333332,268.70843792848257,10
3980,1191.3339432103644,268.7303809813183,10
3981,1191.4227332834257,268.69974402543176,10
3982,1191.611118870975,268.5355676089203,10
3983,1191.6619005617117,268.497510282662,10
3984,1191.9689777567066,268.43438590629023,10
3985,1192.3331810520378,268.2823520286058,10
3986,1192.6890708447575,268.10730557403673,10
3987,1192.956523426134,268.0146882646243,10
3988,1193.2447181761925,268.211535254846,10
3989,1193.4766628756827,268.3856431700854,10
3990,1193.787557116179,268.37329136466394,10
3991,1194.1207847239605,268.3985536740422,10
3992,1194.4489124343609,268.49630468019456,10
3993,1194.7404276118464,268.45259315133376,10
3994,1195.0494793242808,268.4114028863193,10
3995,1195.3796311227325,268.2730189102406,10
3996,1195.8662226970523,268.19654720984255,10
3997,1196.2715186593846,268.20602705299785,10
3998,1196.8216858168091,268.05406334553214,10
3999,1197.087467405826,268.1910140786496,10
4000,1197.5375055732686,268.24819693788186,10
4001,1197.9976257570875,268.42772725560275,10
4002,1198.2230591335765,268.1841363235554,10
4003,1198.5720756506776,268.174662320678,10
4004,1199.1824808775316,268.26162510021925,10
4005,1199.4916684610616,268.02115827491076,10
4006,1199.726509517044,268.15459611310234,10
4007,1200.0534316599237,268.06625171265944,10
4008,1200.2844459930034,268.2204130684102,10
4009,1200.5592347749841,268.13557329145254,10
4010,1200.9619319989304,268.07257192655777,10
4011,1201.3320860650324,268.06535333400063,10
4012,1201.5265429101423,267.990138648201,10
4013,1201.9067521450024,268.0009006315205,10
4014,1202.2327954152292,268.11507837119433,10
4015,1202.422365067502,268.14888976581193,10
4016,1202.7338136897274,268.2726266968919,10
4017,1202.820713016205,268.21093709935644,10
4018,1203.0051474889813,268.3149067455497,10
4019,1203.2471699968455,268.22506962445516,10
4020,1203.5542956717395,268.31245475476817,10
4021,1203.8008772576,268.4299222879994,10
4022,1204.044782854708,268.47235499303173,10
4023,1204.347906389747,268.4764817062892,10
4024,1204.6593235302962,268.51955713403447,10
4025,1204.8673932638344,268.6504955127801,10
4026,1205.1412703105407,268.78078042341633,10
4027,1205.3252325528651,268.64734476898934,10
4028,1205.5304881470695,268.5331027776951,10
4029,1205.8202435592789,268.69676103531583,10
4030,1205.92619988776,268.8912426290329,10
4031,1206.1510296105985,268.9357983680503,10
4032,1206.438455725014,269.005740937647,10
4033,1206.7283233877356,269.01725811623214,10
4034,1206.8751773707866,269.01214600463334,10
4035,1207.0783132650356,268.9334381079303,10
4036,1207.184403683296,268.9344020975791,10
4037,1207.5344072453056,268.91460693945317,10
4038,1207.9057870467116,268.8018492370806,10
4039,1208.1955181604117,268.82899378767326,10
4040,1208.4110195564174,268.94224193607107,10
4041,1208.6017521510933,269.08491777927577,10
4042,1208.839700701336,269.2065434540821,10
4043,1209.027829438916,269.32669740630257,10
4044,1209.192330407804,269.230153285921,10
4045,1209.3757488968984,269.10194462219624,10
4046,1209.4594374568655,269.05217787005915,10
4047,1209.566482292293,269.03443121529176,10
4048,1209.657334236455,268.947380138732,10
4049,1209.6674683695708,268.95347813610135,10
4050,1209.6718956015025,268.9534345820933,10
4051,1209.7565647311303,268.9021897780953,10
4052,1209.851799845014,268.83013670575764,10
4053,1210.0368463619357,268.69550248902146,10
4054,1210.2466120745182,268.5612275274899,10
4055,1210.4129302105828,268.5059647397905,10
4056,1210.5951723998028,268.4387301204219,10
4057,1210.76224373628,268.3204634149176,10
4058,1210.824504231649,268.31324225412567,10
4059,1211.1131423062302,268.1636345862602,10
4060,1211.38330561865,268.09110667122775,10
4061,1211.7126323255025,267.9272565124711,10
4062,1212.087475106466,267.7669983237847,10
4063,1212.3150337711882,267.56998196543543,10
4064,1212.62589857519,267.5962751531472,10
4065,1212.9785050317755,267.69415981599246,10
4066,1213.1639857135503,267.53643791980494,10
4067,1213.5120806734028,267.2526319744728,10
4068,1213.8367145419572,267.3881975390505,10
4069,1214.0036569896827,267.51388032099584,10
4070,1214.3524336928476,267.41407376079303,10
4071,1214.6200226187718,267.60033494691476,10
4072,1215.1302352857747,267.5965226751797,10
4073,1215.2585399398056,267.45022976557635,10
4074,1215.5564797089128,267.377317634745,10
4075,1215.6416813207438,267.2432990623855,10
4076,1216.0543519371768,267.0315654116306,10
4077,1216.3011672158393,267.0762319143071,10
4078,1216.4666705120464,267.0193929906063,10
4079,1216.6511013860556,267.03872302954807,10
4080,1216.8829915695683,266.9640105622803,10
4081,1216.968943869004,266.89720675734065,10
4082,1217.2181018200215,266.8331285215408,10
4083,1217.5085199419568,266.7048232465459,10
4084,1217.7148295384468,266.5479772600324,10
4085,1218.0602572980947,266.60229646229476,10
4086,1218.304310533576,266.508987242495,10
4087,1218.8966231479276,266.52716861147786,10
4088,1219.204341805205,266.6360179095879,10
4089,1219.7550305890295,266.7397357206071,10
4090,1220.0048824220453,266.84136701181194,10
4091,1220.2205014655724,267.1005402155658,10
4092,1220.4677051282174,267.194972278762,10
4093,1220.7979312810019,267.465950301109,10
4094,1221.0360221967119,267.56449727478497,10
4095,1221.4444660952904,267.6997513752976,10
4096,1221.760807627394,267.77966318860433,10
4097,1222.049358504238,267.82840468901765,10
4098,1222.2885482102597,268.0686384925603,10
4099,1222.6402845570065,268.2837906623203,10
4100,1222.8717828651368,268.40075192710236,10
4101,1222.9752242017294,268.4275963713671,10
4102,1223.0839835097393,268.3907032956993,10
4103,1223.254149100033,268.33536030841157,10
4104,1223.4619808674263,268.5264266801542,10
4105,1223.6293377011964,268.64074476773266,10
4106,1223.9359129976974,268.79148813931283,10
4107,1224.2058566936194,268.8869643245846,10
4108,1224.3968454746419,269.0284329509371,10
4109,1224.5279698269558,269.18803630915926,10
4110,1224.741615897803,269.3284571308827,10
4111,1224.970237612673,269.27867051932213,10
4112,1225.0806861726237,269.2229249840788,10
4113,1225.3273114389108,269.29937284966957,10
4114,1225.5774976758844,269.3948061186015,10
4115,1225.7421551767302,269.40880765284504,10
4116,1226.1502278697242,269.299087821203,10
4117,1226.3188277054523,269.2250522669992,10
4118,1226.5824271729025,269.0821433547045,10
4119,1226.7142970208286,269.0765301653512,10
4120,1226.803617515921,269.13612585495486,10
4121,1227.0914441469617,268.9447941271097,10
4122,1227.4383103841867,268.80481584755836,10
4123,1227.5848987865234,268.71851381073725,10
4124,1227.7519548992793,268.64789915838463,10
4125,1227.919174147065,268.6201420364489,10
4126,1228.245141888248,268.6339371615674,10
4127,1228.3547469840805,268.66944714843856,10
4128,1228.604285771899,268.6368749338588,10
4129,1228.7698342731164,268.650648612875,10
4130,1229.0377108640255,268.6161445800762,10
4131,1229.1227883643082,268.5704642756641,10
4132,1229.2289361258413,268.53508043748957,10
4133,1229.392940439128,268.70310827138667,10
4134,1229.7140598196033,268.6444778908305,10
4135,1229.8784765900486,268.6380556195523,10
4136,1229.9068081428945,268.62985474698263,10
4137,1230.0114846578558,268.65662291403356,10
4138,1230.3377750178183,268.705156067898,10
4139,1230.5260353559688,268.9539888193384,10
4140,1230.757844641293,268.97932650910843,10
4141,1231.1097180759546,268.97073387104155,10
4142,1231.414735873443,268.90945887227764,10
4143,1231.799578774598,268.6527761278324,10
4144,1231.9443851365438,268.57480771152035,10
4145,1232.271924944181,268.3526919352831,10
4146,1232.7405006886343,268.15957523439204,10
4147,1233.088126261475,268.14958642324837,10
4148,1233.3972033882915,268.15124746693937,10
4149,1233.826760025953,268.00714495309444,10
4150,1234.2585065548933,267.79683886412596,10
4151,1234.6911343662305,267.6923223537181,10
4152,1234.9052393714655,267.7224601494121,10
4153,1235.0124904872278,267.7005158448035,10
4154,1235.0164393132673,267.7019809924541,10
4155,1235.4293600553844,267.6776604799356,10
4156,1235.6977762912888,267.774819300544,10
4157,1236.0281482844255,268.05124052318575,10
4158,1236.2156181322864,268.06264131527075,10
4159,1236.5519696257766,268.3361042288258,10
4160,1236.8214527750492,268.3435986681325,10
4161,1237.2330724055153,268.62127612716125,10
4162,1237.6057993880925,268.63044939863283,10
4163,1237.799326735161,268.81621862887107,10
4164,1238.1051092078744,268.85564284380905,10
4165,1238.271981899143,269.0947047733979,10
4166,1238.5429794326715,269.27523370183974,10
4167,1238.608305789552,269.3188049814598,10
4168,1238.8191387988159,269.4253992184049,10
4169,1238.9056275415721,269.3827746640633,10
4170,1239.1526650799135,269.57804607342894,10
4171,1239.317315318159,269.7067736308607,10
4172,1239.3454407182965,269.6954651864656,10
4173,1239.5900664162823,269.6705515329229,10
4174,1239.9155822803143,269.8213051014721,10
4175,1240.082026008294,270.05883450671695,10
4176,1240.289156599098,270.0543538908061,10
4177,1240.5547558579767,270.2377059279938,10
4178,1240.7454916630188,270.26150041243307,10
4179,1240.7493725091706,270.2590958796552,10
4180,1240.8628898535585,270.32741592899805,10
4181,1241.2405327938018,270.56830675674405,10
4182,1241.5693061652698,270.8459045246169,10
4183,1241.736758065116,271.1033892470145,10
4184,1241.9028872860538,271.23563542666153,10
4185,1242.0362676055124,271.3872908749753,10
4186,1242.1246981044917,271.47037268791667,10
4187,1242.2104996811438,271.55174929968143,10
4188,1242.3299480916935,271.499155095244,10
4189,1242.3341053984752,271.49822362502107,10
4190,1242.500218740513,271.53981063345327,10
4191,1242.529909987486,271.5694598970306,10
4192,1242.7154912151682,271.5108235629523,10
4193,1242.8229435909193,271.59978980815845,10
4194,1242.8280283630593,271.60213524277736,10
4195,1243.1356726838553,271.47560141485724,10
4196,1243.32583881862,271.47346638183865,10
4197,1243.4342708274069,271.4209670709374,10
4198,1243.486651264748,271.43760665096596,10
4199,1243.6592014688913,271.5158570099581,10
4200,1243.8276226784415,271.48551294816235,10
4201,1243.9994015577906,271.53257688382683,10
4202,1244.0454533235018,271.51076221800497,10
4203,1244.1527345452128,271.59227024658435,10
4204,1244.4007463853136,271.626281990138,10
4205,1244.586106440357,271.6576412126474,10
4206,1244.6917284396432,271.5607596876251,10
4207,1244.9400057055975,271.5529395993186,10
4208,1245.1851357815317,271.5925396374236,10
4209,1245.373989355095,271.5870204437986,10
4210,1245.5242130258453,271.76065618547295,10
4211,1245.779344966885,271.71965657839866,10
4212,1245.9391782839705,271.75676521490226,10
4213,1246.1329531450297,271.79842703348805,10
4214,1246.4545124424455,271.61904271776075,10
4215,1246.6511038707745,271.5304360242803,10
4216,1246.881664387934,271.66060811811826,10
4217,1247.1254652517569,271.7060196142742,10
4218,1247.4176891665768,271.8305049701658,10
4219,1247.6097756493589,271.90134159183367,10
4220,1247.7772569987662,271.9247179553156,10
4221,1248.0911527872227,272.24202134321825,10
4222,1248.2660220634418,272.34105171472595,10
4223,1248.3986465548635,272.5188602317503,10
4224,1248.7370785071391,272.83487058871333,10
4225,1248.949879188816,272.9403580682544,10
4226,1249.229150458909,273.14643128756944,10
4227,1249.3985033256752,273.3847713064432,10
4228,1249.5231747219916,273.5356230376214,10
4229,1249.6368052519579,273.6263802179142,10
4230,1249.8039181353563,273.86582308747126,10
4231,1249.8956617298236,273.94835263478706,10
4232,1249.9813269154986,274.01280601461855,10
4233,1250.0638439767688,274.00817646647016,10
4234,1250.3108853062272,274.2420213926172,10
4235,1250.642691830767,274.43044436672255,10
4236,1250.851445279171,274.64473173414024,10
4237,1250.9366006018654,274.8194999644341,10
4238,1251.1622124198916,274.5680910471643,10
4239,1251.4998827760455,274.5820923488415,10
4240,1251.7081428449087,274.55701124141206,10
4241,1251.9608900648993,274.52734310428065,10
4242,1252.1524120243068,274.50689590027844,10
4243,1252.3987709391204,274.2555903403507,10
4244,1252.607779898363,274.423025231295,10
4245,1252.9196038710975,274.42665727061245,10
4246,1253.106269090763,274.3534750252226,10
4247,1253.2923193265422,274.3077455069175,10
4248,1253.5246049198845,274.42259316847736,10
4249,1253.835500175636,274.6611181389059,10
4250,1253.9646288003864,274.7621241185651,10
4251,1254.3196959862028,274.7755363642155,10
4252,1254.8360254480192,274.81927972894306,10
4253,1255.1090939124715,274.77294703305023,10
4254,1255.3989530226766,274.79075600113634,10
4255,1255.4273080727392,274.7997633769326,10
4256,1255.635575421322,274.9305122738395,10
4257,1256.0053794732744,274.99991954623283,10
4258,1256.4243587382534,275.1540839373284,10
4259,1256.493714321412,275.1526215743839,10
4260,1256.7398008058803,275.2390156107496,10
4261,1256.9846794900873,275.36492120735085,10
4262,1257.2166091427696,275.5599793253873,10
4263,1257.4649614885152,275.68795201255426,10
4264,1257.6272672095515,275.5976423629326,10
4265,1257.935655697091,275.61718793157246,10
4266,1258.3028858253472,275.7173268878753,10
4267,1258.4104253353867,275.90466497522635,10
4268,1258.6841513578916,276.05696834119357,10
4269,1258.894944143597,276.10031314208913,10
4270,1259.2864440058622,276.2951617649703,10
4271,1259.3725579321547,276.36133323821775,10
4272,1259.619816889713,276.48287459343874,10
4273,1259.8273607525857,276.5599324991066,10
4274,1260.160415211721,276.4652067890058,10
4275,1260.3251967946965,276.6740111820796,10
4276,1260.5089575196594,276.87315858900473,10
4277,1260.758494073279,277.0893896691159,10
4278,1261.010024533824,277.3785874911039,10
4279,1261.201027165998,277.57278503710575,10
4280,1261.4800082242623,277.7803109203093,10
4281,1261.7287857169472,278.07079074192507,10
4282,1261.8970420083692,278.1129025320847,10
4283,1262.0162057434716,278.1887129730898,10
4284,1262.1886538751357,278.44410977232354,10
4285,1262.596912352585,278.6517386838581,10
4286,1262.7581644930822,278.6440603164035,10
4287,1262.9304218290417,278.81261001408535,10
4288,1263.1053479855937,279.0779820268937,10
4289,1263.435684387909,279.0769943943164,10
4290,1263.7472179593308,279.1862136914381,10
4291,1264.0631499231934,279.1440613394295,10
4292,1264.4100286476726,279.1350817834718,10
4293,1264.683282832369,279.2022469440347,10
4294,1265.0110974675868,279.2544606585584,10
4295,1265.123395312031,279.36506009442263,10
4296,1265.2526619184239,279.44403639020095,10
4297,1265.4480687680807,279.47889585665143,10
4298,1265.714634218066,279.44013137673585,10
4299,1265.9211086707185,279.4699463261815,10
4300,1266.1266065093528,279.4786672116694,10
4301,1266.295408071806,279.46926703571495,10
4302,1266.4861488920585,279.4692851331208,10
4303,1266.5803846403082,279.51054639715625,10
4304,1266.836423298512,279.47551225529276,10
4305,1267.106187105443,279.42635695213374,10
4306,1267.2969607959787,279.4845238015693,10
4307,1267.424767469441,279.3506214539495,10
4308,1267.508075825591,279.3453437534935,10
4309,1267.6322667578593,279.4329527224304,10
4310,1267.8647582119625,279.257749201535,10
4311,1268.2221532956337,279.4872855559387,10
4312,1268.4940500334003,279.54592108340876,10
4313,1268.7946356111765,279.7788006112396,10
4314,1269.0822788859691,279.7505379883528,10
4315,1269.3272315218112,279.74223910985876,10
4316,1269.5167889583959,279.88293879148983,10
4317,1269.6832248737458,280.01358682565785,10
4318,1269.7697304179515,280.0966613229274,10
4319,1270.0951302233193,280.3330222642105,10
4320,1270.2018453311407,280.42505412570364,10
4321,1270.3679226508161,280.5604071919531,10
4322,1270.4492104153435,280.596962474528,10
4323,1270.4762181664892,280.5869836582478,10
4324,1270.685583249075,280.82260756339144,10
4325,1270.9965147929734,280.67670217852447,10
4326,1271.263466135233,280.7459286081569,10
4327,1271.4262486982002,280.73707763194227,10
4328,1271.6110271073924,280.69627914768444,10
4329,1271.7821805279066,280.5292003073725,10
4330,1272.1059166072932,280.57144582715057,10
4331,1272.539943232526,280.63865660378997,10
4332,1272.9500811392404,280.5015404643083,10
4333,1273.3687519334992,280.6308130421403,10
4334,1273.7824931356677,280.75353610963407,10
4335,1274.1381030810103,280.6269716414623,10
4336,1274.3830154187192,280.66869736755325,10
4337,1274.6519844189713,280.77637915601474,10
4338,1274.9777206104286,280.81652599809837,10
4339,1275.3258964776173,280.72502321654196,10
4340,1275.4913471598811,280.84469969323476,10
4341,1275.5768896599989,280.8812435918021,10
4342,1275.8685112749681,281.14033142912285,10
4343,1276.137484826876,281.2270426600738,10
4344,1276.1674364477153,281.20173038243234,10
4345,1276.4945171408888,281.2591196114094,10
4346,1276.7699767295426,281.55594207996484,10
4347,1276.8607557484415,281.6387565506373,10
4348,1276.9456556568562,281.8144100168984,10
4349,1277.3184505372933,282.03042922379996,10
4350,1277.5905112070163,282.21517831765624,10
4351,1277.6628349359148,282.26619547298793,10
4352,1277.9600783603803,282.4235583552749,10
4353,1278.1717238593592,282.48564065668336,10
4354,1278.2818082850904,282.67130773474713,10
4355,1278.5356608085478,282.7383915389859,10
4356,1278.7667143757503,282.8395243879288,10
4357,1279.0172481392835,282.8880869743387,10
4358,1279.18678349286,283.0078772003854,10
4359,1279.4281936300627,282.8724010352536,10
4360,1279.63957799447,282.8231732518082,10
4361,1279.8874035750882,282.7342243812268,10
4362,1280.174375960178,282.91389632416156,10
4363,1280.5855674447523,283.06306850934806,10
4364,1280.8798083217796,283.13391188253826,10
4365,1281.0549262835093,283.259670014683,10
4366,1281.2851909561903,283.3924529385973,10
4367,1281.5519472182027,283.4281568055582,10
4368,1281.7395881909497,283.3402570314786,10
4369,1281.8218376841926,283.2974205757396,10
4370,1282.0077130428137,283.1233549712304,10
4371,1282.2616314460813,283.12695438046245,10
4372,1282.5155327141204,283.21941607370445,10
4373,1282.6080951666647,283.39871528028976,10
4374,1282.7919681857002,283.35845597742536,10
4375,1282.8727277476437,283.3120558056102,10
4376,1283.037348158949,283.44390022927945,10
4377,1283.1219561314126,283.31830992348443,10
4378,1283.2301636687978,283.2843474719803,10
4379,1283.3401330906481,283.26125320424734,10
4380,1283.5069439356973,283.1721425345333,10
4381,1283.6152026373322,283.2261766032939,10
4382,1283.7476245932144,283.2114294900232,10
4383,1283.7954982923502,283.24482133888034,10
4384,1283.8016574636063,283.2454504865241,10
4385,1283.9742968719197,283.2485720822307,10
4386,1284.0210089333282,283.2815029823988,10
4387,1284.2371179112615,283.2645285189408,10
4388,1284.35044997773,283.2147382651081,10
4389,1284.5107050007769,283.25044121617657,10
4390,1284.6488292976226,283.3116499373816,10
4391,1284.8550376675582,283.2721747777464,10
4392,1285.12608158912,283.35884886810675,10
4393,1285.3125087056192,283.4079229089388,10
4394,1285.4216351071202,283.38107595783737,10
4395,1285.5530336512709,283.42965835698686,10
4396,1285.7176341461848,283.48582773499766,10
4397,1285.8844606827463,283.43451969045185,10
4398,1285.9092204578496,283.43323637908867,10
4399,1285.990859531192,283.47240877565787,10
4400,1286.0163108441589,283.4592169088565,10
4401,1286.3065063318834,283.4914807686205,10
4402,1286.456663446598,283.55239785205845,10
4403,1286.79512947368,283.7655846024304,10
4404,1287.125417976807,283.9856774363364,10
4405,1287.3536906870872,284.00703502082496,10
4406,1287.624014998875,284.1715390205667,10
4407,1287.890917303494,284.16730277211246,10
4408,1288.0779705950176,284.07586908471393,10
4409,1288.2211302257415,284.0803221195297,10
4410,1288.4073825925657,284.0990695779041,10
4411,1288.698205858364,284.1140880027286,10
4412,1288.8293598232185,284.10176363288167,10
4413,1289.0523075509595,284.06455041499726,10
4414,1289.0806198308364,284.03651929707513,10
4415,1289.3310637416218,283.9911819811124,10
4416,1289.4383006954965,284.02410958493346,10
4417,1289.5911850139078,283.93630468523503,10
4418,1289.702793634242,283.987985384487,10
4419,1289.9752018813929,283.9959682988206,10
4420,1290.211517452211,283.9589857671682,10
4421,1290.3812325821214,283.9979924045206,10
4422,1290.614401209671,284.0077860775667,10
4423,1290.8444609203605,284.0985286153249,10
4424,1291.0716678574386,284.06515805458207,10
4425,1291.2989449774673,284.1402259622466,10
4426,1291.485944318631,284.1264438647759,10
4427,1291.7742772261868,284.0479353088191,10
4428,1291.9754735360018,283.984344724662,10
4429,1292.1725723236639,284.09525865335996,10
4430,1292.1992390381577,284.0821873986959,10
4431,1292.3210715152081,284.13144489194565,10
4432,1292.4436886693472,284.2071438544238,10
4433,1292.6334068463934,284.20825199523784,10
4434,1292.9575610901038,284.0680582458757,10
4435,1293.208944465296,284.0603438924551,10
4436,1293.5339993855127,284.0899969396063,10
4437,1293.7861683093347,284.09218789512033,10
4438,1293.9294254250985,284.0959472070634,10
4439,1294.0379379405663,284.09158844569134,10
4440,1294.2315163399585,284.0453162220608,10
4441,1294.3170668196856,284.0019326013515,10
4442,1294.4901644989081,284.064770718043,10
4443,1294.5407520238966,284.10190273610647,10
4444,1294.6905131317092,284.1651747375419,10
4445,1294.9037451468898,284.23371575620394,10
4446,1295.117990867413,284.38233091176403,10
4447,1295.4392669988426,284.54530907518637,10
4448,1295.5265306003305,284.61498086559095,10
4449,1295.8365852138336,284.83288044873615,10
4450,1295.9715842186747,284.89112040425886,10
4451,1296.1815128825972,284.93243395836953,10
4452,1296.4517304392957,284.88177692746285,10
4453,1296.6891561826658,284.8886662414618,10
4454,1296.8748911790842,284.9341432476682,10
4455,1296.9228992370452,284.9420440417395,10
4456,1297.2141302865057,285.00008899297535,10
4457,1297.309002334295,284.9573529781903,10
4458,1297.3948760805229,285.00321707331204,10
4459,1297.6049358410687,285.194635476357,10
4460,1297.9107261321763,285.33429158370444,10
4461,1298.1703097442821,285.473654263764,10
4462,1298.4069001462512,285.3566875853108,10
4463,1298.5150392127853,285.30090296725575,10
4464,1298.6644862884245,285.22254436355644,10
4465,1298.8919020712901,285.17299287337437,10
4466,1299.137905813615,285.1351290942638,10
4467,1299.2471881473045,285.2011346310644,10
4468,1299.4082844483512,285.1178727548019,10
4469,1299.6746635773857,285.3181039159551,10
4470,1299.7816358935584,285.35080952759677,10
4471,1299.9415599700462,285.35012844156927,10
4472,1300.0870568200676,285.31660620087416,10
4473,1300.3140945932555,285.2428115380754,10
4474,1300.6001725602696,285.2862976497231,10
4475,1300.7210682065484,285.3085978985359,10
4476,1300.766807769389,285.2871186321623,10
4477,1300.9301814112853,285.20326475483006,10
4478,1301.0179688697465,285.11431597261304,10
4479,1301.1785558553174,285.0684490720122,10
4480,1301.2879417540262,284.9933415748989,10
4481,1301.4691483535946,284.9865315662572,10
4482,1301.7104691887193,284.9498256927512,10
4483,1301.8718768484619,284.8660774256884,10
4484,1302.0365009809339,284.8787088662147,10
4485,1302.1398125765845,284.9163391495146,10
4486,1302.1677274223575,284.9020953679519,10
4487,1302.329720308463,284.90411639658754,10
4488,1302.4116457396262,284.86403584144733,10
4489,1302.6515226826946,284.82768631226236,10
4490,1302.8114545077033,284.7461346483505,10
4491,1302.898764935682,284.70604934096747,10
4492,1303.2234678798836,284.5228546122693,10
4493,1303.4658413652164,284.3495924466918,10
4494,1303.6473403259854,284.2944382817059,10
4495,1303.7565205264425,284.3147136595547,10
4496,1303.8846839116466,284.258696447149,10
4497,1304.0149113134964,284.18515780664416,10
4498,1304.1971523922189,284.04913527814267,10
4499,1304.2468271252048,284.04312991241824,10
4500,1304.4316303523847,283.9018908780788,10
4501,1304.585772864843,283.89763590965117,10
4502,1304.7505730187277,283.9783502160575,10
4503,1304.8353828775228,284.1505960457686,10
4504,1305.098035028148,284.26946696658547,10
4505,1305.2024184269803,284.43305177924174,10
4506,1305.4309988261818,284.5255703069586,10
4507,1305.5144749555325,284.4878886338988,10
4508,1305.5988766337969,284.3980511964013,10
4509,1305.7647315688173,284.48150344402063,10
4510,1305.7676810444236,284.48388875936683,10
4511,1305.990299499883,284.44763788743415,10
4512,1306.1352047801806,284.3321202433428,10
4513,1306.3004163611645,284.2479584495721,10
4514,1306.5110335350437,284.4262554050502,10
4515,1306.5966922963523,284.4768915637639,10
4516,1306.7053589166428,284.33280337711034,10
4517,1306.9760747593514,284.42681764457234,10
4518,1307.2427942353322,284.70172757471397,10
4519,1307.5296726156887,284.6577321850465,10
4520,1307.8773688010808,284.7987571023392,10
4521,1308.2638341059974,284.7880153174168,10
4522,1308.5335646114695,285.0009996259636,10
4523,1308.8026240678205,285.0864851498283,10
4524,1309.0961249586649,284.9829417642866,10
4525,1309.4248690773159,285.05902745216235,10
4526,1309.5530490079386,285.070865458018,10
4527,1309.648004917227,285.0348311884517,10
4528,1309.902301442065,285.1299772889283,10
4529,1310.2341355712404,285.2634838632647,10
4530,1310.7021080191228,285.20376020168374,10
4531,1310.8922749498759,285.45108538149157,10
4532,1311.0781423344422,285.62835348225997,10
4533,1311.2922316547913,285.8336874366795,10
4534,1311.5889415578956,285.90870739764466,10
4535,1311.8852508026862,286.1580847232205,10
4536,1312.0790135555262,286.3172711265063,10
4537,1312.3704795362648,286.42755153723226,10
4538,1312.6831360470514,286.4890179253819,10
4539,1312.9415073071766,286.6981323505922,10
4540,1313.128008891453,286.7977319830324,10
4541,1313.1996549158516,286.7463058553225,10
4542,1313.6060082770625,286.85666342498666,10
4543,1313.7381758921088,286.9918912886017,10
4544,1314.0292529014419,287.02619785843007,10
4545,1314.1529256759732,287.13535257711015,10
4546,1314.2823102714644,287.065450929103,10
4547,1314.369333842968,287.12707252646027,10
4548,1314.3969169827335,287.1241102624683,10
4549,1314.464935215024,287.16276021203305,10
4550,1314.676657321619,287.2320713903171,10
4551,1314.7830673078045,287.3429105029598,10
4552,1314.9107195213749,287.4127449577516,10
4553,1315.173999399875,287.4069061636023,10
4554,1315.382988281528,287.3604672042163,10
4555,1315.6528946368885,287.6336335585516,10
4556,1315.8848740720875,287.73572410881474,10
4557,1315.968057669084,287.78349087040783,10
4558,1316.1348606186195,287.84055127252225,10
4559,1316.3221185198968,287.7633226280542,10
4560,1316.5275420871408,287.96132040010497,10
4561,1316.6161155153145,287.95167571899833,10
4562,1316.7615775190502,287.9434098363605,10
4563,1316.866126310003,287.82925504566765,10
4564,1316.950712404528,287.70336753978205,10
4565,1317.115202565378,287.927680291969,10
4566,1317.3866591510473,288.0434045021498,10
4567,1317.5543956721908,288.26568768884766,10
4568,1317.7199278875066,288.4873458019752,10
4569,1317.903593124914,288.3629496667896,10
4570,1318.1672306835296,288.29043156065535,10
4571,1318.333359376344,288.3707839170786,10
4572,1318.5628714338377,288.2521161952739,10
4573,1318.6907950996358,288.249673946257,10
4574,1318.9760292592284,288.17141454682576,10
4575,1319.2888425064796,288.1921189990633,10
4576,1319.4758868760505,288.12381505145703,10
4577,1319.8622400578822,288.0994381374025,10
4578,1320.084872064078,287.99351816281916,10
4579,1320.3085955273687,288.18731551286703,10
4580,1320.5113240928379,288.1278957953073,10
4581,1320.8395053955614,287.9046971479112,10
4582,1321.148445464721,288.10266265905216,10
4583,1321.4587227178965,288.25738412391206,10
4584,1321.6908185669818,288.5044264801871,10
4585,1321.8030245625068,288.40313420851123,10
4586,1322.114580489186,288.5294588458065,10
4587,1322.3208064923888,288.63618253527306,10
4588,1322.4854473039222,288.59738302302117,10
4589,1322.7920602510512,288.68276589979286,10
4590,1323.036600042921,288.72191343548695,10
4591,1323.223275138775,288.79491049980044,10
4592,1323.387837180179,288.7577376038255,10
4593,1323.540705546787,288.90165464252925,10
4594,1323.7776103709368,288.9709684251378,10
4595,1324.0731888764983,289.2679027152056,10
4596,1324.301974862649,289.3988566870546,10
4597,1324.4712829489952,289.6510114224731,10
4598,1324.7458636076215,289.79828171296225,10
4599,1324.9356217158127,289.8344637151774,10
4600,1325.2091561920088,289.6829389960919,10
4601,1325.4387843686904,289.7897433996079,10
4602,1325.658002401087,289.9450440609934,10
4603,1325.8150732116276,289.90915998969024,10
4604,1326.12382105476,289.91472701198273,10
4605,1326.3695913639556,290.13241120844793,10
4606,1326.479276667947,290.1979748589586,10
4607,1326.755873900293,290.3417544688499,10
4608,1327.165173085021,290.28416461352003,10
4609,1327.3922956508745,290.19751794246656,10
4610,1327.681363692304,290.30583417770555,10
4611,1327.9856304293276,290.1970015919765,10
4612,1328.2547990751782,290.26938701003337,10
4613,1328.5309634875823,290.43435342935294,10
4614,1328.5338921498767,290.43314888046854,10
4615,1328.7226517006995,290.57057840179425,10
4616,1328.7509310051998,290.6157231139715,10
4617,1328.9140917853367,290.49297831912514,10
4618,1329.0391273873965,290.42099044324556,10
4619,1329.2044642067103,290.4645117021936,10
4620,1329.5531131978319,290.4258433430156,10
4621,1329.7822915443892,290.45958890757385,10
4622,1330.1181947609934,290.67992816908634,10
4623,1330.2704839298763,290.8093548157133,10
4624,1330.7247200973336,290.97936272806476,10
4625,1330.9211279570002,290.98478926250317,10
4626,1331.1894440400733,291.0744954749638,10
4627,1331.4178586185703,291.2318721186165,10
4628,1331.6756102605605,291.4588082806893,10
4629,1331.8675405954332,291.7109169867657,10
4630,1331.9694892649336,291.6130131519911,10
4631,1332.1633130335917,291.5441302006106,10
4632,1332.5125757531575,291.7072754121625,10
4633,1332.6389290320171,291.62789720748606,10
4634,1333.050838877404,291.79208075591833,10
4635,1333.5399444062969,291.8654353411314,10
4636,1333.6857557568442,292.00996926233097,10
4637,1333.7941722645758,292.0880874178903,10
4638,1334.0665465313664,292.28601017951047,10
4639,1334.2985216244456,292.4959246051431,10
4640,1334.568841780016,292.7272288102038,10
4641,1334.9259370934144,292.93087667080357,10
4642,1334.999760744346,292.98037659192113,10
4643,1335.1889756602181,292.93449022672115,10
4644,1335.3772865787914,293.18379708237353,10
4645,1335.5290640470246,293.27834591650236,10
4646,1335.762051145985,293.3893888787069,10
4647,1335.9540946138316,293.5374091109885,10
4648,1336.0833392717216,293.6910176024716,10
4649,1336.2725341342489,293.5543664734186,10
4650,1336.5853860019815,293.64891992370434,10
4651,1336.8576734577027,293.686093830157,10
4652,1337.0514040624207,293.803019486329,10
4653,1337.3264545590794,293.96362369949736,10
4654,1337.6571871226463,294.10014714208506,10
4655,1337.8889042205951,294.19130634739366,10
4656,1338.1003538480968,294.4413282795836,10
4657,1338.2671785620337,294.53162959907064,10
4658,1338.48131399494,294.67116585086706,10
4659,1338.769231882638,294.71234093298034,10
4660,1339.1807000089289,294.9426427674365,10
4661,1339.2692243749257,295.0219052880361,10
4662,1339.4354600164556,295.1583886850309,10
4663,1339.5441907976794,295.22698620678153,10
4664,1339.651402116475,295.392056302129,10
4665,1339.782967478288,295.4762928362799,10
4666,1340.056605742353,295.710396497882,10
4667,1340.4306348758125,295.9093027067339,10
4668,1340.643227946544,296.0688118856775,10
4669,1340.7296818543966,296.0290225059572,10
4670,1340.8750825283607,295.948535541669,10
4671,1341.207507142036,296.11582251727066,10
4672,1341.2932443826253,296.1980201716526,10
4673,1341.549993552022,296.4414197982701,10
4674,1341.617291646467,296.4131937369258,10
4675,1341.9096770673968,296.45864193797104,10
4676,1342.1192300271232,296.5113335809239,10
4677,1342.4941737752513,296.5186947947066,10
4678,1342.624279379001,296.43614093282065,10
4679,1342.8958878935946,296.5147981006728,10
4680,1343.0463462680457,296.7057709451186,10
4681,1343.3409358791002,296.72213553206217,10
4682,1343.6127123115089,296.73204643357974,10
4683,1343.8223637241106,296.651342112972,10
4684,1344.013106789988,296.6155625871604,10
4685,1344.272268124218,296.568011913794,10
4686,1344.4276564652266,296.5379429868365,10
4687,1344.6585430398081,296.5180659820039,10
4688,1344.763665323228,296.4822441711109,10
4689,1344.9287735510504,296.3496860606908,10
4690,1345.0809361280037,296.23539368086887,10
4691,1345.3483201986116,296.2425590650515,10
4692,1345.5041791436574,296.1856110898675,10
4693,1345.7987191005438,296.37272445723795,10
4694,1346.1950952478678,296.31680498311925,10
4695,1346.62718802701,296.481401981738,10
4696,1346.803249261282,296.37515639744953,10
4697,1346.9565550439652,296.3140169150511,10
4698,1347.2482106454122,296.41651321599346,10
4699,1347.5994547414919,296.55237273326367,10
4700,1347.8157868679257,296.52844397931955,10
4701,1347.892878257799,296.5016929064208,10
4702,1348.1673974567736,296.50000159847326,10
4703,1348.4419626924064,296.63860933251283,10
4704,1348.6654677146819,296.5049616625526,10
4705,1348.912815029801,296.6294996392405,10
4706,1349.1431407611967,296.72337218445716,10
4707,1349.494418390876,296.625422064426,10
4708,1349.682023105806,296.5235658711013,10
4709,1349.9489287152041,296.59608948712236,10
4710,1350.195993015851,296.641361085987,10
4711,1350.34501822044,296.6914384219117,10
4712,1350.6348619874843,296.8339674456706,10
4713,1350.7966431490763,296.8312447496421,10
4714,1351.0850621148259,296.7950411361477,10
4715,1351.3538323893924,296.7836292070582,10
4716,1351.583530867613,296.68447481078704,10
4717,1352.0345105544845,296.77312235084594,10
4718,1352.2887852612007,297.03565551095005,10
4719,1352.500118992484,297.0445748462291,10
4720,1352.7679899747648,297.00413180630443,10
4721,1353.076432121849,296.89047054850596,10
4722,1353.260817923685,296.75243969580515,10
4723,1353.5118280702072,296.9796376752599,10
4724,1353.784073842992,296.92853506993254,10
4725,1354.190259961718,296.98780036758137,10
4726,1354.3588523288433,297.25107102226326,10
4727,1354.6473815975194,297.0730026143024,10
4728,1354.7984595404228,297.03790496682075,10
4729,1355.0671977394322,296.9610592787718,10
4730,1355.2326880968787,296.8081597720042,10
4731,1355.5422993572279,296.6365805092484,10
4732,1355.9921529304156,296.5233367207664,10
4733,1356.3833880950997,296.33191190761113,10
4734,1356.6588550659465,296.43747627930355,10
4735,1357.0933640822007,296.4223911743692,10
4736,1357.1789478676667,296.4066947550446,10
4737,1357.3699554520456,296.219251381883,10
4738,1357.7759987449415,296.29996819029367,10
4739,1358.146892639084,296.4909765244374,10
4740,1358.3559288671129,296.45094478579523,10
4741,1358.5667306230007,296.37274848019257,10
4742,1358.7308232440414,296.5142184875197,10
4743,1358.8697975466378,296.7060152402149,10
4744,1359.1209596497927,296.8162976381769,10
4745,1359.3948855130498,296.948421982036,10
4746,1359.7110529539511,297.1750584642431,10
4747,1360.03151735263,297.4107997991061,10
4748,1360.2847084369796,297.58584024657216,10
4749,1360.556440518831,297.5753274317289,10
4750,1360.9315712677258,297.7575328409736,10
4751,1361.3005132066178,297.79475730388697,10
4752,1361.6747402296928,297.88232248292695,10
4753,1361.976030168435,298.0452555557893,10
4754,1362.269950398013,298.3019709746483,10
4755,1362.4222328366634,298.2526305116711,10
4756,1362.5956826035472,298.4230429638335,10
4757,1362.8634590682584,298.26250553103495,10
4758,1363.0708323965616,298.3044234030601,10
4759,1363.3431007427455,298.195847195038,10
4760,1363.4257133328879,298.24363315635804,10
4761,1363.635643133725,298.0826765856353,10
4762,1363.8850517315288,298.19357423560007,10
4763,1364.2325794654944,298.1684100433464,10
4764,1364.6386707472138,298.1852890759065,10
4765,1364.9318538502962,298.22213959632677,10
4766,1365.209058418076,298.2467880465197,10
4767,1365.2988725377047,298.1139847498296,10
4768,1365.4883379914813,298.11226543375824,10
4769,1365.5660420888928,298.10674282925515,10
4770,1365.7770893523102,298.0603595295752,10
4771,1365.9141746136386,297.97098144450166,10
4772,1366.1828023381668,297.8824433149942,10
4773,1366.497075847846,297.87742846022303,10
4774,1366.569470473465,297.9057773871278,10
4775,1366.748601957054,297.9356706158665,10
4776,1367.1235762171473,297.9263535379677,10
4777,1367.2751698009756,297.9530431575295,10
4778,1367.322819411797,297.92947475879316,10
4779,1367.5776566007044,298.06876626211357,10
4780,1367.8244499299497,298.155285962292,10
4781,1367.994380952512,298.11225382512094,10
4782,1368.261271606642,298.0425343189966,10
4783,1368.4242742662946,297.8998415713702,10
4784,1368.5490003002697,297.94561876714926,10
4785,1368.8334819432441,298.0020229800741,10
4786,1369.1055344359042,298.15247285167055,10
4787,1369.3573756508627,298.1269597569933,10
4788,1369.5289724766867,297.9885131923691,10
4789,1369.7754227954033,297.9615805773487,10
4790,1369.9229944891588,297.87341613738687,10
4791,1370.1547344482094,298.04965126015765,10
4792,1370.368851992353,298.03107723818084,10
4793,1370.7478583487177,298.24333494702364,10
4794,1371.1041746956123,298.552064167133,10
4795,1371.4312613953002,298.6213802217418,10
4796,1371.597764960901,298.673324644159,10
4797,1371.7873925315143,298.6329675750362,10
4798,1372.0371943686364,298.6936150371653,10
4799,1372.2883550532922,298.8568970828206,10
4800,1372.6187090785227,298.9602410397932,10
4801,1372.7799883917983,298.9734067590385,10
4802,1373.1082428693958,299.1237179999905,10
4803,1373.6024465929172,299.32518686945895,10
4804,1373.7684316284808,299.37942446416304,10
4805,1374.0139445672921,299.57015185879095,10
4806,1374.118155717481,299.7377639012647,10
4807,1374.4678895566572,299.90425779326455,10
4808,1374.7743401157527,299.7694106387561,10
4809,1374.9265010544327,299.74145605178876,10
4810,1375.2394978894229,299.9865893511665,10
4811,1375.712082650926,300.03358438486873,10
4812,1376.0647733843373,299.9925333245593,10
4813,1376.4929174550805,299.9837965569099,10
4814,1376.6860689609684,300.08911343040637,10
4815,1377.0764224857487,300.33922065498587,10
4816,1377.7670958889653,300.4276075419885,10
4817,1378.1730485979028,300.37109840923523,10
4818,1378.5107501973516,300.3912540991079,10
4819,1378.7973344024572,300.2381934102401,10
4820,1379.166240721616,300.13721355349287,10
4821,1379.5953363623041,299.9106331447979,10
4822,1379.9645904992472,299.81100289285206,10
4823,1380.2109470522664,299.8182351169593,10
4824,1380.558220322029,299.9267226065321,10
4825,1380.7728386692465,300.01340018482097,10
4826,1380.999138026632,299.83957797078733,10
4827,1381.3908491263821,299.84037805386214,10
4828,1381.6831359243952,299.7830924432183,10
4829,1382.0713676307998,299.7450068048978,10
4830,1382.3387740194084,299.74516770061047,10
4831,1382.68381689236,299.64290088609835,10
4832,1383.1356499050917,299.5463967038184,10
4833,1383.2871420164952,299.43376468640264,10
4834,1383.5023609444142,299.6589458759994,10
4835,1383.8180624120596,299.8792600689176,10
4836,1383.9741959537216,299.98166848869744,10
4837,1384.2898914233986,300.11333255155336,10
4838,1384.7218962796294,299.9855181461285,10
4839,1385.0940248159552,300.15893071230937,10
4840,1385.4281817664005,300.22375204246896,10
4841,1385.6128026416104,300.12517659048495,10
4842,1385.8231101038205,300.00165914490003,10
4843,1385.9501513127054,300.09756414903023,10
4844,1386.157503193714,299.9710843516798,10
4845,1386.388498390717,300.0081619241104,10
4846,1386.514687713092,299.93446608869425,10
4847,1386.8851096417443,299.9308921160746,10
4848,1387.2560743983543,299.98277678189163,10
4849,1387.6079030205253,299.76758947898037,10
4850,1387.8943468766695,299.60577285200225,10
4851,1388.0784970777663,299.63264963428605,10
4852,1388.4287781838298,299.4495545853399,10
4853,1388.7576957318984,299.37139941974976,10
4854,1389.1298159716569,299.1054722481371,10
4855,1389.2340764357032,299.2021641882329,10
4856,1389.555633886155,299.2560138778543,10
4857,1389.7445774413711,299.28511285832906,10
4858,1390.1525728483698,299.3904446383656,10
4859,1390.3806195089492,299.48617499914286,10
4860,1390.5056427875525,299.48472458642823,10
4861,1390.6971114332714,299.72601609214206,10
4862,1390.8117275393706,299.7477927406931,10
4863,1391.0840568462168,299.84309565944665,10
4864,1391.314072171508,299.97248854328876,10
4865,1391.501596925446,300.10514649604255,10
4866,1391.6286546912006,300.22204444891673,10
4867,1391.877895501281,300.53542482027143,10
4868,1392.049505731268,300.7986102555929,10
4869,1392.26133696644,300.9284518309647,10
4870,1392.4945053535262,301.18850041311373,10
4871,1392.6211818407542,301.201405263489,10
4872,1392.876621055189,301.2204110826383,10
4873,1393.0666345392376,301.2201843982817,10
4874,1393.3967585769728,301.22271407117563,10
4875,1393.645775720463,301.54114802542006,10
4876,1393.8722628185967,301.6710314295452,10
4877,1393.961209446435,301.76192251982445,10
4878,1394.1347262040078,301.97442214670883,10
4879,1394.3629191526231,302.0193738115293,10
4880,1394.4271785236708,302.0594498803494,10
4881,1394.5931407027506,302.06511120641466,10
4882,1394.5951476088464,302.065059304575,10
4883,1394.7469247953745,302.0211391433447,10
4884,1395.0215289563585,302.1993444032958,10
4885,1395.1929551924115,302.20525313718764,10
4886,1395.388899005613,302.39763914464515,10
4887,1395.5803260987916,302.5902131839393,10
4888,1395.8554947399218,302.5548929445659,10
4889,1395.9874527644665,302.676524377136,10
4890,1396.0780500251262,302.6820463915515,10
4891,1396.228915227358,302.5809159735451,10
4892,1396.3829311431684,302.61359826430066,10
4893,1396.7536795686588,302.7752629976559,10
4894,1397.0795920137937,302.91033211668775,10
4895,1397.3247497004143,303.08846201175265,10
4896,1397.4555274657548,303.1486817307159,10
4897,1397.726032825445,303.30562587950186,10
4898,1397.8304637231954,303.26905870008744,10
4899,1398.0184127187563,303.32698494416456,10
4900,1398.122645190866,303.2574648276492,10
4901,1398.4088329902254,303.214436985722,10
4902,1398.513219867802,303.3142881727194,10
4903,1398.9238646820859,303.32207896389724,10
4904,1399.195342493624,303.3112882261178,10
4905,1399.458999850227,303.249777590053,10
4906,1399.6840022565302,303.2560996280869,10
4907,1399.8458187591918,303.1269029548661,10
4908,1400.0003551699913,303.3176857194274,10
4909,1400.2405832887423,303.28607003457523,10
4910,1400.5076098791471,303.4460619720977,10
4911,1400.6920216461465,303.6515304146574,10
4912,1400.879199531511,303.807012092401,10
4913,1401.0050151727496,303.92173377997136,10
4914,1401.1510937117937,303.8062502542936,10
4915,1401.6428896048249,303.93477865279453,10
4916,1401.9126092263007,304.05398439722086,10
4917,1402.2236883752823,304.1299213798471,10
4918,1402.4889847128966,304.06544850771166,10
4919,1402.6956557549602,304.16024060493714,10
4920,1402.9245812253334,304.2614337348393,10
4921,1403.171606039256,304.33843847920286,10
4922,1403.4604871193292,304.37716702127227,10
4923,1403.5427653325055,304.3580381850864,10
4924,1403.875033254982,304.3911272342231,10
4925,1404.165695965473,304.4709899205008,10
4926,1404.455622243614,304.41328519797844,10
4927,1404.786675429523,304.453755167379,10
4928,1405.1629229748582,304.590788282494,10
4929,1405.4924484795993,304.7559839620705,10
4930,1405.9051882990443,304.9460293952099,10
4931,1406.0889543096894,304.912300526306,10
4932,1406.417080420043,304.8516329419526,10
4933,1406.5838349738037,305.11824486479975,10
4934,1406.8972819926826,305.1449576896463,10
4935,1407.1853762581875,305.42180344231974,10
4936,1407.6368835613052,305.66716581568454,10
4937,1407.8844982300564,305.73045179772566,10
4938,1408.2342503176055,305.75775594645256,10
4939,1408.4024912727207,305.98492202955134,10
4940,1408.6365348701424,306.1255657104962,10
4941,1408.988014189019,306.1520723239891,10
4942,1409.2553266273048,306.12376771630505,10
4943,1409.3639313365882,306.08916824350376,10
4944,1409.5923868207326,306.0888285947677,10
4945,1409.7238569975952,306.1569365022221,10
4946,1409.8940964800308,306.06822858314735,10
4947,1410.1654968955704,306.1036082192133,10
4948,1410.4746843194976,306.16582259015547,10
4949,1410.8478976783342,306.31750821106885,10
4950,1411.0435720063028,306.5136724183813,10
4951,1411.2171282001464,306.4377634668726,10
4952,1411.3720196697502,306.6498865751472,10
4953,1411.640024959302,306.68130279142486,10
4954,1411.9345848132114,306.96726221081366,10
4955,1411.9590811741155,306.9451390094472,10
4956,1412.2080739305648,307.03539470574594,10
4957,1412.3722997395057,307.0099145121055,10
4958,1412.8499856530725,307.1147404972556,10
4959,1412.9760284118995,307.14559512719484,10
4960,1413.305135469183,307.29057159621163,10
4961,1413.721548110504,307.24674089379744,10
4962,1413.992002971742,307.27945152331887,10
4963,1414.09924875005,307.24749665663944,10
4964,1414.4479405520563,307.2339074125382,10
4965,1414.6544447395731,307.20884272794893,10
4966,1414.9414522427353,307.1309817249661,10
4967,1415.3741494375972,307.0055267292743,10
4968,1415.7846198789453,307.1547443403039,10
4969,1416.0776785759706,307.2262790649997,10
4970,1416.2421966236511,307.38109600197816,10
4971,1416.4944613639161,307.33047084061616,10
4972,1416.8651462868077,307.2885030315192,10
4973,1417.0965798711036,307.2551789740834,10
4974,1417.2834550555835,307.2780128229368,10
4975,1417.6446766619913,307.28826608713507,10
4976,1417.8334511538994,307.2028326107212,10
4977,1418.2394940483366,307.2813460720452,10
4978,1418.4789810899167,307.27142453056643,10
4979,1418.9658042179701,307.3233827340649,10
4980,1419.1938692450472,307.4801772497315,10
4981,1419.4009690565858,307.7328405326008,10
4982,1419.6468060544537,307.77133614263187,10
4983,1419.906867252938,307.7188572538693,10
4984,1420.3111135874174,307.7216937483889,10
4985,1420.4742827646485,307.7343084608336,10
4986,1420.7178688159452,307.8396176301569,10
4987,1420.9925317539926,307.8458190837073,10
4988,1421.4270867082735,307.7134365090563,10
4989,1421.8569303545469,307.55573210564586,10
4990,1422.262794512124,307.45234704004895,10
4991,1422.658779411237,307.4172388167002,10
4992,1422.897084990072,307.3128428815008,10
4993,1423.292538858283,307.2542809522543,10
4994,1423.6433986816253,307.38161124817367,10
4995,1424.1948918191854,307.2630134825889,10
4996,1424.6918273143692,307.232107303098,10
4997,1425.0231421798558,306.9867925418337,10
4998,1425.2784435552758,306.9711417434937,10
4999,1425.528440657546,306.85764644706273,10
5000,1425.8471667257495,307.0617625521799,10
