t,cum_regret_mean,cum_regret_sd,n_runs
1,0.0,0.0,10
2,0.2662376468425248,0.4270301642097718,10
3,0.7090670220423123,0.8121661254548952,10
4,1.0633940563023647,1.0025787119524727,10
5,1.5061387094600687,1.3841664049447189,10
6,1.860751626529775,1.7394109948603127,10
7,2.390886819470026,2.08450945100391,10
8,2.655966783422094,2.356038860277908,10
9,3.010364404897985,2.7382352500410394,10
10,3.4522796157010043,3.1848810249523045,10
11,3.805928968365971,3.5850685722391815,10
12,4.248013637476344,3.925377871709286,10
13,4.777834715631522,4.231517095612126,10
14,5.219997021166785,4.53288777154294,10
15,5.750658125973716,4.79023505833506,10
16,6.458048606472192,4.841072918131244,10
17,7.254347318059483,4.889396077484793,10
18,7.873577814350561,5.006632718522085,10
19,8.316031306251691,5.019583486327642,10
20,8.670416573871867,5.2494617893849655,10
21,9.201585939822175,5.385943793563551,10
22,9.644242376239946,5.3897550871271935,10
23,10.17501289815224,5.544536806658346,10
24,10.440685824206195,5.752814993679979,10
25,10.706432882111123,5.969065138780723,10
26,11.325141019690054,6.24327391413537,10
27,11.855675066921972,6.426345609337416,10
28,12.475119106508476,6.615641227841685,10
29,13.093832541047316,6.710833184111636,10
30,13.626494873386127,7.0045487950874685,10
31,14.245065347828813,6.982850057787637,10
32,14.776089990948401,7.124642205672301,10
33,15.484172247712712,7.114633724487323,10
34,16.014579238944624,7.030639696448833,10
35,16.81026380570453,7.098407008663745,10
36,17.517198971819035,7.276372418322337,10
37,18.048027716242096,7.409861325235545,10
38,18.75483405257688,7.5321354363606625,10
39,19.37393219417484,7.5054798958451965,10
40,20.080809125744747,7.431055528793523,10
41,20.612453196618535,7.371461403756146,10
42,21.319734274298927,7.4351272931580805,10
43,22.02742475733278,7.607115488800267,10
44,22.47004235308218,7.817385716010231,10
45,23.088563422079186,8.134735243381307,10
46,23.442424554407012,8.153779798667879,10
47,24.14908794296864,8.319940640196402,10
48,25.03301013271797,8.318819635607001,10
49,25.651257673234927,8.452823194339445,10
50,26.3581187256598,8.71282172703376,10
51,26.712413989263332,8.841794522843749,10
52,27.420460959725027,8.920772519468633,10
53,28.040026754989167,9.253897682013257,10
54,28.659292558119517,9.065614575736047,10
55,29.36701833231438,9.070372100374495,10
56,29.98619941559799,9.104555255940285,10
57,30.605387564783292,9.111359084421457,10
58,31.312538037048192,9.224657605065607,10
59,32.10791553710846,9.111006622490198,10
60,32.72702603956484,9.081725518154954,10
61,33.52214060124213,8.990059203382183,10
62,34.22985755602925,9.099933270445467,10
63,34.93710861957619,9.224951891776904,10
64,35.55697443816056,9.295713387458493,10
65,36.44044132605232,9.295314632488115,10
66,37.059920656567485,9.263732033552818,10
67,37.7673570202577,9.296920495919213,10
68,38.56273453362202,9.343809296112914,10
69,39.26993795791317,9.388988867314685,10
70,39.889228470769496,9.58226283611867,10
71,40.508109562469286,9.701979478808942,10
72,41.03959657292433,9.811393328015885,10
73,41.658696487571554,9.609842906671139,10
74,42.366976408392006,9.909803177467806,10
75,43.07427159593527,10.019608428859414,10
76,43.87029853015004,10.0720151074508,10
77,44.578243149441995,9.941934682847476,10
78,45.19706776758681,9.944066463839171,10
79,45.55132069445405,9.93413429621472,10
80,46.25872176301324,9.93312542031043,10
81,47.14359692504434,9.932864128790891,10
82,47.93901325877764,10.119983190024072,10
83,48.64644962013527,10.095755815000102,10
84,49.26506598954906,9.880124120609747,10
85,50.0614352954788,9.783079764251701,10
86,50.50403879748444,9.872519236100716,10
87,50.8580446530163,9.880512453682245,10
88,51.477312212204275,10.067825516763909,10
89,52.27276384183148,9.969292270192119,10
90,52.71566734301282,10.035636706813058,10
91,53.511489566255364,10.052718596886836,10
92,54.04245068477335,9.8807737387592,10
93,54.75019057785221,9.712076813000142,10
94,55.45760929078741,9.689814497416394,10
95,56.164526825707796,9.806896574080394,10
96,56.69475733303168,9.70275490751712,10
97,57.48989837165618,9.804805483162836,10
98,58.196593534422774,9.642459972771693,10
99,58.81501401593935,9.833447723485257,10
100,59.6098991598199,9.771269669740404,10
101,60.405611975040145,9.689957620314953,10
102,60.58295552219339,9.71842565758316,10
103,61.20161953665661,9.624422792261415,10
104,61.82088711220107,9.458286263419426,10
105,62.35145998579564,9.391389095033535,10
106,62.97056342848284,9.31306252455218,10
107,63.85400385295937,9.313290392366191,10
108,64.64995314017983,9.512157224086017,10
109,65.26958602185864,9.78461548018804,10
110,65.88849535462448,9.709148859157445,10
111,66.59653703336264,9.892462387405622,10
112,67.39220572319456,9.76764307350046,10
113,67.83554336947341,9.814468239125533,10
114,68.45464681321567,9.851397628277539,10
115,69.16253319315078,9.857741587550315,10
116,69.8694401379503,9.77195468201525,10
117,70.4885912351302,9.852558926827829,10
118,71.28369873728855,9.85430062947667,10
119,72.07905683596375,9.93293340123151,10
120,72.78713204723472,9.905255637839918,10
121,73.5823489622208,9.772038106323356,10
122,74.29028299317395,9.861630107749843,10
123,74.99721111282783,9.912312308788344,10
124,75.26347347772868,9.697287962226387,10
125,75.794307532351,9.53181810967587,10
126,76.59032564647845,9.50578598313686,10
127,77.2971478785055,9.478588100276852,10
128,77.91578543283687,9.463710975882888,10
129,78.53469298150445,9.71870066807433,10
130,79.2421611045652,9.66799771572645,10
131,80.038242751585,9.684783364217802,10
132,80.65812445355968,9.645131130111244,10
133,81.18887556837775,9.591259879650126,10
134,81.80781488747823,9.754810112090956,10
135,82.42719363382608,9.644552152402003,10
136,83.31121642291177,9.644689363170414,10
137,83.66532992831597,9.710531866143116,10
138,84.46089273708807,9.905256055805374,10
139,84.90462214135172,9.878001813647458,10
140,85.43555856092254,9.764536318594493,10
141,86.14282551642145,9.790862869719234,10
142,86.8516701529465,9.875171142400394,10
143,87.64675118222956,9.783366357445985,10
144,88.35532581575046,9.756916337207304,10
145,88.97558340639696,9.594156130042384,10
146,89.50694334359416,9.509234271409651,10
147,90.03873036902262,9.380051153805672,10
148,90.39403155566951,9.509008585316803,10
149,91.18954671731518,9.38800689465896,10
150,91.54439259242035,9.533523855974305,10
151,92.25349665711329,9.596754196451844,10
152,92.96200776581715,9.36498344353825,10
153,93.40500127913711,9.214253649171642,10
154,94.11349650507125,9.205698004214524,10
155,94.64469057952354,9.158152075571934,10
156,95.26508583295833,9.08136194627844,10
157,95.97311162647121,8.86174430260916,10
158,96.32770338745458,9.046332707217974,10
159,96.8595010056006,9.29789198043115,10
160,97.39116803226258,8.979348350120242,10
161,98.18745615669253,9.012679300786527,10
162,98.89487134223229,8.836915407500607,10
163,99.69102181984678,9.03321003979042,10
164,100.22217882730187,8.889421118703481,10
165,101.01815988026645,9.003901401306722,10
166,101.54838333477251,9.032426279567792,10
167,102.34469791456652,9.08223742305011,10
168,103.13959364218458,9.141051860396052,10
169,103.5827724363229,9.1630897374478,10
170,104.37810758965057,9.279528538316217,10
171,105.17449806757459,9.179646912285252,10
172,105.7932626747762,9.139355783821026,10
173,106.50025431936278,9.090600606182285,10
174,107.11932598997062,8.900476850282868,10
175,107.82660881419474,9.120032555924338,10
176,108.44570873981365,9.069763670515197,10
177,109.15417219944065,8.895684444555336,10
178,109.59792277865134,8.810569884112464,10
179,110.21784154164193,8.72913441420219,10
180,110.83738794512928,8.53936076683102,10
181,111.54494078814261,8.654485278475498,10
182,112.25275834681852,8.574970781507027,10
183,112.87303711476935,8.572147328690118,10
184,113.49202937878094,8.819639320110504,10
185,113.93463109814293,8.670289831549463,10
186,114.73076567937635,8.623657809033054,10
187,115.3500650144153,8.464150671351673,10
188,115.96912609927749,8.374880610206317,10
189,116.58809188375139,8.439907105885027,10
190,117.03112775500192,8.714044647433907,10
191,117.73899471558366,8.628770681148403,10
192,118.27050114226259,8.92268559903733,10
193,119.0656192289457,8.826834965612457,10
194,119.77273263580328,8.854935087864984,10
195,120.39187313344401,8.886351195881701,10
196,121.18804124309902,8.909418532606988,10
197,121.80729469023181,9.251845363287597,10
198,122.24986818494025,9.36993102588991,10
199,122.78049222677289,9.268840366914453,10
200,123.2235386750071,9.43824506510127,10
201,123.75467979424309,9.360165474852991,10
202,124.46205262129843,9.504268799017725,10
203,124.99376022797972,9.284204019356705,10
204,125.61364192672804,9.255288519874558,10
205,126.05624894238208,9.096061531353927,10
206,126.76367120385453,8.950931860211124,10
207,127.47133522122435,9.11643967782713,10
208,128.00197868621242,9.064419498229087,10
209,128.7095968206027,8.873556565134162,10
210,129.32834731434403,8.742640011587135,10
211,129.94706957077102,8.790198483437605,10
212,130.74278768802054,8.95857390767849,10
213,131.4497705155531,9.000367310610148,10
214,131.98064693265562,8.704844010018915,10
215,132.42335809073793,8.923253913038481,10
216,133.2189509065839,8.856689913722994,10
217,133.75034086630436,8.978041786408363,10
218,134.36905959834323,8.859059447310639,10
219,135.07712597638223,8.86691344706595,10
220,135.69663884495154,8.751218806118903,10
221,136.2283199779261,8.749313935236621,10
222,136.75995522956603,9.053928910437525,10
223,137.290371035492,8.926301535832518,10
224,137.9977844651014,8.985025917839776,10
225,138.61794854544146,8.975992959154922,10
226,139.50304783978882,8.97704531084545,10
227,140.1230477899113,9.292286682088191,10
228,140.65455598746124,9.253523839488615,10
229,141.0976836257086,9.347782068445897,10
230,141.89342644218863,9.457232111499009,10
231,142.68827100115413,9.363360393481784,10
232,143.2198533289212,9.197283338791706,10
233,143.84052035146487,9.268047295393545,10
234,144.54872085974242,9.417810100675222,10
235,145.25579545789373,9.210120493096637,10
236,145.8749536230833,9.074737922643884,10
237,146.31777066367076,9.212857781151671,10
238,146.8493388777335,9.246777062840264,10
239,147.38122120770598,9.542260478942422,10
240,148.17750932803284,9.45259929479472,10
241,148.9731144874517,9.471757881196444,10
242,149.68099556876177,9.29276188745041,10
243,150.21241729509623,9.486631091742227,10
244,151.00733949713936,9.607193094876761,10
245,151.80353761368207,9.73372395361183,10
246,152.5102063137594,9.858051800608186,10
247,153.39376320871492,9.85781386941323,10
248,154.10110957175078,9.711642540852976,10
249,154.63210775815097,9.860950174823888,10
250,155.3386917512911,10.158584211283124,10
251,155.95777931344873,10.013128251219342,10
252,156.66515215614237,10.22037111363342,10
253,157.46052436875493,10.241597960184688,10
254,158.16782485237093,10.231004769708496,10
255,158.8766483243312,10.442988787711903,10
256,159.58460882385208,10.73841909319459,10
257,160.02764997221468,10.79229126866836,10
258,160.47029404396216,10.556239591854794,10
259,161.17945634358392,10.774380560592808,10
260,161.4457063638594,10.67313320200935,10
261,161.97612394096623,10.471687141290968,10
262,162.7727773682538,10.509987827578973,10
263,163.48062668956453,10.477639827860477,10
264,164.01208548054692,10.572910208063163,10
265,164.807547704543,10.523010277834947,10
266,165.33989240518952,10.427479439660258,10
267,166.13507402738287,10.48893582245925,10
268,166.84222450113342,10.42598214719531,10
269,167.5500738189073,10.541303814374897,10
270,168.433763076159,10.541331862726546,10
271,169.140902970155,10.82130687826334,10
272,169.7609187934866,10.708178550067217,10
273,170.46876281638558,10.81995730404014,10
274,171.353103266921,10.819252178037294,10
275,171.9718943473136,10.885224364077368,10
276,172.76734598109388,11.002678582231542,10
277,173.5630411496507,11.041140780735063,10
278,174.18218517679665,11.039823400987137,10
279,174.80208100881057,11.106248073327922,10
280,175.51006268633154,11.346045115764095,10
281,176.04171736122578,10.988018747555206,10
282,176.3966355970838,11.0613805276866,10
283,177.0167926044891,10.881167856395352,10
284,177.37214673646318,10.958965537098047,10
285,177.8150714078899,10.887394722186775,10
286,178.61164542319955,10.89710084865796,10
287,179.14347481280143,10.856049305285767,10
288,179.7624088426956,10.796914366835964,10
289,180.55945227979052,10.664360384976442,10
290,181.0019163613659,10.480327115355177,10
291,181.88587562497463,10.481104401320282,10
292,182.41753029838492,10.484807989365276,10
293,182.8605696979247,10.41438003505717,10
294,183.30320848343,10.284830743656844,10
295,183.74543961286213,10.134135822819825,10
296,184.36525779346294,10.44577155381927,10
297,185.07342476553418,10.451370180950166,10
298,185.51683122839242,10.355499561216256,10
299,186.31280699000337,10.432993946346244,10
300,187.02157751339539,10.516958112890011,10
301,187.7293050661993,10.75834592232986,10
302,188.3488849995654,10.876942378437752,10
303,188.9684455148129,10.820598277757185,10
304,189.58840134282238,10.616971165592918,10
305,190.1186689135178,10.629687818945799,10
306,190.91468173689776,10.593017037715201,10
307,191.62267753328135,10.49935234671507,10
308,192.24203510784622,10.325305116646748,10
309,192.774828051882,10.168134679376987,10
310,193.39410091166525,10.226714871803678,10
311,194.0134108364338,10.003761561315082,10
312,194.5448590441804,9.822098278168605,10
313,194.98916024547174,9.900478508263433,10
314,195.6979095964983,9.792032800080941,10
315,196.49416595447917,9.708892285196757,10
316,197.11366647644084,9.956935843791568,10
317,197.7323569720001,9.87933137500625,10
318,198.35245573561045,9.796196746584432,10
319,198.88303566524525,9.759768917720198,10
320,199.50274266183476,10.114369758856688,10
321,200.12237553522533,10.069372953297806,10
322,200.82913423358315,10.020580467315517,10
323,201.44914829284974,9.721842297337394,10
324,202.24487522221426,9.814157662183769,10
325,202.86461398778482,9.651036485570035,10
326,203.48333095480342,9.714597088022394,10
327,204.19134969451014,9.74022388398021,10
328,204.63571971350393,9.789470112042359,10
329,205.25509316880462,9.826662969670322,10
330,205.78627665625487,9.784163506482503,10
331,206.1408843022754,9.391842888886055,10
332,206.4965243415208,9.514353311594027,10
333,207.29200774309956,9.430848169443143,10
334,208.17563346654347,9.431464926182924,10
335,208.61916169737637,9.456938127105671,10
336,209.23911223335955,9.65983757929961,10
337,209.68180397014459,9.649131930083465,10
338,210.21307216036263,9.39607692016382,10
339,210.8318579420039,9.284804370866116,10
340,211.53943724554182,9.327012465568593,10
341,212.070753074406,9.663608550896075,10
342,212.51320655987826,9.708561560464368,10
343,213.30831405773534,9.813113599125067,10
344,214.10426334201506,9.666568782605681,10
345,214.98851378436643,9.667194111671556,10
346,215.6959289712942,9.509176872810883,10
347,216.13899131270105,9.635283146588119,10
348,216.67131832668446,9.802432034263123,10
349,217.11424829949368,9.905269630642321,10
350,217.82230408884888,10.014090961932169,10
351,218.53092637238623,9.934194513533258,10
352,219.2381615471745,9.868261734240738,10
353,219.94527848755183,9.900440550756956,10
354,220.56514784633046,9.863524224166909,10
355,221.36065771155296,9.817459047199662,10
356,221.7150271158087,9.943346740387742,10
357,222.51113523142962,10.049336342360313,10
358,223.2194398610537,10.156837230013489,10
359,223.9281045026974,10.127676764717247,10
360,224.63681502917515,10.246120118306418,10
361,225.1688508944479,10.268195966363871,10
362,225.87722964549175,10.342601047677682,10
363,226.49718547038424,10.400571473214047,10
364,227.11706188744535,10.442069317887066,10
365,227.8251812153334,10.546907061969879,10
366,228.44516350980206,10.591998280538231,10
367,228.8886811506393,10.692591148956634,10
368,229.5969646035559,10.662517800912724,10
369,230.4817921246976,10.663784306814208,10
370,231.10130499803182,10.854692104143878,10
371,231.8086037069248,10.86590031448423,10
372,232.428617764786,10.575050855760505,10
373,233.04838829278447,10.676294786627384,10
374,233.844115230147,10.673716219069975,10
375,234.7280268439716,10.673445190244394,10
376,235.25939739502405,10.522313608290075,10
377,235.87846553968706,10.563969775988364,10
378,236.5865636813021,10.721299984024615,10
379,237.38233826189443,10.717678530260676,10
380,238.09127290096995,10.810553649754148,10
381,238.88827574233196,10.743165309673119,10
382,239.50853863465304,10.6557466913778,10
383,239.95240569769376,10.667697342752453,10
384,240.7483020372105,10.50113740425009,10
385,241.45670724933274,10.58395071794263,10
386,242.0756201040903,10.7781679598146,10
387,242.69549122221207,10.831360693480818,10
388,243.3149229101482,10.66161780935617,10
389,243.8461063895066,10.448358590304252,10
390,244.46514099796704,10.20093778083884,10
391,245.17284736520963,10.296947617389343,10
392,245.9684313428189,10.387143767472338,10
393,246.7645976870445,10.53241523433766,10
394,247.3831875736959,10.46375893791502,10
395,247.73787462232525,10.391653878068372,10
396,248.44529510344879,10.186931103913057,10
397,249.2407414303922,10.026672412308985,10
398,249.86109432696162,10.077449425648112,10
399,250.5696265980877,10.31266546385715,10
400,251.27743355633908,10.234722765383994,10
401,251.9852987527776,10.319151618947966,10
402,252.78090920479463,10.160486198574336,10
403,253.4884585140695,10.263119075638047,10
404,254.10772608396246,10.266845226747767,10
405,254.8146171442564,10.434125390539226,10
406,255.61041290667555,10.379760552704433,10
407,256.2303316729857,10.244418615487815,10
408,256.76080570953934,10.568665579284229,10
409,257.38005739585606,10.569173302811238,10
410,257.9111508710213,10.378323292930004,10
411,258.6186454788493,10.33918791693706,10
412,259.2381618650468,10.05836904520329,10
413,259.94591059024896,9.96872379638424,10
414,260.653442251298,10.066035461771007,10
415,261.44866093135704,10.013739306431198,10
416,262.15634082788,10.004157662680004,10
417,262.7755289749041,10.011588392300048,10
418,263.3947171230967,10.087840627124502,10
419,264.2791863902259,10.088174301758182,10
420,264.98838573899485,10.080643881028747,10
421,265.696407994723,9.999859105161892,10
422,266.2282267835761,9.932243235776642,10
423,266.93660552272087,9.878338020478953,10
424,267.644634848184,9.719741825503851,10
425,268.26512892401036,9.689563193032004,10
426,268.97398415923425,9.64274546680379,10
427,269.77015581217546,9.79893457030368,10
428,270.38948339057225,9.886664306966324,10
429,271.27407796361797,9.88623484838115,10
430,271.9818637595137,9.86457071774986,10
431,272.60190959028535,9.807347234984576,10
432,273.3983036015969,9.980137886011281,10
433,273.92923825952124,10.171895652525413,10
434,274.81334929090735,10.172360923171295,10
435,275.43236802625495,9.938241726050908,10
436,275.963143856122,9.933620736544484,10
437,276.49579914932696,10.165687388249989,10
438,277.37957840596033,10.165989212953393,10
439,278.0868947732219,10.142629840428986,10
440,278.79438408802565,9.973315671733786,10
441,279.67798863474053,9.973436003451361,10
442,280.29789681658184,10.045804991055904,10
443,280.7412662192393,9.971125906991128,10
444,281.36111616126965,9.980462590149255,10
445,281.8044538019978,9.842625007597443,10
446,282.5133090351006,9.746310135936922,10
447,283.1331801577842,9.581499675595172,10
448,283.8411988975808,9.490927063470421,10
449,284.4611176712243,9.574320839697222,10
450,284.9045453134516,9.51105044900278,10
451,285.52350581404517,9.32166674841068,10
452,286.3195980518769,9.294968695655863,10
453,287.11516616114227,9.42467186078685,10
454,287.64607434082495,9.38728593334485,10
455,288.1781684359672,9.201908109468443,10
456,288.7983360346849,9.383007539854024,10
457,289.6816670453764,9.383154402095158,10
458,290.47680102456627,9.548328276498282,10
459,291.18409974508984,9.681876633033742,10
460,291.8025837649517,9.714494980972662,10
461,292.59747950146107,9.84963137230011,10
462,293.2165088385876,9.981802271958424,10
463,293.9252317131262,10.10029070941949,10
464,294.5451293063569,9.949910693170095,10
465,294.98798516848603,10.108896887256677,10
466,295.60715391322964,10.132602320093202,10
467,296.22590793973643,10.168273000097674,10
468,296.7580761642218,10.059303235730747,10
469,297.37726961838723,9.885419388087724,10
470,298.2609271079549,9.88511025800767,10
471,298.9689140814002,9.84834372179247,10
472,299.49905458767273,9.803624785534241,10
473,300.20586093785687,9.810673707815935,10
474,300.7367320617286,9.821915337160046,10
475,301.62085544627166,9.821917280022769,10
476,302.2398794872523,9.941375808140087,10
477,302.8585911539496,9.864348713380597,10
478,303.4778269541696,9.809009688835706,10
479,304.2731409344476,9.972276098027436,10
480,304.9810326126544,10.139843531258654,10
481,305.60031607284037,10.11260475315862,10
482,306.30732890151046,10.171405310122655,10
483,306.9267658880189,10.189058348931871,10
484,307.5461817006082,10.04963535280675,10
485,307.9018499600575,9.71692814733702,10
486,308.69818044281476,9.673272853026921,10
487,309.31749036813756,9.661231021184435,10
488,309.9368955885574,9.458825642871775,10
489,310.37988910540435,9.333735366211616,10
490,311.26389072241443,9.333475966515536,10
491,311.7943329981389,9.341697416962853,10
492,312.32520942071176,9.485406527617299,10
493,312.94592232652866,9.508310493607357,10
494,313.65334811012474,9.556943760574784,10
495,314.1857016303806,9.776102995018695,10
496,314.89303211300825,9.804643762724908,10
497,315.6886955169408,9.788429596238355,10
498,316.39645483955957,9.807777553081719,10
499,316.9283001012256,9.722749518368591,10
500,317.7254776542103,9.757867962863415,10
501,318.5209822331806,9.698685912692536,10
502,318.9641822208115,9.717770669354756,10
503,319.58386450789374,9.376809450181222,10
504,320.11448326740464,9.26436457841342,10
505,320.82196375711044,9.24313013643678,10
506,321.44169192859306,9.330548684268287,10
507,322.0612877474992,9.479433818706614,10
508,322.94592997087756,9.47880785568524,10
509,323.4771081700442,9.638368090254243,10
510,324.0968239839467,9.780795890883018,10
511,324.7167762741222,9.744520038963472,10
512,325.33586383397875,9.64439763572586,10
513,326.219872508586,9.644209820245386,10
514,326.92904186834915,9.797667612787938,10
515,327.5484912060745,9.986064072084543,10
516,328.34452520201785,9.82582726628101,10
517,329.0517868566229,9.772866709084397,10
518,329.75956912319464,9.729676863662542,10
519,330.2903926014442,9.811526957740034,10
520,330.55723910719917,9.69450180750633,10
521,331.26439487776906,9.719429149396493,10
522,332.06030711428286,9.715577134255264,10
523,332.6787381908287,9.69134389864297,10
524,333.38672163977515,9.688465053153976,10
525,333.918399253801,9.921264145972938,10
526,334.53859861521784,9.967650624701676,10
527,335.15766677404537,9.817303170856595,10
528,335.95415608312885,9.817165261008125,10
529,336.6620477581177,9.981098153059504,10
530,337.2816665227379,10.186991440625544,10
531,337.9889017134317,10.245153036007391,10
532,338.6095705004363,10.142171104040019,10
533,339.31687098181806,10.209450598632067,10
534,339.7602421505173,10.096700153908866,10
535,340.29185446327006,10.168498499592443,10
536,340.91114850571927,10.032789377190447,10
537,341.70611482809335,10.069903437958772,10
538,342.3255888705013,9.793912791255353,10
539,343.0331170043485,9.6688438983251,10
540,343.563910471492,9.761873734722274,10
541,344.3592791561838,9.787985817763891,10
542,345.0666308193393,9.85833288468512,10
543,345.8619606824291,9.859631850490356,10
544,346.39355711305575,10.098752315385479,10
545,347.0136770624543,10.291016099805423,10
546,347.54556468749416,10.226313801323494,10
547,348.3412969159331,10.247705850702554,10
548,349.2250126433263,10.247419918077787,10
549,349.8456620131387,9.939088895932123,10
550,350.4651095902357,9.981198779072773,10
551,351.0855048404761,9.857249378410168,10
552,351.70425357394487,9.933889446119089,10
553,352.32357409165866,9.810832297852642,10
554,353.0309875235904,9.927648093624885,10
555,353.73893919415485,10.010090786438866,10
556,354.270585036249,10.06401897294296,10
557,354.8012038013906,10.024518383794478,10
558,355.33309671461564,9.98152048768839,10
559,355.7768861265999,9.95475070701319,10
560,356.4848377981478,9.885551390472106,10
561,357.1928212422076,9.914003172955669,10
562,357.9020329546416,10.016473117646585,10
563,358.52273527566996,10.21649579016706,10
564,359.23019281969835,10.246902040537673,10
565,359.7618633748881,10.301151177063174,10
566,360.46929975074033,10.211641959329862,10
567,361.1767784668112,10.287879251680064,10
568,361.885908993073,10.24982207010669,10
569,362.594644214067,10.174646602281461,10
570,363.30271059746315,10.06078697915945,10
571,363.7470012062744,10.167459745835645,10
572,364.6327022784963,10.166137725057691,10
573,365.25275869699476,9.90817672599545,10
574,365.78473808979544,9.745788230326097,10
575,366.3161562774988,9.469438542392913,10
576,366.7608651292568,9.68291025588033,10
577,367.0281722245977,9.712409227145605,10
578,367.5602557393913,9.57338845142981,10
579,368.17968213427304,9.485004392448799,10
580,368.6233427242691,9.504755676288141,10
581,369.4198955620563,9.579227421624687,10
582,370.12841195122814,9.449798584435952,10
583,370.7495872121915,9.60872522468512,10
584,371.01647606956044,9.414845200672518,10
585,371.7253630655249,9.584486946800313,10
586,372.43421829112333,9.545741299251523,10
587,373.053988819181,9.691713216258234,10
588,373.8499398732087,9.703728790704025,10
589,374.38057450412583,9.773936573811403,10
590,374.9997467834081,10.059015385249673,10
591,375.7082702365261,9.992699736577551,10
592,376.32853842604146,9.842166034428466,10
593,377.0364230398273,9.794861706288618,10
594,377.9214093890331,9.793429736102057,10
595,378.4525205119843,9.717754765572735,10
596,378.89497401016786,9.958439225621541,10
597,379.51392922177945,9.904331901127978,10
598,380.0446609272747,9.810042867449596,10
599,380.75172669790084,9.802508258700074,10
600,381.46001015207264,9.619397402884278,10
601,382.1681188919457,9.756938647455739,10
602,382.6991682378333,9.795008130060943,10
603,383.40637518783626,9.87248110076798,10
604,383.9383281134143,9.884587061886409,10
605,384.6454768215492,9.947770092667406,10
606,385.3532026111877,10.08782561371752,10
607,385.88446728156947,10.315064116734746,10
608,386.4158766546231,10.04014178406581,10
609,386.9475207366785,9.969454721815225,10
610,387.74304119142056,9.847629924569231,10
611,388.450546383285,10.064204215069724,10
612,388.9808880710221,9.77486754840631,10
613,389.51318335069715,9.718148412269962,10
614,390.13292741470934,9.602032625504709,10
615,390.75214204319724,9.529963094727329,10
616,391.19490967127393,9.72839437857511,10
617,391.8143943120428,9.87132228360427,10
618,392.3462342905939,9.9499775063789,10
619,393.14299537213395,10.012444006500058,10
620,394.0271346377319,10.01216718738381,10
621,394.3831876166919,9.925895802373867,10
622,395.091312239346,9.896959074545876,10
623,395.71185572554987,10.08829267258689,10
624,396.33167742289857,10.308792907349828,10
625,396.77542271542,10.033213624593456,10
626,397.4840661760862,10.002014107957422,10
627,398.1923125651635,9.733829200765566,10
628,398.63545961134935,9.549081898831954,10
629,399.25611957235355,9.509923445548404,10
630,400.05218004449773,9.522026880907461,10
631,400.671438797388,9.667852759566825,10
632,401.37928282817313,9.546249372543432,10
633,401.9995616133418,9.789910740579865,10
634,402.5307133392075,9.858230302160901,10
635,403.2387532524681,9.768685833753375,10
636,403.8581902329972,9.723577327753954,10
637,404.65373715990415,9.562230842923174,10
638,405.27278766929317,9.864346472505522,10
639,405.89204995288185,9.943058342084685,10
640,406.60021693342054,9.881899010597037,10
641,407.3076250583365,9.708058440581738,10
642,407.9274908698878,9.64704859464453,10
643,408.63483194086353,9.627446102738132,10
644,409.43043710090967,9.756015226518446,10
645,410.13813464900875,9.994254664177982,10
646,410.66906929059587,10.10581487255613,10
647,411.19985216503557,10.244550824875938,10
648,411.73206803474176,10.009797633480147,10
649,412.26341033428025,9.75489548678655,10
650,412.88248201505496,9.909922260016682,10
651,413.32541022600435,9.878560042009656,10
652,414.03407486761927,9.849585864062592,10
653,414.83000298595334,9.762881090591927,10
654,415.4492811335925,9.521801579298712,10
655,415.9805052139125,9.528831298229525,10
656,416.6004663349496,9.482273302703554,10
657,417.3963256276339,9.464301677793912,10
658,418.1035413942016,9.478810779408153,10
659,418.72276661458875,9.581850193298662,10
660,419.5187159076735,9.66366916879852,10
661,420.22594756919517,9.721748632661903,10
662,420.934538092205,9.614782488574537,10
663,421.73071503446545,9.6102351378819,10
664,422.17383031026395,9.750939426189516,10
665,422.969945491597,9.605779144190253,10
666,423.50152074895584,9.452321080288142,10
667,424.20852298811315,9.696683926886877,10
668,424.65086530310134,9.824943509504422,10
669,425.27120761447316,9.816947985018292,10
670,425.7144446639633,9.71787176318355,10
671,426.24614698416235,9.953041996721444,10
672,426.8652663230413,10.040217850034784,10
673,427.7486538055183,10.040318710661689,10
674,428.45715961935474,9.967283812742936,10
675,428.899856658099,9.804603432448992,10
676,429.3418248303973,9.729619474421385,10
677,429.96114005591863,9.731262388209268,10
678,430.4931388594517,9.702528888497056,10
679,431.28980287163887,9.551361610654293,10
680,431.9972939481442,9.536125572988766,10
681,432.6171915396867,9.586241124787263,10
682,433.32459614395356,9.535158130033757,10
683,434.209503078787,9.534100069905438,10
684,434.74036536946033,9.434095765088042,10
685,435.53748469595513,9.488227656094832,10
686,436.4217563181023,9.488585861101873,10
687,436.9528656793765,9.488128317443149,10
688,437.3960127268321,9.665590957318017,10
689,438.1920114355672,9.502586458550153,10
690,438.8997336941937,9.291799568610537,10
691,439.607302416657,9.173298878039173,10
692,440.2268664721055,9.154359661479095,10
693,440.6696429161484,9.407420727947379,10
694,441.20092875799526,9.388941126717679,10
695,441.9090110321901,9.420654058979144,10
696,442.79258204822474,9.420509526875602,10
697,443.58853487409397,9.576884840210056,10
698,444.29621124136884,9.612925483711368,10
699,444.9166276676651,9.744989823847943,10
700,445.712421664737,9.83922472211634,10
701,446.15533929028607,9.754173703144904,10
702,446.6868510254088,9.829945828232598,10
703,447.39460505709167,9.864336211427275,10
704,448.0139573462752,9.897137035545649,10
705,448.6341620078375,10.02974463218992,10
706,449.341831322459,9.948665181643149,10
707,449.96190184909045,9.801772908784868,10
708,450.5817147343885,9.86715225029717,10
709,451.2891563988081,9.859414932621778,10
710,451.8206204783046,9.96176988577222,10
711,452.61705861084494,10.086747329235184,10
712,453.32474028014923,9.947319615858671,10
713,453.76717082832175,9.905650920288322,10
714,454.12232201491736,9.744435385798658,10
715,454.6534843150549,9.494132469307344,10
716,455.3615560013151,9.455660363150207,10
717,455.8922841795761,9.204419414879142,10
718,456.5113135109203,9.28330026328697,10
719,457.1309146179353,9.283501066858719,10
720,457.57364871194943,9.402728515992326,10
721,458.45695677985606,9.4024760049958,10
722,459.1642660861733,9.378311781524719,10
723,459.695761930606,9.407727484005397,10
724,460.2283289799569,9.382208135735187,10
725,460.9364059514709,9.422428580526764,10
726,461.55595411329125,9.272443674696131,10
727,462.35301519672396,9.179532702889771,10
728,463.0609968745272,9.20834357110965,10
729,463.5059016087541,9.194982628492077,10
730,463.9483550865971,9.09942154718113,10
731,464.30419628950483,9.012050479133004,10
732,464.74726920719786,8.991589541948331,10
733,465.45536206295094,9.055108196400413,10
734,465.9874243873868,9.097547809793218,10
735,466.6074966815833,9.097492031798367,10
736,467.2276395748619,9.248558505119961,10
737,467.84747892200085,9.058576099738167,10
738,468.37905418150274,9.200579436392609,10
739,468.9110953321089,9.501352034597767,10
740,469.44223646876634,9.764057032814247,10
741,470.32718575678626,9.76579852878212,10
742,470.85821041385555,9.65625112509055,10
743,471.47722562805455,9.776993055112007,10
744,472.1845208128216,9.806380035303382,10
745,472.53997023986597,9.937840530275597,10
746,473.3355807012088,10.04778716651565,10
747,474.04333472164916,10.28922875525329,10
748,474.9285381340117,10.290463678619243,10
749,475.5494416379258,10.53137350127739,10
750,476.2576721495843,10.674481094106843,10
751,476.79044391152274,10.71808460314252,10
752,477.67427081716943,10.717983687500032,10
753,478.20668785688787,10.648530524525837,10
754,479.00276421615433,10.587932197251094,10
755,479.79898881194123,10.522754843011489,10
756,480.68422399006903,10.52238740451152,10
757,481.2169322108066,10.658106058286053,10
758,481.7496263158479,10.601142986956335,10
759,482.54642975038166,10.548461630049422,10
760,483.1660520430739,10.345779819744179,10
761,483.9631448953411,10.477052942172906,10
762,484.6710153920558,10.437200392310366,10
763,485.3793835559901,10.32769226819452,10
764,486.0875399464079,10.306261254046625,10
765,486.7949657211615,10.049353890641498,10
766,487.50273034021427,10.25439359701705,10
767,488.1222573313286,10.313908949558549,10
768,488.91827544847473,10.278612061307577,10
769,489.4495806895369,10.338278196904222,10
770,489.9810818344966,10.492895627111174,10
771,490.60082060016214,10.603918718915946,10
772,491.1320464411357,10.4724664729099,10
773,491.75127166152276,10.377395467669643,10
774,492.1057575209018,10.593425904863297,10
775,492.549089866116,10.683171806576153,10
776,493.2568544765709,10.598536749841237,10
777,493.964534387359,10.606256120036583,10
778,494.4962155313509,10.600362773425573,10
779,495.29267307644795,10.663907953423845,10
780,495.912173596383,10.817583810947772,10
781,496.6194776152756,10.912508868108178,10
782,497.4150351270514,10.889003441091019,10
783,497.9466368516538,11.106565315307375,10
784,498.5661479611798,11.227414369424283,10
785,499.36344729335667,11.246335110005793,10
786,500.246448295785,11.24614082495301,10
787,500.9530375820201,11.168956657536162,10
788,501.57186572645605,11.127193229739799,10
789,502.2796268095167,11.192100049859608,10
790,502.8988749709621,11.20187963089159,10
791,503.6061154522373,11.34048864973179,10
792,504.2251447761179,11.172902742858009,10
793,504.57915945722135,11.039892562011055,10
794,505.28609286535493,11.189753093643521,10
795,506.0819150959411,11.296745505677018,10
796,506.8773667308261,11.247170227262183,10
797,507.6736372124143,11.358904068911993,10
798,508.11716544160146,11.271545124562666,10
799,508.82437769259303,11.295666633304075,10
800,509.53157052399035,11.401247173629928,10
801,510.2393880781612,11.649688731760245,10
802,510.85868211574297,11.777135391372806,10
803,511.5676432268241,11.785652090939607,10
804,512.1874155219674,12.094691475936067,10
805,512.8073713436787,12.305115259257418,10
806,513.6044324313127,12.373662074049758,10
807,514.2240158949537,12.278266217242937,10
808,514.843925842538,12.399891738415043,10
809,515.2870040590612,12.14604273006733,10
810,515.8183781442319,12.406596022998396,10
811,516.5265345314593,12.665778577105248,10
812,517.1473321409613,12.586364606565024,10
813,517.76784386553,12.584337868475338,10
814,518.5634507939861,12.51910680295182,10
815,519.0949942835949,12.51921761322475,10
816,519.9784629440652,12.519105433586047,10
817,520.4222347075681,12.327868352170116,10
818,520.9546252695776,12.273793964354763,10
819,521.4857822745614,12.341290581213809,10
820,522.1051186628407,12.477362011438606,10
821,522.8139262422063,12.418840856083973,10
822,523.2576132913144,12.437035950059885,10
823,523.8783473751256,12.389756498592908,10
824,524.5864772915354,12.115104399043625,10
825,525.1177984202108,12.227744363481444,10
826,525.6501113494938,12.087634911863969,10
827,526.0932372147746,11.964228522481333,10
828,526.8892447425044,11.973511238012744,10
829,527.4214182587533,12.0562785863934,10
830,528.1292040447225,11.981616172494888,10
831,528.660235745351,11.821220724005416,10
832,528.9276169631594,11.824959637260832,10
833,529.5470910049245,11.69970181917949,10
834,530.1664979960692,11.69466799475729,10
835,530.8744320283434,11.855772884517565,10
836,531.4939907753594,11.722826908199549,10
837,532.2025283495136,11.787170047816621,10
838,532.9104164995856,11.724649275598646,10
839,533.1771853518853,11.546717934995609,10
840,533.8841346522396,11.453150657446674,10
841,534.5917616176665,11.46433044612886,10
842,535.2991874000651,11.479972804808616,10
843,535.8315091539655,11.564645945880347,10
844,536.3629202873888,11.504647103118177,10
845,537.0706601824774,11.646059428412174,10
846,537.8672871426859,11.668141013579302,10
847,538.310825959213,11.701629476300104,10
848,538.8425282754591,11.727930649530002,10
849,539.2859718015507,11.817494284980857,10
850,540.0829905291828,11.841748112563256,10
851,540.8787068744181,11.842764775721594,10
852,541.497932086874,11.789151879043553,10
853,541.9408091278032,11.867755889275276,10
854,542.6496855339117,11.816338341620948,10
855,542.9162673217656,11.795997423022808,10
856,543.448197293357,11.596949532815273,10
857,543.98089493382,11.800351915163874,10
858,544.4235548986202,11.78737431359842,10
859,545.2196100800242,11.826006865359183,10
860,545.8398217953813,12.00902042520751,10
861,546.3711217430066,12.136365670462379,10
862,547.078753990487,12.035671972534374,10
863,547.7864656589436,11.859987106353897,10
864,548.1414597763028,11.671612631342935,10
865,548.5850409552238,11.911177428247159,10
866,549.2054997396599,11.845647049479773,10
867,549.9125072766961,11.784720163925867,10
868,550.5322036903493,11.590961097451448,10
869,551.2393012203518,11.745493952146822,10
870,551.8583517301582,11.84077309641393,10
871,552.6547880969093,11.887993814048922,10
872,553.1858974552608,11.779428029729049,10
873,553.8044238332174,11.81137618896959,10
874,554.6877424903322,11.811337805433215,10
875,555.5718517546848,11.81082511725907,10
876,556.1027969850874,11.775904542366716,10
877,556.5457181404221,11.989272416653302,10
878,557.076430439994,12.026516643539448,10
879,557.6966615767967,12.024265583454799,10
880,558.3161197451044,12.196250182426756,10
881,559.0238631843338,12.056618078713726,10
882,559.8193412911858,12.118467190550739,10
883,560.3505883137984,12.224181279809313,10
884,561.0576858427646,12.201576601515121,10
885,561.32414057646,12.19374749972649,10
886,561.8552993404244,12.252585798668745,10
887,562.6502991900186,12.155989339167215,10
888,563.1814561937379,12.353484735935751,10
889,563.8892155062746,12.36443618795753,10
890,564.5087213145958,12.439390555426627,10
891,565.1279165294457,12.574388789115515,10
892,565.7472052824927,12.722054603305322,10
893,566.4561716875467,12.833062828273626,10
894,567.0754710231035,12.851095067755907,10
895,567.6069774628259,12.8510614345336,10
896,568.2262503310691,12.69237096622939,10
897,568.6690267691883,12.512293763933162,10
898,569.3767225560397,12.503708380191147,10
899,570.0844236400275,12.371176262393135,10
900,570.7037035682681,12.278862947286331,10
901,571.4117117219572,12.423307857033478,10
902,571.9428228535473,12.343605773299274,10
903,572.8264238714312,12.343357397899386,10
904,573.2698303314284,12.294365024775512,10
905,574.0660460971695,12.315547767495197,10
906,574.5086901855788,12.468491445319545,10
907,575.128894837582,12.641928792686176,10
908,575.9249023714225,12.67088053427984,10
909,576.7212169648741,12.695770644348697,10
910,577.3410722007419,12.728485481096468,10
911,578.1372385608602,12.73521165679399,10
912,578.8443890472214,12.860418568531886,10
913,579.551544818224,12.873228826772422,10
914,580.0835612535298,12.881967152622797,10
915,580.5270206594976,12.967663773382588,10
916,581.1464841200243,12.675359457153407,10
917,581.7660693501068,12.454965610576744,10
918,582.4736857281371,12.495251255554228,10
919,583.0924503411646,12.131883984826155,10
920,583.7116173196889,12.330217716207857,10
921,584.2427266781548,12.28955808730392,10
922,584.9502265804283,12.416116229926267,10
923,585.569515323322,12.325451081815103,10
924,586.1014223499484,12.349669320770573,10
925,586.720538157975,12.183607780180049,10
926,587.3400157287449,12.34970545483803,10
927,587.8724592451106,12.506059026359647,10
928,588.5805150361841,12.458827412972214,10
929,588.9357950542828,12.51603789890891,10
930,589.2908527168299,12.56345980846077,10
931,589.9100197029127,12.65235666202063,10
932,590.5291866771049,12.734539059779165,10
933,591.0613460592937,13.005447796503178,10
934,591.8567235706657,13.05815912475227,10
935,592.4754458269842,12.979782844678203,10
936,593.2708074590594,13.081821698380407,10
937,593.9798215144835,13.170368839967663,10
938,594.5984484837097,13.309251115359913,10
939,595.3066048701717,13.447826762878838,10
940,596.0146871413577,13.49846163910201,10
941,596.7217052618914,13.255245267399681,10
942,597.5173580692311,13.06557307380911,10
943,597.9609498243199,13.065754069718148,10
944,598.4039433369569,13.104878192602605,10
945,599.0232426733955,13.211127603918056,10
946,599.5540043684778,13.049192978049414,10
947,600.0857066984331,13.115277738436767,10
948,600.7042489548141,13.30429274313703,10
949,601.0585230652002,13.312437148664833,10
950,601.502141293706,13.262350796503444,10
951,602.0328059336232,13.011677242369998,10
952,602.2996048008437,13.057791263671923,10
953,602.7424518318064,12.862140802834634,10
954,603.2747682882509,12.7781537955171,10
955,603.9830570386871,12.724863040518667,10
956,604.6022240240865,12.881095343856249,10
957,605.2207662804921,13.048505898293099,10
958,605.6643633331814,13.131874358666028,10
959,606.1964044863064,13.210680207031869,10
960,606.8159455999028,13.307731830399025,10
961,607.3468996649925,13.423019469831242,10
962,608.0543077956256,13.648795333203193,10
963,608.5848718422036,13.668169258035173,10
964,609.3805193583386,13.548547909245885,10
965,609.9998822211792,13.618734069950943,10
966,610.7080386118265,13.447687791619071,10
967,611.3278620864619,13.564134026737118,10
968,612.2116784035204,13.56374050731049,10
969,612.9191924138769,13.473443017221786,10
970,613.5389876515312,13.597643764476155,10
971,614.1583469872372,13.55500000722858,10
972,614.7776745525339,13.65313119138723,10
973,615.3093292171677,13.8839217877314,10
974,615.929756234169,14.102381551003672,10
975,616.5512420924645,14.078798228973312,10
976,617.1711343863262,14.14840125160699,10
977,617.7028472998418,14.447076179185313,10
978,618.499777793368,14.335124090242319,10
979,619.0318030667415,14.41203297446452,10
980,619.6511394524803,14.439544511541985,10
981,620.0942441419547,14.192325907662928,10
982,620.7130193436524,14.258133748139405,10
983,621.2453675652554,14.28029913864764,10
984,621.6888905043661,14.048583608553669,10
985,622.2198410324893,13.871975850409966,10
986,622.7512521739106,13.871300296803408,10
987,623.4585403030576,13.907954261493723,10
988,623.9016185140067,14.018105680204572,10
989,624.6978007575977,14.126945129429743,10
990,624.9650337426385,14.200016883117812,10
991,625.6731371893694,14.33276090753047,10
992,626.1161571651062,14.226861695607717,10
993,626.82467356554,14.069927351792783,10
994,627.4441211430261,13.865198066984577,10
995,628.2411822280277,13.926268480901875,10
996,628.8611221773515,14.028538557922289,10
997,629.3926339074162,14.117699837712047,10
998,630.1005785231451,14.036696259241047,10
999,630.631952595302,13.957771846202963,10
1000,631.251818413754,13.596610779649405,10
1001,631.9625213437199,13.58436286644564,10
1002,632.5821648112044,13.660091319992189,10
1003,633.2898023541508,13.493049322525929,10
1004,633.909364632766,13.376192116839166,10
1005,634.4403098786977,13.378162726021356,10
1006,635.0590797839424,13.194579767727031,10
1007,635.5907715040333,12.963243052389105,10
1008,636.2983931630903,12.712230597952743,10
1009,636.9170465999129,12.541888188523345,10
1010,637.3597701130223,12.517421238147683,10
1011,637.9786247316812,12.604585418346657,10
1012,638.510528229306,12.289011052211373,10
1013,639.2186687408133,12.143813450007912,10
1014,639.8376027704384,11.989589540597226,10
1015,640.5459603453407,12.068810133048574,10
1016,641.1652120203577,12.158406557288822,10
1017,641.8729731023922,11.917084745546752,10
1018,642.5813200791944,11.837937566084577,10
1019,643.20016940696,11.689003322442009,10
1020,643.9081140290185,11.875569274565558,10
1021,644.5279375023729,12.114356182561052,10
1022,645.0598304179624,12.179380055862767,10
1023,645.5904985802395,12.266933216895989,10
1024,646.2092526081896,12.394048017345641,10
1025,646.6523784643459,12.347275720838612,10
1026,647.2726537067535,12.478151560344267,10
1027,647.9805877419697,12.395954863498545,10
1028,648.511495915824,12.185693649406723,10
1029,649.2187028701417,12.32119652126313,10
1030,649.8384469240192,12.264184657608338,10
1031,650.6337820775202,12.207649888905529,10
1032,651.3410596176964,12.350139268386757,10
1033,652.0480353855679,12.458584130806539,10
1034,652.7557894087581,12.43004849131778,10
1035,653.3750411055506,12.261522103476407,10
1036,654.0826998279584,12.16531694933846,10
1037,654.5264080610634,11.99661230166496,10
1038,655.1461256436482,12.177136664999464,10
1039,655.8543349725174,12.30044594244698,10
1040,656.4748784655795,12.467316983877067,10
1041,657.182166595336,12.594418161921576,10
1042,657.8907147630864,12.789922399243297,10
1043,658.3347512358107,12.981753014959326,10
1044,659.0425793867664,13.045549128902895,10
1045,659.5739428686711,13.11628227548792,10
1046,660.1942057458298,13.165398816854356,10
1047,660.7259609965888,13.201890899474293,10
1048,661.2586904011561,13.339930328003927,10
1049,661.9662220691981,13.450452418014601,10
1050,662.4974426142481,13.403445414788997,10
1051,663.2932277855055,13.43250806276741,10
1052,664.0009606386602,13.452991942743552,10
1053,664.5321970650606,13.391792967266221,10
1054,665.1507922666561,13.642415348624645,10
1055,665.8578686239255,13.455493756836345,10
1056,666.4782109250912,13.543397905828755,10
1057,666.9219985706611,13.586976945990113,10
1058,667.5425314641647,13.65643529013426,10
1059,668.2502643110352,13.59757552717287,10
1060,668.9577747941729,13.325014811162989,10
1061,669.7529246545059,13.264060191812437,10
1062,670.2843622644668,13.045667981706016,10
1063,670.63999171099,12.814221076394798,10
1064,671.1723663955553,12.59839822706913,10
1065,671.70435989976,12.628099613255458,10
1066,672.4120186261482,12.762129899480836,10
1067,673.2088150029153,12.561531835803486,10
1068,673.7406867290097,12.456978751041422,10
1069,674.4490866496101,12.297576974299147,10
1070,674.8926042841368,12.117008883464026,10
1071,675.4251430977786,12.054122602151017,10
1072,675.8685142607773,11.812668189874477,10
1073,676.6636958829706,11.616800619981856,10
1074,677.3708587090836,11.466621847748632,10
1075,678.0789374527848,11.613124514395038,10
1076,678.7868608951649,11.654922492641564,10
1077,679.3175855345964,11.672911809192142,10
1078,679.9362072095331,11.752467733611114,10
1079,680.6449089069246,11.849791243467664,10
1080,681.3534094210138,11.819560114954907,10
1081,682.1495916595402,11.847674606825983,10
1082,682.9454562475546,11.983146163374688,10
1083,683.6528608440342,11.997385922058216,10
1084,684.1843619840205,12.053058019805706,10
1085,684.8048419341251,11.8076207533961,10
1086,685.3367525057026,12.025291582941176,10
1087,685.7794177716183,12.036160176998916,10
1088,686.3996383024537,12.117662817359598,10
1089,686.8423918069511,11.867459385403574,10
1090,687.5501511203246,11.857109273368666,10
1091,688.3465451264251,11.671239679557695,10
1092,688.9656115121093,11.933955411488157,10
1093,689.5863032383013,11.909827895342785,10
1094,690.2951584678806,12.081797153119071,10
1095,691.0035583873657,12.143607621252459,10
1096,691.5351018760656,12.221537296946755,10
1097,692.2433853256445,12.002866941951574,10
1098,692.7747858776945,12.109012841482958,10
1099,693.5713387126458,11.939565718011252,10
1100,694.1910668832138,12.08019535578263,10
1101,694.6331974240314,11.826615786820383,10
1102,695.2518138010001,11.906659764335725,10
1103,695.7821925584213,12.030667854729339,10
1104,696.5782371455463,11.943822882958596,10
1105,697.2867164865326,11.925160385039348,10
1106,697.9073923253161,11.843260636654485,10
1107,698.4388617037105,12.157060702894203,10
1108,699.2353474746556,12.193961085162874,10
1109,699.8555838861322,12.098392176733864,10
1110,700.2982967884066,11.985764292707639,10
1111,701.0940466642882,12.006723702605976,10
1112,701.7152642878071,12.200523643998398,10
1113,702.4245695319457,12.21147816775407,10
1114,703.1323341462287,12.332502098868883,10
1115,703.7529358675063,12.116758069309283,10
1116,704.5486522148567,12.03762952155052,10
1117,705.2564168291398,12.08525523155027,10
1118,706.0530702625963,12.240312938782768,10
1119,706.5848255333822,12.243582398410252,10
1120,707.2044266538118,12.546988778908483,10
1121,707.8247160243762,12.734095179631868,10
1122,708.444195373271,12.999734261488577,10
1123,708.9754476855567,13.160431627199776,10
1124,709.8600263746334,13.159757151322284,10
1125,710.3908392622574,13.296958217379848,10
1126,710.9224462924893,13.398293151103696,10
1127,711.54181445201,13.521502200156208,10
1128,712.2493249381212,13.405259421445633,10
1129,713.1332312575493,13.405295291828311,10
1130,713.7530547279115,13.461023883290103,10
1131,714.3741594096633,13.513868555778993,10
1132,715.083295238334,13.728447577110504,10
1133,715.7910598529973,13.85258550607644,10
1134,716.5870991517507,13.912442419561355,10
1135,717.2068961541082,14.063086572265426,10
1136,717.9142160507772,14.037279128478872,10
1137,718.6222718434631,14.123332487822562,10
1138,719.1533141510616,14.29861893977039,10
1139,719.7731376234518,14.592596345287154,10
1140,720.3041693329163,14.652896851880579,10
1141,720.9247022362752,14.765942860961802,10
1142,721.3691410865774,15.15525650645509,10
1143,721.8141940571778,15.383200391450988,10
1144,722.5223451469434,15.309443636606904,10
1145,723.0535939259887,15.447403327622768,10
1146,723.5848797632045,15.518281318009832,10
1147,724.2924961340894,15.71192795159585,10
1148,724.8232454869438,15.838263195720431,10
1149,725.3539736543178,15.836587348099904,10
1150,726.0615582656444,15.717740203205485,10
1151,726.6806881951144,15.696900817866842,10
1152,727.3011681513217,15.656745735106496,10
1153,728.0978692229871,15.699621065098516,10
1154,728.4536751333399,15.608970494746645,10
1155,728.985917463541,15.593084386639708,10
1156,729.5178633119012,15.709176983315487,10
1157,729.9609679948054,15.676878722942616,10
1158,730.5812467595895,15.524919975555914,10
1159,731.1121761092733,15.540203965938156,10
1160,731.8208936943936,15.755960282230628,10
1161,732.4402300753893,15.618420651312698,10
1162,732.9714506174333,15.349639713086363,10
1163,733.416863606491,15.637215950622858,10
1164,733.9483329699957,15.684996655116874,10
1165,734.5678176041081,15.522596275586082,10
1166,735.2756033952785,15.503626426779299,10
1167,735.8948762586531,15.362103865753243,10
1168,736.4266844662985,15.464939580741913,10
1169,737.1352538019539,15.396782283910797,10
1170,737.755871403179,15.396284334847374,10
1171,738.3763248949881,15.523886590949417,10
1172,738.9076989814346,15.713435082543734,10
1173,739.4395389576193,15.581996162121657,10
1174,740.1472029772078,15.598453115573994,10
1175,740.8552852396988,15.620370828610717,10
1176,741.5643416554365,15.609047922218759,10
1177,742.0956098429463,15.32278683183725,10
1178,742.4494815800165,15.479008807959847,10
1179,742.8045886610819,15.386604476870563,10
1180,743.68915676281,15.384696028303066,10
1181,744.2205008331214,15.42824411158212,10
1182,744.7517531432306,15.76832831399968,10
1183,745.3712166095777,15.779507792191671,10
1184,745.9021000916242,15.60047785449438,10
1185,746.4352848124278,15.633289771333246,10
1186,746.7903318773448,15.627934948559044,10
1187,747.3215577107054,15.591914451794734,10
1188,747.8531329596586,15.655602287102244,10
1189,748.4741105815006,15.506953085299989,10
1190,749.2708222479183,15.562098700630697,10
1191,749.8894386247077,15.4172973405679,10
1192,750.4214744865285,15.261276315549063,10
1193,750.952139137685,15.295805760932696,10
1194,751.4829308520256,15.386578437470199,10
1195,752.2788854410722,15.547235994185922,10
1196,752.8988430260223,15.780171108790206,10
1197,753.42984121443,15.881746037632775,10
1198,753.9621523646304,15.779174413488185,10
1199,754.6719605626897,15.568132664126987,10
1200,755.3808087306927,15.805649279625191,10
1201,756.1764509594022,15.873581920923067,10
1202,756.795776770238,15.9834145039192,10
1203,757.4146896241957,16.23252726937265,10
1204,758.2099824244593,16.10268428812211,10
1205,759.00543405932,16.275674431488046,10
1206,759.7126021828487,16.52257481867922,10
1207,759.9789139722053,16.654026984644723,10
1208,760.5100339175339,16.77968583267968,10
1209,761.041789179614,16.9537841533433,10
1210,761.5731844342897,17.27947765931864,10
1211,761.9287821092096,17.409151449839197,10
1212,762.7251973013729,17.477080265742067,10
1213,763.3463655223733,17.484852832511816,10
1214,763.8781949088523,17.28022051686936,10
1215,764.4102925273487,17.388082751790957,10
1216,765.0312383867276,17.499421717139292,10
1217,765.5624218631176,17.232980118177263,10
1218,766.3583782143997,17.416907040464537,10
1219,766.8903734885944,17.311735940195856,10
1220,767.5984363446939,17.56386652044037,10
1221,768.2193186735916,17.69644145378839,10
1222,768.9277715376277,17.788608022477298,10
1223,769.6352608556219,17.770403563579094,10
1224,770.3441425579612,17.761354870982384,10
1225,770.9638124983292,17.8835173607021,10
1226,771.7601323927149,17.935224565290266,10
1227,772.3792146646715,18.11434600041337,10
1228,772.9989798951317,18.423878340804606,10
1229,773.442074000144,18.740191299395455,10
1230,774.0616009953302,19.00858462978108,10
1231,774.5053674600765,19.000727531584037,10
1232,775.2133544304868,18.86275392418252,10
1233,775.8330190739055,18.71620315047885,10
1234,776.5421390211698,18.779377688895643,10
1235,777.1610148176862,19.02896989765574,10
1236,777.6924524211474,18.76546490324642,10
1237,778.4000476193922,18.661988588726906,10
1238,779.1954110075658,18.524765149866813,10
1239,779.9028367952649,18.42642474340434,10
1240,780.5226567286275,18.43045956756703,10
1241,781.1417548848835,18.609139661959517,10
1242,781.6733936778561,18.42723695948778,10
1243,782.4697135695282,18.613168694756798,10
1244,783.000648221802,18.692686711075964,10
1245,783.4441446938065,18.616729417084372,10
1246,784.0641799418391,18.61064192552922,10
1247,784.6830098585384,18.752702661394757,10
1248,785.4795626897994,18.773176786614986,10
1249,786.1869990568922,18.831983343915372,10
1250,786.7183307798159,18.989830536721154,10
1251,787.4257989153217,19.05550569000559,10
1252,788.0461094521618,19.196837954781813,10
1253,788.9303175428511,19.195951386250254,10
1254,789.4616439680821,19.355718276213466,10
1255,790.1699115370599,19.556292251067433,10
1256,790.7012326655431,19.762201494351576,10
1257,791.4081025419008,19.590888970757455,10
1258,792.203750060528,19.524449714812924,10
1259,792.9992016956794,19.56789539916551,10
1260,793.6186757495071,19.608877767147796,10
1261,794.1492768594796,19.512095619618524,10
1262,794.9455649884007,19.41388179239166,10
1263,795.654033743175,19.33425838750559,10
1264,796.3625024803088,19.333081457980796,10
1265,796.8939047895661,19.361266858271247,10
1266,797.4251623925486,19.682134306126184,10
1267,797.6925965691896,19.82842513370089,10
1268,798.311647075127,19.959439177594355,10
1269,798.8437941187424,19.744330394847164,10
1270,799.4639987709681,19.85828999946116,10
1271,800.0836634142518,19.88484141969861,10
1272,800.7919045132389,19.830662777193105,10
1273,801.4108703059998,19.74726185860069,10
1274,802.2067666611049,19.7471371088101,10
1275,803.0912182898732,19.747689270947145,10
1276,803.5337194276007,19.548246036691715,10
1277,804.2418193484044,19.643528612514103,10
1278,805.1266627516161,19.64164977247738,10
1279,805.6590745023087,19.72705676054903,10
1280,805.8372704318557,19.703939528938484,10
1281,806.544787983663,19.60139281593509,10
1282,807.3419514218843,19.53967335429334,10
1283,807.6967496593355,19.658046762383748,10
1284,808.3156501633009,19.689709278899592,10
1285,808.9365713170369,19.441362514746427,10
1286,809.4688418956032,19.286182371172245,10
1287,810.177485347814,19.291198442730632,10
1288,810.709076491089,19.165465825430598,10
1289,811.4180746679858,19.077535766100972,10
1290,812.0375698958063,19.150295417555267,10
1291,812.6584204546834,19.139200750174446,10
1292,813.54320032683,19.138779440429122,10
1293,813.897809736823,19.12355586352112,10
1294,814.5180267461627,19.0913066256818,10
1295,814.960538471814,18.957446301748398,10
1296,815.668181316338,18.88306107087221,10
1297,816.2887354028942,18.9524417708017,10
1298,816.9081035580514,19.067877079152215,10
1299,817.52778937312,19.388857310766706,10
1300,818.2357163445324,19.429182331536072,10
1301,818.7663933420681,19.468570956817857,10
1302,819.3863491629048,19.674975161875523,10
1303,820.006987949645,19.725775323291902,10
1304,820.6260084588324,19.593802673286792,10
1305,821.2458283949002,19.78359766275464,10
1306,821.953953020195,19.70692227267092,10
1307,822.5737658999844,19.704001225489954,10
1308,823.1939282029649,20.02085414530604,10
1309,823.7254822887313,19.964268647295256,10
1310,824.4348139979817,20.05980414652209,10
1311,824.8782575267087,20.197804608154126,10
1312,825.6741962307317,20.257057223675627,10
1313,826.4700078685231,20.320287627419518,10
1314,826.9141396450339,20.54293770232366,10
1315,827.5335201657483,20.457065890608806,10
1316,828.2406071094622,20.699391460866167,10
1317,828.9473922751973,20.482622233739455,10
1318,829.4780516219237,20.50530435020049,10
1319,830.1846250276836,20.41788717054441,10
1320,830.8043955551329,20.52567605385986,10
1321,831.3354096262458,20.44281793479664,10
1322,832.042501868876,20.553552225062436,10
1323,832.5737771174747,20.704888434345023,10
1324,832.9286230176637,20.725657113400498,10
1325,833.2831512363697,21.005085190139933,10
1326,834.1662387124059,21.0051301084404,10
1327,834.873722726549,21.257531313324296,10
1328,835.6693967204961,21.25389848403087,10
1329,836.2007707983834,21.067147168838346,10
1330,836.7328331339182,20.847609683862732,10
1331,837.0001719970791,20.9320662076065,10
1332,837.619730748797,20.960940393823847,10
1333,838.238601253872,21.021535675782278,10
1334,838.9462493976195,20.958626481059362,10
1335,839.4776658275341,21.197646672817747,10
1336,840.0977010674296,21.226684055260368,10
1337,840.9829397750731,21.22790114308631,10
1338,841.5141867978342,21.15127989782699,10
1339,842.2225231875889,21.27174575845339,10
1340,843.0181283505048,21.186246402405384,10
1341,843.8135852731791,21.36610936654775,10
1342,844.4334263898415,21.420340568081574,10
1343,845.0529586778415,21.14410749707686,10
1344,845.6731633322697,21.066992293189738,10
1345,846.2037644487664,21.119249543850707,10
1346,847.0009102373539,21.201624053711047,10
1347,847.7966054078561,21.14345427921737,10
1348,848.5917499768104,21.14548560104647,10
1349,849.2997369467137,20.89440930394331,10
1350,849.8300362839042,20.858398240349437,10
1351,850.4490656144073,20.613854529718427,10
1352,851.0682537705761,20.400656824251822,10
1353,851.6877278131157,20.422372842925174,10
1354,852.1305748510646,20.314217739550276,10
1355,852.8380853432297,20.09444856256153,10
1356,853.3697629580563,20.23253170636257,10
1357,853.989625250449,20.465739054493902,10
1358,854.8742780595621,20.46521401848439,10
1359,855.4945356666934,20.397081195177087,10
1360,855.9378591860468,20.18519627763191,10
1361,856.7336549473672,20.130260339214736,10
1362,857.2648966719537,19.934144970261308,10
1363,857.974074857628,19.9743261834255,10
1364,858.769653551738,19.94934855339765,10
1365,859.5662010989312,19.984596298825338,10
1366,860.1861622233653,20.023762520228935,10
1367,860.9830856590568,19.93787389832516,10
1368,861.6903702563881,19.694020784783323,10
1369,862.3095107575031,19.581043950189827,10
1370,862.7533178211625,19.64372799019024,10
1371,863.461209501562,19.603265352823716,10
1372,863.7281248390912,19.514009089476044,10
1373,864.3480965395171,19.26431782790944,10
1374,864.9681317683162,19.103008668186416,10
1375,865.6756704849662,18.878524305000223,10
1376,866.2060615859697,19.035561134376714,10
1377,866.6499498287692,19.04515212246099,10
1378,867.1816521510818,19.186013029024608,10
1379,867.8002314677499,19.281141162033055,10
1380,868.3323149731232,19.41386168614001,10
1381,869.1290372317972,19.607601951991185,10
1382,869.9250924139445,19.610488177495586,10
1383,870.543624080432,19.69407803757458,10
1384,871.075358167245,19.931586949999236,10
1385,871.8716568831726,20.125218004140823,10
1386,872.5792097228571,20.231943873078894,10
1387,873.1988743694786,20.186302364952684,10
1388,873.9960995821353,20.25730811392067,10
1389,874.6161771689325,20.221610860757398,10
1390,875.3239806102408,20.16615351516187,10
1391,876.0316816976483,20.11690658286992,10
1392,876.8298969282647,20.184119430845005,10
1393,877.5384556822794,20.1704536659719,10
1394,877.9821374414485,20.543372333163497,10
1395,878.5140515353908,20.68321244836291,10
1396,879.2215461394456,20.704882321027075,10
1397,879.8403795869051,21.013170849041025,10
1398,880.5485394994296,21.025335093765367,10
1399,881.1674735249322,20.882341101448397,10
1400,881.8746028265892,20.900452261878637,10
1401,882.4942039370513,20.83969155050489,10
1402,883.2016614840926,20.962927184579417,10
1403,883.8209608270312,21.142544504964672,10
1404,884.4406748713606,21.477862243661647,10
1405,884.9721548248993,21.271579803128052,10
1406,885.59200476154,21.422373292247688,10
1407,886.3000076143917,21.34529422983525,10
1408,886.9196404993402,21.398846627747783,10
1409,887.6271933394304,21.666851416090726,10
1410,888.1587915430949,21.86737321842855,10
1411,888.8670008718742,21.664796149230355,10
1412,889.3981737591497,21.693098969559024,10
1413,889.7535067026962,21.7899638995059,10
1414,890.284891362737,21.976194677048564,10
1415,890.7285254774037,22.092477715587556,10
1416,891.2598677831996,22.13432284240263,10
1417,892.0560500255785,22.045719453139853,10
1418,892.5869370231951,21.838744403988574,10
1419,893.0298828802133,21.685239853855954,10
1420,893.5620934442746,21.736267874581504,10
1421,894.181308061374,21.742223116452053,10
1422,894.8007027003247,22.062031988114875,10
1423,895.3329132701681,22.11202467781308,10
1424,895.9534885206491,21.98626324086522,10
1425,896.5733014036223,22.045805948529935,10
1426,897.1937601859374,21.875943029570013,10
1427,897.4611996532888,21.782647799299724,10
1428,898.1697954624694,21.805253932663963,10
1429,898.8781636122139,21.716006596508837,10
1430,899.4093206272619,21.65432031537149,10
1431,900.028932326007,21.372321979802845,10
1432,900.9135427822955,21.37205702314791,10
1433,901.7099156200987,21.46792763420533,10
1434,902.506817880522,21.405479840696433,10
1435,903.2154507542339,21.42902232880121,10
1436,903.7467242358385,21.481326656840135,10
1437,904.3668124229567,21.670027545258897,10
1438,905.0746299767694,21.650679403624167,10
1439,905.6940581420416,21.664114385918072,10
1440,906.401642748989,21.63298699358476,10
1441,907.1100638522532,21.861181607045918,10
1442,907.8185484907577,21.881610003046465,10
1443,908.6143918978165,21.825704824805847,10
1444,909.3229400609246,21.78384891768849,10
1445,909.8549494415887,21.585630439335734,10
1446,910.4749317415138,21.765067215202137,10
1447,911.0945487378242,21.60812028120136,10
1448,911.5376851995234,21.75841368982675,10
1449,912.2458998190323,21.588739114277992,10
1450,913.0417167576554,21.56283902717476,10
1451,913.5738267439701,21.38960915916015,10
1452,913.9286832115286,21.605472258896913,10
1453,914.6366401869282,21.5173647260268,10
1454,915.1680989754077,21.555395029992894,10
1455,915.787011830617,21.53407675485792,10
1456,916.4952105746355,21.592227018710023,10
1457,916.76243297863,21.581494300416708,10
1458,917.4705046560766,21.334525322599944,10
1459,918.2669727871032,21.311694712589556,10
1460,918.8872356764256,21.194833862595047,10
1461,919.6825761317716,21.11565673342019,10
1462,920.3018278186089,21.115871192085372,10
1463,920.6569384313141,21.025900475885276,10
1464,921.1880689759276,21.001902706647737,10
1465,921.8952829895161,20.92272324431195,10
1466,922.6038629233044,21.088397386248865,10
1467,923.4003575181675,21.179408983531328,10
1468,923.8444257590361,21.373043319069374,10
1469,924.4640268663813,21.317005772211147,10
1470,924.9069303609465,21.018372247788616,10
1471,925.6147267468148,21.078790413072436,10
1472,926.235005519951,21.12792736701501,10
1473,927.0303989199185,21.096878736057292,10
1474,927.8270841174632,21.0698297295657,10
1475,928.5350287240635,21.09622558260208,10
1476,928.9785781316332,21.000706125475784,10
1477,929.5095392599939,20.923292304626248,10
1478,929.8637286601045,20.84757893436952,10
1479,930.571260324313,20.7644327782496,10
1480,931.3672519735131,20.93536578320923,10
1481,932.1626824279643,20.916519470994874,10
1482,932.7821670628012,21.2326764103789,10
1483,933.4017999404372,21.286721395927255,10
1484,934.0218192934557,21.391644890213673,10
1485,934.7304203997713,21.433267471464287,10
1486,935.4380685383078,21.437405025448705,10
1487,936.1459602177849,21.332158996657373,10
1488,936.6775142991419,21.340923186341417,10
1489,937.3864365960992,21.569679706209612,10
1490,938.0062600650824,21.626966708029475,10
1491,938.5383823951681,21.906406124101625,10
1492,939.159317666384,21.981025722564915,10
1493,939.6030788324463,22.001567045873518,10
1494,940.0465805963968,21.793936001234545,10
1495,940.8427946012487,21.85477919531103,10
1496,941.3755716597545,22.0424566357167,10
1497,941.9951039406205,21.907517404859064,10
1498,942.5262132951814,21.62559727414254,10
1499,943.0581697421915,21.79180657979789,10
1500,943.6782896869545,21.92835734425229,10
1501,944.4737836767997,21.992109376217826,10
1502,945.2697576800304,22.057286952367612,10
1503,945.8003270222513,21.87255865678149,10
1504,946.4194357616328,21.967681032054685,10
1505,946.9504357044722,21.880658832716552,10
1506,947.5699679891077,22.101667633667766,10
1507,948.1009802944727,21.797398698589245,10
1508,948.5437937883489,21.999513334268105,10
1509,949.3394395433979,21.9813008214441,10
1510,950.1358282622335,21.966651353380623,10
1511,950.8440517131612,22.11613492193463,10
1512,951.4639175283577,22.187673468666034,10
1513,952.1734451259978,22.236226379285434,10
1514,952.9708979934612,22.295302230992604,10
1515,953.6790490907337,22.184630251845462,10
1516,954.3864942805924,22.32857679802598,10
1517,955.0061765675662,22.555736685462985,10
1518,955.8896064053594,22.555852153685063,10
1519,956.420593987618,22.69746261641412,10
1520,957.0400680292929,22.450623563218297,10
1521,957.5710450307297,22.643217378219187,10
1522,958.4553907733341,22.64388837525313,10
1523,959.2510294670714,22.582966465550683,10
1524,959.9594311504576,22.71720059026824,10
1525,960.6673863581876,22.60070232403865,10
1526,961.2865480456945,22.720718618157804,10
1527,961.9076633166349,22.85942310666847,10
1528,962.5272908915795,22.741519723909114,10
1529,963.0586014342792,22.714706084248974,10
1530,963.7671601854166,22.69287671416022,10
1531,964.2106566442774,22.81138902164151,10
1532,964.743004870367,22.510931113290994,10
1533,965.2755542672188,22.670157470176683,10
1534,965.8066530347614,22.77292447762577,10
1535,966.2489476940209,22.811428444939374,10
1536,966.6922853185404,22.715656524789416,10
1537,967.2230664315903,22.54525866050803,10
1538,967.7547740451079,22.608315159169457,10
1539,968.46290747813,22.529992011272284,10
1540,969.0819985693415,22.607024457986654,10
1541,969.5260456324215,22.373658577153755,10
1542,970.2335137737207,22.53569063041839,10
1543,970.9416348656156,22.419677996691814,10
1544,971.7378188737766,22.406517629109043,10
1545,972.5344564191455,22.481169663975166,10
1546,972.8016611830313,22.507005051033783,10
1547,973.5095952146563,22.675110631864957,10
1548,973.9530599137084,22.882460305042564,10
1549,974.6597444934641,23.132826090125736,10
1550,975.366572015404,23.186386191625598,10
1551,976.2508012841105,23.18725764504745,10
1552,976.8705153378327,23.153019569107368,10
1553,977.5780152330681,23.162261259287725,10
1554,978.3739168737673,23.240028881928808,10
1555,979.0817662017777,23.317124115689424,10
1556,979.7892766911748,23.56845531321513,10
1557,980.4988413552543,23.734681521606134,10
1558,981.2944253433337,23.7272113162703,10
1559,981.9137246695913,23.54310702768872,10
1560,982.709843375534,23.61828415054604,10
1561,983.4181585908813,23.460851848395254,10
1562,984.1260079093469,23.508748360631728,10
1563,984.8344819563961,23.572341333677738,10
1564,985.3665495763307,23.325902223636902,10
1565,985.988072501086,23.390068341988616,10
1566,986.7837517884034,23.363565676503825,10
1567,987.0520912777247,23.444508952397353,10
1568,987.5847148034021,23.35715681243297,10
1569,988.3808811536255,23.259896903095655,10
1570,989.000731098331,23.40288145847294,10
1571,989.79647391318,23.38527615745215,10
1572,990.4158632424239,23.30061566266704,10
1573,991.2117966477894,23.207680984025956,10
1574,992.0080741783686,23.280773670759018,10
1575,992.6276805786462,23.161742167469782,10
1576,993.2489281981374,23.360490872541384,10
1577,993.6921811351443,23.460886684786438,10
1578,994.1351164089031,23.493717573867464,10
1579,994.844474599874,23.369465639406606,10
1580,995.2886593180385,23.263129586110026,10
1581,995.7328016888472,23.553344917231737,10
1582,996.1769793610696,23.19593087322458,10
1583,996.9735621972748,23.27687926699333,10
1584,997.6814326969258,23.314002043038,10
1585,998.3025267883331,23.29589365645602,10
1586,998.9224879135097,23.589567896570827,10
1587,999.5420643189746,23.543560420514314,10
1588,1000.251265443196,23.680079309783107,10
1589,1000.8712159700699,23.401754206280817,10
1590,1001.6669111379136,23.565856490265435,10
1591,1002.110322890336,23.69897928118096,10
1592,1002.9065316053451,23.684809398516535,10
1593,1003.7026538371217,23.76264370002818,10
1594,1004.3220378821685,23.823781080991207,10
1595,1004.8537878461666,23.793528100641563,10
1596,1005.4734842406508,24.019078800037263,10
1597,1006.0050700849249,24.039546676841724,10
1598,1006.6243217793887,24.01235545077202,10
1599,1007.2439881853745,23.87483053665441,10
1600,1007.9515251407504,23.77804393228733,10
1601,1008.6604227297363,23.927152931309134,10
1602,1009.1032044727732,24.04948249905159,10
1603,1009.722890296585,23.92917689165987,10
1604,1010.4301996045466,23.841251112420807,10
1605,1011.0511348588705,23.726530692853178,10
1606,1011.5831230724054,23.605066588143377,10
1607,1012.1149206967984,23.804479892228596,10
1608,1012.8237706307413,23.720832333781694,10
1609,1013.3558011999519,23.687718748560393,10
1610,1013.8884247206339,23.548455047474125,10
1611,1014.3318823564372,23.703014625215697,10
1612,1015.216169863855,23.702759303535238,10
1613,1015.835442726049,23.691822714621985,10
1614,1016.3672685858443,23.982559141397193,10
1615,1016.986382629656,24.033143659214073,10
1616,1017.5167719775121,24.00093938872258,10
1617,1018.0491413850625,24.22302078049019,10
1618,1018.404608466281,24.18455214011853,10
1619,1019.2011648249406,24.25536072150166,10
1620,1019.9970435251262,24.24221816888147,10
1621,1020.7049652056821,24.169186416334437,10
1622,1021.4122780474745,24.14405697441155,10
1623,1021.9434403576709,24.190620408418578,10
1624,1022.6514802786605,23.994258954547735,10
1625,1023.3592872400692,23.73269530468099,10
1626,1024.0667183167648,23.659964849009267,10
1627,1024.333533061466,23.868446429175908,10
1628,1025.041451207138,23.80405357519213,10
1629,1025.6617087970315,23.591493996356615,10
1630,1026.4583569281144,23.411506613415657,10
1631,1026.9024569299022,23.129501169311318,10
1632,1027.6976756183008,23.201192562774803,10
1633,1028.2292773412807,23.107228355206182,10
1634,1028.7611384776292,23.126513710671137,10
1635,1029.2932113852403,23.086201321640164,10
1636,1030.0019713113898,23.007056166229635,10
1637,1030.6214771189202,22.885794760777976,10
1638,1031.240580566348,23.048585223457742,10
1639,1031.6837028973541,22.752250505981394,10
1640,1032.2146816763718,22.86135044337597,10
1641,1032.9227057111452,22.98947702541494,10
1642,1033.7182967584708,23.152329921659664,10
1643,1034.249649657673,23.11376112200328,10
1644,1034.9581766441192,23.094169727004598,10
1645,1035.4892295307213,23.222789047559047,10
1646,1036.1980124033712,23.465063541249137,10
1647,1036.8181535224862,23.636370713891836,10
1648,1037.438354657453,23.924797297208528,10
1649,1037.8820381902647,23.995627530817043,10
1650,1038.5026946210767,23.95791064982279,10
1651,1039.298988044517,24.018473955953176,10
1652,1040.0073932581586,24.263428992255367,10
1653,1040.804120809577,24.331919968643398,10
1654,1041.336144312103,24.564442972232975,10
1655,1041.867716035584,24.549964668378504,10
1656,1042.2222566101718,24.351713273694408,10
1657,1042.8420041869012,24.121091855023845,10
1658,1043.4626606289817,24.429665472657245,10
1659,1043.9060088362028,24.787444603187993,10
1660,1044.4369858375758,24.996218057478146,10
1661,1044.8803234693885,24.773738085453584,10
1662,1045.5890569315795,24.909518460469158,10
1663,1046.1204627713582,24.56430473128035,10
1664,1046.9158808718043,24.562697714591412,10
1665,1047.5353372647191,24.79322778393667,10
1666,1048.067546062363,25.097236303602116,10
1667,1048.5983430645108,24.83237636447856,10
1668,1049.130585401171,24.822339016379853,10
1669,1049.8374641054668,24.573627681519227,10
1670,1050.2810346847598,24.69324602876627,10
1671,1050.9011511081885,24.998073725968094,10
1672,1051.5208581040977,25.105196643475445,10
1673,1052.0518192265074,24.744286696126856,10
1674,1052.7592485383925,24.81590217513927,10
1675,1053.3778913874514,24.56343241967693,10
1676,1053.9975030878873,24.556792411216993,10
1677,1054.5293007127468,24.57826871007977,10
1678,1055.1487712316023,24.516198246636336,10
1679,1055.9455040739838,24.58246471708633,10
1680,1056.65335339889,24.363483934055594,10
1681,1057.2725680287724,24.567493025262696,10
1682,1057.8928785735673,24.811353185801632,10
1683,1058.7766843031868,24.810887750269767,10
1684,1059.307793672667,24.861963964401024,10
1685,1060.103806500454,24.93291305023622,10
1686,1060.7241964600223,24.855850200250035,10
1687,1061.1677193969663,24.80648690496888,10
1688,1061.8755157781823,25.044252179266675,10
1689,1062.496228689058,25.138594832483573,10
1690,1062.9399051590267,25.19447191381129,10
1691,1063.6490833395628,25.263198351192006,10
1692,1064.1811139072652,25.391483554126314,10
1693,1064.8896832451005,25.279327959391534,10
1694,1065.5110208710594,25.10051082867575,10
1695,1065.953174347974,25.23759923195163,10
1696,1066.6614578030506,25.274684289213734,10
1697,1067.2803212516726,25.307958865891695,10
1698,1067.899597635616,25.42858766187853,10
1699,1068.5179316570593,25.415699669204667,10
1700,1069.3127320908634,25.352049339126673,10
1701,1069.9312531722721,25.221910957081636,10
1702,1070.6387266083868,25.45769061611943,10
1703,1071.3472959472178,25.447380010457177,10
1704,1072.0565005977865,25.467807989131106,10
1705,1072.7668805778899,25.397150035922053,10
1706,1073.561612188646,25.365993079896185,10
1707,1074.1810191618188,25.344124768597652,10
1708,1074.8016261784096,25.416180266355543,10
1709,1075.4210684563786,25.296335120483707,10
1710,1075.9531202021258,25.206785318640975,10
1711,1076.749277733778,25.12468420989403,10
1712,1077.2804876848068,25.176057734967337,10
1713,1077.6354076945404,24.91052464295049,10
1714,1078.2547617434582,24.874939255564207,10
1715,1078.9627804864033,24.707439342447763,10
1716,1079.3186111040245,24.927351126543712,10
1717,1079.9384557601848,24.877941829809906,10
1718,1080.4696551372751,25.128394287341806,10
1719,1081.1775009293501,25.027061565334552,10
1720,1081.884884353111,25.253020178636927,10
1721,1082.5050466490143,25.0448268622913,10
1722,1082.8601678506502,25.16990162015633,10
1723,1083.6558841956974,25.188881197822006,10
1724,1084.3639558747552,25.18422918607053,10
1725,1084.98369110308,25.162076387450107,10
1726,1085.603461627835,25.08133446568892,10
1727,1086.4002156431995,25.00184637074368,10
1728,1087.0194073252014,24.75122335696695,10
1729,1087.6391990180298,24.564409422787335,10
1730,1088.0822613456853,24.409989582124904,10
1731,1088.7904600869329,24.24839568969016,10
1732,1089.4985264685552,24.36325205839018,10
1733,1090.207995840205,24.53555070279335,10
1734,1090.828110491404,24.71449803266254,10
1735,1091.3592904432085,24.750963847479955,10
1736,1091.9792833301985,24.74414375847167,10
1737,1092.6867955827786,24.987224091355174,10
1738,1093.2181008349703,24.915713336063714,10
1739,1093.8383160890603,24.92021047593897,10
1740,1094.636298370931,24.975873631366404,10
1741,1095.1675506795732,25.11382960576314,10
1742,1095.6988294699481,25.400791659682874,10
1743,1096.407351166957,25.533765462536405,10
1744,1097.2034487013157,25.71418359823645,10
1745,1097.9121768742532,25.781842453610054,10
1746,1098.5313544484688,25.984826727898238,10
1747,1099.3278649326824,25.92877320794046,10
1748,1100.0355977808667,26.03417485875271,10
1749,1100.390597198077,25.945471887894175,10
1750,1100.8344007264839,26.043012595377117,10
1751,1101.542260638835,26.241495642842168,10
1752,1102.3385805252042,26.184301190783177,10
1753,1102.870293432205,26.330914108628747,10
1754,1103.4899916080403,26.306092098328243,10
1755,1104.1087403436884,26.425201867699396,10
1756,1104.6406914893912,26.427898584995244,10
1757,1104.9961568083868,26.312817740384432,10
1758,1105.7923390458827,26.133403656960873,10
1759,1106.3232789864899,25.964705182343533,10
1760,1107.0313453730591,25.92617386286974,10
1761,1107.5619623647135,25.75856491335905,10
1762,1108.0922564052319,25.59823754988734,10
1763,1108.5346993181824,25.926206055701144,10
1764,1109.1535962922087,25.949162025474735,10
1765,1109.685663921594,26.03281124380624,10
1766,1110.4807555454668,25.93986146013029,10
1767,1111.1881442730123,25.9453350175754,10
1768,1111.8960888837014,25.675325650542238,10
1769,1112.427410018108,25.76413441695346,10
1770,1113.3117945850759,25.76426214853646,10
1771,1114.0193580168664,25.847796559411787,10
1772,1114.8153390720977,25.78702574748423,10
1773,1115.6109071791557,25.961860090376685,10
1774,1116.4063111610462,25.90330949232653,10
1775,1116.8506229349198,25.85369628060287,10
1776,1117.4702240506135,25.88815738510824,10
1777,1118.0023287323445,25.82655708543355,10
1778,1118.7100192160535,25.794569228956224,10
1779,1119.329376780332,25.58318058726679,10
1780,1120.0366437299322,25.317772530730643,10
1781,1120.6560648356942,25.21120812752987,10
1782,1121.2754647649786,25.179122141469346,10
1783,1121.8950817610446,25.192802294961464,10
1784,1122.3377417280155,25.081464750213577,10
1785,1122.6927940860598,24.911931707680406,10
1786,1123.2237393176727,25.134006911097252,10
1787,1124.0191697754233,25.08308375771046,10
1788,1124.5514085919106,25.013310243996624,10
1789,1125.259962054965,25.13584940140876,10
1790,1125.8783984177144,24.927951833002886,10
1791,1126.4092271804325,24.98512771263404,10
1792,1126.9415436245301,24.79768178608429,10
1793,1127.4740930318299,24.854840739786148,10
1794,1127.9185159934768,24.961939884574104,10
1795,1128.7150370604109,24.899840177737808,10
1796,1129.1589147098514,24.900976081298293,10
1797,1129.690881751933,25.06099812903775,10
1798,1130.4000863980157,25.15898359660878,10
1799,1131.1080839517836,25.155987009281887,10
1800,1131.8152979694753,25.127003709678576,10
1801,1132.4355502662343,25.363730969395927,10
1802,1133.1428842770015,25.135362194524422,10
1803,1133.7635971824468,25.201978259515744,10
1804,1134.4719706304145,25.283129010983842,10
1805,1135.268020517639,25.468304657495374,10
1806,1135.80065463636,25.552887079428416,10
1807,1136.4195463128076,25.58244156115491,10
1808,1137.1271044498894,25.359030610979598,10
1809,1137.658870299049,25.662549018052164,10
1810,1138.2782931684053,25.765374659590524,10
1811,1138.8097201847881,25.521268397722483,10
1812,1139.5183424748045,25.474007438112583,10
1813,1140.138330069828,25.44052965750987,10
1814,1140.7575182340556,25.61371730620269,10
1815,1141.2000087837155,25.629197082915734,10
1816,1141.8192604578967,25.8797718613217,10
1817,1142.4394121774267,25.893886340528276,10
1818,1142.9719933496822,26.08188585517996,10
1819,1143.6794579597167,26.129982207092045,10
1820,1144.2987114127689,26.40538258771635,10
1821,1144.7420808100476,26.659592117199814,10
1822,1145.5378924451227,26.694063304612293,10
1823,1146.0701347710037,26.669339805965773,10
1824,1146.6889734931565,26.591121219871155,10
1825,1147.1323958399867,26.47199555187049,10
1826,1147.8402451631102,26.324561774853468,10
1827,1148.5488886211701,26.205507883902765,10
1828,1148.815025685946,25.9568727844872,10
1829,1149.2575480005487,25.953281486470438,10
1830,1149.7009385790127,26.016157854495354,10
1831,1150.5858772772076,26.016154915168592,10
1832,1151.3818442111924,26.054449002030864,10
1833,1152.0023876997134,26.212025679964356,10
1834,1152.357572418445,26.38909862284905,10
1835,1152.9774382426888,26.426140237696437,10
1836,1153.861614569516,26.42550661830623,10
1837,1154.5697286079492,26.31763882819877,10
1838,1155.0132462568645,26.57096819706851,10
1839,1155.5449274012522,26.753769136342136,10
1840,1156.163543776175,26.72906282451044,10
1841,1156.9603719199863,26.921600045943492,10
1842,1157.8446170721006,26.920957891329422,10
1843,1158.3770658857813,26.93925461725349,10
1844,1158.99662463671,27.103114464889753,10
1845,1159.7046486638535,27.109119410527192,10
1846,1160.5882426223313,27.10907417048542,10
1847,1161.3848060467594,27.30538888492099,10
1848,1162.093228912265,27.506354338613406,10
1849,1162.8897605719787,27.546535153866376,10
1850,1163.5092240303723,27.308838033947747,10
1851,1164.3062586507556,27.238811871092636,10
1852,1164.9265268404065,27.219336004562546,10
1853,1165.5460432329287,27.10938770737001,10
1854,1165.9893385252383,27.167739714189846,10
1855,1166.5203473014653,27.124294049921097,10
1856,1167.0517001949988,27.14502628716377,10
1857,1167.7590094971051,27.10508757437816,10
1858,1168.291230656223,27.118017225267124,10
1859,1168.910572353091,27.168375736569214,10
1860,1169.7066698894473,27.174405365698977,10
1861,1170.0608063378118,27.240598176955363,10
1862,1170.6803968608867,27.139761904752792,10
1863,1171.213433339183,27.07539758358896,10
1864,1171.8346968501044,26.98721534273582,10
1865,1172.1890662541432,27.272571397755513,10
1866,1172.80934150514,27.340733566620752,10
1867,1173.3426532862932,27.403192465045255,10
1868,1173.6986003855031,27.654072173433548,10
1869,1174.2315309756264,27.480364957444465,10
1870,1174.7629632894034,27.619857740952547,10
1871,1175.3826914694744,27.52400168059129,10
1872,1175.648987368958,27.30084922458798,10
1873,1176.445730801313,27.32812680299641,10
1874,1176.888050171064,27.248193639178183,10
1875,1177.5074571551345,27.27145132540623,10
1876,1178.3039041020515,27.302059110262217,10
1877,1178.7478717496897,27.38993649597738,10
1878,1179.3670934436575,27.31904657086406,10
1879,1179.7219658009712,27.108534560718066,10
1880,1180.606099775445,27.108851441522443,10
1881,1181.2251079166301,26.922298382422323,10
1882,1181.9339737299952,26.911872297108584,10
1883,1182.817945346832,26.912871004217326,10
1884,1183.614286412214,26.848309079802643,10
1885,1184.23448048208,26.895637526260906,10
1886,1184.7655474875742,27.109516559966647,10
1887,1185.296558026817,27.15203710813444,10
1888,1186.1799402151396,27.152011057422435,10
1889,1186.7998554534734,27.055883519288834,10
1890,1187.596789475351,27.11744169713661,10
1891,1188.216538825121,27.182308057927212,10
1892,1188.6591511481292,27.065646225460828,10
1893,1189.2791440404192,26.91795460438525,10
1894,1189.9873110175927,26.932642574419674,10
1895,1190.6063403506164,27.03642154118355,10
1896,1191.1378838441808,26.90990988631556,10
1897,1191.7571461247214,26.83094618526535,10
1898,1192.5537095550094,26.826589666997965,10
1899,1193.2620988903934,26.816615962519005,10
1900,1193.8819011776939,26.8704872991053,10
1901,1194.5018887658405,26.68672818366007,10
1902,1195.2088857129852,26.75123320186528,10
1903,1196.005390902027,26.562773113826857,10
1904,1196.801509612334,26.604238232647827,10
1905,1197.5105130818722,26.461845540015275,10
1906,1198.2190294803602,26.339107945217453,10
1907,1199.0141705167632,26.386057834356844,10
1908,1199.7233222284926,26.626114409533994,10
1909,1200.431044489589,26.596375967219014,10
1910,1200.8735297477324,26.648142778536478,10
1911,1201.2293497855362,26.605651945422526,10
1912,1201.6727562308008,26.425566090726242,10
1913,1202.115982691499,26.28685040786217,10
1914,1202.6469385213056,26.444627852215827,10
1915,1203.3556666954084,26.42592058150175,10
1916,1203.974876037146,26.635693537796435,10
1917,1204.770936504851,26.604771282753727,10
1918,1205.4794917304318,26.6595409412317,10
1919,1206.27481630089,26.68549431861392,10
1920,1207.0696538016816,26.497591756275686,10
1921,1207.8657513367627,26.49083961259049,10
1922,1208.5732406442833,26.456073048678245,10
1923,1209.1049429707866,26.5327996520037,10
1924,1209.6367617725991,26.671822634947187,10
1925,1210.4334840312729,26.59653823439728,10
1926,1211.2305451198358,26.40735754169113,10
1927,1211.8505750550628,26.22127661107062,10
1928,1212.6463019892349,26.24856140601784,10
1929,1213.1782849132674,26.094604616436108,10
1930,1213.8868754323394,26.12651399436007,10
1931,1214.6831423792064,26.314402868019407,10
1932,1215.2154905867142,26.445588700960233,10
1933,1215.7471346706018,26.70260863221375,10
1934,1216.2793081771247,26.537560506274378,10
1935,1217.0760304356472,26.488174452237214,10
1936,1217.5197669148733,26.781131681414724,10
1937,1217.9637239881392,27.1021902799131,10
1938,1218.7613727321443,27.29239441425522,10
1939,1219.5571949621865,27.48454490594877,10
1940,1220.1770078426118,27.636073602744446,10
1941,1220.7970854252123,27.876705495060293,10
1942,1221.5936806173927,27.694634499418715,10
1943,1222.2131546639368,27.693086829175158,10
1944,1222.8323745834261,27.872172183072713,10
1945,1223.5393768266865,28.110458146014274,10
1946,1224.1586814572465,28.158572438912422,10
1947,1224.866133705274,28.20669092445615,10
1948,1225.5742371558433,28.32434210644035,10
1949,1226.1933353088139,28.114549629964127,10
1950,1226.9017105198486,28.164713543981772,10
1951,1227.698697485835,28.215377201286454,10
1952,1228.4081456752463,28.17744621806593,10
1953,1229.116963841839,28.190907550012874,10
1954,1229.736233171095,27.967945602747353,10
1955,1230.0918837763486,28.10341359666209,10
1956,1230.6231202004358,28.137557330480323,10
1957,1231.065753685768,28.218572970029157,10
1958,1231.5965418551734,28.301519022436054,10
1959,1232.4804958229674,28.300666630545418,10
1960,1233.1885745621,28.393280311446354,10
1961,1233.6312133550132,28.370081332801625,10
1962,1234.2515768337182,28.320375856142913,10
1963,1234.9592885053664,28.18142389604891,10
1964,1235.4902814029879,28.35084143436694,10
1965,1236.1984801518927,28.38653616415091,10
1966,1236.906668312585,28.482633846844465,10
1967,1237.4383512190088,28.662691322700457,10
1968,1238.0579946749754,28.948071062150184,10
1969,1238.7663734181228,28.913050798969806,10
1970,1239.12097046599,28.954531896266655,10
1971,1239.7400103823388,28.88652910968911,10
1972,1240.359293832532,28.674054062092218,10
1973,1241.2439572318615,28.67331308370333,10
1974,1241.9523995112272,28.655357122912676,10
1975,1242.4839747690046,28.680063716398582,10
1976,1243.2800723004334,28.694613294180883,10
1977,1243.8992604576779,28.76454915245714,10
1978,1244.5204445566117,28.746381500938895,10
1979,1245.0530786754493,28.683140899114967,10
1980,1245.5849715921036,28.635829528725143,10
1981,1246.2052397783166,28.597796773296697,10
1982,1246.9130432089262,28.590481230826438,10
1983,1247.4452961170582,28.789823952603946,10
1984,1248.2411712940798,28.827318254192768,10
1985,1248.860131789729,28.869019867462736,10
1986,1249.4796058339737,29.010105119040222,10
1987,1250.187592799774,28.838939451415197,10
1988,1251.0715502958574,28.838491571507685,10
1989,1251.5145438087338,28.902255948585143,10
1990,1252.134536697093,29.142024766672137,10
1991,1252.4896578987286,29.204504330255403,10
1992,1252.93281023598,29.066156920839834,10
1993,1253.5517760287407,28.9595486541151,10
1994,1253.8190407777242,28.700079823359097,10
1995,1254.5265618550968,28.68514047103936,10
1996,1254.9697406613245,28.78391323415493,10
1997,1255.501400635675,28.825597695445584,10
1998,1256.1209488099191,28.86910538761949,10
1999,1256.7398793143086,28.906795489025274,10
2000,1257.3593745376397,28.82337449017804,10
2001,1257.802034508024,28.72255438612926,10
2002,1258.156001544456,28.662341626830845,10
2003,1258.9523637917998,28.851371476165326,10
2004,1259.572727274259,28.55737682093415,10
2005,1260.2812083765093,28.620263419736723,10
2006,1260.9882759102638,28.623138225318012,10
2007,1261.6082793782539,28.454087071425132,10
2008,1262.1413052637317,28.470531397686624,10
2009,1262.8500440248624,28.601224979892308,10
2010,1263.6452891802119,28.795071924876158,10
2011,1264.1779409295918,28.93455682334201,10
2012,1264.9746384786629,28.956705705082477,10
2013,1265.684309021574,28.967663239502542,10
2014,1266.1272972371796,29.142930765746126,10
2015,1266.7468348136622,29.352902950471147,10
2016,1267.3667324078015,29.575989847351213,10
2017,1267.9869635355426,29.398619467879847,10
2018,1268.6065964151387,29.429715318837495,10
2019,1269.2273516738833,29.433452958641997,10
2020,1269.8478581018649,29.194813464139425,10
2021,1270.203752241364,29.211471877006904,10
2022,1270.9125651118786,29.08966956417994,10
2023,1271.5329815361745,29.27175169316141,10
2024,1272.2425744329807,29.20294405670055,10
2025,1272.9503019808872,29.0510200922126,10
2026,1273.482385485631,29.013317805643766,10
2027,1274.1029395628816,29.094485106227225,10
2028,1274.7241183666388,29.06207804991926,10
2029,1275.520607676895,29.00717181763522,10
2030,1276.2291558390366,29.0079829998393,10
2031,1276.7611016918704,29.18635355792838,10
2032,1277.4688874838657,29.44957321250909,10
2033,1278.1759585474265,29.281210464866188,10
2034,1278.7967138047927,29.333803998651476,10
2035,1279.4160925536082,29.234795682830416,10
2036,1279.683320246923,28.963470575401825,10
2037,1280.2154725838004,28.773863306787973,10
2038,1280.7462166409873,28.641259792150194,10
2039,1281.3667812995632,28.33036535040513,10
2040,1281.810923665997,28.170331871889406,10
2041,1282.5195247779302,28.22374172129528,10
2042,1283.2283217687313,28.32884974639157,10
2043,1283.9363828660967,28.382652562867605,10
2044,1284.555322184669,28.317093524252876,10
2045,1285.2640609436603,28.151082551109432,10
2046,1285.8840803052674,27.979015863680203,10
2047,1286.3275450013048,27.77571630203891,10
2048,1286.8594326203133,27.8326854247109,10
2049,1287.6550536709346,27.84717274849636,10
2050,1288.2744430161686,28.03038334699112,10
2051,1288.982069971163,28.29067909739396,10
2052,1289.4251640577072,28.344252457976086,10
2053,1290.0443204504788,28.50539022404277,10
2054,1290.6629897710234,28.413461359404174,10
2055,1291.3704155497328,28.288921406495238,10
2056,1291.8144784942847,28.426285525514086,10
2057,1292.4352655283583,28.450554636859383,10
2058,1293.0551948854256,28.462813462193544,10
2059,1293.6757913205852,28.538227132210743,10
2060,1294.2066624300478,28.37999616530265,10
2061,1295.0019658230096,28.40819720419064,10
2062,1295.357097595323,28.372944127784226,10
2063,1296.064904557553,28.601838902740056,10
2064,1296.5076880519614,28.61523234752528,10
2065,1297.1268373778375,28.570279813979298,10
2066,1297.746087297314,28.391709816287946,10
2067,1298.1882337255258,28.422312410877026,10
2068,1298.808030720429,28.312125041858923,10
2069,1299.5165788878717,28.52107042262964,10
2070,1300.2253388196345,28.297421287622846,10
2071,1300.8462740825316,28.21652220388278,10
2072,1301.554324586158,28.2861353952087,10
2073,1302.1739468723501,28.31947325721211,10
2074,1302.705278594836,28.444402322302956,10
2075,1302.972045685316,28.353642988414265,10
2076,1303.6803714923333,28.450662527601338,10
2077,1304.3876596195184,28.554884668042764,10
2078,1305.095106576668,28.658768731542434,10
2079,1305.7152106395692,28.675777684446317,10
2080,1306.5106622725266,28.62538664831511,10
2081,1307.218040402647,28.734999953739187,10
2082,1307.57316160018,28.875589862569573,10
2083,1308.1045992023753,28.673323805908495,10
2084,1308.547449762583,28.63503683897992,10
2085,1309.1671779273247,28.611700523464418,10
2086,1309.786620204563,28.791899194785703,10
2087,1310.3181213416528,28.797654562246503,10
2088,1311.0264047925527,28.789118741594077,10
2089,1311.5580118141306,28.803361627855605,10
2090,1312.0900317860746,28.940989091884784,10
2091,1312.62191412353,28.83644076525383,10
2092,1313.0645846754915,28.768708141074452,10
2093,1313.6845193224112,28.796258720464284,10
2094,1314.303548645408,28.911739217118797,10
2095,1314.5700298404777,29.02915041347011,10
2096,1315.277159141581,29.25831093241375,10
2097,1315.9846590403472,29.393655096369663,10
2098,1316.6039530820212,29.249441674989193,10
2099,1316.9597889977122,29.455092039737494,10
2100,1317.4031266281477,29.42382634874366,10
2101,1318.0234054133166,29.624455214502238,10
2102,1318.4681301527035,29.56538710547071,10
2103,1319.1759159428639,29.581898133848824,10
2104,1319.7075653178986,29.629299508464232,10
2105,1320.4150722729207,29.72658877370805,10
2106,1321.2117627597395,29.747102526890256,10
2107,1322.007602634669,29.703275987182298,10
2108,1322.5396967407128,29.921532931723753,10
2109,1323.159001378231,30.010983419720628,10
2110,1323.955241859566,30.046072583242534,10
2111,1324.6623711634409,30.149541297430204,10
2112,1325.281347550017,30.06954846966411,10
2113,1325.8125098532166,29.936101763483514,10
2114,1326.4315391851846,30.235884169759228,10
2115,1327.1406397137919,30.264847168786158,10
2116,1327.7599814094076,30.51212309665206,10
2117,1328.4682754474195,30.629032979777232,10
2118,1329.0876118406973,30.585478052931634,10
2119,1329.7954188023573,30.35357961813799,10
2120,1330.2387458400547,30.10920898322887,10
2121,1330.6828740963938,30.020192231636965,10
2122,1331.4783257242505,29.9607209624459,10
2123,1332.0992045058506,29.874636014713058,10
2124,1332.7194409231247,29.681843407806184,10
2125,1333.340053234003,29.804476066506208,10
2126,1334.047738436579,29.634245759475043,10
2127,1334.6685572216086,29.847606980681014,10
2128,1335.199518342459,29.894390435896778,10
2129,1335.8187118009168,29.81510565191881,10
2130,1336.4384293789738,29.58320923396371,10
2131,1337.2358187100708,29.41406382356901,10
2132,1337.944981005608,29.35380791906238,10
2133,1338.654217422114,29.19090884817095,10
2134,1339.3616379095652,29.384828732302985,10
2135,1339.893213162293,29.13672251996237,10
2136,1340.4240895756652,29.047251471707245,10
2137,1341.2208841834226,29.13691084804522,10
2138,1341.7541641874852,29.216619073569174,10
2139,1342.284495292656,29.20298055721671,10
2140,1342.9914498898784,29.22005482062573,10
2141,1343.6108921745322,29.189848411975902,10
2142,1344.0549921830739,29.351150292232948,10
2143,1344.7634503401036,29.292201753714256,10
2144,1345.117639740214,29.494735605849932,10
2145,1345.5613903370988,29.519235526647186,10
2146,1346.0048444554295,29.69678272918991,10
2147,1346.5353714452472,29.451386492629194,10
2148,1347.1540248820697,29.440623975358793,10
2149,1347.861108302787,29.359699936015986,10
2150,1348.3935677042384,29.598505573254776,10
2151,1349.2790675963583,29.59949551764213,10
2152,1349.9871357393495,29.8296761102311,10
2153,1350.6941697366046,29.811739898732412,10
2154,1351.401362568002,30.099633891650114,10
2155,1352.109804840397,30.215361034978486,10
2156,1352.8172994432448,30.260706531379057,10
2157,1353.4369164436152,30.437396690479677,10
2158,1354.1458563856465,30.42926241537421,10
2159,1354.8549604501081,30.45650549493897,10
2160,1355.6513085717556,30.657817358140793,10
2161,1356.4466119612484,30.614968979544702,10
2162,1356.9772713092327,30.91811827376862,10
2163,1357.6847553330103,31.119842780422676,10
2164,1358.3930652573843,31.062773009313197,10
2165,1358.5720500383145,31.13889798786633,10
2166,1359.456326956695,31.13907253383041,10
2167,1360.0756015835257,30.94429948800897,10
2168,1360.6083098164486,30.675877284824484,10
2169,1361.0517903950085,30.51627511902664,10
2170,1361.496366898498,30.58055203548066,10
2171,1362.2047474096694,30.660985310091068,10
2172,1362.8239938038648,30.64884316970512,10
2173,1363.5319984206021,30.765136980581957,10
2174,1364.3279741865592,30.685018841940792,10
2175,1364.947988249873,30.804545860769537,10
2176,1365.479009379414,30.878789161642757,10
2177,1366.0093316568518,31.005233145177435,10
2178,1366.62821274319,30.93575842015221,10
2179,1367.3360461802679,30.9604347230209,10
2180,1368.2209813495024,30.960266293911964,10
2181,1368.753340159407,31.13744474715111,10
2182,1369.285005418882,31.09480504630993,10
2183,1369.7289042438554,30.953151342808614,10
2184,1370.1731524912532,31.191777482339223,10
2185,1370.7041983216732,30.859659725603972,10
2186,1371.2351770878597,31.09905424728011,10
2187,1371.7664629280725,30.87643166369307,10
2188,1372.3867946432972,30.670897273788118,10
2189,1373.0947180828953,30.46850634103697,10
2190,1373.8056380732855,30.270073254555964,10
2191,1374.425346837274,30.142426640071058,10
2192,1375.0455691456214,30.26945306829722,10
2193,1375.5782350233567,30.292677686535363,10
2194,1376.1982226163902,30.30635398554876,10
2195,1376.906447829999,30.598000938666697,10
2196,1377.6133494828105,30.82490064181739,10
2197,1378.3205634952549,30.800296968421282,10
2198,1378.8527740733707,30.63944613124403,10
2199,1379.2960799380648,30.718390536702763,10
2200,1380.0927280761414,30.748715432604115,10
2201,1380.7123132995791,30.65130098957475,10
2202,1381.3323591178894,30.601170755293374,10
2203,1382.1283119428463,30.803022981822618,10
2204,1382.8370083522093,31.039064373919707,10
2205,1383.5455247534442,31.013986098925013,10
2206,1384.0767082305053,31.040271264161845,10
2207,1384.7835039963309,31.161727318569724,10
2208,1385.314920426884,31.128726423657277,10
2209,1386.0217638387032,31.082875401006245,10
2210,1386.3775626946294,31.12874416183178,10
2211,1386.8228274399485,31.046253033336644,10
2212,1387.2665092040443,31.19250813576654,10
2213,1387.9735961553629,31.31302147851621,10
2214,1388.5926784278186,31.572024844336532,10
2215,1389.2994953659504,31.608268923640356,10
2216,1390.1836822802345,31.606888700071874,10
2217,1390.7157234203914,31.75574080527758,10
2218,1391.4231668454431,31.87020410687241,10
2219,1392.1312879388465,31.625652373800495,10
2220,1392.5744137921208,31.75056867438433,10
2221,1393.107365557395,31.746541605190945,10
2222,1393.7269878500872,31.621330375989746,10
2223,1394.4347418750995,31.794375832381018,10
2224,1394.965697699916,31.583348812010335,10
2225,1395.4102424178502,31.60099755118592,10
2226,1396.0299123497,31.448474069404234,10
2227,1396.649301686328,31.35714621117037,10
2228,1397.181106362746,31.489551389401655,10
2229,1397.8884791987093,31.317507686571393,10
2230,1398.4198691538277,31.51330924960937,10
2231,1399.0398055656867,31.616768453642532,10
2232,1399.8349289537136,31.58842673907209,10
2233,1400.2791560355952,31.645289007170437,10
2234,1400.9873706533285,31.51419668468511,10
2235,1401.6071570638853,31.45755708336781,10
2236,1402.40318753368,31.42946470338052,10
2237,1402.9335715842328,31.544970091834447,10
2238,1403.6417120896385,31.50908893378038,10
2239,1404.2613979086946,31.334354905994598,10
2240,1404.9691625270802,31.455717739335764,10
2241,1405.7658247786185,31.298941633774103,10
2242,1406.3852458858432,31.32600279764323,10
2243,1407.1804645701388,31.53354663308814,10
2244,1407.6243739814133,31.661954656617517,10
2245,1408.1557692328984,31.422224714050422,10
2246,1408.8639891463772,31.47277583231562,10
2247,1409.4842749777617,31.332795768084196,10
2248,1410.3677365796002,31.332682700756664,10
2249,1410.9870835606337,31.38573385345928,10
2250,1411.695896431617,31.221825889911003,10
2251,1412.5792486184714,31.222274424278535,10
2252,1413.1978067620937,31.30893042722185,10
2253,1414.0827666376274,31.309259757935024,10
2254,1414.7011606575088,31.356411621617088,10
2255,1415.4965646460303,31.38369018659644,10
2256,1416.0283410956122,31.400901984919088,10
2257,1416.3838646500935,31.45145352600946,10
2258,1417.0034816407306,31.484371408174567,10
2259,1417.534739244842,31.28855620126525,10
2260,1418.331159730057,31.281904090888755,10
2261,1419.128093757155,31.311332962537588,10
2262,1419.8352971785273,31.48843778746861,10
2263,1420.5434747460804,31.437999110244885,10
2264,1420.8984476940855,31.328087048117517,10
2265,1421.6067187907047,31.328077898491216,10
2266,1422.226505201355,31.506864700359998,10
2267,1422.7576992786649,31.223683142988996,10
2268,1423.3776815827187,31.161890437435765,10
2269,1423.9970126940475,31.009454511150945,10
2270,1424.6160843672621,31.090482900970184,10
2271,1425.1485702484283,31.291670798424203,10
2272,1425.8565042782,31.21577274193511,10
2273,1426.5654018571292,31.28182064188245,10
2274,1427.1852147428283,31.510661111231045,10
2275,1427.7164829246249,31.485811393271312,10
2276,1428.3354910660978,31.19067379153265,10
2277,1428.6908346214648,31.16694078659915,10
2278,1429.486485674942,31.156532751450715,10
2279,1430.0173885628678,31.33446056967193,10
2280,1430.636926147503,31.28647193288004,10
2281,1430.9918726152873,31.35063456071763,10
2282,1431.347092631448,31.143137254035008,10
2283,1432.2319519190773,31.141838375070076,10
2284,1432.587104871382,31.134977833659363,10
2285,1433.1189289565982,31.004714889430083,10
2286,1433.9166782939465,30.947558019447744,10
2287,1434.7137534916194,30.94292210258259,10
2288,1435.4220740064632,31.18661703575223,10
2289,1435.953545141218,31.378185633065968,10
2290,1436.8392568019283,31.378501781636572,10
2291,1437.5471343583104,31.33701762136751,10
2292,1438.166386048877,31.36968579691157,10
2293,1439.050657671746,31.370449880815453,10
2294,1439.5837417923399,31.56155615672635,10
2295,1440.2917128841523,31.526641118623612,10
2296,1440.8240134543237,31.832773167186943,10
2297,1441.2678434499946,31.9023449109985,10
2298,1441.9757774814682,31.83772903176309,10
2299,1442.594595031972,31.783629923814445,10
2300,1443.213899666132,31.769853541590095,10
2301,1443.9210219040956,31.76263927328619,10
2302,1444.6280241367804,31.640364675124207,10
2303,1445.336281118497,31.514078690466132,10
2304,1445.7798622969854,31.504353234589196,10
2305,1446.3993257579205,31.661336483894328,10
2306,1447.0201498429144,31.888163340868857,10
2307,1447.8156685393228,31.923920269939124,10
2308,1448.3468696659424,31.86640849068472,10
2309,1449.054964281462,31.826586886502206,10
2310,1449.6742000904933,31.649320578258294,10
2311,1450.558805250967,31.64975821659926,10
2312,1451.0025734825851,31.749309619769523,10
2313,1451.535535840465,31.56216239274681,10
2314,1452.1547504747753,31.751255560453558,10
2315,1452.5096651884803,31.51152564114232,10
2316,1453.3069804033548,31.544096980069103,10
2317,1453.7503868555636,31.81167585264299,10
2318,1454.5459232008818,31.844264207228576,10
2319,1455.2536348777928,31.86521611593595,10
2320,1455.7844512800955,31.911238901402534,10
2321,1456.4031453100147,31.890062395675734,10
2322,1457.2891005071194,31.89084739442064,10
2323,1458.0852192184923,31.85257105862497,10
2324,1458.7051238711576,31.732444204482885,10
2325,1459.3248696966325,31.680780443654214,10
2326,1460.2095189772951,31.680648297613253,10
2327,1460.829490677304,31.56001471052753,10
2328,1461.6256005625419,31.49972580202357,10
2329,1462.4214227966572,31.709122166498183,10
2330,1463.3049426353145,31.708338406298108,10
2331,1463.747200226364,31.631404060032683,10
2332,1464.1911731699975,31.6991379870606,10
2333,1464.811579006601,31.416697074302768,10
2334,1465.3430801561203,31.34535181878831,10
2335,1465.963644822632,31.47143293421771,10
2336,1466.5838388921272,31.449956271920083,10
2337,1467.115340028596,31.71893858740834,10
2338,1467.8239093641243,31.744949890567973,10
2339,1468.4425363308053,31.491605874928233,10
2340,1469.2382315030814,31.437371648345316,10
2341,1469.94697025797,31.349591453313916,10
2342,1470.8308359877078,31.3489557169018,10
2343,1471.4504212162199,31.11181606670783,10
2344,1472.0707211679746,31.029013485131717,10
2345,1472.689798141601,31.0934929597212,10
2346,1473.3979439361935,30.89267200490396,10
2347,1474.0171691510754,30.97501235191312,10
2348,1474.7263314498916,31.003689592422177,10
2349,1475.3455725468907,31.01053522079014,10
2350,1475.9643901088216,31.013991141037234,10
2351,1476.4067024089695,31.046505931556798,10
2352,1477.2033611272504,31.0850499233351,10
2353,1477.823205774933,31.19600514116119,10
2354,1478.4431139456842,31.113917047174485,10
2355,1479.062958590813,31.15665655979199,10
2356,1479.8586855227609,31.227967300948315,10
2357,1480.5673183876993,31.26062652449247,10
2358,1481.0106560305583,31.31732649643761,10
2359,1481.8068488623474,31.388081731386325,10
2360,1482.337979402006,31.464959570128098,10
2361,1483.0459910873153,31.29258503882641,10
2362,1483.754422776435,31.360770382047722,10
2363,1484.4621556222567,31.603941390293677,10
2364,1485.1699043598182,31.75585332538921,10
2365,1485.7902466675127,31.948550140282023,10
2366,1486.3212342544737,31.88667260873741,10
2367,1487.030269490793,31.81891277238848,10
2368,1487.650802386945,31.647587120004758,10
2369,1488.3589587814663,31.68096560327509,10
2370,1489.1548551344467,31.719243858627856,10
2371,1489.8634509400686,31.741112511645667,10
2372,1490.3959526912267,31.900968203043607,10
2373,1490.9274855958297,31.895717494203627,10
2374,1491.3712891266503,32.05978422696719,10
2375,1491.9034785232805,32.169857256716966,10
2376,1492.6997560539635,32.20629963797335,10
2377,1493.4958482866812,32.24590624330415,10
2378,1494.2044176300592,32.39387340330953,10
2379,1494.8240840353913,32.46713055257071,10
2380,1495.4451798968748,32.4374171998619,10
2381,1495.8878398606967,32.25082173404177,10
2382,1496.4191239323163,32.17261956632208,10
2383,1497.0393391816308,32.048982447155346,10
2384,1497.7469449608766,32.18881928385583,10
2385,1498.3680390525776,32.21898242583924,10
2386,1498.899550773464,32.31023993518538,10
2387,1499.7825941300446,32.31022595987956,10
2388,1500.4020664122268,32.316427692432804,10
2389,1500.9334404849965,32.57444970737822,10
2390,1501.4643169054843,32.80975380123236,10
2391,1501.9966015981956,32.62208937036963,10
2392,1502.7044509163088,32.636794143976765,10
2393,1503.4126602483143,32.50139843181058,10
2394,1503.7675449639728,32.37845618887984,10
2395,1504.563511906682,32.58102864778106,10
2396,1505.1836636204694,32.75752334795423,10
2397,1505.7150130017835,32.6641991776834,10
2398,1506.4230317454117,32.65366987522728,10
2399,1507.0419040120617,32.656370555753995,10
2400,1507.4844651459678,32.44041166583976,10
2401,1508.015685688031,32.25388037704611,10
2402,1508.7231644127282,32.13419619842912,10
2403,1509.078227352996,31.900958228627786,10
2404,1509.433930918284,31.868749961927968,10
2405,1510.053071425091,31.90256774591644,10
2406,1510.9373571667425,31.900754481563695,10
2407,1511.468720658784,31.824850768146558,10
2408,1512.0885653106016,31.697362067499405,10
2409,1512.795969915899,31.722965284629684,10
2410,1513.2397310990905,31.54928089868874,10
2411,1513.9469768737201,31.490959555207876,10
2412,1514.5668056286545,31.59760186656109,10
2413,1515.363570236047,31.441190817833228,10
2414,1515.9832719359108,31.755928164527464,10
2415,1516.4282401939033,31.80971890854341,10
2416,1516.8709001622206,31.569179887453153,10
2417,1517.490280673512,31.554003448543234,10
2418,1518.2869341014602,31.58705187749061,10
2419,1518.8185799567746,31.623070554085878,10
2420,1519.1733887847756,31.91527942477244,10
2421,1519.8815310510226,31.917957746219933,10
2422,1520.4122168719855,31.847867987120498,10
2423,1520.9448351046117,31.871080595367342,10
2424,1521.7412132305103,31.94103231141108,10
2425,1522.3600360796288,31.822483172242922,10
2426,1523.0679012807836,31.74374588868914,10
2427,1523.4237054223297,31.876369625575187,10
2428,1524.2203217899055,31.949222596705503,10
2429,1524.8395628922601,32.07587548559471,10
2430,1525.10693881433,31.86103714653359,10
2431,1525.726719929782,32.177828897783996,10
2432,1526.3477293109697,32.144608305593,10
2433,1527.0569604352252,31.92918641506038,10
2434,1527.7661438983278,32.04930381116633,10
2435,1528.2986033071857,32.064782614779176,10
2436,1529.0068973451848,31.98111484687308,10
2437,1529.5386737793508,32.01721662558802,10
2438,1530.3347377737596,31.86927125105907,10
2439,1530.69068487493,32.01369306012248,10
2440,1531.3979588830553,31.949824104425485,10
2441,1532.0185764932662,31.933395999455996,10
2442,1532.3732494366454,31.9823448809548,10
2443,1533.0812893527677,31.946570906571683,10
2444,1533.965208025844,31.94661872923998,10
2445,1534.4971644756101,31.897922900099594,10
2446,1534.7637409765798,31.781825214738145,10
2447,1535.2961844909628,31.8056097804324,10
2448,1535.7391303475656,31.709682976150173,10
2449,1536.1829126953248,31.654154790110663,10
2450,1536.8899466922326,31.444408473463668,10
2451,1537.5979971939207,31.29563629659961,10
2452,1538.1291171450143,31.06820861095823,10
2453,1538.8369558694692,31.119432770629345,10
2454,1539.7212063169845,31.11985554588623,10
2455,1540.3403203613727,31.342183470857034,10
2456,1540.960140308764,31.21695903736715,10
2457,1541.6680849295776,31.216994515099802,10
2458,1542.2870719078796,31.258365775928098,10
2459,1542.905753583516,31.32518359254113,10
2460,1543.350848908312,31.4240917315929,10
2461,1543.8824982838698,31.28554726762677,10
2462,1544.5912423325635,31.24811110436274,10
2463,1545.2116481797107,31.29729820844125,10
2464,1545.9195610357126,31.0775928785153,10
2465,1546.6267062239388,31.228141528410315,10
2466,1547.2466302882808,31.243563169474637,10
2467,1547.954786673521,31.17426371739261,10
2468,1548.6627418727292,30.966862472003008,10
2469,1549.3708347363504,30.935505498028522,10
2470,1549.902568814196,31.030030648329927,10
2471,1550.6100651898937,31.163314461682763,10
2472,1551.3180733354664,30.95418739901726,10
2473,1551.9382991661762,30.786206880911248,10
2474,1552.4704673827073,30.613824809644267,10
2475,1553.1780202245277,30.550096642624297,10
2476,1553.7982672362698,30.384684062277866,10
2477,1554.3295777826775,30.668184190067453,10
2478,1555.213796462976,30.667568833892496,10
2479,1555.9219422635774,30.494190905520764,10
2480,1556.3648563543954,30.345199090993805,10
2481,1557.0738986523893,30.332487924219272,10
2482,1557.6049991873929,30.439571732990654,10
2483,1558.2255320880572,30.34609813107748,10
2484,1558.9329755085184,30.257998662698846,10
2485,1559.4645772334466,30.10864441679285,10
2486,1560.2614530186502,30.18897935952877,10
2487,1560.6178342399228,30.430916449340387,10
2488,1561.2380177239525,30.209353165428098,10
2489,1561.7699953483948,30.253579725719856,10
2490,1562.5652669757449,30.2009019277795,10
2491,1563.185667520976,30.32562112440584,10
2492,1563.629142800705,30.13919675611443,10
2493,1564.1603580527037,30.104007434802703,10
2494,1564.3387181177966,30.174221380571755,10
2495,1564.9583721650156,30.319083450956494,10
2496,1565.5788662406535,30.302830585887865,10
2497,1566.1992720697497,30.354313413071583,10
2498,1566.6423908701781,30.283806471502032,10
2499,1567.0855485052016,30.16293971798551,10
2500,1567.7046943089485,30.425980089401108,10
2501,1568.1483601934638,30.543947948848764,10
2502,1568.5916554749642,30.455757846584948,10
2503,1569.211330690046,30.25942667096217,10
2504,1569.7423712256482,30.609466399342452,10
2505,1570.6269499157088,30.60932073721122,10
2506,1571.2455609961557,30.7749372625611,10
2507,1571.8652574099065,30.84706938050286,10
2508,1572.5723937678747,30.68449092821726,10
2509,1573.1912589792862,30.68354199795908,10
2510,1573.8990624197938,30.762467093515472,10
2511,1574.6946022917386,30.970670342609832,10
2512,1575.4909115969053,31.00958740765788,10
2513,1576.109510324453,30.97380516269683,10
2514,1576.7290937899145,30.95570336468711,10
2515,1577.1716055161564,30.98957521317359,10
2516,1577.8804078071762,31.103995301750736,10
2517,1578.588431843797,30.87565914894497,10
2518,1579.2076729491116,31.081593764667733,10
2519,1579.649964082073,31.138184116104174,10
2520,1580.1830005617794,31.316032633769737,10
2521,1580.8905710496708,31.385601165589176,10
2522,1581.4217598221126,31.33270182704745,10
2523,1582.1292279531374,31.203771850269785,10
2524,1582.749284361727,31.116538667797425,10
2525,1583.546336621464,31.2010287009854,10
2526,1584.0786530716975,31.319812328145378,10
2527,1584.785771786865,31.33919607447281,10
2528,1585.4946376105931,31.32508521272548,10
2529,1586.026618743576,31.300781789388118,10
2530,1586.6468763416271,31.225027224055435,10
2531,1587.0906163503582,31.497802099217335,10
2532,1587.6220433648123,31.605771351844535,10
2533,1588.0654445332452,31.856827584111144,10
2534,1588.7734809225954,31.89261132071894,10
2535,1589.2162926557107,31.72655225658421,10
2536,1589.9247155139763,31.6640727316168,10
2537,1590.5443801570052,31.629192900192624,10
2538,1591.1649977646598,31.598982429936683,10
2539,1591.7856012597504,31.789546560136092,10
2540,1592.3162129625805,32.036340078050586,10
2541,1592.7589964588103,32.148645220745976,10
2542,1593.4665104737637,32.38059180882431,10
2543,1593.9974610029215,32.3116308059693,10
2544,1594.6179091986924,32.257243953791836,10
2545,1595.3256473470458,32.13672333785198,10
2546,1596.0328454776104,32.05190015885935,10
2547,1596.563811901587,32.057894493155565,10
2548,1597.3589776379006,32.09151815301603,10
2549,1597.978081086576,32.366828578396216,10
2550,1598.5976080788373,32.3756536623927,10
2551,1598.952259849801,32.47419178050036,10
2552,1599.4833321513104,32.633423694604794,10
2553,1600.1027479639129,32.77028316188401,10
2554,1600.6333914298937,32.79006364246271,10
2555,1601.2529237149654,32.81800811631272,10
2556,1601.7850442752288,32.790029907155684,10
2557,1602.1392548585525,32.91215360881933,10
2558,1602.494164272627,33.107006148998714,10
2559,1603.0251889337997,33.12948200161478,10
2560,1603.6439270815881,33.2157854373714,10
2561,1604.1753329206972,33.15047417021421,10
2562,1604.6184905432392,33.09279297999991,10
2563,1605.1502881671547,33.17375235329819,10
2564,1605.769698681511,33.493862306421775,10
2565,1606.0366987221428,33.729712642925385,10
2566,1606.7442798038314,33.66653569236971,10
2567,1607.2756856401602,33.94283191003146,10
2568,1607.718070306771,33.602385689750655,10
2569,1608.1606985219548,33.493694611331215,10
2570,1608.6922896616245,33.4324616972515,10
2571,1609.312240196612,33.530321353277316,10
2572,1609.9315818881246,33.32278413853117,10
2573,1610.638891190824,33.439516744304534,10
2574,1611.3473652338962,33.42301524198991,10
2575,1611.791306415254,33.43985260926875,10
2576,1612.4991875069932,33.63963691185719,10
2577,1613.2069785822582,33.46636750841696,10
2578,1613.7382679534355,33.41699472083729,10
2579,1614.357376688881,33.50194024728262,10
2580,1614.9776289939366,33.421253903402764,10
2581,1615.6844459302608,33.439293139704596,10
2582,1616.3038882147657,33.550058064401,10
2583,1617.1002433992726,33.51277667120786,10
2584,1617.8077256510048,33.80998192132807,10
2585,1618.33919501371,33.78961195028173,10
2586,1618.9590396644728,33.94191715807956,10
2587,1619.5783125331668,33.844005121558396,10
2588,1620.3744524185065,33.808866623805905,10
2589,1620.9948741445914,33.937132833265245,10
2590,1621.2607112022174,33.661093062902275,10
2591,1621.703950013371,33.522712111838274,10
2592,1622.3233922903223,33.51913796152828,10
2593,1622.9433322404466,33.54752181807609,10
2594,1623.6504986054965,33.50555770273596,10
2595,1624.2707562053097,33.34383958046451,10
2596,1624.8028820744426,33.44498870281638,10
2597,1625.0685320608777,33.239892194332846,10
2598,1625.7762490244452,33.311935923178346,10
2599,1626.30768309954,33.24751481300121,10
2600,1626.8392336611014,33.07291336767749,10
2601,1627.5469841579068,33.096835830006,10
2602,1628.2538752140977,33.16222751726865,10
2603,1628.7849475142039,33.224129515449434,10
2604,1629.1401922349119,33.24486751604916,10
2605,1629.8487403958945,33.2008076341,10
2606,1630.469087997,33.05531794798711,10
2607,1631.177456154484,33.1073572377519,10
2608,1631.709259059072,33.08617010066643,10
2609,1632.240061346882,33.34876915200124,10
2610,1632.8587677222795,33.633308494011885,10
2611,1633.7433358232963,33.63467499967069,10
2612,1634.3628363421408,33.51985818888775,10
2613,1635.1583938631059,33.36396319264938,10
2614,1635.4259304019395,33.644260191664486,10
2615,1636.133806193686,33.7873277259826,10
2616,1636.6657520450233,33.86795275874714,10
2617,1637.2859566906259,33.589055514065315,10
2618,1637.730039046784,33.54915905964185,10
2619,1638.3503390037054,33.7080290358331,10
2620,1639.058124793214,33.531127768806584,10
2621,1639.765889406587,33.314226955069316,10
2622,1640.3865776065109,33.40962028361885,10
2623,1640.7412328997202,33.530524483670064,10
2624,1641.5380080994419,33.497797751965315,10
2625,1642.1581809983468,33.62395311676503,10
2626,1642.6888527060823,33.845845361098846,10
2627,1643.3087396996857,33.61436380741414,10
2628,1643.663511468219,33.55240816993898,10
2629,1644.45992665708,33.537713677408235,10
2630,1645.1677018562227,33.440645460772934,10
2631,1645.6122359877495,33.688234520498966,10
2632,1646.056219526518,33.708412428238844,10
2633,1646.5885571578772,33.55493898321346,10
2634,1647.032493041909,33.51069945010954,10
2635,1647.7394370427858,33.301097086351106,10
2636,1648.2705464079736,33.28139743282492,10
2637,1648.7140534555037,33.334785500634496,10
2638,1648.8933311908647,33.38853047581141,10
2639,1649.4244582027616,33.50825856801943,10
2640,1650.133256963821,33.297223801003476,10
2641,1650.752836893591,33.22099004229027,10
2642,1651.372194462991,33.27971866462693,10
2643,1651.9032685376321,33.43776032935852,10
2644,1652.5219484429283,33.61051864723582,10
2645,1653.1430213628978,33.75719524840952,10
2646,1653.8514742371394,33.981490666297354,10
2647,1654.4707153442127,34.30362313054809,10
2648,1655.1778022904186,34.247996575129136,10
2649,1655.8845927560517,34.15430095475676,10
2650,1656.3283274578837,34.12242507657544,10
2651,1656.8600933112734,33.939848963325566,10
2652,1657.3035103568673,34.09081662576307,10
2653,1658.0122279346735,34.01994467520927,10
2654,1658.4558567477866,33.868565836460064,10
2655,1658.9001579407625,33.8840586645414,10
2656,1659.6068584063644,34.11566445835806,10
2657,1660.3139718262064,34.10837849205774,10
2658,1660.933329404074,33.861960733855184,10
2659,1661.4655664430695,33.73802322128713,10
2660,1661.9985605593051,33.6213745063863,10
2661,1662.3535229150282,33.505415199565746,10
2662,1662.8858711247383,33.71674702682097,10
2663,1663.5061181370008,33.852042814365255,10
2664,1664.0377992848685,33.88272144984857,10
2665,1664.74625215911,33.88031419676603,10
2666,1665.3651544337379,34.100658425005044,10
2667,1665.9863844131844,33.95051457842998,10
2668,1666.6942284463341,34.02631461655964,10
2669,1667.2260737030956,33.87016483527465,10
2670,1667.9343677434656,33.941326260043866,10
2671,1668.3771918248817,34.003842971069844,10
2672,1668.7331883315514,34.221324026400815,10
2673,1669.2650018292838,34.525126392491586,10
2674,1669.7090277216917,34.320522408102455,10
2675,1670.152259465523,34.24383704019095,10
2676,1670.5950200197647,34.09582348126289,10
2677,1671.4784657393782,34.095503927884124,10
2678,1672.0972833013093,34.11563394704168,10
2679,1672.7179326765304,34.2247982607021,10
2680,1673.4249525670348,34.15045193437695,10
2681,1673.779941395215,34.14480855339715,10
2682,1674.4895131165213,34.37865494387614,10
2683,1675.2857447683236,34.41154480473446,10
2684,1675.6407247852846,34.646222119199265,10
2685,1676.2601670727868,34.59979162339166,10
2686,1676.9673916669951,34.4129480364523,10
2687,1677.674536841231,34.24064080932858,10
2688,1678.3824849900684,34.12060075789004,10
2689,1679.0019484494164,33.88140881019632,10
2690,1679.796976544257,33.85676110735071,10
2691,1680.328329439351,33.89007752238091,10
2692,1681.035310496219,34.00666861916191,10
2693,1681.655599864995,33.76668678839725,10
2694,1682.3649421640973,33.851624956630914,10
2695,1683.2502302844193,33.85313341604602,10
2696,1683.782154960955,34.02649310581746,10
2697,1684.5784289708322,33.97041022579407,10
2698,1685.463392379131,33.96959031289163,10
2699,1686.0830358410687,33.90259620565447,10
2700,1686.7020334060876,33.74922305066671,10
2701,1687.3222115967048,33.91568311329896,10
2702,1688.0307280012416,34.104112783281046,10
2703,1688.7390855758204,34.29490287026444,10
2704,1689.3579772566009,34.32590293027555,10
2705,1689.8002136769599,34.42281085313438,10
2706,1690.5955488358456,34.525215763005434,10
2707,1691.3032816790642,34.73865093312154,10
2708,1692.0113110108455,34.71161433188803,10
2709,1692.7185832564987,34.756289233841294,10
2710,1693.2492902467784,34.8758523784265,10
2711,1694.133990704268,34.876252103459066,10
2712,1694.8410247074194,34.790361898388745,10
2713,1695.5477675267225,34.577974162701,10
2714,1696.0800204500672,34.407645043318595,10
2715,1696.6110768682709,34.705111689364536,10
2716,1697.4067773316178,34.73520113219388,10
2717,1698.0269819884147,34.63725176544019,10
2718,1698.470287855286,34.726771904885304,10
2719,1698.7371925950542,34.813006164133,10
2720,1699.44467132126,34.769703449103915,10
2721,1700.0642406583975,34.74486421207087,10
2722,1700.5957523866352,34.69188916801809,10
2723,1701.3040464162452,34.71716834115658,10
2724,1701.835326960382,34.90789930963299,10
2725,1702.5435786457372,34.912193287171995,10
2726,1703.163915661968,35.08523543322969,10
2727,1703.9596637733223,35.2852830300247,10
2728,1704.7550783483202,35.25830716988311,10
2729,1705.286388886669,34.98542238112003,10
2730,1705.9935393648634,34.987894205381046,10
2731,1706.613410479205,35.238107501173985,10
2732,1707.1455892811034,35.162338599494554,10
2733,1707.7656351179005,35.443222611360135,10
2734,1708.6502138083604,35.443788762112014,10
2735,1709.2700055038063,35.51383678587877,10
2736,1710.0665106917174,35.716826362007836,10
2737,1710.5982130062791,35.94234725513114,10
2738,1711.0412223908613,35.7828024464111,10
2739,1711.661635288287,35.83968782949639,10
2740,1712.3697810786373,35.77767474702915,10
2741,1712.9897086724734,35.954716547822564,10
2742,1713.5206592173322,35.87971083862443,10
2743,1713.9633985971188,35.89365976733486,10
2744,1714.5834303109368,36.088027838671344,10
2745,1714.9388850399587,35.92057202378542,10
2746,1715.6486508890207,35.890557538451695,10
2747,1716.2685484839847,35.96246858494364,10
2748,1716.8903096610345,35.806052826802244,10
2749,1717.598783696379,35.8928046716522,10
2750,1718.1309836847581,35.614531701479635,10
2751,1718.6638083856694,35.928771877758805,10
2752,1719.2838753905587,35.704891428814435,10
2753,1720.0796340881388,35.72133328350092,10
2754,1720.5219658112292,35.718490197702415,10
2755,1720.9643716520266,35.675791795447566,10
2756,1721.6721362719795,35.973003110437695,10
2757,1722.3793785207927,35.939426826972294,10
2758,1723.0868219489173,35.98133418657082,10
2759,1723.7060859894623,36.01566563812198,10
2760,1724.3258247522965,35.936651473597564,10
2761,1724.945268799155,35.95859130378553,10
2762,1725.7420016394822,35.869937792198584,10
2763,1726.53763327736,35.78242557141842,10
2764,1727.2454190650485,35.82978338251,10
2765,1727.7764648781256,35.70362725083745,10
2766,1728.3080136769415,35.652977695351964,10
2767,1729.014818257029,35.593878264265726,10
2768,1729.546510000006,35.5416491814643,10
2769,1730.2555505290468,35.55495664314618,10
2770,1730.8758151956833,35.67631854836723,10
2771,1731.496602226454,35.53199901430806,10
2772,1732.0277433500712,35.62440416917229,10
2773,1732.736132686146,35.91590734290387,10
2774,1733.5313301886902,35.75691082274295,10
2775,1734.0620689470554,35.71240707921004,10
2776,1734.6818871211733,35.98978631700454,10
2777,1735.3015200035356,36.12550790950287,10
2778,1736.009522852146,36.13771457298345,10
2779,1736.7169645145555,36.15998718654525,10
2780,1737.4252003207475,36.2188454951153,10
2781,1737.9565426252223,36.411653271804816,10
2782,1738.398427850345,36.32728399803878,10
2783,1739.019013693307,36.45427656461525,10
2784,1739.5513513308008,36.39458629001688,10
2785,1740.0828524654407,36.39694032557322,10
2786,1740.7905606036643,36.15167198370013,10
2787,1741.3216876186998,36.151929809685726,10
2788,1741.9408863705316,36.023247441290884,10
2789,1742.5607627850477,36.24641070682306,10
2790,1743.4453944167785,36.245401674094495,10
2791,1744.2419154851527,36.34505224803959,10
2792,1744.7762384675984,36.368931261052516,10
2793,1745.3967201911357,36.418320646855776,10
2794,1746.0168154294583,36.50211427201885,10
2795,1746.5478930267022,36.67161579856613,10
2796,1747.3440505530748,36.66637521589706,10
2797,1747.787356420687,36.73540712753568,10
2798,1748.3186140209418,36.83340117182327,10
2799,1749.0257221437453,36.7135995966815,10
2800,1749.5576521260568,36.732406879700356,10
2801,1750.3535643625705,36.7248679059068,10
2802,1751.0614348674912,36.86171418171392,10
2803,1751.681485980908,36.848791597963704,10
2804,1752.30136239172,36.72730370420246,10
2805,1752.7440400112912,36.829993853404936,10
2806,1753.1870282207478,36.7616729515248,10
2807,1753.7195458501806,36.55406559967726,10
2808,1754.3384445848162,36.64317540567057,10
2809,1754.9580668675765,36.638939495944626,10
2810,1755.755064419638,36.64835799039675,10
2811,1756.552146685026,36.64203175180296,10
2812,1757.2606419025772,36.61872687499049,10
2813,1757.8803700774467,36.746248118318654,10
2814,1758.4994523469588,36.87823905904682,10
2815,1759.0324888199052,36.99627227842538,10
2816,1759.6525081750394,37.1968263634444,10
2817,1760.3606592691744,37.14943047010417,10
2818,1761.0695198004246,36.966487876984445,10
2819,1761.7775173632212,36.75585989826012,10
2820,1762.5735619572151,36.69644124330895,10
2821,1763.1940807452816,36.823352056812546,10
2822,1763.990863000481,36.79063388051518,10
2823,1764.7000994244518,36.70933275325506,10
2824,1765.2316535012283,36.8068703212722,10
2825,1765.7634722933985,36.83874778190661,10
2826,1766.470691603722,36.779795528976784,10
2827,1767.003883371303,36.88127056307311,10
2828,1767.3584910172954,36.93802359787611,10
2829,1768.068087448191,36.975689559763026,10
2830,1768.51203922751,36.85360143060459,10
2831,1769.0444209867662,37.04294671958217,10
2832,1769.8412597137744,37.044542700478814,10
2833,1770.3733220417962,36.90534754749198,10
2834,1770.9044419848397,36.82447521427182,10
2835,1771.523608965635,36.6880190626556,10
2836,1772.3202888677672,36.64142397359144,10
2837,1773.028482319248,36.597909411650015,10
2838,1773.3840482311175,36.78052203276507,10
2839,1773.9152899421558,36.74897207981075,10
2840,1774.2706334984061,36.840311874407625,10
2841,1774.891266987738,36.82347765661428,10
2842,1775.511397522956,36.873611990344024,10
2843,1776.1318668863394,36.74880237347287,10
2844,1776.6627644712466,36.679389884574725,10
2845,1777.3708573313693,36.55560678122126,10
2846,1777.990973754747,36.536104185479985,10
2847,1778.43504200086,36.56449111236829,10
2848,1778.966611964827,36.5826424198454,10
2849,1779.6753983653955,36.55156381237911,10
2850,1780.4718135479507,36.64927811434722,10
2851,1781.091194065944,36.60873757578977,10
2852,1781.7989639710036,36.67520544031306,10
2853,1782.2439851840766,36.500686100086064,10
2854,1783.0408556751688,36.34111843335977,10
2855,1783.748673228468,36.410393862438106,10
2856,1784.2817944152498,36.29730812167284,10
2857,1784.9012790494337,36.45953617235409,10
2858,1785.610441346334,36.459063623544736,10
2859,1786.320148943308,36.335855357867516,10
2860,1786.9399194633465,36.60994001610096,10
2861,1787.4716535571683,36.83143944155777,10
2862,1787.8277488949448,36.65796563771737,10
2863,1788.5367099999428,36.721972397208475,10
2864,1789.0695841182467,36.63057323367137,10
2865,1789.7773399016048,36.43604237065681,10
2866,1790.48547157531,36.5062579732945,10
2867,1791.0174897718541,36.36877324229339,10
2868,1791.725974410184,36.319391250862445,10
2869,1792.3451837502282,36.469785437522866,10
2870,1792.7903743658803,36.46022804555448,10
2871,1793.3226061058454,36.57500859675499,10
2872,1794.0302189529145,36.76170685182815,10
2873,1794.6502153693666,36.90617666774137,10
2874,1795.2691493951515,37.204230805685846,10
2875,1795.8887293270989,37.34735174621671,10
2876,1796.4198598663456,37.37539681909472,10
2877,1797.0399109916223,37.19879925574387,10
2878,1797.6599409421774,37.348511020265896,10
2879,1798.5445884573642,37.34805313980285,10
2880,1799.2528560283288,37.337571349355066,10
2881,1799.872589495621,37.337783791557165,10
2882,1800.491661179753,37.62779305013581,10
2883,1801.1987799002814,37.57900680946403,10
2884,1801.5531175331514,37.672308647689995,10
2885,1802.0841686644653,37.585878725729174,10
2886,1802.703928606087,37.85024862750709,10
2887,1803.3230902921302,37.88336350740273,10
2888,1803.7664438134987,37.973583953913504,10
2889,1804.474515494403,37.94775122407082,10
2890,1805.272095417325,37.913454907498185,10
2891,1805.892151839086,38.069365588462965,10
2892,1806.3348753445243,38.06047407267432,10
2893,1807.0419128800677,38.176495921292485,10
2894,1807.6610163256998,38.19864731268898,10
2895,1808.0161269295454,38.46688772867074,10
2896,1808.4601634093694,38.50525529254635,10
2897,1808.9913680629445,38.643729854169536,10
2898,1809.6991644445302,38.548635643155684,10
2899,1810.320184423625,38.423271818230894,10
2900,1811.0277937349063,38.441757733493,10
2901,1811.5597184155442,38.35662103136743,10
2902,1812.3572771657061,38.55644786434371,10
2903,1813.0651582506762,38.761253386437616,10
2904,1813.7728063885036,38.84435305019144,10
2905,1814.4796197933986,38.775393928377156,10
2906,1815.275989100711,38.74355177953719,10
2907,1816.0717425047685,38.77972786996427,10
2908,1816.779671239078,38.96907340091567,10
2909,1817.5761234851047,39.17008731124291,10
2910,1818.3722104324838,39.16024730083937,10
2911,1818.9044157106196,39.11147838870397,10
2912,1819.523910929196,39.078536359765636,10
2913,1820.4074201800172,39.078347962508936,10
2914,1821.115873046777,39.202917479240384,10
2915,1821.9116582136467,39.20650639818982,10
2916,1822.6203757991557,39.24404669802791,10
2917,1823.239899266547,39.1088261742689,10
2918,1823.9477168175843,38.872316949587656,10
2919,1824.5682285411706,38.95550950709078,10
2920,1825.187554350187,38.96632751207307,10
2921,1825.984096602157,38.93475110500979,10
2922,1826.4272912897898,39.23148366994265,10
2923,1827.1352464991771,39.47816415838837,10
2924,1827.7553558579075,39.7561094028993,10
2925,1828.375027557769,40.00807139850464,10
2926,1828.906295750467,39.88119155095862,10
2927,1829.3501998768697,40.21160295700137,10
2928,1830.0585415624828,40.060437909318274,10
2929,1830.6787250448338,40.23839998555059,10
2930,1831.2985485226595,40.14646060903991,10
2931,1831.9188167018601,40.05034620353696,10
2932,1832.6261948249714,40.06409408830841,10
2933,1833.0696277502564,39.99169901913662,10
2934,1833.6892818029883,40.2971396402264,10
2935,1834.2208200095479,40.59195203358015,10
2936,1835.0169387171438,40.4355665322887,10
2937,1835.4599128128543,40.38302741146921,10
2938,1836.0793868606634,40.18117260438735,10
2939,1836.5224809629358,40.09571862582592,10
2940,1837.2311297185765,39.91030909640607,10
2941,1837.9399090634336,39.93585597191857,10
2942,1838.5595842900955,40.277774797117765,10
2943,1839.268534817937,40.32633723411355,10
2944,1839.9769029665229,40.17950778855542,10
2945,1840.2445489160068,40.14792476832857,10
2946,1841.0419700133348,40.06613920760912,10
2947,1841.8378416510373,39.9141110331773,10
2948,1842.4588722093522,39.89161364359674,10
2949,1843.0795321654527,39.90724311601376,10
2950,1843.6103926816627,39.807632181924106,10
2951,1844.0534126662592,40.09908110376645,10
2952,1844.6737337992072,40.44618451045251,10
2953,1845.2061878911359,40.398545622505274,10
2954,1845.6501820117235,40.182736583334695,10
2955,1846.358952540629,40.10678710585243,10
2956,1846.8912266407624,40.11987081506319,10
2957,1847.4231936756846,40.25992485328089,10
2958,1848.0433559835485,40.42759805280656,10
2959,1848.5741476872358,40.27425376411447,10
2960,1849.2817852375233,40.228249428141375,10
2961,1849.8144934765478,40.40616725306395,10
2962,1850.2586076120874,40.40766672417002,10
2963,1850.8785369712907,40.35869909470702,10
2964,1851.762819184653,40.358494582404994,10
2965,1852.293886196143,40.23098069775272,10
2966,1852.825779107748,40.113256553235274,10
2967,1853.534554920822,39.956579223292415,10
2968,1854.1543819271672,40.01241035253474,10
2969,1854.9508977047103,39.99766916856523,10
2970,1855.7463811046641,40.09626713936398,10
2971,1856.277319285227,40.365810146115464,10
2972,1856.8988633939475,40.20899237772214,10
2973,1857.4301315850928,40.23156301825232,10
2974,1858.1383726693152,40.13154336806673,10
2975,1858.581895592135,40.35948847292986,10
2976,1859.2901790393403,40.34941940674817,10
2977,1859.8225060759214,40.570692471556995,10
2978,1860.4413712903959,40.4119116470862,10
2979,1861.1504594741327,40.59489182931049,10
2980,1861.6824529773512,40.801088243352986,10
2981,1862.4787993395362,40.71352271005139,10
2982,1863.1876545651344,40.57359116995222,10
2983,1863.6304521866994,40.50734684461366,10
2984,1864.250333894676,40.426503585129794,10
2985,1864.7811997292283,40.774153594540984,10
2986,1865.488969634287,40.91667089340728,10
2987,1866.020714308464,41.07834924897159,10
2988,1866.6400613013434,41.07798018740021,10
2989,1867.4355764670192,41.12140378489696,10
2990,1868.2316263519774,41.22350383944251,10
2991,1869.1157497372428,41.223793823587336,10
2992,1869.9994072262284,41.22329424414471,10
2993,1870.619798943097,41.1317654762149,10
2994,1871.2400618316183,41.29589198816781,10
2995,1871.8599858997418,41.45671235914993,10
2996,1872.479285232077,41.28979043355288,10
2997,1873.2749592227915,41.23922489126222,10
2998,1874.0716391262208,41.21260462184556,10
2999,1874.6918455482082,41.10170650408427,10
3000,1875.3129396487925,41.22224816698183,10
3001,1875.8444196104454,40.99256897687127,10
3002,1876.287714886227,41.12355081413966,10
3003,1876.9961889281549,41.14945639960977,10
3004,1877.7932888409061,41.100531232850436,10
3005,1878.4145629380414,41.384432658945606,10
3006,1878.9466993937633,41.51664204626719,10
3007,1879.5673487626857,41.628964399700635,10
3008,1880.187849903056,41.74752938943543,10
3009,1880.6328287683143,41.773491993581466,10
3010,1881.4290586607124,41.73925871766064,10
3011,1881.9603197897636,41.83045395240552,10
3012,1882.5803867995205,42.081726661834544,10
3013,1883.1125020771585,41.84127300497291,10
3014,1883.732452609338,41.97956070079283,10
3015,1884.6170701246429,41.98039695397082,10
3016,1884.9719848310474,42.19525778175881,10
3017,1885.6789429395455,42.14847419410677,10
3018,1886.4754922485415,42.134623940273734,10
3019,1887.095283955415,42.10156129730999,10
3020,1887.891741497584,42.08797154869749,10
3021,1888.3352979661115,42.25228361526542,10
3022,1888.955047319973,42.240766383160555,10
3023,1889.5738384039646,42.59303384205673,10
3024,1890.1059642656091,42.443537234538134,10
3025,1890.813750058634,42.396092721443985,10
3026,1891.432414079208,42.40154544065149,10
3027,1891.9639734635298,42.3041594811314,10
3028,1892.8487003950263,42.303630970390664,10
3029,1893.6460420818978,42.29272752533421,10
3030,1894.089745029059,42.50201333652006,10
3031,1894.5323732402867,42.45367774569103,10
3032,1895.1516955180582,42.55700453307354,10
3033,1896.0363959766783,42.55652646151698,10
3034,1896.6558047377785,42.476954636948435,10
3035,1897.0986182462723,42.48042234697062,10
3036,1897.6296764205174,42.36645827047963,10
3037,1898.1616646408734,42.50393011296194,10
3038,1898.6923981137056,42.26398369571603,10
3039,1899.225116935592,42.31292199168494,10
3040,1899.7562951305767,42.34840121041396,10
3041,1900.3754515192577,42.59113039794832,10
3042,1900.9075667937268,42.64472573171747,10
3043,1901.4390202829568,42.68186608020521,10
3044,1901.8822202652423,42.74948871281662,10
3045,1902.5900589919463,42.557861930223595,10
3046,1903.0335448644278,42.75769898917359,10
3047,1903.7417859610177,42.52559227493054,10
3048,1904.3625888748297,42.750726123668485,10
3049,1904.8060959139577,43.05918746523836,10
3050,1905.426199980576,42.88634323867985,10
3051,1905.782517669158,42.73586736575858,10
3052,1906.31365879316,42.78396194185229,10
3053,1906.8451705194584,42.50612470123216,10
3054,1907.3764069539175,42.39908147543732,10
3055,1908.1720279979659,42.37780991997346,10
3056,1908.7043179798773,42.344087978200236,10
3057,1909.3236755441562,42.367847065452985,10
3058,1910.03089131766,42.42584660262126,10
3059,1910.4735936328084,42.41545618190964,10
3060,1911.0053118328328,42.562975370529074,10
3061,1911.8011093584678,42.51077598300756,10
3062,1912.5088528017045,42.66152153212412,10
3063,1913.1293115910346,42.55229604727754,10
3064,1913.7492462416965,42.38324463288255,10
3065,1914.4572755677466,42.420013323363094,10
3066,1915.0761354780523,42.31566074064027,10
3067,1915.7842918696547,42.35754215757407,10
3068,1916.229291899662,42.47152611948089,10
3069,1916.7603747910894,42.478162149438845,10
3070,1917.2908241328405,42.407384177069495,10
3071,1917.8223835163785,42.523173962391986,10
3072,1918.353597004824,42.57981916037695,10
3073,1918.797919367802,42.69783813102235,10
3074,1919.241098170295,42.741071453660375,10
3075,1919.7732134493065,43.007464224308706,10
3076,1920.128652293911,42.9794820415322,10
3077,1920.4845940930568,42.958827636431906,10
3078,1921.2810728109616,42.94303085428717,10
3079,1921.9013515915171,42.86179263532689,10
3080,1922.432725669468,42.803741927199155,10
3081,1922.8760280015817,42.688112490531374,10
3082,1923.6722102416738,42.678266141216675,10
3083,1924.2935266963018,42.7029246805389,10
3084,1924.913551345425,42.99240519602394,10
3085,1925.6220677424621,42.97951563236313,10
3086,1926.2407370613662,43.031351710214025,10
3087,1926.6843764768812,43.19792335874079,10
3088,1927.3043005327472,43.19426971233851,10
3089,1927.9239139970407,43.07570207172211,10
3090,1928.5440180679834,42.878283439749296,10
3091,1929.0751327295925,42.7857755242997,10
3092,1929.5179762441335,42.76744292605517,10
3093,1930.1364214313166,42.909668802494366,10
3094,1930.6668672433984,42.73335079812716,10
3095,1931.3741271378906,42.71003816173122,10
3096,1931.7288777321548,42.628486032268384,10
3097,1932.4362823312272,42.53448715108467,10
3098,1932.967365223439,42.529298571197955,10
3099,1933.675038076242,42.40303988875743,10
3100,1934.4704897100225,42.39294980716471,10
3101,1935.0021108432059,42.27666652461429,10
3102,1935.4447708161201,42.3379999527113,10
3103,1935.8871766535926,42.11175235792171,10
3104,1936.4198054749759,41.99057503399715,10
3105,1937.0401054224153,41.9412230403742,10
3106,1937.5715483252393,41.79792154399777,10
3107,1938.1907682555004,41.8685566838078,10
3108,1938.8114176352803,41.95140161092797,10
3109,1939.3422146346124,42.09875707398694,10
3110,1939.7852416742783,42.12478073033784,10
3111,1940.4046168997054,42.079129601392125,10
3112,1941.0245374236376,42.12939238618211,10
3113,1941.5558267818094,42.03182093599837,10
3114,1942.262781368196,42.02611673528909,10
3115,1942.8818883552744,42.02116926836281,10
3116,1943.4127700504475,41.95603748979485,10
3117,1943.8552923635755,41.822366375991166,10
3118,1944.5621887193543,41.77195262263912,10
3119,1944.917129893634,41.88209704409297,10
3120,1945.4479639391575,41.75637708611925,10
3121,1946.2438973435728,41.751460211265304,10
3122,1946.8640384739276,41.94666140876611,10
3123,1947.4839466565695,42.013653431445086,10
3124,1947.927231357305,41.75488631646293,10
3125,1948.5467336429513,41.90694720776522,10
3126,1949.254286489046,41.88759859796355,10
3127,1949.8736052386164,41.947123383168204,10
3128,1950.4934145929524,42.01969744993629,10
3129,1951.0250904340398,42.02458920141781,10
3130,1951.5562845074255,42.111670467795975,10
3131,1952.351806733742,42.07972877085642,10
3132,1952.8835002336903,42.123654477831984,10
3133,1953.592546063947,42.2471363309741,10
3134,1954.3003318468982,42.3273282219818,10
3135,1954.8316600403548,42.24709502507132,10
3136,1955.2741664743012,42.106796935236154,10
3137,1955.8059111581856,42.156868741709744,10
3138,1956.3371634565824,41.97875268999094,10
3139,1956.6034187770588,41.99510376497359,10
3140,1957.046936422382,42.03325707048969,10
3141,1957.5792211111293,41.98033570502667,10
3142,1958.2862392312443,42.13877369517481,10
3143,1958.9064703591164,42.20964778995438,10
3144,1959.2608926942419,42.2901827449884,10
3145,1959.8803296798574,42.09927536710659,10
3146,1960.3243343899237,42.281002955581314,10
3147,1961.031608399729,42.444809725560845,10
3148,1961.6511247939275,42.61507983305152,10
3149,1962.2698735278798,42.47561789950203,10
3150,1962.8891252112267,42.47778996302345,10
3151,1963.5963921669968,42.48768916969028,10
3152,1964.127649770251,42.59623693393164,10
3153,1964.8354143818356,42.64149787735446,10
3154,1965.454316652469,42.42831581654508,10
3155,1966.1619330295441,42.51595424258003,10
3156,1966.6062130396544,42.73542639965907,10
3157,1967.3153382802077,42.82369495535085,10
3158,1967.9350770382541,42.928042105554596,10
3159,1968.3778269986383,43.038043212592186,10
3160,1968.9976769414811,43.03657284330025,10
3161,1969.7060768645283,42.92483111541298,10
3162,1970.326761525048,43.05072678227358,10
3163,1970.9481520965596,43.11492913994545,10
3164,1971.3031197548032,43.158660714339035,10
3165,1971.658648600914,43.30531507689388,10
3166,1972.2788497327324,43.183294753929985,10
3167,1972.9866143444792,43.11798145046438,10
3168,1973.4300472695923,43.020106939874424,10
3169,1974.137023038109,43.05128896855608,10
3170,1974.756751213537,43.08532754227175,10
3171,1975.6405251761414,43.08603166792934,10
3172,1976.5248656266535,43.08628174836278,10
3173,1976.8810615532723,42.98961028294437,10
3174,1977.3236950434907,42.96471721834087,10
3175,1978.1200255220003,42.940981154192364,10
3176,1978.6517384336453,42.80019831364943,10
3177,1979.2722607424537,42.90830196840389,10
3178,1979.6280172501872,42.90058678340039,10
3179,1980.1597725006177,43.032529464219515,10
3180,1980.778981844504,43.2461361570692,10
3181,1981.1340871340458,43.25061231005121,10
3182,1982.0186764137368,43.249971522808906,10
3183,1982.5507916705053,43.184903455629616,10
3184,1982.817569356847,43.06783370719627,10
3185,1983.436979875918,43.06202413071359,10
3186,1983.8808151711255,43.2434553585925,10
3187,1984.677283305431,43.208087702188884,10
3188,1985.3852279266644,43.15081419134163,10
3189,1986.0058137701376,43.14574061171822,10
3190,1986.6262460762905,43.25807454049341,10
3191,1987.3340424570004,43.2730820388744,10
3192,1987.8643629717803,43.010067836743914,10
3193,1988.3075417826687,42.7609659107772,10
3194,1989.0152640440178,42.922966121821325,10
3195,1989.811975711595,42.89887607248628,10
3196,1990.3423544679931,42.962413459066006,10
3197,1990.9618179360325,43.036329778381464,10
3198,1991.4930755345654,43.260061756443164,10
3199,1992.0253390522648,43.17585582378282,10
3200,1992.5564166514164,42.94549130163456,10
3201,1993.1766795524823,43.01657218409927,10
3202,1993.7972601038248,43.1072997734324,10
3203,1994.3278982682618,43.10229601935918,10
3204,1994.8603082588593,43.0260816596055,10
3205,1995.6566810892782,42.92171448936387,10
3206,1996.1879704571845,42.93512037606639,10
3207,1996.7193286473685,42.95425138479271,10
3208,1997.2499262285733,43.216441821945104,10
3209,1997.7807938247104,43.28245527962944,10
3210,1998.3109184517264,43.1346758378356,10
3211,1999.0191771899688,43.282024064183005,10
3212,1999.8157088504333,43.27000910957843,10
3213,2000.4365805807702,43.403555366812704,10
3214,2001.320746319332,43.4032335414726,10
3215,2002.1161767747788,43.37187530668594,10
3216,2002.8234860806667,43.24652223462777,10
3217,2003.3549131026757,43.100306502321764,10
3218,2003.7979595609454,43.14266956573489,10
3219,2004.329577183132,43.29424443826976,10
3220,2004.8603088972054,43.16079682646855,10
3221,2005.391619443874,43.154821299399075,10
3222,2005.9238670749698,43.1273320877683,10
3223,2006.7198640200527,43.31019902739182,10
3224,2007.1629898925123,43.11079306584704,10
3225,2007.6063804705573,43.11171221999061,10
3226,2008.049638684707,42.82981854740359,10
3227,2008.6698662817766,42.88338262307897,10
3228,2008.9365910134172,43.05235974602765,10
3229,2009.5566686046702,43.12970244002342,10
3230,2010.1771273905622,43.21738748068557,10
3231,2010.619797946773,43.216163340303765,10
3232,2011.2393143432516,43.13898258929264,10
3233,2011.771440190239,42.924983255765135,10
3234,2012.5675694928025,42.98148322913813,10
3235,2013.0992612318357,43.137968097837,10
3236,2013.4538318199745,42.82639253219243,10
3237,2014.2501834727905,42.798617179821406,10
3238,2014.9571857159913,42.82947110007619,10
3239,2015.576829168278,43.02582696367269,10
3240,2016.107642044331,43.08595550985933,10
3241,2016.8156925406372,43.17327517866088,10
3242,2017.5224971246814,43.06095029070859,10
3243,2018.0540917938488,42.96734176135626,10
3244,2018.587385906178,42.9754896978696,10
3245,2019.031750624094,42.805716593609574,10
3246,2019.4742041218883,42.97408231927202,10
3247,2020.094295834287,43.187202369247615,10
3248,2020.5367563802145,43.081638499161755,10
3249,2021.2444045122338,43.07802984738995,10
3250,2021.8643973990852,43.14624057564198,10
3251,2022.4844749908684,43.399517135710674,10
3252,2023.0150408127652,43.572757411681835,10
3253,2023.4591408232573,43.329822133596004,10
3254,2024.0789536998298,43.58657942609898,10
3255,2024.6106842503832,43.49175051767434,10
3256,2025.230952443236,43.499605213718965,10
3257,2025.8507388457015,43.462483865998315,10
3258,2026.6475211032455,43.5178288166193,10
3259,2027.17933989141,43.499214721913894,10
3260,2027.88774511072,43.5203006322251,10
3261,2028.4198603865548,43.64548347324098,10
3262,2028.7749921716234,43.60718877112281,10
3263,2029.482650900033,43.888048017288675,10
3264,2030.1026755412568,43.61677976589453,10
3265,2030.5465690655565,43.38149714666123,10
3266,2031.0788961101546,43.534531921753334,10
3267,2031.8749936373886,43.524897619057754,10
3268,2032.5828747293697,43.44767941232806,10
3269,2033.2030793942515,43.605242626785476,10
3270,2033.9104734115222,43.518442561385974,10
3271,2034.4430122166225,43.495491694295964,10
3272,2035.0625286139416,43.43321724329957,10
3273,2035.7705579368644,43.59456443969047,10
3274,2036.3898308032483,43.58800045577271,10
3275,2037.0091460163226,43.408257029411935,10
3276,2037.71697945206,43.50084193375495,10
3277,2038.3355640601596,43.368293317075945,10
3278,2038.8666098941394,43.10349487340759,10
3279,2039.5751474712695,43.15387842605433,10
3280,2040.194176803297,43.49520390635418,10
3281,2040.6381497427938,43.65314785707892,10
3282,2041.4355673120815,43.5871767770056,10
3283,2041.967163750387,43.39391834223217,10
3284,2042.410840205776,43.65765967879509,10
3285,2043.029678935884,43.553934086967374,10
3286,2043.6486553130894,43.286966469891894,10
3287,2044.2676952384288,43.249619759632566,10
3288,2044.8877410717819,43.24240465911241,10
3289,2045.508761049418,43.19378371111907,10
3290,2045.9525645718732,43.20885192708691,10
3291,2046.4853786830422,43.26033520721592,10
3292,2047.2813773878904,43.440106609504376,10
3293,2048.0786449551383,43.37555338561366,10
3294,2048.786674282713,43.35177403910846,10
3295,2049.4956354042115,43.35244827483064,10
3296,2050.027263605692,43.58920887566395,10
3297,2050.735610581156,43.66766351661714,10
3298,2051.266825829122,43.628802571374955,10
3299,2051.886469295742,43.55881328392788,10
3300,2052.5066051235026,43.44953197619191,10
3301,2053.039341587788,43.304209199321654,10
3302,2053.747053255422,43.327499470112116,10
3303,2054.191089732226,43.47921862101415,10
3304,2054.8995743659625,43.48310070026349,10
3305,2055.342409043728,43.60354573436758,10
3306,2056.0502477749947,43.68300467073004,10
3307,2056.5822677466153,43.78809316265783,10
3308,2057.113987716936,43.86209909152798,10
3309,2057.644528833007,44.03989990332578,10
3310,2058.2629969651875,43.838305599939744,10
3311,2058.971107470393,43.939728781272024,10
3312,2059.5029633142276,43.93068508971492,10
3313,2060.2107702766916,43.90334263081374,10
3314,2060.566547969749,44.08765568809335,10
3315,2061.186593790474,44.05571522567215,10
3316,2061.7174331508077,44.09037772704392,10
3317,2062.2487701745017,44.129791864849196,10
3318,2062.8678118591934,44.15544982307787,10
3319,2063.487677687007,44.089349093000095,10
3320,2064.1075329236583,44.32584764523707,10
3321,2064.552056465408,44.12007814570824,10
3322,2065.17159051312,44.10296183789439,10
3323,2065.7042881523885,44.04475213760949,10
3324,2066.4114545165266,43.90669880933301,10
3325,2067.209145614322,43.89596237919664,10
3326,2068.0050949089973,43.87303478911563,10
3327,2068.5365801600306,43.736153654990446,10
3328,2069.069081916131,43.63459521030607,10
3329,2069.7760629791637,43.76031924757132,10
3330,2070.5722028595746,43.826031457705824,10
3331,2071.1035875332996,43.90775656521245,10
3332,2071.7225745069272,43.92679004773392,10
3333,2072.518947338792,43.960376929172995,10
3334,2073.0506125918423,43.98331248683582,10
3335,2073.759743123358,43.89317205199914,10
3336,2074.467629499542,44.14246491961514,10
3337,2074.999247102284,44.10854830337674,10
3338,2075.442962388798,44.16251991846377,10
3339,2075.7981082886454,44.11400601425596,10
3340,2076.153515371224,43.843420329069424,10
3341,2076.773465896735,43.890693151687636,10
3342,2077.392431692775,43.619403752946624,10
3343,2077.8355681499515,43.893156839671676,10
3344,2078.278868723305,44.01146374993658,10
3345,2078.7214333941456,43.86615903093713,10
3346,2079.0766287094198,43.93465131441407,10
3347,2079.7832285843756,43.881569629953994,10
3348,2080.4919885218255,43.711761522057714,10
3349,2081.110947253411,43.589077037367545,10
3350,2081.818711867537,43.72752555437882,10
3351,2082.438064150351,43.5691518545936,10
3352,2083.2338016729477,43.4180574179901,10
3353,2083.9423233586044,43.21896729101586,10
3354,2084.298233394299,43.4587507510049,10
3355,2085.0061462477183,43.2920973598805,10
3356,2085.6255514696372,43.10562652591686,10
3357,2086.245004337051,42.922952068487426,10
3358,2086.953393674292,42.80352600409702,10
3359,2087.484444786202,42.63011824823232,10
3360,2088.1920788098755,42.56274723136978,10
3361,2088.8115722789375,42.80408710667764,10
3362,2089.166444636658,42.711648715482866,10
3363,2089.5213434656625,43.02962799629715,10
3364,2090.1407380941173,43.09097288491328,10
3365,2090.673853982845,43.318169908131814,10
3366,2091.2057574979344,43.11725650514598,10
3367,2091.7374015829027,43.121697897854766,10
3368,2092.2689027209226,42.99221409306079,10
3369,2092.888239110908,43.05626719444939,10
3370,2093.596496095987,42.9938359018774,10
3371,2094.392291853478,43.09146093778872,10
3372,2095.1880611427023,43.07872877141364,10
3373,2095.894608070219,42.88822023392207,10
3374,2096.337709230742,42.85084602695299,10
3375,2096.9575327026787,42.88139266024793,10
3376,2097.4905268183347,43.10325868182762,10
3377,2098.1982596632884,42.91528090606422,10
3378,2098.9068925402034,42.85727985262947,10
3379,2099.26177549018,43.05270908072723,10
3380,2099.9692701003996,43.0522809469472,10
3381,2100.677182951361,42.801046138542624,10
3382,2100.944230645663,42.659389797121975,10
3383,2101.563821173053,42.57769222895987,10
3384,2102.3602151881264,42.54431045920906,10
3385,2103.1557056488355,42.60847313905151,10
3386,2103.8633008447155,42.35630565377676,10
3387,2104.483449028273,42.47573536164021,10
3388,2105.1051996128726,42.697558722978506,10
3389,2105.5479336950534,42.53569645466716,10
3390,2105.9914778146217,42.291154722983,10
3391,2106.699491250337,42.183124799659545,10
3392,2107.4079123431243,42.34209845371195,10
3393,2107.8515464668853,42.586169517256614,10
3394,2108.4707293255397,42.84828448923382,10
3395,2109.0026434133174,42.7710581918394,10
3396,2109.534843391523,42.89549379717237,10
3397,2109.8030716958383,42.9776070138699,10
3398,2110.246494041793,42.93967432237303,10
3399,2110.690620520367,43.18108303131428,10
3400,2111.134572280396,43.02754911228678,10
3401,2111.578047570966,43.27275508220198,10
3402,2112.1113169877435,43.34107208630202,10
3403,2112.8195580871925,43.36314158527689,10
3404,2113.4400645031046,43.39172562679271,10
3405,2113.7060956810665,43.3318199473644,10
3406,2114.150185099038,43.35072961514273,10
3407,2114.5056239386568,43.51732816872284,10
3408,2115.2147650620745,43.45527775459202,10
3409,2115.747483878205,43.490847005565946,10
3410,2116.455211425275,43.540805186364544,10
3411,2117.161731881737,43.70449310311094,10
3412,2117.6930953703804,43.810406942706656,10
3413,2118.399959954147,43.66251166451967,10
3414,2119.1080051590684,43.71124256730695,10
3415,2119.6399351374057,43.919584493076506,10
3416,2120.348456832871,43.98940479897493,10
3417,2121.056163207021,44.15251370361889,10
3418,2121.587357272346,44.230643992000545,10
3419,2122.029869006203,44.152405444505476,10
3420,2122.9130658958875,44.15242769911735,10
3421,2123.6197239989133,43.89761880721967,10
3422,2124.328288042274,44.0628540037628,10
3423,2124.860075075063,44.23810239940462,10
3424,2125.3027827013652,44.373314306577505,10
3425,2125.921658499074,44.456430983503815,10
3426,2126.276874994734,44.325262702538616,10
3427,2127.161204853295,44.32558511545978,10
3428,2127.868535336633,44.30467846872604,10
3429,2128.311242955327,44.497380032888984,10
3430,2128.930314640292,44.48474393935498,10
3431,2129.549492210443,44.47876295766888,10
3432,2130.170363947247,44.23669216734042,10
3433,2130.877281473879,44.27470224880412,10
3434,2131.5866026046237,44.246028188008964,10
3435,2132.2061931271855,44.06500126364101,10
3436,2132.9146883475596,44.15476810322102,10
3437,2133.533754730517,44.33609931698117,10
3438,2134.2410163783934,44.254129386775126,10
3439,2134.9485056955614,44.36388197748006,10
3440,2135.481086863995,44.31777360452799,10
3441,2136.0131103603176,44.215893053996055,10
3442,2136.368157429059,44.14115857962763,10
3443,2136.9011092004976,44.01178214436449,10
3444,2137.520678545702,43.94148196333618,10
3445,2138.0523702750806,43.70663890590511,10
3446,2138.6724372851095,43.82202389467778,10
3447,2139.3802760159765,43.813591362279865,10
3448,2140.0883424020913,43.85799807233812,10
3449,2140.7964564393433,44.058320560327786,10
3450,2141.682019862149,44.058712170021295,10
3451,2142.213023335677,44.00770313906758,10
3452,2142.83244443644,43.906427309613335,10
3453,2143.2773385886476,44.08056547151102,10
3454,2143.9847855492553,44.065440026040164,10
3455,2144.6048949077112,43.98524347873268,10
3456,2145.224390126287,43.8256260755651,10
3457,2145.667722466,43.6419226726084,10
3458,2146.0231083683066,43.76660240672312,10
3459,2146.554164786089,43.65742108330032,10
3460,2146.9982065633585,43.464985526849176,10
3461,2147.44169242537,43.62847583301786,10
3462,2148.061177061725,43.57346893278744,10
3463,2148.505928269654,43.66546352026458,10
3464,2148.8604564924626,43.59139373754014,10
3465,2149.5691793689584,43.843533044060905,10
3466,2150.2774204677307,43.76442781659375,10
3467,2150.6313557385974,43.827191469736015,10
3468,2151.073216265175,43.872745465547794,10
3469,2151.5161091826567,43.615166412302024,10
3470,2151.9595632976852,43.87039536315805,10
3471,2152.667031430138,43.82335432289349,10
3472,2153.3745313263385,43.952279658112545,10
3473,2153.81820780611,43.83643416543696,10
3474,2154.4375230276282,44.00136292814263,10
3475,2155.0578970982315,43.996532910143294,10
3476,2155.5011817842906,43.914565136812,10
3477,2156.032407622654,43.88227773866813,10
3478,2156.56353814802,43.84217012315723,10
3479,2157.006462833337,43.907696074926754,10
3480,2157.6259951106726,44.008119215070145,10
3481,2158.334786806664,43.883940491310106,10
3482,2158.777425599577,43.63403121259987,10
3483,2159.3083973044054,43.68104277255199,10
3484,2159.839384902361,43.475085261478256,10
3485,2160.371171931257,43.474392163820916,10
3486,2160.8133395342857,43.624054528576494,10
3487,2161.3455130453367,43.73112799032172,10
3488,2161.966019467338,43.81288378024779,10
3489,2162.496959422989,44.06143462321223,10
3490,2162.9396246849487,44.236304482782586,10
3491,2163.2961859194193,44.032161315708905,10
3492,2164.0041375917453,44.001611827866185,10
3493,2164.7998274628853,43.96932650995011,10
3494,2165.5066020457793,43.98657618580462,10
3495,2166.1254619537353,44.09805690182576,10
3496,2166.9202941560334,44.06673902220236,10
3497,2167.6283923069595,43.984072341614805,10
3498,2167.9828675915223,43.77568826286387,10
3499,2168.5147446199967,43.95930248110299,10
3500,2169.0464257683752,44.099971913280626,10
3501,2169.5773392471574,43.851537968608554,10
3502,2170.28445619941,43.81722278598162,10
3503,2170.8157508677405,44.05645955550053,10
3504,2171.6122772380454,44.12542464704681,10
3505,2172.1442230925195,44.045211993813325,10
3506,2172.8506800158557,44.131783705230006,10
3507,2173.2952459279672,44.13850970136926,10
3508,2174.0027352319908,44.279411821330484,10
3509,2174.44529460149,44.323531423662736,10
3510,2174.8883463350317,44.43500214787647,10
3511,2175.332351038137,44.31548398181558,10
3512,2176.0412592122557,44.43047730739827,10
3513,2176.838145591807,44.42651389002811,10
3514,2177.2821556068952,44.5170375763865,10
3515,2177.991360261567,44.48929471519562,10
3516,2178.6129837763256,44.391411838031935,10
3517,2179.232447241216,44.49732252841743,10
3518,2179.8515771573816,44.704707564297884,10
3519,2180.5589552892075,44.794613124699715,10
3520,2181.1782952055028,44.83740983480889,10
3521,2181.8866845336734,44.62014473357446,10
3522,2182.5944173837806,44.75928051287231,10
3523,2183.3021608166637,44.76545656060511,10
3524,2183.8342549130025,44.724913139254134,10
3525,2184.4535383616117,44.49279340850718,10
3526,2185.1624888874744,44.36529825643308,10
3527,2186.0464269727254,44.36555209231893,10
3528,2186.666056323725,44.37095245188676,10
3529,2187.1092457151826,44.285885304743324,10
3530,2187.7294291825756,44.19752266668181,10
3531,2188.349400891027,44.07811963060802,10
3532,2189.0585843713075,44.15565879929287,10
3533,2189.766078975028,44.20993331692413,10
3534,2190.2104331116907,44.1448333576999,10
3535,2190.9188436180566,43.97937888405286,10
3536,2191.451562434064,43.98457747619927,10
3537,2191.894772994906,44.08821819475882,10
3538,2192.6030246793475,44.03104297545364,10
3539,2193.1346158110823,44.08852091183062,10
3540,2193.7541110241896,44.08220916146373,10
3541,2194.2863092420034,44.391870037938475,10
3542,2194.7309122085703,44.574180532002124,10
3543,2195.262593355472,44.63985989873456,10
3544,2195.7062380652246,44.782107696027175,10
3545,2196.149512165507,44.540832829065884,10
3546,2196.946356182521,44.37682472168228,10
3547,2197.653803145501,44.37311087978491,10
3548,2198.274129573848,44.27138453192571,10
3549,2198.805996025481,44.266613273235706,10
3550,2199.424813578469,44.26631303785901,10
3551,2200.2200322637364,44.16312507594007,10
3552,2200.662469879575,44.24490259455761,10
3553,2201.193150399783,44.34538060444076,10
3554,2201.7247256545284,44.293588568655224,10
3555,2202.344829724729,44.32324535363866,10
3556,2202.7885538433065,44.341557214699385,10
3557,2203.4964402240976,44.40409471600239,10
3558,2204.2051701553214,44.35374768846868,10
3559,2204.5607784219583,44.06220818305081,10
3560,2204.828466718676,44.116353969480635,10
3561,2205.448321951372,44.06786659539676,10
3562,2206.2446347863442,44.23569809266926,10
3563,2206.775987675109,44.11283641219633,10
3564,2207.131405344565,44.1317938462362,10
3565,2207.8401229220144,44.17088034643884,10
3566,2208.4597822638984,44.22974188969365,10
3567,2209.078350991505,44.22643367757497,10
3568,2209.785729125308,44.04639698384043,10
3569,2210.495230249765,43.927771555696744,10
3570,2211.2910877695913,43.75930811104183,10
3571,2211.821741818464,43.79381501901097,10
3572,2212.2658312511944,43.734524303735625,10
3573,2213.060822281867,43.7817817634995,10
3574,2213.6799998466677,43.8665071773144,10
3575,2214.1229033470495,43.8394516299477,10
3576,2214.6537479942444,43.7782995067385,10
3577,2215.3619679081175,43.858009399539455,10
3578,2216.2476689818886,43.858693697549526,10
3579,2216.603669015908,43.9468206459827,10
3580,2216.9595155171264,44.14032626528748,10
3581,2217.4029961035912,44.122864070527534,10
3582,2218.1109301269153,44.242251954700414,10
3583,2218.6423359636283,44.05253099051632,10
3584,2219.2622229713293,43.833176856728116,10
3585,2220.0582516802215,43.82756609964805,10
3586,2220.6789010558978,43.79726788365468,10
3587,2221.3859350541234,43.83656783242046,10
3588,2221.9173620772735,43.75816955744626,10
3589,2222.449509115692,43.71196595066682,10
3590,2222.892931462856,43.473215766612505,10
3591,2223.600523131286,43.38640486578443,10
3592,2224.3962235880404,43.3541257683413,10
3593,2225.0161529410043,43.02765842429413,10
3594,2225.6355105065536,42.904851797862904,10
3595,2226.2551433873996,42.84477935406631,10
3596,2226.8746439105857,42.89971001092338,10
3597,2227.4951026864305,42.87200312774577,10
3598,2228.2038626251683,43.01051875358324,10
3599,2228.911351929946,43.06922931764285,10
3600,2229.5331660466,42.933743153503244,10
3601,2230.064990138242,42.83273510607863,10
3602,2230.420831353933,43.12219951293416,10
3603,2231.216826528232,43.167044141506274,10
3604,2231.6602065147854,42.88017424112247,10
3605,2232.2807711734467,42.77923159123232,10
3606,2232.8125529050712,42.83833119900325,10
3607,2233.432821090229,42.972575058098535,10
3608,2234.053279872561,43.285303746420524,10
3609,2234.672097432926,43.20346688332632,10
3610,2235.203842107584,43.11889652935369,10
3611,2235.999690808312,43.1680024592209,10
3612,2236.7079495507073,43.14813779090747,10
3613,2237.240107181342,43.20524885979926,10
3614,2237.771438900966,43.411134304482474,10
3615,2238.4794841072444,43.55863182903499,10
3616,2239.1874322503886,43.36808788503398,10
3617,2239.895648642217,43.290883101137204,10
3618,2240.604378577873,43.23479878977737,10
3619,2241.4007090573637,43.21072559100537,10
3620,2242.108406609209,43.27759923743353,10
3621,2242.8164429997178,43.22272118084161,10
3622,2243.436522357764,43.369142848488835,10
3623,2243.970158848824,43.422299997870525,10
3624,2244.5026517806837,43.61934207135298,10
3625,2244.946031767896,43.64700977229579,10
3626,2245.390043545148,43.79350411244703,10
3627,2246.010904688053,43.71284828579789,10
3628,2246.6307599084876,43.5136339981252,10
3629,2247.074462849782,43.40749640869572,10
3630,2247.6943886689855,43.11881240280583,10
3631,2248.4025609455966,43.34646088750256,10
3632,2249.110443800792,43.34712241221091,10
3633,2249.818716663508,43.28428694122901,10
3634,2250.7035177134535,43.28433183005726,10
3635,2250.970687162988,43.18977426798116,10
3636,2251.58972708012,43.070852221833405,10
3637,2252.033530606758,43.265594835633074,10
3638,2252.653666436776,43.482756591731274,10
3639,2253.273394608978,43.36504154307091,10
3640,2253.804758094805,43.18027419128449,10
3641,2254.0721093210554,43.26704735138586,10
3642,2254.602403362145,42.932844473072954,10
3643,2254.9581810374098,43.26613787966878,10
3644,2255.489488056001,43.53170391806831,10
3645,2256.0210050891096,43.838668677758406,10
3646,2256.7290344178427,43.98186639652067,10
3647,2257.5259154966798,44.07202882380373,10
3648,2258.146818988702,44.050551715055875,10
3649,2258.9426306300797,44.04365924138965,10
3650,2259.474302939497,43.81979972251818,10
3651,2260.182461091363,43.53813257078776,10
3652,2260.890358065032,43.58713860358298,10
3653,2261.3335898241266,43.30667883164916,10
3654,2261.866996898503,43.52060428200267,10
3655,2262.3991333459594,43.24755157045349,10
3656,2263.1070567834563,43.507466699484176,10
3657,2263.6380920254987,43.694519888014725,10
3658,2264.257640195639,43.7002181920075,10
3659,2264.789882526641,43.791415477543545,10
3660,2265.498430691069,43.67032563113054,10
3661,2266.1177776715813,43.5562969134248,10
3662,2266.914071095022,43.61263659861205,10
3663,2267.710226867727,43.667463640667044,10
3664,2268.505819676568,43.54890797879741,10
3665,2269.1250237140766,43.477057249773154,10
3666,2269.6567789761725,43.14916472460218,10
3667,2270.4535118208346,42.986376162497166,10
3668,2270.9863047470917,42.95557153204333,10
3669,2271.695225265262,42.79696412789423,10
3670,2272.2284893885,42.77765122884284,10
3671,2272.760302883137,42.76722135654046,10
3672,2273.291105173411,42.83850742210664,10
3673,2273.823569861915,42.89122921443224,10
3674,2274.444039236761,42.95365057795599,10
3675,2274.887016846303,43.070344542913226,10
3676,2275.4186132866757,43.31324471328647,10
3677,2275.9507550316475,43.41423911500312,10
3678,2276.572262064884,43.73211586592189,10
3679,2277.103138481269,43.51331354243957,10
3680,2277.7240208068497,43.726926364416485,10
3681,2278.2562843096907,43.7084602577728,10
3682,2278.963625382691,43.93565723085117,10
3683,2279.583480616756,43.88067256280894,10
3684,2280.1152782414783,43.93545071684387,10
3685,2280.4706588403487,43.88584446940093,10
3686,2281.178158748464,43.928579321560555,10
3687,2281.7982751590334,43.96230057035813,10
3688,2282.4179239106575,43.999149389314425,10
3689,2282.7737915886028,44.18441519580764,10
3690,2283.3053880289763,44.02090044435405,10
3691,2283.925038559953,44.21229889526824,10
3692,2284.6329602383016,44.36197326348668,10
3693,2285.252211924765,44.345115901411845,10
3694,2285.871357727919,44.13937749035459,10
3695,2286.491710619342,44.28645253251751,10
3696,2287.286867540818,44.455704834303276,10
3697,2288.083404495023,44.44433886283909,10
3698,2288.7045938807714,44.49850346050919,10
3699,2289.4127714491297,44.60851508103258,10
3700,2290.0318854848824,44.49040382750938,10
3701,2290.828184197707,44.460869155554555,10
3702,2291.35996593254,44.5309907463545,10
3703,2291.979535279592,44.44878636608934,10
3704,2292.686724581597,44.463216770720805,10
3705,2293.130131042814,44.76030349775991,10
3706,2293.748701529171,44.886316838965634,10
3707,2294.4562226082157,44.96922540175379,10
3708,2295.07565959901,45.01617270767344,10
3709,2295.871347707988,44.84927224879871,10
3710,2296.2260241791364,44.920663869336714,10
3711,2296.8452758663766,44.866581790297055,10
3712,2297.3762546252356,44.94952046447611,10
3713,2297.9953298366245,44.88599887507078,10
3714,2298.43739331622,44.60039946628456,10
3715,2298.9675761764506,44.76403958559433,10
3716,2299.499102029712,44.871561144504874,10
3717,2299.9425561300163,44.882428537444895,10
3718,2300.7388636677633,44.83945387107773,10
3719,2301.2706453973274,45.05926905556053,10
3720,2302.066181738314,45.0434226239834,10
3721,2302.5093305467735,45.143081651116326,10
3722,2302.864123492672,44.84138222072022,10
3723,2303.4837616711957,44.8234039775106,10
3724,2304.3677826999765,44.82432604287516,10
3725,2304.8111679800177,44.673598474312875,10
3726,2305.518974948274,44.49664943560195,10
3727,2306.2261889570327,44.45519241356432,10
3728,2306.668891282744,44.40639154080196,10
3729,2307.28784649359,44.2604788139794,10
3730,2307.64464066665,44.31842280128246,10
3731,2308.26376705023,44.28712140746141,10
3732,2308.972135210602,44.32903694806177,10
3733,2309.768698632178,44.37159246036068,10
3734,2310.123396274283,44.367298985039,10
3735,2310.65477035353,44.52884320069901,10
3736,2311.2747738234166,44.463112749944244,10
3737,2311.80637026041,44.3039956028014,10
3738,2312.5144525333135,44.2715801370353,10
3739,2313.0477219568074,44.532387456577354,10
3740,2313.580356068394,44.497836654624244,10
3741,2314.375749467707,44.48188867010414,10
3742,2314.9944258458117,44.40540567669539,10
3743,2315.4374722991056,44.473462569613055,10
3744,2316.0572639997836,44.69353103878892,10
3745,2316.765632162906,44.855173943251735,10
3746,2317.472438510245,44.84023251387939,10
3747,2317.9161414397577,44.86278504987589,10
3748,2318.535449590764,44.556028160960835,10
3749,2319.0673742751765,44.63233733924203,10
3750,2319.5983036340976,44.71910804526202,10
3751,2320.1296353625817,44.61089786939797,10
3752,2321.014108167954,44.61031649909118,10
3753,2321.7222857374472,44.628194091776486,10
3754,2322.3427656919202,44.63775917755307,10
3755,2323.051250329426,44.67753936994668,10
3756,2323.9355025408086,44.67728342876906,10
3757,2324.555320716346,44.55564081457208,10
3758,2325.352424161146,44.55401824342697,10
3759,2325.8838935370845,44.36840320707056,10
3760,2326.592547591753,44.30060283659789,10
3761,2327.388179233734,44.27989431653257,10
3762,2328.00785622814,44.338543002459154,10
3763,2328.804181415296,44.32170087538291,10
3764,2329.4247407895373,44.3086296532538,10
3765,2329.9559930959936,44.31457428782714,10
3766,2330.574858306364,44.46034935281826,10
3767,2331.1060682443413,44.546401329785134,10
3768,2331.6375111425514,44.46798030871839,10
3769,2332.1684193205347,44.61005030177037,10
3770,2332.7879321921378,44.71248549031584,10
3771,2333.407808612047,44.75465899288279,10
3772,2333.938794435516,44.72763673619105,10
3773,2334.5580778786443,44.41826521424183,10
3774,2335.177467215411,44.19312597766644,10
3775,2335.708941880167,44.141985299926986,10
3776,2336.328908290534,44.20261426317808,10
3777,2336.684389484992,44.32452579921379,10
3778,2337.038832999209,44.4282620498005,10
3779,2337.7467934965075,44.31771866153855,10
3780,2338.2788928920754,44.09770663624064,10
3781,2338.810831691778,43.92314595408862,10
3782,2339.165455220932,43.921443374972846,10
3783,2339.6970622459753,43.977124856173894,10
3784,2339.9645017149346,43.95280203367436,10
3785,2340.5838486998973,43.85271257755274,10
3786,2341.291172127009,43.890413931586345,10
3787,2341.911355608962,43.83926114865481,10
3788,2342.4425390958704,43.81987779951204,10
3789,2343.0618543153137,43.88825822829992,10
3790,2343.594057826065,43.8581707617668,10
3791,2344.1257425039175,43.958399597510905,10
3792,2344.7450930218615,43.88903639310715,10
3793,2345.3649800244502,43.70332012390578,10
3794,2346.0730693531023,43.530082037287286,10
3795,2346.605445810921,43.56331108184119,10
3796,2347.1374728415767,43.296153589938754,10
3797,2347.757400432085,43.284420616600784,10
3798,2348.377546844082,43.04281038854051,10
3799,2348.9101174250986,42.87215566206674,10
3800,2349.706029661613,42.916207611403905,10
3801,2350.0617438160566,43.05027623147298,10
3802,2350.8586796057375,42.92141242604272,10
3803,2351.4778889433724,42.78006220665748,10
3804,2352.0975818050383,42.72309641945562,10
3805,2352.5417665148834,42.672383326932255,10
3806,2353.0737970842647,42.70985623696269,10
3807,2353.605075860733,42.385120743701854,10
3808,2354.3115010237616,42.5385247474267,10
3809,2354.9305197631606,42.356686985658904,10
3810,2355.6375908274435,42.076672045825845,10
3811,2356.432947163839,41.948717547052986,10
3812,2356.9639559227494,41.83419777894071,10
3813,2357.495202941259,41.83095977279461,10
3814,2357.938457631845,41.9256792979641,10
3815,2358.471727056017,41.98794652421751,10
3816,2359.0914869925373,42.01059135738411,10
3817,2359.6231734298362,42.127681857797455,10
3818,2360.155161642892,41.96402317483146,10
3819,2360.5990022265883,41.990966124574314,10
3820,2361.043081060372,41.96067071124796,10
3821,2361.7512180391714,42.001962401012086,10
3822,2362.459300298353,41.98740264900157,10
3823,2363.078431979076,42.11294641075435,10
3824,2363.6980860294548,41.915113518453836,10
3825,2364.4940670847154,41.76599842579594,10
3826,2365.1147799866603,41.829101424481586,10
3827,2365.6448904918457,41.62430500239431,10
3828,2366.177206938179,41.36492965995706,10
3829,2367.0605061826927,41.3650972871735,10
3830,2367.592086730948,41.43749149672926,10
3831,2368.0351967129636,41.36897527737494,10
3832,2368.9195636336817,41.36870048205904,10
3833,2369.36322422831,41.47264946907185,10
3834,2369.98378359507,41.54486724741214,10
3835,2370.5156553239476,41.44214739409729,10
3836,2371.0474952973664,41.551189266340046,10
3837,2371.579250566185,41.64682873933772,10
3838,2372.2872904814426,41.377822483388506,10
3839,2372.8185110195473,41.223513839488575,10
3840,2373.3500756821913,41.09263309518252,10
3841,2374.056961450247,41.222723651093865,10
3842,2374.5886743638976,41.42914905898124,10
3843,2375.2960542524484,41.259753195333474,10
3844,2375.8273806771335,41.47339873982804,10
3845,2376.5345629278772,41.76175122686253,10
3846,2377.2416551685565,41.77720989387928,10
3847,2377.860642147101,41.631677936568984,10
3848,2378.305059807847,41.406035638007864,10
3849,2378.8377627446503,41.703931788596364,10
3850,2379.545770899763,41.92518263752597,10
3851,2379.988130856257,41.67055434645658,10
3852,2380.8714548067264,41.670436618067775,10
3853,2381.5795953153015,41.82656516925876,10
3854,2382.1113823469814,41.90169217699438,10
3855,2382.8211905502276,42.033499652400266,10
3856,2383.617065718782,41.90853743558962,10
3857,2383.9721551409557,41.77625956665079,10
3858,2384.416053968719,41.85220550738436,10
3859,2384.9475127524565,41.969552548258676,10
3860,2385.566748555002,41.829458905217784,10
3861,2386.275084951047,41.67161438714637,10
3862,2386.8070625750433,41.681193175570264,10
3863,2387.0727972814143,41.81624970411326,10
3864,2387.603906638662,41.47754274312515,10
3865,2388.223966585997,41.654699607196115,10
3866,2388.5788230634353,41.8752657333986,10
3867,2389.1101971444705,41.619034752180475,10
3868,2389.64093590344,41.521379059114686,10
3869,2390.348456987097,41.66238408217599,10
3870,2390.70443585237,41.693105583985876,10
3871,2391.2356687437987,41.67113211079047,10
3872,2391.7670110544336,41.61014813405593,10
3873,2392.298284543045,41.691797737823094,10
3874,2393.1825985223445,41.691392149855744,10
3875,2393.7143961387637,41.80508197232543,10
3876,2394.335003160511,41.996371150364276,10
3877,2394.8669966649395,42.03216792629974,10
3878,2395.574951873582,42.07662857824601,10
3879,2396.2823988361934,42.100547342035036,10
3880,2397.078852848933,42.270652390817496,10
3881,2397.521590467692,42.199346931192835,10
3882,2398.141535709795,42.382792732494465,10
3883,2398.8494273929905,42.605443228355796,10
3884,2399.5571708236107,42.767065869343476,10
3885,2400.264321297702,42.607376166300746,10
3886,2400.9719165014044,42.75539067560777,10
3887,2401.857183446831,42.75461537324592,10
3888,2402.213363490011,42.77100675256664,10
3889,2402.744515201549,42.638005359284215,10
3890,2403.4530263046227,42.56422281670185,10
3891,2404.0722674109325,42.711889015797105,10
3892,2404.7793861226396,42.75698047540455,10
3893,2405.2219613867323,42.592797360159445,10
3894,2405.8423672226304,42.47870114434131,10
3895,2406.462127162416,42.27773214757561,10
3896,2406.9940253646746,42.42698820451994,10
3897,2407.4375377115657,42.70641985967198,10
3898,2408.233659952298,42.6509542833711,10
3899,2409.0307810421787,42.828570323012336,10
3900,2409.562843374212,43.08449644246608,10
3901,2410.094498039753,43.11784682730685,10
3902,2410.5372797805603,43.09403821394526,10
3903,2411.0683309118735,43.05380185625943,10
3904,2411.6881490933843,43.2713979677179,10
3905,2412.3082213977377,43.263134828309674,10
3906,2413.0148795107757,43.44008478115207,10
3907,2413.4579365479285,43.39974584700665,10
3908,2414.0771670621443,43.209270472910006,10
3909,2414.6981305653144,43.02176631173389,10
3910,2415.2285675541675,42.826206047608004,10
3911,2415.8476233604397,42.65644923127609,10
3912,2416.3803174621644,42.803025215072715,10
3913,2417.0006297737173,42.702955965654326,10
3914,2417.44337091728,42.986089278631084,10
3915,2417.9747396979483,43.05860051709092,10
3916,2418.5942666843093,42.954077736283324,10
3917,2419.1262337186026,43.06626353329891,10
3918,2419.5690260410474,43.248718711330774,10
3919,2419.9254072726703,43.19247214573825,10
3920,2420.633521298085,43.25989073422456,10
3921,2421.164357118272,43.26419390293031,10
3922,2421.696011787182,43.32046214671689,10
3923,2422.13985238045,43.352389607079346,10
3924,2422.7604488094667,43.3614692927629,10
3925,2423.4680122352047,43.30588566067251,10
3926,2423.9998786787787,43.31872062224873,10
3927,2424.5309456787554,43.39332183755705,10
3928,2425.3276149853964,43.265999147770025,10
3929,2426.124030175102,43.302490649063834,10
3930,2426.8316536007032,43.16237183020282,10
3931,2427.451046465386,42.942808465593146,10
3932,2428.158853434382,43.056243803859196,10
3933,2428.6897774897598,43.04545906032842,10
3934,2429.3978932862697,42.902861737255954,10
3935,2430.193842581778,42.77568740111219,10
3936,2430.81374722704,42.759321165730285,10
3937,2431.433983638598,42.89868894720338,10
3938,2432.0533270825113,42.698669308726465,10
3939,2432.76308233717,42.53425365624628,10
3940,2433.383149341106,42.366278393957266,10
3941,2434.0915104272344,42.268432109377926,10
3942,2434.7102679865093,42.35201429829431,10
3943,2435.154802132358,42.47931633533729,10
3944,2435.951210260554,42.3466506455248,10
3945,2436.393661988302,42.425158139240395,10
3946,2437.2770600590056,42.42522354309216,10
3947,2437.8970952990517,42.321688924089734,10
3948,2438.4289511576453,42.16148812890813,10
3949,2439.1374304979263,42.128617287321646,10
3950,2439.84644455689,42.274710780865526,10
3951,2440.466077431781,42.06201236857364,10
3952,2440.9981503490008,41.84322172577016,10
3953,2441.705989083183,41.69059495487472,10
3954,2442.2377549360276,42.02691070587381,10
3955,2443.0342971888062,42.0218716391357,10
3956,2443.654459491291,42.09469233996372,10
3957,2444.0975218287012,42.16407131545652,10
3958,2444.893105815025,42.27934701149161,10
3959,2445.424119882369,42.171312449089804,10
3960,2446.220609190394,42.11114515071762,10
3961,2446.840713264698,42.08253931258524,10
3962,2447.4615214748587,42.169870528881475,10
3963,2448.0823932080793,42.141578221638255,10
3964,2448.791047258466,42.06029892080902,10
3965,2449.2348402041152,42.018926575189404,10
3966,2449.6788766939017,42.064998679253414,10
3967,2450.3871707347707,42.24055968107497,10
3968,2451.184162997373,42.11074505947399,10
3969,2451.803224092518,41.87395864109502,10
3970,2452.424095826621,41.88457873925678,10
3971,2452.9572381893786,42.116402293601936,10
3972,2453.665606342105,42.06716998733037,10
3973,2454.1981557568106,42.21541861795272,10
3974,2454.906534510637,42.32737535601277,10
3975,2455.439518041906,42.094524890993135,10
3976,2455.8816803554973,42.16959736235686,10
3977,2456.413387968819,42.05309615105224,10
3978,2457.122147909572,42.10709729937292,10
3979,2457.7418549078975,42.42117487082122,10
3980,2458.449608930631,42.45417486210105,10
3981,2458.981528311595,42.482894057745646,10
3982,2459.5131776926487,42.30526726799103,10
3983,2460.0440647015616,42.56795325964336,10
3984,2460.8399716404933,42.51074773238558,10
3985,2461.549075702897,42.352034983273015,10
3986,2462.1689732923105,42.226817378254225,10
3987,2462.6128350571244,42.222388979927636,10
3988,2463.321716760282,42.09358305228168,10
3989,2463.676605008909,42.08708968706768,10
3990,2464.1192914399585,42.35741581664407,10
3991,2464.737999578796,42.40667476237548,10
3992,2465.269172480993,42.703597688676766,10
3993,2466.06577826525,42.685907688709186,10
3994,2466.5087347168737,42.864945029975466,10
3995,2466.952072346515,42.63591257650377,10
3996,2467.4834834793883,42.294473106889654,10
3997,2468.1906974840435,42.267200004715846,10
3998,2468.8983350367994,42.31132578501874,10
3999,2469.606057293138,42.119659716038115,10
4000,2470.2250072081024,42.15689720147466,10
4001,2470.8448042034966,42.04098755714477,10
4002,2471.464521786572,42.23572843261189,10
4003,2471.9079653077933,42.249189773462874,10
4004,2472.3517053154637,42.52846717731984,10
4005,2472.9723652788202,42.36869480437067,10
4006,2473.679526339519,42.593612734556665,10
4007,2474.2992598003407,42.57747103800186,10
4008,2474.920152713267,42.634561808672636,10
4009,2475.451844443133,42.60429825915982,10
4010,2476.0701802254216,42.750930288083644,10
4011,2476.7770765777013,42.562272599818506,10
4012,2477.39596825929,42.77780613794264,10
4013,2477.9285388428466,42.72872453907544,10
4014,2478.460622351559,42.81961675759053,10
4015,2478.9925152733367,42.74500066386595,10
4016,2479.788316330606,42.73111703195812,10
4017,2480.3205798463596,42.6958865345105,10
4018,2480.9392879876214,42.82016747775783,10
4019,2481.296023932664,42.70008217716855,10
4020,2481.9161332909025,42.88801986564506,10
4021,2482.3592485614504,42.90963284390496,10
4022,2482.979193800447,43.163909885021425,10
4023,2483.4225420218695,43.08653312914188,10
4024,2484.0414760535,43.03985200751425,10
4025,2484.5733901380804,43.05881732050067,10
4026,2485.3704406356355,42.924316020000276,10
4027,2486.0786076120708,42.77521237933552,10
4028,2486.786700476297,42.724385680219626,10
4029,2487.406520418306,42.84448219231924,10
4030,2487.9374709496024,42.74581303152929,10
4031,2488.6464850079856,42.55307569848335,10
4032,2489.266192008409,42.74806059715877,10
4033,2489.8859731215534,42.59842985775652,10
4034,2490.417590728407,42.78826806282897,10
4035,2491.0375094913975,42.909752719113754,10
4036,2491.746385892836,42.88350344353947,10
4037,2492.45404462527,43.10784940822103,10
4038,2492.985217511027,43.1185176179676,10
4039,2493.515548612865,43.3125484687267,10
4040,2494.1343397039336,43.17194995429618,10
4041,2494.5783656055673,43.25232457787478,10
4042,2495.1979984880477,43.27702792469862,10
4043,2495.818414919865,43.305877879267435,10
4044,2496.437761911111,43.417129110085625,10
4045,2496.8815442733253,43.64109053774229,10
4046,2497.5890335872164,43.57161683785007,10
4047,2497.856150095515,43.79412261774842,10
4048,2498.4753911969387,43.97850998704324,10
4049,2499.1832616957554,43.838404541369314,10
4050,2499.626011677405,43.85050650329274,10
4051,2500.334718674922,43.85779571807259,10
4052,2500.8676069127473,44.12140623622474,10
4053,2501.575735063735,44.16234051222324,10
4054,2502.107977398836,43.843506968514895,10
4055,2502.5530903796543,43.58471441957036,10
4056,2503.261359714097,43.628084602825844,10
4057,2503.9697543418342,43.65330869324318,10
4058,2504.500934294312,43.84173177765917,10
4059,2504.9446848797934,43.52068614732562,10
4060,2505.8297294650906,43.52084570230001,10
4061,2506.5378223293164,43.568605688381794,10
4062,2507.3338616272745,43.50896222682391,10
4063,2507.8654686557998,43.29946171780763,10
4064,2508.486594518218,43.30528678799893,10
4065,2509.018116837267,43.42859256184008,10
4066,2509.54944855976,43.43537411726565,10
4067,2510.0810132322804,43.7083433829139,10
4068,2510.3475050247403,43.5278140162689,10
4069,2510.9679426353664,43.57782851899417,10
4070,2511.499623784129,43.87250108671592,10
4071,2512.119807271461,44.069082315721836,10
4072,2512.6518166601754,44.416987797890684,10
4073,2513.3599518677133,44.562130812115434,10
4074,2513.714808345298,44.35980266550408,10
4075,2514.157838914626,44.29269648058649,10
4076,2514.688995922007,44.28780304448605,10
4077,2515.221174724832,43.978494303323906,10
4078,2515.929066397424,44.01543519945193,10
4079,2516.5476933635114,43.86426140982676,10
4080,2517.343095587543,43.863731767511474,10
4081,2517.961696086788,43.882443701660684,10
4082,2518.317484355784,44.113011349020766,10
4083,2518.672727321586,44.18878288742432,10
4084,2519.2041437487856,44.42122146011405,10
4085,2519.82300896326,44.494984087123704,10
4086,2520.2670772123006,44.3772182721894,10
4087,2520.8879224774364,44.533038679873165,10
4088,2521.6841435456927,44.70491925384325,10
4089,2522.4805693266126,44.87713366778748,10
4090,2523.277556294495,44.91329195152123,10
4091,2523.721603369737,45.12618998941919,10
4092,2524.342782167202,45.21161074938036,10
4093,2525.050260884368,45.210171336723704,10
4094,2525.6699996419748,45.029815465374234,10
4095,2526.2906384243274,45.05204695660696,10
4096,2526.823378410888,45.22572166495424,10
4097,2527.266424863792,45.033179369745156,10
4098,2527.8856236096735,45.09384429421054,10
4099,2528.7701634747345,45.093994166595266,10
4100,2529.301071664841,45.00116622173067,10
4101,2529.9207574866937,45.02826910772482,10
4102,2530.539225623454,45.00128677270622,10
4103,2531.0717432533866,44.91744900486357,10
4104,2531.603969699537,45.19591991571754,10
4105,2532.136243801908,45.14382206604852,10
4106,2532.6674449242532,45.16471655610805,10
4107,2533.2863366011197,45.22745349807877,10
4108,2533.9949535805195,45.37034817286319,10
4109,2534.791866422859,45.37104467087981,10
4110,2535.4994704453543,45.43661257773833,10
4111,2536.2957726867644,45.45698305059289,10
4112,2536.7390291407555,45.62545913293063,10
4113,2537.5355290399943,45.62860658193899,10
4114,2538.1551036765914,45.55809089062444,10
4115,2538.687277188624,45.847679505355046,10
4116,2539.041879551464,45.86566827492451,10
4117,2539.485376017489,45.843427839605674,10
4118,2540.1938394652643,45.66159782445713,10
4119,2540.901434663566,45.605421726566156,10
4120,2541.520887524992,45.48076215926808,10
4121,2542.1397986028283,45.39655924132711,10
4122,2542.847854398694,45.462028152872996,10
4123,2543.5544525078176,45.29313691951969,10
4124,2543.9972554192095,45.16788251411533,10
4125,2544.354208418957,44.877304958958895,10
4126,2544.885878976562,44.76240287249235,10
4127,2545.416921281327,44.64741095957253,10
4128,2546.0375071267854,44.74420470210785,10
4129,2546.657088825026,44.61885710360763,10
4130,2547.4525404588067,44.59236000085814,10
4131,2547.983665701015,44.45926101770846,10
4132,2548.6911179516896,44.60654526827353,10
4133,2549.399517875111,44.60202267562118,10
4134,2549.9304684083127,44.81739681690273,10
4135,2550.4621230729927,44.97154450192478,10
4136,2550.9935024433926,45.19029874434149,10
4137,2551.612950017952,45.350826136643555,10
4138,2552.0567111906803,45.44908765727936,10
4139,2552.412806528145,45.613816888780384,10
4140,2553.032063507485,45.49722553666719,10
4141,2553.47531115136,45.472234840736405,10
4142,2554.096532304256,45.47396592621338,10
4143,2554.7161545840577,45.533993318384766,10
4144,2555.3353798067096,45.679644766223824,10
4145,2555.955859772125,45.9921188141484,10
4146,2556.575238525044,45.75759113735335,10
4147,2557.282479003487,45.474609361386854,10
4148,2557.7257689873823,45.61394879439786,10
4149,2558.1685189672944,45.96639936143832,10
4150,2558.8761035729576,46.14983166107034,10
4151,2559.4964829387286,46.247243506273136,10
4152,2559.9396829170582,46.093885725564746,10
4153,2560.2941370118924,45.93402625739477,10
4154,2561.001663386045,45.95603839764038,10
4155,2561.533222754259,45.941611504219715,10
4156,2562.0648368348525,46.031550161414806,10
4157,2562.7716590651567,45.74940281411512,10
4158,2563.3918954859496,45.65801594949029,10
4159,2563.7477155251086,45.78347304113393,10
4160,2564.5447977937993,45.833665931820526,10
4161,2564.9005119479593,46.00896858878797,10
4162,2565.2552095887454,46.04983004689978,10
4163,2565.874616577138,46.08209933856165,10
4164,2566.582497670441,46.11733837110426,10
4165,2567.113882343766,46.24506101570017,10
4166,2567.556987034854,46.57558716997271,10
4167,2568.352719263181,46.60905354874952,10
4168,2568.7957392478856,46.59974394687426,10
4169,2569.328278070352,46.61275583617894,10
4170,2569.771080989982,46.69527435899585,10
4171,2570.3927680396837,46.84156214224373,10
4172,2571.013385649895,46.9471148876054,10
4173,2571.3696292226164,47.1464463397296,10
4174,2572.0772561872186,47.06514604231827,10
4175,2572.873057240894,47.124103587656236,10
4176,2573.4928277648937,47.17448605408825,10
4177,2574.024016549991,47.22624910554379,10
4178,2574.643940611494,47.36576175848686,10
4179,2575.0869853023705,47.327454367325004,10
4180,2575.5309953121487,47.614896708104986,10
4181,2575.885507654713,47.66339971996814,10
4182,2576.5061464378887,47.54974535307708,10
4183,2576.9493287808546,47.64341393684863,10
4184,2577.5699993305,47.573335987432436,10
4185,2578.101293991667,47.629662444988455,10
4186,2578.8081373978007,47.63961953750141,10
4187,2579.5162884855526,47.6775527134342,10
4188,2579.8721296901713,47.60537529442604,10
4189,2580.403235522313,47.59113517865655,10
4190,2580.847579057976,47.342775665308494,10
4191,2581.379895518506,47.372199352607495,10
4192,2581.735937890314,47.55880937073479,10
4193,2582.3568943282044,47.24877484536906,10
4194,2583.2425212816343,47.24861080068811,10
4195,2584.039487067371,47.106466254577676,10
4196,2584.483121170245,46.99090867157875,10
4197,2584.7506082767813,46.917151997496745,10
4198,2585.1946659256178,46.76597161827472,10
4199,2586.081235256562,46.765638911317865,10
4200,2586.701789342035,46.71530510355634,10
4201,2587.233369892554,46.87345736464982,10
4202,2587.764447498233,46.947016801073225,10
4203,2588.2074515893187,46.90595495537581,10
4204,2588.9156821001297,46.95998107514222,10
4205,2589.6244773336502,47.05540248546877,10
4206,2590.2431572331257,46.996057430122264,10
4207,2590.7739012953007,47.106783846676684,10
4208,2591.3935394658783,46.98345267911969,10
4209,2591.9246647056775,47.03371171379014,10
4210,2592.543556380093,46.881215776674026,10
4211,2593.251913948751,46.79648009866602,10
4212,2594.047693823008,46.898955863627755,10
4213,2594.491550298182,46.958558718708844,10
4214,2595.023146730343,46.89099083481074,10
4215,2595.6428537203165,46.89577679891149,10
4216,2596.351158335797,46.73003657697314,10
4217,2597.0591453096563,46.745434603062996,10
4218,2597.5914617639937,46.65838827026977,10
4219,2598.211980548172,46.65290267943938,10
4220,2598.919159264723,46.504668424848205,10
4221,2599.451708656107,46.38064964541587,10
4222,2600.2474991206477,46.31069373981549,10
4223,2600.778719655332,46.4636726031641,10
4224,2601.310146672593,46.438782907319634,10
4225,2602.017434805454,46.47823364655155,10
4226,2602.3721589338575,46.72478110227323,10
4227,2602.8152106728803,46.35339495563111,10
4228,2603.347633014516,46.18642035689598,10
4229,2604.055764699049,46.2395896615526,10
4230,2604.498467018549,46.15811360357853,10
4231,2605.029438733734,46.146765821318134,10
4232,2605.4738846426017,46.18999296241306,10
4233,2606.1817021964985,45.97679285642627,10
4234,2606.88894796838,45.879398553859644,10
4235,2607.420057321415,46.05978520936516,10
4236,2608.216959584209,46.0403884174569,10
4237,2608.6600219134866,45.98454520444697,10
4238,2609.2797447906505,46.07555717379282,10
4239,2609.634887149962,46.20471507765968,10
4240,2610.343737088039,46.22846948979162,10
4241,2610.9630364193536,46.09164428591527,10
4242,2611.317564658586,46.098154117628056,10
4243,2611.937155178439,46.07235326664001,10
4244,2612.205002301045,46.227322236860054,10
4245,2612.9131798674143,46.207439560351176,10
4246,2613.4445345245103,45.971944359716055,10
4247,2613.7124293006646,45.99364818494048,10
4248,2614.3322845402663,45.84818371980782,10
4249,2614.8644739380707,45.90051146931775,10
4250,2615.4840750556887,46.164740654519576,10
4251,2616.103930296443,46.03909966862976,10
4252,2616.4590161952383,45.86222673124039,10
4253,2616.989613783582,45.86413405691162,10
4254,2617.6084154553378,45.70700299429041,10
4255,2618.2277412547696,45.84700540078015,10
4256,2618.8479776762715,45.836828872699925,10
4257,2619.4671870156717,45.99470755958678,10
4258,2619.9980475541597,46.00403372874187,10
4259,2620.617638071083,46.00176005638504,10
4260,2621.50211617233,46.00022215709861,10
4261,2622.123584384402,45.90227015298629,10
4262,2622.6549549203455,45.72985502911302,10
4263,2623.3630266017967,45.781223094230036,10
4264,2623.8064224810955,46.150864728891314,10
4265,2624.4267647808733,46.01627716386377,10
4266,2625.310496390087,46.016125138877335,10
4267,2626.105836840784,45.86122130727196,10
4268,2626.725760907701,45.96679464828337,10
4269,2627.168992648912,45.848000471720816,10
4270,2627.8780596528477,45.74138661303047,10
4271,2628.4966654391415,45.95524315827988,10
4272,2629.0283465923267,45.95218441902744,10
4273,2629.3832136430246,45.642222060945215,10
4274,2630.2694970860766,45.64240348531114,10
4275,2630.8893205556337,45.914755619499296,10
4276,2631.3328223180924,45.96838326724385,10
4277,2631.9521375373433,45.864132293469694,10
4278,2632.7481768292073,45.71220653733624,10
4279,2633.2805515249815,45.82905127045164,10
4280,2633.9883743727196,45.74319338435777,10
4281,2634.69655193435,45.589960938601,10
4282,2635.315775380122,45.29951045341949,10
4283,2635.9353764900825,45.21373299699272,10
4284,2636.3780735097835,44.96173536759062,10
4285,2637.0849080934486,44.9834734284203,10
4286,2637.7927838801024,44.81994568521615,10
4287,2638.324893856797,44.85704179378247,10
4288,2639.0328137661077,44.77372988810339,10
4289,2639.654606702561,44.70715851473033,10
4290,2640.450037156209,44.75747209894816,10
4291,2641.158135298378,44.88176299307732,10
4292,2641.6900335052496,45.060237986746145,10
4293,2642.3097669639938,44.994927088314064,10
4294,2642.8416651754533,45.265404102815985,10
4295,2643.4620498335557,45.14556024496907,10
4296,2643.8171392591335,44.93473932039453,10
4297,2644.2605351355915,45.015042382045486,10
4298,2644.8805615414367,44.92869764555857,10
4299,2645.587389073068,45.093284790532415,10
4300,2646.3832007162423,44.94084025877415,10
4301,2647.0908223841197,45.08579873743927,10
4302,2647.6234035454863,44.98793355356278,10
4303,2648.154707033799,44.755965394992955,10
4304,2648.774234023365,44.90223872995393,10
4305,2649.3952363446224,45.07850498430365,10
4306,2650.1040668736487,45.133888099804345,10
4307,2650.72386210279,45.0313853403979,10
4308,2651.166850312061,45.07402946448231,10
4309,2651.6106538510876,44.973231792304844,10
4310,2652.1431079595054,45.02870093162464,10
4311,2652.763042607169,44.7488638117842,10
4312,2653.4707066360297,44.84834957130635,10
4313,2654.091345416759,45.012150709016254,10
4314,2654.7113594786183,45.2847405303117,10
4315,2655.1546688731232,45.02422662766157,10
4316,2655.862761724973,45.00387111630065,10
4317,2656.3057287620722,45.047368417522534,10
4318,2656.925425178156,45.36006954653874,10
4319,2657.6328562558238,45.5177689438803,10
4320,2658.252118522888,45.417285708289405,10
4321,2658.7849591022236,45.5785519352855,10
4322,2659.2298479611054,45.939214424665195,10
4323,2659.674318577483,45.84614832906795,10
4324,2660.1178573858997,45.70660352042795,10
4325,2660.73691847086,45.47109147328974,10
4326,2661.268952563886,45.21707829092336,10
4327,2661.8902301920502,45.29911600765894,10
4328,2662.6001760436648,45.147263089189536,10
4329,2663.308290079604,45.02363757501084,10
4330,2663.751516534244,44.84329677292094,10
4331,2664.5474922988024,44.89631861722395,10
4332,2665.255516319175,44.86590091835413,10
4333,2665.964350370793,45.129747344654454,10
4334,2666.4083127333383,45.00012780783527,10
4335,2667.2042602630636,44.92980184701629,10
4336,2668.089209551858,44.92871976090449,10
4337,2668.620775989801,45.06689953095077,10
4338,2669.1529759774967,45.25546933039319,10
4339,2669.7731912233967,45.224614724044116,10
4340,2670.0408018789362,45.253462853818796,10
4341,2670.6598312115243,45.0660150065035,10
4342,2671.368432317335,45.133614249160125,10
4343,2672.076826949616,44.9338605857698,10
4344,2672.519746327972,44.967887854839844,10
4345,2673.1399245072876,44.764063083711136,10
4346,2673.49441039059,44.53652097563079,10
4347,2674.290767340222,44.40555900093894,10
4348,2674.735650897058,44.43991455759873,10
4349,2675.267914407326,44.47515521569391,10
4350,2675.9756366632946,44.462619733635286,10
4351,2676.5955130735542,44.36053128584062,10
4352,2676.951311924261,44.49903196533343,10
4353,2677.307922574856,44.37561438304127,10
4354,2677.7523878961565,44.55607581719184,10
4355,2678.2832801956542,44.44220573847484,10
4356,2678.638983755639,44.42332433696058,10
4357,2679.435473062752,44.41298838293995,10
4358,2680.1451330206637,44.24811508389343,10
4359,2680.589704215183,44.077325058565044,10
4360,2681.2100412301193,44.09397868943897,10
4361,2681.8313576785854,43.86506537922486,10
4362,2682.6276246260654,43.738164365863206,10
4363,2683.3369669262806,43.7922213670681,10
4364,2683.7811198623485,43.99260560776007,10
4365,2684.224838684383,44.0968535399221,10
4366,2684.7578751569445,44.05286697576055,10
4367,2685.377095076412,44.10867811732388,10
4368,2685.732380383569,44.13844075202399,10
4369,2686.440144999302,44.042697890824805,10
4370,2686.619378608247,44.08086761121384,10
4371,2687.503946710154,44.08080516311345,10
4372,2688.124320780098,43.92748252783433,10
4373,2688.7455207615435,44.05954547751506,10
4374,2689.2771913123966,44.07421518024219,10
4375,2689.544180760239,44.10181161620089,10
4376,2690.340691249729,44.09739348708448,10
4377,2690.7855430489067,44.085762976691534,10
4378,2691.404662377828,44.073164426900554,10
4379,2692.1144705743764,44.08494722447336,10
4380,2692.7353529057764,44.33790680514921,10
4381,2693.1780216978345,44.3758983520074,10
4382,2693.7098563695117,44.51866466333345,10
4383,2694.4173192074463,44.71713215463593,10
4384,2694.8608474307375,44.3356936164144,10
4385,2695.3918350192716,44.444196940054624,10
4386,2696.0116584872726,44.25022438192692,10
4387,2696.6306454704695,44.23090540244032,10
4388,2697.2499748063537,44.008301711810006,10
4389,2697.9584912064147,43.94377517484844,10
4390,2698.3133370878772,43.842187684875185,10
4391,2698.8450817676585,43.6834712643345,10
4392,2699.376561734206,43.59136350365622,10
4393,2700.0841322188435,43.52988458022914,10
4394,2700.704022743557,43.27655111750712,10
4395,2701.234667981616,43.593069259938815,10
4396,2701.76518438978,43.60025541091148,10
4397,2702.3853202259934,43.80562474035057,10
4398,2703.181904833932,43.94520638825857,10
4399,2703.8893517968036,44.124474225191555,10
4400,2704.509228210985,43.93926888780557,10
4401,2705.2175540191447,43.74970819186863,10
4402,2705.8366098150577,43.473459470527104,10
4403,2706.631796735054,43.40629717090183,10
4404,2707.34145669203,43.28471724558702,10
4405,2707.8725025211033,42.99560998567047,10
4406,2708.4048825119453,43.06538137301206,10
4407,2708.8493742922483,42.906531410860715,10
4408,2709.3830531356753,43.034050314095694,10
4409,2710.0925013170267,43.16374955360487,10
4410,2710.8009400723167,43.311913549447034,10
4411,2711.155845959917,43.321990253055,10
4412,2711.776343551754,43.4269448865164,10
4413,2712.3070046590574,43.42950481813562,10
4414,2712.839178176336,43.42776462328711,10
4415,2713.5473980946376,43.35205518550767,10
4416,2714.1675921704536,43.560020167683625,10
4417,2715.0521920375204,43.560900156836276,10
4418,2715.5843249476893,43.53083491700387,10
4419,2716.028303189523,43.70960108450481,10
4420,2716.560926707758,43.62727707700161,10
4421,2717.0941114236302,43.59487528231212,10
4422,2717.6260149201917,43.3265947417839,10
4423,2718.069349019784,43.42037657573176,10
4424,2718.600648970687,43.35843608328783,10
4425,2719.1313418395753,43.22871145463402,10
4426,2719.399093669925,43.25062283296251,10
4427,2720.1950253139808,43.26255285189841,10
4428,2720.7272782279347,43.26878317604142,10
4429,2721.435286375372,43.34655603485575,10
4430,2721.8791004964323,43.329517357874174,10
4431,2722.587433361995,43.41606655884037,10
4432,2723.383149701597,43.538481208153506,10
4433,2723.826900293391,43.457227717332295,10
4434,2724.4468243546826,43.367151800767644,10
4435,2724.9784366688873,43.23581172448159,10
4436,2725.5985407299245,42.92123678166429,10
4437,2726.3068188832967,42.82019082614757,10
4438,2727.016801790939,42.84209361236463,10
4439,2727.6365723098056,42.95099581914913,10
4440,2728.1686028766508,43.03712110797696,10
4441,2728.6994210557664,43.17778794174378,10
4442,2729.407302142601,43.14427121142735,10
4443,2730.0259308686354,42.79580681264728,10
4444,2730.6457014007956,42.87526626413807,10
4445,2731.2656889925142,43.1803153904515,10
4446,2731.97449127807,43.15626340145103,10
4447,2732.5059712446173,43.303892516212926,10
4448,2733.1254982311884,43.20025587324665,10
4449,2733.7468305641332,43.25137371350202,10
4450,2734.278508181463,43.07422107802883,10
4451,2734.898024581072,42.85833441881242,10
4452,2735.6064933373436,42.88226009225525,10
4453,2736.139540401704,43.013938851054824,10
4454,2736.759840353261,43.10866544469617,10
4455,2737.378525549765,42.93332488516325,10
4456,2737.910662004654,42.87172379805285,10
4457,2738.618029550422,43.07742267925373,10
4458,2739.238211267532,43.1140180987218,10
4459,2739.592993623901,43.22098944997224,10
4460,2740.212887678693,43.055420789538786,10
4461,2740.83264055985,43.1154616866948,10
4462,2741.2766770369117,42.935205332655926,10
4463,2741.6316711644004,43.033477641407245,10
4464,2742.163475840487,43.02194163790493,10
4465,2742.9586186385595,42.891711638831325,10
4466,2743.4897703548177,42.995991305793,10
4467,2744.1978473337927,43.072877556318396,10
4468,2744.7291049319456,43.22337153649509,10
4469,2745.2601666463643,43.08246985938364,10
4470,2745.7026730776356,42.75658413578199,10
4471,2746.499892989141,42.8768805955562,10
4472,2747.120404720634,43.07984538561957,10
4473,2747.742398838377,43.07290955680055,10
4474,2748.4506293427285,43.000877021224404,10
4475,2748.893543437926,43.08398924482196,10
4476,2749.424227483595,43.31113106726282,10
4477,2749.9564645179876,43.38949766405989,10
4478,2750.7534303122607,43.53239006005683,10
4479,2751.197138543327,43.56495445311447,10
4480,2751.8164325856296,43.347667233099536,10
4481,2752.524031307469,43.32697423427609,10
4482,2753.2307529461204,43.37619571659252,10
4483,2753.762407611181,43.57181367758294,10
4484,2754.470278112799,43.622043533905206,10
4485,2755.0896109775194,43.49008393562881,10
4486,2755.5327439045836,43.61135321627472,10
4487,2756.151790881456,43.397851187353695,10
4488,2756.7717061243725,43.554708008840244,10
4489,2757.567715418233,43.604374725615,10
4490,2757.923895467372,43.56771645188591,10
4491,2758.454884824541,43.64450457295017,10
4492,2759.1617035271192,43.42608377436226,10
4493,2759.6055141066495,43.03743065716034,10
4494,2760.2254964086524,43.211805038366535,10
4495,2760.6687758064136,43.10081254328957,10
4496,2761.1998710480893,42.95158872076942,10
4497,2761.732272211163,43.080824963677536,10
4498,2762.616314415655,43.08117993136124,10
4499,2763.2353013889006,42.81397468699726,10
4500,2763.941996564515,42.533518340472675,10
4501,2764.651181802616,42.693312792777235,10
4502,2765.35893582876,42.689388958548776,10
4503,2765.9793204895045,42.70330554406754,10
4504,2766.511949299527,42.713780176593666,10
4505,2767.0441386958387,42.434212209768276,10
4506,2767.4877128058124,42.55086412406752,10
4507,2768.107197445397,42.5813569141126,10
4508,2768.6378091335832,42.712462151380166,10
4509,2769.2567096295775,42.56253154511722,10
4510,2770.054533088349,42.43680008546694,10
4511,2770.587357791358,42.42801738051386,10
4512,2771.1193883628266,42.632630033455875,10
4513,2771.8283071216047,42.58240727171141,10
4514,2772.3593052969563,42.713096303300894,10
4515,2773.156447561644,42.565172450254614,10
4516,2773.863622739208,42.48824931969762,10
4517,2774.4843303426587,42.50368371515308,10
4518,2775.1923914298613,42.51097452393002,10
4519,2775.723299606346,42.323930554313236,10
4520,2776.431445403106,42.38771166745874,10
4521,2776.875630124897,42.54501043713997,10
4522,2777.407851281371,42.46571077568419,10
4523,2778.027844165553,42.51706553773889,10
4524,2778.5586570555743,42.67252826434717,10
4525,2779.1784275677583,42.561720214436356,10
4526,2779.709865179132,42.35701596209941,10
4527,2780.153276935314,42.261125238267844,10
4528,2780.861359209648,42.43133234369152,10
4529,2781.30404564858,42.038145102920325,10
4530,2781.9243456055965,41.9186414701914,10
4531,2782.367460873117,41.972727144094236,10
4532,2782.9874502275484,41.98756108179707,10
4533,2783.6078684228196,42.19520100912576,10
4534,2784.2271042289626,42.230005120098284,10
4535,2784.9359876979006,42.37932640357924,10
4536,2785.2037924717783,42.34345330639044,10
4537,2785.824621848681,42.26029227876084,10
4538,2786.444727681281,42.19942057870242,10
4539,2787.1535087978496,42.27710767693005,10
4540,2787.7731416763804,42.307086725937275,10
4541,2787.952290573093,42.292781652232634,10
4542,2788.6602563641795,42.39734212679309,10
4543,2789.103159851168,42.346844118979476,10
4544,2789.6353280629273,42.43899037143196,10
4545,2790.1667286051256,42.487791299110356,10
4546,2790.8757638361344,42.5036965941191,10
4547,2791.584250232526,42.711969993707015,10
4548,2792.027402553832,42.47672276865327,10
4549,2792.7368825003423,42.64510072097847,10
4550,2793.3560071177485,42.693340748585186,10
4551,2793.711456555917,42.74888684580952,10
4552,2794.242735339815,42.540979645186944,10
4553,2794.862549985172,42.71453258717783,10
4554,2795.5696634025285,42.566979850073565,10
4555,2796.189229224468,42.73105158070886,10
4556,2796.8085762122146,42.868409389988194,10
4557,2797.516743188389,43.117037667824825,10
4558,2798.2241689659813,43.03194783119806,10
4559,2798.8436500637463,43.21096419608163,10
4560,2799.287397120862,43.28779733889243,10
4561,2799.5541995055996,43.06889014900163,10
4562,2800.349642312268,43.177145473845094,10
4563,2800.8805893024573,43.23156319675089,10
4564,2801.4997386379932,43.361100396145744,10
4565,2802.030759771285,43.15799301166265,10
4566,2802.650060872727,43.09781151978169,10
4567,2803.1823508646717,43.11093138122326,10
4568,2803.7126872681456,42.90290055653479,10
4569,2804.0688249490786,43.08214671064913,10
4570,2804.689131959722,42.98062878920278,10
4571,2805.308595407213,43.06647742092462,10
4572,2805.8393129913957,43.00567535964537,10
4573,2806.3704435279856,42.92282234302171,10
4574,2807.078610500857,43.05643916254185,10
4575,2807.6979257180346,42.899126031550104,10
4576,2808.3175162450652,43.0404907147932,10
4577,2808.8491603198527,42.99399331619561,10
4578,2809.468154358755,43.048958034698586,10
4579,2810.087660177736,42.99924094141575,10
4580,2810.9713811989577,42.99916622949041,10
4581,2811.5033270466283,42.71910671488783,10
4582,2812.211335201132,42.8612387107737,10
4583,2812.9192268772085,42.718319493894754,10
4584,2813.6266314829622,42.60281714803056,10
4585,2814.334604340514,42.40493788466746,10
4586,2815.0445501888726,42.137243007428644,10
4587,2815.840653012834,42.246231637052084,10
4588,2816.371730603595,42.000496246396196,10
4589,2816.902882313471,42.089431426956914,10
4590,2817.435574663831,42.154493117337054,10
4591,2818.0556699131457,42.2542737592367,10
4592,2818.67562220252,42.01072894955891,10
4593,2819.3838279999713,41.74787385415885,10
4594,2820.0912202506825,41.78319931374845,10
4595,2820.623568472285,41.7875423799531,10
4596,2821.243028401406,41.59244059717415,10
4597,2821.774275415736,41.47169579338488,10
4598,2822.394116533852,41.45235804935565,10
4599,2823.102421153485,41.475994960548235,10
4600,2823.6331599154496,41.733461956707025,10
4601,2824.164226919128,41.84059421979314,10
4602,2824.872771556766,41.902491004941574,10
4603,2825.492955037108,41.71109068731075,10
4604,2826.2900584786053,41.857766611528014,10
4605,2826.821106068379,41.84323816270487,10
4606,2827.5303001375364,41.826002015941384,10
4607,2827.972748341528,42.13266983571522,10
4608,2828.5919259092107,42.19001920412614,10
4609,2829.389008177901,42.114507804767676,10
4610,2830.0974345789755,42.104790610714424,10
4611,2830.8050509542236,42.0584338078068,10
4612,2831.3370285812616,42.008917325075394,10
4613,2831.7796567826013,42.065487297125834,10
4614,2832.3115444002683,41.95541413160535,10
4615,2832.7553197004663,41.89644161871105,10
4616,2833.374463742716,41.70301143145283,10
4617,2834.2589259619745,41.70244414444208,10
4618,2835.056209408335,41.59194676090582,10
4619,2835.676657603278,41.51018051434549,10
4620,2836.2975769857526,41.57450356305329,10
4621,2837.182790986214,41.573515671590734,10
4622,2837.802323268101,41.49164479237616,10
4623,2838.510934965803,41.64845842353785,10
4624,2839.0422508069473,41.678519661856335,10
4625,2839.398706162437,42.07101854784945,10
4626,2840.196063729974,42.22253549183206,10
4627,2840.99299245443,42.32890693804308,10
4628,2841.435938309841,42.42329651025,10
4629,2842.145100609368,42.64091320551518,10
4630,2842.677417064616,42.56714343702476,10
4631,2843.2095411602327,42.54794636988962,10
4632,2843.8305081833732,42.454872300603476,10
4633,2844.452269360485,42.73791660507247,10
4634,2845.0725798968047,42.69119984863725,10
4635,2845.6044869129432,42.77808551546871,10
4636,2846.047798088006,42.86583310573597,10
4637,2846.579034518362,42.672160645310434,10
4638,2847.375248526777,42.670510170483865,10
4639,2847.995908490294,42.84003882183626,10
4640,2848.6150225260462,42.75263672677328,10
4641,2849.2347224715713,42.91775975312968,10
4642,2849.767001868392,43.00550559167535,10
4643,2850.6510617212766,43.00605525324049,10
4644,2851.0940711135922,42.94387793912162,10
4645,2851.7129998571886,43.00108413711884,10
4646,2852.510754494463,43.0739647740066,10
4647,2852.953192109767,43.186111677552084,10
4648,2853.573184997406,43.100438107059084,10
4649,2854.2801625206325,42.97033715041462,10
4650,2854.81192837321,42.853810872243194,10
4651,2855.343856573277,42.99348325476049,10
4652,2856.052097672264,42.94460467858728,10
4653,2856.5825081876774,42.860562565936696,10
4654,2857.2895580682284,42.899094978478274,10
4655,2858.0858744283396,42.81914080071175,10
4656,2858.7068255743043,42.88752545926702,10
4657,2859.2380619827777,42.82060602846105,10
4658,2859.9466736731383,42.66599257952393,10
4659,2860.4787095338497,42.5782964280065,10
4660,2860.922227170506,42.36847542128769,10
4661,2861.629605302591,42.2136633558356,10
4662,2862.2499864344945,42.09269718715721,10
4663,2862.958396949281,42.17474915884843,10
4664,2863.6670933544688,42.24257099994685,10
4665,2864.4626826398626,42.24930657644891,10
4666,2864.8182803266072,42.2327003628027,10
4667,2865.437277889657,42.35033275242409,10
4668,2866.057007819974,42.33061552864443,10
4669,2866.588710142524,42.33781502641951,10
4670,2867.0330166162876,42.34423724360884,10
4671,2867.7408659375674,42.16168073813807,10
4672,2868.359552907162,42.117449266886865,10
4673,2868.8915252329134,42.1477610242403,10
4674,2869.423375794164,42.01922460822536,10
4675,2870.1300286148216,41.89814467525744,10
4676,2870.837258501614,41.88983741077696,10
4677,2871.3683325658685,42.07923902545217,10
4678,2871.9000507737087,41.96337611158802,10
4679,2872.519185988969,42.10163243130351,10
4680,2873.1394329998993,42.15454316526438,10
4681,2873.5824212035977,42.22671581795688,10
4682,2874.203748238314,42.091980791822465,10
4683,2874.823084631983,42.23873257184134,10
4684,2875.267106994871,42.07316353631315,10
4685,2875.799566400577,42.0917585447961,10
4686,2876.4215605193067,42.26271323366007,10
4687,2877.041500459208,42.33652205560944,10
4688,2877.573215139508,42.45483889393374,10
4689,2877.9281086793035,42.406820636620495,10
4690,2878.282996915395,42.410701931672556,10
4691,2878.9027092054084,42.5094669200546,10
4692,2879.4337497291845,42.80080055202036,10
4693,2879.7001726930757,42.91271880097749,10
4694,2880.3202291120206,42.8074567763577,10
4695,2880.85142141539,42.832634952493436,10
4696,2881.3829278536746,42.79242808254479,10
4697,2882.091084233926,42.69266049692984,10
4698,2882.535470134604,42.79556209818766,10
4699,2883.155976560705,42.929402956730655,10
4700,2883.59836122315,43.10332090293235,10
4701,2884.0413564993128,43.081954697777476,10
4702,2884.5721376105444,43.104600933949314,10
4703,2885.457499852794,43.10487268630063,10
4704,2886.0765503520847,43.05481212048735,10
4705,2886.521576860058,43.1737556288378,10
4706,2886.789656938349,43.286751769926965,10
4707,2887.4100521828227,43.13219124283053,10
4708,2887.9422309879897,42.84756373722381,10
4709,2888.7390485431897,42.926449647651594,10
4710,2889.270697920615,43.028387641860576,10
4711,2889.8893513528355,43.24898877198905,10
4712,2890.598312474594,43.15389248876362,10
4713,2891.393838228157,43.259344785023494,10
4714,2892.0134922860952,43.41745042874786,10
4715,2892.4572428835136,43.464889502065624,10
4716,2892.9881828314415,43.50623683487109,10
4717,2893.520996950017,43.52768582291156,10
4718,2893.96477929768,43.31063054738425,10
4719,2894.583888036588,43.18295820543441,10
4720,2895.291476173995,43.231097032975974,10
4721,2895.7343796759988,43.30534176081036,10
4722,2896.3544255082948,43.31978287191399,10
4723,2897.0630742578105,43.14832553840736,10
4724,2897.5058718735672,43.370828570320185,10
4725,2897.9494053861417,43.43909433634234,10
4726,2898.5691123818387,43.260096409398166,10
4727,2899.3649716706796,43.25331480606746,10
4728,2899.9852980905684,43.235113494072905,10
4729,2900.6053439154593,43.12868507992849,10
4730,2901.1368238717905,43.10343071490312,10
4731,2901.8452290936393,42.84753179426106,10
4732,2902.465836114622,42.90900486194952,10
4733,2902.82247146548,43.04405417627618,10
4734,2903.354438503458,42.997478436141236,10
4735,2903.9759984962357,42.91818586570822,10
4736,2904.507579054071,42.968403367379096,10
4737,2905.038836652181,42.777834112145584,10
4738,2905.658771293897,42.767314489593524,10
4739,2906.456764169794,42.66560379203032,10
4740,2907.164318775895,42.51586865676791,10
4741,2907.87151160536,42.42840686894751,10
4742,2908.4915362597535,42.64632515641471,10
4743,2909.0232403531654,42.76120557121837,10
4744,2909.378419788671,42.61791257998173,10
4745,2909.91156214455,42.73543077227779,10
4746,2910.4431797523716,42.90049896154006,10
4747,2911.062992627437,42.820803641752406,10
4748,2911.593487846029,42.79243813953422,10
4749,2912.1243166119266,42.87040351652336,10
4750,2912.831784748255,42.76083976678908,10
4751,2913.6281258196386,42.61595586697999,10
4752,2914.2482140012844,42.579071525857955,10
4753,2914.779249246508,42.55851351779647,10
4754,2915.2237092664427,42.437015559449975,10
4755,2915.9325609626508,42.18639275175545,10
4756,2916.6409520650345,41.9397488194289,10
4757,2917.438431399337,42.01151236070138,10
4758,2918.058992532169,42.117309593907116,10
4759,2918.7684830688004,42.21578553597115,10
4760,2919.4762723915264,41.96864483873572,10
4761,2920.096238805681,42.01375128686266,10
4762,2920.8915580846624,42.00663075011505,10
4763,2921.3340009967005,41.817269484505005,10
4764,2921.7765709613604,41.72447449864203,10
4765,2922.3959550064847,41.65249744201905,10
4766,2923.192419610055,41.71260098766346,10
4767,2923.9880936045115,41.70771037109136,10
4768,2924.6076735337215,41.5331235320352,10
4769,2925.140155871504,41.460474210798296,10
4770,2925.4955735471276,41.49693087783866,10
4771,2926.203999944815,41.624307718966534,10
4772,2926.912373404425,41.584233406644536,10
4773,2927.6201486057257,41.545012059073564,10
4774,2928.418962096384,41.52152501421943,10
4775,2929.0386602627714,41.77228259892644,10
4776,2929.5716596729108,41.91949640167904,10
4777,2930.2809860986476,41.97014600049479,10
4778,2930.7254196487606,42.1195132581524,10
4779,2931.4348784245717,42.076145628137844,10
4780,2931.703472045054,42.10606695156155,10
4781,2932.059043246332,41.98633926503267,10
4782,2932.6786708315476,41.83799749938563,10
4783,2933.120886076561,41.71472251859331,10
4784,2933.3886167276632,41.76847598903084,10
4785,2933.8314090483973,41.74036944346726,10
4786,2934.4521113540077,41.85033459279149,10
4787,2935.159632431628,41.90704969756262,10
4788,2935.867217028218,41.74570715844713,10
4789,2936.6627216055163,41.894460028277095,10
4790,2937.1936668375306,41.732964908783224,10
4791,2937.7250091525834,41.648761823244165,10
4792,2938.0811044813413,41.53241993108547,10
4793,2938.7030668369966,41.54677214475914,10
4794,2939.235072690945,41.58501080461791,10
4795,2940.030804917228,41.58397437788995,10
4796,2940.5622319335725,41.4024467312336,10
4797,2941.1817377486486,41.63508141864001,10
4798,2941.6249641833924,41.526514215973584,10
4799,2942.1569206231916,41.711633799801525,10
4800,2942.600787686345,41.94295619450678,10
4801,2943.22112470014,41.9691497017915,10
4802,2943.9281692961213,41.84904132386114,10
4803,2944.548691605343,41.96909230343916,10
4804,2945.2568585843733,42.0435330315884,10
4805,2945.8759726111393,41.992197833226506,10
4806,2946.496362560011,42.31583477902069,10
4807,2946.9400602126284,42.00836405360586,10
4808,2947.471677829911,41.94712362743753,10
4809,2948.2684177274523,41.83132030089644,10
4810,2948.9758752625758,41.79221387777932,10
4811,2949.5948410640467,41.633553895904534,10
4812,2950.2152151295404,41.48548086461662,10
4813,2950.8345727013375,41.53987724664374,10
4814,2951.365999723005,41.739719302675354,10
4815,2952.0750773135173,41.70385271708904,10
4816,2952.6946995896465,41.65076576391167,10
4817,2953.049084877076,41.60487650220855,10
4818,2953.757580100089,41.47698829920591,10
4819,2954.20120891609,41.27993441459803,10
4820,2954.64604658669,41.434960902758924,10
4821,2955.178410679718,41.437686256965314,10
4822,2955.5339659967117,41.80771749709202,10
4823,2955.9770865612336,41.67285087640409,10
4824,2956.6855923731105,41.64181701666351,10
4825,2957.129427675066,41.94860817759446,10
4826,2957.660484095603,41.674436846911775,10
4827,2958.016081770784,41.52850876981942,10
4828,2958.457762285914,41.559893955943444,10
4829,2958.9020140539933,41.36658204237753,10
4830,2959.344790492893,41.24592537076507,10
4831,2959.8753704344244,41.36944503553297,10
4832,2960.5829656316605,41.358378364722846,10
4833,2961.1137149913857,41.28377729922548,10
4834,2961.8208813555234,41.277720090607794,10
4835,2962.352837805651,41.40742465809931,10
4836,2962.973042457876,41.37309002599319,10
4837,2963.328827192873,41.30855630573,10
4838,2963.861657189152,41.35927297691963,10
4839,2964.5695170991867,41.24766621572206,10
4840,2965.2779011404496,41.132587291244576,10
4841,2965.8977457950887,41.18625935296074,10
4842,2966.6055421689657,41.185964437979884,10
4843,2967.225102692982,41.29910362700402,10
4844,2967.935334428603,41.36503896841172,10
4845,2968.469186220792,41.549271308990825,10
4846,2969.0895179384943,41.79454871358822,10
4847,2969.6221732312742,42.08393249084631,10
4848,2970.241705522275,42.10568752217419,10
4849,2970.860560139753,42.04392608758337,10
4850,2971.2143895196377,42.078024222159215,10
4851,2971.8352294911074,42.12937393359685,10
4852,2972.543036464406,42.17465820064828,10
4853,2973.074357607434,41.98115825278846,10
4854,2973.6064411096277,41.81592171985604,10
4855,2974.3156669360524,41.66737197108071,10
4856,2974.937099850279,41.407657577287495,10
4857,2975.5569762554883,41.40532324074636,10
4858,2976.0880909109865,41.21172833156413,10
4859,2976.7073320046584,41.174565273873235,10
4860,2977.2387696123355,41.13299687659404,10
4861,2977.8582330738845,40.88525770201087,10
4862,2978.4781624309517,41.025851003448665,10
4863,2978.921214169987,40.99120004765712,10
4864,2979.6296246847487,41.08004396135565,10
4865,2980.249786981166,41.002586210014904,10
4866,2980.7820663769535,40.86408211124509,10
4867,2981.4896086297244,40.86842009940843,10
4868,2982.1098397598867,40.891059199505264,10
4869,2982.7290420384215,40.91439763571072,10
4870,2983.084396173389,41.0073326017288,10
4871,2983.615537310335,41.047168321593304,10
4872,2984.4119577921,41.050637670630465,10
4873,2984.944385428351,40.8821216807085,10
4874,2985.7405517822585,40.77232191082354,10
4875,2986.2719152616055,40.52164823894882,10
4876,2986.451312990316,40.65049815149849,10
4877,2987.247103454433,40.72081482245448,10
4878,2987.866376322343,40.92897452171374,10
4879,2988.3983327756005,40.78637457030101,10
4880,2989.0185162562725,40.76909579688226,10
4881,2989.461643895639,40.86243381445438,10
4882,2989.9940026985123,40.62003792977696,10
4883,2990.613667339889,40.69065392899924,10
4884,2991.1437813821935,40.58520589918906,10
4885,2991.6756690024768,40.55920399967193,10
4886,2992.383994805527,40.760260141967095,10
4887,2992.91419884634,40.71741985730562,10
4888,2993.532836397491,40.527737050918795,10
4889,2993.88739640158,40.208887630378804,10
4890,2994.5951468871767,40.20798351637143,10
4891,2995.303297977166,39.95309305765184,10
4892,2995.923973825841,40.00007769616358,10
4893,2996.6327814119786,39.900807130535384,10
4894,2997.163753119083,39.80707315536609,10
4895,2997.872931299619,39.75890167178409,10
4896,2998.580023544524,39.81076229505838,10
4897,2999.1995505367922,39.710842978177446,10
4898,2999.9952774712356,39.68099197277006,10
4899,3000.7031109049117,39.588976369637756,10
4900,3001.321787272237,39.459465549557564,10
4901,3001.7658660938523,39.48251448812386,10
4902,3002.208522525118,39.41286997945129,10
4903,3002.7401136642115,39.653224871346595,10
4904,3003.272144236818,39.593115760920625,10
4905,3003.8028935806146,39.53846220410258,10
4906,3004.511801750649,39.587340412994216,10
4907,3005.39734399531,39.588260318140904,10
4908,3006.105574506161,39.4995962378881,10
4909,3006.63718154175,39.61790999558573,10
4910,3007.5217743512753,39.61918205474205,10
4911,3008.2302484006295,39.50297961741908,10
4912,3008.761460101702,39.38520119825523,10
4913,3009.2930830020982,39.2804839607018,10
4914,3010.001087618632,39.165644494829465,10
4915,3010.5316940150674,38.97628735375915,10
4916,3011.151893382595,39.05559875365244,10
4917,3011.7722003869662,39.066720065981514,10
4918,3012.391771500441,38.94914110203423,10
4919,3013.1882361004855,38.840646430827874,10
4920,3013.7188954512467,38.90478756941811,10
4921,3014.3385283336092,38.77838518844766,10
4922,3015.1345923377144,38.77383651499324,10
4923,3015.7550775814734,38.807653017406416,10
4924,3016.110262305615,39.01498397358139,10
4925,3016.9069210287967,39.08960032941406,10
4926,3017.526776265596,38.91278592363097,10
4927,3018.145726182139,38.75349861022283,10
4928,3018.854846129605,38.58250680276031,10
4929,3019.2989832034673,38.74800854138286,10
4930,3019.7434855751935,38.817154051679935,10
4931,3020.27469552705,38.73322851998623,10
4932,3020.896319053426,38.762792595669396,10
4933,3021.6040942609607,38.79739193770341,10
4934,3021.96004136014,38.90695901860612,10
4935,3022.4910024699006,39.044834694801125,10
4936,3023.287195300073,39.09345320247328,10
4937,3023.6429729823553,38.98391489039871,10
4938,3024.3505011169377,39.15245988468004,10
4939,3024.882413444132,38.946000439520624,10
4940,3025.3248087027223,38.899451406824895,10
4941,3026.033018027239,38.876144907516434,10
4942,3026.6531326743143,38.75204311850585,10
4943,3027.3611743522597,38.69701441654223,10
4944,3027.8043055033877,38.78432995975195,10
4945,3028.246547220116,38.99920785182159,10
4946,3029.130760607928,38.99875501868165,10
4947,3029.926964027812,39.115618879182634,10
4948,3030.370661671277,39.14331377775235,10
4949,3030.9021628027367,39.20483048829615,10
4950,3031.5216050763756,39.45424000091727,10
4951,3032.141206184766,39.48824539632838,10
4952,3032.6724796686476,39.32169010941635,10
4953,3033.291540762678,39.275120793829096,10
4954,3034.0885277239618,39.350549498918376,10
4955,3034.531664181296,39.12001739277508,10
4956,3035.063525329131,39.080842365091556,10
4957,3035.77162878151,39.24707014080391,10
4958,3036.302939328652,39.454659413698565,10
4959,3037.0985444938947,39.599122398219045,10
4960,3037.7184915034804,39.388090443968736,10
4961,3038.2507444343614,39.46607907710366,10
4962,3038.9589696457606,39.30172149535854,10
4963,3039.4034984923755,39.29597091315197,10
4964,3040.11272431628,39.36045536816732,10
4965,3040.8206106863263,39.42607643893869,10
4966,3041.352344766191,39.23722817453274,10
4967,3042.060379384312,39.43214062701362,10
4968,3042.8581181383242,39.329426572898456,10
4969,3043.478958103476,39.34163268665329,10
4970,3044.009575090311,39.06630735180839,10
4971,3044.7176044215594,39.102343648526734,10
4972,3045.249290861666,39.284968814448845,10
4973,3045.9566901726175,39.2056025464638,10
4974,3046.75245593353,39.34259433283735,10
4975,3047.4596540568314,39.14028245898485,10
4976,3048.079198693432,39.22640582599418,10
4977,3048.786788597097,39.20740696306925,10
4978,3049.231227441133,38.96419928481126,10
4979,3049.850500305691,38.847901533515916,10
4980,3050.646343714551,38.84153970988803,10
4981,3051.17748484685,38.95546254855993,10
4982,3051.7096795272937,39.15922633862904,10
4983,3052.153610131601,39.11429327817076,10
4984,3052.950014735611,39.11143395294065,10
4985,3053.2172794965672,38.81147999070443,10
4986,3054.013017017273,38.9283929635187,10
4987,3054.544103419857,38.867570243501035,10
4988,3055.0758427957253,38.65035103052344,10
4989,3055.343785201828,38.55286051398685,10
4990,3055.875752243909,38.66700146447291,10
4991,3056.4961051376654,38.696826937142184,10
4992,3057.2055215549963,38.89117749318572,10
4993,3057.5606268551164,39.249373023121386,10
4994,3057.9164045359003,39.290130297388345,10
4995,3058.536415060975,39.53055651135417,10
4996,3059.156995611167,39.70283301533082,10
4997,3059.8658720215662,39.95626604306469,10
4998,3060.309103770006,40.18941986904575,10
4999,3061.1049683561723,40.33244002781616,10
5000,3061.63721069001,40.17312654862075,10
