t,Q_diff_mean,Q_diff_sd,n_runs
1,0.0,0.0,10
2,0.0,0.0,10
3,0.0,0.0,10
4,0.1,0.31622776601683794,10
5,0.3,0.48304589153964794,10
6,0.4,0.5163977794943223,10
7,0.5,0.7071067811865476,10
8,0.9,1.1005049346146119,10
9,1.0,1.3333333333333333,10
10,1.1,1.66332999331662,10
11,1.3,1.7029386365926402,10
12,1.5,1.8408935028645435,10
13,1.6,1.7126976771553508,10
14,1.8,1.6865480854231358,10
15,2.0,1.632993161855452,10
16,2.2,1.6865480854231356,10
17,2.1,1.7919573407620815,10
18,1.9,1.8529256146249728,10
19,2.1,1.7919573407620815,10
20,2.1,1.9692073983655907,10
21,2.1,2.2335820757001272,10
22,2.3,2.110818693198342,10
23,2.3,2.1628170930011112,10
24,2.4,2.0110804171997807,10
25,2.4,2.1186998109427604,10
26,2.6,2.1705094128132942,10
27,2.4,2.065591117977289,10
28,2.3,2.2632326929023945,10
29,2.3,2.406010991015812,10
30,2.3,2.1628170930011112,10
31,2.3,2.1108186931983415,10
32,2.2,2.2010098692292237,10
33,2.1,2.3781411975649296,10
34,2.3,2.4060109910158114,10
35,2.3,2.4060109910158114,10
36,2.6,2.4585451886114367,10
37,2.6,2.590581230363393,10
38,2.6,2.6749870196985173,10
39,2.2,2.2997584414213783,10
40,2.2,2.440400695696417,10
41,2.4,2.6749870196985173,10
42,2.7,2.7507574714370344,10
43,2.5,2.41522945769824,10
44,2.6,2.458545188611437,10
45,2.4,2.2705848487901865,10
46,2.4,2.590581230363393,10
47,2.6,2.590581230363393,10
48,2.8,2.6997942308422114,10
49,2.8,2.6161889160464775,10
50,2.6,2.6749870196985173,10
51,2.5,2.798809270624444,10
52,2.4,2.7162065049951147,10
53,2.2,2.7406406388125952,10
54,2.6,2.7568097504180447,10
55,2.6,2.988868236194653,10
56,2.5,2.9533408577782247,10
57,2.5,2.758824226207808,10
58,2.3,2.7507574714370344,10
59,2.3,2.7908580918579307,10
60,2.6,2.8751811537130436,10
61,2.4,2.796823595120404,10
62,2.2,2.6583202716502514,10
63,2.1,2.6436506745197805,10
64,2.1,2.7264140062238043,10
65,1.9,2.64365067451978,10
66,2.0,2.494438257849294,10
67,2.5,2.5495097567963922,10
68,2.4,2.875181153713043,10
69,2.3,2.94580681270476,10
70,2.4,2.913569784454954,10
71,2.4,2.875181153713043,10
72,2.5,3.13581462037113,10
73,2.5,3.24037034920393,10
74,2.5,3.24037034920393,10
75,2.6,3.3730961708462712,10
76,2.6,3.2041639575194445,10
77,2.9,3.314949304120485,10
78,3.0,3.711842908553348,10
79,2.9,3.634709219609061,10
80,2.8,3.457680661303984,10
81,3.0,3.39934634239519,10
82,2.9,3.634709219609061,10
83,2.9,3.8715486421958962,10
84,2.8,3.73571352696584,10
85,2.9,3.900142447541001,10
86,3.1,3.956710193526379,10
87,2.9,4.04007700696685,10
88,3.2,4.077035960378842,10
89,3.3,4.24394994210713,10
90,3.2,4.077035960378842,10
91,3.7,4.270050741306634,10
92,3.9,4.0124805295477755,10
93,4.4,3.687817782917155,10
94,4.5,3.6285901761795403,10
95,4.5,3.689323936863109,10
96,4.7,3.683295625749672,10
97,4.8,3.614784456460256,10
98,4.7,3.6224607965059086,10
99,4.8,3.3928028399998595,10
100,4.9,3.6040101122068027,10
101,4.7,3.591656999213594,10
102,4.7,4.164666186436129,10
103,4.9,4.254409477236529,10
104,4.6,4.060651288757616,10
105,4.5,3.865804501581067,10
106,4.4,3.7178249316263163,10
107,4.5,3.8944404818493075,10
108,4.8,3.675746333890726,10
109,4.9,3.446415206816755,10
110,4.9,3.6040101122068022,10
111,5.0,3.681787005729087,10
112,5.1,3.6040101122068027,10
113,5.1,3.6953424138441564,10
114,5.2,3.7058512292499457,10
115,5.3,3.8887301554906353,10
116,5.1,3.9001424475410014,10
117,5.2,3.823901439919996,10
118,5.2,3.8528488738133038,10
119,5.4,4.115013163202923,10
120,5.5,3.7490739597339973,10
121,5.7,3.9454615277134146,10
122,5.8,3.9384147967311813,10
123,5.7,3.831158803518562,10
124,5.9,3.8427420765212266,10
125,6.1,4.201851443775179,10
126,6.2,4.613988392799541,10
127,6.1,4.771442828607157,10
128,6.0,4.618802153517006,10
129,6.0,4.618802153517006,10
130,6.1,5.087020520675908,10
131,6.1,4.931756504757937,10
132,6.1,4.794672969962487,10
133,6.2,5.00666222813829,10
134,6.1,5.466056876558986,10
135,6.0,5.354126134736337,10
136,6.2,5.287301349039561,10
137,6.2,5.43241300999023,10
138,6.2,5.287301349039561,10
139,6.4,5.337498373666159,10
140,6.2,5.692099788303083,10
141,6.5,5.854722690083432,10
142,6.7,5.355163655555055,10
143,6.7,5.250396810400779,10
144,6.6,5.358275012642698,10
145,6.6,5.561774297230456,10
146,6.9,5.4456914671651715,10
147,7.1,5.685263601823773,10
148,7.3,5.696977756280567,10
149,7.3,5.696977756280567,10
150,7.3,5.696977756280567,10
151,7.3,5.982381539896038,10
152,7.3,5.963779562212764,10
153,7.3,5.963779562212764,10
154,7.5,6.2048368229954285,10
155,7.3,6.290204024248075,10
156,7.4,6.345602151621757,10
157,7.3,6.325433669805661,10
158,7.6,6.484168755086842,10
159,7.7,6.325433669805661,10
160,7.4,6.328067986711619,10
161,7.3,6.074537019394976,10
162,7.6,5.758086101783782,10
163,7.5,6.041522986797286,10
164,7.3,6.129165250396392,10
165,7.5,6.536223850375859,10
166,7.6,6.619835513230085,10
167,7.6,6.51835016617617,10
168,7.9,6.740425308044985,10
169,7.9,6.4368729468068056,10
170,7.8,6.42564307201146,10
171,8.2,6.390965845976995,10
172,8.3,6.3604681868204915,10
173,8.2,6.356099432828281,10
174,8.1,6.118278625016462,10
175,7.6,6.095535707019979,10
176,7.6,6.186005711819758,10
177,7.8,6.390965845976995,10
178,7.9,6.471304179049056,10
179,8.0,6.928203230275509,10
180,7.8,6.579429222120175,10
181,7.8,6.44291169511977,10
182,7.7,6.412661087428699,10
183,7.9,6.402256546631734,10
184,8.1,6.590397054300548,10
185,7.9,6.26187760269323,10
186,7.8,6.196773353931867,10
187,8.2,6.0699624747146865,10
188,8.3,6.254775952999613,10
189,8.1,6.100091074001365,10
190,7.7,5.926400443964466,10
191,7.9,5.8395205282625735,10
192,7.9,5.762908216439952,10
193,8.5,5.602578771323871,10
194,8.4,5.541760650832108,10
195,8.3,5.056349144063003,10
196,8.4,5.103375789067903,10
197,8.5,5.1693541397569405,10
198,8.2,5.181162460726786,10
199,7.9,5.173651192984184,10
200,7.8,5.308274463305168,10
201,7.8,5.266244708835067,10
202,7.9,5.665686189686118,10
203,8.0,6.110100926607787,10
204,8.0,6.018490028422596,10
205,7.8,5.672545969648706,10
206,8.0,6.110100926607787,10
207,8.0,5.9066817155564495,10
208,8.1,5.896326540030383,10
209,8.1,5.743595467030115,10
210,8.1,5.743595467030115,10
211,8.0,6.0,10
212,8.2,6.196773353931867,10
213,8.1,6.29726572057711,10
214,8.0,6.497862896539309,10
215,8.0,6.48074069840786,10
216,8.0,6.79869268479038,10
217,8.0,6.896053621859067,10
218,8.1,6.951418720104711,10
219,8.3,7.288499312082167,10
220,8.3,7.4244341348160825,10
221,8.5,7.457285773732365,10
222,8.5,7.3824115301167,10
223,8.5,7.321960878829599,10
224,8.4,7.260241808033057,10
225,8.1,7.187179944564875,10
226,8.0,7.287737036358482,10
227,8.0,7.086763875156433,10
228,8.2,7.284687135812126,10
229,8.1,6.967384333050995,10
230,8.2,7.004760286167305,10
231,8.3,7.165503781622367,10
232,8.3,7.180993431738166,10
233,8.3,7.180993431738166,10
234,8.6,7.026932316294058,10
235,8.9,7.218032973047436,10
236,8.9,7.156193898373012,10
237,8.8,7.254117604658903,10
238,9.2,7.192588778272628,10
239,9.5,7.487025815072068,10
240,9.4,7.321202087089251,10
241,9.6,7.48628375393589,10
242,9.6,7.633260552782584,10
243,9.4,7.560129334578579,10
244,9.3,7.498888806572167,10
245,9.4,7.7774603109812706,10
246,9.1,7.752418977325722,10
247,8.8,7.77174369109018,10
248,8.8,7.5099933422074345,10
249,8.7,7.572611467944493,10
250,8.9,7.992357460585566,10
251,9.0,7.888106377466155,10
252,9.1,7.636898730651221,10
253,9.0,7.644896627453143,10
254,8.8,7.315128919650774,10
255,8.8,7.177124153246278,10
256,9.0,7.3181661333667165,10
257,9.2,7.130529043797834,10
258,8.8,7.223418704310154,10
259,9.0,7.287737036358482,10
260,8.9,7.1250730990402245,10
261,9.1,7.309810759064377,10
262,9.2,7.067924416372572,10
263,9.3,7.318925239860472,10
264,9.7,7.674633541739958,10
265,9.7,7.888810641239485,10
266,9.7,8.287205667640798,10
267,9.8,7.9833159359587755,10
268,9.6,8.113089560840693,10
269,9.5,8.209073570683167,10
270,9.5,8.249579113843055,10
271,9.4,8.208396784864737,10
272,9.7,8.407007658957959,10
273,9.6,8.527081042837057,10
274,9.7,8.380532998165053,10
275,9.9,8.621033709609435,10
276,10.2,8.403702887550358,10
277,10.0,8.12403840463596,10
278,10.1,8.116512661098842,10
279,10.1,8.372574275573792,10
280,10.1,8.5693251387337,10
281,10.4,8.846845012017939,10
282,10.3,8.83238988672438,10
283,10.0,8.931840671316175,10
284,10.1,9.060905032059436,10
285,10.1,9.1706052144883,10
286,9.9,9.433392225964575,10
287,10.0,9.404490653110589,10
288,10.0,9.672412085697939,10
289,10.1,9.837004964249365,10
290,10.0,9.820613241770824,10
291,10.1,9.711962840858805,10
292,10.4,9.754770912510224,10
293,10.6,10.09069978852915,10
294,10.6,10.09069978852915,10
295,10.6,10.21110506589109,10
296,10.2,9.964381008817803,10
297,10.5,9.755340417774597,10
298,10.2,9.738811243906746,10
299,10.1,9.608445359277548,10
300,9.7,9.214119599831555,10
301,9.7,9.238205693988657,10
302,9.8,9.342852288722588,10
303,9.9,9.503800409426864,10
304,9.9,9.267026371915524,10
305,10.1,9.109823757290197,10
306,10.0,8.931840671316175,10
307,9.7,8.718435129718586,10
308,9.6,8.720346578229815,10
309,9.6,8.669230390037836,10
310,9.6,8.796463936024395,10
311,9.3,8.705681414391918,10
312,9.3,8.680117766738215,10
313,9.3,8.794569031194447,10
314,9.3,8.680117766738215,10
315,9.3,8.641630504585217,10
316,9.0,8.393118874676114,10
317,9.0,8.576453553512405,10
318,9.1,8.5693251387337,10
319,9.1,8.305955025696255,10
320,9.3,8.327331171776732,10
321,9.2,8.638415492567036,10
322,9.4,8.82169044017201,10
323,9.3,8.680117766738217,10
324,9.3,8.944893018427393,10
325,9.3,9.068259663978163,10
326,9.2,8.740709353364862,10
327,9.4,9.033271832508971,10
328,9.5,9.046177830074607,10
329,9.6,9.16757571250134,10
330,9.6,9.252026804976303,10
331,9.5,9.131751687868483,10
332,9.5,9.119576013536301,10
333,9.5,8.897565210026093,10
334,9.4,8.771164878927618,10
335,9.3,8.731170215574389,10
336,9.5,8.540751983545972,10
337,9.8,8.270429251254134,10
338,10.2,8.283853102404835,10
339,10.3,8.179242018671411,10
340,10.5,8.168367169895232,10
341,10.2,8.162243700247023,10
342,10.4,8.194849330863597,10
343,10.4,8.630694577430537,10
344,10.5,8.657045942147034,10
345,10.5,8.822320178577364,10
346,10.5,8.959786703810408,10
347,10.6,8.934328302800509,10
348,10.5,9.300537618869138,10
349,10.5,9.383792173506166,10
350,10.6,9.179687721631202,10
351,10.8,8.891943919451284,10
352,10.7,9.129317852087551,10
353,10.6,9.215928240461366,10
354,10.7,9.129317852087551,10
355,10.8,9.016035098028894,10
356,11.0,8.894442709417556,10
357,11.0,8.993825042154693,10
358,11.1,9.073159439920707,10
359,11.1,8.962266578395345,10
360,11.1,8.862530363527362,10
361,11.1,8.672433978480962,10
362,11.0,8.781293248212995,10
363,11.1,8.748968193132516,10
364,11.1,8.824838682818955,10
365,11.0,8.70504323813373,10
366,11.0,8.806563209081938,10
367,10.7,8.667307668602875,10
368,10.7,8.407007658957959,10
369,10.8,8.482662055955993,10
370,11.0,8.432740427115679,10
371,11.4,8.669230390037836,10
372,11.5,8.566731517264264,10
373,11.9,8.83742043811428,10
374,11.9,8.761658899242008,10
375,11.8,8.841819822738856,10
376,11.6,9.033271832508973,10
377,11.7,9.262229153335005,10
378,11.8,9.186947262284681,10
379,12.2,8.916900308465443,10
380,12.2,9.211104409594132,10
381,12.2,9.259229629582222,10
382,12.0,9.47511360236793,10
383,12.3,9.452219022242579,10
384,12.3,9.381423725166192,10
385,12.2,9.53123520035281,10
386,12.3,9.405081368896047,10
387,12.3,9.405081368896047,10
388,12.2,9.366607354497857,10
389,12.0,9.092121131323903,10
390,12.2,9.003702941938204,10
391,12.3,8.969702088450628,10
392,11.9,9.31486267567411,10
393,12.2,9.461031186456955,10
394,12.1,9.711962840858805,10
395,12.4,9.924156835161812,10
396,12.7,10.055954565441425,10
397,12.9,10.016098153583672,10
398,12.8,9.772978620211502,10
399,12.8,9.986657765906136,10
400,12.8,9.72739544905121,10
401,12.8,10.108302418199496,10
402,12.6,9.868017925489282,10
403,12.9,10.1920448280891,10
404,13.2,10.184956226382779,10
405,13.3,9.809858986414296,10
406,13.4,9.559172442098625,10
407,13.5,9.536479667279979,10
408,13.3,9.707385504518367,10
409,13.5,9.675283515799995,10
410,13.2,9.807026959164423,10
411,13.2,9.852241707685955,10
412,13.0,9.843215373488933,10
413,12.9,9.62000231000203,10
414,13.0,9.695359714832659,10
415,13.0,9.695359714832659,10
416,13.0,9.439868172337532,10
417,13.0,9.809292646374775,10
418,12.8,9.647106647418523,10
419,12.9,9.49210198006743,10
420,12.8,9.342852288722588,10
421,12.8,9.342852288722588,10
422,12.9,9.290975310602338,10
423,13.0,9.763879010584539,10
424,12.9,9.882082551545274,10
425,13.0,10.23067283548187,10
426,12.8,10.075272259900032,10
427,12.9,9.93814201280434,10
428,12.8,10.184956226382779,10
429,12.9,10.060373308735175,10
430,12.8,10.400854665736743,10
431,12.8,10.368756488176926,10
432,12.8,10.293471501663351,10
433,12.8,10.008884941779367,10
434,12.7,9.821178929006209,10
435,12.9,9.780365819106951,10
436,13.1,9.870832453918633,10
437,13.1,10.148344145174073,10
438,12.9,9.882082551545274,10
439,12.9,9.882082551545274,10
440,12.7,9.832485839185214,10
441,12.8,9.93087217832463,10
442,12.6,9.901739465591106,10
443,12.8,9.953223933312596,10
444,12.6,9.868017925489282,10
445,12.8,10.09730437074943,10
446,12.7,10.154911236550628,10
447,12.6,10.447753612885192,10
448,12.5,10.319883720275147,10
449,12.5,10.265909062956329,10
450,12.4,10.616548926610339,10
451,12.7,10.551987701113209,10
452,12.9,10.386422761363885,10
453,12.9,10.354279845122553,10
454,13.1,10.354279845122553,10
455,13.1,10.224697767877759,10
456,13.0,10.317191693694774,10
457,13.0,10.198039027185569,10
458,13.2,10.108302418199496,10
459,13.3,10.382142788889434,10
460,13.7,10.306955580254206,10
461,13.7,10.306955580254206,10
462,13.6,10.340857475728662,10
463,13.5,10.394977419675117,10
464,13.5,10.627532377953239,10
465,13.4,10.647900158142814,10
466,13.4,10.679159351018432,10
467,13.6,10.885260166339107,10
468,13.2,11.013123484683575,10
469,13.6,11.05742586078092,10
470,13.5,10.906165432655257,10
471,13.7,11.045863982102581,10
472,14.0,11.065461781798554,10
473,14.2,11.272385136547928,10
474,14.3,11.205653335110215,10
475,14.3,10.924488292109817,10
476,14.3,11.25512229066294,10
477,14.2,11.68855090343633,10
478,14.4,11.76813022059532,10
479,14.2,11.698053019389357,10
480,14.2,11.726513169357338,10
481,14.1,11.976365614548234,10
482,14.0,11.766241729815194,10
483,14.0,12.055427546683417,10
484,13.8,12.117938952001882,10
485,14.0,12.265579661982732,10
486,14.0,12.265579661982732,10
487,14.1,12.653062870309306,10
488,14.2,12.708702180439635,10
489,13.9,12.269655432995846,10
490,13.8,12.145415230082136,10
491,13.7,12.275087689209302,10
492,14.0,12.256517540566824,10
493,13.9,11.892574714221196,10
494,13.8,12.181953866272847,10
495,13.7,11.926161718395962,10
496,13.7,11.832629087025042,10
497,13.8,11.802071381282563,10
498,13.5,11.501207666057411,10
499,13.5,11.335784048754634,10
500,13.6,11.452316602135811,10
501,13.8,11.20317415338667,10
502,14.2,11.38029486046434,10
503,14.3,11.32401577768829,10
504,14.4,11.067469850371804,10
505,14.2,11.20317415338667,10
506,14.3,10.985343771488344,10
507,14.3,10.944811048569495,10
508,14.7,10.729502421930954,10
509,14.7,11.035800328426069,10
510,14.6,11.157458890306918,10
511,14.6,11.548929724341463,10
512,14.5,11.345581616745006,10
513,14.4,11.335293948058379,10
514,14.4,11.236844159579089,10
515,14.4,11.53930481249003,10
516,14.3,11.411982007229653,10
517,14.1,11.551334699216941,10
518,14.2,11.252654007931739,10
519,14.2,11.252654007931739,10
520,14.2,11.331372379372235,10
521,14.2,11.073491871231143,10
522,14.1,11.110055505411903,10
523,14.0,11.105554165971787,10
524,14.2,10.962562555250381,10
525,14.2,10.992927018971992,10
526,14.1,11.249197502241856,10
527,14.3,11.566714697306617,10
528,14.4,11.880890351970915,10
529,14.4,12.58923702568543,10
530,14.6,12.53616989177937,10
531,14.5,12.429802894656053,10
532,14.3,12.710887721424758,10
533,14.3,13.0728726758888,10
534,14.2,13.147031773158702,10
535,14.2,12.976902558006667,10
536,14.3,12.684636376341262,10
537,14.2,12.890995996344804,10
538,14.4,12.7558265553868,10
539,14.3,12.365273955719704,10
540,14.2,12.35403667722507,10
541,14.1,12.233378746509713,10
542,14.0,12.0,10
543,14.0,12.083045973594572,10
544,14.1,12.10555428076073,10
545,14.0,12.0,10
546,14.0,11.88836966675134,10
547,14.4,11.529671865813587,10
548,14.5,11.946640624971616,10
549,14.5,11.616559062151083,10
550,14.6,11.500724614852173,10
551,14.9,11.532080856848381,10
552,14.9,11.512794814659228,10
553,15.0,11.343133018115703,10
554,14.8,11.390054140930733,10
555,14.7,11.537860383200266,10
556,14.7,11.392492654765633,10
557,14.8,11.20317415338667,10
558,15.0,11.115554667022044,10
559,15.2,11.093541664710449,10
560,15.3,11.304374767712227,10
561,15.3,11.343622780125306,10
562,15.2,11.545080722493408,10
563,15.0,11.88836966675134,10
564,15.3,12.147702114666242,10
565,15.1,11.808189248709274,10
566,15.0,11.841546445554409,10
567,15.3,12.129394965216617,10
568,15.8,12.090400232323898,10
569,15.7,11.888836967695555,10
570,15.5,11.423659658795863,10
571,15.7,11.175866856758807,10
572,15.5,11.157956802210698,10
573,15.3,11.205653335110213,10
574,15.1,11.347540115226147,10
575,15.4,11.286176402031726,10
576,15.7,11.324015777688292,10
577,16.0,11.479450238481709,10
578,16.1,11.288637355027989,10
579,15.9,10.979273402390728,10
580,15.8,11.003029885748138,10
581,15.7,10.904127658827184,10
582,15.3,10.954958288880478,10
583,15.1,11.169900029394473,10
584,15.0,11.065461781798554,10
585,15.1,11.23931591433492,10
586,15.3,11.23536084571089,10
587,15.2,11.123548594460912,10
588,15.0,11.045361017187261,10
589,15.1,11.209618885383907,10
590,15.0,10.954451150103322,10
591,14.8,11.013123484683575,10
592,14.7,10.853058964590991,10
593,14.2,10.768266135063506,10
594,14.2,10.747609553343064,10
595,14.4,10.627009613872255,10
596,14.5,10.501322668015575,10
597,14.5,10.762589527308627,10
598,14.5,10.865337342004414,10
599,14.9,11.08001203368781,10
600,15.0,11.450376024878446,10
601,15.0,11.585431464655178,10
602,15.0,11.53737886658452,10
603,14.9,11.608904628201003,10
604,14.7,11.690927156465298,10
605,14.5,11.616559062151083,10
606,14.4,11.758684733704985,10
607,14.3,11.907513967612589,10
608,14.3,11.823235127869566,10
609,14.2,11.933147112141038,10
610,14.3,11.991200477387112,10
611,14.0,12.174654911833116,10
612,14.1,12.591443302673623,10
613,14.3,12.552556180581973,10
614,14.1,12.404748194855783,10
615,14.2,12.470409420348279,10
616,14.3,12.631970023185879,10
617,14.4,12.615686884016881,10
618,14.2,12.847827313077751,10
619,14.6,12.807983621337296,10
620,14.3,12.481541927537995,10
621,14.3,12.841339493993607,10
622,14.4,12.729667884294722,10
623,14.1,12.644278460148596,10
624,14.4,12.642081403875796,10
625,14.6,12.571572870744712,10
626,14.6,12.562731479348836,10
627,14.5,12.651306476232229,10
628,14.3,12.570247058475465,10
629,14.5,12.545472844372542,10
630,14.4,12.30356768493504,10
631,14.3,12.51709941551068,10
632,14.1,12.792793110011417,10
633,14.3,12.944754407352296,10
634,14.2,12.847827313077753,10
635,14.3,13.004700005083631,10
636,14.4,12.851286144022923,10
637,14.5,12.920698295542872,10
638,14.5,12.90348790056394,10
639,14.5,13.184586961044072,10
640,14.6,12.842637320010766,10
641,14.8,13.138577633146681,10
642,15.1,13.20311411077789,10
643,14.8,12.934020600296295,10
644,14.8,13.019643278950122,10
645,14.7,13.123769783615275,10
646,14.5,13.057564857200596,10
647,14.5,13.268592824996762,10
648,14.7,13.342080464122194,10
649,14.4,13.268174118711455,10
650,14.3,13.375350462698163,10
651,14.3,13.499382701936165,10
652,14.1,13.69874284580726,10
653,14.1,13.625547899279338,10
654,13.9,13.641847382227965,10
655,14.0,13.416407864998739,10
656,13.9,13.016655996581202,10
657,14.1,12.922418074373267,10
658,14.7,12.858633070604528,10
659,14.4,12.894443247642245,10
660,14.5,12.509996003196804,10
661,14.5,12.057731498457281,10
662,14.9,12.206100478403776,10
663,14.9,12.41370210694618,10
664,15.0,12.30176139149729,10
665,14.9,12.296792716440784,10
666,14.9,12.879354711233702,10
667,15.2,12.968337510173683,10
668,14.7,12.884529914246432,10
669,14.9,13.328749211968674,10
670,15.0,13.341664064126334,10
671,14.7,13.166033740061753,10
672,14.8,12.916827955982242,10
673,15.0,13.046923860520618,10
674,15.0,12.858201014657274,10
675,15.2,12.934020600296293,10
676,15.6,12.833982667555349,10
677,15.6,12.833982667555349,10
678,15.7,13.047349667014114,10
679,15.7,13.199747472331936,10
680,15.7,13.021776632497836,10
681,15.5,12.703892666773003,10
682,15.6,12.685950233755976,10
683,15.4,12.773235907770419,10
684,15.3,12.832683966254985,10
685,15.3,12.745805410234206,10
686,15.4,12.712198865656564,10
687,15.4,12.7558265553868,10
688,15.5,13.133925536563698,10
689,15.4,12.937456387473459,10
690,15.6,12.816655830077776,10
691,15.5,12.808417371227232,10
692,15.1,12.99957264254825,10
693,15.1,13.39527279801846,10
694,15.4,13.359973386533705,10
695,15.5,13.558515159608493,10
696,15.4,13.656093471007326,10
697,15.6,13.53349753594966,10
698,15.7,13.39195446693441,10
699,15.8,13.398175663541329,10
700,15.8,13.587576024524102,10
701,15.9,13.73114869355235,10
702,15.9,13.584713631300604,10
703,15.8,13.431306712304652,10
704,15.8,13.51377897637157,10
705,16.0,13.654466098842695,10
706,16.1,13.714955340794953,10
707,15.7,13.425100868646512,10
708,15.7,13.52405264704334,10
709,15.7,13.736002976767942,10
710,15.5,13.607595917966798,10
711,15.9,13.714955340794953,10
712,15.8,13.758229860301393,10
713,16.0,13.896442390450554,10
714,16.3,13.760248705762713,10
715,16.3,13.952697867358047,10
716,16.5,14.13624183909335,10
717,16.6,14.135848832745143,10
718,16.5,14.065323790561429,10
719,16.5,14.009917122445007,10
720,16.5,13.938356351370048,10
721,16.5,13.80217374184226,10
722,16.8,13.9427400463467,10
723,16.6,14.049120178067302,10
724,16.4,14.151560573543353,10
725,16.4,14.369721252998922,10
726,16.5,14.19898274916591,10
727,16.8,14.234543274099883,10
728,16.9,14.510149704411889,10
729,16.8,14.733182502998687,10
730,16.5,14.713938969562161,10
731,16.5,14.668560483792083,10
732,16.5,14.52392661935623,10
733,16.8,14.428367120980038,10
734,16.7,14.181756669123265,10
735,16.8,14.296852800529212,10
736,16.8,14.497509364638388,10
737,16.9,14.820781205980861,10
738,16.9,14.805779652254424,10
739,17.1,14.60175027560433,10
740,17.2,14.905629063470544,10
741,17.4,14.60745623911904,10
742,17.3,14.629118603357862,10
743,17.2,14.366627996854376,10
744,17.2,14.257941257028971,10
745,17.3,14.181756669123265,10
746,17.2,14.312387796746021,10
747,17.5,14.500957822770804,10
748,17.5,14.439529078193651,10
749,17.5,14.245857097572067,10
750,17.3,14.134669748136632,10
751,17.5,14.230249470757707,10
752,17.5,14.057421922639696,10
753,17.7,13.952697867358047,10
754,17.8,14.01427843308388,10
755,17.8,14.187631546135137,10
756,17.9,14.363920851293432,10
757,18.2,14.14056418802148,10
758,18.3,14.220876672460575,10
759,18.4,13.858010118499857,10
760,18.3,13.687382673266809,10
761,18.1,13.551957628164116,10
762,18.4,13.639811012050147,10
763,18.3,13.540474306479979,10
764,18.5,13.550317749451896,10
765,18.5,13.86642627996766,10
766,18.4,13.656093471007326,10
767,18.6,13.74530222779162,10
768,18.9,13.370365240585864,10
769,18.8,13.742068419435425,10
770,18.7,13.581441586059839,10
771,18.8,13.389880092401459,10
772,18.7,13.663007640259073,10
773,19.1,13.843971812870594,10
774,19.5,13.930382462644575,10
775,19.8,13.97458009705082,10
776,20.0,14.173527750312866,10
777,20.1,13.69874284580726,10
778,20.2,13.669105473455256,10
779,20.2,13.725887949418793,10
780,20.2,13.88684429395118,10
781,20.2,13.934768666101988,10
782,20.2,13.934768666101988,10
783,20.1,14.019430960079816,10
784,20.2,13.88684429395118,10
785,20.2,13.782436488355591,10
786,20.3,13.840761058072879,10
787,20.5,14.167647024902273,10
788,20.8,14.171959795470931,10
789,20.9,14.36392085129343,10
790,21.1,14.4564480038801,10
791,21.3,14.44568370752239,10
792,21.3,14.47641760473449,10
793,21.4,14.622661256495762,10
794,21.6,14.469892113550046,10
795,21.4,14.61506072515609,10
796,21.6,14.660604807897025,10
797,21.6,14.660604807897025,10
798,21.6,15.027382414187183,10
799,21.8,15.002222057637551,10
800,21.8,14.979986648859203,10
801,21.7,14.802777517149348,10
802,21.7,14.944712926130245,10
803,21.8,15.353609781850434,10
804,21.7,15.477941292906713,10
805,21.6,15.247586329937237,10
806,21.9,15.117686477912038,10
807,22.2,15.083471454247896,10
808,22.1,15.125034435222508,10
809,22.1,14.925369900497161,10
810,22.0,14.794894014114764,10
811,22.4,14.630257839301551,10
812,22.3,14.937276265177069,10
813,22.5,15.335144820531257,10
814,22.5,15.593802187621423,10
815,22.4,15.90387793380386,10
816,22.3,15.76952053100467,10
817,22.5,15.876257605479811,10
818,22.7,15.951663096854686,10
819,22.8,16.05407528739458,10
820,22.9,16.19636447546863,10
821,22.7,15.888850038802545,10
822,22.7,15.888850038802545,10
823,22.7,15.881855475143114,10
824,22.8,16.102449779114014,10
825,23.0,15.909466085042299,10
826,22.8,16.150679380275136,10
827,23.0,16.234394215847892,10
828,23.3,16.337074401495514,10
829,23.2,16.280868117722306,10
830,22.9,16.223782268975107,10
831,22.8,16.26721310557596,10
832,22.6,16.304055391902416,10
833,22.5,16.372402253657082,10
834,22.3,16.117967889560052,10
835,22.3,15.818765227834104,10
836,22.2,15.795920711092187,10
837,22.3,15.783606122246658,10
838,22.1,15.989232488007534,10
839,22.5,16.09865418805767,10
840,22.2,16.116244392951273,10
841,22.4,16.139668177781378,10
842,22.3,16.076552974924553,10
843,22.2,16.396476586280492,10
844,22.3,16.40494505392268,10
845,22.3,16.40494505392268,10
846,22.3,16.50622778091819,10
847,22.5,16.748134224444225,10
848,22.5,16.932874009518354,10
849,22.8,16.817979796766448,10
850,22.6,16.873384696352748,10
851,22.5,16.95254815326855,10
852,22.8,16.883917396939214,10
853,23.0,16.904963110807955,10
854,22.9,16.901347743761608,10
855,23.2,16.995424220784972,10
856,23.1,17.051881616603684,10
857,23.3,17.42954069644088,10
858,23.0,17.18526500620032,10
859,23.2,17.357675215560665,10
860,23.0,17.384539747207064,10
861,23.2,17.37047303136369,10
862,23.1,17.207556479639983,10
863,23.2,17.28068928666395,10
864,23.3,17.38485931301526,10
865,23.7,17.423164657049725,10
866,23.5,17.50079363279785,10
867,23.6,17.500476183997584,10
868,23.8,17.712519113139535,10
869,23.6,17.66477977344876,10
870,23.4,17.92701251680764,10
871,23.4,18.093583884288314,10
872,23.5,18.093890927296123,10
873,23.7,18.172323278362988,10
874,23.8,18.0849845636281,10
875,23.7,17.85154832998465,10
876,23.8,17.58661106890378,10
877,24.2,17.781388522209895,10
878,24.6,17.920813473599786,10
879,24.9,18.082834094491076,10
880,24.6,17.939404176901256,10
881,24.5,18.087749076838353,10
882,24.4,17.846256999407156,10
883,24.2,17.605554679008428,10
884,24.1,17.425715352764016,10
885,24.0,17.384539747207064,10
886,24.2,17.706244974898294,10
887,24.2,17.912131208888695,10
888,24.4,18.01974225984132,10
889,24.5,18.204089894550865,10
890,24.6,18.142644668172156,10
891,24.6,18.099723754798028,10
892,24.5,18.204089894550865,10
893,24.4,18.075151759006374,10
894,24.2,18.219647514580394,10
895,23.9,18.125795001721837,10
896,24.2,18.353322436127044,10
897,24.3,18.342724867247927,10
898,24.5,18.500750735518213,10
899,24.5,18.78090046356197,10
900,24.4,18.697593428032388,10
901,24.3,18.583445440618497,10
902,24.3,17.901272456324314,10
903,24.1,17.822894140839068,10
904,24.2,18.213548070964464,10
905,24.1,18.381452004065885,10
906,24.1,18.705020122356935,10
907,24.0,18.72016144279863,10
908,24.1,18.728765753958978,10
909,24.0,18.867962264113206,10
910,23.9,18.699079002869514,10
911,23.9,18.829350611331357,10
912,24.1,18.63360166771607,10
913,24.0,18.672618098881223,10
914,23.9,18.829350611331353,10
915,23.8,18.831415831589037,10
916,24.0,18.873850222522755,10
917,23.8,18.954917274651688,10
918,24.0,19.258475767539053,10
919,24.2,19.57776516584283,10
920,24.3,19.67542178003364,10
921,24.0,19.522067285795096,10
922,23.9,19.58712729206495,10
923,23.6,19.580035183262,10
924,23.9,19.72843407650772,10
925,24.2,20.043286490327212,10
926,24.3,20.254217667768195,10
927,24.4,20.44613519578809,10
928,24.4,20.807050087250076,10
929,24.7,21.024060290798044,10
930,24.8,20.969819582755914,10
931,25.1,20.738852427268004,10
932,25.0,20.747155092793914,10
933,25.2,20.703193527140257,10
934,25.3,20.763482902013866,10
935,25.1,20.577495798403977,10
936,25.0,20.661289623082315,10
937,25.1,20.647571823878522,10
938,25.4,20.516659897101512,10
939,25.8,20.69782597279241,10
940,26.1,20.35490658839343,10
941,26.1,20.278340935863344,10
942,26.4,19.895281405957096,10
943,26.6,20.260525385312416,10
944,26.7,20.133167769738684,10
945,26.5,19.92904078641686,10
946,26.2,19.88746115297554,10
947,26.2,20.032196307167343,10
948,26.3,20.055755616115125,10
949,26.4,20.111909130882847,10
950,26.5,20.2662828911032,10
951,26.7,20.559128818551084,10
952,27.0,21.018510360579263,10
953,27.0,21.2184406171194,10
954,26.9,20.81906177841195,10
955,27.0,21.26551721031544,10
956,27.2,21.321871921156976,10
957,27.3,21.48927381018002,10
958,27.4,21.381196307867235,10
959,27.6,21.282230459548487,10
960,27.4,21.177556253942257,10
961,27.3,21.54607466183419,10
962,27.5,21.371060390683056,10
963,27.5,21.141060627235436,10
964,27.6,21.10397540222642,10
965,27.8,21.358318702036865,10
966,28.1,21.3200479465794,10
967,27.9,21.398078833806032,10
968,27.7,21.766692189877833,10
969,28.1,21.773837512023462,10
970,28.3,21.633564456906107,10
971,28.4,21.925125110500762,10
972,28.7,21.94462728475165,10
973,28.8,22.1098268750446,10
974,28.9,22.153254087530044,10
975,29.0,22.145980322497454,10
976,28.8,22.119875426613252,10
977,28.7,22.44524201003163,10
978,28.7,22.6276625198254,10
979,29.0,22.45489305746572,10
980,29.1,22.791080126517333,10
981,29.0,22.818121453499774,10
982,28.7,22.469979973288805,10
983,28.8,22.38451845956635,10
984,28.8,22.38451845956635,10
985,28.8,22.483574251241976,10
986,28.7,22.241352876517603,10
987,28.7,22.241352876517603,10
988,29.0,22.4746771080501,10
989,29.0,22.23610677354389,10
990,28.8,22.40932345649412,10
991,28.6,22.6431250297107,10
992,28.8,22.448954442368926,10
993,29.3,22.226360725748854,10
994,29.0,22.435091560618453,10
995,28.9,22.815443113041752,10
996,29.0,22.808380526074668,10
997,29.0,22.832725052724946,10
998,29.1,22.78620440334702,10
999,29.2,22.77327868845903,10
1000,29.5,22.901964981197573,10
1001,29.5,22.833941597737542,10
1002,29.7,23.02197018309057,10
1003,29.8,22.904633204271622,10
1004,30.0,23.002415332114822,10
1005,30.1,22.980426453832397,10
1006,30.1,22.815443113041752,10
1007,30.3,22.68161271945969,10
1008,30.2,22.98695282111137,10
1009,30.2,22.675488479364184,10
1010,30.4,22.628399069409316,10
1011,30.6,22.25209103782284,10
1012,30.5,22.086949389477336,10
1013,30.3,22.146231181750892,10
1014,30.2,22.235107375499673,10
1015,29.8,22.37955416098463,10
1016,29.7,22.608012345675643,10
1017,29.7,22.499629626581264,10
1018,29.8,22.601868162708243,10
1019,29.5,22.53022661029203,10
1020,29.4,22.559550822951536,10
1021,29.5,22.54501669499887,10
1022,29.8,22.444004396126225,10
1023,30.0,22.425184255405547,10
1024,30.1,22.188335273792447,10
1025,30.1,22.13820227570432,10
1026,29.8,22.319896455355202,10
1027,30.1,22.590312574690554,10
1028,30.4,22.584163576374586,10
1029,30.7,22.425431991379785,10
1030,30.6,22.520114465862633,10
1031,30.4,22.77523020983786,10
1032,30.2,22.77815717841205,10
1033,30.4,22.618576436195095,10
1034,30.5,22.41155455959666,10
1035,30.4,22.416263936902794,10
1036,30.8,22.319896455355202,10
1037,30.8,22.309937994833902,10
1038,30.8,22.714655083349946,10
1039,30.9,22.815443113041756,10
1040,31.1,22.70805045695371,10
1041,31.1,22.771570970059233,10
1042,31.0,22.60776661041756,10
1043,31.1,22.55093001284968,10
1044,31.2,22.439053257905314,10
1045,31.2,22.439053257905314,10
1046,31.0,23.069941963997703,10
1047,31.0,23.127665011602208,10
1048,31.1,22.727614138849777,10
1049,31.1,22.854369871475832,10
1050,31.1,23.216134236536643,10
1051,31.2,23.493734389312305,10
1052,31.0,23.818760113266464,10
1053,31.2,23.948092014002096,10
1054,31.2,24.045327566447867,10
1055,31.3,23.930686947469304,10
1056,31.3,23.93532953606447,10
1057,31.4,24.176205014205372,10
1058,31.2,24.114541486644757,10
1059,31.2,24.35752222392271,10
1060,31.2,24.302720469573405,10
1061,31.3,24.35866261608885,10
1062,31.2,24.65224803812693,10
1063,31.3,24.54497006629985,10
1064,31.3,24.34040992989961,10
1065,31.4,24.22212028520854,10
1066,31.3,24.189299746421394,10
1067,31.1,24.19572965077378,10
1068,30.9,24.076036957015074,10
1069,30.8,23.9480920140021,10
1070,31.1,24.071421506286942,10
1071,31.0,24.221202832779934,10
1072,30.6,24.097948275965553,10
1073,30.5,24.11200715180901,10
1074,30.5,24.19481119762849,10
1075,30.1,24.227853575768716,10
1076,30.4,24.102558647026115,10
1077,30.3,24.009488864937456,10
1078,30.5,24.098178815466994,10
1079,30.7,24.335844619271658,10
1080,30.7,24.513261716874805,10
1081,30.8,24.380319932273242,10
1082,30.6,24.35934682576234,10
1083,30.6,24.35934682576234,10
1084,30.1,24.25993496373072,10
1085,29.9,24.487865475691333,10
1086,29.9,24.487865475691333,10
1087,29.9,24.528668034680468,10
1088,29.8,24.570985599550813,10
1089,30.0,24.317346346452638,10
1090,30.1,24.200321393641772,10
1091,30.3,24.331278452048323,10
1092,30.4,24.05179595973841,10
1093,30.3,23.76762503911571,10
1094,30.3,23.376388847629045,10
1095,30.4,23.03716803583095,10
1096,30.4,23.099783548769455,10
1097,30.2,23.088236543024816,10
1098,30.2,23.232161615599466,10
1099,30.2,23.46534087163922,10
1100,29.9,23.685204007753214,10
1101,29.5,23.931615537239065,10
1102,29.7,24.05110300080966,10
1103,29.8,24.128360445288813,10
1104,29.4,23.982400954774224,10
1105,29.4,23.912804566219794,10
1106,29.4,23.856981274996958,10
1107,29.6,23.898860967743957,10
1108,29.6,23.875603540946233,10
1109,29.8,23.6116731959239,10
1110,29.9,23.515715785169906,10
1111,30.0,23.423634787681152,10
1112,30.3,23.490187076498323,10
1113,30.6,23.505082192770328,10
1114,30.7,23.645765418404668,10
1115,30.5,23.439046245290974,10
1116,30.1,23.628843014888016,10
1117,30.1,23.666431923718452,10
1118,30.0,23.65022903342235,10
1119,30.3,23.93532953606447,10
1120,30.3,23.939971224339896,10
1121,30.1,23.89537379680194,10
1122,29.9,23.806861755944787,10
1123,29.8,24.11454148664476,10
1124,29.6,24.05179595973841,10
1125,29.4,23.959224621102504,10
1126,29.0,24.143091949642425,10
1127,29.4,24.0656509480952,10
1128,29.4,24.061033505095608,10
1129,29.5,23.95481858276813,10
1130,29.3,24.30843475010269,10
1131,29.3,24.517793991756726,10
1132,29.1,24.74963523861401,10
1133,29.0,25.024432505497945,10
1134,29.0,25.03331114069145,10
1135,29.1,24.655177504487327,10
1136,29.1,24.655177504487327,10
1137,29.0,24.517567397911055,10
1138,28.8,24.380319932273242,10
1139,28.6,24.400364296005453,10
1140,28.6,24.400364296005453,10
1141,28.4,24.39125526358439,10
1142,28.2,24.607135369870083,10
1143,28.2,24.4849159915061,10
1144,27.9,24.204912265442687,10
1145,28.1,24.227853575768712,10
1146,28.3,24.13871947261863,10
1147,28.2,23.97127911109923,10
1148,28.2,24.036083984986682,10
1149,28.5,23.80126047082381,10
1150,28.7,24.134116009407837,10
1151,28.5,23.899093427715343,10
1152,28.4,24.088724886690596,10
1153,28.5,23.940899454002697,10
1154,28.7,24.12030034823134,10
1155,28.6,24.42312201355283,10
1156,28.8,24.61165035777433,10
1157,28.6,24.663062799795703,10
1158,28.6,24.89176570675532,10
1159,28.8,25.209345709698834,10
1160,28.9,25.10179276466125,10
1161,28.9,25.221022976873876,10
1162,29.0,25.144029554194812,10
1163,28.8,24.912290585617015,10
1164,28.9,24.968647006462593,10
1165,28.8,24.930124570709854,10
1166,29.1,25.066356381058302,10
1167,29.6,25.241940407891697,10
1168,29.6,25.37365212621593,10
1169,29.1,24.897344793728063,10
1170,29.1,24.772072088453875,10
1171,29.2,24.60713536987008,10
1172,29.4,24.61796994970228,10
1173,29.9,24.578445841834668,10
1174,30.3,24.39968123653349,10
1175,30.0,24.2120263964465,10
1176,30.0,23.809428571238094,10
1177,30.3,23.67394254355526,10
1178,30.5,23.651403528942822,10
1179,30.6,23.702789334215968,10
1180,30.5,23.651403528942822,10
1181,30.8,23.705601775857865,10
1182,31.0,23.74400509134417,10
1183,30.8,23.29902239246197,10
1184,30.9,22.92233263290046,10
1185,31.1,23.1202172231241,10
1186,30.9,23.406789138576393,10
1187,30.5,23.458000293669063,10
1188,30.4,23.505082192770328,10
1189,30.2,23.318090259138575,10
1190,30.0,23.5419247773461,10
1191,30.0,23.513589451397863,10
1192,30.0,23.299976156401726,10
1193,30.2,23.507918287722166,10
1194,30.5,23.42482064439816,10
1195,30.1,23.666431923718456,10
1196,30.2,23.91094588955722,10
1197,30.5,24.15344465886572,10
1198,30.5,24.11200715180901,10
1199,30.7,23.930686947469304,10
1200,30.5,24.176434807473164,10
1201,30.8,24.434947650172422,10
1202,30.8,24.580028026383086,10
1203,30.9,24.158964289794287,10
1204,31.3,23.939971224339892,10
1205,31.2,24.09149227424486,10
1206,31.4,23.749619879999017,10
1207,31.4,23.749619879999017,10
1208,31.4,23.917450625943488,10
1209,31.5,23.945540062585536,10
1210,31.3,23.870251127478507,10
1211,31.5,23.782579992740718,10
1212,31.7,23.720830039814746,10
1213,31.7,23.71145995786285,10
1214,31.6,23.9220957833269,10
1215,31.8,23.8644319251708,10
1216,31.3,23.944612012819178,10
1217,31.4,23.889560714067372,10
1218,31.4,24.070267505322366,10
1219,31.2,24.31186267373742,10
1220,31.5,24.17183852704998,10
1221,31.6,24.222120285208543,10
1222,31.7,24.203076021218642,10
1223,31.7,23.89351376419969,10
1224,31.7,23.865595879145083,10
1225,31.4,23.674646542005416,10
1226,31.2,23.559852857491844,10
1227,31.1,23.125022522511554,10
1228,31.2,23.09785944868293,10
1229,31.5,23.06632947730426,10
1230,31.6,23.119015742217247,10
1231,31.9,23.014246795312584,10
1232,32.0,23.233118124302166,10
1233,32.2,23.236943765382648,10
1234,32.2,23.294252986997076,10
1235,32.3,23.223790483993874,10
1236,32.4,23.571168829737736,10
1237,32.2,23.479541922467074,10
1238,32.2,23.569283211653065,10
1239,32.3,23.57046174063348,10
1240,32.1,23.373536793181774,10
1241,32.0,23.137271518771037,10
1242,32.2,22.870650770510807,10
1243,32.2,23.073794659743335,10
1244,32.2,23.16990385056538,10
1245,32.4,23.25797354313856,10
1246,32.3,23.381141498604762,10
1247,32.6,23.566454501638077,10
1248,32.7,23.338332797733813,10
1249,32.9,23.708648211148606,10
1250,33.0,23.598493360570476,10
1251,32.9,23.718019403914074,10
1252,33.0,23.72059583287626,10
1253,32.9,23.69927331281606,10
1254,32.7,23.664553896304724,10
1255,32.5,23.66079739428351,10
1256,32.6,23.936025846688366,10
1257,32.5,24.07049830994134,10
1258,32.6,24.056415175813523,10
1259,32.6,24.258789930433235,10
1260,32.5,24.222349642886055,10
1261,32.2,24.330136776342947,10
1262,32.1,24.474249506141938,10
1263,32.2,24.710771380558363,10
1264,32.1,25.04861938976544,10
1265,32.3,25.27647127270735,10
1266,32.5,25.509257578812875,10
1267,32.6,25.526456863419178,10
1268,32.3,25.42985996378623,10
1269,32.5,25.193694096384956,10
1270,32.5,25.11418368616074,10
1271,32.6,25.23753817893761,10
1272,32.6,25.281525973634494,10
1273,32.8,25.60295121877771,10
1274,33.0,25.768197453450252,10
1275,33.0,25.768197453450252,10
1276,33.0,25.385910352879694,10
1277,33.4,25.474169924324,10
1278,33.5,25.760650440373418,10
1279,33.7,25.716618060010234,10
1280,33.9,25.46217237829919,10
1281,34.0,25.407785333546006,10
1282,34.0,25.333333333333336,10
1283,34.0,25.403411844343534,10
1284,34.0,25.560386016907753,10
1285,34.3,25.63872938435999,10
1286,34.9,25.692411330974753,10
1287,35.0,25.703436864876,10
1288,34.9,25.860523325460115,10
1289,35.1,25.70105920860937,10
1290,35.0,25.746628689770024,10
1291,35.4,25.45671707908238,10
1292,35.2,25.319294355622684,10
1293,35.1,25.649128206973774,10
1294,35.5,25.846770698784706,10
1295,35.6,25.574292647978446,10
1296,35.7,25.867396896909096,10
1297,35.8,26.46087258156423,10
1298,36.1,26.530695011208767,10
1299,36.4,26.386865419497383,10
1300,36.3,26.587591090582087,10
1301,36.7,26.671041307838816,10
1302,36.7,26.276520994141435,10
1303,36.9,26.223187364535907,10
1304,37.2,26.033311993162403,10
1305,36.9,26.027549506884686,10
1306,36.8,26.165286587809856,10
1307,36.8,26.486055031112336,10
1308,37.1,26.710172843569048,10
1309,37.4,26.550580659061552,10
1310,37.6,26.95757984521443,10
1311,37.5,27.023652191696403,10
1312,38.1,26.851236263697224,10
1313,38.1,27.053239690983,10
1314,37.9,27.32296551336338,10
1315,38.0,27.712812921102035,10
1316,38.1,27.6503968225493,10
1317,38.0,27.58018612458347,10
1318,38.0,27.46715209927022,10
1319,37.9,27.670481664682956,10
1320,37.6,27.92927575939706,10
1321,37.5,28.068368911166417,10
1322,37.2,27.85996729678227,10
1323,37.0,27.688746209726915,10
1324,37.2,27.851989755371758,10
1325,37.2,28.16143935715408,10
1326,37.2,28.283485562348137,10
1327,37.6,28.253613338238114,10
1328,37.9,28.179779984946652,10
1329,38.1,28.364492670316608,10
1330,38.3,28.3511708556964,10
1331,38.2,28.334509779497587,10
1332,37.9,28.846143589741764,10
1333,37.5,28.895405247970558,10
1334,37.7,28.813769856326214,10
1335,37.6,28.71391455181423,10
1336,37.6,28.7487197782595,10
1337,37.7,28.90232593485245,10
1338,37.7,28.863856676165476,10
1339,37.9,28.938440409485324,10
1340,37.7,28.952259554883334,10
1341,37.7,28.913856731870123,10
1342,38.2,29.06238500574621,10
1343,38.4,29.185993596624776,10
1344,38.7,29.348670232984055,10
1345,38.5,29.436372059070052,10
1346,38.5,29.182376721424028,10
1347,38.6,29.197412366319192,10
1348,38.5,29.24323283542137,10
1349,38.5,29.056458452085618,10
1350,38.7,29.166380950981523,10
1351,38.8,29.309839076096388,10
1352,38.8,29.309839076096388,10
1353,39.2,29.127306775601483,10
1354,39.3,29.200646872591328,10
1355,39.1,29.118340917328684,10
1356,39.0,28.73634941633641,10
1357,39.1,28.961468655209227,10
1358,39.3,28.898481313422376,10
1359,39.3,29.02891279014386,10
1360,39.3,29.189229368229494,10
1361,39.5,29.387261034521593,10
1362,39.6,29.144086497568896,10
1363,39.9,29.19075196016711,10
1364,40.2,29.2681093038519,10
1365,40.2,29.33636347985589,10
1366,39.9,29.508755762767542,10
1367,40.0,29.63481436119049,10
1368,40.0,29.85892756874492,10
1369,40.3,29.88886823625887,10
1370,40.5,30.07121177767497,10
1371,40.1,30.26714390225811,10
1372,40.4,30.115333857245105,10
1373,40.3,30.24364028647639,10
1374,40.4,30.39809935578941,10
1375,40.4,30.427326899059373,10
1376,40.2,30.385669136763944,10
1377,40.4,30.529402949360872,10
1378,40.4,30.401754335344968,10
1379,40.3,30.49972677473248,10
1380,40.5,30.53686296920494,10
1381,40.5,30.32875423312559,10
1382,40.5,30.525945248809798,10
1383,40.4,30.583946406207584,10
1384,40.5,30.551413860718277,10
1385,40.7,30.695819476491145,10
1386,40.7,30.811433664216995,10
1387,40.3,30.86907837950463,10
1388,40.2,30.35274104407852,10
1389,40.0,30.77517036689011,10
1390,40.3,30.521577067161303,10
1391,40.1,30.35145978550473,10
1392,40.2,29.973321470934785,10
1393,40.5,29.982402246058346,10
1394,40.5,30.034239719952218,10
1395,40.6,29.88570821572672,10
1396,40.8,29.76500555275533,10
1397,40.8,29.76500555275533,10
1398,40.9,29.617749933293567,10
1399,40.5,29.360782611428387,10
1400,40.7,29.295619695328742,10
1401,41.0,29.272664533466866,10
1402,41.0,29.352266617001753,10
1403,41.2,29.510073609607353,10
1404,41.0,29.246082358725133,10
1405,41.0,29.552213679068668,10
1406,41.1,29.440901254320778,10
1407,41.1,28.949956822074885,10
1408,41.2,29.275700959441888,10
1409,41.6,29.29618860307031,10
1410,41.6,29.18980034951326,10
1411,41.7,29.036566984101654,10
1412,41.6,29.121202661367615,10
1413,41.8,29.173046921202225,10
1414,41.6,29.220236518930204,10
1415,41.5,29.02967830035707,10
1416,41.8,28.924422590990854,10
1417,41.9,28.930760254249954,10
1418,41.8,29.321209615794046,10
1419,41.7,29.469569992715464,10
1420,41.8,29.49877586914036,10
1421,41.9,29.27437256183109,10
1422,41.9,29.33124992601274,10
1423,42.1,29.372889995141215,10
1424,42.0,29.032548783888902,10
1425,42.1,29.049574485313514,10
1426,41.9,28.976810651891203,10
1427,42.1,29.12978620663812,10
1428,41.9,28.73808932023453,10
1429,41.8,28.824372403305585,10
1430,41.6,28.806635038168242,10
1431,41.7,28.821481186395985,10
1432,41.7,28.821481186395985,10
1433,41.8,29.070030386407694,10
1434,41.9,28.926919411971035,10
1435,42.0,28.82899774725287,10
1436,42.2,28.9128960077602,10
1437,42.3,28.728808615124375,10
1438,42.2,28.797376423710702,10
1439,42.2,28.731709157498987,10
1440,42.3,28.83689766023153,10
1441,42.5,28.725714380440856,10
1442,42.5,28.8261069942586,10
1443,42.7,28.705593725110635,10
1444,42.8,28.681391567046084,10
1445,42.9,28.380157387395393,10
1446,42.8,28.432375911977527,10
1447,42.8,28.271697665490287,10
1448,42.6,27.901413743552293,10
1449,42.6,27.701584391109794,10
1450,42.5,27.212129648375555,10
1451,42.9,27.14753927870607,10
1452,42.9,27.176174205440404,10
1453,42.7,27.047489100962157,10
1454,43.0,27.117030319216987,10
1455,42.7,27.19497502603499,10
1456,42.3,27.394443881114938,10
1457,42.3,27.149994884386665,10
1458,42.2,27.251095798558673,10
1459,42.0,27.006172134038792,10
1460,42.3,27.203145242988192,10
1461,42.7,26.895063570187826,10
1462,42.5,26.933044552907287,10
1463,42.4,27.072741518607483,10
1464,42.3,26.89093197013116,10
1465,42.3,26.915712057375625,10
1466,41.9,27.135257917002047,10
1467,42.3,27.1745387367579,10
1468,42.3,27.022829854279387,10
1469,42.1,26.80982407004318,10
1470,42.2,27.079307393079475,10
1471,42.6,27.04810529408668,10
1472,42.6,27.07274151860748,10
1473,42.8,27.1080143950907,10
1474,42.9,26.793241270473004,10
1475,42.6,26.659165611682432,10
1476,43.0,26.74987019698517,10
1477,43.2,26.397811357088763,10
1478,43.4,26.47514557718868,10
1479,43.5,26.45016278042748,10
1480,43.4,26.558949109062613,10
1481,43.7,26.61682842781152,10
1482,43.8,26.69082239272518,10
1483,43.9,26.739276147436918,10
1484,44.0,27.08833287188006,10
1485,44.0,26.758176320519304,10
1486,43.9,26.50974663527863,10
1487,44.0,26.43230346879868,10
1488,44.0,26.68332812825267,10
1489,43.6,26.378442376725395,10
1490,43.6,26.47514557718868,10
1491,43.2,26.64916092070776,10
1492,42.9,26.425787069115316,10
1493,43.2,26.523783876195175,10
1494,43.0,26.09810550808451,10
1495,42.8,26.33459912569605,10
1496,43.2,26.376757445397516,10
1497,43.5,26.75090860346824,10
1498,43.8,26.910551420916253,10
1499,43.7,26.666874999186206,10
1500,43.5,26.879360111431225,10
1501,43.8,27.021801897315765,10
1502,43.9,26.925617706728456,10
1503,44.2,26.894030729678455,10
1504,44.2,26.993003208650613,10
1505,44.3,27.059810297438027,10
1506,44.1,27.14344610889831,10
1507,44.3,27.696971354684653,10
1508,44.6,27.609177218212547,10
1509,44.8,27.563260571516814,10
1510,44.9,27.662449477786872,10
1511,44.9,27.730648908543213,10
1512,45.1,27.92629187303208,10
1513,45.3,27.928679007627824,10
1514,45.7,28.063618203408247,10
1515,45.7,28.118993185705953,10
1516,45.6,28.12353699898598,10
1517,45.5,28.308812919105048,10
1518,45.5,28.308812919105048,10
1519,45.4,28.394835211120117,10
1520,45.5,28.48488878140283,10
1521,45.5,28.562796315020233,10
1522,45.4,28.5820456464077,10
1523,45.3,28.62807479846779,10
1524,45.3,28.616428847779034,10
1525,45.6,28.402660282288892,10
1526,45.6,28.39092186675953,10
1527,45.7,28.651352498616887,10
1528,45.6,28.89521298300695,10
1529,45.9,28.903863640235596,10
1530,45.9,28.575241809028398,10
1531,46.0,28.5657137141714,10
1532,46.2,28.673642562077422,10
1533,46.3,28.460694143170702,10
1534,46.7,28.91385673187012,10
1535,46.9,28.66841079965504,10
1536,47.0,28.705400188814647,10
1537,47.1,28.633507954453954,10
1538,47.1,28.6296272339609,10
1539,47.0,28.902133715927157,10
1540,47.3,29.055693647430502,10
1541,47.2,29.19969558441016,10
1542,47.3,29.120630335058188,10
1543,47.1,29.24019303781849,10
1544,47.0,29.458068127047603,10
1545,46.9,29.711389510870518,10
1546,46.8,29.772470505485433,10
1547,46.7,29.5110148927481,10
1548,46.6,29.594293744271415,10
1549,46.5,29.87845749402439,10
1550,46.5,29.87845749402439,10
1551,46.5,30.06012493505493,10
1552,46.6,30.015551524723538,10
1553,46.2,30.047370008778547,10
1554,46.1,30.123634132244625,10
1555,45.8,30.27209936558745,10
1556,46.0,30.018512806451806,10
1557,46.3,30.022399045453454,10
1558,46.3,30.36829487036329,10
1559,46.2,30.425866188710767,10
1560,46.3,30.597930213224114,10
1561,46.5,30.815760758272887,10
1562,46.6,30.73253795066214,10
1563,46.5,30.390970881350782,10
1564,46.5,30.218647664425134,10
1565,46.4,30.277237507921875,10
1566,46.4,30.277237507921875,10
1567,46.5,30.11182860973777,10
1568,46.4,30.280907075801633,10
1569,46.9,29.953482453816804,10
1570,47.0,29.77321689781681,10
1571,47.4,29.94142429626368,10
1572,47.4,29.900575988506382,10
1573,47.8,29.69399490357155,10
1574,47.7,29.664981225531076,10
1575,47.5,29.54563325509278,10
1576,47.8,29.347723742888288,10
1577,47.8,30.047370008778547,10
1578,48.0,30.103525079668366,10
1579,48.1,30.318494538995683,10
1580,48.3,30.488795756255556,10
1581,48.2,30.76722643044417,10
1582,48.1,30.668297058109445,10
1583,48.2,30.502458917274197,10
1584,48.2,30.673187712470387,10
1585,48.0,30.74265946711688,10
1586,47.8,31.0655221534528,10
1587,47.6,31.255932770169146,10
1588,47.5,31.15641542639689,10
1589,47.2,30.86097859757529,10
1590,47.1,30.79484083774784,10
1591,47.0,31.109126920853594,10
1592,46.8,30.66231853232527,10
1593,46.9,30.751513061239045,10
1594,47.2,30.99749093788793,10
1595,47.4,31.191879285053236,10
1596,47.6,31.42256796918065,10
1597,47.5,31.32003263798498,10
1598,47.7,31.54203544478384,10
1599,47.7,31.591313855411443,10
1600,48.1,31.677015852717776,10
1601,48.1,31.893747210246573,10
1602,48.0,31.909594516731516,10
1603,47.7,31.787663574971273,10
1604,47.8,31.72030544899872,10
1605,48.0,31.818932170084597,10
1606,48.0,31.63331577098213,10
1607,47.9,31.62787097201173,10
1608,47.8,31.901933065777275,10
1609,47.9,31.998090220789397,10
1610,48.2,32.27245127211615,10
1611,47.9,32.01544766029188,10
1612,48.0,31.87126884480406,10
1613,48.1,32.00156246185489,10
1614,48.3,32.03140819744132,10
1615,48.6,31.920735162795566,10
1616,48.7,31.77018168730617,10
1617,49.0,31.54185931248963,10
1618,48.9,31.698054619592455,10
1619,48.9,31.46938547576394,10
1620,48.9,31.568092188861282,10
1621,49.1,31.62435770098738,10
1622,49.4,31.739215141174775,10
1623,49.1,31.855402472212884,10
1624,49.0,31.857320805254307,10
1625,48.8,31.97151509981624,10
1626,48.5,32.18091221688893,10
1627,48.9,32.21955927693611,10
1628,49.0,31.965258919298275,10
1629,49.0,31.846855766656496,10
1630,48.9,32.00156246185489,10
1631,49.2,31.70979519188213,10
1632,49.4,31.686660354862966,10
1633,49.3,31.65455908887551,10
1634,49.4,31.837085293726247,10
1635,49.1,31.743590779172344,10
1636,49.2,31.67473581403464,10
1637,48.7,31.608894669415793,10
1638,48.7,31.608894669415793,10
1639,48.6,31.53551789473084,10
1640,48.6,31.259487448701964,10
1641,48.9,31.391612467876403,10
1642,49.1,31.356197331805255,10
1643,49.1,31.419915835519216,10
1644,49.2,31.08340035738976,10
1645,49.3,31.31577522236641,10
1646,49.1,31.458791387393692,10
1647,49.0,31.297852251481338,10
1648,49.0,31.187604375242845,10
1649,48.7,31.45737857270797,10
1650,48.7,31.305129150206536,10
1651,48.7,31.305129150206536,10
1652,48.6,31.426103799230347,10
1653,48.9,31.536398723450404,10
1654,49.1,31.799545768943165,10
1655,49.3,31.948048105913724,10
1656,49.2,32.03400970496478,10
1657,49.1,32.06053302391864,10
1658,49.4,32.14273721318015,10
1659,49.4,31.955524648416517,10
1660,49.4,31.9242158173941,10
1661,49.1,31.97029871615215,10
1662,48.8,32.13789732456752,10
1663,48.7,32.03140819744132,10
1664,48.5,32.11870344691876,10
1665,48.7,32.30772181520834,10
1666,48.7,32.33522331246015,10
1667,48.7,32.29052148507016,10
1668,48.5,32.53801195866493,10
1669,48.7,32.90744596592084,10
1670,48.7,32.90744596592084,10
1671,48.9,32.847966282387844,10
1672,49.2,33.18567294615086,10
1673,49.4,33.00235681819642,10
1674,49.5,32.92499894541465,10
1675,49.3,32.7822784104122,10
1676,49.2,32.903225103661526,10
1677,48.9,32.935796129237055,10
1678,49.0,32.70745752542955,10
1679,49.3,32.64301865126242,10
1680,49.4,32.887687665751145,10
1681,49.3,32.795833068648626,10
1682,49.5,33.073151245887246,10
1683,49.7,32.602147168553174,10
1684,49.4,33.066263438401656,10
1685,49.1,33.38479361093078,10
1686,49.1,33.54416657350591,10
1687,48.9,33.41140856387563,10
1688,49.1,33.31149284489597,10
1689,49.4,33.0528196813659,10
1690,49.5,32.901367752724205,10
1691,49.3,32.81615455838785,10
1692,49.7,32.721212963118866,10
1693,50.1,32.55917689377297,10
1694,50.0,32.78888700628783,10
1695,50.2,32.99764301347059,10
1696,50.2,33.03802523019666,10
1697,50.1,32.69539553039372,10
1698,49.8,32.862677242664745,10
1699,50.0,33.005050118630834,10
1700,50.0,33.04542328371661,10
1701,50.1,33.1174676970729,10
1702,50.2,33.13876548361115,10
1703,50.7,32.833079525245736,10
1704,51.0,32.96799795087486,10
1705,51.2,32.74412585148332,10
1706,51.1,32.61373262224911,10
1707,51.2,32.18971540380216,10
1708,51.3,32.37986342706769,10
1709,51.4,32.339174730073466,10
1710,51.6,32.20834950409254,10
1711,51.6,32.20834950409254,10
1712,51.6,32.073526639755585,10
1713,51.8,32.15517929596343,10
1714,51.5,32.16018933056486,10
1715,51.6,32.38380939777022,10
1716,51.8,32.24145020173738,10
1717,52.0,32.297230703438196,10
1718,51.8,32.406446546602076,10
1719,52.0,32.47221034122014,10
1720,52.0,32.47563189018293,10
1721,52.2,32.47494760922983,10
1722,52.1,32.94591527539239,10
1723,52.4,32.955188429812445,10
1724,52.4,33.19705475557199,10
1725,52.1,33.09733121164505,10
1726,52.1,33.0301209336098,10
1727,52.1,32.966144249315334,10
1728,52.1,32.57964599766752,10
1729,52.2,32.703380729079235,10
1730,52.2,32.91335426371626,10
1731,51.9,33.11411246650655,10
1732,52.1,33.087258373377914,10
1733,52.1,33.08390007910864,10
1734,52.2,33.18902094234042,10
1735,52.5,33.086586741793454,10
1736,52.8,33.36598400900068,10
1737,52.9,32.932422389560784,10
1738,53.2,32.62854918966245,10
1739,53.0,32.625824808645746,10
1740,53.0,32.625824808645746,10
1741,53.0,32.38312317653544,10
1742,52.9,32.36064138905641,10
1743,53.1,32.167789272293284,10
1744,53.3,32.4826449388319,10
1745,53.6,32.30479840519052,10
1746,53.8,32.3858679742329,10
1747,53.7,32.36613456479885,10
1748,53.7,32.36613456479885,10
1749,53.5,32.1947200640105,10
1750,53.2,31.988886959206457,10
1751,53.1,31.736589468799437,10
1752,53.3,31.71417488898125,10
1753,53.0,31.68595903550972,10
1754,53.1,31.536398723450404,10
1755,53.5,31.599050618649922,10
1756,53.4,31.591841422184377,10
1757,53.7,31.534989385689595,10
1758,53.7,31.899320786917492,10
1759,53.6,31.955524648416517,10
1760,53.4,32.12544854853305,10
1761,53.7,31.857495193439174,10
1762,53.5,31.980028490015798,10
1763,53.5,31.927870096341987,10
1764,53.9,31.715576264318106,10
1765,54.0,31.481917208313586,10
1766,53.9,31.285246789288188,10
1767,53.9,31.10716244782792,10
1768,54.1,30.82729670636435,10
1769,54.3,30.69943901043724,10
1770,54.2,30.55705046848163,10
1771,54.2,30.691294458780256,10
1772,54.1,30.64655137386768,10
1773,54.2,30.73832208245018,10
1774,54.4,30.667391295786622,10
1775,54.5,30.620436167878324,10
1776,54.6,30.45652639419013,10
1777,54.6,30.30291515129636,10
1778,54.9,30.318494538995683,10
1779,54.8,30.47694939531259,10
1780,54.9,30.450141397226897,10
1781,55.1,30.664673848293614,10
1782,54.7,30.557959501394865,10
1783,54.6,30.214786667016753,10
1784,54.7,29.92230680352777,10
1785,54.6,29.650557424027554,10
1786,54.8,29.783664426437973,10
1787,54.9,29.711389510870518,10
1788,55.0,29.814239699997195,10
1789,54.8,29.913950665942544,10
1790,54.8,30.205959676858473,10
1791,54.7,29.84050193203116,10
1792,54.6,29.63556422048797,10
1793,54.8,29.72017646126767,10
1794,54.6,29.80007457112221,10
1795,54.7,29.90744983370457,10
1796,54.8,29.99185074501257,10
1797,55.0,29.966648127543394,10
1798,55.4,29.926576817270632,10
1799,55.6,29.93771311684757,10
1800,55.6,29.777694858922697,10
1801,55.8,29.895373109117294,10
1802,55.5,29.710641565308247,10
1803,55.4,29.9562644162749,10
1804,55.3,30.601561325454547,10
1805,55.2,30.658694615974042,10
1806,55.5,30.540501342024857,10
1807,55.7,30.550686480739582,10
1808,55.6,30.56577606845059,10
1809,55.7,30.590666695724185,10
1810,55.9,30.53395195879862,10
1811,55.8,30.334432214527727,10
1812,55.5,30.09337320924843,10
1813,55.4,29.74409371809992,10
1814,55.7,30.228941246575094,10
1815,55.7,30.437732431236654,10
1816,55.8,30.414908624992883,10
1817,55.7,30.412168617183486,10
1818,55.9,30.281824398290286,10
1819,56.0,29.95923155816176,10
1820,55.9,30.13101023493533,10
1821,55.5,29.989813085260952,10
1822,55.4,30.390788077968626,10
1823,55.6,30.471115648904107,10
1824,55.2,30.578859799977284,10
1825,55.3,30.324357646398163,10
1826,54.9,30.13469760923444,10
1827,54.8,29.99185074501257,10
1828,54.8,30.091711668017677,10
1829,54.7,29.907449833704575,10
1830,54.6,30.096880606172828,10
1831,54.7,30.22158904565484,10
1832,54.7,30.03349981455893,10
1833,54.4,30.302915151296368,10
1834,54.5,30.255394376687423,10
1835,54.7,29.96312548598508,10
1836,54.6,30.45652639419013,10
1837,54.9,30.671919839923074,10
1838,54.7,30.353656195661905,10
1839,54.7,30.47786081732115,10
1840,54.8,30.327105587796098,10
1841,55.3,30.284025858895017,10
1842,55.6,30.015551524723534,10
1843,55.2,29.84329442642387,10
1844,55.3,29.92973252284238,10
1845,55.5,29.759218926428684,10
1846,55.2,29.690252796349025,10
1847,55.1,29.384236136631717,10
1848,55.2,29.104409746061965,10
1849,54.9,29.05339911266838,10
1850,54.8,29.27570095944189,10
1851,55.0,29.169999809545576,10
1852,54.9,29.12978620663812,10
1853,54.9,29.255388867314306,10
1854,55.1,29.2363928463596,10
1855,55.2,29.359079610157327,10
1856,55.0,29.676028485406647,10
1857,55.1,29.327461533518374,10
1858,54.8,29.336363479855887,10
1859,55.0,29.435428389008447,10
1860,55.0,29.173808649388086,10
1861,55.0,29.005746557076122,10
1862,54.8,28.78579896793247,10
1863,54.7,28.925382932258266,10
1864,54.6,28.78348291796684,10
1865,54.9,28.961468655209227,10
1866,54.9,28.87694197413877,10
1867,55.1,28.94995682207488,10
1868,55.5,29.018193526743797,10
1869,55.4,28.771899871614707,10
1870,55.2,28.81280579495475,10
1871,55.4,28.713914551814227,10
1872,55.5,28.933832560977237,10
1873,55.5,29.16333314283537,10
1874,55.2,28.989653326661223,10
1875,55.3,29.124445631347786,10
1876,55.5,29.010534485098876,10
1877,55.8,29.1806633082785,10
1878,56.2,29.09295447354909,10
1879,56.3,29.151138723708357,10
1880,56.1,29.072514702225384,10
1881,56.1,28.957631885988956,10
1882,55.9,29.0266161383728,10
1883,55.8,28.801234541441296,10
1884,55.6,28.55092915397948,10
1885,55.3,28.28839573629677,10
1886,55.3,28.150587126302636,10
1887,55.1,28.14032298637984,10
1888,55.1,27.989879123235475,10
1889,54.9,28.160058396404093,10
1890,54.8,28.094285698143114,10
1891,54.6,28.2103212002668,10
1892,54.4,28.19850271832807,10
1893,54.2,28.04678630827821,10
1894,54.2,28.18904436518241,10
1895,54.2,28.533800619226625,10
1896,54.0,28.39013913315678,10
1897,54.0,28.468305963728234,10
1898,54.3,28.237288192113002,10
1899,54.5,28.39111754678839,10
1900,54.5,28.182934158418952,10
1901,54.4,28.052332048037165,10
1902,54.5,28.09606536312316,10
1903,54.6,28.060252632108956,10
1904,54.6,28.26933949627326,10
1905,55.0,27.908580918579304,10
1906,55.0,28.06737924669451,10
1907,55.1,27.966050847411402,10
1908,54.9,27.670481664682956,10
1909,55.1,27.79468374427823,10
1910,55.3,27.785087926999818,10
1911,55.3,27.88886675519263,10
1912,55.4,27.95711000801048,10
1913,55.5,27.861761928811642,10
1914,55.3,27.8130664736319,10
1915,55.2,27.4622973871047,10
1916,55.4,27.19558787744806,10
1917,55.5,27.28959915832811,10
1918,55.7,27.170449634360732,10
1919,55.8,27.308118450990598,10
1920,55.7,27.25211510649729,10
1921,55.8,27.214375286275125,10
1922,56.0,27.067816067549053,10
1923,56.0,27.284509239574835,10
1924,55.9,27.37578004976905,10
1925,55.7,27.483530421771587,10
1926,55.9,27.594081491025086,10
1927,56.1,27.890460336426464,10
1928,56.2,28.287413769692307,10
1929,56.4,28.445659696262197,10
1930,56.2,28.90905279204653,10
1931,56.0,28.647280266487194,10
1932,55.9,28.434915938761705,10
1933,56.0,28.075295585660754,10
1934,56.1,28.238862111163993,10
1935,56.4,28.20244276260086,10
1936,56.8,28.572714256787016,10
1937,56.9,28.43882322928758,10
1938,56.8,28.545480280500527,10
1939,56.6,28.285056910751383,10
1940,56.6,28.218197438296208,10
1941,56.6,28.426122571403305,10
1942,56.4,28.27326966903152,10
1943,56.5,27.981144444865805,10
1944,56.6,28.056292619581004,10
1945,56.7,27.984321006989294,10
1946,56.8,27.851989755371758,10
1947,56.8,27.772088306227328,10
1948,56.8,27.772088306227328,10
1949,56.8,27.78408817210951,10
1950,56.8,27.417755804101354,10
1951,56.9,27.16390579018006,10
1952,57.0,26.820390253188588,10
1953,57.0,26.27630956668848,10
1954,57.2,26.557275630020655,10
1955,57.1,26.42578706911532,10
1956,57.2,26.5656419710372,10
1957,57.4,26.625802022349173,10
1958,57.6,26.875019379837976,10
1959,57.6,26.83778430993637,10
1960,57.9,26.647701589442942,10
1961,58.2,26.66583332031209,10
1962,58.4,26.792204504710362,10
1963,58.4,26.504506954268905,10
1964,58.3,26.377810540090106,10
1965,58.6,26.982298724245947,10
1966,58.3,26.787434865374227,10
1967,58.2,26.649160920707757,10
1968,58.3,27.113137447042572,10
1969,58.5,27.374968290189653,10
1970,58.4,27.44367970144593,10
1971,58.6,27.399107852466862,10
1972,58.4,27.669477768834017,10
1973,58.2,27.510805957740395,10
1974,58.0,27.284509239574835,10
1975,58.0,27.38207037055047,10
1976,58.2,27.506766844218937,10
1977,58.1,27.339227006872985,10
1978,58.2,27.41370298064658,10
1979,58.0,27.712812921102035,10
1980,58.2,27.859967296782273,10
1981,58.2,28.019041144669224,10
1982,58.3,28.29625024235151,10
1983,58.2,28.149600352402874,10
1984,58.4,27.90937715774634,10
1985,58.6,27.725639958549397,10
1986,58.3,27.84101690352244,10
1987,58.5,28.26560532598664,10
1988,58.8,28.326665882168346,10
1989,59.0,28.20559440174157,10
1990,58.8,28.314895961901986,10
1991,58.9,28.485668911460255,10
1992,59.1,28.745820952309263,10
1993,59.2,28.47923219938815,10
1994,58.8,28.408918787357372,10
1995,58.8,28.32274311887494,10
1996,58.8,28.25990485161304,10
1997,58.8,28.483133410650044,10
1998,58.8,28.553264067158572,10
1999,58.8,28.92058090702882,10
2000,58.7,29.078629036917587,10
2001,58.9,29.038097580783614,10
2002,58.8,28.909052792046534,10
2003,58.9,28.972975914347032,10
2004,59.0,29.105173270590765,10
2005,59.1,29.179330584050987,10
2006,59.1,29.300929071352744,10
2007,59.2,29.366647748764244,10
2008,59.0,29.53340857778225,10
2009,58.7,29.694930356693696,10
2010,58.4,29.695491614422252,10
2011,58.2,29.813494334687515,10
2012,58.0,29.940682097180826,10
2013,58.1,29.666479400158014,10
2014,58.2,29.87678400066216,10
2015,58.2,29.675279648593413,10
2016,58.3,29.664981225531076,10
2017,58.4,29.650557424027554,10
2018,58.5,29.72933455920824,10
2019,58.5,29.770417830083908,10
2020,58.6,29.676777303324418,10
2021,58.5,29.391041719090758,10
2022,58.3,29.288033202809796,10
2023,58.2,29.298464123567978,10
2024,58.4,29.20502239912398,10
2025,58.5,29.3986016296316,10
2026,58.7,29.378941815903143,10
2027,58.7,29.548641630745436,10
2028,58.8,29.626564656290025,10
2029,58.9,29.849436994504416,10
2030,58.7,29.721111090341903,10
2031,58.6,29.601801746965787,10
2032,58.3,29.48841580462855,10
2033,58.4,29.515344408553926,10
2034,58.8,29.753804611996912,10
2035,58.8,29.671535181045147,10
2036,59.0,29.631064780058107,10
2037,59.2,29.70147770360555,10
2038,59.1,29.72260643573059,10
2039,58.7,29.608744954451847,10
2040,58.7,29.48841580462855,10
2041,58.5,29.43259719728753,10
2042,58.6,29.356808788119704,10
2043,58.7,29.507249580023178,10
2044,58.7,29.706153496465266,10
2045,58.6,29.85595045845598,10
2046,58.6,29.736621641784847,10
2047,58.4,30.015551524723534,10
2048,58.6,29.717933231561638,10
2049,58.7,29.74353337748859,10
2050,58.9,29.76369899353536,10
2051,58.9,29.942352019245988,10
2052,58.9,29.946062623768533,10
2053,58.6,29.978510822105743,10
2054,58.5,30.067516617698168,10
2055,58.4,30.244191361501322,10
2056,58.3,30.162706922437994,10
2057,58.3,30.28402585889502,10
2058,58.8,30.57159175153008,10
2059,58.6,30.75060975005211,10
2060,58.9,30.55214122337964,10
2061,59.0,30.43389922803554,10
2062,59.0,30.31684533573886,10
2063,59.6,30.295580902537953,10
2064,59.5,30.14870551855327,10
2065,59.5,30.504098085339287,10
2066,59.6,30.70721956370087,10
2067,59.7,30.905051726574122,10
2068,59.6,30.8588182966663,10
2069,59.5,30.92733418838423,10
2070,59.8,30.803318724521297,10
2071,59.8,30.57159175153008,10
2072,59.9,30.747899657266565,10
2073,59.9,30.94960060772639,10
2074,59.9,31.064270293842227,10
2075,60.1,31.33847475548228,10
2076,59.9,31.19989316221024,10
2077,59.9,31.313646297492163,10
2078,59.8,31.438829494750596,10
2079,59.5,31.592017275817565,10
2080,59.5,31.990449963839033,10
2081,59.6,32.08391774359512,10
2082,59.6,32.10815057478916,10
2083,59.7,31.847030212145892,10
2084,59.4,31.851042194705162,10
2085,59.4,31.746215872481912,10
2086,59.4,31.644553682707834,10
2087,59.5,31.73939017827672,10
2088,59.7,32.055680723807235,10
2089,59.6,32.06313216834008,10
2090,59.7,32.06954249058685,10
2091,59.9,32.31597472183413,10
2092,59.9,32.12285444629381,10
2093,59.8,32.39958847475278,10
2094,59.7,32.42786867289718,10
2095,59.7,32.533913929245514,10
2096,59.7,32.554398917640746,10
2097,59.6,32.75905303203308,10
2098,59.8,32.82207928954058,10
2099,59.9,32.69199698193224,10
2100,59.9,32.6749989373459,10
2101,60.0,32.971368050341965,10
2102,59.9,32.68519882488436,10
2103,60.0,33.0252428706689,10
2104,59.8,33.305988784134435,10
2105,59.6,33.01582112328034,10
2106,59.4,33.01582112328034,10
2107,59.4,33.11662892130041,10
2108,59.5,33.0092579606254,10
2109,59.5,32.89461286526345,10
2110,59.9,32.793800227075444,10
2111,59.9,32.41895878785882,10
2112,60.1,32.31941281094761,10
2113,60.3,32.1249297448432,10
2114,60.3,32.19402981230457,10
2115,60.3,32.19402981230457,10
2116,60.3,32.22507650193488,10
2117,60.4,32.22214559377862,10
2118,60.7,32.00364562566792,10
2119,60.9,31.977248856717562,10
2120,61.2,32.06521133218644,10
2121,61.2,31.964563712544763,10
2122,60.8,31.936743032995015,10
2123,61.0,31.892179466306644,10
2124,61.1,31.858890264553924,10
2125,61.3,31.965432718624175,10
2126,61.3,31.6264657104352,10
2127,61.5,31.620141260489863,10
2128,61.7,31.808629157649797,10
2129,61.3,31.756189248012042,10
2130,61.1,31.740090317031765,10
2131,60.8,31.39285127399407,10
2132,61.0,30.991038131118557,10
2133,60.9,30.740671575111836,10
2134,61.4,30.47111564890411,10
2135,61.7,30.554323207472077,10
2136,61.5,30.434811939254327,10
2137,61.7,30.539773702137644,10
2138,61.8,30.7455507169556,10
2139,61.8,30.462362934538675,10
2140,62.0,30.32051011004487,10
2141,62.1,30.420935773465832,10
2142,62.3,30.616081467824134,10
2143,61.9,30.722593929838965,10
2144,62.1,30.399013141876825,10
2145,62.0,30.158838763380057,10
2146,61.9,30.07195075518418,10
2147,61.7,30.36829487036329,10
2148,61.7,30.01499625187383,10
2149,61.8,29.917664793005933,10
2150,62.0,29.951813152313687,10
2151,62.1,29.868043123043734,10
2152,61.9,29.864322824698,10
2153,61.9,29.9683166027056,10
2154,62.1,30.038678769583427,10
2155,62.4,29.744093718099922,10
2156,62.1,29.864322824698,10
2157,61.8,29.46485665632497,10
2158,62.2,29.70521839677332,10
2159,62.2,29.913950665942544,10
2160,62.1,29.815916703815915,10
2161,62.3,29.698671874531883,10
2162,62.5,29.61324778615889,10
2163,62.6,29.54544522144375,10
2164,62.5,29.61324778615889,10
2165,62.8,29.652805750702395,10
2166,62.4,29.398412655561298,10
2167,62.8,29.66779024089556,10
2168,62.5,30.015736613390725,10
2169,62.3,30.12953515885847,10
2170,62.6,30.29558090253795,10
2171,62.4,30.25888299326332,10
2172,62.2,30.506101393364283,10
2173,62.2,30.832162139918474,10
2174,62.3,31.05210674549045,10
2175,62.6,30.919968377157897,10
2176,62.7,31.08429399766598,10
2177,62.9,30.91727312972116,10
2178,62.8,30.651445497906145,10
2179,62.8,30.60065358779123,10
2180,62.7,30.51793643817426,10
2181,62.6,30.79754679984899,10
2182,62.4,31.238153310050553,10
2183,62.5,31.10644806324102,10
2184,62.4,31.00250885905132,10
2185,62.3,31.109305503159163,10
2186,62.4,31.330496325465383,10
2187,62.6,31.567212244493316,10
2188,62.7,31.439713032334684,10
2189,62.6,31.223922452717776,10
2190,62.7,31.2482888420399,10
2191,62.6,31.326949704332495,10
2192,62.4,31.248822200026815,10
2193,62.5,31.620141260489863,10
2194,62.5,31.298739768736873,10
2195,62.5,31.51102099971444,10
2196,62.7,31.59483080083407,10
2197,62.9,31.476446220414825,10
2198,63.3,31.287377646584574,10
2199,63.2,31.456495531306587,10
2200,63.4,31.24171001152857,10
2201,63.3,31.40789002075045,10
2202,63.3,31.496207884618606,10
2203,63.4,31.12412426255735,10
2204,63.2,31.332624105448517,10
2205,63.2,31.16907299088491,10
2206,63.0,30.994623189622207,10
2207,63.0,30.720966419983892,10
2208,62.9,30.552141223379635,10
2209,63.0,30.34615113797611,10
2210,62.9,30.252456282277496,10
2211,62.9,30.12363413224462,10
2212,62.9,30.12363413224462,10
2213,63.1,30.05347086629282,10
2214,63.0,29.672284112357183,10
2215,63.3,29.52607134193252,10
2216,63.2,29.104409746061965,10
2217,63.2,28.85519402503165,10
2218,63.2,28.962811404358597,10
2219,63.1,28.853846267775886,10
2220,62.7,28.55812785647313,10
2221,62.6,28.35959567177689,10
2222,62.6,28.35959567177689,10
2223,62.7,28.577574735757015,10
2224,62.6,28.304691405411145,10
2225,62.5,28.242009686123808,10
2226,62.4,28.437846456985998,10
2227,62.4,28.398748016222278,10
2228,62.8,28.299195120081496,10
2229,62.5,28.406767581765518,10
2230,62.2,28.236304448154844,10
2231,62.1,28.230991638426183,10
2232,62.1,28.160058396404096,10
2233,61.9,28.223118970879963,10
2234,61.8,28.28348556234814,10
2235,61.9,28.16400381890173,10
2236,62.0,28.106938645110393,10
2237,62.3,28.308027915141746,10
2238,62.5,28.316661761820253,10
2239,62.7,28.32372386063198,10
2240,62.9,28.505165223945717,10
2241,62.9,28.784447961433,10
2242,62.8,28.471428173209407,10
2243,62.9,28.01765316526152,10
2244,63.2,27.627683378974954,10
2245,63.0,27.45096638655105,10
2246,62.9,27.35547883372218,10
2247,62.7,27.190888996949777,10
2248,62.6,27.273104374497272,10
2249,62.9,27.31483113621609,10
2250,62.4,27.285323690381407,10
2251,62.4,27.593074815572436,10
2252,62.4,27.488179277645877,10
2253,62.0,27.523727137790686,10
2254,61.8,27.5108059577404,10
2255,62.0,27.612396571910313,10
2256,61.8,27.603542445772344,10
2257,61.6,27.87352387720888,10
2258,61.7,27.912760920808644,10
2259,61.9,28.045399701991133,10
2260,61.9,28.45054188118977,10
2261,62.0,28.905977851571734,10
2262,61.7,28.77518220813052,10
2263,61.7,28.64359536712449,10
2264,61.8,28.735576091899276,10
2265,61.9,28.629627233960896,10
2266,61.8,28.70075492619198,10
2267,62.0,28.91366458960192,10
2268,62.0,29.06314963431642,10
2269,62.1,28.96914066918643,10
2270,62.2,29.1387485432485,10
2271,62.1,29.323672651592904,10
2272,62.3,29.397845726061853,10
2273,61.8,29.843294426423874,10
2274,61.7,29.855392217226765,10
2275,61.8,29.73886346180701,10
2276,61.9,29.73381912906581,10
2277,62.1,29.61774993329357,10
2278,62.3,29.45448466136637,10
2279,62.3,29.375159574034658,10
2280,62.2,29.65280575070239,10
2281,62.2,29.84329442642387,10
2282,61.8,29.68651021741843,10
2283,61.9,29.444675051507847,10
2284,61.6,29.14027377283123,10
2285,61.8,29.328787526554482,10
2286,61.9,29.13741390187003,10
2287,62.0,29.23848301278452,10
2288,62.2,29.1387485432485,10
2289,61.9,29.221187138406574,10
2290,62.0,28.871362204709975,10
2291,61.8,29.123491854133455,10
2292,61.8,28.985820288164657,10
2293,62.1,29.316093418689558,10
2294,62.2,29.510073609607353,10
2295,62.0,29.522119767312706,10
2296,62.2,29.536418198556166,10
2297,62.2,29.611559304508848,10
2298,62.1,29.557664920550735,10
2299,62.2,29.532656124666094,10
2300,62.3,29.739797503607107,10
2301,62.5,30.0231392244197,10
2302,62.5,30.170810028532177,10
2303,63.0,30.243456592570013,10
2304,63.0,30.18829795356693,10
2305,63.2,30.065853647544344,10
2306,63.3,30.066777531207283,10
2307,63.2,30.113858013287576,10
2308,63.2,30.476949395312587,10
2309,63.2,30.42586618871077,10
2310,63.4,30.471115648904103,10
2311,63.8,30.69853416695983,10
2312,63.8,30.593390716877977,10
2313,63.9,30.82729670636435,10
2314,63.8,30.82134902231821,10
2315,63.9,30.722593929838965,10
2316,63.9,30.617533103327144,10
2317,63.8,30.513385041103955,10
2318,63.8,30.231697860946472,10
2319,63.7,30.20687927534977,10
2320,64.2,30.231697860946475,10
2321,64.3,30.17007347245501,10
2322,64.4,30.368843683398065,10
2323,64.2,30.3966372409113,10
2324,64.2,30.3966372409113,10
2325,64.3,30.262004046144877,10
2326,64.6,30.60936675812378,10
2327,65.1,30.700886704530937,10
2328,64.9,30.646551373867684,10
2329,65.1,30.856117707838752,10
2330,65.3,31.03063002905355,10
2331,65.5,31.241887835973607,10
2332,65.5,31.088583113419627,10
2333,65.6,30.873217447418007,10
2334,65.7,30.514295374827554,10
2335,65.8,30.640568605109866,10
2336,65.5,30.3360804616842,10
2337,65.7,30.23996619633619,10
2338,65.7,30.155338572870384,10
2339,65.5,30.085987879188323,10
2340,65.6,30.085803222708805,10
2341,65.6,29.8447836499297,10
2342,65.9,29.879201238765848,10
2343,66.1,30.101494979485654,10
2344,66.3,29.80697159316182,10
2345,66.4,29.811258126941087,10
2346,66.1,30.156812386811264,10
2347,66.0,30.00370347510824,10
2348,66.4,29.826163011691595,10
2349,66.2,29.794854141836865,10
2350,66.3,29.747268782192425,10
2351,66.3,29.62000075024382,10
2352,66.5,29.710641565308247,10
2353,66.6,29.706714542151733,10
2354,66.6,29.796345786391697,10
2355,66.7,30.129535158858474,10
2356,66.9,30.131010234935335,10
2357,66.8,29.92509166420566,10
2358,66.5,29.941609843159736,10
2359,66.7,29.98166106138884,10
2360,66.6,29.98592262305023,10
2361,66.6,30.08949613698737,10
2362,66.5,30.00462927246024,10
2363,66.8,29.98444040943013,10
2364,66.9,29.997962893799603,10
2365,66.9,30.252456282277496,10
2366,67.0,30.144098372097094,10
2367,66.7,30.262004046144874,10
2368,66.6,30.73253795066214,10
2369,66.8,30.52430725394654,10
2370,66.7,30.612452077908138,10
2371,66.9,30.747899657266565,10
2372,66.8,30.781668426372075,10
2373,66.8,30.896961375226244,10
2374,66.8,30.57885979997728,10
2375,66.8,30.183880907972497,10
2376,67.1,30.28549341039553,10
2377,67.1,30.653801649315138,10
2378,67.2,30.389325611324626,10
2379,67.2,30.662318532325273,10
2380,67.1,30.682785618866703,10
2381,66.9,30.570319665395132,10
2382,66.6,30.51848256020895,10
2383,66.7,30.49243986447934,10
2384,66.6,30.64201908055886,10
2385,66.6,30.365184742471836,10
2386,66.4,30.31391319729826,10
2387,66.6,30.229492589559325,10
2388,66.6,30.148521246212614,10
2389,66.6,30.383475040810517,10
2390,66.6,30.57304549944462,10
2391,66.4,31.00250885905132,10
2392,66.2,31.201139580328014,10
2393,66.3,31.39019662959193,10
2394,66.3,31.24828884203991,10
2395,66.5,31.33067364598328,10
2396,66.5,31.606082396343343,10
2397,66.4,31.819630558648687,10
2398,66.4,31.819630558648687,10
2399,66.5,31.875626355501716,10
2400,66.7,31.563164184430775,10
2401,66.7,31.60537928897548,10
2402,66.5,31.159981457703797,10
2403,66.9,31.21769441269557,10
2404,66.8,31.154810579142065,10
2405,67.1,30.956779907190317,10
2406,67.0,31.012542265634686,10
2407,66.9,30.985480470697883,10
2408,67.0,30.922843048824312,10
2409,67.0,30.991038131118557,10
2410,67.0,31.20897306865447,10
2411,67.2,31.385771723293132,10
2412,67.3,31.298029756945827,10
2413,67.1,31.53639872345041,10
2414,67.1,31.596237469392182,10
2415,67.3,31.791158798914164,10
2416,67.3,31.587796518416553,10
2417,67.3,31.492679925482506,10
2418,67.0,31.464265445104548,10
2419,66.9,31.37036818400447,10
2420,66.8,31.26872772169238,10
2421,66.6,31.15980316583103,10
2422,66.7,30.746454176773693,10
2423,66.9,30.661050210323843,10
2424,66.9,30.661050210323843,10
2425,67.1,30.827296706364343,10
2426,67.4,30.934339064110187,10
2427,67.6,30.73253795066214,10
2428,67.5,30.815760758272887,10
2429,67.4,30.612996513826534,10
2430,67.5,30.580494872821575,10
2431,67.5,30.64220038516236,10
2432,67.6,30.58031320237835,10
2433,67.4,30.543957394766863,10
2434,67.6,30.485697921776005,10
2435,67.5,30.489524612743818,10
2436,67.4,30.765059546324444,10
2437,67.1,30.729826264107352,10
2438,66.9,30.74428582860742,10
2439,67.4,30.387131779386117,10
2440,67.6,30.218463818592028,10
2441,67.8,30.444120030712735,10
2442,67.9,30.989066172155336,10
2443,67.8,31.07982553933589,10
2444,68.0,30.793217146349328,10
2445,68.0,30.309514457784815,10
2446,68.0,30.382743640282243,10
2447,68.2,30.575225991714998,10
2448,68.1,30.57758801620705,10
2449,68.2,30.871777834563833,10
2450,68.3,31.15570217115605,10
2451,68.3,30.861878678323446,10
2452,68.3,30.876276401866278,10
2453,68.2,30.810532109797926,10
2454,68.2,30.900557348443485,10
2455,68.4,31.195441262395306,10
2456,68.1,31.242599123632466,10
2457,68.1,31.121446695879108,10
2458,68.3,30.955344180501907,10
2459,68.6,30.793938797540445,10
2460,68.7,30.616081467824134,10
2461,68.7,30.717530282668665,10
2462,68.8,30.731091747609618,10
2463,68.7,30.528857022677922,10
2464,68.8,30.629687849825984,10
2465,68.9,30.661050210323843,10
2466,68.7,30.568865787849496,10
2467,68.8,30.466010204452072,10
2468,68.9,30.32582324613061,10
2469,68.6,30.554868679148335,10
2470,68.7,30.40120611642461,10
2471,68.4,30.492986443151516,10
2472,68.4,30.884012404838565,10
2473,68.5,30.797727188868986,10
2474,68.2,30.51702621306488,10
2475,68.1,30.573954056789365,10
2476,68.4,30.445579865283122,10
2477,68.6,30.29558090253795,10
2478,68.5,30.565957825296067,10
2479,68.5,30.696543417423694,10
2480,68.5,30.692923542008106,10
2481,68.5,30.540501342024857,10
2482,68.3,30.33901045775151,10
2483,68.3,30.0556890528972,10
2484,68.5,30.33974291255613,10
2485,68.7,30.353656195661905,10
2486,68.9,30.544866817337553,10
2487,68.7,30.50336957707387,10
2488,69.1,30.504826576206664,10
2489,69.0,30.48496897379647,10
2490,69.0,30.720966419983892,10
2491,68.7,30.659600635218833,10
2492,68.5,30.76524012583032,10
2493,68.5,30.76524012583032,10
2494,68.5,31.138579144063577,10
2495,68.7,31.19134495336807,10
2496,68.5,30.966828130185444,10
2497,67.9,30.848914981819956,10
2498,68.3,30.998387054813026,10
2499,68.4,31.369482693287186,10
2500,68.3,31.62997874731432,10
2501,68.0,31.404175235503672,10
2502,68.3,31.37603473282683,10
2503,68.5,31.135010661454558,10
2504,68.5,30.92374132891714,10
2505,68.4,31.070529087509563,10
2506,68.4,31.24526630814125,10
2507,68.7,31.37603473282683,10
2508,68.7,31.471503865490057,10
2509,68.7,31.37603473282683,10
2510,68.8,31.49885359465925,10
2511,69.0,31.42893217686178,10
2512,68.7,31.647538082237404,10
2513,68.9,31.65596310333963,10
2514,69.0,31.594654962860762,10
2515,68.8,31.804262467649068,10
2516,68.6,32.0700621902872,10
2517,68.8,31.985413342126233,10
2518,68.5,32.04944097276373,10
2519,68.4,32.3254285870015,10
2520,68.2,32.05828026163184,10
2521,68.0,31.90262963734773,10
2522,68.2,31.842668788208623,10
2523,68.1,31.680523284118205,10
2524,68.2,31.79727451632713,10
2525,68.1,32.063998502993975,10
2526,68.2,31.894966513368356,10
2527,68.5,31.721881687216758,10
2528,68.4,32.05966659561859,10
2529,68.3,32.06954249058685,10
2530,68.1,31.94943922303906,10
2531,67.8,32.06521133218644,10
2532,67.7,32.2457576882431,10
2533,67.6,32.4420851501393,10
2534,68.2,32.217317634395876,10
2535,68.3,32.07300699619195,10
2536,68.2,32.14826762223917,10
2537,68.1,32.01891801905728,10
2538,67.9,32.01197692531136,10
2539,68.1,32.29533850091819,10
2540,68.3,32.40387493975236,10
2541,68.6,32.370082209074205,10
2542,68.6,32.57197159112929,10
2543,68.5,32.50726414545251,10
2544,68.4,32.10122877537383,10
2545,68.3,32.414160143026656,10
2546,68.2,32.55354563382203,10
2547,68.1,32.69199698193224,10
2548,68.2,32.57401827632978,10
2549,67.9,32.84796628238785,10
2550,67.6,33.04609575191061,10
2551,67.4,32.85726708051051,10
2552,67.4,32.93832620722148,10
2553,67.4,33.16356769441765,10
2554,67.1,33.45461270305055,10
2555,67.4,33.48366102378226,10
2556,67.5,33.30415389507241,10
2557,67.1,33.2781209405419,10
2558,66.9,33.28145963679411,10
2559,66.5,33.36748250750855,10
2560,66.2,33.49560501850288,10
2561,66.2,33.49560501850288,10
2562,66.2,33.215792763215646,10
2563,66.4,33.05954224325154,10
2564,66.2,33.45245382130684,10
2565,66.0,33.796778281697534,10
2566,66.1,34.08632831177007,10
2567,65.9,33.81140504491215,10
2568,66.1,34.21971491536551,10
2569,66.1,34.530019145986905,10
2570,66.0,34.57680661303984,10
2571,65.9,34.362285527401504,10
2572,65.8,34.56973628286259,10
2573,66.0,34.489934119327565,10
2574,65.8,34.26303482699038,10
2575,65.7,34.13714171462579,10
2576,66.2,33.94701754204632,10
2577,66.2,34.16235745183091,10
2578,66.2,33.86837266044335,10
2579,65.9,33.583891641347606,10
2580,65.8,33.56850375641495,10
2581,65.7,33.94456264754833,10
2582,65.4,34.44544801405389,10
2583,65.5,34.290426263511705,10
2584,65.6,34.20591241941142,10
2585,65.6,34.20591241941142,10
2586,65.3,34.1338867142642,10
2587,65.1,34.11239592223853,10
2588,64.7,33.89870531778791,10
2589,64.4,33.94832674652594,10
2590,64.7,33.89542742022883,10
2591,64.3,33.76405057322227,10
2592,64.2,33.76322786043354,10
2593,64.2,33.68085509603342,10
2594,64.3,33.618943072817345,10
2595,64.4,33.77112507585272,10
2596,64.6,33.57644677117842,10
2597,64.8,33.894607896307704,10
2598,64.7,34.34482008493663,10
2599,64.7,34.61229710826935,10
2600,65.0,34.448028487370166,10
2601,65.2,34.5086140614839,10
2602,65.0,34.38022687534217,10
2603,65.3,34.08828407402038,10
2604,65.3,34.32540361500988,10
2605,65.1,34.46882649583533,10
2606,65.1,34.655286593662574,10
2607,64.6,34.76971862603051,10
2608,64.5,34.773073874287654,10
2609,64.3,34.70846838709219,10
2610,64.0,34.91895378348746,10
2611,64.0,35.12833614050059,10
2612,63.8,35.08972625839206,10
2613,63.8,35.1055551159642,10
2614,63.8,35.25084711354073,10
2615,64.0,35.09669183523965,10
2616,64.1,34.923567337194456,10
2617,64.2,35.20984710749726,10
2618,64.3,35.00809430212771,10
2619,64.6,34.99587277253006,10
2620,64.4,34.81442868186184,10
2621,64.4,34.6063577973759,10
2622,64.2,34.79719018030686,10
2623,64.3,34.804373926913904,10
2624,64.5,34.983329363188595,10
2625,64.5,35.06897964488464,10
2626,64.6,34.96093057495276,10
2627,64.6,35.05297578111038,10
2628,65.0,35.11251755270318,10
2629,64.7,35.40888149728665,10
2630,64.4,35.11947860913909,10
2631,64.2,35.010474623080064,10
2632,63.9,34.961725103636155,10
2633,64.0,34.988887124660344,10
2634,64.1,35.15189263120203,10
2635,63.9,34.90765595746074,10
2636,64.3,35.109511215307144,10
2637,64.4,35.45638948843432,10
2638,64.6,35.515880642013904,10
2639,64.7,35.39946641154668,10
2640,64.9,35.64157996248514,10
2641,65.3,35.65280104314698,10
2642,65.2,35.95305581201996,10
2643,65.1,35.83434107110106,10
2644,65.1,35.74741637905847,10
2645,65.1,35.75673984641839,10
2646,64.9,36.066142941360766,10
2647,64.9,35.76295414096672,10
2648,64.8,35.85092591396893,10
2649,64.5,36.062445840513924,10
2650,64.6,36.04380051486741,10
2651,64.6,36.09616784830951,10
2652,64.7,36.0556668376985,10
2653,64.6,35.945019744666226,10
2654,64.8,35.93141615170026,10
2655,64.5,35.662772373069,10
2656,64.4,35.799441336423115,10
2657,64.3,35.8268986470594,10
2658,64.4,36.09308952017147,10
2659,64.2,36.42282556615044,10
2660,64.1,36.37291422045928,10
2661,64.3,36.681966504900835,10
2662,64.2,36.95883596050552,10
2663,64.1,36.984831725692324,10
2664,64.0,37.2409571424915,10
2665,63.8,37.27912731453532,10
2666,64.2,37.23439270352076,10
2667,64.4,37.34583124139977,10
2668,64.2,36.91070305480512,10
2669,64.3,37.19035119788763,10
2670,64.5,37.27152621863863,10
2671,64.6,37.166890881236995,10
2672,64.6,36.96605049080695,10
2673,64.7,36.8391398138206,10
2674,64.3,36.787830113292145,10
2675,64.6,36.96003848001845,10
2676,64.6,36.70059036764032,10
2677,64.7,36.91747553666149,10
2678,64.5,36.70376910709126,10
2679,64.6,36.86672694389286,10
2680,64.8,36.84441763837652,10
2681,65.0,36.79371927079101,10
2682,64.8,36.95883596050551,10
2683,64.6,36.96605049080695,10
2684,64.5,37.092227397843516,10
2685,64.7,37.17839874622538,10
2686,64.6,37.25945070269644,10
2687,65.0,37.33035702421765,10
2688,65.1,37.173616689498715,10
2689,65.2,37.0009008899333,10
2690,65.3,37.43453545116387,10
2691,65.3,37.33050584530923,10
2692,65.4,36.88781792287409,10
2693,65.3,37.10959744085379,10
2694,65.5,37.23573552382174,10
2695,65.6,37.51799568207235,10
2696,66.0,37.859388972001824,10
2697,66.0,37.92097045171708,10
2698,66.0,37.92097045171708,10
2699,66.0,37.92683013968402,10
2700,65.9,37.71368746519256,10
2701,66.1,37.57496211279231,10
2702,66.4,37.69821687501354,10
2703,66.5,37.5003703685414,10
2704,66.3,37.7919744566665,10
2705,66.4,37.642174928307924,10
2706,66.7,37.973821391994655,10
2707,66.4,37.609691422409846,10
2708,66.3,37.36917921972004,10
2709,66.5,37.721935852292155,10
2710,66.4,37.83061664254967,10
2711,66.4,38.13776198059987,10
2712,66.5,38.23392908573919,10
2713,66.7,38.183911679018834,10
2714,66.9,37.98669357668405,10
2715,66.9,37.693058600578794,10
2716,67.4,37.4231063500732,10
2717,67.9,37.62815139995291,10
2718,68.3,37.765504542284795,10
2719,68.4,37.977186134134094,10
2720,68.5,38.44259790041944,10
2721,68.4,38.399074062910536,10
2722,68.6,38.36433528972217,10
2723,68.8,38.255863748072805,10
2724,69.1,38.61620270185963,10
2725,68.6,38.74188086984592,10
2726,68.7,38.804495730377546,10
2727,68.6,38.54348193923325,10
2728,68.4,38.629867546584556,10
2729,68.3,38.72136935136004,10
2730,68.5,39.16418431849862,10
2731,68.8,39.20260762301972,10
2732,68.5,38.76209488662861,10
2733,68.3,38.57474706477168,10
2734,68.1,38.59893493061406,10
2735,68.3,38.334927503083485,10
2736,68.2,38.51060460011848,10
2737,68.5,38.27168956581643,10
2738,68.6,38.193076743188826,10
2739,68.8,38.09870222344996,10
2740,69.1,38.010086380678835,10
2741,68.8,37.90866215875557,10
2742,68.9,38.10059783724601,10
2743,68.9,38.5470852046919,10
2744,69.3,38.96451377001044,10
2745,68.9,39.00270645879733,10
2746,68.7,39.04427686045108,10
2747,68.9,39.01979554590778,10
2748,68.8,38.929566027777796,10
2749,68.7,39.18914248728707,10
2750,68.8,39.160070366523996,10
2751,68.8,39.54687794953674,10
2752,68.6,39.44954583600002,10
2753,68.8,39.31864132387531,10
2754,68.9,39.19594650244107,10
2755,69.0,39.426443466846514,10
2756,68.8,39.47657533272105,10
2757,68.8,39.47657533272105,10
2758,68.4,39.50021096990074,10
2759,68.7,39.31652183101767,10
2760,68.6,39.16404246527958,10
2761,68.7,39.39275173034868,10
2762,68.6,39.69942624830294,10
2763,68.5,39.308608047941185,10
2764,68.6,39.33107338140333,10
2765,68.7,39.63458086065753,10
2766,68.7,39.894444057621186,10
2767,68.9,39.557131678961085,10
2768,68.9,39.37695321434157,10
2769,69.0,39.855293807026996,10
2770,69.0,40.04441978048322,10
2771,69.2,40.320383596058875,10
2772,69.3,40.62032879127286,10
2773,69.5,40.68100840004392,10
2774,69.3,40.79501603545871,10
2775,69.3,41.02045560178212,10
2776,69.5,41.03995343293871,10
2777,70.0,41.02032016777376,10
2778,69.9,41.45265036426769,10
2779,70.2,41.39726238935774,10
2780,70.0,41.505019776729014,10
2781,70.0,41.8011164125234,10
2782,70.0,41.657332287765776,10
2783,70.0,41.75590443943893,10
2784,69.9,41.186432501762305,10
2785,69.8,41.19546900651413,10
2786,69.7,41.539940619440785,10
2787,69.5,41.62864932284549,10
2788,69.7,42.01864665439222,10
2789,69.7,41.86234054081969,10
2790,69.6,41.72981880835067,10
2791,69.9,41.73580929822468,10
2792,69.9,41.55438203928277,10
2793,69.9,41.55438203928277,10
2794,69.6,41.41175356506089,10
2795,69.7,41.66546664938617,10
2796,69.5,41.713973145165106,10
2797,69.5,41.54849910379168,10
2798,69.5,41.393101948137314,10
2799,69.8,41.28437961263315,10
2800,69.7,41.60141557420586,10
2801,69.5,41.700652805974684,10
2802,69.5,41.59927883990298,10
2803,69.7,41.45157817663078,10
2804,70.0,41.20949189473491,10
2805,70.2,41.203559716768815,10
2806,70.3,40.996070272378276,10
2807,70.4,40.94494949183463,10
2808,70.1,40.99444406800078,10
2809,70.4,40.863458275361644,10
2810,70.4,40.557777716898315,10
2811,70.5,40.54147396322821,10
2812,70.4,40.86617726732517,10
2813,70.1,40.95105479580336,10
2814,70.5,40.670081823811906,10
2815,70.4,40.39031787171002,10
2816,70.8,40.40022002140307,10
2817,70.6,41.00189697508587,10
2818,70.8,40.66612021490781,10
2819,70.6,40.93409336970834,10
2820,70.7,41.346906373593015,10
2821,70.5,41.368936279397964,10
2822,70.5,41.411887718920084,10
2823,70.6,41.37954406064266,10
2824,70.7,41.78795679778246,10
2825,71.0,41.71597082919469,10
2826,71.0,41.61463417810828,10
2827,70.8,41.50983819128505,10
2828,71.0,41.4031668139313,10
2829,70.6,41.17766384825637,10
2830,70.7,40.86576943006348,10
2831,70.6,41.0208619011243,10
2832,70.8,40.916717583131934,10
2833,70.9,41.032372043979564,10
2834,70.9,41.05402944088843,10
2835,70.9,40.9184826480922,10
2836,70.9,40.7879339456604,10
2837,71.1,41.01883036416866,10
2838,71.1,41.21340127245559,10
2839,70.9,41.135143126042486,10
2840,71.1,41.36141519177828,10
2841,71.2,41.06309508278422,10
2842,71.1,40.99173358400718,10
2843,71.1,41.05402944088842,10
2844,71.3,40.85217252484866,10
2845,71.2,40.80250536970058,10
2846,71.5,41.03183046259466,10
2847,71.3,40.81407709221034,10
2848,71.3,40.7514144267138,10
2849,71.5,40.637284467455366,10
2850,71.5,40.66734972103952,10
2851,71.7,40.19687660613557,10
2852,71.4,40.271853970511735,10
2853,71.4,40.271853970511735,10
2854,71.3,40.30453517354536,10
2855,71.7,40.26040238248992,10
2856,71.9,39.96790378958263,10
2857,71.6,40.357293158871684,10
2858,71.8,40.54298130790746,10
2859,71.9,40.74977845883882,10
2860,71.9,41.08108513118361,10
2861,72.0,41.46484454731904,10
2862,72.1,41.74113345636678,10
2863,72.1,41.35066840787193,10
2864,72.3,41.263516304088505,10
2865,72.5,41.52174798290115,10
2866,72.0,41.432676315520176,10
2867,71.9,41.39095446001592,10
2868,71.8,41.125282842661264,10
2869,72.0,41.558526334689866,10
2870,71.9,41.93235292971552,10
2871,71.9,42.001190459319126,10
2872,72.1,41.81294323797623,10
2873,72.3,41.91539096799647,10
2874,72.4,41.90783538512418,10
2875,72.2,41.728753742340416,10
2876,72.4,41.80164802705484,10
2877,72.3,41.748053846856145,10
2878,72.4,41.73248135445579,10
2879,72.2,41.75803315930162,10
2880,72.5,41.33669341181297,10
2881,72.6,41.13986982100076,10
2882,72.6,41.37954406064265,10
2883,72.6,41.88927202889913,10
2884,72.7,42.15065572180079,10
2885,72.6,42.28001892147164,10
2886,72.6,42.487122231984074,10
2887,72.5,42.557803828048584,10
2888,72.5,42.224926813961964,10
2889,72.7,42.2059764067181,10
2890,72.8,42.1368142022046,10
2891,72.5,42.000661370454104,10
2892,72.4,42.12732024602456,10
2893,72.4,42.41645383050728,10
2894,72.4,42.656769685479,10
2895,72.7,43.01950462032051,10
2896,72.9,43.18037105496483,10
2897,73.0,43.37690117511342,10
2898,72.7,43.51768478318773,10
2899,72.7,43.39495618412608,10
2900,73.0,43.723881092347895,10
2901,73.0,43.741665872864665,10
2902,73.1,43.76566386259134,10
2903,73.3,43.54831288988766,10
2904,73.7,43.43078785070947,10
2905,73.7,43.30781299796454,10
2906,73.4,43.1333848531377,10
2907,73.5,42.851811837748215,10
2908,73.9,42.88861542802861,10
2909,74.0,43.08647635215073,10
2910,74.0,42.838196870446254,10
2911,73.9,42.9300464580332,10
2912,74.1,42.98694892380451,10
2913,74.2,43.034353202477156,10
2914,74.2,43.116895373700864,10
2915,74.2,43.088539337302,10
2916,74.3,43.20249478393065,10
2917,74.3,43.20249478393065,10
2918,74.3,43.13042236442084,10
2919,74.5,43.33141021373654,10
2920,74.6,43.3389739918548,10
2921,74.7,43.38471312954982,10
2922,75.0,43.15862215903871,10
2923,75.2,43.28150747015276,10
2924,75.0,43.23835745672534,10
2925,74.8,43.289208303635625,10
2926,75.0,43.25891045014117,10
2927,74.8,43.09369636810779,10
2928,74.6,42.8231505405922,10
2929,74.5,42.6933510306022,10
2930,74.6,42.742640692092635,10
2931,74.7,42.72144920554805,10
2932,74.6,42.76862817013839,10
2933,75.0,42.96768811819205,10
2934,75.2,43.20956684192364,10
2935,75.3,43.107230638644985,10
2936,75.5,43.138665306711154,10
2937,75.4,42.95786048882995,10
2938,75.4,42.82574511254235,10
2939,75.7,42.913478846006726,10
2940,75.8,42.77538232831278,10
2941,75.8,42.57490131782131,10
2942,75.7,42.484114678312416,10
2943,75.4,42.70623165560528,10
2944,75.5,43.20043724058563,10
2945,75.3,43.336025557394066,10
2946,75.3,43.30268146688173,10
2947,75.4,43.57420235771518,10
2948,75.2,43.807153144967856,10
2949,75.2,43.829974522769994,10
2950,75.2,43.36101679824607,10
2951,75.2,43.36101679824607,10
2952,75.3,43.31807423646111,10
2953,75.4,43.41070016584493,10
2954,75.8,43.41223585836397,10
2955,75.8,43.5859304516186,10
2956,75.8,43.62924605251747,10
2957,75.6,43.68879846266215,10
2958,75.5,43.65076046174784,10
2959,75.1,43.70723306527447,10
2960,75.1,43.6487240490614,10
2961,75.5,43.831115279749234,10
2962,75.8,43.39175548931438,10
2963,75.7,43.46403366258385,10
2964,75.8,43.67506280603511,10
2965,75.5,43.561578381770225,10
2966,75.3,43.58656775761185,10
2967,75.5,43.813366808670516,10
2968,75.7,44.03294221375628,10
2969,75.6,44.18697646240223,10
2970,76.0,44.06812907306141,10
2971,76.0,44.06812907306141,10
2972,76.1,44.15238762890783,10
2973,76.1,44.049088778568645,10
2974,76.2,44.08527090890007,10
2975,76.4,44.00303019868821,10
2976,76.5,44.08640505996277,10
2977,76.3,43.888874824189024,10
2978,76.2,44.014644027742506,10
2979,76.2,44.296475906981335,10
2980,76.5,44.49032354219161,10
2981,76.7,44.54972253311773,10
2982,76.6,44.269879401487216,10
2983,76.7,44.467341324217315,10
2984,76.5,44.4828306453425,10
2985,76.5,44.55022134874553,10
2986,76.4,44.53263472505928,10
2987,76.7,44.6394195501888,10
2988,76.7,44.38480721047587,10
2989,76.7,44.196656484902164,10
2990,77.1,44.09698906325062,10
2991,77.1,43.628354694319306,10
2992,77.0,43.44089215371976,10
2993,77.1,42.90156692295101,10
2994,77.2,43.003359041927055,10
2995,77.0,42.95216978091897,10
2996,76.7,43.08660529161651,10
2997,76.9,42.88084265341187,10
2998,77.0,42.63019274332844,10
2999,77.0,42.59368758656876,10
3000,77.2,42.56185041925587,10
3001,77.2,42.73900118419033,10
3002,77.4,42.71403620461181,10
3003,77.5,42.75316752397807,10
3004,77.6,42.698425680059394,10
3005,77.5,42.49248299536179,10
3006,77.5,42.51339658141759,10
3007,77.3,42.26911139091734,10
3008,77.5,42.33267716026894,10
3009,77.3,42.460569944361325,10
3010,77.3,42.35052144503851,10
3011,77.2,42.20531825361454,10
3012,77.2,42.54357243527576,10
3013,77.2,42.65312285037157,10
3014,77.3,42.864256023456704,10
3015,77.3,42.87721487638341,10
3016,77.7,42.980745042919445,10
3017,78.0,43.25377311736965,10
3018,77.8,43.024024296509815,10
3019,78.1,43.37549231228775,10
3020,77.9,43.3396149293256,10
3021,77.9,43.4982758278992,10
3022,77.7,43.64770580708935,10
3023,77.5,43.68892562449004,10
3024,76.9,43.699605897027894,10
3025,76.9,43.62071373403543,10
3026,76.9,43.91519605380858,10
3027,76.6,43.69642751733576,10
3028,76.6,43.704055240268545,10
3029,76.8,43.69541038700619,10
3030,77.0,43.8583578757294,10
3031,76.9,43.86963009240498,10
3032,76.9,44.01123593912001,10
3033,76.6,43.74217390319985,10
3034,76.7,43.665521613485595,10
3035,76.7,43.52789654667197,10
3036,76.4,43.6659033012156,10
3037,76.4,43.497637228296036,10
3038,76.3,43.56106824524241,10
3039,76.4,43.45163339213435,10
3040,76.4,43.05603583961513,10
3041,76.3,43.03499867678761,10
3042,76.5,43.13608955645171,10
3043,76.3,43.238485943273574,10
3044,76.4,43.16943363075314,10
3045,76.6,43.22087972779412,10
3046,76.4,42.828339527311435,10
3047,76.3,42.95747250996553,10
3048,76.4,43.09214932366838,10
3049,76.1,43.36011992603341,10
3050,75.9,43.252360243883416,10
3051,75.9,43.09795045397557,10
3052,75.9,43.25492907044108,10
3053,76.3,43.640068235001145,10
3054,76.7,43.39495618412608,10
3055,77.2,43.75893559542376,10
3056,77.2,43.829974522769994,10
3057,77.2,43.75131744048147,10
3058,77.2,44.057538136698774,10
3059,77.0,44.151255172795864,10
3060,77.1,44.036474780698676,10
3061,77.1,44.05665544374525,10
3062,77.1,43.76312501537237,10
3063,77.4,43.886722872008164,10
3064,77.6,44.23221550961346,10
3065,77.7,44.17653977697514,10
3066,77.7,43.984972181164075,10
3067,77.8,44.28644136627924,10
3068,77.9,44.23786713765582,10
3069,77.9,44.48832555975906,10
3070,78.0,44.81567186202216,10
3071,78.2,44.98345374814067,10
3072,77.9,44.97023707100311,10
3073,77.6,44.61738574940391,10
3074,77.6,44.83847554153563,10
3075,77.6,44.95479210644103,10
3076,77.5,45.20877495944049,10
3077,77.3,45.028509487508764,10
3078,77.0,45.10974272691975,10
3079,77.1,45.51544304470248,10
3080,77.3,45.29177016240858,10
3081,77.5,45.4856509730755,10
3082,77.4,45.86017395906339,10
3083,77.2,45.960852907664794,10
3084,77.1,45.85108747044307,10
3085,77.0,45.7481025714607,10
3086,76.9,45.38587641301837,10
3087,76.8,45.70630882784856,10
3088,77.0,46.06517122512408,10
3089,77.2,46.1923514592333,10
3090,77.3,45.96870916419366,10
3091,77.3,45.68989676795808,10
3092,77.2,45.84466526580092,10
3093,76.8,46.19475679723355,10
3094,76.9,46.357188103776195,10
3095,77.2,46.37480158687714,10
3096,77.3,46.12555329388111,10
3097,77.5,46.38067126149283,10
3098,77.8,45.895533551752074,10
3099,77.8,45.86647286780762,10
3100,78.0,45.845149991877854,10
3101,78.1,45.969675995280966,10
3102,78.2,45.752474128607396,10
3103,78.0,45.67274898667694,10
3104,77.7,45.75065269722632,10
3105,77.6,45.75587393985607,10
3106,77.6,45.48064301314229,10
3107,77.6,45.2896848692454,10
3108,77.7,45.1689421321037,10
3109,77.6,45.12501154201146,10
3110,77.8,44.86968786261934,10
3111,77.5,44.883181705400524,10
3112,77.3,44.66927853060137,10
3113,77.2,44.76556216061131,10
3114,77.3,44.67176587808754,10
3115,77.2,44.73079972954256,10
3116,77.2,44.50418207564568,10
3117,77.2,44.211109714892046,10
3118,77.2,44.218648655164586,10
3119,77.3,43.83821265618489,10
3120,77.3,43.911653730340575,10
3121,77.2,43.91102114250793,10
3122,77.1,43.712317104755115,10
3123,77.4,43.726930425590645,10
3124,77.3,43.6706105089249,10
3125,77.0,43.83048152953731,10
3126,77.0,43.60937717713678,10
3127,77.2,43.578282052722855,10
3128,77.3,43.652796779435185,10
3129,77.8,43.68778115471444,10
3130,77.8,43.855317680857,10
3131,77.8,44.128096366021595,10
3132,77.9,44.25293461706491,10
3133,78.1,44.11714204503985,10
3134,78.5,44.234853025891496,10
3135,78.5,44.5177867074873,10
3136,78.6,44.634814513635725,10
3137,78.6,44.647259465478704,10
3138,78.5,44.307636663070475,10
3139,78.7,44.035465504774926,10
3140,78.5,43.617656975128774,10
3141,78.7,43.72654927056457,10
3142,78.9,43.98850860041619,10
3143,78.8,43.95907187373273,10
3144,78.6,43.78279723057143,10
3145,78.7,43.87114972026352,10
3146,78.5,44.01577999864241,10
3147,78.2,43.64706939379398,10
3148,78.3,43.46403366258385,10
3149,78.2,43.56043056618141,10
3150,78.0,43.93429437492108,10
3151,78.2,43.860384555237694,10
3152,78.2,43.928730158443386,10
3153,78.1,44.11714204503984,10
3154,78.0,43.94440932713866,10
3155,77.9,43.74026875901782,10
3156,77.8,43.90596011173578,10
3157,77.9,43.86709726232432,10
3158,77.9,43.70977515893263,10
3159,78.0,44.25180473406957,10
3160,78.1,44.046566267985064,10
3161,78.3,44.34222968382773,10
3162,78.3,44.21425109622462,10
3163,78.3,44.47733505206144,10
3164,78.3,44.56967080376021,10
3165,78.6,44.560071813227594,10
3166,78.8,44.66616915145809,10
3167,78.6,44.89295911139939,10
3168,78.6,45.006666172912645,10
3169,78.5,45.27017659440803,10
3170,78.5,45.17927253361509,10
3171,78.6,45.35587674773309,10
3172,78.7,45.3555092819188,10
3173,78.7,45.31874765358029,10
3174,78.6,45.22585298010174,10
3175,78.6,45.26759940128872,10
3176,78.4,45.50018314981454,10
3177,78.5,45.407414959820535,10
3178,78.8,45.43566880766695,10
3179,78.6,45.66107021668824,10
3180,78.6,45.64890165406198,10
3181,79.0,45.908120801831515,10
3182,78.7,45.80890257969028,10
3183,78.7,45.85981053408553,10
3184,78.9,45.469037083858865,10
3185,78.7,45.88403256520121,10
3186,79.1,46.01316236807802,10
3187,78.8,45.87131759365298,10
3188,78.9,46.167448850172924,10
3189,79.2,46.2139949943016,10
3190,79.4,46.121096643028295,10
3191,79.1,45.68357351268494,10
3192,78.9,45.21418164936995,10
3193,78.7,45.59251887950234,10
3194,78.6,45.67323553728643,10
3195,78.5,45.53692030771417,10
3196,78.2,45.249432163410745,10
3197,78.4,45.23076632362337,10
3198,78.4,45.370572939835014,10
3199,78.6,45.68782964617358,10
3200,78.8,45.65279594699297,10
3201,79.1,45.89710714679569,10
3202,79.2,45.931833550744884,10
3203,79.1,45.957589144775646,10
3204,79.0,46.04345773288535,10
3205,79.2,46.1418103965012,10
3206,79.3,46.07011564512896,10
3207,79.5,45.93775982541789,10
3208,79.5,45.74870975715538,10
3209,79.3,45.88645406507967,10
3210,79.5,45.407414959820535,10
3211,79.6,45.478199905742386,10
3212,79.4,45.65376946832174,10
3213,79.6,45.80441511955419,10
3214,79.5,45.87725168558185,10
3215,79.7,46.101458159633566,10
3216,80.1,46.246801691216085,10
3217,80.1,46.64392302921738,10
3218,80.1,46.29722813877018,10
3219,80.2,46.271661593967714,10
3220,80.1,46.24439906025858,10
3221,80.2,45.77918012954506,10
3222,80.3,46.01461120605546,10
3223,80.3,46.13518782399781,10
3224,80.5,46.356708731794626,10
3225,80.4,46.47627829812156,10
3226,80.2,46.53027688147435,10
3227,80.2,46.44901625557974,10
3228,80.2,46.22841838811562,10
3229,80.1,46.28522682478959,10
3230,80.3,46.380192132226256,10
3231,80.3,46.46157313068271,10
3232,80.1,46.15300640261693,10
3233,79.8,46.41072672944861,10
3234,80.1,46.560474415299694,10
3235,80.1,46.37875471472783,10
3236,80.1,46.302027793367515,10
3237,80.5,46.40462141736412,10
3238,80.5,46.676784617432915,10
3239,80.7,47.107560138710454,10
3240,80.6,47.197457558643976,10
3241,80.6,47.469756453744075,10
3242,80.7,47.630639065393375,10
3243,80.8,47.49456109212226,10
3244,80.8,47.69998835313159,10
3245,80.9,47.299166072047306,10
3246,81.2,47.15412082852475,10
3247,81.3,47.0957653203673,10
3248,81.1,47.428191335252635,10
3249,81.5,47.1127489233128,10
3250,81.6,47.36900064622667,10
3251,81.6,47.296229588978164,10
3252,81.5,47.48157537403324,10
3253,81.4,47.2327569948371,10
3254,81.4,46.96618168663728,10
3255,81.5,47.05847426340977,10
3256,81.5,47.041943459475014,10
3257,81.5,47.041943459475014,10
3258,81.6,47.114989358188566,10
3259,81.9,47.51245450756394,10
3260,81.9,47.9199564088097,10
3261,81.8,48.23046524529675,10
3262,81.8,48.209727003767384,10
3263,82.0,48.274677051684606,10
3264,82.0,48.54780004170002,10
3265,81.9,48.321722743388285,10
3266,82.1,48.69964635965599,10
3267,82.0,48.94668301098429,10
3268,82.0,49.08496035786658,10
3269,81.9,48.963591916171076,10
3270,82.1,49.149318973466514,10
3271,82.2,49.10035075683721,10
3272,82.3,49.03298209708781,10
3273,82.2,49.46109582287882,10
3274,82.1,49.700100603519914,10
3275,82.1,49.68221233220419,10
3276,82.4,49.78888764908625,10
3277,82.4,49.86024914141971,10
3278,82.7,49.92227291834111,10
3279,82.5,49.924943665466465,10
3280,82.5,50.131493760575964,10
3281,82.4,50.25313699439844,10
3282,82.3,50.230690043261625,10
3283,82.6,50.3481214479084,10
3284,82.7,50.36985430018854,10
3285,82.8,50.210224722327894,10
3286,82.9,49.949863752455705,10
3287,83.0,50.075498555237125,10
3288,83.1,50.24263351201073,10
3289,83.2,50.039539921501635,10
3290,83.2,49.861586193960754,10
3291,83.6,49.99377739056909,10
3292,83.8,49.539658636064274,10
3293,83.7,49.64552122576394,10
3294,83.6,49.448514189564435,10
3295,83.6,49.788887649086256,10
3296,83.4,49.482207801278314,10
3297,83.5,49.554123048552796,10
3298,83.7,49.61417808113591,10
3299,83.4,49.817890583827634,10
3300,83.5,49.76667782987149,10
3301,83.3,49.5536746030672,10
3302,83.3,49.84208395857193,10
3303,83.3,49.82201655225663,10
3304,83.3,49.90223775877524,10
3305,83.6,49.58539211412077,10
3306,83.6,49.583151260169906,10
3307,83.5,49.71306557524781,10
3308,83.2,49.82145900892283,10
3309,83.1,49.61731328657143,10
3310,82.9,49.63970185244871,10
3311,82.9,49.74479313902556,10
3312,82.7,49.69249887502584,10
3313,82.7,49.416708825164704,10
3314,82.9,49.36586765052235,10
3315,82.8,49.23368314026035,10
3316,82.6,48.917617821530655,10
3317,82.6,48.648855188083424,10
3318,82.7,48.89455775214434,10
3319,82.6,49.05824203037764,10
3320,82.2,48.998412672702415,10
3321,82.2,48.92125191457072,10
3322,82.3,48.8695542575675,10
3323,82.4,49.01519038919352,10
3324,82.0,49.012470068567474,10
3325,82.0,48.73739153189606,10
3326,82.3,48.91273408383093,10
3327,82.3,48.7534614155754,10
3328,82.2,48.73237573158572,10
3329,82.2,48.567936382395786,10
3330,82.4,48.50933472596337,10
3331,82.2,48.707288982245764,10
3332,82.3,48.85363627999228,10
3333,82.3,48.828611830906404,10
3334,82.0,48.703182647543684,10
3335,81.9,48.79993169394127,10
3336,81.8,49.1388056654028,10
3337,82.1,49.23515004547057,10
3338,82.0,49.57597984687522,10
3339,82.0,49.652123150307816,10
3340,82.2,49.832608690383545,10
3341,82.1,49.85857777532145,10
3342,81.9,49.682212332204195,10
3343,81.9,49.55457148998017,10
3344,82.5,49.67729192833818,10
3345,82.4,49.78665595429271,10
3346,82.6,50.007110605504,10
3347,82.6,49.9959998399872,10
3348,82.6,50.05818836336591,10
3349,82.7,50.02232834778219,10
3350,82.9,49.94541464883883,10
3351,82.8,50.04398065701808,10
3352,82.8,49.80361432667312,10
3353,82.9,49.90312838111677,10
3354,83.2,49.883865126912525,10
3355,83.1,49.78051827773592,10
3356,83.3,50.228477978135075,10
3357,83.0,50.38738819276991,10
3358,83.4,50.30396494202907,10
3359,83.3,50.40954495154883,10
3360,83.3,50.182002085741196,10
3361,83.0,50.033322229623465,10
3362,83.1,49.97655005655707,10
3363,82.9,49.83628753785293,10
3364,82.6,50.098125935230584,10
3365,82.5,49.855903473020234,10
3366,82.4,49.97377089811992,10
3367,82.4,49.84018904904399,10
3368,82.5,50.053859880022124,10
3369,82.4,50.0226615312167,10
3370,82.6,50.54195177166082,10
3371,82.5,50.85982916037196,10
3372,82.6,50.44512970655453,10
3373,82.7,50.33896215766781,10
3374,82.6,50.642976917941056,10
3375,82.7,50.98158709006834,10
3376,82.6,50.796325326411804,10
3377,82.7,50.83754080948011,10
3378,82.8,51.055090071629714,10
3379,82.9,51.054328361505696,10
3380,82.7,51.114359800136185,10
3381,82.7,51.10348976994299,10
3382,82.6,51.3337662319409,10
3383,83.1,51.61922553123443,10
3384,83.1,51.44673621005192,10
3385,82.9,51.90043887632893,10
3386,83.0,51.912319240127275,10
3387,82.7,52.13454815293896,10
3388,82.9,51.8233109281485,10
3389,82.7,52.08550662132413,10
3390,82.6,51.846354205907716,10
3391,82.7,51.88245261057816,10
3392,82.9,51.638594524293985,10
3393,83.0,51.69139193328034,10
3394,83.0,51.68064327085034,10
3395,83.5,51.687630155687266,10
3396,83.3,51.824597334556195,10
3397,83.4,51.69182183328853,10
3398,83.5,51.902151528942746,10
3399,83.8,51.80905111829185,10
3400,83.9,51.928262482432864,10
3401,83.8,51.69311151186179,10
3402,83.9,51.79543094392271,10
3403,84.3,51.71298998639832,10
3404,84.1,51.889733516799296,10
3405,83.9,51.758949843373834,10
3406,84.4,51.62299229348618,10
3407,84.3,51.601141244916064,10
3408,84.8,51.386984949714865,10
3409,84.8,51.54458695580404,10
3410,84.9,51.50285860459052,10
3411,84.7,51.36373558585213,10
3412,84.8,51.63289218662417,10
3413,84.4,51.50879105119393,10
3414,84.6,51.63590482083824,10
3415,84.6,51.6810732602694,10
3416,84.6,51.3294370815725,10
3417,84.5,51.32305091823318,10
3418,84.4,51.303454507902735,10
3419,84.3,51.415626677758844,10
3420,84.1,51.065208856476396,10
3421,84.0,50.795887847563236,10
3422,83.8,50.95052066029901,10
3423,83.7,51.03604390798505,10
3424,84.0,51.01198116347004,10
3425,84.0,51.46519859736934,10
3426,84.0,51.86092513208336,10
3427,84.1,51.619225531234434,10
3428,83.9,51.511487391972416,10
3429,84.1,51.438096560601636,10
3430,84.1,51.1065336114452,10
3431,84.3,50.760986769149575,10
3432,84.3,50.826611577444794,10
3433,84.2,50.69034534416895,10
3434,84.0,50.43587788249331,10
3435,84.0,50.6776303927307,10
3436,83.9,50.96284049296223,10
3437,83.9,51.01949518457517,10
3438,84.2,51.36103148843057,10
3439,84.2,51.23323574052731,10
3440,84.2,50.889422607584514,10
3441,84.3,50.76974164467126,10
3442,84.3,51.02733472256698,10
3443,84.5,50.91005139786576,10
3444,84.7,51.05128140735874,10
3445,84.3,51.17301806399324,10
3446,84.0,51.25318418292554,10
3447,84.1,51.147824978194336,10
3448,84.4,51.077718560379466,10
3449,84.8,50.99629616180201,10
3450,84.6,50.944850355828684,10
3451,84.9,51.03256041217433,10
3452,84.6,50.88156182089277,10
3453,84.6,50.67368372461412,10
3454,84.7,50.71280793733363,10
3455,84.8,50.90688667666794,10
3456,85.2,50.91779867808724,10
3457,85.1,51.054328361505696,10
3458,85.3,50.86376138492141,10
3459,85.1,51.17388656987728,10
3460,85.0,51.24017521003959,10
3461,85.2,51.03985370929924,10
3462,85.1,50.73777904305846,10
3463,85.1,50.63913725787813,10
3464,85.2,50.9439779452772,10
3465,85.4,50.97537531876434,10
3466,85.5,50.85327477710315,10
3467,85.4,50.739421448109645,10
3468,85.2,50.38694716337203,10
3469,85.2,50.62015408905824,10
3470,85.4,50.5902933157911,10
3471,85.5,50.51567413519623,10
3472,85.4,50.233233797733725,10
3473,85.6,50.385624052016176,10
3474,85.6,50.12473330491534,10
3475,85.8,50.2986635563566,10
3476,85.8,50.18144854204368,10
3477,85.7,50.1177502377041,10
3478,85.7,50.01566421299098,10
3479,85.6,49.83573015417754,10
3480,85.5,49.77114291099478,10
3481,85.2,49.494780869636486,10
3482,85.4,49.61451400548029,10
3483,85.6,49.623471149133536,10
3484,85.6,49.90257174401603,10
3485,85.4,50.24871474309898,10
3486,85.4,50.04930901953925,10
3487,85.4,50.18012001225629,10
3488,85.5,50.211220525562474,10
3489,85.5,50.299657608730854,10
3490,85.9,50.23157484203647,10
3491,85.8,50.33620300870273,10
3492,85.5,50.211220525562474,10
3493,85.3,50.43819099760727,10
3494,85.3,50.44479931348501,10
3495,85.3,50.22626581558476,10
3496,85.4,50.18454830810864,10
3497,85.6,50.354741584085204,10
3498,85.4,50.781011324225425,10
3499,85.2,50.552063371450146,10
3500,85.1,50.676424498971905,10
3501,85.1,50.77280549445518,10
3502,85.3,50.55041487905361,10
3503,85.0,50.38297772506548,10
3504,84.9,50.32880774356659,10
3505,85.2,50.34282471216727,10
3506,85.3,50.19528530317033,10
3507,85.4,49.90257174401603,10
3508,85.6,49.85133454136965,10
3509,85.8,49.94174383997597,10
3510,85.9,50.160741621311786,10
3511,85.9,50.18952967391594,10
3512,85.9,50.06318230218912,10
3513,85.7,50.06673324451854,10
3514,85.7,49.819786341483955,10
3515,85.8,50.09280276535631,10
3516,86.1,50.182887742956986,10
3517,86.3,50.3919085215518,10
3518,86.2,50.718832794140674,10
3519,86.8,50.84573619182723,10
3520,86.5,50.65624892898758,10
3521,86.6,50.40987557568016,10
3522,86.3,50.583374519478014,10
3523,86.2,50.78669992122829,10
3524,86.3,50.82661157744479,10
3525,86.2,50.92434475659838,10
3526,85.9,50.94757654251629,10
3527,85.8,51.07249749131131,10
3528,85.8,50.911251757892934,10
3529,85.9,50.72682831708593,10
3530,85.7,50.376471580380546,10
3531,85.7,50.08670260436174,10
3532,85.8,50.21465036332635,10
3533,85.6,50.219960617711,10
3534,85.7,50.491033307355124,10
3535,85.5,50.76580213752824,10
3536,85.4,50.912124729227756,10
3537,85.6,50.83131143519929,10
3538,85.4,50.81382139186586,10
3539,85.0,50.922599217941645,10
3540,84.8,50.87195254317997,10
3541,85.1,51.08913778877072,10
3542,85.2,51.07467300161815,10
3543,85.1,50.88429139833934,10
3544,85.4,50.651752190817646,10
3545,85.6,50.92303560821522,10
3546,85.5,51.23854885619702,10
3547,85.5,51.17345231877777,10
3548,85.3,51.41994857164981,10
3549,85.6,50.929581013613515,10
3550,85.3,50.675547467305286,10
3551,85.3,50.699660310060814,10
3552,85.3,51.04257482185283,10
3553,85.4,51.02983876561285,10
3554,85.4,51.14945421670369,10
3555,85.4,51.229765653269276,10
3556,85.5,51.63816418115578,10
3557,85.6,51.71546083028641,10
3558,85.8,51.875491965538664,10
3559,85.9,52.1098199318836,10
3560,86.0,52.07473262320007,10
3561,86.0,51.92943930629972,10
3562,86.0,51.84592558726288,10
3563,85.8,52.09137271286975,10
3564,85.9,52.11834822998732,10
3565,86.1,52.1652289471743,10
3566,86.3,52.14946468245544,10
3567,86.2,52.22770656781067,10
3568,86.2,52.136146556662375,10
3569,86.5,52.362518401365435,10
3570,86.6,52.38786967313033,10
3571,86.5,52.39221740339346,10
3572,86.6,52.42391311860139,10
3573,86.7,52.53157780484674,10
3574,86.7,52.19844612416904,10
3575,87.0,52.24302186257351,10
3576,86.7,52.26439195730366,10
3577,86.9,51.909001574336266,10
3578,86.7,51.824597334556195,10
3579,86.9,51.94537729405979,10
3580,86.9,51.889733516799296,10
3581,86.8,51.67161266648794,10
3582,86.6,52.31146039721018,10
3583,86.6,52.058087214614844,10
3584,86.4,52.26683673441719,10
3585,86.6,52.307212164714386,10
3586,86.6,52.181733713372665,10
3587,86.6,52.49804229154117,10
3588,86.2,52.50777720173143,10
3589,86.5,52.637650234620295,10
3590,86.7,52.812140860054356,10
3591,86.6,52.56783976708362,10
3592,86.9,52.326857348784095,10
3593,87.4,52.111419094091076,10
3594,87.3,52.21972807282703,10
3595,87.4,52.39847326020101,10
3596,87.5,52.006943980801466,10
3597,87.6,51.812053509669816,10
3598,87.6,51.62299229348618,10
3599,87.3,51.63343016991134,10
3600,87.1,51.861889240130424,10
3601,86.9,51.713849423749366,10
3602,86.8,51.72749107905131,10
3603,86.7,51.83317256137982,10
3604,86.8,51.74896671002771,10
3605,86.7,51.68720022081547,10
3606,86.6,51.59715754444876,10
3607,86.4,51.52388874212728,10
3608,86.4,51.35973347109798,10
3609,86.2,51.20069443973501,10
3610,86.2,51.01590166038646,10
3611,85.9,51.08913778877072,10
3612,85.9,50.98027941164003,10
3613,86.2,50.9308899937509,10
3614,86.3,51.0578103721654,10
3615,86.4,50.87937805350131,10
3616,86.3,51.00555525299834,10
3617,86.3,51.23594658267008,10
3618,86.6,51.439716605405636,10
3619,86.6,51.696120636744965,10
3620,86.5,51.84003172152664,10
3621,86.4,51.97478020903771,10
3622,86.5,52.14562941097429,10
3623,86.6,52.06022153877821,10
3624,86.4,51.698269904428244,10
3625,86.3,51.77955409447075,10
3626,86.5,51.95564347488046,10
3627,86.6,51.923447925233596,10
3628,87.0,51.66344075950721,10
3629,86.8,51.65655815092601,10
3630,86.6,51.54976021067196,10
3631,86.8,51.38482266194951,10
3632,86.5,51.342531643419726,10
3633,86.2,51.44749211034921,10
3634,86.0,51.0098029794274,10
3635,85.8,50.83699440368205,10
3636,85.8,50.87850452030034,10
3637,85.9,50.6259704982422,10
3638,86.2,50.45305849114711,10
3639,86.3,50.495434337065454,10
3640,86.3,50.51303462143873,10
3641,86.0,50.47331528199387,10
3642,86.3,50.447001893075864,10
3643,86.4,50.44733227172011,10
3644,86.6,50.34591454240465,10
3645,86.3,50.28154068177837,10
3646,86.2,50.35827196752839,10
3647,86.3,50.358823567584565,10
3648,86.4,50.14911099245263,10
3649,86.4,49.54055577672364,10
3650,86.3,49.45042410783192,10
3651,86.6,49.48669854954292,10
3652,86.5,49.23018495913977,10
3653,86.7,49.08280984440706,10
3654,86.7,49.08280984440706,10
3655,86.7,49.34470589637758,10
3656,86.9,49.753726828583744,10
3657,87.1,49.608355031072016,10
3658,87.0,49.448064786310006,10
3659,87.3,49.396468609720586,10
3660,87.4,49.41704609185422,10
3661,87.7,49.51105376019021,10
3662,87.8,49.67852207499289,10
3663,88.0,49.82413516002505,10
3664,88.1,49.85189175057564,10
3665,88.5,49.81131062988271,10
3666,88.5,49.86481725625794,10
3667,88.2,49.95953918477988,10
3668,88.0,50.35871324805669,10
3669,88.1,50.39499534235077,10
3670,87.9,50.19174345558352,10
3671,87.8,50.07727362120798,10
3672,87.7,49.76399858889512,10
3673,87.7,49.56264274184293,10
3674,87.6,49.67718009531361,10
3675,87.6,49.71295382269874,10
3676,87.5,49.76221234810384,10
3677,87.5,49.73094274862147,10
3678,87.6,49.74200103199173,10
3679,88.0,49.49073987457991,10
3680,88.1,49.3726194925442,10
3681,88.1,49.5657812070653,10
3682,88.0,49.373857230094735,10
3683,88.0,49.18897798852458,10
3684,88.0,48.60269768461646,10
3685,88.2,48.4809240836022,10
3686,88.2,48.570224074701024,10
3687,88.1,48.392951736567774,10
3688,87.8,48.202812273882024,10
3689,88.0,48.12483766206386,10
3690,88.2,47.765166294184624,10
3691,88.2,47.83954663478974,10
3692,88.5,47.41600761111987,10
3693,88.7,47.230051638525424,10
3694,88.4,47.39479577618904,10
3695,88.2,47.11404603017377,10
3696,88.6,47.067799797502516,10
3697,88.5,47.242283320488795,10
3698,88.4,47.51186986193848,10
3699,88.6,47.79632714852564,10
3700,88.7,47.83083617175105,10
3701,88.8,47.779121428134744,10
3702,88.7,47.646965625665324,10
3703,88.4,47.76144423649222,10
3704,88.2,47.72327640796586,10
3705,88.3,47.69125240078683,10
3706,88.4,47.91242010168136,10
3707,88.3,47.77970280359642,10
3708,88.2,47.63472123007195,10
3709,88.2,47.5670287302268,10
3710,88.1,47.327347039294075,10
3711,88.1,47.5147930181281,10
3712,88.0,47.686476070265456,10
3713,88.0,47.537119998773356,10
3714,88.3,47.61897380946661,10
3715,88.6,47.84279813444583,10
3716,88.7,47.67261035204363,10
3717,88.6,47.4229199157257,10
3718,88.6,47.490817825952185,10
3719,88.7,47.71221599921298,10
3720,88.6,47.8590523191683,10
3721,88.8,47.69066994706617,10
3722,88.9,47.29681690017721,10
3723,89.0,47.19934086168765,10
3724,89.0,47.1310230456897,10
3725,89.0,47.286361670147556,10
3726,88.6,47.31971635117391,10
3727,88.5,47.444119176610755,10
3728,88.6,47.32441230485593,10
3729,88.7,47.50216369341039,10
3730,88.7,47.51853439565567,10
3731,88.8,47.5179498248352,10
3732,88.8,47.630055870450356,10
3733,88.8,47.62772301926684,10
3734,89.0,47.656176001764045,10
3735,89.0,47.72374205314956,10
3736,89.1,47.517131413604695,10
3737,89.1,47.58722984629851,10
3738,89.4,48.24520701582696,10
3739,89.1,48.03112416848984,10
3740,89.3,48.02788541855427,10
3741,89.4,47.898503804050776,10
3742,89.5,47.93108478731614,10
3743,89.4,48.16683967673657,10
3744,89.2,48.27881983276357,10
3745,88.7,48.06257495298303,10
3746,88.6,48.180678469463025,10
3747,88.5,48.123106023336994,10
3748,88.6,48.256720890577625,10
3749,88.6,48.18759637546206,10
3750,88.8,48.281121224207986,10
3751,88.6,48.46121014676469,10
3752,88.6,48.27743894523726,10
3753,89.1,48.054251748530135,10
3754,88.8,47.87437263876735,10
3755,88.9,48.040376536594486,10
3756,89.0,48.037022759071526,10
3757,89.0,47.798186855430686,10
3758,89.2,47.8674094649887,10
3759,89.3,47.812248546905955,10
3760,89.2,47.769818458473914,10
3761,89.1,47.96167451436847,10
3762,89.1,47.95704096144567,10
3763,89.3,47.6376368478165,10
3764,89.1,47.86891823859542,10
3765,89.1,47.75504627203752,10
3766,88.9,47.866597028733,10
3767,89.1,47.8480232959872,10
3768,89.2,47.73258844856415,10
3769,89.0,47.82607378128936,10
3770,88.9,47.666550116407635,10
3771,88.9,48.137419032506415,10
3772,88.5,47.8034168932166,10
3773,88.6,48.189902123439374,10
3774,88.6,48.272835701527484,10
3775,88.7,48.10878875585578,10
3776,88.7,48.03713841047015,10
3777,88.7,48.3943293280433,10
3778,88.6,48.568851472248475,10
3779,88.5,48.39478851648755,10
3780,88.8,48.51757986086647,10
3781,88.8,48.606812508353414,10
3782,89.2,48.83714433365926,10
3783,89.1,48.86364247122348,10
3784,89.1,48.57857323736235,10
3785,89.2,48.73693557138045,10
3786,88.7,48.72610525512308,10
3787,88.7,48.90819063419859,10
3788,88.5,49.4441323335967,10
3789,88.5,49.46659928117602,10
3790,88.6,49.22330071554866,10
3791,88.3,49.06016714199005,10
3792,88.5,49.25500538580374,10
3793,88.6,49.60779508639073,10
3794,88.5,49.98499774932475,10
3795,88.6,49.92483238718873,10
3796,88.4,49.605555244459374,10
3797,88.2,49.54190145725131,10
3798,88.0,49.2927761216365,10
3799,87.9,49.01349020649542,10
3800,88.2,48.74833330484233,10
3801,88.1,49.07013121826533,10
3802,88.2,49.059600940534,10
3803,88.3,48.762576725280724,10
3804,88.2,48.52673947881152,10
3805,88.6,48.229082973289515,10
3806,88.3,48.1203352717608,10
3807,88.3,48.175720025755716,10
3808,88.2,48.10128203419669,10
3809,88.2,47.92540500031737,10
3810,88.1,48.181254999567344,10
3811,87.8,48.11513968250188,10
3812,87.9,48.33551719204235,10
3813,87.9,48.33551719204235,10
3814,87.7,47.94221058269587,10
3815,87.7,47.62597330588986,10
3816,88.0,47.579173782000225,10
3817,88.3,47.87495285753409,10
3818,88.1,47.87356032067991,10
3819,88.1,47.73177371753769,10
3820,88.1,47.78295837546176,10
3821,88.1,47.11086215867137,10
3822,87.8,47.27414139299036,10
3823,87.8,47.30233726900936,10
3824,88.0,47.239343301485,10
3825,88.2,47.274141392990366,10
3826,88.4,47.40651619532675,10
3827,88.2,47.53665252553373,10
3828,88.3,47.925984601257795,10
3829,88.4,47.600653590284054,10
3830,88.3,47.672610352043634,10
3831,88.3,47.6376368478165,10
3832,88.4,47.62632325370778,10
3833,88.8,47.844191566653805,10
3834,88.7,47.87031091048675,10
3835,89.1,47.8247959860898,10
3836,89.0,48.004629406385845,10
3837,89.1,48.317123718661534,10
3838,89.2,48.55649630413353,10
3839,89.1,48.49845358359378,10
3840,89.0,48.40110191583108,10
3841,89.2,48.69816332379601,10
3842,89.3,48.8240605530602,10
3843,89.2,48.762007068345056,10
3844,88.9,48.96132260377687,10
3845,89.0,48.82394676567819,10
3846,89.0,48.678080853250115,10
3847,88.8,48.95530841719029,10
3848,88.6,48.93805608453746,10
3849,88.5,49.07194265112759,10
3850,88.6,48.57571409665534,10
3851,88.7,48.88546705196637,10
3852,88.9,48.797654770604616,10
3853,88.5,48.84954224737196,10
3854,88.6,48.85852592491464,10
3855,88.6,48.6922307286628,10
3856,88.5,48.676368895891244,10
3857,88.5,49.21664126875967,10
3858,88.5,49.21664126875967,10
3859,88.6,49.31125632145261,10
3860,88.6,49.31125632145261,10
3861,88.7,49.159717022962795,10
3862,88.7,49.30415803966233,10
3863,88.8,49.35314917341479,10
3864,88.8,49.56656579232058,10
3865,89.0,49.58270307722688,10
3866,88.8,49.629292425609556,10
3867,88.6,49.54055577672365,10
3868,89.1,49.77605403761487,10
3869,89.1,49.57250582059911,10
3870,89.1,49.561297624479344,10
3871,89.5,49.36991886654148,10
3872,89.6,49.538312894611636,10
3873,89.5,49.66610737940132,10
3874,89.7,49.93340008896294,10
3875,89.7,50.11996718984472,10
3876,89.7,50.02899159487427,10
3877,89.7,49.60745911654819,10
3878,89.8,49.712059793262334,10
3879,89.9,49.478278062196146,10
3880,89.6,49.506901875731764,10
3881,89.9,49.632986343089755,10
3882,89.9,49.923163183258154,10
3883,89.9,49.700100603519914,10
3884,90.3,49.663422712853325,10
3885,90.3,49.46839619617986,10
3886,90.4,49.63690383396433,10
3887,90.4,49.55176866447633,10
3888,90.2,49.64272353527756,10
3889,89.8,49.32612559959141,10
3890,89.8,49.70088306839002,10
3891,90.3,49.611938527379124,10
3892,90.0,49.821905044089014,10
3893,90.2,49.66062603086854,10
3894,90.4,49.71965853105232,10
3895,90.4,49.45525474833005,10
3896,90.7,49.53124715212049,10
3897,90.9,49.23966332586409,10
3898,90.9,49.514195495388556,10
3899,90.8,49.54190145725131,10
3900,91.1,49.94541464883883,10
3901,91.2,49.992888383137945,10
3902,91.0,50.17081931871465,10
3903,91.1,50.24042197275019,10
3904,91.2,50.40017636653446,10
3905,91.2,50.46627036392173,10
3906,91.0,50.47991899975892,10
3907,91.0,50.416046828145674,10
3908,90.8,50.44204595374775,10
3909,90.6,50.495764398830744,10
3910,90.5,50.8707512558379,10
3911,90.5,51.34902357613261,10
3912,90.4,51.46994808192015,10
3913,90.6,51.638056594810855,10
3914,90.5,51.76281376518175,10
3915,90.6,51.80776432586571,10
3916,90.7,52.332377910599256,10
3917,90.8,52.38065800783084,10
3918,90.9,52.464697125252194,10
3919,91.1,52.49222164600517,10
3920,91.5,52.66086465931476,10
3921,91.4,52.60587208456654,10
3922,91.4,52.6691982513921,10
3923,91.2,52.77794152021384,10
3924,91.1,52.530308711574634,10
3925,91.1,52.42232348913963,10
3926,91.0,52.5251262624745,10
3927,91.2,52.60291500161057,10
3928,91.4,52.64598750142313,10
3929,91.5,52.7114788257738,10
3930,91.3,52.944520228463894,10
3931,91.2,52.996435938865005,10
3932,91.6,52.88814191816116,10
3933,91.5,53.01414905475707,10
3934,91.6,53.022427120773884,10
3935,91.7,53.427105064335606,10
3936,91.8,53.29748795414491,10
3937,91.8,53.29748795414491,10
3938,91.8,52.97127103964521,10
3939,92.0,52.702519442200824,10
3940,92.2,52.42306532222031,10
3941,92.3,52.23036579530255,10
3942,92.3,52.23036579530255,10
3943,92.1,51.900438876328934,10
3944,92.2,51.881917209499235,10
3945,92.3,51.47178299266934,10
3946,92.9,51.65150315119375,10
3947,93.1,51.3018301601198,10
3948,93.1,51.595542443121964,10
3949,92.9,51.46401115774444,10
3950,93.4,51.6423598737832,10
3951,93.1,51.94323825099856,10
3952,92.9,52.07355908285467,10
3953,93.0,52.21323799787006,10
3954,93.3,52.26439195730366,10
3955,93.3,52.372702813584105,10
3956,93.1,52.39052077109625,10
3957,93.1,52.00737127241356,10
3958,93.0,52.17491947499509,10
3959,93.0,52.436204625769356,10
3960,93.0,52.702519442200824,10
3961,93.1,52.616959665534125,10
3962,93.3,52.88572586246689,10
3963,93.2,52.83685582368933,10
3964,93.4,52.76825645109841,10
3965,93.4,52.76825645109841,10
3966,93.3,52.88572586246689,10
3967,93.2,52.94819270863842,10
3968,93.5,53.252542975273336,10
3969,93.4,53.1459207172939,10
3970,93.1,53.09205841429268,10
3971,93.2,53.11789821812523,10
3972,93.1,53.20077275963407,10
3973,92.8,53.053013318964474,10
3974,92.7,53.18113700677462,10
3975,92.9,52.890767940476465,10
3976,92.9,52.76457144713676,10
3977,92.9,52.72243882404867,10
3978,93.3,52.715272929199564,10
3979,93.2,52.69155530063617,10
3980,93.0,52.69408568963567,10
3981,93.1,52.507036565482245,10
3982,93.3,52.85840624830749,10
3983,93.1,52.78562514759319,10
3984,93.3,52.898330156379544,10
3985,93.4,52.923844657520235,10
3986,93.6,52.87553519561028,10
3987,93.5,53.0162448898658,10
3988,93.6,52.92804339646212,10
3989,93.3,53.02001718428826,10
3990,93.6,53.043378474603216,10
3991,93.6,52.841902564789116,10
3992,93.7,52.70473307862292,10
3993,93.9,52.80246206380911,10
3994,93.5,52.955431995006684,10
3995,93.5,53.24210948321096,10
3996,93.5,53.003668636132055,10
3997,93.4,52.98679080676617,10
3998,93.2,53.24743081960752,10
3999,93.5,53.106287554090784,10
4000,93.8,52.93769923221069,10
4001,93.5,52.95123542782863,10
4002,93.4,53.40037453052179,10
4003,93.1,53.127624118197154,10
4004,93.0,53.422841556772326,10
4005,93.1,53.38632783775262,10
4006,92.9,54.023554533596226,10
4007,92.9,54.050285228972974,10
4008,92.8,54.161897225919915,10
4009,93.0,54.516052681756044,10
4010,92.8,54.32167564098557,10
4011,92.7,53.837306354939,10
4012,92.7,54.13573475790069,10
4013,92.9,53.9618177768112,10
4014,92.7,54.2792164030887,10
4015,92.5,54.207932998777956,10
4016,92.7,54.16446149357426,10
4017,92.7,54.33036801724141,10
4018,92.6,54.28361733627477,10
4019,92.5,54.39822301019277,10
4020,92.4,54.62233975215636,10
4021,92.6,54.38586417647716,10
4022,92.5,54.29190649729581,10
4023,92.6,54.48180124286151,10
4024,92.2,54.584898196397795,10
4025,92.4,54.646744337304,10
4026,92.5,54.839665287899855,10
4027,92.6,55.029688956659264,10
4028,92.4,55.05593115692037,10
4029,92.6,54.87197220196604,10
4030,92.7,54.814941191045506,10
4031,92.5,54.85789723356965,10
4032,92.3,54.93238267785831,10
4033,92.4,55.094262657537925,10
4034,92.1,55.08266514975469,10
4035,91.9,55.18745831758839,10
4036,92.0,55.005050273184516,10
4037,92.1,55.346283625109926,10
4038,92.1,55.322187632490134,10
4039,92.1,55.324196032718504,10
4040,92.0,55.32931712332381,10
4041,92.1,55.07257837516679,10
4042,91.9,54.94937063637156,10
4043,91.9,54.866403401555516,10
4044,91.8,54.976358555291746,10
4045,91.8,55.12168357370809,10
4046,91.6,55.08821208853225,10
4047,91.8,55.20426714585668,10
4048,91.8,55.23847290511287,10
4049,91.6,55.0337270327125,10
4050,91.6,54.72395372331125,10
4051,91.7,54.575228405894514,10
4052,91.1,54.50066258516701,10
4053,91.0,54.1828181047994,10
4054,90.8,54.28484543999775,10
4055,90.7,54.53856943077583,10
4056,91.1,54.56178964155125,10
4057,90.9,54.56789858108479,10
4058,91.0,54.516052681756044,10
4059,91.1,54.679774851198665,10
4060,91.2,55.10353890631708,10
4061,91.1,55.05239928165408,10
4062,91.2,55.21634218638939,10
4063,91.3,55.45178085508165,10
4064,91.1,55.414498704460605,10
4065,91.0,54.9241901776136,10
4066,91.0,54.61379557096052,10
4067,90.9,54.67774278036316,10
4068,90.8,54.48302487931447,10
4069,90.6,54.09292416244887,10
4070,90.4,54.020983577371744,10
4071,90.3,53.88887743413395,10
4072,90.1,53.827811894348194,10
4073,90.0,53.932056021133356,10
4074,89.9,54.13245073172119,10
4075,89.8,54.170102455136636,10
4076,89.6,54.41650076544389,10
4077,89.6,54.50626875262453,10
4078,89.6,54.42058434085397,10
4079,89.7,54.23416307498849,10
4080,89.7,53.97540592199789,10
4081,89.7,54.04329540079674,10
4082,89.7,54.10699277049748,10
4083,89.5,54.25096005294898,10
4084,89.5,54.03342586872603,10
4085,89.6,53.647408552924944,10
4086,89.5,53.52102390649865,10
4087,89.8,53.69833434205488,10
4088,89.8,53.93782428768228,10
4089,89.8,53.69626512979175,10
4090,90.0,53.756653334985224,10
4091,90.2,53.7479715379515,10
4092,90.2,53.63829477776738,10
4093,90.0,53.54956167472854,10
4094,90.1,53.43833413903876,10
4095,90.1,53.263391638994314,10
4096,90.1,53.309265402721294,10
4097,90.2,52.93560028730928,10
4098,90.2,52.82844351714751,10
4099,90.0,52.706735812417755,10
4100,90.1,52.56625449003487,10
4101,90.0,52.35774377619163,10
4102,90.4,52.43027115448988,10
4103,90.1,52.318363039291576,10
4104,89.8,52.45908458556588,10
4105,89.7,52.3175135324895,10
4106,89.6,52.44722214866209,10
4107,89.7,52.47655561190052,10
4108,89.7,52.4469043679203,10
4109,89.9,52.7961488494505,10
4110,90.3,52.92772850259536,10
4111,90.1,52.93906350177008,10
4112,90.1,52.962145810842,10
4113,89.9,52.72033130902472,10
4114,90.3,52.49349166007789,10
4115,90.1,52.05648641406542,10
4116,90.1,52.231216719505966,10
4117,90.2,52.31698258373343,10
4118,90.2,52.31698258373343,10
4119,90.0,52.21749387577564,10
4120,90.2,52.27661469954271,10
4121,90.5,52.094465476990294,10
4122,90.6,52.073025646681984,10
4123,90.5,52.15841255253078,10
4124,90.6,52.22855753533906,10
4125,90.7,52.23674738895769,10
4126,90.6,52.48322483316826,10
4127,90.8,52.37005081363033,10
4128,90.7,52.25801373952133,10
4129,90.9,52.06502344824851,10
4130,90.7,51.96376942960675,10
4131,90.7,51.8610322560848,10
4132,90.5,52.207385599272364,10
4133,90.5,52.03898111565556,10
4134,90.6,51.79918489277178,10
4135,91.0,51.82449013524183,10
4136,91.2,51.716749919365796,10
4137,91.4,52.05381830375174,10
4138,91.5,52.19674319342156,10
4139,91.8,52.076439543766384,10
4140,91.8,51.84764004058215,10
4141,92.1,51.782558196108205,10
4142,92.0,51.83306537980044,10
4143,92.2,51.61567376076552,10
4144,92.2,51.35021367476911,10
4145,91.8,51.24841460962476,10
4146,91.9,51.5524544086463,10
4147,91.7,51.300963820272315,10
4148,91.7,51.59037377909436,10
4149,91.6,51.87634871071359,10
4150,91.4,52.24557397521823,10
4151,91.0,52.24089500679627,10
4152,90.9,52.20355458310393,10
4153,90.9,52.122611855764355,10
4154,91.1,51.90257968326601,10
4155,91.0,52.26853738148792,10
4156,91.1,51.92826248243287,10
4157,91.1,51.92826248243287,10
4158,91.1,51.67731073154296,10
4159,91.3,51.74091439298519,10
4160,91.1,51.75465625858648,10
4161,91.1,51.739625905961944,10
4162,90.8,52.00598256183823,10
4163,90.9,52.27374526896312,10
4164,90.8,52.32972386703373,10
4165,90.7,52.61611497968617,10
4166,90.6,52.42179360194044,10
4167,90.7,52.6667721517931,10
4168,91.0,52.60122516528383,10
4169,90.9,52.3374732969706,10
4170,91.0,52.453153702454664,10
4171,90.9,52.54511289253157,10
4172,90.8,52.95448779638774,10
4173,90.8,52.95448779638774,10
4174,90.7,53.05144253981747,10
4175,90.7,53.162330021673554,10
4176,91.0,53.337499837252295,10
4177,91.2,53.43698261607883,10
4178,91.2,53.60928609444035,10
4179,91.4,53.547901712184554,10
4180,91.7,53.84968791821257,10
4181,91.7,53.84556104679795,10
4182,91.8,54.034556844054286,10
4183,91.8,54.03250050766771,10
4184,91.9,53.98034621765386,10
4185,92.0,54.016458397212396,10
4186,92.0,54.385455572034864,10
4187,91.9,54.44967095094944,10
4188,92.2,54.54620874899454,10
4189,91.9,54.42313641988835,10
4190,91.9,54.29640872101948,10
4191,91.4,54.340899268721465,10
4192,91.4,54.420584340853964,10
4193,91.5,54.205883239532014,10
4194,91.8,54.17215356825149,10
4195,91.9,54.63708549246667,10
4196,91.7,54.42027808332724,10
4197,91.5,54.62040725671028,10
4198,91.4,54.873997080179564,10
4199,91.6,54.50423021299458,10
4200,91.4,54.43691557920762,10
4201,91.5,54.10945696764414,10
4202,91.6,54.068269602214734,10
4203,91.5,54.207932998777956,10
4204,91.2,54.223406180152296,10
4205,91.3,54.00010288056043,10
4206,91.4,54.15861478615896,10
4207,91.3,54.301729049614785,10
4208,91.1,54.50677837561938,10
4209,91.0,54.39975490140864,10
4210,90.9,54.417011229128626,10
4211,91.2,54.57268343940746,10
4212,91.0,54.38136935875497,10
4213,91.0,54.33435581859991,10
4214,91.3,54.56708409532863,10
4215,91.1,54.376158991479585,10
4216,91.4,54.170922909702114,10
4217,91.5,53.99845676807193,10
4218,91.4,53.66604554505991,10
4219,91.4,53.825231588499044,10
4220,91.4,53.51884403335582,10
4221,91.6,53.63912336676986,10
4222,91.5,53.84391020966685,10
4223,91.5,53.82120606435926,10
4224,91.2,53.45777149613827,10
4225,91.4,53.684676067239565,10
4226,91.7,54.00627535553417,10
4227,91.7,53.915674900718805,10
4228,91.5,53.554230043532094,10
4229,91.7,53.79807927178565,10
4230,91.5,53.88516596532956,10
4231,91.5,53.66407861254429,10
4232,91.7,53.66987568045557,10
4233,91.7,53.46244788010865,10
4234,91.8,53.19523788210119,10
4235,91.5,52.88194398847304,10
4236,91.1,53.131806753477605,10
4237,91.5,53.43168015741639,10
4238,91.4,53.53129925566911,10
4239,91.4,53.55412630642428,10
4240,91.6,53.67846661164771,10
4241,91.5,53.746834532111954,10
4242,91.4,53.71778104129022,10
4243,91.2,53.84504516563143,10
4244,91.0,53.79797600488537,10
4245,91.2,53.94606359854051,10
4246,91.4,54.05182698114838,10
4247,91.3,54.3283228773599,10
4248,91.4,54.0086412839032,10
4249,91.3,54.13573475790071,10
4250,91.3,54.510039849962,10
4251,91.3,54.74191974874263,10
4252,91.5,55.094363494725016,10
4253,91.5,55.390031192946225,10
4254,91.4,55.45007764747594,10
4255,91.2,54.976358555291746,10
4256,91.4,54.946842998989084,10
4257,91.3,54.65660476506426,10
4258,91.3,54.4835347197257,10
4259,91.5,54.37983694961457,10
4260,91.0,54.30776494511014,10
4261,91.2,54.37891748340221,10
4262,91.2,54.209060333326406,10
4263,91.1,54.33732091706808,10
4264,91.3,54.56097506460089,10
4265,91.1,54.54549579123019,10
4266,91.2,54.71095766744436,10
4267,91.3,54.7622132496487,10
4268,91.4,54.764546520130665,10
4269,91.2,54.77590711252531,10
4270,91.5,54.86194795423631,10
4271,91.6,54.94279853730707,10
4272,91.3,54.84736395975046,10
4273,91.2,54.85901121156952,10
4274,90.8,54.76576383918049,10
4275,90.9,54.858302319096,10
4276,90.9,54.91700809200896,10
4277,90.9,54.490468075720464,10
4278,90.9,54.490468075720464,10
4279,91.1,54.35572135888222,10
4280,91.1,54.67164611468077,10
4281,91.4,54.338854525202414,10
4282,91.9,54.3536771729588,10
4283,92.1,54.838044377157644,10
4284,92.0,54.97474167490214,10
4285,92.1,54.85425132921686,10
4286,92.0,54.84726266845249,10
4287,91.8,54.603215208548946,10
4288,91.9,54.953414614360206,10
4289,92.0,54.88978856662584,10
4290,91.8,54.771850028600966,10
4291,91.9,54.590292177272694,10
4292,92.0,54.68292441175967,10
4293,92.2,54.68861348072782,10
4294,92.2,54.45038516341684,10
4295,92.0,54.80673113567145,10
4296,91.8,54.90557551125589,10
4297,91.9,55.028174601743785,10
4298,91.9,54.84412254542667,10
4299,91.9,54.90891447560121,10
4300,92.0,54.668699149208464,10
4301,92.0,54.668699149208464,10
4302,92.0,54.644304369257,10
4303,92.2,54.7677926441363,10
4304,92.2,54.81443443311463,10
4305,92.0,54.930258813638716,10
4306,92.0,54.89990892524322,10
4307,91.9,54.9655447631615,10
4308,92.4,55.04180229607312,10
4309,92.1,54.90284348029911,10
4310,92.0,54.644304369257,10
4311,91.8,54.70080235040229,10
4312,92.1,54.77925398055971,10
4313,92.1,55.09073323971001,10
4314,92.2,55.113620014576355,10
4315,92.1,55.37438236425055,10
4316,92.2,55.69320724588712,10
4317,92.2,55.719136947930394,10
4318,92.0,55.67564797806828,10
4319,92.2,55.711159863472,10
4320,92.2,55.51736465087097,10
4321,91.9,55.53867521326418,10
4322,92.0,55.80720781802692,10
4323,91.8,56.05711373233552,10
4324,92.1,56.0108124482328,10
4325,91.8,56.42655009439754,10
4326,91.8,56.560292314190406,10
4327,92.0,56.18422079789544,10
4328,92.1,56.179177637270556,10
4329,92.1,55.909549969372655,10
4330,92.1,55.909549969372655,10
4331,92.1,56.08020050685347,10
4332,92.2,56.243123036411205,10
4333,92.1,56.23848030189531,10
4334,92.0,56.19608527290847,10
4335,91.9,55.97509366772967,10
4336,92.0,55.868894148115494,10
4337,91.7,56.00803513782643,10
4338,91.9,56.13366983272062,10
4339,91.7,56.318637136288096,10
4340,91.7,56.16651829851818,10
4341,91.9,56.10991197838598,10
4342,92.0,56.13673782233283,10
4343,92.0,56.16839759944099,10
4344,92.3,56.43098045892483,10
4345,92.6,56.279461420466504,10
4346,92.6,56.21822559356431,10
4347,92.5,56.06791516643999,10
4348,92.4,56.016267478494335,10
4349,92.4,56.016267478494335,10
4350,92.8,56.14821655424348,10
4351,93.0,56.10704055642215,10
4352,93.0,56.64705542999467,10
4353,92.9,56.50653846139303,10
4354,93.2,56.333925046202054,10
4355,93.0,56.62743740155179,10
4356,92.9,56.66558822503203,10
4357,92.9,56.765502043250024,10
4358,93.0,56.356011214421486,10
4359,93.2,56.59760497484756,10
4360,92.7,56.5706048521079,10
4361,92.8,56.5858246874211,10
4362,92.6,56.69646275464537,10
4363,92.5,56.90586769198566,10
4364,92.4,56.88624125783355,10
4365,92.1,56.73417547357736,10
4366,92.1,57.09533937002019,10
4367,91.7,56.92890302825095,10
4368,91.8,57.04734875522262,10
4369,91.9,56.939441514647825,10
4370,92.0,57.21887800367987,10
4371,92.0,57.70422668901974,10
4372,92.1,57.7955207799205,10
4373,92.3,57.88311978077508,10
4374,92.6,57.714238566694554,10
4375,92.6,57.461484685154296,10
4376,92.4,57.45761723024875,10
4377,92.0,57.47269883267282,10
4378,92.0,57.63101017102974,10
4379,92.3,57.49212506460728,10
4380,92.2,57.51096513805964,10
4381,92.1,57.36714119501589,10
4382,92.0,57.39725119240855,10
4383,91.9,57.47936827921631,10
4384,91.6,57.471152183798544,10
4385,91.5,57.623779813545724,10
4386,91.5,57.725884815893274,10
4387,91.3,57.94451368910319,10
4388,91.5,58.132511462080224,10
4389,91.6,58.21263703965928,10
4390,91.6,58.35561479221839,10
4391,91.8,58.37579407025941,10
4392,91.7,58.61939383287184,10
4393,91.8,58.371987193249545,10
4394,91.8,58.740105549785994,10
4395,91.7,58.545423960089884,10
4396,91.6,58.53621860770381,10
4397,91.7,58.48086106677219,10
4398,91.7,58.613707156830365,10
4399,91.4,58.74842787494639,10
4400,91.2,58.685224337609505,10
4401,91.1,58.905668468983336,10
4402,91.2,58.985497275931216,10
4403,91.2,59.136001443001426,10
4404,91.2,58.97796198581297,10
4405,91.0,58.90859209166539,10
4406,90.8,58.81571974301504,10
4407,91.0,58.643934989997994,10
4408,91.1,58.94715147203185,10
4409,91.2,58.766581584358896,10
4410,91.4,58.86745941331066,10
4411,91.2,59.06267857115862,10
4412,91.1,59.22921576384412,10
4413,91.2,59.212986563572166,10
4414,91.2,59.30298849505347,10
4415,90.9,58.999905837966296,10
4416,90.8,59.2673790733336,10
4417,90.8,59.16230030837017,10
4418,90.7,59.48305080721175,10
4419,90.7,59.175914770190836,10
4420,90.6,59.38986071338739,10
4421,90.5,59.65316420777694,10
4422,90.5,60.07634032351394,10
4423,90.4,59.97814416750303,10
4424,89.9,60.006388548775924,10
4425,89.6,59.98184910639404,10
4426,89.7,59.833194057405215,10
4427,89.9,59.739155222238175,10
4428,90.1,59.620000372731,10
4429,90.5,59.77411182480627,10
4430,90.6,59.74241002466803,10
4431,90.6,59.47212232074229,10
4432,90.7,59.5129304343929,10
4433,90.8,59.433997005081196,10
4434,90.9,59.2967115445705,10
4435,90.7,59.0330415953642,10
4436,90.9,58.777263177751536,10
4437,90.9,59.03003002239152,10
4438,90.9,58.939611279493334,10
4439,91.2,58.66060574752589,10
4440,91.4,58.67083318537983,10
4441,91.4,58.57037552286043,10
4442,91.4,58.43172654189389,10
4443,91.6,58.37465203322415,10
4444,91.4,58.577963243678745,10
4445,91.4,58.60072051130809,10
4446,91.7,58.78595826291249,10
4447,91.5,58.59323055325305,10
4448,91.5,58.31571162407454,10
4449,91.4,58.36513418890502,10
4450,91.6,58.38036199499509,10
4451,91.7,58.3629448651568,10
4452,91.8,58.762800024051494,10
4453,91.7,58.88227426163346,10
4454,91.8,58.71550997062966,10
4455,91.8,58.71929457644698,10
4456,91.8,58.295797447157376,10
4457,91.6,57.93904843310195,10
4458,91.5,57.8547030643721,10
4459,91.6,57.87956845420018,10
4460,91.4,58.042513154870655,10
4461,91.1,57.78590754769809,10
4462,91.1,57.77244633521724,10
4463,90.9,57.42134717255519,10
4464,90.9,57.72049510837165,10
4465,91.3,57.75436491440856,10
4466,91.2,57.811571313862224,10
4467,91.0,57.83693552662616,10
4468,90.9,57.908836401134266,10
4469,91.1,57.908836401134266,10
4470,91.1,58.065958663881155,10
4471,91.2,57.83078764810315,10
4472,91.4,57.496280072907524,10
4473,91.5,57.64498629060852,10
4474,91.4,57.78350398974895,10
4475,91.3,57.619537581545295,10
4476,91.5,57.60449442341958,10
4477,91.6,57.61211292389436,10
4478,91.5,57.967902996207975,10
4479,91.5,58.03686567844423,10
4480,91.4,58.02911146810519,10
4481,91.5,58.01963269254449,10
4482,91.3,57.94834864869845,10
4483,91.6,57.62946777088572,10
4484,91.8,57.77311947033269,10
4485,91.9,57.72242006168641,10
4486,92.0,57.90797296861058,10
4487,92.2,57.786580526008706,10
4488,92.3,57.769753716321524,10
4489,92.1,57.95486749761979,10
4490,92.3,58.04796866959831,10
4491,92.1,58.01810062385704,10
4492,92.2,58.18132575549192,10
4493,92.3,58.011588880537005,10
4494,92.4,57.59668200320031,10
4495,92.3,57.73512314392726,10
4496,92.2,57.83270893034687,10
4497,92.1,57.558569204670896,10
4498,91.7,57.30241414344309,10
4499,91.7,57.474728746158036,10
4500,91.7,57.474728746158036,10
4501,91.9,57.737817377829195,10
4502,91.6,57.92370460835145,10
4503,91.7,57.802441317147,10
4504,91.5,57.98706752371601,10
4505,91.6,57.64296237279196,10
4506,91.6,57.18430243033874,10
4507,91.6,57.49241495865152,10
4508,91.4,57.50594172199368,10
4509,91.0,57.45916424344819,10
4510,91.1,57.778215810305376,10
4511,90.9,58.07743872528203,10
4512,91.0,58.11865258054232,10
4513,91.5,58.33476188726962,10
4514,91.7,58.36484862959516,10
4515,91.5,58.57805808396937,10
4516,91.5,58.67282164682384,10
4517,91.9,58.52720165302057,10
4518,92.1,58.58981709023051,10
4519,92.0,58.33047612050191,10
4520,92.1,58.205478932638094,10
4521,92.2,58.32247517990909,10
4522,92.2,58.44237427681315,10
4523,92.1,58.407476690346186,10
4524,91.8,58.33009514821658,10
4525,91.8,58.12973995010357,10
4526,92.0,58.067011097332866,10
4527,91.8,58.1985108629651,10
4528,91.9,58.37512788470407,10
4529,92.1,58.173017800351396,10
4530,92.2,58.3472364384124,10
4531,92.0,58.499762582614146,10
4532,91.8,58.43286746344047,10
4533,92.0,58.391399671146395,10
4534,92.0,58.14732247585534,10
4535,91.8,58.497483326683,10
4536,91.7,58.6838043150654,10
4537,91.5,58.822236913904895,10
4538,91.4,58.801360528477566,10
4539,91.3,58.704627869813926,10
4540,91.1,58.79994331063027,10
4541,90.8,58.51647441343145,10
4542,91.0,58.604133339248726,10
4543,90.8,58.75712722725645,10
4544,90.8,58.46138326565096,10
4545,90.5,58.36903669279153,10
4546,90.8,58.41194702760348,10
4547,90.9,58.58412754321771,10
4548,91.1,58.80750141114841,10
4549,91.1,58.88302905855907,10
4550,91.3,58.494159252584076,10
4551,91.4,58.64810312363052,10
4552,91.5,59.20820138385485,10
4553,91.7,59.43446437510441,10
4554,91.7,59.41202646677598,10
4555,91.9,59.551005215883826,10
4556,91.8,59.678397357093225,10
4557,91.8,59.82530122503911,10
4558,91.5,59.77411182480627,10
4559,91.4,59.50387475712074,10
4560,91.6,59.47212232074229,10
4561,91.5,59.18567769692634,10
4562,91.2,59.3441937626027,10
4563,90.9,59.511810219111595,10
4564,90.9,59.34353844822161,10
4565,90.7,59.15901358955277,10
4566,90.7,59.15901358955277,10
4567,90.7,59.15901358955277,10
4568,90.6,58.65757505310897,10
4569,90.7,58.83508023846545,10
4570,90.3,58.83696872620894,10
4571,90.5,58.70122088452108,10
4572,90.6,58.86745941331066,10
4573,90.7,59.01798219375365,10
4574,91.2,59.33857654735802,10
4575,91.0,59.27525247146195,10
4576,91.2,59.45455781051983,10
4577,91.3,59.372739723059965,10
4578,91.5,59.401178439488895,10
4579,91.8,59.342321416600406,10
4580,91.6,59.33370786398646,10
4581,91.6,59.234374404657224,10
4582,91.8,59.166056334880246,10
4583,91.8,59.31422913414434,10
4584,92.0,59.443717544880684,10
4585,92.0,59.299615887832225,10
4586,92.0,59.329587896765304,10
4587,92.0,59.37826014441462,10
4588,92.2,59.56285195768696,10
4589,92.2,59.56285195768696,10
4590,92.3,59.6714150810736,10
4591,92.4,59.73124996366828,10
4592,92.6,60.079946737659476,10
4593,92.6,59.861321216439734,10
4594,92.2,59.89954553713706,10
4595,92.1,59.705666956049214,10
4596,92.1,59.872920979910994,10
4597,92.3,59.83505104312466,10
4598,92.5,60.181669412981,10
4599,92.8,60.20483553853646,10
4600,92.9,60.05821250161288,10
4601,93.3,60.295660429807604,10
4602,93.4,60.64505109423375,10
4603,93.0,60.635523141692005,10
4604,93.2,60.925820105728214,10
4605,92.7,60.64477627041663,10
4606,92.7,60.80031067172088,10
4607,93.0,60.73073539997867,10
4608,92.9,60.56484128601346,10
4609,92.8,60.37438750551981,10
4610,92.7,60.164681407690416,10
4611,92.8,60.214062587848474,10
4612,92.8,60.2029899589713,10
4613,92.7,60.28275965075844,10
4614,92.9,59.9563730279498,10
4615,93.1,59.75403287180242,10
4616,93.2,59.71376167462015,10
4617,93.1,59.8525038926712,10
4618,93.2,59.78814449556218,10
4619,92.7,59.49985994381276,10
4620,93.0,59.2452529743945,10
4621,92.9,59.429603547203456,10
4622,92.8,59.055153129181804,10
4623,93.1,59.07894906159234,10
4624,93.3,59.2021959052196,10
4625,93.4,59.17056325197146,10
4626,93.5,59.13121003328107,10
4627,93.4,59.436614229876106,10
4628,93.8,59.37975711937154,10
4629,93.7,59.658379312735455,10
4630,93.7,59.273471675315626,10
4631,93.7,59.48118283214542,10
4632,93.8,59.26925378680285,10
4633,94.3,59.213455678024175,10
4634,94.5,58.946774485311934,10
4635,94.2,58.75901822037382,10
4636,94.2,58.72875502398009,10
4637,94.1,58.88680289806499,10
4638,94.2,58.8799154588765,10
4639,94.3,58.79162827780461,10
4640,94.2,58.56392518721174,10
4641,94.3,58.6819108982203,10
4642,94.3,58.77650702260026,10
4643,94.5,58.77499468311333,10
4644,94.6,58.99378498339182,10
4645,94.8,59.12096826751816,10
4646,94.8,59.31422913414435,10
4647,94.8,59.419039223318165,10
4648,94.9,59.30795337333209,10
4649,94.8,59.72306459354246,10
4650,94.7,59.9148469821036,10
4651,94.7,59.6546542842868,10
4652,94.8,59.407818415498895,10
4653,94.7,59.252848032816104,10
4654,94.4,59.48333099841221,10
4655,94.1,59.3472830043634,10
4656,94.4,59.447829602471145,10
4657,94.6,59.091642575090276,10
4658,94.9,58.642892910299786,10
4659,95.6,58.61967815219277,10
4660,95.4,58.4678449140114,10
4661,95.4,58.829697715807896,10
4662,95.7,58.88793500275663,10
4663,95.6,58.927827797135784,10
4664,95.8,58.810052050837555,10
4665,95.6,59.20247742563932,10
4666,96.0,59.157041470610714,10
4667,96.2,59.019394175888394,10
4668,96.3,59.046215421105146,10
4669,96.5,59.19694061163784,10
4670,96.6,59.19684676286962,10
4671,96.3,59.38958008120804,10
4672,96.0,59.652698551234415,10
4673,95.8,59.88655942696992,10
4674,95.7,60.05377220088306,10
4675,95.9,59.7912107996559,10
4676,96.1,59.776342403254404,10
4677,96.2,60.17529947301191,10
4678,96.2,60.15683206789105,10
4679,96.3,60.21267862059175,10
4680,96.5,59.822422403495345,10
4681,96.3,59.57450983618936,10
4682,96.1,59.56592985927442,10
4683,95.9,59.774483593661344,10
4684,96.1,59.93413051008582,10
4685,95.6,60.04664853262004,10
4686,95.8,60.13281596229762,10
4687,96.1,59.7856355843293,10
4688,96.1,59.741015131054546,10
4689,96.1,59.4314731434448,10
4690,96.2,59.34793827739745,10
4691,96.4,59.62326167976165,10
4692,96.6,59.38986071338739,10
4693,96.5,59.279469933152704,10
4694,96.7,59.091360526636116,10
4695,96.8,59.11532984110148,10
4696,96.8,59.03821737748449,10
4697,96.8,58.885576426754206,10
4698,96.8,58.99679840654255,10
4699,96.6,58.94291023241613,10
4700,96.8,59.092770755444825,10
4701,96.8,59.51059662876109,10
4702,96.8,59.7695574686646,10
4703,96.8,59.6858442178713,10
4704,96.7,59.48118283214542,10
4705,96.8,59.62997009334596,10
4706,96.7,59.68072460090351,10
4707,96.9,59.68519265464611,10
4708,96.9,59.47632582240881,10
4709,96.9,59.711249638014884,10
4710,97.0,59.9462722406953,10
4711,97.0,59.764352065238505,10
4712,96.7,59.61366360901575,10
4713,96.6,59.69217331908392,10
4714,96.6,59.55613598390457,10
4715,96.5,59.42922962089727,10
4716,96.7,59.39145093735667,10
4717,96.4,59.31872479336615,10
4718,96.4,59.367405947109475,10
4719,96.6,59.41230699293053,10
4720,97.0,59.29399444950372,10
4721,97.0,59.30523679331456,10
4722,96.7,59.28846618206801,10
4723,96.5,59.44979207514336,10
4724,96.4,59.48519890602106,10
4725,96.4,59.58411421399723,10
4726,96.4,59.65679620406491,10
4727,96.2,59.34981044620109,10
4728,96.0,59.45866911841648,10
4729,96.1,59.452034821732084,10
4730,96.2,59.41342908430345,10
4731,96.1,59.5099431467829,10
4732,96.2,59.67094956695613,10
4733,96.2,59.67467357821631,10
4734,96.2,59.873570500216914,10
4735,96.0,60.04257748557361,10
4736,95.8,60.01259127142496,10
4737,96.0,59.89991652748775,10
4738,96.2,59.995925787599205,10
4739,96.2,60.15313790651324,10
4740,96.4,60.1206194985455,10
4741,96.0,60.140576060500855,10
4742,96.2,60.053309650676205,10
4743,96.3,60.26063760403174,10
4744,96.4,60.6047302884299,10
4745,96.4,60.65604302586475,10
4746,96.4,60.60289688712175,10
4747,96.3,60.63744717581702,10
4748,96.4,60.580891743555945,10
4749,96.4,60.31436165808457,10
4750,96.4,60.3438296578679,10
4751,96.6,60.25169430536096,10
4752,96.7,60.10925238448921,10
4753,96.9,59.858072879845444,10
4754,97.0,60.064779844579284,10
4755,97.2,60.08105635999865,10
4756,97.1,60.03785842653321,10
4757,97.5,59.76853501448549,10
4758,97.7,59.866610987353475,10
4759,97.5,60.009721434669785,10
4760,97.6,59.679142084986445,10
4761,97.5,59.49089566199745,10
4762,97.7,59.46436841597758,10
4763,98.0,59.473616933150375,10
4764,98.2,59.689567299859405,10
4765,98.4,59.541208885574,10
4766,98.3,59.477446706013424,10
4767,98.4,59.68286558506088,10
4768,98.6,60.02258834064981,10
4769,98.8,59.977403152261346,10
4770,99.0,60.44464869246537,10
4771,98.8,60.50123965672108,10
4772,98.5,60.48002425043606,10
4773,98.6,60.48544361157392,10
4774,98.6,60.32173000761094,10
4775,98.8,60.250956654461326,10
4776,99.0,60.76914421718384,10
4777,98.9,60.79738663974153,10
4778,99.0,60.71060679797046,10
4779,99.1,60.98351325472228,10
4780,98.9,60.70227892482018,10
4781,98.9,60.83392693774311,10
4782,99.0,60.77280093375106,10
4783,99.0,60.88057526374438,10
4784,98.8,60.49940311918604,10
4785,99.1,60.46936781912347,10
4786,99.3,60.38404866629376,10
4787,99.4,60.37328327441976,10
4788,99.5,60.593820733727554,10
4789,99.4,60.22587114816651,10
4790,99.3,60.35275930357746,10
4791,99.1,60.506106211595615,10
4792,99.2,60.81995286636341,10
4793,99.3,60.685070468590354,10
4794,99.6,60.69816032357708,10
4795,99.8,60.796198711578825,10
4796,99.9,60.91059021221187,10
4797,99.6,60.59372904847498,10
4798,99.6,60.49830116990431,10
4799,99.5,60.573646635039786,10
4800,99.8,60.33941037534626,10
4801,99.5,60.68726756449366,10
4802,99.6,60.82433723436697,10
4803,99.7,60.83136983132597,10
4804,99.8,60.57282118794424,10
4805,100.0,60.67399223170776,10
4806,100.2,60.76512157479815,10
4807,100.2,60.92764378980839,10
4808,100.3,60.75094878088554,10
4809,100.5,60.92299328751921,10
4810,100.8,60.86378233399564,10
4811,101.2,60.973218164480485,10
4812,101.4,61.184965473554044,10
4813,101.5,61.19776684378824,10
4814,101.5,60.977682620593065,10
4815,101.5,60.683605693795094,10
4816,101.7,60.49251560684549,10
4817,101.8,60.23251244598348,10
4818,102.0,60.602530200204235,10
4819,101.9,60.603355242648625,10
4820,102.0,61.07554520609883,10
4821,102.2,61.135187176544335,10
4822,102.2,61.006010632833004,10
4823,102.4,60.911958322374325,10
4824,102.5,61.04506532063014,10
4825,102.4,60.890064871044444,10
4826,102.3,60.69422451015327,10
4827,102.2,60.53245226965266,10
4828,102.3,60.29566042980761,10
4829,102.4,60.220336173828265,10
4830,102.4,60.41008010073963,10
4831,102.3,60.42819430254943,10
4832,102.8,60.55080511438308,10
4833,102.8,60.15313790651324,10
4834,102.9,60.20603513491539,10
4835,103.2,59.969992496247656,10
4836,103.1,59.69077725150586,10
4837,103.0,59.86837414046102,10
4838,103.0,59.81638571495272,10
4839,103.0,59.81638571495272,10
4840,103.5,59.68295866958638,10
4841,103.6,59.77401888223121,10
4842,103.9,59.74101513105455,10
4843,103.9,59.772624726263004,10
4844,104.0,59.62288896798685,10
4845,104.1,59.62745452669712,10
4846,103.9,59.815364061232444,10
4847,103.7,60.01305413546845,10
4848,103.6,60.22956084847374,10
4849,103.3,60.26063760403174,10
4850,103.1,60.48406585392737,10
4851,103.6,60.39536406049723,10
4852,103.8,60.58199219056581,10
4853,103.8,60.64615037704829,10
4854,104.0,60.60803027102377,10
4855,103.8,60.62416093348335,10
4856,104.3,60.73631533110977,10
4857,104.5,60.55897034204668,10
4858,104.7,60.53474667953568,10
4859,104.8,60.46266065377319,10
4860,104.6,60.51115599622933,10
4861,104.6,60.46155803483732,10
4862,104.3,60.52740426176119,10
4863,104.3,60.63378229630373,10
4864,104.4,60.525843883235346,10
4865,104.4,60.88094027599186,10
4866,104.2,60.745004367071665,10
4867,104.5,60.71655457945551,10
4868,104.4,60.895538971805365,10
4869,104.5,60.624985681556154,10
4870,104.4,60.696329744428894,10
4871,104.3,60.75826418411463,10
4872,104.3,60.67225249009816,10
4873,103.8,60.267551615921626,10
4874,103.6,60.14648784426236,10
4875,103.5,60.14842752170112,10
4876,103.7,60.26063760403174,10
4877,103.8,60.26939521846889,10
4878,103.9,60.27981051360029,10
4879,104.1,60.12292962478348,10
4880,104.0,60.249481325568276,10
4881,104.2,59.8680029546483,10
4882,104.2,60.02555011548555,10
4883,104.2,60.13281596229763,10
4884,104.5,59.87254982228686,10
4885,104.7,59.615527432969266,10
4886,104.8,59.49939308747424,10
4887,104.9,59.66098669426557,10
4888,104.8,59.65791369689914,10
4889,104.6,59.613943186323645,10
4890,104.5,59.8985253018247,10
4891,104.7,60.220059411757106,10
4892,104.7,60.16283459634084,10
4893,104.8,60.72305072119557,10
4894,104.5,60.413850509078905,10
4895,104.8,60.379908358106455,10
4896,104.9,60.71326049554578,10
4897,104.6,60.6908376756968,10
4898,104.9,60.487739804580784,10
4899,104.9,60.471205268844,10
4900,105.0,60.52180506965146,10
4901,105.1,60.66199615721344,10
4902,105.2,60.790715665396725,10
4903,105.3,61.035599812277134,10
4904,105.1,60.90876601752639,10
4905,104.8,60.81447196186118,10
4906,104.8,61.02604180001991,10
4907,104.6,61.061353480650006,10
4908,104.3,60.929923318149314,10
4909,104.2,61.17515835696709,10
4910,104.1,60.74070573621394,10
4911,104.2,60.86925879840058,10
4912,104.2,60.83273972313118,10
4913,104.4,60.709142639309285,10
4914,104.2,60.90575597684599,10
4915,103.9,60.98897896797056,10
4916,103.8,61.04788648630225,10
4917,103.8,60.9531696377546,10
4918,104.0,60.78742560029263,10
4919,104.1,60.56667583929485,10
4920,104.1,60.16172648231875,10
4921,104.1,60.443637658014374,10
4922,104.1,60.65283725158014,10
4923,104.1,60.59968830136194,10
4924,104.3,60.620953473201,10
4925,104.3,60.543923449564005,10
4926,104.4,60.67985204698875,10
4927,104.3,60.45025503116867,10
4928,104.4,60.17234506906899,10
4929,104.5,60.366013248810425,10
4930,104.3,60.34907713553796,10
4931,104.2,60.28967112569485,10
4932,104.3,60.16283459634084,10
4933,104.3,60.66858971311083,10
4934,104.2,60.5452998451022,10
4935,104.1,60.4748800007996,10
4936,104.1,60.370062485013584,10
4937,104.1,60.178346050164365,10
4938,104.2,60.26939521846888,10
4939,104.4,60.10583258812002,10
4940,104.8,59.79929393860395,10
4941,105.1,59.889620692292475,10
4942,105.0,60.19043851716723,10
4943,104.9,60.540987034496816,10
4944,105.0,60.39499611354864,10
4945,105.1,60.35901847372199,10
4946,105.0,60.39315634517982,10
4947,104.8,60.713901025858796,10
4948,104.9,60.70593966912226,10
4949,105.1,60.50794254567834,10
4950,105.1,60.55933729271923,10
4951,104.9,60.31850646544743,10
4952,105.4,60.61572953175328,10
4953,105.3,60.600788407045954,10
4954,105.1,60.81017824162151,10
4955,105.4,61.186781433755954,10
4956,105.3,61.48540928997347,10
4957,105.5,61.743645646963365,10
4958,105.6,61.64269804463642,10
4959,105.8,61.7985976108412,10
4960,105.4,61.819090902406515,10
4961,105.2,61.79500159577813,10
4962,105.2,61.6545934127287,10
4963,105.0,61.84209282070299,10
4964,105.1,61.903957870236376,10
4965,105.3,61.41670058795988,10
4966,105.3,61.47998771054601,10
4967,105.4,61.243049492257576,10
4968,105.2,61.00418929148317,10
4969,105.6,61.25212014471191,10
4970,105.8,61.35651735734536,10
4971,106.0,61.00455356410336,10
4972,106.3,61.349726070202536,10
4973,106.8,61.64017448962253,10
4974,107.2,61.64377953658873,10
4975,107.2,61.90279117742232,10
4976,107.6,61.75974956771333,10
4977,107.8,61.56081004448637,10
4978,108.1,61.632332784379045,10
4979,108.0,61.80255298574288,10
4980,108.3,61.39498712797686,10
4981,108.5,61.12509940914434,10
4982,108.6,61.28476337738625,10
4983,108.6,61.40430676173202,10
4984,108.2,61.44157116046649,10
4985,108.1,61.7242073888177,10
4986,107.9,61.55476333224658,10
4987,108.1,61.513232542094364,10
4988,108.1,61.48251784043981,10
4989,107.9,61.281590492849745,10
4990,107.9,60.97258035835088,10
4991,108.3,60.90073891177348,10
4992,108.3,61.15381336342722,10
4993,108.6,61.3391301608434,10
4994,108.8,61.300353451944574,10
4995,108.4,61.4151628038404,10
4996,108.1,61.62692413043001,10
4997,108.2,61.663603527526675,10
4998,108.0,61.872629023035884,10
4999,108.2,61.66900896452502,10
5000,108.4,61.77773780973927,10
