t,cum_regret_mean,cum_regret_sd,n_runs
1,0.0,0.0,10
2,0.0641829733837378,0.1500127624821994,10
3,0.07106632368649318,0.15120365311740178,10
4,0.07692266790060745,0.14991216434581628,10
5,0.08463748763325549,0.14800334238796195,10
6,0.15133321258110205,0.3088685516729602,10
7,0.16501740822098548,0.3062546264201763,10
8,0.24252282065767608,0.3088743178618372,10
9,0.3498199574921061,0.3307923875913391,10
10,0.46520765835478245,0.4447457258627985,10
11,0.5419037968426845,0.45313875057235997,10
12,0.6220810225444863,0.535817154431581,10
13,0.7827908607991019,0.5084692176188316,10
14,0.8591428316151279,0.53368047262029,10
15,0.9714965161480397,0.7010630408502684,10
16,1.0917855718641405,0.81318043448638,10
17,1.202366275918061,0.8593628776026936,10
18,1.2688583682982197,0.8726092619119669,10
19,1.4030568560716952,0.892394530435984,10
20,1.4091853394995324,0.8885349458210189,10
21,1.5202108398812417,0.950388490391357,10
22,1.5939486589474026,1.0178007182124165,10
23,1.6989791806477565,1.0766433105026398,10
24,1.8013784211069432,1.0924803083505001,10
25,1.8365181565896969,1.101465936044756,10
26,1.889989041357703,1.0658856617808972,10
27,1.9462480875124395,1.142741201327798,10
28,2.1481860886086777,1.099855158773775,10
29,2.160718597370427,1.0965521591768939,10
30,2.2156730104889126,1.0884103617984158,10
31,2.365984304558972,1.1224921398347472,10
32,2.512119452411153,1.3345838833362698,10
33,2.5668537717527924,1.3322268957184724,10
34,2.6346459948125664,1.3707598233035292,10
35,2.701293308106038,1.41053786140392,10
36,2.828314979651926,1.3713884935139715,10
37,2.9580067448250813,1.3949725158236985,10
38,3.019933315624147,1.3629020527663063,10
39,3.0404855261751758,1.3634847628869649,10
40,3.0970760135794344,1.3480216937685074,10
41,3.167217741323438,1.337301808517498,10
42,3.2231652201276795,1.4178587422915332,10
43,3.272481274974786,1.455302716572177,10
44,3.385531683097001,1.4477472090839822,10
45,3.4927996675687716,1.4736394307099858,10
46,3.4980604087976017,1.4738745455073468,10
47,3.5659689388588935,1.4649293511330737,10
48,3.5850765353580534,1.4533589328162233,10
49,3.653477700631522,1.411778627137366,10
50,3.718589496980686,1.458432465787333,10
51,3.8337037010404478,1.537669431850847,10
52,3.9482653330453927,1.5673206379333742,10
53,4.1404183439987134,1.5236690995705526,10
54,4.192899350312146,1.5588475078394757,10
55,4.205305132731044,1.572157976157431,10
56,4.262012326357929,1.6178331119281344,10
57,4.3633264717430285,1.656422903282535,10
58,4.470337942035316,1.5998904245806824,10
59,4.516838949887221,1.6300899056819933,10
60,4.5810022386082725,1.6784650913886872,10
61,4.838416458151443,1.5834402854063059,10
62,4.939752140022246,1.5688045420513077,10
63,4.950387130313537,1.564889711046601,10
64,4.958186589549822,1.5654333420341493,10
65,5.058883165966981,1.5774612362079605,10
66,5.124766182997584,1.6452124462459825,10
67,5.129887952325818,1.642987699005332,10
68,5.139282367485813,1.643184813613967,10
69,5.260635257410135,1.7403259707748922,10
70,5.267126375741017,1.7456495109034298,10
71,5.275117726672298,1.7489786155676386,10
72,5.372928776190276,1.7152185929570674,10
73,5.426615410207221,1.7297798849193264,10
74,5.579319075381003,1.8031896396128808,10
75,5.637313854356817,1.7554814045733027,10
76,5.765649256335209,1.8199846118489653,10
77,5.951032915474648,1.8582747162616198,10
78,5.9596458721987045,1.8588248001476133,10
79,5.974383144370824,1.8620160186078734,10
80,5.979018921690738,1.8620541285069379,10
81,5.997232344823192,1.8677687380210355,10
82,6.048980681874405,1.8985415593440913,10
83,6.072463783208626,1.8931996604831605,10
84,6.093502038801796,1.896051500137395,10
85,6.148898579018782,1.9387714626938024,10
86,6.2079309170336,1.9905422221368188,10
87,6.259699696263518,1.9996681846182989,10
88,6.351470596707136,2.0528503491246206,10
89,6.508706556457848,1.9608232857737793,10
90,6.616070634651973,1.9162031173538927,10
91,6.669670952685441,1.9514107658865667,10
92,6.722037132790428,1.9728677673375299,10
93,6.739018512251316,1.9705031478757868,10
94,6.7965177779726345,1.9522664643252456,10
95,6.851795860402494,1.9635933147052265,10
96,7.005124489893227,2.0501555050430893,10
97,7.021286073174307,2.0419799173394373,10
98,7.0834744622348325,2.0349233732385463,10
99,7.100633455907444,2.044376046232968,10
100,7.1103142179701395,2.0468697093737496,10
101,7.210682127533741,2.108364871010358,10
102,7.2217694840654785,2.1062095024414167,10
103,7.276995155662879,2.145688706553364,10
104,7.2843922798355525,2.1433316471349277,10
105,7.413226488740539,2.16912290384301,10
106,7.436260215006373,2.138279207821592,10
107,7.5462337479333526,2.1616229428445806,10
108,7.709557084659329,2.183170798555308,10
109,7.763626658779553,2.216596786992156,10
110,7.7730433055550066,2.2199586994137763,10
111,7.8423653488949085,2.155529322890298,10
112,7.9534890758496415,2.229727262597459,10
113,8.00356472991735,2.2806484923882824,10
114,8.060484226766757,2.2730301456229585,10
115,8.206295382621757,2.281003150970828,10
116,8.23400574292447,2.3064119107636523,10
117,8.247290585399035,2.3075420355256147,10
118,8.353040050633002,2.1655569557424696,10
119,8.407934589355524,2.21889444035587,10
120,8.508802126057763,2.2309509384797828,10
121,8.563056304556001,2.1954896203857768,10
122,8.61957540369994,2.213459797437591,10
123,8.672939849353664,2.2410894990588117,10
124,8.757674302483412,2.2548277593835477,10
125,8.76664477122911,2.2558252468395974,10
126,8.87319836484275,2.2623370140668797,10
127,8.900595663399567,2.2764001286276487,10
128,8.909369374023232,2.277887401007581,10
129,8.927827078143274,2.2875565257791424,10
130,8.99449862087668,2.345764715180961,10
131,9.004271410184742,2.3552398086402113,10
132,9.15605871108231,2.335812798157991,10
133,9.172943591249837,2.3446277942178058,10
134,9.23154391349598,2.3885669147806166,10
135,9.237215505883492,2.391014980646318,10
136,9.299942151828104,2.3701579242816995,10
137,9.372840394880669,2.2499402530476265,10
138,9.47696632058597,2.2587514102903046,10
139,9.61749224847478,2.147466637080965,10
140,9.672377631001662,2.1644857249577254,10
141,9.779050012800102,2.1761989888656434,10
142,9.831505429321323,2.186214231182618,10
143,10.012668517839767,2.2931126097241954,10
144,10.11442251612795,2.367178764232488,10
145,10.225384454088386,2.3772428802760044,10
146,10.290489150183985,2.396789928224699,10
147,10.347429461887433,2.425287829995287,10
148,10.361793138782176,2.4074796235311617,10
149,10.374620600394325,2.4125605877950216,10
150,10.425330519611565,2.4444945575095733,10
151,10.430017126454342,2.4439848352810434,10
152,10.533040992234707,2.4328920932078444,10
153,10.635021832466368,2.4466986359018494,10
154,10.73910650318157,2.5138376986645015,10
155,10.841369310334079,2.5255424073771193,10
156,10.898544293698656,2.5581332810678177,10
157,10.91748205889669,2.566521992753627,10
158,10.973031745130505,2.5382462568837716,10
159,10.982561091425094,2.533439530559175,10
160,11.053492619466182,2.513799671294205,10
161,11.073401083587557,2.5094236413150717,10
162,11.140034586140457,2.551311407071743,10
163,11.215370546271691,2.544122831369868,10
164,11.22909262485023,2.5428662728823586,10
165,11.281600999423977,2.5742983917788296,10
166,11.291566403317981,2.568686881011753,10
167,11.35509518603936,2.609763764919276,10
168,11.358947874598876,2.610165617041239,10
169,11.386281949685179,2.612664234806576,10
170,11.397743205285213,2.6168445175254904,10
171,11.40269763535814,2.617519050417393,10
172,11.418502042691355,2.6070072433892526,10
173,11.469446841013468,2.632915995626015,10
174,11.49761317374983,2.6529956445038545,10
175,11.511922629398246,2.6505418325670327,10
176,11.527458231398906,2.654740471616376,10
177,11.548392524293103,2.66399186043707,10
178,11.606020424318462,2.543945200158106,10
179,11.620586875572759,2.5520381947212742,10
180,11.68604344060315,2.542902710841974,10
181,11.806592579664667,2.6245783858481353,10
182,11.824550717876551,2.600499591713193,10
183,11.911584704521323,2.472148511320615,10
184,11.989389822846942,2.4801275205904143,10
185,12.045717862642373,2.5284297226211665,10
186,12.07208239915349,2.5421406432179605,10
187,12.17352096560947,2.6162832426796743,10
188,12.328899901769674,2.647270942100927,10
189,12.433918048357576,2.7307323553385277,10
190,12.484532524770634,2.7656771163774985,10
191,12.582724524645254,2.8544971217690915,10
192,12.636947516642824,2.8927041698809237,10
193,12.642922293108422,2.892170486556812,10
194,12.712859449643087,2.944621730465566,10
195,12.814502019905643,2.8992720549550066,10
196,12.826956380477274,2.891964615272206,10
197,12.839578726350064,2.8990208940819713,10
198,12.908445090872977,2.923080260804742,10
199,12.940489720582448,2.9075244669923523,10
200,12.996946481315799,2.8639909843963154,10
201,13.015701492262759,2.8590806287723844,10
202,13.021047737244606,2.8562661495552946,10
203,13.056975851469304,2.8759709424452327,10
204,13.069923767473057,2.882014460709635,10
205,13.098079205643675,2.889328870452694,10
206,13.1988395544327,2.943354383592429,10
207,13.252723088179355,2.98924568118414,10
208,13.284167034927375,2.9748115616692394,10
209,13.295366776850537,2.9743875464772307,10
210,13.35730733807507,3.0378651914750554,10
211,13.367047447973032,3.0357337151748554,10
212,13.389870864819619,3.0238289616739094,10
213,13.481459413792944,3.0425220173413723,10
214,13.53196816571293,3.025117211704053,10
215,13.593824720363315,3.0184800810809373,10
216,13.659068796321497,2.9751715039665587,10
217,13.721930799120788,2.978164506087421,10
218,13.82026715028484,3.011501460367541,10
219,13.88520670493836,3.0932048243628403,10
220,14.084948250520887,3.212990025439418,10
221,14.114986403185233,3.230553362816741,10
222,14.131175394598305,3.234643534986487,10
223,14.141012036346666,3.2311440786110404,10
224,14.149465405356844,3.2350369874762053,10
225,14.163923204306396,3.225524325654318,10
226,14.237698601817092,3.262795254232641,10
227,14.24191703554437,3.2618695194916563,10
228,14.296692593197042,3.2150107086933253,10
229,14.30570920465156,3.215163192662671,10
230,14.410597333562283,3.255697491306506,10
231,14.429535898553942,3.2552042320980217,10
232,14.497615408081899,3.2655697393511756,10
233,14.550119833538403,3.2958271844276723,10
234,14.615399915303064,3.3757766250606207,10
235,14.77143069844943,3.3703470152617765,10
236,14.826186497165576,3.3763562997100944,10
237,14.899238147472374,3.3536193702778676,10
238,14.915752326993251,3.3560560632463026,10
239,14.98137301947503,3.4092695570005946,10
240,14.98878688488198,3.4135786669886166,10
241,15.041046494530775,3.446764042351341,10
242,15.114873138716476,3.425118462050557,10
243,15.175527990491045,3.449336107016581,10
244,15.185848496807912,3.447599210179424,10
245,15.28651746977162,3.544947076728087,10
246,15.294672505694976,3.5454210052421558,10
247,15.301087469429609,3.5448685850836417,10
248,15.317614240831807,3.52841503660217,10
249,15.373379585614705,3.4205393630952456,10
250,15.493154384235993,3.345755063535726,10
251,15.657925973727348,3.2866443719012643,10
252,15.682558378390604,3.3063061970988215,10
253,15.691557426262822,3.306460237414399,10
254,15.792221684841653,3.2880781301290845,10
255,15.898931456289608,3.3073075171179815,10
256,15.905195291211504,3.304807524429414,10
257,16.0151922583805,3.3284728469388165,10
258,16.137487296535213,3.4490759327184928,10
259,16.191578036244927,3.5385897446502366,10
260,16.20659902355033,3.5368016344973734,10
261,16.21874336253563,3.53143359339625,10
262,16.238476570439516,3.5293500271295626,10
263,16.30201179317624,3.545332182530374,10
264,16.42360792140086,3.5695685600992264,10
265,16.504471703571415,3.582366618034221,10
266,16.65522492154251,3.7290719314618164,10
267,16.664712997056125,3.7275918554397136,10
268,16.73784625865521,3.715481653893348,10
269,16.74575156443583,3.7115601961288114,10
270,16.763633612255774,3.7166142744176205,10
271,16.867334047386912,3.63299404685307,10
272,17.011148916740588,3.7097322219684052,10
273,17.116513420496677,3.782148719568266,10
274,17.182418144132047,3.8720412729151406,10
275,17.200234591779413,3.8716567560935338,10
276,17.20995761214023,3.8590953803037764,10
277,17.223805605159413,3.8636410056799,10
278,17.324225926880864,3.8632929930814206,10
279,17.47890747482458,3.980832893181003,10
280,17.6355249226713,3.8637910937813764,10
281,17.6952895019868,3.892945467901087,10
282,17.81068716862785,3.924186399300178,10
283,17.83263052030741,3.913593758777393,10
284,17.855752798204108,3.9106437377444987,10
285,17.9146634070583,4.003228223103056,10
286,17.97449227238106,4.091983324226645,10
287,18.028807293563318,4.092703588302057,10
288,18.145055488233474,4.084104966109791,10
289,18.159551426483777,4.080071368412711,10
290,18.214366282175174,4.1756644581101465,10
291,18.227622677008476,4.176639977815911,10
292,18.259472353962728,4.161384075779423,10
293,18.359151338698315,4.2822590156814995,10
294,18.379063736367847,4.26847851249763,10
295,18.430603670910283,4.238004662125083,10
296,18.44553564162143,4.242087339294249,10
297,18.54840091628473,4.281194885602956,10
298,18.648380919948895,4.390388832666795,10
299,18.752460860135958,4.51775612217879,10
300,18.85111585048647,4.545504734433841,10
301,18.916365614442263,4.5408661838749005,10
302,18.98065816139545,4.570716708080111,10
303,19.026328594370145,4.58486439870502,10
304,19.12465209500747,4.554534464556704,10
305,19.2563441641407,4.571275828744502,10
306,19.282191094715557,4.55507183148734,10
307,19.355189340912474,4.570025625393561,10
308,19.405720136888924,4.576197900806801,10
309,19.468168189839133,4.5332248149042815,10
310,19.57033618677429,4.593994969754329,10
311,19.579645107003078,4.588132582721926,10
312,19.601938400053548,4.590564945302651,10
313,19.65865960124355,4.604750105963165,10
314,19.720166643935098,4.51538389332597,10
315,19.781728318935095,4.521056776148183,10
316,19.78864949683206,4.5170772833532595,10
317,19.900401767583897,4.57241190689479,10
318,19.96741117997777,4.574170845452926,10
319,20.079044868312458,4.630767062722953,10
320,20.138634615184056,4.656750567011189,10
321,20.28966754206182,4.764172906226863,10
322,20.38462425024967,4.744113890122262,10
323,20.394751981309568,4.745706955570773,10
324,20.496956673615763,4.779534806207442,10
325,20.507719363134107,4.776548414594288,10
326,20.52176005287487,4.7638816820594,10
327,20.63801370132449,4.7465228498111545,10
328,20.646806763582738,4.750363714470488,10
329,20.666225643327564,4.752295809316088,10
330,20.679036371053847,4.7558812120954075,10
331,20.733664658341134,4.771252958653816,10
332,20.753282362803123,4.7646176849656685,10
333,20.862164926385233,4.712922084829366,10
334,21.018545624183243,4.621355953064245,10
335,21.022562915203416,4.62057166709782,10
336,21.076141114573822,4.6224624624582855,10
337,21.221151830953186,4.680243438910005,10
338,21.245350128966045,4.657556630746913,10
339,21.310791345208752,4.6783159245180865,10
340,21.410128215916153,4.721501517382907,10
341,21.5232877138508,4.774978534196177,10
342,21.579586380086027,4.808476874787582,10
343,21.689880495892925,4.872327821964183,10
344,21.822141631992732,4.893738995858331,10
345,21.838634972650855,4.89364684602528,10
346,21.85340106762793,4.904832578096771,10
347,21.964840383348264,4.928057024107012,10
348,22.113219602924737,4.968262448041661,10
349,22.174422186161014,4.87977627559477,10
350,22.231507431539722,4.964002592423426,10
351,22.243262815861165,4.957329892201154,10
352,22.344668544683923,4.895540643123144,10
353,22.4052521602811,4.839781272456816,10
354,22.413713745500672,4.8395621853111,10
355,22.533546099922553,4.938569182485952,10
356,22.543584125330746,4.9333151303013,10
357,22.60333264836338,4.9496914434056976,10
358,22.705688180012583,4.9074382082536365,10
359,22.766061287093628,4.9520949263046585,10
360,22.78055836958005,4.953815367271167,10
361,22.789139448199162,4.958831174193898,10
362,22.843897241731487,5.026394039777425,10
363,22.85143863008918,5.026700957500031,10
364,22.93283532320874,5.0353620724879065,10
365,23.033834513950882,5.084635193080496,10
366,23.088426641808198,5.102466656948521,10
367,23.198633677750834,5.128690032042336,10
368,23.397099169423758,5.077940656281013,10
369,23.413461788542687,5.065652076313301,10
370,23.475028570916283,5.092346188860994,10
371,23.578814611642663,5.2176188021596275,10
372,23.592240014478236,5.207471652366838,10
373,23.68904350881595,5.231662539609085,10
374,23.786888628056396,5.268931066633234,10
375,23.79490752583416,5.268566536460795,10
376,23.943800516105533,5.244273721851493,10
377,23.998175749505897,5.225753715416411,10
378,24.04813970807705,5.282074068983301,10
379,24.109854208025578,5.278990894240336,10
380,24.1261270171361,5.284198878088474,10
381,24.188147386186365,5.33957261986992,10
382,24.44117367561936,5.381118627469939,10
383,24.467856103193427,5.41009378129707,10
384,24.576303266239886,5.47531324767959,10
385,24.684298676131043,5.627026368098533,10
386,24.789432509487582,5.61878704788159,10
387,24.79489187201587,5.6184448584374955,10
388,24.896638593187042,5.584914278148915,10
389,25.09677105395963,5.537147598793942,10
390,25.212822487466855,5.548743525286908,10
391,25.27656480834127,5.532605316723782,10
392,25.289368568330204,5.541759027387661,10
393,25.30355910738253,5.530484404736764,10
394,25.415705147082413,5.597383460089566,10
395,25.5299415220929,5.686706139968954,10
396,25.533881886400497,5.6864281868482465,10
397,25.648785792538252,5.697431680840917,10
398,25.767868523446616,5.674889875844725,10
399,25.82082936447037,5.664385376314925,10
400,25.941799622520826,5.697661430043264,10
401,25.958710616468927,5.7078554265236905,10
402,26.06352684986433,5.7215235787006025,10
403,26.119398243973848,5.78997739484203,10
404,26.150951890998975,5.7741076905167965,10
405,26.162118440988927,5.773142760288385,10
406,26.263878309792837,5.8098668649364695,10
407,26.274107799312834,5.8074905768093235,10
408,26.29300771723191,5.815026663707247,10
409,26.36257320775287,5.844851539037497,10
410,26.42590650889101,5.849574674257629,10
411,26.434751874693994,5.845889764525626,10
412,26.501856415572355,5.788511842063964,10
413,26.557060799809154,5.791894969530828,10
414,26.66472384799883,5.730878280254153,10
415,26.722998035567787,5.796368967102836,10
416,26.876197362598152,5.748408887216237,10
417,26.932131217339986,5.832569363917531,10
418,27.055997203313087,5.914676777888394,10
419,27.113315122029444,5.945495077016157,10
420,27.180827305116985,5.958222141759978,10
421,27.24601244162711,5.9876570059028404,10
422,27.32532713144754,5.930630362657996,10
423,27.395696935365965,5.987719624003117,10
424,27.44770376005003,5.947672054107453,10
425,27.500223178540523,5.8857478143459705,10
426,27.564686439403054,5.87863804850146,10
427,27.574149737812075,5.878723336860079,10
428,27.60154412787968,5.894941999874216,10
429,27.665787478176732,5.962296679551233,10
430,27.67184894806464,5.966846028218473,10
431,27.783396169224442,5.950627640541989,10
432,27.889157919680173,5.905898009644546,10
433,27.953231334207896,5.83952939210742,10
434,27.978122074450358,5.837456251318971,10
435,28.084819842743293,5.9409742788962445,10
436,28.13887774504093,5.975982529047902,10
437,28.201515116308123,6.047018829901686,10
438,28.304091298754866,6.108612296402255,10
439,28.30985702131205,6.108106207620838,10
440,28.363527708877474,6.124562900798944,10
441,28.378484531922574,6.127428803719777,10
442,28.43093789187828,6.1625601310551446,10
443,28.482433999249643,6.203205923571745,10
444,28.4985732440554,6.221746597393188,10
445,28.5123693230928,6.219020275137771,10
446,28.52265977123411,6.213208278636391,10
447,28.66237907910704,6.150819320412709,10
448,28.7160974981878,6.1557633821788595,10
449,28.767033234687812,6.111667586536227,10
450,28.87815298906193,6.2204613844457075,10
451,28.975285310241503,6.342492817276323,10
452,28.99318251465267,6.334277181543345,10
453,29.010941700565798,6.339448303120231,10
454,29.032021046877027,6.3476530909977145,10
455,29.046023004874503,6.355239928914869,10
456,29.151777300054118,6.3072050002120745,10
457,29.166464070385434,6.318896966768927,10
458,29.22087999684797,6.363086204595864,10
459,29.241389023616097,6.377206591413713,10
460,29.261705124345667,6.381743858013043,10
461,29.317461666185807,6.45551789928479,10
462,29.370222760084676,6.464593352479412,10
463,29.375413262840425,6.4637053393463795,10
464,29.485121937224108,6.495843187669222,10
465,29.59379562917808,6.581783943016527,10
466,29.608866278257757,6.581287280539301,10
467,29.63060160219909,6.593107325529511,10
468,29.718972793667696,6.623932389334158,10
469,29.781792231322566,6.694873037743643,10
470,29.84348913260818,6.649228431198218,10
471,29.85008044384666,6.648114727019412,10
472,29.96859549500607,6.6243384568849315,10
473,30.081368538820858,6.536293300288871,10
474,30.13986198556494,6.536075589391577,10
475,30.247351938027624,6.443431333941197,10
476,30.430225405859346,6.343960023541133,10
477,30.484096276784744,6.314528539637078,10
478,30.491506613922162,6.31267596091964,10
479,30.49936914157871,6.309086667939864,10
480,30.611404971331172,6.316269917923188,10
481,30.762959684217794,6.357857854900182,10
482,30.812963687386844,6.3999792195248615,10
483,30.873064628049935,6.335311851442646,10
484,30.986513602876027,6.276980982134791,10
485,31.013413824198086,6.269456585901557,10
486,31.07259071873377,6.339887691241028,10
487,31.13676661365414,6.347696079328739,10
488,31.191314146829836,6.415495679131219,10
489,31.248845051179718,6.425170623803153,10
490,31.260353782830826,6.421132991034566,10
491,31.36794964360958,6.393587437420142,10
492,31.38152159370806,6.384253493211008,10
493,31.389913146268572,6.387147623702657,10
494,31.450345792534183,6.376421893303167,10
495,31.510484889932208,6.387620376179929,10
496,31.517678188840716,6.386652703931985,10
497,31.577904476495092,6.371324605958259,10
498,31.63069281052872,6.362577885416531,10
499,31.70490951636039,6.429165943936279,10
500,31.77824794890493,6.489197257841653,10
501,31.82905433543894,6.558121068833449,10
502,31.973995919790763,6.525320968022368,10
503,31.99496420051808,6.52310671604216,10
504,32.09949889767171,6.571843025937059,10
505,32.106011401415074,6.572318769365497,10
506,32.119214601059696,6.560029110105604,10
507,32.129068963095506,6.564596253022356,10
508,32.23703053742974,6.4500994008253585,10
509,32.335731859379806,6.506951380158321,10
510,32.40298559975718,6.503915558737095,10
511,32.45566538045655,6.462344371064222,10
512,32.5649346265896,6.464778326568027,10
513,32.5719826990055,6.463142627113831,10
514,32.62780775094292,6.5306817736650995,10
515,32.73037933276327,6.515498885056129,10
516,32.78862675166931,6.509026440819577,10
517,32.84184338147446,6.583254300935599,10
518,32.90393899549851,6.6060695258171895,10
519,33.02466434397776,6.616418226366268,10
520,33.12586382306803,6.574608840261767,10
521,33.231785425014394,6.666778948743234,10
522,33.244100764784136,6.654921176091853,10
523,33.258656579238654,6.660138894824533,10
524,33.33607968128661,6.706877913847203,10
525,33.35231080545382,6.703750918419845,10
526,33.420668414569874,6.672999663916005,10
527,33.47373475181295,6.651510906066459,10
528,33.517750860475076,6.648150067912002,10
529,33.52790599994751,6.656717080509946,10
530,33.59018685257307,6.590440399856838,10
531,33.605404860403766,6.589601060063949,10
532,33.71021039063884,6.7295001145067905,10
533,33.810321055321204,6.830768954714901,10
534,33.8167869050083,6.829873367233848,10
535,33.91600304905984,6.824668598875844,10
536,34.053338724761325,6.928708455648402,10
537,34.116955568916644,6.988171861910424,10
538,34.21443984816619,6.905864443719303,10
539,34.265866890193045,6.874935786344196,10
540,34.26802338922435,6.874119116643568,10
541,34.32159262236225,6.803525858683424,10
542,34.450402260650286,6.786834304421493,10
543,34.47276321425747,6.772822460188859,10
544,34.54106026203728,6.698424734099249,10
545,34.64357860358116,6.693421149743279,10
546,34.69692672620487,6.718884630917718,10
547,34.72304540610316,6.7126565546581105,10
548,34.77523340345196,6.645048670805745,10
549,34.830527708396005,6.715122501682321,10
550,34.84555792144444,6.719298943618251,10
551,34.85666590028073,6.71842867190424,10
552,34.869691343949306,6.704234698001839,10
553,34.92047953025569,6.741177626041725,10
554,34.97296443798031,6.665688025129057,10
555,35.07285054309473,6.679321851794208,10
556,35.12410748423578,6.668402201462972,10
557,35.135494079084914,6.672751886423162,10
558,35.14555110933712,6.673763835883064,10
559,35.150495283540224,6.672233109589626,10
560,35.15873639399262,6.674482529467619,10
561,35.16684946936893,6.675666517373146,10
562,35.22530885811543,6.746262477498402,10
563,35.28679934751428,6.8212426283600065,10
564,35.38970133449736,6.846380359949455,10
565,35.405097578709885,6.837594792557854,10
566,35.41858602914416,6.837523151565235,10
567,35.42493331434446,6.840476152351915,10
568,35.44354524775629,6.846059708399179,10
569,35.466221867334255,6.837131851724258,10
570,35.61215599371561,6.82161563570551,10
571,35.627504100851354,6.816876873511622,10
572,35.74924461632277,6.76120483929098,10
573,35.758282811317486,6.7648269496338695,10
574,35.777584333003105,6.7472771829536855,10
575,35.84022590192215,6.777638306688219,10
576,35.865616338739095,6.760372017695971,10
577,35.9067549670782,6.754726165950025,10
578,35.95909707119958,6.815876250900776,10
579,35.97194371443306,6.810748852177558,10
580,36.0397986245543,6.881245012380874,10
581,36.13668827101931,6.914612233049917,10
582,36.300533989369505,7.0869316839475145,10
583,36.351819607047574,7.1513072071845905,10
584,36.40595854785122,7.189907173942469,10
585,36.462747066949575,7.2168504924906856,10
586,36.535244836451554,7.216458892909433,10
587,36.553989732774724,7.227465750911137,10
588,36.61389863408359,7.176409161823956,10
589,36.64809344496042,7.173728845102803,10
590,36.71215700980354,7.176776085813658,10
591,36.76913540584383,7.257526598622626,10
592,36.77885785766483,7.254238097467211,10
593,36.805755611471746,7.2537580340982,10
594,36.860682890681105,7.245879638360856,10
595,36.97379263091953,7.289920509168937,10
596,36.984119241596005,7.299135902258156,10
597,37.045718863708935,7.385469091318128,10
598,37.056687989691675,7.381556751816906,10
599,37.059251579542334,7.380585721001621,10
600,37.064245612847216,7.378899468455662,10
601,37.07057623666405,7.379035039780417,10
602,37.180772609001465,7.352811892082295,10
603,37.28066734587576,7.406984080718081,10
604,37.28312155887357,7.408200731110481,10
605,37.29486409956501,7.413333581598552,10
606,37.316900433780646,7.41142621808543,10
607,37.36739669117732,7.435192634345501,10
608,37.483505735798666,7.505454093941645,10
609,37.552282592745044,7.571292399545576,10
610,37.60086729381992,7.564235512682222,10
611,37.61010474927913,7.564929003116419,10
612,37.670705009665774,7.506083277150458,10
613,37.77707916134493,7.625198395871635,10
614,37.7828312992779,7.625329129432956,10
615,37.79969509775414,7.621388762637332,10
616,37.85092155720911,7.617468985146547,10
617,37.91271724385079,7.56019454029302,10
618,38.01929948195116,7.4557952424014236,10
619,38.03051433197193,7.446703687784683,10
620,38.18113842788081,7.533532936840259,10
621,38.277639115884675,7.680177364219026,10
622,38.334058484917485,7.710267849816494,10
623,38.43416710143544,7.720991725059549,10
624,38.44457650640561,7.707403516222038,10
625,38.49996953227336,7.742877181075633,10
626,38.607353408084826,7.748048079417339,10
627,38.67200722781375,7.772764312904902,10
628,38.76180266935334,7.856267391719546,10
629,38.82353209770754,7.858875327348876,10
630,38.880058204488186,7.849089198809911,10
631,38.935625589162704,7.881144801999948,10
632,39.0051187818123,7.923947196382418,10
633,39.19913002941293,8.02719380462944,10
634,39.268724456336926,8.078806512034673,10
635,39.27664456864564,8.081640520556636,10
636,39.28046758577705,8.082829280724514,10
637,39.3013055136726,8.080151467022304,10
638,39.30829680766877,8.083140145619952,10
639,39.36792394398234,8.154579917255491,10
640,39.376978740182885,8.150105914997697,10
641,39.44265720987828,8.1186384401234,10
642,39.45373574767445,8.117483331173654,10
643,39.51491114486434,8.193241086465312,10
644,39.519869159893986,8.197626619422998,10
645,39.62725198333807,8.096895568146238,10
646,39.65131244741046,8.0828537319273,10
647,39.76040404014682,8.085758489440423,10
648,39.762955091296405,8.08496659606976,10
649,39.81913799881332,8.16961762734558,10
650,39.82547350698054,8.162026876423736,10
651,39.845140631121225,8.165962448103544,10
652,39.902325147013606,8.202506427209538,10
653,39.91021821292067,8.205035799385186,10
654,39.91329943196429,8.204383923209868,10
655,39.97117249829133,8.289841504648551,10
656,40.02216144117816,8.376723123010734,10
657,40.03877976999702,8.373345733661523,10
658,40.189249422961275,8.379143983406456,10
659,40.339347896717506,8.475072927188434,10
660,40.435878539440345,8.503612890690665,10
661,40.4914426796184,8.546941165200506,10
662,40.71307842270836,8.541072486689847,10
663,40.77000999341064,8.575872806146819,10
664,40.781959130874135,8.57260476734973,10
665,40.78502784183994,8.570846226913318,10
666,40.85144784130311,8.61207593893537,10
667,40.885613244936565,8.631265592296057,10
668,40.944301614087486,8.57378562429278,10
669,41.04819083335858,8.507279542680191,10
670,41.108462302298065,8.441862516482527,10
671,41.16546672144444,8.522210433598179,10
672,41.174681458426384,8.522312207832519,10
673,41.238654998430526,8.621070886942475,10
674,41.29435285592502,8.709810222668581,10
675,41.39665990697024,8.706440224734203,10
676,41.48397636118688,8.702103418533593,10
677,41.5382421433496,8.649266652647947,10
678,41.55120563937557,8.661400937389832,10
679,41.609031545098865,8.712033551043138,10
680,41.76019407351725,8.834177807769308,10
681,41.91117756716354,8.764686415839153,10
682,41.99451060590708,8.691442831118595,10
683,42.05565371592762,8.737625134678748,10
684,42.067735520781554,8.746223756889817,10
685,42.263871457818695,8.667654964170891,10
686,42.36550614711108,8.67776709988163,10
687,42.46510669397402,8.730091343622338,10
688,42.56847290932011,8.753553268689714,10
689,42.57324579155608,8.752876236900958,10
690,42.668106277243325,8.796123338458704,10
691,42.73126356166088,8.763876764876446,10
692,42.745924220621575,8.761860091520385,10
693,42.805835233576076,8.68931953882015,10
694,42.8125598050106,8.68627305822095,10
695,42.829164816729346,8.677411092825366,10
696,42.847975925383494,8.674960455661028,10
697,42.85643113189566,8.676550421060767,10
698,42.92431946916865,8.700106804247673,10
699,42.93168620239142,8.694804038093626,10
700,42.992562007084665,8.687888965451718,10
701,43.00656478778452,8.674075421969432,10
702,43.05848075,8.658831347926927,10
703,43.10838366221411,8.629701361557455,10
704,43.16598582310498,8.571718337748495,10
705,43.26283955097071,8.61334239398977,10
706,43.31453643123338,8.706117203993852,10
707,43.32703590360508,8.710986252619286,10
708,43.35841739470733,8.690805665048392,10
709,43.37125564522354,8.68064793420874,10
710,43.43081437087263,8.63994879587693,10
711,43.48409016803196,8.68532940224785,10
712,43.541243576436784,8.701584214680679,10
713,43.63973636440487,8.715340305592772,10
714,43.70531135093093,8.72288210680573,10
715,43.76350983529842,8.770154572313544,10
716,43.78084353291915,8.75080164544882,10
717,43.79773837519482,8.76455581507956,10
718,43.80659795820065,8.761715756322486,10
719,43.86518183540232,8.85919723206246,10
720,43.87920624056061,8.86376947783245,10
721,43.94188977841588,8.91352976751925,10
722,43.99553003777798,9.009981764783149,10
723,44.06082052272828,9.061348479354862,10
724,44.12046038947096,9.052734414938941,10
725,44.12594143585876,9.050141869576027,10
726,44.17864122047422,9.045025752144992,10
727,44.19815228379752,9.04220764436227,10
728,44.20766852873838,9.036670627986027,10
729,44.3481438572461,9.173638217131476,10
730,44.4477547567534,9.13133302011207,10
731,44.49756511243719,9.156664434360973,10
732,44.58743816824614,9.11126359994125,10
733,44.60326788925826,9.135120674559747,10
734,44.6120762782763,9.135800877082056,10
735,44.61987724377461,9.130377988586547,10
736,44.73065829826545,9.206242884203657,10
737,44.79624750303788,9.147947067069518,10
738,44.92769317441245,9.243339099675262,10
739,44.988755979808744,9.275774051200504,10
740,44.99253350434599,9.274705793056773,10
741,45.13776507831482,9.27017417032006,10
742,45.1444921852965,9.267628450422,10
743,45.20077489220919,9.354931559385664,10
744,45.27876592325065,9.324488435144508,10
745,45.37796717858093,9.369275631427064,10
746,45.4342178746421,9.330738113019935,10
747,45.52104708647131,9.257068381236818,10
748,45.58768863977736,9.29600832626702,10
749,45.732582185757494,9.361306462608953,10
750,45.83075546105134,9.279908432629218,10
751,45.933099804993816,9.352867601447754,10
752,45.93935825619329,9.352364353203987,10
753,45.94822766324648,9.34758467444555,10
754,45.95764003181446,9.341588386079112,10
755,45.98237158627564,9.328456183633596,10
756,45.99729356196399,9.330740307643861,10
757,46.03774216552607,9.329231290249137,10
758,46.054050118662545,9.334448733387784,10
759,46.10773199430019,9.362053438644804,10
760,46.1618624871922,9.290362263455489,10
761,46.17413687472148,9.29665735548565,10
762,46.27207385819623,9.42260805398965,10
763,46.36169004957073,9.362053126510311,10
764,46.41702854643152,9.453202726232005,10
765,46.482020150726356,9.490764111971384,10
766,46.487048090068,9.487900759829582,10
767,46.5925580597587,9.563410122610897,10
768,46.64483400121726,9.597011240427245,10
769,46.704737659444326,9.537853249663561,10
770,46.723906072367846,9.525918219588332,10
771,46.7374810617231,9.523821865465443,10
772,46.75143491724698,9.515250045575419,10
773,46.768334707016585,9.519326615510282,10
774,46.77427015697688,9.52045823191521,10
775,46.87787007573417,9.461730531023376,10
776,46.93259488672702,9.39334523154768,10
777,47.02891354957977,9.373199924690065,10
778,47.07478403204485,9.347261947994586,10
779,47.07918652351451,9.34429588603238,10
780,47.09551881303254,9.341125342185947,10
781,47.10768942870432,9.342731989400532,10
782,47.11443411161737,9.342923772633437,10
783,47.13828207862065,9.336663690441585,10
784,47.18841207968584,9.37745815980855,10
785,47.21765981352713,9.38962143444877,10
786,47.27175382479183,9.338969164949251,10
787,47.274753769219444,9.338135086030137,10
788,47.290863512730155,9.33589367463189,10
789,47.38014600640233,9.277625031363671,10
790,47.38967639298868,9.283513117740368,10
791,47.4410624753721,9.325764493529388,10
792,47.46696287318109,9.320762643423118,10
793,47.519906990846756,9.408963766105698,10
794,47.529658395212955,9.403328648180896,10
795,47.53456082064258,9.406345644100808,10
796,47.55086005089664,9.395364807676433,10
797,47.558015729539456,9.393137291853819,10
798,47.591018795466354,9.381225829074994,10
799,47.59568868957259,9.380896735781683,10
800,47.61088708156956,9.387365920843077,10
801,47.62367515331131,9.388570292062909,10
802,47.6379520061285,9.391529288479664,10
803,47.648285695286276,9.394956444985299,10
804,47.65961897111921,9.398659777619045,10
805,47.72344256955398,9.365032059189966,10
806,47.78106593385461,9.353415391733547,10
807,47.810431774404385,9.349813200865913,10
808,47.879411754959456,9.278256826550013,10
809,47.9000208434817,9.295281202183732,10
810,48.00785746431275,9.178205792812578,10
811,48.1065278662779,9.182806595565218,10
812,48.16664201562656,9.117179330181772,10
813,48.16990205240483,9.116856582443924,10
814,48.23671993301909,9.07871531241171,10
815,48.351781389595445,9.077570947822757,10
816,48.5046067014252,9.094419094365803,10
817,48.55642265594847,9.06864682969071,10
818,48.66377237000212,9.203148796483628,10
819,48.78503825906264,9.364914640837313,10
820,48.83645718003421,9.4577693112087,10
821,48.90910058237911,9.39711900127365,10
822,48.921092709144816,9.401086054403121,10
823,48.926761566355,9.40440245434601,10
824,48.93590058122264,9.403886812177708,10
825,48.99417075681241,9.361946624004382,10
826,49.008400368740084,9.355093848068488,10
827,49.059722468732645,9.395506994061247,10
828,49.06445515246015,9.394638655710512,10
829,49.12981500244249,9.442322693652196,10
830,49.230444995264506,9.578049050131021,10
831,49.28081171256221,9.55537813211551,10
832,49.28758282760425,9.55417652937585,10
833,49.31071147194779,9.54807543021212,10
834,49.36837836435357,9.492593297763806,10
835,49.37433790399644,9.48938935321956,10
836,49.3781592571032,9.487940871857107,10
837,49.47577343857683,9.57389085237685,10
838,49.54086291127932,9.534132831103268,10
839,49.59493604516768,9.496016090101518,10
840,49.64842201870177,9.479288152194549,10
841,49.69994996960236,9.517895595117308,10
842,49.810649845304475,9.585488301036712,10
843,49.87308979343152,9.521042804229866,10
844,49.88463594896227,9.517936885006291,10
845,49.93792578977753,9.481494317670148,10
846,49.94575048743012,9.480647767922829,10
847,49.9592035225741,9.472168183845225,10
848,50.06162943095977,9.484363556664945,10
849,50.12969379500779,9.515794131011656,10
850,50.187849815242075,9.545827552036643,10
851,50.19539532298845,9.543521426507244,10
852,50.25456369173405,9.57453126892551,10
853,50.3570859785079,9.587315476655265,10
854,50.46903708319481,9.679253284343698,10
855,50.527120112098984,9.660476815092577,10
856,50.5316450984449,9.658280754712118,10
857,50.6152247443937,9.598120995526822,10
858,50.67982547342654,9.680014929036735,10
859,50.73431976589197,9.634257404442877,10
860,50.78540546390788,9.72843847625878,10
861,50.847420619828014,9.68571365233443,10
862,50.95040343853206,9.696909387075507,10
863,51.05463294783831,9.711618495069535,10
864,51.156707345579754,9.734360876785422,10
865,51.1711617304946,9.726717808487821,10
866,51.187661917049354,9.719015813558835,10
867,51.29211975306288,9.633671601893031,10
868,51.38975391565739,9.615009690675507,10
869,51.53530778755218,9.652112632350544,10
870,51.64001024290236,9.744453825671679,10
871,51.69605236408521,9.696320485743053,10
872,51.84383728451722,9.741586213066125,10
873,51.90388499467974,9.787411100702112,10
874,51.96394718961015,9.820613258455385,10
875,51.968432060129906,9.81977846911675,10
876,51.975182300397975,9.816330293478542,10
877,52.121760809254546,9.903785280499198,10
878,52.1815234921513,9.872895776187768,10
879,52.23694476307939,9.957650738854891,10
880,52.298873673150354,10.001042409021428,10
881,52.449858182716795,10.094793314774293,10
882,52.507419806425766,10.187249205931852,10
883,52.66455495976879,10.287575163008315,10
884,52.67582199420154,10.29818705026826,10
885,52.67881394870841,10.297227323284913,10
886,52.69403125165583,10.294214481169881,10
887,52.79262895800904,10.289907775547471,10
888,52.802207267694804,10.285937531332278,10
889,52.81841167164612,10.283492353023645,10
890,52.92279194787665,10.291070927223005,10
891,52.9424120661177,10.279742807683547,10
892,53.045458872609515,10.229412314785945,10
893,53.16133200432895,10.196132058663382,10
894,53.318731749538685,10.265645739507356,10
895,53.46829341222866,10.240110185547207,10
896,53.5707108767863,10.306593223401359,10
897,53.59937917004527,10.291076538968579,10
898,53.74948066130548,10.376511131991125,10
899,53.75915972751426,10.368231176910504,10
900,53.777512004671095,10.377448019841259,10
901,53.89552806424031,10.35792331676153,10
902,53.91338292047171,10.359441912176898,10
903,53.9769684899091,10.397522168087209,10
904,54.000017353632664,10.387542673570705,10
905,54.05690265607162,10.33446301795763,10
906,54.0640312928561,10.333660262235794,10
907,54.080480027142606,10.326185092852631,10
908,54.09010297468102,10.321456245963482,10
909,54.155999663056356,10.267322605618507,10
910,54.16772246595151,10.26173706271704,10
911,54.17536487617588,10.26113869380387,10
912,54.32928203528875,10.325443655974963,10
913,54.3331554556425,10.3277512761724,10
914,54.33879178778651,10.327027446011325,10
915,54.397798949858114,10.38289857564152,10
916,54.40889955664885,10.375156529161014,10
917,54.41767551113416,10.377480175232213,10
918,54.47564418292903,10.344147966710235,10
919,54.53524769495726,10.322715768255087,10
920,54.584525104941385,10.367582053303481,10
921,54.64865557245031,10.471291842126258,10
922,54.798108969867236,10.528675699474569,10
923,54.847654660019124,10.575247294584543,10
924,54.859895293327895,10.581829164710342,10
925,54.930405141450436,10.556618004910614,10
926,55.07711485639366,10.529012555513892,10
927,55.185959272380444,10.526145106068796,10
928,55.202215669263694,10.53302595137781,10
929,55.27380669060724,10.47825716615622,10
930,55.37655435734622,10.46095139431266,10
931,55.400262428498294,10.4469023103163,10
932,55.50643424848795,10.512739266201745,10
933,55.52262163558231,10.512648551172365,10
934,55.57653913221689,10.494288502424986,10
935,55.65230545023676,10.533348140060827,10
936,55.70729866791743,10.512717863667849,10
937,55.81230088243469,10.542153585144595,10
938,55.92547971195527,10.544725939249293,10
939,55.98493405038816,10.489239100889908,10
940,56.130967114525035,10.605917163669973,10
941,56.154864173598014,10.62019081809358,10
942,56.16238234025818,10.615978500868557,10
943,56.220004337450725,10.607828131142378,10
944,56.238636476866574,10.61192548475179,10
945,56.33623629045066,10.600219631072678,10
946,56.40127285318039,10.551722277139332,10
947,56.54899385742785,10.560366848957447,10
948,56.61677230374912,10.59201556756655,10
949,56.674529575176315,10.678292618880992,10
950,56.7834270804434,10.79590282018252,10
951,56.79569763388122,10.788223050442044,10
952,56.94473897079204,10.971877434284076,10
953,57.05574299102405,11.103877613706118,10
954,57.15529336698074,11.118482063625395,10
955,57.25886676492738,11.209825778260905,10
956,57.359880509126604,11.21342850542735,10
957,57.598062345157544,11.180769878370604,10
958,57.66959973776015,11.210219874499485,10
959,57.67568311026073,11.206623263314397,10
960,57.72817132841853,11.294429959683754,10
961,57.74239665430248,11.289735641483015,10
962,57.74553876422938,11.290089801984545,10
963,57.84901191555542,11.417275037483407,10
964,57.95847800863574,11.544927700111565,10
965,57.970280347750744,11.541133596262585,10
966,57.98931813450442,11.538374779016216,10
967,57.99848306449729,11.53745810911717,10
968,58.01679300057185,11.548055632151243,10
969,58.11481879126468,11.632848715196205,10
970,58.13237888378777,11.637586259778615,10
971,58.14631203292146,11.626344012025687,10
972,58.339143537477355,11.782027613335654,10
973,58.365047537082354,11.771198294224108,10
974,58.37456125084011,11.765307018894902,10
975,58.43487748238313,11.732448074783713,10
976,58.45849540048258,11.723215996069708,10
977,58.51146877655184,11.656038276731088,10
978,58.53931932379688,11.672658791648976,10
979,58.59388704890732,11.625649889741196,10
980,58.60305938435298,11.621029231046073,10
981,58.67128268335337,11.548017951119713,10
982,58.67587760898408,11.545383485797796,10
983,58.69065580921771,11.53755500606466,10
984,58.748199288900196,11.50803524657608,10
985,58.79866647799679,11.461245220621462,10
986,58.86581644949423,11.427005182072724,10
987,58.889409624654476,11.426104930375132,10
988,58.90627588083312,11.414360504304545,10
989,58.92125933898202,11.403255861934136,10
990,58.92840006273603,11.40454412937641,10
991,58.97830226509168,11.343423330166699,10
992,59.04580129727357,11.321282788385576,10
993,59.06075611530673,11.317199534712234,10
994,59.11394685200696,11.410077148489375,10
995,59.140549284303134,11.400273813243855,10
996,59.19544074734739,11.333281907399508,10
997,59.25538351949682,11.269315585268705,10
998,59.34069623418899,11.233688896017567,10
999,59.34880545398547,11.234071545992688,10
1000,59.40829836001526,11.275996238800303,10
1001,59.516204664250196,11.30789466867071,10
1002,59.566136315409345,11.26260858223544,10
1003,59.61928780852649,11.311406908257673,10
1004,59.668384561021256,11.35475760131097,10
1005,59.68638360736097,11.3512586074306,10
1006,59.755819698849166,11.316681848133964,10
1007,59.766586238722844,11.309574702907973,10
1008,59.8233279864029,11.291325360572062,10
1009,59.84586055257118,11.281858884707905,10
1010,59.90589641530552,11.2691257623467,10
1011,59.956727808897256,11.250684001075475,10
1012,60.03028009188064,11.356920999087459,10
1013,60.03337169262302,11.355782913619441,10
1014,60.14617077099666,11.36130327066005,10
1015,60.1587994582246,11.355040038518549,10
1016,60.17264278902113,11.349574606132109,10
1017,60.176238520577286,11.350513098503857,10
1018,60.28386019820981,11.367564334019107,10
1019,60.28830031392655,11.367681582666986,10
1020,60.30099225063676,11.359493094187378,10
1021,60.448445522637414,11.439720608258126,10
1022,60.55477151349246,11.501019841363219,10
1023,60.607676405838596,11.59841192006855,10
1024,60.62064140476481,11.596085582824532,10
1025,60.63284154864031,11.590946151148403,10
1026,60.698976055443225,11.562796866403744,10
1027,60.70950225778675,11.5747591941004,10
1028,60.734827611033076,11.57644412596639,10
1029,60.744839154845636,11.569605156654784,10
1030,60.813425614726896,11.565841870536069,10
1031,60.82865891429511,11.565831788266697,10
1032,60.879862658145804,11.536925532133857,10
1033,60.98219444012675,11.472110221037903,10
1034,60.99129188666082,11.470212377647998,10
1035,61.00096367855224,11.465995935215455,10
1036,61.10713082227899,11.54576091174139,10
1037,61.112596981859426,11.544253592299784,10
1038,61.12558995166156,11.55691076974559,10
1039,61.18312921736956,11.51001185867416,10
1040,61.23742505414108,11.451749063367632,10
1041,61.29681871293455,11.4908481723017,10
1042,61.350588527610775,11.543165747357785,10
1043,61.37915878142521,11.54525279079325,10
1044,61.434186595797634,11.52492690737804,10
1045,61.49646870902232,11.466620492220985,10
1046,61.562023370054945,11.414175492020881,10
1047,61.62237206715285,11.405185539203698,10
1048,61.62723897143665,11.4051488800604,10
1049,61.72955772974408,11.491222329210286,10
1050,61.74389879672874,11.495652254956081,10
1051,61.758594157659346,11.486519713582188,10
1052,61.77273320989998,11.485237537630425,10
1053,61.82351564653821,11.427921082597626,10
1054,61.83231217931272,11.431740783652963,10
1055,61.84648962191367,11.439832998856934,10
1056,61.949828664187365,11.372003021813818,10
1057,61.983194365636805,11.387297981182712,10
1058,61.99617839598144,11.394909364158346,10
1059,62.09921223661528,11.436886491207229,10
1060,62.1129749058303,11.451830103405046,10
1061,62.11844995823284,11.453288892094287,10
1062,62.14076988489529,11.464216423849669,10
1063,62.15497067681362,11.463415744318908,10
1064,62.26617400057531,11.601285301992334,10
1065,62.317060155430184,11.574180914611803,10
1066,62.327737722030136,11.572902798668483,10
1067,62.337960370635585,11.572678844417226,10
1068,62.49194318033293,11.623524624985498,10
1069,62.52635790499462,11.616451261303332,10
1070,62.579794018867936,11.568237419939555,10
1071,62.67735438962052,11.565124631812743,10
1072,62.778543790790636,11.569493111273136,10
1073,62.841947095626985,11.564133155574803,10
1074,62.9057577935023,11.653056029982347,10
1075,63.0182178487684,11.703413146913784,10
1076,63.11880497799083,11.731007454282134,10
1077,63.17505391220027,11.694521470770612,10
1078,63.27423238919222,11.720704087920819,10
1079,63.4792688317394,11.828375369534763,10
1080,63.57541334745004,11.958327022457125,10
1081,63.58321305009464,11.95327020818128,10
1082,63.74648869396505,12.102092327518978,10
1083,63.75699254267001,12.09479538386911,10
1084,63.81357245818074,12.124619850753298,10
1085,63.859215446178894,12.150794307184873,10
1086,63.969466281127744,12.22674252318339,10
1087,64.07364056920963,12.297913376114654,10
1088,64.08688656134882,12.291676955976738,10
1089,64.14301819715229,12.240866491174273,10
1090,64.15234339211985,12.252036726886598,10
1091,64.22415452551903,12.349450225676001,10
1092,64.33646759103365,12.42366978846827,10
1093,64.39569930252085,12.359012131798814,10
1094,64.45349098718006,12.390882641894496,10
1095,64.55999904930992,12.457333993261553,10
1096,64.57195924832371,12.452805858500982,10
1097,64.5813387026753,12.463376068535766,10
1098,64.69989917087608,12.583307230021928,10
1099,64.71687785554863,12.57517952533186,10
1100,64.72897994007091,12.570894564485453,10
1101,64.7363645219561,12.566465797702792,10
1102,64.74735987054048,12.564431682213346,10
1103,64.75653570803277,12.558975012690341,10
1104,64.77619004203851,12.543260904726546,10
1105,64.78974181026302,12.548791750720586,10
1106,64.80785901126941,12.543301323888866,10
1107,64.87826808153724,12.516481579617809,10
1108,64.89037828551028,12.515683911096126,10
1109,64.93223652897163,12.51343347970732,10
1110,64.99759923130999,12.477739638495745,10
1111,65.0089268437704,12.471486030568755,10
1112,65.06424913848227,12.457425837025209,10
1113,65.11545367959454,12.41260539261214,10
1114,65.13117880677899,12.406362043167972,10
1115,65.19036948089082,12.44879480280748,10
1116,65.21659231935945,12.440827963851186,10
1117,65.27020646083125,12.411795567626179,10
1118,65.27393564159527,12.413911505371656,10
1119,65.37572950765772,12.331762533479992,10
1120,65.47603417667816,12.372622299052283,10
1121,65.4886475981165,12.384883634423266,10
1122,65.5093714820296,12.394408744941057,10
1123,65.51570011988606,12.39220987817986,10
1124,65.5747851543314,12.456181861294025,10
1125,65.62911232623135,12.396407292053382,10
1126,65.69032332661153,12.494448376493732,10
1127,65.72620744512633,12.486726330212322,10
1128,65.73457938713503,12.480868283787968,10
1129,65.84625354286064,12.475166052457935,10
1130,65.85694974463199,12.478187414897405,10
1131,65.91461091521931,12.430253938665961,10
1132,65.92048022851628,12.428353565180382,10
1133,66.02048442285005,12.514828352990776,10
1134,66.12918265432042,12.499452787350046,10
1135,66.18664095270482,12.476439074949434,10
1136,66.38879945682149,12.531461619518986,10
1137,66.4974062763416,12.601796033845899,10
1138,66.5037000674248,12.600784207771715,10
1139,66.50725647493076,12.599025466476776,10
1140,66.53117149591553,12.60458965496867,10
1141,66.62950958757925,12.731175303380823,10
1142,66.6417507510852,12.737399636010228,10
1143,66.70118913159035,12.83225692450492,10
1144,66.71417347798668,12.835241358534352,10
1145,66.71986933496144,12.83799215570825,10
1146,66.77956971622915,12.934345070303626,10
1147,66.87909828256554,12.92260765330172,10
1148,66.89629496554161,12.920661542795076,10
1149,66.99560785910282,13.00341273083366,10
1150,67.00839063256517,12.993432361720846,10
1151,67.01533753322745,12.98944678248318,10
1152,67.02340783818792,12.990779199371723,10
1153,67.07466763515882,13.025542724456189,10
1154,67.13980701038254,13.132666897229537,10
1155,67.20432915723765,13.065930321278532,10
1156,67.21674381561088,13.068672872064928,10
1157,67.26886662994488,13.046812843284345,10
1158,67.27352989966617,13.047280476909245,10
1159,67.31134855104861,13.029010541225986,10
1160,67.36256324119236,12.995637836746507,10
1161,67.38041481944964,13.006883246058528,10
1162,67.39492089513092,12.993846902871566,10
1163,67.45224359673009,13.088447458674613,10
1164,67.45831619350184,13.086345021365418,10
1165,67.57107533046539,13.160979266956373,10
1166,67.63590317928654,13.199673723038067,10
1167,67.68938135319681,13.14327172677505,10
1168,67.75137574662392,13.12384524449018,10
1169,67.86742879754522,13.01968878842549,10
1170,67.92017057288847,13.068461598001841,10
1171,67.9397731309951,13.064290086184272,10
1172,67.99493631014197,13.097332370394891,10
1173,68.05306337149172,13.058517140318745,10
1174,68.08945417891229,13.043585670180253,10
1175,68.10788617681837,13.031303757563375,10
1176,68.16895755606555,12.99768704149634,10
1177,68.2910156112932,12.949783217316634,10
1178,68.29937187744298,12.943683030782095,10
1179,68.31370640818281,12.946898070879955,10
1180,68.31834262268887,12.947260174571014,10
1181,68.33103464767788,12.964641690397029,10
1182,68.33799884001128,12.964211026688456,10
1183,68.3429083543623,12.960162199888765,10
1184,68.3465964101484,12.959162536248366,10
1185,68.37158547343697,12.946616672075354,10
1186,68.42271258287394,12.93187718753863,10
1187,68.47686300061392,13.0306554540583,10
1188,68.64125763768638,12.998056813126018,10
1189,68.65603284850422,12.995488918429384,10
1190,68.71367606258585,12.973443863089658,10
1191,68.81364336786974,13.056512370592957,10
1192,68.84137229029932,13.052432870321764,10
1193,68.90044315464671,13.15651795004348,10
1194,68.9623797040721,13.120723524543397,10
1195,69.02411021292491,13.086112860872335,10
1196,69.04370309980865,13.086713248249536,10
1197,69.15244286774461,13.143698101644963,10
1198,69.30089994789164,13.156862103712001,10
1199,69.36208630705576,13.194187406285735,10
1200,69.44311274945242,13.156694493114388,10
1201,69.4960418853878,13.258497844645184,10
1202,69.59232856217412,13.38824353113912,10
1203,69.6576922113267,13.368682096929689,10
1204,69.67700388812887,13.359556599860351,10
1205,69.78029681025178,13.284672291774639,10
1206,69.79130121931664,13.284242083582143,10
1207,69.82535109294795,13.304664653572173,10
1208,69.87862571980716,13.406533907686608,10
1209,70.03515391220951,13.402051955352642,10
1210,70.09533284232802,13.389342216728815,10
1211,70.16213909012372,13.382482734177724,10
1212,70.21843013786015,13.375679079411585,10
1213,70.22096569057182,13.37483517302399,10
1214,70.2345212779392,13.378911588317962,10
1215,70.35416550286263,13.419609263314399,10
1216,70.41054101477957,13.454666928255657,10
1217,70.47387793955122,13.500213845140298,10
1218,70.5403703305769,13.473281944940101,10
1219,70.55705523820653,13.488983155790006,10
1220,70.65874080583735,13.421424813645713,10
1221,70.7189214409726,13.40239636558512,10
1222,70.73484231751422,13.399670553550663,10
1223,70.83359096705877,13.355791033632983,10
1224,70.84003373948542,13.353179951065004,10
1225,70.95349478688577,13.31105162950454,10
1226,70.98409654130458,13.314004818884696,10
1227,70.9980366441416,13.30854148481786,10
1228,71.0080393786852,13.30470518056289,10
1229,71.01892692826088,13.300610345967172,10
1230,71.07121701074475,13.298692622976079,10
1231,71.08982477286753,13.287130283369699,10
1232,71.1418981143679,13.267069247113783,10
1233,71.15208526719583,13.261456564099362,10
1234,71.16911092299128,13.262537860832301,10
1235,71.23122814004537,13.306852357088308,10
1236,71.24445231422676,13.298309236777984,10
1237,71.29866985258698,13.32859802730499,10
1238,71.34934120296217,13.290013283867737,10
1239,71.39966616436125,13.252862043907204,10
1240,71.44953145419957,13.276520993456298,10
1241,71.45755876626045,13.277680314146695,10
1242,71.55406134395892,13.360434816849896,10
1243,71.57001287802095,13.356785690937754,10
1244,71.58572861697488,13.357213801377462,10
1245,71.73314664538395,13.354819300580482,10
1246,71.80269241350989,13.486947505515817,10
1247,71.85252430356711,13.523644541172558,10
1248,72.00928410075615,13.46209182379725,10
1249,72.07503609899105,13.412626602138337,10
1250,72.23539743000657,13.401277594916818,10
1251,72.39123033338424,13.397277535423832,10
1252,72.45270770315216,13.361793015174756,10
1253,72.51569505630204,13.343563449371196,10
1254,72.5273413088029,13.338772062753147,10
1255,72.55095478072072,13.332276091372254,10
1256,72.66203699645618,13.363946377902217,10
1257,72.80618304711284,13.357350582019468,10
1258,72.81506616690646,13.351717609605876,10
1259,72.82230804096062,13.347262651390388,10
1260,72.87768377847063,13.343810030373003,10
1261,72.9001306956309,13.32687159890987,10
1262,73.00200338227016,13.26741246576497,10
1263,73.05205111140046,13.21035349969472,10
1264,73.06373711733771,13.20472427658448,10
1265,73.07254969285933,13.202618587301945,10
1266,73.07761426379265,13.20034141830889,10
1267,73.15413251008839,13.159291368390749,10
1268,73.20412749292123,13.177251491587105,10
1269,73.26642763241792,13.22016989197339,10
1270,73.32201264547123,13.264758084341546,10
1271,73.33800047601903,13.261812226324578,10
1272,73.34089537682789,13.261654455858732,10
1273,73.43901649694993,13.342124564926914,10
1274,73.63314527845822,13.272640298600352,10
1275,73.64479050569948,13.267807002285302,10
1276,73.84526492769912,13.271439229827353,10
1277,73.87999627514347,13.306111115950264,10
1278,73.9382608884708,13.277295888210896,10
1279,74.04960067629827,13.319951235820795,10
1280,74.115431427179,13.280779364130675,10
1281,74.26075020167484,13.203526142874061,10
1282,74.26422511319083,13.202453896066345,10
1283,74.41836996138935,13.22110991075246,10
1284,74.52911334845034,13.221640337293483,10
1285,74.6597918920245,13.227058733563752,10
1286,74.73040609412881,13.256882973089164,10
1287,74.78715506675586,13.236681538606275,10
1288,74.80540529085923,13.240920748181704,10
1289,74.8604028036747,13.213169819615214,10
1290,75.06233615535312,13.210885896468039,10
1291,75.11940460612104,13.141211542910625,10
1292,75.21196156563059,13.133454513429943,10
1293,75.21626545758295,13.135767742135261,10
1294,75.23600676011833,13.138440371255058,10
1295,75.27566969948619,13.09604364356545,10
1296,75.29991309179053,13.081292136095227,10
1297,75.35742266952049,13.059832447623453,10
1298,75.41961277101358,13.064890985810631,10
1299,75.47652858040438,13.06584614688645,10
1300,75.49367381137375,13.049095443812986,10
1301,75.50635327094548,13.050551488747091,10
1302,75.57657529958612,13.076254047886573,10
1303,75.58568951282382,13.076788817349636,10
1304,75.60763655224548,13.082595044427292,10
1305,75.66776121375736,13.024240682567202,10
1306,75.67312172367329,13.02334257852499,10
1307,75.7276289173572,13.070646646934557,10
1308,75.78442374223843,13.017779459789152,10
1309,75.80421663542305,13.024563164542986,10
1310,75.81515766707567,13.020496681525646,10
1311,75.92346059109157,12.95251456202889,10
1312,75.98260972003376,12.982942110037545,10
1313,75.99162351199458,12.986529729397676,10
1314,76.05661189924103,12.993064936940067,10
1315,76.21291564194333,13.026704388682063,10
1316,76.29329512162465,13.057025180592577,10
1317,76.30614611229477,13.065944175560622,10
1318,76.31907089385196,13.076872304547967,10
1319,76.37978839512365,13.080331728042136,10
1320,76.48231928598813,13.026512299760693,10
1321,76.58257324560519,13.02123399966067,10
1322,76.58625223605708,13.020826061888338,10
1323,76.64153344618896,12.991559417789867,10
1324,76.64700356514463,12.989673389074433,10
1325,76.75215028472192,12.957907803521989,10
1326,76.80032611969688,13.059059308074753,10
1327,76.80774310886075,13.062324111173314,10
1328,76.90349693877087,13.10487659085417,10
1329,76.96144360506706,13.083549624700298,10
1330,77.0664729940603,12.988888853011671,10
1331,77.13203764422231,12.931301777364515,10
1332,77.13569690952316,12.930573824032876,10
1333,77.13990313255883,12.92869425092387,10
1334,77.19092985774812,12.889711931394574,10
1335,77.34433651399341,12.937263117544044,10
1336,77.4501825038006,12.912262808911947,10
1337,77.45896517083067,12.906985868943206,10
1338,77.55743420034838,12.952605826833231,10
1339,77.61718927116323,12.895626989800395,10
1340,77.7666204953596,12.748011898186684,10
1341,77.82805438726832,12.700393868844687,10
1342,77.83867747371832,12.70083065492778,10
1343,77.90365869734214,12.703905663849573,10
1344,77.96499466918961,12.693255444031928,10
1345,78.02089404945016,12.800668195385091,10
1346,78.04106716739543,12.789030202654175,10
1347,78.0448299016318,12.788914488147434,10
1348,78.06124409669226,12.791203498979247,10
1349,78.07089390468249,12.795602789239087,10
1350,78.08149425519532,12.795556604811638,10
1351,78.13807647285496,12.759320099770742,10
1352,78.1996956040646,12.783517786144527,10
1353,78.20956078767986,12.785241900661036,10
1354,78.27404231996283,12.82182953318272,10
1355,78.37518326841452,12.973050095356125,10
1356,78.48197844670952,13.068334795108063,10
1357,78.49269889886047,13.059262868596647,10
1358,78.50087076084327,13.058496888501113,10
1359,78.60825703193355,13.032097465996507,10
1360,78.61748379061035,13.029434136458367,10
1361,78.68321814394918,12.987414031255652,10
1362,78.74253167898144,13.020114598210741,10
1363,78.79590863369837,13.129497410597832,10
1364,78.81494955592605,13.121283285102377,10
1365,78.83381947850012,13.109688118333723,10
1366,78.90635744923938,13.208296703116496,10
1367,78.97383275193471,13.30971439323864,10
1368,79.07262664162036,13.298744956616666,10
1369,79.17183670052052,13.25574356455413,10
1370,79.2291584096554,13.272704080874124,10
1371,79.29553704882092,13.239631109318257,10
1372,79.30645463864565,13.24439537839479,10
1373,79.36644644015087,13.182359877199449,10
1374,79.43547195119582,13.157573394231578,10
1375,79.49660924521461,13.188809671258086,10
1376,79.50382418780673,13.183682408401612,10
1377,79.5117631562354,13.185204313319396,10
1378,79.52625534286784,13.180369347698154,10
1379,79.62406765293258,13.2600367911217,10
1380,79.63302436275524,13.271928282288041,10
1381,79.70465181996535,13.284953720111545,10
1382,79.70827116819717,13.28460627639856,10
1383,79.81109158744891,13.274933671377314,10
1384,79.87292983116429,13.232470207326926,10
1385,79.95813361032336,13.222291915274123,10
1386,80.06229132973542,13.305519267353619,10
1387,80.08191053608466,13.314408507664593,10
1388,80.1441254851233,13.28092735383477,10
1389,80.14690088029045,13.28070053733434,10
1390,80.15859036639097,13.275344486000419,10
1391,80.18164668454017,13.255302392394743,10
1392,80.18646203521189,13.254146050039482,10
1393,80.19919061060793,13.249902080700881,10
1394,80.20530746136188,13.249926076072816,10
1395,80.23434001388792,13.22891980410057,10
1396,80.23763629727803,13.230008604378556,10
1397,80.24544412708634,13.224259275110466,10
1398,80.29770076929547,13.199722270336432,10
1399,80.37394648360518,13.148877324035828,10
1400,80.38356607332373,13.14566848925286,10
1401,80.44667478238749,13.156813422415325,10
1402,80.4616280596329,13.148663212315812,10
1403,80.60774818485089,13.063807367686696,10
1404,80.62783402583446,13.074187077301088,10
1405,80.73480897416073,13.177344787936867,10
1406,80.75034125963796,13.168291810891663,10
1407,80.76012267616329,13.179101363282674,10
1408,80.82487786015352,13.121823353742244,10
1409,80.83358165972268,13.125617855823949,10
1410,80.84636630155127,13.120287718874353,10
1411,80.95634103381136,13.16044640050451,10
1412,80.9663600531328,13.164614176227728,10
1413,81.02663026062649,13.258165897019824,10
1414,81.03971418792271,13.266408383511493,10
1415,81.09636924075082,13.240856227567708,10
1416,81.15876607927831,13.225739619840057,10
1417,81.17085417304368,13.225240230433977,10
1418,81.18159738914089,13.2294147814812,10
1419,81.24048599153664,13.198074367106885,10
1420,81.34209995224373,13.254643349873616,10
1421,81.47308503528366,13.15740828013391,10
1422,81.4814278439773,13.153371049440553,10
1423,81.49350745223275,13.15773359749259,10
1424,81.49560024829944,13.15818794995559,10
1425,81.55765991743822,13.20675838893098,10
1426,81.638060349401,13.22925658211523,10
1427,81.7563420753709,13.218348876349928,10
1428,81.77400300189443,13.21266847349621,10
1429,81.83133371474426,13.197339995595673,10
1430,81.84401782255104,13.196385454563082,10
1431,81.84881845731753,13.193578448519403,10
1432,81.90843735303967,13.1786887503594,10
1433,81.91884488843137,13.172787272298557,10
1434,81.94190295917693,13.16425264990372,10
1435,82.03597780530662,13.219835125411507,10
1436,82.09073726869083,13.27729375333932,10
1437,82.24229733746513,13.251823980993638,10
1438,82.3484449160106,13.266242163216644,10
1439,82.3514180643552,13.267033877497912,10
1440,82.40797336448585,13.202399787699107,10
1441,82.4575737430759,13.213026061783282,10
1442,82.47029194938338,13.219397812837691,10
1443,82.47425377575696,13.218975555269399,10
1444,82.48733775228601,13.213645991230011,10
1445,82.53756118152835,13.227925861852071,10
1446,82.54779998336558,13.236273225376609,10
1447,82.59458348391071,13.251961597456742,10
1448,82.75523225831769,13.183274787541174,10
1449,82.8048199505437,13.208451458222754,10
1450,82.81171891573635,13.208292870105788,10
1451,82.87039708195195,13.184130234729025,10
1452,82.88586653130048,13.20163813732123,10
1453,82.8973566116578,13.196196413436255,10
1454,82.9414549249958,13.21832818750795,10
1455,83.00428500915334,13.22724388314692,10
1456,83.0130818030566,13.227718270150532,10
1457,83.02583849831515,13.23957998996525,10
1458,83.03143910263529,13.236356762329741,10
1459,83.03958513198158,13.236315734606178,10
1460,83.07888989289852,13.247761887791345,10
1461,83.17738672667049,13.241565913943449,10
1462,83.24176493920831,13.297773823979496,10
1463,83.27889851699965,13.27710032245526,10
1464,83.2884009298724,13.282126770103474,10
1465,83.35667703032452,13.226109547300505,10
1466,83.50395884104773,13.232300569132335,10
1467,83.56657455910371,13.32471044741736,10
1468,83.57421249367117,13.322352177989734,10
1469,83.67880402974863,13.40161309937415,10
1470,83.77728553528846,13.343928594575237,10
1471,83.83006438032687,13.32147421748985,10
1472,83.89519577159248,13.317554016787016,10
1473,83.91480304171283,13.310836962835829,10
1474,83.92016402649475,13.308701230841503,10
1475,83.92426237460738,13.309626636574452,10
1476,83.92691633081729,13.309417708182506,10
1477,83.93671241604359,13.308227382383096,10
1478,83.95049192354932,13.312916409549656,10
1479,83.96470654898596,13.307908875726524,10
1480,84.0251886032491,13.240488380551488,10
1481,84.08225790797334,13.291726814944093,10
1482,84.09460729392336,13.286484162975148,10
1483,84.10006382428858,13.285441834824525,10
1484,84.16175476461889,13.30557517952688,10
1485,84.17297631200287,13.302353319233138,10
1486,84.22802248442781,13.358952996441442,10
1487,84.23967725862157,13.357938178635097,10
1488,84.2634558370125,13.354260674942823,10
1489,84.31559525275904,13.329413737657058,10
1490,84.37651783441949,13.264964196211851,10
1491,84.48033725300151,13.230168344608359,10
1492,84.5653215431849,13.189799434764145,10
1493,84.57978627597717,13.179843645638364,10
1494,84.5976340067158,13.176384467135383,10
1495,84.65275807765994,13.179841307165605,10
1496,84.68003922132988,13.170899296831296,10
1497,84.729992542715,13.2293414786613,10
1498,84.74186547416431,13.22779516800038,10
1499,84.7484498217843,13.223303321275713,10
1500,84.79905290676002,13.181703985858128,10
1501,84.81030281219053,13.178144767143614,10
1502,84.81724256936948,13.174480137095744,10
1503,84.91523994301448,13.334281320630135,10
1504,84.9493166487082,13.33470483656605,10
1505,85.0506430702309,13.358006454223013,10
1506,85.15773104805544,13.405400635846114,10
1507,85.21162529832205,13.360718790058739,10
1508,85.22449508645408,13.358776766367574,10
1509,85.28249966473955,13.330662167163283,10
1510,85.34437321857536,13.270208150898734,10
1511,85.38665884586838,13.278067586076446,10
1512,85.40929712685943,13.268353517775266,10
1513,85.43118991160715,13.253371476684304,10
1514,85.54135988281737,13.359361834128752,10
1515,85.69229895880949,13.453237598965824,10
1516,85.69666484111201,13.453071056964857,10
1517,85.70750378855857,13.4540640904161,10
1518,85.7118512135065,13.452350558476795,10
1519,85.7167852190068,13.451415675956037,10
1520,85.73594048975531,13.462283895343123,10
1521,85.73985718767184,13.462186002109533,10
1522,85.74681528189217,13.468821854378534,10
1523,85.75455019873507,13.460840224131028,10
1524,85.76421754900659,13.457622366679981,10
1525,85.79258013803936,13.448217896637484,10
1526,85.81064792244587,13.440503442051053,10
1527,85.81861606560764,13.43947985670616,10
1528,85.87725683379284,13.536487969856978,10
1529,85.94230249768123,13.558850853942692,10
1530,85.94941854419316,13.562684692017596,10
1531,85.98418813162765,13.563944509887806,10
1532,86.0347210198659,13.544262266360423,10
1533,86.04006762363764,13.541603823225296,10
1534,86.05642570774644,13.528872933994187,10
1535,86.1468338043231,13.58014408306933,10
1536,86.21663883158985,13.514714469702467,10
1537,86.27257631405723,13.530968558222801,10
1538,86.28640423089246,13.53270917249477,10
1539,86.33736108312357,13.590207434557373,10
1540,86.38914833500493,13.64871164716182,10
1541,86.44155445526978,13.663518022427274,10
1542,86.49509883836465,13.722600335862682,10
1543,86.51286962888182,13.718421204045487,10
1544,86.56793464489982,13.652828368454564,10
1545,86.58500120739684,13.644118160612361,10
1546,86.59434864565341,13.641385852264163,10
1547,86.60526609195031,13.64186000301278,10
1548,86.70547093006475,13.60274749491715,10
1549,86.71035677240522,13.60626829903708,10
1550,86.72901644857863,13.590350958881718,10
1551,86.78100566088982,13.689374371737019,10
1552,86.85112362060923,13.62400873602193,10
1553,86.91251743509271,13.645131034408678,10
1554,86.97228301984535,13.649866448423804,10
1555,86.97747738101422,13.651553379148279,10
1556,86.9934746448792,13.639662797634582,10
1557,87.04954566901094,13.652798084627074,10
1558,87.07116789258492,13.64675041223638,10
1559,87.22480845191741,13.615635286296513,10
1560,87.27599206013677,13.571879716269672,10
1561,87.34055179671229,13.53581179931941,10
1562,87.35632834969168,13.530553750875537,10
1563,87.45544510876371,13.434470390477056,10
1564,87.47110418613651,13.441332776097036,10
1565,87.66929626653511,13.539591924154154,10
1566,87.81747008500169,13.492707410157495,10
1567,87.8737973780595,13.514744575467269,10
1568,87.92311206463326,13.574552153585909,10
1569,87.97693295183966,13.513260769863757,10
1570,87.98726068301355,13.507722132298088,10
1571,88.08638497115612,13.433399866265962,10
1572,88.14981423907986,13.454291094886113,10
1573,88.1672989517767,13.459189256232595,10
1574,88.17682927003665,13.4692324150028,10
1575,88.27621445162022,13.474103890637137,10
1576,88.28700897745117,13.477382167840206,10
1577,88.3889536334835,13.510701396397149,10
1578,88.40275772023021,13.510109426899772,10
1579,88.40448471539406,13.508873945008046,10
1580,88.46878974104347,13.46643190424588,10
1581,88.48336330003153,13.469012271460679,10
1582,88.4862671920846,13.468125316059613,10
1583,88.50281086274296,13.459636657008971,10
1584,88.55582313148629,13.52223276190559,10
1585,88.56040702511062,13.522236314275771,10
1586,88.67493339508263,13.470008788419317,10
1587,88.73451402659767,13.441909009601988,10
1588,88.79194210975406,13.497075797638448,10
1589,88.81223053318749,13.511009509120335,10
1590,88.81521732215629,13.51072701056854,10
1591,88.86851734831346,13.533002494134326,10
1592,88.91944625713447,13.55962670679586,10
1593,88.98148166887808,13.515543658898645,10
1594,89.09039904085418,13.546149531252931,10
1595,89.09558367356507,13.543306190928188,10
1596,89.16088177725227,13.516249048792227,10
1597,89.18087756032158,13.51274434548258,10
1598,89.19445525047328,13.508615691773146,10
1599,89.2325820551214,13.52392497761744,10
1600,89.24671195592025,13.523908979681671,10
1601,89.25888279336233,13.52721784422855,10
1602,89.27886804537002,13.514299361495024,10
1603,89.34281314291925,13.522834185423429,10
1604,89.36567099679341,13.54348989341091,10
1605,89.3897723745273,13.54004451793586,10
1606,89.45957392871715,13.502957759730252,10
1607,89.46129031500593,13.502538812399157,10
1608,89.51487004698984,13.52360996711066,10
1609,89.53306548664338,13.538640047968094,10
1610,89.59335492237625,13.52506664553985,10
1611,89.60174362716813,13.52578044370657,10
1612,89.61131720515472,13.538353358334051,10
1613,89.67663925819988,13.56237154408154,10
1614,89.69209944721356,13.563085219151887,10
1615,89.70723178562606,13.564503630589249,10
1616,89.75797747400017,13.587227504770505,10
1617,89.81399578726324,13.552349749439967,10
1618,89.84489866862137,13.559360916852913,10
1619,89.86585498771706,13.561889578670446,10
1620,89.87224064926463,13.560202158070508,10
1621,89.9337138907004,13.643858441956123,10
1622,89.99085479292239,13.626811334502323,10
1623,89.99906161671106,13.630599754213781,10
1624,90.1021004326721,13.621476181761453,10
1625,90.15243382944023,13.716285390846203,10
1626,90.17547315864226,13.70960550900987,10
1627,90.19041061328666,13.70082746633273,10
1628,90.19902885186622,13.709137680995264,10
1629,90.25574096099541,13.806577012564532,10
1630,90.3247840283777,13.873675119141604,10
1631,90.38790317659453,13.850261924855575,10
1632,90.44687795043055,13.820905897835974,10
1633,90.45634658654005,13.832436274148549,10
1634,90.51281402681312,13.764301190052278,10
1635,90.54928028942581,13.747947758759429,10
1636,90.61341483363161,13.71980024545419,10
1637,90.71883707146637,13.800633996864452,10
1638,90.79877775429544,13.723613607984733,10
1639,90.94949179491618,13.78554375995466,10
1640,91.01268795054065,13.727837574698968,10
1641,91.01604946294498,13.727171992592522,10
1642,91.12006246033664,13.693061482304874,10
1643,91.18500445138008,13.686367319235098,10
1644,91.34642003840158,13.80892067124517,10
1645,91.40514626555672,13.77999686357523,10
1646,91.53659709225373,13.687018327752511,10
1647,91.54499275520746,13.686807670047655,10
1648,91.65430859273022,13.75380944437932,10
1649,91.66421161271899,13.753904433979073,10
1650,91.8663070611607,13.817159496405182,10
1651,91.87764092914107,13.809728144435141,10
1652,92.03326137829842,13.937776705807646,10
1653,92.07113061133303,13.942646226348394,10
1654,92.15681763390906,13.88236178503158,10
1655,92.2138109428302,13.979060450566411,10
1656,92.22709470984857,13.984870703250444,10
1657,92.23761844680662,13.981506523206743,10
1658,92.30585558455091,13.99505397774393,10
1659,92.31281843057408,13.989796865941228,10
1660,92.32368540898256,13.993156634672781,10
1661,92.34116991033116,13.987743621018147,10
1662,92.34888071601654,13.978735516755838,10
1663,92.47336335753911,13.960959917380276,10
1664,92.5295296768443,13.901593013439356,10
1665,92.58509793865906,13.884273875308812,10
1666,92.70207029259662,13.930234616547809,10
1667,92.72313216772106,13.930717474269347,10
1668,92.79563482451691,13.99185190079667,10
1669,92.80894544175649,13.991302766480866,10
1670,92.81373430923539,13.992901620991487,10
1671,92.91895381538477,13.94415129968211,10
1672,92.9456464668609,13.94995771685203,10
1673,92.99561629874448,13.888605952267083,10
1674,93.07042081380783,13.932862617174788,10
1675,93.12445652193665,13.954154883181287,10
1676,93.12749384523354,13.952589691625908,10
1677,93.13772138437115,13.945403506208008,10
1678,93.14778766033001,13.943400628667446,10
1679,93.15424430739145,13.951196842517524,10
1680,93.20796398271116,13.897866346393638,10
1681,93.2104854510269,13.897130552059075,10
1682,93.22226956884954,13.894305206500775,10
1683,93.28218535217098,13.95488658612118,10
1684,93.33194802098583,13.935838360651072,10
1685,93.34600847362698,13.942007313495443,10
1686,93.38223757276738,13.960962122671267,10
1687,93.3903051558147,13.955815015616206,10
1688,93.41084969434702,13.963574012350836,10
1689,93.41825186275616,13.961967506959553,10
1690,93.43426699793109,13.961646412359027,10
1691,93.54483498372544,13.940846533193103,10
1692,93.67969060718572,13.912302234949816,10
1693,93.7947550392931,14.00211664776076,10
1694,93.80792396668558,14.002708229573486,10
1695,93.91966482857175,14.098068666372486,10
1696,94.1020627981791,14.14575095525035,10
1697,94.16580265171892,14.201290032483303,10
1698,94.26627626172449,14.228709003285717,10
1699,94.36846180689693,14.246380704006675,10
1700,94.47148346430913,14.341655969846057,10
1701,94.56802685302988,14.226307763250327,10
1702,94.67232145840494,14.382973815908327,10
1703,94.68132699276728,14.378949851815324,10
1704,94.78096448278356,14.414736385366512,10
1705,94.85440728011216,14.36636631236443,10
1706,94.91039033882784,14.394584210082284,10
1707,94.91839252721188,14.399691706196014,10
1708,94.97645432084794,14.374459444620923,10
1709,94.99087137590982,14.367468977848976,10
1710,95.04773060672497,14.429679548654992,10
1711,95.0585351794209,14.42853799881698,10
1712,95.07847906206057,14.431856020817044,10
1713,95.09609865692116,14.445265754697914,10
1714,95.19645442820138,14.446944814429717,10
1715,95.2138790511032,14.465679876775203,10
1716,95.26895381718367,14.498266118995213,10
1717,95.29121792531194,14.481858771526117,10
1718,95.39544307275722,14.466883958056295,10
1719,95.4937025986941,14.479521472207617,10
1720,95.50553022420885,14.474637399510515,10
1721,95.66792690741538,14.529410881582821,10
1722,95.72163088431577,14.618999479612159,10
1723,95.72739060646553,14.619044207989456,10
1724,95.78597987523531,14.705511645554525,10
1725,95.84990504542473,14.792491665227999,10
1726,95.85757100149317,14.7875432992171,10
1727,95.87409051611328,14.780043963089168,10
1728,95.87823863462086,14.78057250417567,10
1729,95.88819905712168,14.773215260648453,10
1730,95.90915201129872,14.775174008563877,10
1731,95.92064257606964,14.778317132916147,10
1732,96.02198757167774,14.696119472125448,10
1733,96.0660296024386,14.696853636141459,10
1734,96.0772246947819,14.699993986764081,10
1735,96.08985827282693,14.68880753093966,10
1736,96.19574611091029,14.727899956592601,10
1737,96.20067024124063,14.724795565246945,10
1738,96.25731731027426,14.67251417618009,10
1739,96.30896506650318,14.617612949903059,10
1740,96.32895622769172,14.606974271456874,10
1741,96.38433605430284,14.67501773002548,10
1742,96.48315071268831,14.723698632022435,10
1743,96.57967343279634,14.768318594850935,10
1744,96.62925134264731,14.839116469680924,10
1745,96.6823289218261,14.909159250619892,10
1746,96.735911217763,14.91569888392782,10
1747,96.78950912788105,14.890818564835524,10
1748,96.93214819898004,14.848665016747288,10
1749,96.9391394107454,14.844711463421266,10
1750,96.94451185370163,14.850393859805395,10
1751,97.04047249827381,15.00973615882802,10
1752,97.05964202360863,15.021585522950517,10
1753,97.06183325792402,15.020936190049966,10
1754,97.13325173729417,15.01995964009104,10
1755,97.24068340137258,14.967551574795595,10
1756,97.26075942485936,14.968574701550525,10
1757,97.36482908463542,14.926551389296577,10
1758,97.48400148811018,14.930193286211662,10
1759,97.53924009810595,14.88797113100662,10
1760,97.54805752677933,14.891077929704151,10
1761,97.60676578531084,14.872130510619275,10
1762,97.7167300760069,14.846224823750058,10
1763,97.77256646677547,14.875538508893147,10
1764,97.7951232826516,14.888418002397072,10
1765,97.80450316577483,14.886789140544252,10
1766,97.86515700633262,14.903849765355949,10
1767,98.02115964875159,14.843804864406234,10
1768,98.12867931280599,14.849273258390467,10
1769,98.19453453576395,14.775416719497837,10
1770,98.20082170266002,14.773046029915818,10
1771,98.20934775213449,14.766965616046985,10
1772,98.22090666360523,14.766416802461283,10
1773,98.28366299051129,14.702581421871383,10
1774,98.29571756326352,14.702633501345538,10
1775,98.32602221849619,14.694310540463176,10
1776,98.34722296416335,14.67908134598402,10
1777,98.40921081427697,14.720344613329623,10
1778,98.41967078553468,14.721961788806285,10
1779,98.48903117936148,14.680868747998565,10
1780,98.5023061271917,14.69296840622369,10
1781,98.50797055174785,14.691054421895316,10
1782,98.52204546234763,14.696257722000896,10
1783,98.54591332887465,14.71087740396178,10
1784,98.64946642435635,14.68860693678359,10
1785,98.67484473570725,14.689401620845382,10
1786,98.74218226020379,14.681790137397144,10
1787,98.74963579967189,14.676390049192243,10
1788,98.81695657191601,14.613693158812305,10
1789,98.86857706058532,14.597035551674747,10
1790,98.87669365764475,14.59236299705791,10
1791,98.9300051077293,14.536402184094603,10
1792,98.93294261918331,14.537993198403683,10
1793,99.03178796514837,14.687848130177622,10
1794,99.0963256617695,14.775432394062324,10
1795,99.17576575153245,14.826547448423376,10
1796,99.1964550957746,14.809333786644427,10
1797,99.2646992392292,14.84449629228898,10
1798,99.32093756696557,14.851868948871276,10
1799,99.37206718968758,14.790942378745768,10
1800,99.38231311312467,14.798962469899294,10
1801,99.41521251492199,14.785376479315337,10
1802,99.42198423094672,14.785151835527191,10
1803,99.52139351753488,14.766695385396636,10
1804,99.58557758716367,14.787957979256301,10
1805,99.60978358295385,14.788025534216203,10
1806,99.61537661973648,14.794795331248103,10
1807,99.67831561802666,14.737612739391935,10
1808,99.68790859564078,14.737280318736568,10
1809,99.74138214028692,14.770314409375665,10
1810,99.74666949503097,14.769322136639078,10
1811,99.8593406647024,14.692046655553858,10
1812,100.01670003950736,14.65432770913186,10
1813,100.07245949566132,14.604989309177654,10
1814,100.17104949673016,14.52476058632273,10
1815,100.22376028537713,14.469678658297795,10
1816,100.27932789581692,14.4148257173195,10
1817,100.38714204232915,14.410348987978011,10
1818,100.45291979896174,14.437340803316973,10
1819,100.50401329558741,14.379491975188614,10
1820,100.61265827470348,14.37757493840823,10
1821,100.61997229100581,14.374764016305168,10
1822,100.6246575013333,14.374393909205951,10
1823,100.63122959957012,14.3720375523505,10
1824,100.68086843411429,14.320800950155123,10
1825,100.77659173126192,14.288953384143033,10
1826,100.84056554024258,14.366364594941434,10
1827,100.90605734954197,14.304949006720754,10
1828,100.92414245717762,14.291382649302715,10
1829,100.93614571830572,14.290017360052666,10
1830,100.96268663705935,14.279655822649197,10
1831,101.02331383716661,14.231318129549246,10
1832,101.0307312790806,14.229605319156851,10
1833,101.03798450947157,14.225502519875361,10
1834,101.04219626379266,14.225110911264007,10
1835,101.05999665683845,14.233492200798558,10
1836,101.07684406451435,14.21621258521302,10
1837,101.0825697081245,14.214453416801353,10
1838,101.14435027023987,14.242122060105341,10
1839,101.16450909210212,14.228797328007627,10
1840,101.2204187185538,14.254089060537503,10
1841,101.23996693636221,14.253077285799494,10
1842,101.26293776341274,14.229086828623602,10
1843,101.27016224482863,14.22869237253418,10
1844,101.2794653781903,14.228306797796671,10
1845,101.34478508603891,14.29110895173953,10
1846,101.35268949773472,14.284132872649792,10
1847,101.38922365991249,14.266251158815843,10
1848,101.3921633788551,14.266319560566325,10
1849,101.44896879522301,14.215835986690399,10
1850,101.47419345517919,14.199698081241445,10
1851,101.52685521510152,14.13997875742991,10
1852,101.55872491893513,14.122969716533197,10
1853,101.56959404346681,14.115170442900876,10
1854,101.66853550576768,14.094169335294318,10
1855,101.67272428977944,14.091765360851893,10
1856,101.73050027856078,14.17088985392126,10
1857,101.82643608792444,14.27684350207008,10
1858,101.93121006363731,14.39227716519853,10
1859,101.95210700616228,14.393899030278018,10
1860,102.01837227716678,14.368836554978062,10
1861,102.02597705515495,14.36970648137862,10
1862,102.13386719496509,14.341076694099531,10
1863,102.19192443689053,14.274231940481943,10
1864,102.24559629922722,14.216982078692968,10
1865,102.26183784773623,14.212254499172404,10
1866,102.26948790993188,14.214615493109282,10
1867,102.37605093904241,14.250881632138476,10
1868,102.43670969993039,14.18907159390871,10
1869,102.48660863623131,14.224722966062489,10
1870,102.54001764805355,14.24461538513162,10
1871,102.62085334214676,14.218178431139755,10
1872,102.66809859666242,14.237265351800124,10
1873,102.6801497649445,14.240197125533395,10
1874,102.69246732335698,14.241571941924038,10
1875,102.71255321699375,14.236444854977494,10
1876,102.7706699612867,14.3024864823321,10
1877,102.87414412603212,14.360828190352098,10
1878,102.88818423337179,14.371231569779255,10
1879,102.89617252254713,14.3675945120369,10
1880,103.04206918890858,14.34744833616271,10
1881,103.10546176809203,14.367700653811866,10
1882,103.11513256509522,14.362533722858167,10
1883,103.17359111209942,14.298215376330718,10
1884,103.19171729097032,14.300372898781541,10
1885,103.24902400658634,14.296021289384422,10
1886,103.34943808246457,14.226204376079352,10
1887,103.36354886392027,14.234864797468639,10
1888,103.46875710600196,14.308189968090108,10
1889,103.53032819584773,14.361650326400476,10
1890,103.63535050908722,14.417766872486625,10
1891,103.7341911284951,14.342766295610726,10
1892,103.75725116260159,14.367166925505515,10
1893,103.86393484916172,14.355135495001464,10
1894,103.88094839936821,14.344386911306493,10
1895,103.89582089609323,14.345623168438935,10
1896,103.94027915308637,14.313434155763671,10
1897,104.04272353813482,14.274336039958246,10
1898,104.04817855926436,14.272842410083856,10
1899,104.0610452224458,14.26490066851614,10
1900,104.16126026077264,14.19468086115836,10
1901,104.21418883561482,14.233477941126395,10
1902,104.2678219763879,14.29954714664716,10
1903,104.322716632227,14.324490056317966,10
1904,104.33484826514163,14.325880499519585,10
1905,104.4412255502067,14.332978222848341,10
1906,104.49894195997456,14.407957242141679,10
1907,104.50445722553873,14.406078783904151,10
1908,104.50977480771458,14.402439787411772,10
1909,104.51605615811857,14.398068646408426,10
1910,104.5272021106995,14.404033369551513,10
1911,104.57714941362033,14.37228201916071,10
1912,104.62854438584199,14.31907452457105,10
1913,104.70244794477387,14.394599952378266,10
1914,104.7593197362999,14.331024460280284,10
1915,104.81781533492305,14.262508616831683,10
1916,104.8246831038136,14.262096831425914,10
1917,104.83865507186825,14.247365968358116,10
1918,104.91998307279007,14.267383913177321,10
1919,105.06534840999595,14.363053892718153,10
1920,105.13553875141065,14.379357513858837,10
1921,105.14514170801965,14.376643685801081,10
1922,105.2507100232921,14.288913132663572,10
1923,105.36880987778557,14.260550069091087,10
1924,105.38135313191951,14.257437604975703,10
1925,105.39461242240955,14.255162001991216,10
1926,105.41550306728615,14.243133093446318,10
1927,105.56367767529778,14.428469491693638,10
1928,105.57640873745547,14.442567806021627,10
1929,105.63552411063013,14.462535869404283,10
1930,105.7475598144126,14.491632241982124,10
1931,105.89630831432301,14.464554449626023,10
1932,106.00365060023316,14.47367568134153,10
1933,106.05447801355433,14.454098087004297,10
1934,106.1222154799093,14.411417757168772,10
1935,106.22663584298462,14.382988941523537,10
1936,106.32313449625197,14.445965827417849,10
1937,106.37689296365681,14.527768689511865,10
1938,106.48702669369284,14.487702904276057,10
1939,106.52146197241673,14.471280000595211,10
1940,106.54257798773135,14.474362029336037,10
1941,106.55406471194222,14.479298633693315,10
1942,106.62616585274331,14.433518109669965,10
1943,106.73747459127256,14.377696998351096,10
1944,106.78707851938418,14.32136658381584,10
1945,106.89578190234405,14.288009226371493,10
1946,106.96043421200852,14.257235884208956,10
1947,107.02219065731056,14.288152790952427,10
1948,107.02911888416948,14.289982054691794,10
1949,107.05100585613016,14.27799163009208,10
1950,107.06613494687629,14.28189125337397,10
1951,107.23573976018422,14.36761314896783,10
1952,107.30500876913763,14.429199772252959,10
1953,107.31325478327292,14.42707440565259,10
1954,107.34299971560543,14.41021781887611,10
1955,107.34889469890545,14.410270171763782,10
1956,107.4079849315574,14.445829876016045,10
1957,107.43634670585985,14.451741864211616,10
1958,107.4415726804078,14.45273033727625,10
1959,107.50490501199806,14.456864298159461,10
1960,107.57434517762223,14.47481094426342,10
1961,107.64152181635481,14.50987311179422,10
1962,107.81870852250083,14.580560866356677,10
1963,107.82944637731376,14.57962165753556,10
1964,107.89202685610307,14.60211564382686,10
1965,107.89616894118392,14.600765431976052,10
1966,107.9666130986199,14.563013923923336,10
1967,108.06313016864658,14.672255711756065,10
1968,108.0881333148252,14.66449911315907,10
1969,108.14691597536327,14.702560529802,10
1970,108.16339349929589,14.696072661308225,10
1971,108.18811047826321,14.710038457815235,10
1972,108.20615109478433,14.709360953852354,10
1973,108.31262950457858,14.81465589178231,10
1974,108.32204414056375,14.812595672814368,10
1975,108.38216702207365,14.850071681493601,10
1976,108.49012768525286,14.922226036840545,10
1977,108.53424151632032,14.89650048667984,10
1978,108.54994115915243,14.886691204435863,10
1979,108.56846504746366,14.896119396058149,10
1980,108.67436438434306,14.860219271533015,10
1981,108.73662146774014,14.924123974546742,10
1982,108.73908098616866,14.924810288270875,10
1983,108.7528115065729,14.934846171177481,10
1984,108.80980499926457,14.879660047483604,10
1985,108.81355677234592,14.881175828164379,10
1986,108.86508518193584,14.913916013498966,10
1987,108.88359964802376,14.912209460163792,10
1988,108.88564482507918,14.911316909655008,10
1989,108.90797820498392,14.912284490658914,10
1990,108.9230814608167,14.9080626733357,10
1991,108.98303002237242,14.85320753144944,10
1992,109.08584230177796,14.777841732311913,10
1993,109.13607157021511,14.72818482261518,10
1994,109.15300922467877,14.734710655133476,10
1995,109.2136286645155,14.813325339745619,10
1996,109.21611210742522,14.814579567102822,10
1997,109.27022519553809,14.88726760376983,10
1998,109.34309030242653,14.804187851390646,10
1999,109.44236789714236,14.700442310701392,10
2000,109.45463943633744,14.705308197146428,10
2001,109.523181317268,14.641184812962122,10
2002,109.53533281359341,14.649209968639212,10
2003,109.59377478214253,14.715075540838347,10
2004,109.64863483504455,14.694105517314526,10
2005,109.65425061515002,14.69356347598701,10
2006,109.66851973187102,14.678380802675457,10
2007,109.68074500566055,14.670256235086448,10
2008,109.68438942125445,14.671223805362164,10
2009,109.69448659642482,14.66483879981653,10
2010,109.71344255807722,14.670726698472597,10
2011,109.73650289898224,14.65256080863299,10
2012,109.78828365043728,14.724916935736172,10
2013,109.84234659972745,14.718801827340968,10
2014,109.89666063263967,14.79324388915522,10
2015,110.01808496397257,14.78685131962731,10
2016,110.12539542251452,14.891487260943597,10
2017,110.2549129356727,14.826296406844815,10
2018,110.3113465092933,14.769549056164996,10
2019,110.33193842775276,14.765270916638764,10
2020,110.35107711036476,14.758480130736114,10
2021,110.40820349866358,14.715393153135052,10
2022,110.5701665498002,14.793511468219728,10
2023,110.6235786210955,14.74381794568306,10
2024,110.67897429958688,14.71321079174357,10
2025,110.69012150315743,14.713013842860292,10
2026,110.71868600477208,14.735825034831684,10
2027,110.78639365720531,14.811718304494384,10
2028,110.79393849338078,14.806660731637677,10
2029,110.80562325723763,14.799007432792113,10
2030,110.91789860774638,14.900658978079408,10
2031,110.97292650605259,14.933325127586203,10
2032,111.02546117826894,14.964651413082507,10
2033,111.07627683778578,15.000625351633674,10
2034,111.08547684729012,15.00807701511984,10
2035,111.14033072114731,15.084393084887946,10
2036,111.15394207856068,15.09254389415149,10
2037,111.16489615100242,15.09139182218756,10
2038,111.21554023557182,15.122835754871199,10
2039,111.24034093018702,15.135693256857076,10
2040,111.29421152246009,15.21087653898061,10
2041,111.36857596157185,15.140014872755811,10
2042,111.38506182328385,15.141356855807235,10
2043,111.4459517801707,15.220358840101795,10
2044,111.45556518629868,15.222467267741575,10
2045,111.46597240965431,15.22739606673053,10
2046,111.48190649450574,15.23285257310104,10
2047,111.49976271680956,15.225271476432512,10
2048,111.50381161143757,15.223617474321061,10
2049,111.55495991130093,15.172960117281336,10
2050,111.61194871515326,15.147035253847706,10
2051,111.62492860062432,15.14765586059849,10
2052,111.73571354113737,15.125700289640085,10
2053,111.79205188037197,15.202853745613245,10
2054,111.85309385269775,15.159754396156298,10
2055,111.86767894702282,15.160772359899836,10
2056,111.91480245805857,15.11961235574082,10
2057,111.92171475934076,15.118178011507922,10
2058,112.06987452044284,15.048987082324,10
2059,112.08439156930062,15.045700226592599,10
2060,112.19925373978356,15.092988781537487,10
2061,112.25968775009672,15.167042055747643,10
2062,112.31521929352466,15.193407126179174,10
2063,112.36248955326337,15.131831158115144,10
2064,112.41891058756046,15.204668958261847,10
2065,112.42386478173027,15.207482823006911,10
2066,112.45207804953891,15.20313598291836,10
2067,112.50769836048691,15.23018909929992,10
2068,112.5131323242316,15.230355632233964,10
2069,112.51867382408182,15.23247061941283,10
2070,112.57859866022179,15.273212884926046,10
2071,112.63186366746598,15.22456546125093,10
2072,112.64457238230595,15.232182779318496,10
2073,112.65715814003447,15.23341082571463,10
2074,112.7198919481084,15.27847199663316,10
2075,112.80140124457216,15.327010845159478,10
2076,112.82393213648436,15.335561218180604,10
2077,112.86639533412934,15.310967494895117,10
2078,112.9551335682481,15.263595978516703,10
2079,113.01003854904278,15.342747770528362,10
2080,113.08672137137776,15.267806977786234,10
2081,113.15062964118229,15.224681848647252,10
2082,113.25266682846825,15.297323484087803,10
2083,113.28047411618782,15.290828701368321,10
2084,113.28749421094912,15.285445765343125,10
2085,113.39386403301619,15.210339338602338,10
2086,113.4444618626244,15.16605151508616,10
2087,113.47115149993127,15.147003932843868,10
2088,113.47962801354659,15.146482129306024,10
2089,113.58549927111599,15.077116369297086,10
2090,113.63576173890658,15.163175064667175,10
2091,113.73956117050946,15.31650300842036,10
2092,113.74614569001506,15.315537364716524,10
2093,113.85451560957411,15.35538588450201,10
2094,113.95849912265626,15.242984630783958,10
2095,114.02081934870401,15.202058613388832,10
2096,114.0326223050669,15.189594352659812,10
2097,114.04354509288972,15.187743578928464,10
2098,114.0978397845405,15.268650927650118,10
2099,114.10895091302896,15.266630930582892,10
2100,114.13424487837383,15.28062014740669,10
2101,114.1845055821647,15.231348521982424,10
2102,114.19095087819483,15.226876408757402,10
2103,114.34151603871597,15.275960396985365,10
2104,114.41125405009868,15.321660928418643,10
2105,114.51921132865353,15.294519560935104,10
2106,114.57108569788303,15.246020117967019,10
2107,114.57329209424822,15.245205970891424,10
2108,114.59179835013352,15.250990848654402,10
2109,114.69195481001228,15.1937782696932,10
2110,114.71860467156611,15.20276422125422,10
2111,114.76784692071949,15.28941498678188,10
2112,114.77979033867545,15.2822472477683,10
2113,114.88165282505322,15.33085445512845,10
2114,114.93624811010356,15.421840404338823,10
2115,114.98813152264293,15.378545255215169,10
2116,115.03990814863599,15.467640792422092,10
2117,115.0962438764213,15.5007665944767,10
2118,115.11667003945874,15.498052518702131,10
2119,115.13359876496591,15.510317861895532,10
2120,115.14442498901592,15.525815802137117,10
2121,115.20218800585367,15.478775912417591,10
2122,115.21504656956776,15.477704850101276,10
2123,115.2752302609584,15.43501350103599,10
2124,115.28871223160533,15.42980061623927,10
2125,115.30376368295671,15.42951832665925,10
2126,115.3676535214012,15.499285771750936,10
2127,115.3848896419601,15.490369061064568,10
2128,115.39573041472377,15.490727859672118,10
2129,115.41413133637752,15.508195513824173,10
2130,115.47443259182248,15.53007547145902,10
2131,115.48288667590244,15.533853749167038,10
2132,115.59213206728114,15.477652949738761,10
2133,115.70715650505221,15.457173016188747,10
2134,115.76675215058269,15.42169137675994,10
2135,115.82849836350859,15.511383382399213,10
2136,115.88419053968737,15.46733382145287,10
2137,115.89051037927705,15.472437693303924,10
2138,115.96483262298243,15.409992918703587,10
2139,116.03797712788374,15.365173012460364,10
2140,116.1361211551484,15.278870896810105,10
2141,116.21735880506165,15.238705912110625,10
2142,116.27458213703203,15.271192378094291,10
2143,116.30073316818834,15.289917041347682,10
2144,116.3116884782725,15.281786713469609,10
2145,116.32142115101269,15.278180358343922,10
2146,116.33380971224116,15.283502118341092,10
2147,116.33770748917054,15.283427067537815,10
2148,116.36365849116623,15.27391230985658,10
2149,116.37834310316741,15.27964180969778,10
2150,116.38830007438636,15.275581081662159,10
2151,116.41376518390919,15.289624666362009,10
2152,116.49450781382328,15.24693976720029,10
2153,116.5130974459662,15.268519481406882,10
2154,116.571125904843,15.34891217446454,10
2155,116.58137708217797,15.356888014389959,10
2156,116.59491251361028,15.351871856416908,10
2157,116.61220132819048,15.343540347478775,10
2158,116.62474742634872,15.333999663382228,10
2159,116.67455140436172,15.36584876400123,10
2160,116.72863535896843,15.294492843346164,10
2161,116.73758181968692,15.293624567183628,10
2162,116.80031725918255,15.25092240168309,10
2163,116.80751854488551,15.248190155080009,10
2164,116.82204950744452,15.244920304833515,10
2165,116.87530839492311,15.23439390511845,10
2166,116.88674706959573,15.232547548640095,10
2167,116.89796265964351,15.220272137638101,10
2168,116.9087793733423,15.219769606190317,10
2169,116.9590008159707,15.183701332416929,10
2170,117.01101482870072,15.171485947806588,10
2171,117.07427935905041,15.15767484045951,10
2172,117.09705209088379,15.174832151509957,10
2173,117.14974808816862,15.137836950645255,10
2174,117.2632356065827,15.254555547346312,10
2175,117.31516849383641,15.224457256307234,10
2176,117.32945751685683,15.223295826464945,10
2177,117.39263293371678,15.31494663404324,10
2178,117.40909910094499,15.312633852488949,10
2179,117.51036645348536,15.30835606642809,10
2180,117.52987613691653,15.312269381417355,10
2181,117.54161063397233,15.310742889955522,10
2182,117.64795342923756,15.282864178136926,10
2183,117.65518394228425,15.29055198306951,10
2184,117.65870513841666,15.28935278683995,10
2185,117.66425540606392,15.285871943741945,10
2186,117.72102238745637,15.27865144925985,10
2187,117.73285018251154,15.278744510451245,10
2188,117.79281835789092,15.240961304461264,10
2189,117.80356759729554,15.239916765458508,10
2190,117.80818264818694,15.239507945550484,10
2191,117.82233618139597,15.248127683992792,10
2192,117.87716302595186,15.24459576360868,10
2193,117.946228143757,15.218666700268862,10
2194,118.11047512387438,15.161896553304688,10
2195,118.16352426731302,15.257451790634999,10
2196,118.2192873248641,15.206102490588881,10
2197,118.23278547178279,15.200286168777147,10
2198,118.2398513064614,15.200268415290054,10
2199,118.2560657897288,15.203385767876775,10
2200,118.30592184414313,15.238703798408505,10
2201,118.36227809064266,15.161733825803209,10
2202,118.4258346008996,15.245257340063647,10
2203,118.44043960871643,15.253614716501868,10
2204,118.51126861792338,15.331432272357961,10
2205,118.58359345522479,15.288958684686483,10
2206,118.58646159008478,15.287719801320703,10
2207,118.59699299860681,15.293030877619016,10
2208,118.60734699311756,15.287836698576774,10
2209,118.61275745615653,15.285676983383329,10
2210,118.69499704703325,15.277191064279963,10
2211,118.74513777772475,15.273393799067419,10
2212,118.74758273048758,15.273454608367945,10
2213,118.8492447826796,15.222096357988837,10
2214,118.92268869026142,15.24460313291998,10
2215,118.98721298204286,15.203321549870292,10
2216,119.04057915294577,15.235389437928214,10
2217,119.10088031390481,15.27411854117252,10
2218,119.12451774219957,15.283010395426182,10
2219,119.13403497600216,15.289698579001266,10
2220,119.1909616410434,15.301096441307246,10
2221,119.19289135890281,15.301412655446327,10
2222,119.2420185605594,15.396783167181523,10
2223,119.29753454569894,15.321767211759086,10
2224,119.34966215411755,15.299915768232568,10
2225,119.4259517616786,15.331547527693841,10
2226,119.48550294154361,15.380086071442834,10
2227,119.48977006772093,15.381382899100288,10
2228,119.50516889605402,15.370812366161239,10
2229,119.51187867200247,15.369384286961324,10
2230,119.56905389692015,15.418434667237277,10
2231,119.57202708125278,15.418422493097609,10
2232,119.62947176521536,15.384003541327884,10
2233,119.64550773164186,15.387253316473345,10
2234,119.64988412061446,15.387016686806852,10
2235,119.67876838494519,15.38839120269331,10
2236,119.73605150873388,15.424719243571511,10
2237,119.75961554326554,15.427588526262102,10
2238,119.788602049764,15.434481335161646,10
2239,119.84476443293832,15.476141407361109,10
2240,119.90845960712052,15.441961195171386,10
2241,120.01485376957926,15.371161397802311,10
2242,120.02855972170309,15.377444276271504,10
2243,120.04423749436702,15.379617030107942,10
2244,120.04870835903975,15.38242933713769,10
2245,120.10266515688815,15.331872483024219,10
2246,120.10747802200501,15.32846015294462,10
2247,120.16038119234243,15.377591647518635,10
2248,120.21366557981219,15.415565202110857,10
2249,120.22910313286857,15.420357758477147,10
2250,120.23778817032283,15.419393973485937,10
2251,120.24237879847513,15.420349477938752,10
2252,120.25128826165385,15.418991282743045,10
2253,120.3059503990387,15.439343256773807,10
2254,120.32994183451422,15.418468324237564,10
2255,120.34225563379218,15.428499141872596,10
2256,120.35772450987824,15.420019054776608,10
2257,120.37003909783039,15.429271045942643,10
2258,120.44628784310893,15.420819019068073,10
2259,120.5172795993255,15.459093942817237,10
2260,120.57084027696155,15.514593459978988,10
2261,120.67365456775083,15.434668379804842,10
2262,120.73242942834472,15.443364461466269,10
2263,120.7434660294078,15.44011515822877,10
2264,120.79184784109614,15.48368934556062,10
2265,120.80692341944288,15.506397398638969,10
2266,120.85745770377426,15.503311483243525,10
2267,120.95790533837865,15.582395385093596,10
2268,121.04983145846627,15.602419762150616,10
2269,121.09939836011272,15.692540805996272,10
2270,121.14901950862482,15.64573278217654,10
2271,121.2973607097545,15.741002385219362,10
2272,121.31940991258857,15.739811096266692,10
2273,121.32774329845218,15.745598889630026,10
2274,121.4525194378419,15.787420826951221,10
2275,121.47321896528214,15.794494438885978,10
2276,121.47660580608775,15.796402394364469,10
2277,121.53789997093695,15.772373610489883,10
2278,121.54382410192036,15.768051562984423,10
2279,121.56088799605871,15.773016171408099,10
2280,121.57300403886606,15.778564442546106,10
2281,121.57568005535343,15.776165843289371,10
2282,121.58138838616121,15.776948576157931,10
2283,121.58973407134397,15.78028507509614,10
2284,121.65161099550167,15.741940520465386,10
2285,121.66009419772237,15.746184329409065,10
2286,121.66677099355032,15.75030381138893,10
2287,121.69576099523695,15.733551998788995,10
2288,121.79932758789838,15.757929320933725,10
2289,121.85136262940883,15.77502992892618,10
2290,121.86163405332547,15.77404702796142,10
2291,121.87056928909558,15.776158724264931,10
2292,121.92942481310438,15.863628113520381,10
2293,121.98308020505496,15.91975577956949,10
2294,122.13798286547993,16.06512644292901,10
2295,122.19045040931375,16.102886229645833,10
2296,122.24293424461587,16.151734470700603,10
2297,122.25325614702112,16.15750997585227,10
2298,122.33379493801961,16.180398077402767,10
2299,122.39696124427367,16.138813035210987,10
2300,122.4988323352432,16.088272387352475,10
2301,122.57555753454218,16.10688098111708,10
2302,122.60378343508583,16.08674690272564,10
2303,122.61630235339729,16.09348176940858,10
2304,122.73980578969403,16.05507750276998,10
2305,122.81263071853303,16.08775754230937,10
2306,122.83631542129385,16.06911522550677,10
2307,122.84268215712363,16.075475321025465,10
2308,122.89319019134427,16.001789434160248,10
2309,122.89672565417679,16.002512258476653,10
2310,122.95033329718179,16.023106099745302,10
2311,122.97081871277237,16.01380390765522,10
2312,123.0225087039793,16.09925239312638,10
2313,123.07817191532838,16.020747654493587,10
2314,123.13275689289586,16.11408755376067,10
2315,123.14323664133845,16.114004106874997,10
2316,123.19953265541271,16.082443319174995,10
2317,123.21414098313846,16.073943230868284,10
2318,123.26399012064648,16.13260512124123,10
2319,123.27210616467687,16.12823171189311,10
2320,123.33053973654364,16.107617862656067,10
2321,123.38228303775693,16.12348996864019,10
2322,123.40173270078375,16.13439798207819,10
2323,123.46311715797154,16.121059182093614,10
2324,123.52474104893159,16.067974113888052,10
2325,123.62851146824565,15.965029546013117,10
2326,123.64915834694588,15.97530089541263,10
2327,123.66192081103381,15.97437041588522,10
2328,123.69197696804629,15.954188457383399,10
2329,123.74823299901186,15.946025771181827,10
2330,123.7605118406794,15.937668861415021,10
2331,123.87256561381487,15.990194762814511,10
2332,123.8896747067333,15.977995403287364,10
2333,123.95276161714878,16.04910073661876,10
2334,123.95719360697203,16.049333559905076,10
2335,124.05605754740733,16.09639249585789,10
2336,124.10958827046761,16.017748525978313,10
2337,124.11990611804188,16.010631977362266,10
2338,124.17368256100958,15.97989157637633,10
2339,124.22920334866873,15.974125941698993,10
2340,124.29625408955886,16.02102114536182,10
2341,124.34988347764272,16.111665880847024,10
2342,124.36985625046718,16.105534319964445,10
2343,124.48866660733161,15.99454796866629,10
2344,124.55436806720586,16.07771671555396,10
2345,124.56027690183187,16.07776474735966,10
2346,124.57157088340003,16.089883573698003,10
2347,124.76943998767588,16.061130051671377,10
2348,124.78723215200641,16.06905247139509,10
2349,124.80504968602705,16.064527947837675,10
2350,124.81876681694806,16.054670480641168,10
2351,124.82232792337068,16.051295119813602,10
2352,124.87212382603491,16.031869467724274,10
2353,124.94108586490282,16.081856483261486,10
2354,124.95117841910246,16.07660433280698,10
2355,125.0095376227511,16.14455279721662,10
2356,125.0171294480454,16.138068828312196,10
2357,125.12308823863478,16.19085703591382,10
2358,125.13307392523811,16.18175453529017,10
2359,125.1883661706485,16.139872919938945,10
2360,125.20771038023254,16.128084747426893,10
2361,125.26854826076014,16.18342405638419,10
2362,125.30076764443902,16.172474328476618,10
2363,125.30910008233313,16.171543376073213,10
2364,125.33203549773368,16.179074995552188,10
2365,125.38550559744934,16.194334050295236,10
2366,125.39017567972546,16.191344033611536,10
2367,125.40049782234857,16.18697618745283,10
2368,125.40685281487023,16.18263778489234,10
2369,125.45546802078657,16.24527110351895,10
2370,125.47392888005666,16.22659601453997,10
2371,125.55022068850465,16.225826571869256,10
2372,125.6052652332534,16.240870151446824,10
2373,125.66644093516656,16.257582385040568,10
2374,125.67309507317327,16.258573477590605,10
2375,125.68763246938029,16.26906454418777,10
2376,125.7278358877875,16.32094172572787,10
2377,125.79227845387018,16.324934337455545,10
2378,125.84869497908315,16.406621701565363,10
2379,125.91951988398644,16.34288310210096,10
2380,125.93683512490301,16.33791020473058,10
2381,125.94781910998006,16.341026873842445,10
2382,125.95795982826283,16.336997431032763,10
2383,126.01540640865944,16.352389806016593,10
2384,126.06821849894845,16.378967379170817,10
2385,126.1735752905571,16.46135659769053,10
2386,126.22278455408404,16.55041254828262,10
2387,126.23872960943254,16.549373978556535,10
2388,126.29216152538193,16.573483224557247,10
2389,126.29978222796547,16.573583231422948,10
2390,126.30705897115145,16.577946126709556,10
2391,126.31441902703746,16.57762407074825,10
2392,126.38102481010883,16.629837776857794,10
2393,126.39025847013075,16.634367755893834,10
2394,126.45543900992534,16.676051738548125,10
2395,126.51728958021997,16.73057987794329,10
2396,126.5746341912765,16.751864238926707,10
2397,126.62341017353356,16.841408766393883,10
2398,126.62581092456317,16.840060276420896,10
2399,126.64692874890048,16.841998411624736,10
2400,126.69120772085691,16.83152784814756,10
2401,126.69614259114681,16.833997846816082,10
2402,126.74146835938578,16.829469304933873,10
2403,126.7984033131539,16.888876583942896,10
2404,126.8162089736397,16.88903315762643,10
2405,126.84585414226983,16.873070748458105,10
2406,126.9068060316594,16.79587401328146,10
2407,126.96894900263146,16.82393075921384,10
2408,126.97462110339275,16.821971111438202,10
2409,127.02588704664326,16.859242855264224,10
2410,127.03362342357973,16.862414392399998,10
2411,127.12972601539518,16.82051588879209,10
2412,127.1454571582295,16.82068587449717,10
2413,127.21555231329198,16.79941701944196,10
2414,127.28104773651846,16.843569082104942,10
2415,127.37098486208917,16.90597500654297,10
2416,127.4210815642665,16.862737331905606,10
2417,127.5335218103886,16.890945235681883,10
2418,127.5429797487355,16.897338164436594,10
2419,127.5539986866717,16.890152262831002,10
2420,127.56399774607698,16.882813908022126,10
2421,127.57771512333325,16.871943755778847,10
2422,127.58773752436123,16.865284661429193,10
2423,127.60637153366001,16.876767372742513,10
2424,127.66229662504877,16.853449709128526,10
2425,127.72536082188712,16.82318231911805,10
2426,127.75958499194965,16.8435869266028,10
2427,127.81263324292043,16.93480149177785,10
2428,127.8709324944002,17.027175920705293,10
2429,127.87722818999086,17.02510364894888,10
2430,127.89624836692852,17.02892479647776,10
2431,127.91566156883466,17.02333523999938,10
2432,127.92125877402027,17.025719806157117,10
2433,127.92634228988338,17.02337733976292,10
2434,127.93747017221624,17.023302903100262,10
2435,127.9548311566173,17.026826593196454,10
2436,128.05926765318932,16.94755460971361,10
2437,128.17194487239863,16.895467143956193,10
2438,128.18918540366732,16.895158846024533,10
2439,128.19614492125893,16.894338207549072,10
2440,128.20524386163476,16.896138943450882,10
2441,128.26702820571828,16.946309697293415,10
2442,128.28543688565657,16.95646852793892,10
2443,128.3452517115578,17.044774921099673,10
2444,128.40348306276388,17.052361659528543,10
2445,128.42283507162324,17.053772826839484,10
2446,128.43067798699013,17.052765615638986,10
2447,128.44257010808084,17.04864305422746,10
2448,128.50103755266156,17.108725354483564,10
2449,128.50387694851958,17.110235140885738,10
2450,128.56862330766356,17.12598767398957,10
2451,128.6203168038039,17.08716467141395,10
2452,128.63037419269068,17.090657603305857,10
2453,128.6443446053021,17.089509205408497,10
2454,128.65124322436463,17.091100825197856,10
2455,128.65611627635792,17.088419611644973,10
2456,128.7072034257609,17.045144708362145,10
2457,128.76904743051045,16.96442433416946,10
2458,128.77200598276545,16.964611519997305,10
2459,128.82431572515037,16.921415649893433,10
2460,128.82708039099447,16.9199847793407,10
2461,128.9391582972405,16.961492692779046,10
2462,128.98985100038573,16.981234751470424,10
2463,129.00435393446588,16.970334556820568,10
2464,129.06492981315643,17.05188014334128,10
2465,129.08894083250894,17.059293281238133,10
2466,129.092294536489,17.058120714691373,10
2467,129.1461454411302,17.013910801159994,10
2468,129.1992008950632,16.9762511087264,10
2469,129.21361395178843,16.995716292652823,10
2470,129.31806259712266,16.947460693670642,10
2471,129.37460895158864,16.899906960439356,10
2472,129.43773001785578,16.97964424138281,10
2473,129.49816618762242,16.952733122251093,10
2474,129.5132542810373,16.952249795659867,10
2475,129.51917004999194,16.94917818261168,10
2476,129.5238872625439,16.949566237514556,10
2477,129.55510060353836,16.946612769656646,10
2478,129.62202316616856,16.93373729842596,10
2479,129.68493676344244,16.910259193321075,10
2480,129.78296668853534,16.85402463366396,10
2481,129.8332006924418,16.85532485080917,10
2482,129.8872244809364,16.77659622636252,10
2483,129.94858812098806,16.731974837734594,10
2484,130.0094479274084,16.70851105807588,10
2485,130.08653257621395,16.642112086637777,10
2486,130.091289992011,16.63911327205286,10
2487,130.18863852240355,16.712774628569903,10
2488,130.25228794335925,16.661374678578465,10
2489,130.34881884867409,16.583565156453002,10
2490,130.35777459167315,16.595781444224578,10
2491,130.42873621794462,16.589760253980085,10
2492,130.5404560555311,16.469491509072782,10
2493,130.71177939772636,16.33480877756572,10
2494,130.71395551070083,16.333882611605922,10
2495,130.73004218009905,16.318989236077133,10
2496,130.7869672322634,16.244564080876646,10
2497,130.8420821028283,16.344639046073823,10
2498,130.90151381646018,16.43958899703094,10
2499,130.91143300091977,16.43642028692806,10
2500,131.0260173827824,16.40368934828415,10
2501,131.03925469968604,16.398872253470085,10
2502,131.13686185428156,16.30935633253404,10
2503,131.2073775298192,16.29806613990325,10
2504,131.22397176516165,16.27804580680682,10
2505,131.39781698827713,16.277646457855326,10
2506,131.46347510706315,16.25510916047933,10
2507,131.56490903989655,16.17377289267429,10
2508,131.66902126981847,16.0971960404107,10
2509,131.7250788239765,16.19699749410425,10
2510,131.7438611086073,16.19462446295287,10
2511,131.80711083003106,16.212953018431023,10
2512,131.8101393474297,16.211883067335794,10
2513,131.86448856751076,16.165860895897104,10
2514,131.92473078012642,16.11841502949476,10
2515,131.93442211510035,16.118470465136223,10
2516,131.99587581574784,16.032091214046037,10
2517,132.02574543389886,16.022573881411383,10
2518,132.0530831078667,16.016327109592112,10
2519,132.10366947787463,16.016148414960202,10
2520,132.1081379818806,16.016637835139836,10
2521,132.11639805864738,16.018359435444815,10
2522,132.16528651919776,15.978772437273214,10
2523,132.21464859125473,15.940647062134717,10
2524,132.26911708566846,16.03890829287664,10
2525,132.2881607174615,16.03425537437209,10
2526,132.3475571677091,16.05493873959704,10
2527,132.39871686113293,16.112866209644203,10
2528,132.501313557106,16.168735161013476,10
2529,132.60148234364007,16.183982591896505,10
2530,132.61455966722207,16.18147762092989,10
2531,132.66415855343578,16.275827252673228,10
2532,132.6715027827656,16.276540757868524,10
2533,132.6733151431486,16.276317687591092,10
2534,132.70004622753137,16.272174515710045,10
2535,132.70129653363728,16.271977585339116,10
2536,132.75840539800595,16.333265622036414,10
2537,132.861820908594,16.27528096189951,10
2538,132.8762877833525,16.273947031731538,10
2539,132.92964941771913,16.23279010223873,10
2540,132.96299701744857,16.246622939120275,10
2541,133.02671456174437,16.28524485199245,10
2542,133.0765488539956,16.32160948320096,10
2543,133.12952784658256,16.286636564119835,10
2544,133.14311821092957,16.294375951115185,10
2545,133.15253514900758,16.29294481471097,10
2546,133.16196562598026,16.304576098716726,10
2547,133.21410593743778,16.284977656041587,10
2548,133.2172508891291,16.284485346009177,10
2549,133.27448662258558,16.28381244657615,10
2550,133.38081693237618,16.23869547931963,10
2551,133.43817191020693,16.341219269711786,10
2552,133.44370664992968,16.34347324573231,10
2553,133.4556673283618,16.343445584692812,10
2554,133.5097479759435,16.358013505903465,10
2555,133.5287107591897,16.365602305033907,10
2556,133.58592499981495,16.354632584556548,10
2557,133.6926486482215,16.367164295301286,10
2558,133.7623392635997,16.334337483095233,10
2559,133.77939532458754,16.31983985625359,10
2560,133.79813388228908,16.31324994834038,10
2561,133.81014061241848,16.298292300256065,10
2562,133.9210149258599,16.307853530102786,10
2563,133.94131124850293,16.306220138471023,10
2564,134.0099888307398,16.224524664589648,10
2565,134.0136591308655,16.224406705311527,10
2566,134.07086281892342,16.255241369940382,10
2567,134.10554761073055,16.23476890178132,10
2568,134.25973945399625,16.100331296167543,10
2569,134.27060351037676,16.10633894438291,10
2570,134.28515060076785,16.10766833345435,10
2571,134.38383844181277,16.11268285752526,10
2572,134.3949575208709,16.115171724236035,10
2573,134.41276026104777,16.11863335550047,10
2574,134.5570122841864,16.16677310087963,10
2575,134.6121523532384,16.196356454464876,10
2576,134.70696616817068,16.30797343255562,10
2577,134.71959775202288,16.303885372244913,10
2578,134.72593400911396,16.299670992974768,10
2579,134.8800264620024,16.294813142096018,10
2580,134.88392833765087,16.29634712186683,10
2581,134.9408958878771,16.3067714080771,10
2582,134.94908523759136,16.306238639942357,10
2583,135.01272679145785,16.40417839812059,10
2584,135.07748206212665,16.35872301120058,10
2585,135.1746302141403,16.488717976080423,10
2586,135.19038258796803,16.486730681218372,10
2587,135.2046066768595,16.477216366967557,10
2588,135.21619179012967,16.469254943439108,10
2589,135.2707216946688,16.434066019948823,10
2590,135.3042000974259,16.4161826766429,10
2591,135.3625336909027,16.432272413146716,10
2592,135.41386852226836,16.396869016329426,10
2593,135.4270219354129,16.39620004891257,10
2594,135.49039045746775,16.426602071362936,10
2595,135.5059975972027,16.42004565047423,10
2596,135.56215762998045,16.511919798884826,10
2597,135.6125501946931,16.608794339988073,10
2598,135.6254973649967,16.591164546962204,10
2599,135.6992252597272,16.677258154757123,10
2600,135.75519234091627,16.72571132433804,10
2601,135.76322445915437,16.718524593300256,10
2602,135.82638813668945,16.808104110364447,10
2603,135.82779106519095,16.80751246488203,10
2604,135.88522041615983,16.793945901979434,10
2605,135.89228374137681,16.789364143912387,10
2606,135.99920513699604,16.85627014132845,10
2607,136.16442581229424,16.786068111748875,10
2608,136.17727028825294,16.793664862643084,10
2609,136.238242427237,16.736831407865964,10
2610,136.24107179758948,16.736498104887666,10
2611,136.31270667390476,16.73636025942621,10
2612,136.33034738655306,16.739036094781486,10
2613,136.36868850334886,16.73705282107199,10
2614,136.41605648619066,16.727351935289803,10
2615,136.42650996341666,16.729306172214876,10
2616,136.43567285817102,16.726611256322926,10
2617,136.49072602210333,16.685325337916357,10
2618,136.52642289610995,16.659906744906237,10
2619,136.58092046763818,16.71282604784783,10
2620,136.63191437339333,16.766040900833964,10
2621,136.65855916660004,16.78287723068552,10
2622,136.76336833033298,16.85643944494161,10
2623,136.824670283237,16.919935101318778,10
2624,136.83217705006882,16.917779489735352,10
2625,136.90136385648816,16.98968388606135,10
2626,137.02005112358566,17.010974177778813,10
2627,137.03012417251242,17.00778969858409,10
2628,137.04666632144625,17.006149688491785,10
2629,137.10131759377472,16.969572127950087,10
2630,137.1596308039597,16.992637940735563,10
2631,137.17349229860048,16.990187881560864,10
2632,137.1809339200953,16.997078179953157,10
2633,137.18961717147005,16.995659271954487,10
2634,137.25472622650574,16.961776433220468,10
2635,137.27419691815925,16.953604026088225,10
2636,137.41893803230096,16.923957377385,10
2637,137.4275123679435,16.91538399936459,10
2638,137.48587857688057,16.840549687814097,10
2639,137.49254245784732,16.839023918714283,10
2640,137.5600222456002,16.84648466150713,10
2641,137.5793843088942,16.834226512677485,10
2642,137.58549256598025,16.835989324812743,10
2643,137.60560862542874,16.812078794504295,10
2644,137.6199530814829,16.818307398642663,10
2645,137.68167527640304,16.849561467098773,10
2646,137.6978856272605,16.8420121409782,10
2647,137.84366222602893,16.820818880815715,10
2648,137.85328458686365,16.820565536172218,10
2649,137.86193315046054,16.815050812141987,10
2650,137.8681035968536,16.815437254820367,10
2651,137.92252441341572,16.774015590094915,10
2652,138.03253174020614,16.736209604271277,10
2653,138.03599266575898,16.73486230200283,10
2654,138.09952603200333,16.759670114044184,10
2655,138.1517608561884,16.81906561757133,10
2656,138.20221297101878,16.771157246736937,10
2657,138.21296468221578,16.784934719911075,10
2658,138.2949624975413,16.884810966766263,10
2659,138.31285463133412,16.892386020468543,10
2660,138.32850260502912,16.8875552124297,10
2661,138.3361674499445,16.884578725190888,10
2662,138.38506588634567,16.86468815584947,10
2663,138.47258250024575,16.903033413197544,10
2664,138.48043351256956,16.908323725760905,10
2665,138.49373465927425,16.90477763439019,10
2666,138.60474467401815,16.800774112303493,10
2667,138.62265842267112,16.804480710186088,10
2668,138.7115132175043,16.77263781650263,10
2669,138.72082278917574,16.76259488348834,10
2670,138.78787681587704,16.77367300703157,10
2671,138.80305848375974,16.763230815444206,10
2672,138.91828336688417,16.763163824164604,10
2673,139.02890845719435,16.704695371227313,10
2674,139.0325096666385,16.705195970810962,10
2675,139.0929357044218,16.75918940654617,10
2676,139.24265350083687,16.61441889007941,10
2677,139.26668495962443,16.607892732931585,10
2678,139.36249201334115,16.65745049665516,10
2679,139.48817380052742,16.687133214811155,10
2680,139.65516303511782,16.825003716519017,10
2681,139.7064574972227,16.795495701683127,10
2682,139.76959502967756,16.84129050906865,10
2683,139.77232397256597,16.8409601488783,10
2684,139.78568070412592,16.83842807049405,10
2685,139.80041043424072,16.84264512168888,10
2686,139.80550522180582,16.84070402080419,10
2687,139.85772764802726,16.85865624918522,10
2688,139.9086396358768,16.874068396753277,10
2689,139.92060553715274,16.872857894966227,10
2690,139.98108150439674,16.824208774227944,10
2691,140.0060853138154,16.83362796324897,10
2692,140.0202251535008,16.822855076513576,10
2693,140.0783530664452,16.814637986616063,10
2694,140.13505193872945,16.772449476431525,10
2695,140.2438913190291,16.91011273723032,10
2696,140.24971705239187,16.909488892733172,10
2697,140.30692927091857,16.937443976293107,10
2698,140.31537774055192,16.932955112774735,10
2699,140.42049941544445,16.982871306276,10
2700,140.48121684003394,17.006219173086517,10
2701,140.5034560953015,17.00589134058134,10
2702,140.55632015242438,16.994827167603507,10
2703,140.57982462297372,17.020041084335176,10
2704,140.59226584149596,17.012060620414157,10
2705,140.64982743688864,16.99905701994279,10
2706,140.70713797114348,16.98253474772384,10
2707,140.77874039137606,17.00305811311024,10
2708,140.83352702662276,16.996637743550515,10
2709,140.8484724704223,17.015767347192984,10
2710,140.87135133980442,17.0286363668657,10
2711,140.93949792449973,16.986140261766426,10
2712,140.99447570173643,17.01341119755767,10
2713,140.99714948753768,17.013930248920843,10
2714,141.0149509972654,17.014740842991362,10
2715,141.07330374565146,17.04332642052516,10
2716,141.19130828256783,17.057735997965896,10
2717,141.24736311114304,17.04325932616608,10
2718,141.26144401167642,17.033160041258867,10
2719,141.26690493441873,17.037626426493272,10
2720,141.28513680075852,17.04198927539012,10
2721,141.33635640109412,17.03450852698333,10
2722,141.40297827287898,16.964605061938556,10
2723,141.41954570787502,16.958195458130614,10
2724,141.4329560534925,16.952504813950416,10
2725,141.53598145307345,17.006232081873108,10
2726,141.53902874264378,17.006444624221803,10
2727,141.59562000151047,17.062804939079303,10
2728,141.6033051187748,17.06127047428672,10
2729,141.65715042973633,17.056621654044463,10
2730,141.76137724160208,17.117682550856117,10
2731,141.77201750461452,17.109365804652885,10
2732,141.88129597208345,17.264839006486607,10
2733,141.91160792012676,17.25731421097306,10
2734,142.02619989461786,17.192387201816132,10
2735,142.03224239460957,17.192194985339125,10
2736,142.0840282031641,17.186363281854863,10
2737,142.14403332139557,17.14076659344531,10
2738,142.1950434483751,17.159467583453445,10
2739,142.24846999104642,17.11550235940503,10
2740,142.3692461022383,17.07596382961828,10
2741,142.47651433877337,17.08612462490468,10
2742,142.49672981605713,17.10273634466902,10
2743,142.54976026373828,17.19615429453699,10
2744,142.56308551401617,17.199588129098046,10
2745,142.56910926967348,17.19519773815149,10
2746,142.58142574434652,17.196276460551505,10
2747,142.5945561889595,17.197869264755685,10
2748,142.69356713612615,17.15725388069833,10
2749,142.7464302390537,17.24750903643301,10
2750,142.84764835371055,17.342660609089034,10
2751,142.89968042816648,17.308117421180135,10
2752,142.9538456141173,17.30282053890473,10
2753,142.9759159044926,17.2999805317723,10
2754,142.9982285341951,17.32104853481098,10
2755,143.00712648201517,17.319768254922703,10
2756,143.015303812564,17.323682746715104,10
2757,143.02417007507145,17.321489188115546,10
2758,143.08663459247998,17.35309042146111,10
2759,143.09259878062682,17.35628350299935,10
2760,143.10475047537642,17.36353041273205,10
2761,143.25482347825334,17.353627002854097,10
2762,143.2708116898055,17.358360987915862,10
2763,143.28019940918455,17.358870257112258,10
2764,143.4294085655872,17.392170433679755,10
2765,143.4329989345391,17.39480742572112,10
2766,143.49100522229838,17.396253260560183,10
2767,143.54880544016862,17.475805190609403,10
2768,143.567960783785,17.48401449538511,10
2769,143.62293125913192,17.414333498028927,10
2770,143.630679246721,17.410058531295213,10
2771,143.63546505735064,17.40839101680353,10
2772,143.64545481262388,17.409381863593364,10
2773,143.69957699245964,17.498667704957143,10
2774,143.8433608872005,17.513864326028287,10
2775,143.86547963665151,17.51544352379074,10
2776,143.8819274440738,17.50430099929391,10
2777,143.9339815891414,17.455277723184143,10
2778,144.0311846927124,17.381472557766184,10
2779,144.04390553402857,17.374389238029686,10
2780,144.0549465195362,17.376956552549863,10
2781,144.06160272087772,17.383248634033997,10
2782,144.07398498919648,17.385991083175877,10
2783,144.1320839883589,17.444854659824568,10
2784,144.2765028914153,17.632212891373978,10
2785,144.29951754883865,17.632775034869773,10
2786,144.30539769206135,17.628827403070375,10
2787,144.31534511849432,17.640726198855603,10
2788,144.42875323341954,17.671309401966806,10
2789,144.43944533288862,17.663565117376354,10
2790,144.44493504262417,17.66515881573628,10
2791,144.45707222491328,17.679646552673454,10
2792,144.5195500597435,17.645037525200262,10
2793,144.5275195552526,17.646130079232687,10
2794,144.5693657259762,17.630509059873656,10
2795,144.58428552526766,17.623477880924497,10
2796,144.74236899206002,17.536018130127896,10
2797,144.7478721006042,17.54138656646756,10
2798,144.75139888877578,17.54189684981248,10
2799,144.82058156499735,17.539293064467277,10
2800,144.93295077623264,17.471510310836283,10
2801,144.9463640292111,17.46704652369021,10
2802,144.96484175736083,17.493337094780294,10
2803,144.97788080043102,17.49245621383308,10
2804,144.98506677596353,17.48827394395444,10
2805,145.04335077738637,17.548649112794635,10
2806,145.06395309184234,17.544353114313648,10
2807,145.12693551946302,17.525590586326242,10
2808,145.1788055790106,17.526822204015918,10
2809,145.21431274130498,17.50695284357404,10
2810,145.28010328463176,17.499554608068518,10
2811,145.33989686322457,17.42994483675536,10
2812,145.35795422744445,17.43925489647746,10
2813,145.4576028923419,17.4306840624447,10
2814,145.47882225956448,17.43029369529664,10
2815,145.53978903790102,17.465509373340264,10
2816,145.55371519872142,17.46506790185355,10
2817,145.56702655187905,17.45851745283303,10
2818,145.58251165933058,17.455634207325037,10
2819,145.61191368471808,17.460153310574523,10
2820,145.6296096953764,17.45160442026667,10
2821,145.6484676739075,17.470495677108982,10
2822,145.77599352757508,17.55395579786079,10
2823,145.77993985899522,17.551078010604467,10
2824,145.8953354799276,17.6036501497029,10
2825,145.89972161754991,17.601261660087786,10
2826,145.90663469578902,17.59855766077856,10
2827,145.94533788109297,17.621308424397373,10
2828,145.9577293103859,17.60725275464299,10
2829,146.01337427672573,17.53410121156169,10
2830,146.07079343686604,17.54186391736814,10
2831,146.13348186244866,17.55382455057419,10
2832,146.1955801895254,17.60468287451605,10
2833,146.2018660463179,17.599965490475306,10
2834,146.20489992904476,17.600575903108922,10
2835,146.21125213541148,17.60244472144797,10
2836,146.2670181849839,17.558083856852623,10
2837,146.27390279707691,17.563130446574075,10
2838,146.3533031938713,17.538845063884153,10
2839,146.40515833128092,17.634615461577326,10
2840,146.45710234849918,17.608233303689474,10
2841,146.5801104770195,17.607268781238783,10
2842,146.5938954582404,17.6009609873756,10
2843,146.64650205943917,17.55195903017243,10
2844,146.65157861847212,17.549232679480127,10
2845,146.7072620707128,17.55520246750681,10
2846,146.71315589825923,17.553135482994595,10
2847,146.76803653531513,17.577555963631607,10
2848,146.79282270015148,17.571972442286217,10
2849,146.8440583493866,17.570945283933735,10
2850,146.9149669363406,17.574009524829695,10
2851,146.92712315555858,17.57582067244651,10
2852,147.02924824919725,17.569656871690245,10
2853,147.0331047825423,17.569255042816987,10
2854,147.0379383491891,17.567869469494553,10
2855,147.08803647170254,17.5685409732889,10
2856,147.18752319965307,17.546018783672825,10
2857,147.1934768666783,17.54589056062945,10
2858,147.24883259996136,17.565568518225792,10
2859,147.30755518158827,17.543826307538794,10
2860,147.32047148294959,17.550632091818244,10
2861,147.34450396169902,17.54212959079777,10
2862,147.35278056904292,17.539011875980943,10
2863,147.41188179026238,17.589471998171046,10
2864,147.41678843418944,17.59143757023086,10
2865,147.43068314340877,17.594846705348065,10
2866,147.4406077596455,17.587099817080205,10
2867,147.44465067560049,17.583359978248993,10
2868,147.47915695337537,17.576144013924747,10
2869,147.48949867572165,17.582725422682874,10
2870,147.49501119794394,17.58075947840394,10
2871,147.5968926594312,17.555073633343646,10
2872,147.61084172105143,17.552220020924782,10
2873,147.68107005033724,17.51051021140944,10
2874,147.73629058188283,17.496512810946452,10
2875,147.79608354456835,17.586247088028298,10
2876,147.84657218576558,17.680910140816085,10
2877,147.85264841991793,17.679530938261546,10
2878,147.9088498698177,17.65595730522957,10
2879,147.91363216589068,17.65592707914192,10
2880,148.01875799960195,17.779002980994935,10
2881,148.0782692000166,17.80677667421617,10
2882,148.09376285577633,17.811771232770138,10
2883,148.10801685667474,17.820691479481194,10
2884,148.11106048717755,17.82129050343162,10
2885,148.16705057543828,17.759982708574473,10
2886,148.18226671603753,17.75452682502938,10
2887,148.18609669796894,17.754956866966396,10
2888,148.23953957652682,17.739952033582888,10
2889,148.2588075201955,17.724078951445218,10
2890,148.3208026760955,17.81824741924465,10
2891,148.38455516899637,17.783125049235,10
2892,148.38793366124207,17.7824505518387,10
2893,148.39901418230596,17.78500303462823,10
2894,148.41511131443002,17.78957980601743,10
2895,148.42750951934897,17.793455343974,10
2896,148.5362785613432,17.790405681434574,10
2897,148.55321862033819,17.789821322987542,10
2898,148.73928460166084,17.838317616803838,10
2899,148.7540537024448,17.83228538571192,10
2900,148.8299007948488,17.810225940863575,10
2901,148.83949523291275,17.804493388821385,10
2902,148.94356535209744,17.858377668921033,10
2903,148.95158848257392,17.855128791869628,10
2904,149.00096552267135,17.779100263300638,10
2905,149.07782547127377,17.890052145238734,10
2906,149.08247887534134,17.8869247303071,10
2907,149.14863772053425,17.901571721368256,10
2908,149.15925277717767,17.90257522387524,10
2909,149.25438572495335,17.953989391426028,10
2910,149.3104904040038,17.880793606042158,10
2911,149.3585486145544,17.851022384615636,10
2912,149.4725135091481,17.877892516201815,10
2913,149.58351755201397,17.884357126051096,10
2914,149.601725726944,17.885571901058217,10
2915,149.65249527945986,17.83760505034842,10
2916,149.658028295413,17.83326082543476,10
2917,149.70794200021533,17.830744669069034,10
2918,149.72350671931855,17.841943571855882,10
2919,149.78390923572877,17.792168122065938,10
2920,149.81360705770922,17.7933194628977,10
2921,149.8742254530876,17.79709830858317,10
2922,150.02223196215314,17.681062460614296,10
2923,150.03385642354687,17.674995560940154,10
2924,150.07067501093542,17.67366676664881,10
2925,150.12905224105725,17.662163004668276,10
2926,150.1338754321036,17.666142383909882,10
2927,150.20193971473628,17.718230756109666,10
2928,150.2417610461658,17.7218310752035,10
2929,150.29881520246335,17.810353629053463,10
2930,150.3548002317075,17.864750783399646,10
2931,150.36986797941603,17.861319385915827,10
2932,150.42349903463574,17.855198952289605,10
2933,150.48971326574647,17.87218850770446,10
2934,150.59373902658234,17.852579598023013,10
2935,150.6565548078587,17.851382036742887,10
2936,150.68593639813037,17.854469294837674,10
2937,150.6987064142865,17.841688654101052,10
2938,150.71479772356204,17.839237333074706,10
2939,150.71961009977272,17.83522842287188,10
2940,150.7871868017449,17.921801898415154,10
2941,150.8085675794212,17.914047681799723,10
2942,150.8620116436769,17.89003575259373,10
2943,150.97641673130084,17.85717191791722,10
2944,150.98922294269693,17.867900461447128,10
2945,151.00888796396222,17.858359482587215,10
2946,151.01560167336555,17.859426507783265,10
2947,151.02366150944286,17.866409623232215,10
2948,151.0304001464281,17.86355865907394,10
2949,151.03882018671237,17.865572202043307,10
2950,151.04716785970373,17.867992617075515,10
2951,151.19413651810177,17.832103002243812,10
2952,151.2075149084887,17.83089756825446,10
2953,151.21662419152977,17.82438192626041,10
2954,151.31201037805644,17.772572831633866,10
2955,151.40559875006164,17.700867731498313,10
2956,151.46069770849454,17.719489398694904,10
2957,151.4802542074639,17.727264901781453,10
2958,151.49080589362097,17.725383208294318,10
2959,151.54540535324423,17.692462614614374,10
2960,151.5694204487199,17.68129747623787,10
2961,151.58117229167982,17.681088030526617,10
2962,151.59585841189036,17.685247044972098,10
2963,151.6499427899559,17.705027285282718,10
2964,151.6582466157651,17.704401686976905,10
2965,151.66254808861137,17.70245881788701,10
2966,151.71574675136023,17.72288969371083,10
2967,151.7393800470689,17.718272534546944,10
2968,151.789827871726,17.711466930751772,10
2969,151.8402853937535,17.707859646865053,10
2970,151.84426015127914,17.706549467080244,10
2971,151.85557506001055,17.692686068225466,10
2972,151.87222781302447,17.684010443246628,10
2973,151.87972423952047,17.678770466222897,10
2974,151.89681068561657,17.690134977732402,10
2975,151.91432244692092,17.676653316739454,10
2976,151.967425929046,17.704877682635015,10
2977,152.0658689287845,17.671639765661904,10
2978,152.13688247940385,17.670800699120075,10
2979,152.194869505491,17.61901953472377,10
2980,152.30994122419352,17.61781928006172,10
2981,152.31592988067464,17.61876013723452,10
2982,152.36956195147692,17.635019668321583,10
2983,152.4347310421032,17.584281615110548,10
2984,152.48863672444836,17.53805525946484,10
2985,152.50013846927536,17.52712798814172,10
2986,152.5730796479642,17.49488074847479,10
2987,152.59986460736835,17.49026245434283,10
2988,152.621177974393,17.479378459467085,10
2989,152.6784115834334,17.475082532142423,10
2990,152.6862854061581,17.479284946343917,10
2991,152.69268837203396,17.47538706191815,10
2992,152.75253969524556,17.476736009739877,10
2993,152.85170955346342,17.44539214626972,10
2994,152.91442005581303,17.463458658578645,10
2995,152.94060922075636,17.487218687793998,10
2996,153.13166972720438,17.47570880756883,10
2997,153.19443574666835,17.50076864838882,10
2998,153.21306323143315,17.51126998468854,10
2999,153.32385839158428,17.528503708918084,10
3000,153.33473419904033,17.525604698813112,10
3001,153.44012107402685,17.480141874069894,10
3002,153.46422403994234,17.486550522326542,10
3003,153.51756414073583,17.584093458929104,10
3004,153.58689670993354,17.595725815556115,10
3005,153.64886425658045,17.606655153065415,10
3006,153.69811368602248,17.632457296478567,10
3007,153.72435288909,17.633406296981914,10
3008,153.7432068168587,17.637614109239593,10
3009,153.77586432923445,17.62116116933315,10
3010,153.88051195601776,17.65627118099169,10
3011,154.032288145055,17.644912095160972,10
3012,154.08612779787717,17.73757105542562,10
3013,154.092147490109,17.73565967923846,10
3014,154.1353691676316,17.699630205597654,10
3015,154.191356444635,17.719924131437484,10
3016,154.29683628733537,17.76574960842149,10
3017,154.4449335007484,17.748792762025502,10
3018,154.55122520100318,17.83478357596771,10
3019,154.5551377669974,17.83602993559677,10
3020,154.61521815751058,17.798671405487763,10
3021,154.66469836511124,17.800151367280606,10
3022,154.66902409856436,17.80015563097199,10
3023,154.672432514567,17.801178294609013,10
3024,154.68353266341526,17.807652076464834,10
3025,154.74312660898113,17.82011259513277,10
3026,154.75318465871388,17.81495931947513,10
3027,154.76479586568632,17.805470551907305,10
3028,154.82084088361816,17.804485826232636,10
3029,154.82779196882234,17.800911121095066,10
3030,154.84060023016704,17.8062809906074,10
3031,154.8547261718268,17.80555795321043,10
3032,155.0126217659802,17.786682413799436,10
3033,155.1131023102543,17.811405233577464,10
3034,155.16845991916995,17.820672020099668,10
3035,155.17724033665215,17.815102203016977,10
3036,155.28563305179213,17.834717970916078,10
3037,155.39896178153828,17.890060744312358,10
3038,155.4035032854212,17.88592902701569,10
3039,155.4519971581174,17.976653488379036,10
3040,155.46256322580422,17.963024854633304,10
3041,155.5317727059025,18.061114811544808,10
3042,155.59379037265165,18.15505426663462,10
3043,155.59962256037545,18.153365664578125,10
3044,155.60785113968447,18.146260093157988,10
3045,155.6163971499337,18.142180830029563,10
3046,155.6747779298203,18.067862393395103,10
3047,155.68195948567063,18.07054560080048,10
3048,155.7490263345383,18.145079420316165,10
3049,155.8053410438957,18.196082862866472,10
3050,155.85239911989441,18.189536506335756,10
3051,155.86833669432875,18.18349100668579,10
3052,155.92362321011055,18.198091528516937,10
3053,156.0273531106328,18.181433949724177,10
3054,156.03921918766963,18.180784306510386,10
3055,156.0489210295983,18.176238632270948,10
3056,156.11279300676296,18.135092078514333,10
3057,156.11429266643853,18.135562875570727,10
3058,156.17041555953296,18.155959280166428,10
3059,156.1948211356123,18.16023943209843,10
3060,156.24862393862884,18.251645829706984,10
3061,156.3545458271336,18.290975026066043,10
3062,156.37014945021377,18.28468826735588,10
3063,156.38756518266416,18.285908048298666,10
3064,156.3998079643414,18.283465512540786,10
3065,156.40210254344032,18.28311986312386,10
3066,156.40720460833833,18.281335513410834,10
3067,156.4169053765523,18.27422065576844,10
3068,156.46829506819665,18.295717283916936,10
3069,156.48153520696926,18.300756431231758,10
3070,156.5473661673399,18.235729004513917,10
3071,156.56552461992197,18.242675772770212,10
3072,156.5757877354046,18.234545972044437,10
3073,156.5903938415826,18.246387413298184,10
3074,156.6291565056609,18.22691607654531,10
3075,156.6927402273336,18.28309591505419,10
3076,156.69986978700248,18.28436330253853,10
3077,156.75421309043787,18.303935438446004,10
3078,156.81647664659016,18.332099717480048,10
3079,156.88309147709018,18.316531889368,10
3080,156.98428120724503,18.350826239959247,10
3081,157.00269361965908,18.344785322892456,10
3082,157.0163095226966,18.336057351858674,10
3083,157.08044578662538,18.251326577682608,10
3084,157.15214327490017,18.226497912093606,10
3085,157.16716692428216,18.226848506659973,10
3086,157.21866179652227,18.253782640253696,10
3087,157.2333065448086,18.260925690095366,10
3088,157.2385573088131,18.26216390468976,10
3089,157.29719226625457,18.310936168191187,10
3090,157.35938761608037,18.358552238506263,10
3091,157.3783021622071,18.351601590247984,10
3092,157.46296831838058,18.36555377088556,10
3093,157.5148606502045,18.388420544121473,10
3094,157.57055800321012,18.450814640700834,10
3095,157.62514921739566,18.465982344916938,10
3096,157.6509605658257,18.45650933481102,10
3097,157.71131918810187,18.455453630960104,10
3098,157.7631998949352,18.483340699399385,10
3099,157.82608276224124,18.406872060826593,10
3100,157.8836337637015,18.49360777056297,10
3101,157.8947762077988,18.48475365963319,10
3102,157.98956197501948,18.53310507068391,10
3103,158.04536160940106,18.542726074811096,10
3104,158.0492602837318,18.543285436956772,10
3105,158.05265087895984,18.542573147970717,10
3106,158.15493236401898,18.516483472712302,10
3107,158.25897492639916,18.66488866066294,10
3108,158.26953968766952,18.671068343284304,10
3109,158.3812016579679,18.679377491223438,10
3110,158.3874870590407,18.683631927679897,10
3111,158.39611106197003,18.68101880992063,10
3112,158.58432451761476,18.67512005580749,10
3113,158.64177230647465,18.759210331207814,10
3114,158.6452823019682,18.758233342328204,10
3115,158.65029541788167,18.757260044222765,10
3116,158.70490300038074,18.783012923659502,10
3117,158.71596417407608,18.779647030910454,10
3118,158.77648357261177,18.794615005583157,10
3119,158.79903003484213,18.779124060058002,10
3120,158.89297354460666,18.704021268503976,10
3121,158.96403673620108,18.75872932763699,10
3122,158.97670884169648,18.752709396042206,10
3123,159.0311424149206,18.721415036551385,10
3124,159.03669405754937,18.72141028546692,10
3125,159.0872502597881,18.780097316785646,10
3126,159.13336709326555,18.73583976532537,10
3127,159.15271445049973,18.743223286445545,10
3128,159.21819470159835,18.764523418704478,10
3129,159.22519620299246,18.761604702317115,10
3130,159.23646698752958,18.756625170680003,10
3131,159.28797681091137,18.7169265932328,10
3132,159.3489491309081,18.688686974305863,10
3133,159.39969835887086,18.60639917774665,10
3134,159.51316432693426,18.625259940062154,10
3135,159.52259552738775,18.62011681906845,10
3136,159.53700909377454,18.61973419653395,10
3137,159.5735481818936,18.5847288534131,10
3138,159.57693030396024,18.585054562446338,10
3139,159.6318353475433,18.594751946658032,10
3140,159.65207263179767,18.601415909600796,10
3141,159.66468756226743,18.59860567322377,10
3142,159.68033975863256,18.59911163321037,10
3143,159.7501076833479,18.59189345936073,10
3144,159.81997619296655,18.5882608469243,10
3145,159.83213842808556,18.589834281899048,10
3146,159.8437056706834,18.592074993199255,10
3147,159.94521735823307,18.58258489719405,10
3148,160.05349302456563,18.62752372011721,10
3149,160.06226376911522,18.623472378669774,10
3150,160.07861811051004,18.63110550269848,10
3151,160.1365358168601,18.548169972944088,10
3152,160.2851545979411,18.604015944484612,10
3153,160.3546951603011,18.514814620266836,10
3154,160.3587008119552,18.515688078958842,10
3155,160.36538097797586,18.51079152962786,10
3156,160.3793947816577,18.51380099681286,10
3157,160.4319780398866,18.439441427105947,10
3158,160.50116611785887,18.385284750068983,10
3159,160.51467073265727,18.394788547582742,10
3160,160.54176074537298,18.412700962018317,10
3161,160.59618638254173,18.36881140863259,10
3162,160.64864643659078,18.334152383316688,10
3163,160.80457698832802,18.2623188595699,10
3164,160.90911253022676,18.24552121243216,10
3165,160.9621887328488,18.27241922569324,10
3166,161.01374240325737,18.239436006177463,10
3167,161.06397047614257,18.29833370779898,10
3168,161.11542502133972,18.271814433605336,10
3169,161.16730958871352,18.244996666927687,10
3170,161.17337373708602,18.25176884882176,10
3171,161.19226960606844,18.25741693737013,10
3172,161.2111150086177,18.27611074157411,10
3173,161.26557682192848,18.22123292625278,10
3174,161.31839975634247,18.279111286254974,10
3175,161.37357979729933,18.295161690755386,10
3176,161.38408913617974,18.29705562144915,10
3177,161.44326516010793,18.28107218247456,10
3178,161.4648372387422,18.270959080758452,10
3179,161.4712656552395,18.26912623294641,10
3180,161.49203562212557,18.26292482106264,10
3181,161.59012635960917,18.21313886728492,10
3182,161.68447212638816,18.18726766824259,10
3183,161.80178051015494,18.291004620097592,10
3184,161.8603348580131,18.375544154231946,10
3185,161.8718259135738,18.36546729397188,10
3186,161.9212487511257,18.45705593927426,10
3187,161.92420112843286,18.45732573077654,10
3188,161.94397055640098,18.469115708507378,10
3189,161.96009060025597,18.47585388117722,10
3190,162.03416702871363,18.521219413447096,10
3191,162.13975559467627,18.469190351359387,10
3192,162.24573892243183,18.425339467571426,10
3193,162.32657879377047,18.441299300416887,10
3194,162.3473663431473,18.429981515443963,10
3195,162.35711639056527,18.432281849908648,10
3196,162.3675524344022,18.43542897382573,10
3197,162.3783602638743,18.43367570761121,10
3198,162.4345978259634,18.41503433365253,10
3199,162.5378914064332,18.291067403318934,10
3200,162.5435055910062,18.289180510980675,10
3201,162.6413108061747,18.362000153330722,10
3202,162.77943611480868,18.449925620351088,10
3203,162.8342290652859,18.465854176628312,10
3204,162.92184000306008,18.515637285861118,10
3205,162.93889468992128,18.509027525759233,10
3206,163.0538081685258,18.583734988608175,10
3207,163.06420670981709,18.586010740576455,10
3208,163.1619722543482,18.50678068331252,10
3209,163.21255153419594,18.497498995537967,10
3210,163.2268012329329,18.50522968529535,10
3211,163.24716765251267,18.50422428950903,10
3212,163.25926353480696,18.506009115953418,10
3213,163.27034386352165,18.509907717585808,10
3214,163.42098727260003,18.501802889581118,10
3215,163.52873507875574,18.57601464891148,10
3216,163.6421488191648,18.549870185159417,10
3217,163.65474387934856,18.545654070929363,10
3218,163.66905135817632,18.54642415603146,10
3219,163.67087357823254,18.54685045866386,10
3220,163.6793829639913,18.550584325030524,10
3221,163.7330482789576,18.49904250910403,10
3222,163.75154987156583,18.50195450974289,10
3223,163.75745226173078,18.502237636259128,10
3224,163.8211971191063,18.517136004140596,10
3225,163.87712088491608,18.53397474617657,10
3226,163.9284159643601,18.546704387027756,10
3227,163.9478294559131,18.561075063695593,10
3228,163.9975048600065,18.484641593393157,10
3229,164.0134594066235,18.47666107693666,10
3230,164.11602211288988,18.41645266423148,10
3231,164.17323800118572,18.429017419824852,10
3232,164.2406401721974,18.36865194782196,10
3233,164.3443148383339,18.303716516498273,10
3234,164.4039208008675,18.355110670033746,10
3235,164.41189887673946,18.358290659748544,10
3236,164.50815702277413,18.284667877989474,10
3237,164.51400783432945,18.27950461971622,10
3238,164.54154558248297,18.278857627767348,10
3239,164.5542063673482,18.285199793589808,10
3240,164.57716365666596,18.30161192107841,10
3241,164.58398933980482,18.301973087043265,10
3242,164.6000724102511,18.289970428179164,10
3243,164.6831077511876,18.35122895392568,10
3244,164.7374491155151,18.29772434816498,10
3245,164.760499704218,18.31548006872063,10
3246,164.82702406155238,18.281469333235748,10
3247,164.88095443593215,18.28824398875435,10
3248,164.89760326999257,18.290674742108024,10
3249,164.91479188156006,18.29432674014088,10
3250,164.96952295161535,18.312891918001103,10
3251,164.98865195274732,18.32423134090746,10
3252,164.99071278756043,18.32305548846023,10
3253,165.0548129238537,18.379690268525025,10
3254,165.10608336996148,18.369886973391733,10
3255,165.15920139325158,18.43500528007147,10
3256,165.2138210143277,18.4549446301879,10
3257,165.22415660435723,18.447883423199904,10
3258,165.23638392391018,18.440998387254275,10
3259,165.285817970758,18.366685435097,10
3260,165.36664196400207,18.39024993687867,10
3261,165.43497006942883,18.314171170061453,10
3262,165.48305891360826,18.40274960306998,10
3263,165.49725255994304,18.39671930566326,10
3264,165.55772059436362,18.354421812439234,10
3265,165.5647372230818,18.3508645720198,10
3266,165.5690349409332,18.349973523403385,10
3267,165.6278633759818,18.37303945237832,10
3268,165.6492769783086,18.379253590356516,10
3269,165.65387137442295,18.377728592107974,10
3270,165.72084893005223,18.35882121686272,10
3271,165.73562011937966,18.36256346549782,10
3272,165.74218149941333,18.362225916629736,10
3273,165.84005488928995,18.365095594005545,10
3274,165.84351559181533,18.3642736902973,10
3275,165.90997571790638,18.326005507369594,10
3276,166.0146571425261,18.37811588885686,10
3277,166.02084629067176,18.37322109003561,10
3278,166.03799706646106,18.368343938107614,10
3279,166.0959671159978,18.462431013173532,10
3280,166.10437278045384,18.45726530408177,10
3281,166.14775832051717,18.473193483526508,10
3282,166.1999398103053,18.56474527838899,10
3283,166.2505713229774,18.587213233997876,10
3284,166.36696114664974,18.583136068342817,10
3285,166.38484938511473,18.56710751759759,10
3286,166.3908652109691,18.566924507489272,10
3287,166.39934689702122,18.5649606201705,10
3288,166.501278072805,18.458289095252226,10
3289,166.56099422485607,18.550952078373555,10
3290,166.62380364627185,18.552321134553562,10
3291,166.72313887382725,18.664816239935092,10
3292,166.8263420777658,18.620093514890915,10
3293,166.88399158760004,18.688060447742085,10
3294,166.94291669938355,18.63616204611914,10
3295,166.95363082242997,18.63450706316221,10
3296,166.9566291546259,18.632365617401227,10
3297,166.97368952289045,18.610866938738717,10
3298,166.97529523233638,18.61064894523901,10
3299,166.98362765925606,18.61053925918254,10
3300,166.9920424859049,18.607154930680544,10
3301,167.09039245867527,18.668802935652632,10
3302,167.13277889147312,18.701632080703845,10
3303,167.14125265712102,18.702513184999678,10
3304,167.23207927699403,18.642010568494932,10
3305,167.33056442794032,18.65129833320876,10
3306,167.38482144530505,18.746624890570864,10
3307,167.43739823373463,18.843161057185153,10
3308,167.45899242468764,18.819222784389368,10
3309,167.51421679646643,18.753153432164833,10
3310,167.52985312143426,18.764810004298567,10
3311,167.5959124478746,18.830156579478185,10
3312,167.6602907951156,18.856388897730255,10
3313,167.7342323930909,18.945722771034472,10
3314,167.79318381528049,18.915919261248547,10
3315,167.83154219931322,18.932998167840474,10
3316,167.8424330500185,18.938924272056916,10
3317,167.8631591024026,18.93751762115689,10
3318,167.92154185789508,18.998463767633556,10
3319,167.9266387793943,18.995352175869616,10
3320,167.93510086985245,19.00808209931353,10
3321,167.94799008938838,18.99934089867247,10
3322,167.96391460345424,18.99696995313064,10
3323,168.02534999392236,18.9514472896524,10
3324,168.03736265938645,18.94512053366139,10
3325,168.16086098358724,18.89029469448242,10
3326,168.2223993878194,18.834062036793448,10
3327,168.3721867381271,18.82658583234678,10
3328,168.4213379040213,18.803402558354424,10
3329,168.48385654800563,18.759471551948018,10
3330,168.53710394254423,18.714093816460252,10
3331,168.5566442363661,18.7039334100015,10
3332,168.5602679233568,18.704094721922225,10
3333,168.65756011678477,18.74505992571051,10
3334,168.66165110292013,18.745952402656997,10
3335,168.76054415780413,18.739879295162183,10
3336,168.86629463819955,18.8158894568761,10
3337,169.01959896478553,18.806919051501197,10
3338,169.12212389859542,18.832770631095038,10
3339,169.2711358687445,18.752838116667974,10
3340,169.32110545929385,18.84485698179167,10
3341,169.33134542616122,18.848163724628577,10
3342,169.42859332453665,18.725116432926125,10
3343,169.6360301847436,18.821647208966127,10
3344,169.6879099738817,18.84118298272473,10
3345,169.71209176607871,18.855214183911123,10
3346,169.7602631342012,18.947980012553078,10
3347,169.776554298612,18.95329528105335,10
3348,169.88278618140848,18.842863242648875,10
3349,169.98217883091695,18.826991880022668,10
3350,170.03968998866395,18.849347963274347,10
3351,170.04200875867167,18.849273674582783,10
3352,170.05199881469335,18.85080511881402,10
3353,170.0676138523831,18.847773928041896,10
3354,170.17018188291405,18.78981179426549,10
3355,170.22469016454025,18.88236990357728,10
3356,170.3298538333551,18.920353113823463,10
3357,170.42899429867464,18.960440266657415,10
3358,170.49259137224175,18.982184929600233,10
3359,170.5049791378828,18.989354094105916,10
3360,170.51940550181013,18.989627840283774,10
3361,170.5759208011968,18.911320732722693,10
3362,170.6297190970559,18.93534595117644,10
3363,170.63665408027447,18.935020072317702,10
3364,170.64397661636346,18.93362843120708,10
3365,170.71139120952785,18.881198091132408,10
3366,170.71477682200708,18.8796259300281,10
3367,170.7248085613756,18.87150577645179,10
3368,170.86821620451127,18.935933260894224,10
3369,170.92983758480437,18.90974602311475,10
3370,171.04754993174498,18.920124696249392,10
3371,171.11267744200995,18.903260497942576,10
3372,171.22591692356747,18.93901199035556,10
3373,171.23696947415024,18.939674970552385,10
3374,171.30672326432438,18.994294482818603,10
3375,171.35650649067745,19.015965543962615,10
3376,171.36521465345794,19.013536872487002,10
3377,171.3829266731175,19.00168676361152,10
3378,171.43801398204383,18.997158522315335,10
3379,171.49430483579488,19.01412293177237,10
3380,171.55117214844358,19.111442731193623,10
3381,171.56759695155296,19.107348765937054,10
3382,171.5800629313576,19.100082790443285,10
3383,171.63778653043536,19.056526379163714,10
3384,171.73734587951975,19.10403369144967,10
3385,171.80198694945287,19.068827834340013,10
3386,171.8090945587363,19.063896899520376,10
3387,171.8176872036041,19.06044132360117,10
3388,171.8733459321479,19.157054580564207,10
3389,171.89904963699612,19.17632756334153,10
3390,171.9256570315333,19.19704544969317,10
3391,171.99238346726338,19.19854632004457,10
3392,172.04564187895713,19.174927783930265,10
3393,172.09796636269476,19.124905341336596,10
3394,172.1170953877848,19.120568036638367,10
3395,172.1225339821673,19.118648043906525,10
3396,172.17449172893987,19.07039770515044,10
3397,172.23121009662754,19.076768406042525,10
3398,172.25260390043294,19.071245331020144,10
3399,172.273929187379,19.065306707132407,10
3400,172.33455194529884,19.03740407062137,10
3401,172.3879633564457,19.01795018575286,10
3402,172.43631937536765,19.038354514454088,10
3403,172.46366760022278,19.043679228429333,10
3404,172.46955251247337,19.041655546559934,10
3405,172.5356715755271,18.957637970455046,10
3406,172.65374791525173,18.988172068194633,10
3407,172.70283845312852,19.047617717531175,10
3408,172.8491789815086,19.112403491359835,10
3409,172.86458886959255,19.10776681467689,10
3410,172.979462673811,19.178259767415263,10
3411,173.0375181386247,19.268020356866664,10
3412,173.05164268535987,19.269496914732063,10
3413,173.05792549315174,19.271163701975887,10
3414,173.12209463834188,19.30433522822745,10
3415,173.17228642280938,19.36419750801634,10
3416,173.188439906081,19.36645435949592,10
3417,173.33585398164593,19.421795073166802,10
3418,173.37130444981784,19.410026403741195,10
3419,173.43908373372608,19.505360052686456,10
3420,173.44969655482183,19.49454655423658,10
3421,173.46597744090323,19.503108183040982,10
3422,173.47362822280763,19.497948950578472,10
3423,173.48681041120312,19.495386770443226,10
3424,173.5951001553105,19.478533310940836,10
3425,173.6150970606451,19.47434438573286,10
3426,173.7114328550702,19.57510763753834,10
3427,173.7156457703089,19.574834019596466,10
3428,173.77125379117467,19.584662448631136,10
3429,173.78238013866456,19.57606045239035,10
3430,173.97415559643974,19.576467622849155,10
3431,173.98293173011172,19.575687299853005,10
3432,173.9972991354457,19.563446999758455,10
3433,174.05404256207353,19.650023771825364,10
3434,174.0623526703132,19.644757430463258,10
3435,174.12140049062427,19.657720857300443,10
3436,174.23035867911045,19.627352842977455,10
3437,174.24997650985523,19.61287679048402,10
3438,174.26001030553414,19.605646697151034,10
3439,174.31494040063538,19.619715329858586,10
3440,174.41562732401684,19.6375513872118,10
3441,174.41939141094517,19.634169907059196,10
3442,174.43918053066238,19.648493374047167,10
3443,174.50494157835087,19.714831106436886,10
3444,174.56191483110712,19.642806603075773,10
3445,174.6503732696532,19.582805410991476,10
3446,174.70910750157066,19.600821832338276,10
3447,174.7238335208777,19.588812402178274,10
3448,174.7752684750228,19.564406991974135,10
3449,174.85197240606936,19.673231184065394,10
3450,174.9565979543876,19.79239686742461,10
3451,174.96183435199305,19.79111404755361,10
3452,175.01732733394203,19.879977820741402,10
3453,175.0300662616999,19.87185917693249,10
3454,175.172865870344,19.944021772119978,10
3455,175.23570958111364,19.964495185536396,10
3456,175.33960460640802,19.969492683563118,10
3457,175.34217379025011,19.969162106637285,10
3458,175.4063484716766,20.05613844244916,10
3459,175.464463289446,20.082268121714975,10
3460,175.48580420767183,20.08912181087739,10
3461,175.54324984425014,20.18200225174259,10
3462,175.5472493765976,20.181137802609342,10
3463,175.5571097946558,20.181167364563386,10
3464,175.57572511281268,20.188696847906606,10
3465,175.57897180908466,20.18943535820561,10
3466,175.5929839941412,20.18875788832851,10
3467,175.6004582880913,20.189447501118487,10
3468,175.61065688971107,20.191451948683326,10
3469,175.62438117067765,20.186703022289883,10
3470,175.6396464770807,20.187847867933502,10
3471,175.7823148930716,20.198562579958892,10
3472,175.8704939438623,20.269776102848915,10
3473,175.92762738018374,20.24343794387726,10
3474,176.02369078538555,20.201635779373312,10
3475,176.0448361333399,20.20630749075173,10
3476,176.0896769997392,20.140031484045487,10
3477,176.18955282044635,20.09787863960607,10
3478,176.23995969674056,20.04990572715156,10
3479,176.34497563872313,20.05840703636409,10
3480,176.3956700906277,20.15965624414256,10
3481,176.47264384784233,20.132014941041106,10
3482,176.53110278377596,20.13800321721043,10
3483,176.59443364918243,20.101171293126853,10
3484,176.65779626231568,20.154195563601203,10
3485,176.66811373033104,20.150648147048265,10
3486,176.66973944145352,20.150165326776392,10
3487,176.684545156675,20.147565613351887,10
3488,176.69652402479082,20.14443216881731,10
3489,176.70664377209977,20.145829456797955,10
3490,176.72201858442958,20.145608920277816,10
3491,176.72930384640583,20.142259489238867,10
3492,176.79368438586977,20.10600099913914,10
3493,176.85285774080594,20.088521053327423,10
3494,176.87054021431518,20.087451917299195,10
3495,176.87263507705967,20.087736535884027,10
3496,176.88529969966316,20.076417674464004,10
3497,176.89371859584543,20.08161659482127,10
3498,176.90474952224073,20.083223453475703,10
3499,176.99959601011327,20.15265690741472,10
3500,177.01975436375918,20.168247143243978,10
3501,177.08601474960346,20.1557809825597,10
3502,177.14586051624235,20.127837263559407,10
3503,177.14996146624156,20.127480319745686,10
3504,177.15839286792968,20.134111560500195,10
3505,177.20914723985697,20.138367027707584,10
3506,177.22106609524246,20.13991725597396,10
3507,177.23950748746012,20.12123254412131,10
3508,177.24737308414208,20.114646625480336,10
3509,177.35535165798592,20.101594070687412,10
3510,177.3601219831343,20.100968797072984,10
3511,177.41207074447453,20.03079592186032,10
3512,177.42277460360125,20.027000537899728,10
3513,177.4310317497146,20.026979332173116,10
3514,177.57617748690808,19.940414681202284,10
3515,177.58281467521437,19.936850151077024,10
3516,177.63934755346367,19.89564973425091,10
3517,177.69668454337665,19.994184048456056,10
3518,177.70336721082484,19.991536336675033,10
3519,177.71231309687346,19.992381284979714,10
3520,177.7240878093418,19.98297892763801,10
3521,177.73690142724482,19.993047567966702,10
3522,177.82213411465477,19.99765927339218,10
3523,177.86305223016666,19.98485673217208,10
3524,177.92322755645893,20.082278728130298,10
3525,177.92827629897312,20.078516215490993,10
3526,177.94703999168416,20.07856729890344,10
3527,178.00298821529813,20.169814398029853,10
3528,178.0118995165667,20.17454570169973,10
3529,178.01550931265044,20.174324483205133,10
3530,178.02434691343603,20.17809571849408,10
3531,178.12249731291027,20.280733498098982,10
3532,178.18250310698514,20.248552114059567,10
3533,178.25328482542815,20.337611306404437,10
3534,178.26113237870632,20.341206471186723,10
3535,178.27583753566282,20.336979840051338,10
3536,178.2930545767408,20.33273703822884,10
3537,178.3495088955397,20.26845286022511,10
3538,178.40463972820555,20.327528609090017,10
3539,178.43287276688645,20.352875281616814,10
3540,178.48187818046583,20.412995318341565,10
3541,178.53685548405124,20.449265265572574,10
3542,178.59630244878434,20.52056921398256,10
3543,178.5993048572064,20.519028082647914,10
3544,178.60773404710375,20.518974449918105,10
3545,178.66055085270565,20.53297674461527,10
3546,178.7325794803421,20.57700889807765,10
3547,178.74490383729102,20.578307397285194,10
3548,178.7464206258982,20.577803895541035,10
3549,178.756633119252,20.575719750733818,10
3550,178.81459136635547,20.67004931310234,10
3551,178.8632689153504,20.62988310268315,10
3552,178.8661605414897,20.62955055633513,10
3553,178.87692468065268,20.629417886428307,10
3554,179.0234242371981,20.664547454813075,10
3555,179.03212494306962,20.65943358315604,10
3556,179.09978217203044,20.661322357488636,10
3557,179.1084025735559,20.65710143947053,10
3558,179.12832625376302,20.642335974836016,10
3559,179.13786009064117,20.640515677554287,10
3560,179.1624364317088,20.63206128902277,10
3561,179.1969973837795,20.625507449753012,10
3562,179.25225914975758,20.635065863229013,10
3563,179.3082282981775,20.6077121206149,10
3564,179.31681371344206,20.606759218604424,10
3565,179.32096174843315,20.601515782344926,10
3566,179.37729709725315,20.522622946351536,10
3567,179.47021295205815,20.472327374537823,10
3568,179.48606484301126,20.48032502927033,10
3569,179.49757675126403,20.4901120902468,10
3570,179.5057958032297,20.49039638707719,10
3571,179.5125104342845,20.48240494312969,10
3572,179.56183418620444,20.464524037350277,10
3573,179.61125359158217,20.482848759907114,10
3574,179.67451562823086,20.439193773186464,10
3575,179.78580193014358,20.326725198409626,10
3576,179.7876314737527,20.3261403175478,10
3577,179.79134485357517,20.324805866890355,10
3578,179.7955214483532,20.32508982685516,10
3579,179.85541558737037,20.300981511687915,10
3580,179.92113013713586,20.23585170649349,10
3581,180.07445809042636,20.36490931916172,10
3582,180.0978757751654,20.349472652816612,10
3583,180.13171765180738,20.390707583437212,10
3584,180.15974061757316,20.39283755770197,10
3585,180.17339514367083,20.384761625894008,10
3586,180.19159513615176,20.367958979253356,10
3587,180.25128989984282,20.365591139588762,10
3588,180.26495011510326,20.37973028183626,10
3589,180.31860226197904,20.406351560271748,10
3590,180.36028954785317,20.36824215087514,10
3591,180.42846817013384,20.383732223627412,10
3592,180.4806883042757,20.41369191972441,10
3593,180.53365821930942,20.509459650268457,10
3594,180.5940263202496,20.516742564934937,10
3595,180.61744523095498,20.508998441393512,10
3596,180.65636043172202,20.532829912835016,10
3597,180.66484903226183,20.52776928313226,10
3598,180.72062277881892,20.452888337255718,10
3599,180.77720789723867,20.474898989393477,10
3600,180.78269242497413,20.471727879558003,10
3601,180.88742358410295,20.412698994221557,10
3602,180.98779670036197,20.430555718501562,10
3603,181.13443849731428,20.47531417608551,10
3604,181.23894892869902,20.428777451152097,10
3605,181.44678846376837,20.50174055622587,10
3606,181.5036981885556,20.449063840167955,10
3607,181.51635303444868,20.4412873443298,10
3608,181.52566249123385,20.438114326890634,10
3609,181.58558699212978,20.533192449048748,10
3610,181.69549090467143,20.6594105595493,10
3611,181.70433219746852,20.660282341128898,10
3612,181.7345073257055,20.679098800658927,10
3613,181.74571096022353,20.680632883173974,10
3614,181.76438101684158,20.66426644767633,10
3615,181.77090237916815,20.660836463496288,10
3616,181.82696963734347,20.64543319757694,10
3617,181.83886659206115,20.64014164507734,10
3618,181.94454033942552,20.71147067729183,10
3619,181.9473537950958,20.71253754677706,10
3620,181.95352077831075,20.71159464890988,10
3621,181.9617629793551,20.707007799403954,10
3622,182.11004916625257,20.898056487350235,10
3623,182.11644138892672,20.897809521688725,10
3624,182.12298998928645,20.900152361341036,10
3625,182.14193994147456,20.91289073710284,10
3626,182.1442721828921,20.91249070476342,10
3627,182.20309948755954,20.9220504485626,10
3628,182.2231219304052,20.910870992458356,10
3629,182.2487095340606,20.899343959445755,10
3630,182.25318527046193,20.898849644422885,10
3631,182.27277340646887,20.894651862234664,10
3632,182.28545839375244,20.89857794457557,10
3633,182.39756356754114,20.908281922292886,10
3634,182.40370083899563,20.90774003081156,10
3635,182.41237957684908,20.90062765089205,10
3636,182.474503628997,20.92493285075819,10
3637,182.53266382993496,20.86929321694803,10
3638,182.6074081309932,20.846186693430433,10
3639,182.6712444254806,20.797811188513744,10
3640,182.72551866213283,20.824693410824292,10
3641,182.78356317142206,20.86262493366781,10
3642,182.79624444610332,20.86943061086334,10
3643,182.8474045281072,20.86989332921413,10
3644,182.91028069855233,20.83900320930025,10
3645,182.9141622409025,20.83749646910583,10
3646,183.03166312617728,20.822277738255455,10
3647,183.08832453499446,20.814505683625793,10
3648,183.1406108820634,20.762565529438845,10
3649,183.1916971306884,20.74181103695223,10
3650,183.24684649547672,20.707582542586525,10
3651,183.25733524009252,20.710660280212743,10
3652,183.31948903323877,20.768568451958075,10
3653,183.33765168155415,20.76471300604404,10
3654,183.36015078942535,20.781340932333777,10
3655,183.36580926215325,20.78492542606435,10
3656,183.37908936173412,20.7762866702868,10
3657,183.4339323393001,20.866836215388666,10
3658,183.48969887671876,20.965759507370976,10
3659,183.55416477536113,20.95418621704757,10
3660,183.6497464112852,21.06911012157062,10
3661,183.75873983328617,21.145035819453646,10
3662,183.8136876481788,21.163685420562167,10
3663,183.8254484607301,21.159266588702053,10
3664,183.85104091795355,21.13601333336505,10
3665,183.92408269619926,21.224694575513293,10
3666,183.94321685940812,21.23419057891656,10
3667,183.95255068334646,21.227638006322287,10
3668,184.01231543515945,21.250909653904575,10
3669,184.01833635057665,21.25592660902455,10
3670,184.02918844881464,21.26118395376163,10
3671,184.0359046492891,21.260092427432195,10
3672,184.1357067587262,21.168716179943452,10
3673,184.18762612673166,21.097619090949063,10
3674,184.19286643852558,21.097662387777874,10
3675,184.2898619961437,21.148326731112665,10
3676,184.39440172116468,21.07589292597101,10
3677,184.44876086399847,21.096527518158453,10
3678,184.45253684023677,21.094746991554796,10
3679,184.46383171909537,21.081652037634438,10
3680,184.46702814900166,21.080847357996635,10
3681,184.52338150130146,21.093904515842176,10
3682,184.52826871995632,21.094749984483098,10
3683,184.53651908884754,21.094922155966493,10
3684,184.55223416309354,21.09363647234938,10
3685,184.61581062958132,21.092080530751247,10
3686,184.62764024113554,21.093417727221727,10
3687,184.67348791482456,21.07157150396013,10
3688,184.67758602144144,21.068931606743096,10
3689,184.72806677145084,21.038265152144554,10
3690,184.7502602743208,21.046588805205193,10
3691,184.87120886372094,21.061012573313032,10
3692,184.88008875103728,21.06106411998529,10
3693,184.91742289605668,21.02955047630368,10
3694,184.97955111140755,21.015565860858477,10
3695,184.9948288831445,21.011162956768544,10
3696,185.01448005004968,21.027363127271297,10
3697,185.07668788842187,21.07185845971053,10
3698,185.08593076553973,21.06439385173529,10
3699,185.1382877594258,21.088233356559552,10
3700,185.15526052283082,21.093551141298168,10
3701,185.20722858521953,21.098129068582203,10
3702,185.3110398285991,21.176033331565748,10
3703,185.37410283511636,21.205564328533296,10
3704,185.39668802570074,21.21054056621649,10
3705,185.40352592305643,21.213420194383716,10
3706,185.40902547498433,21.20832974706109,10
3707,185.41320259025073,21.20562604171287,10
3708,185.4149734113966,21.206264057201857,10
3709,185.5177629551231,21.261683342397564,10
3710,185.5387168435132,21.251480389879365,10
3711,185.60074335346704,21.21217971280484,10
3712,185.6529557818456,21.1870780907105,10
3713,185.7206805328594,21.143731723113763,10
3714,185.72240053047193,21.144161558148216,10
3715,185.77105859242596,21.20017438061545,10
3716,185.83066743925528,21.170359445871593,10
3717,185.90827729745067,21.099321358648318,10
3718,186.01691261295022,21.076355960884126,10
3719,186.11666250905768,21.090002407720217,10
3720,186.1246928395545,21.084314887471187,10
3721,186.12664772987313,21.083369685632732,10
3722,186.23145738586447,21.1014023291187,10
3723,186.23529503021143,21.09922569090401,10
3724,186.34193553200203,21.212337831465184,10
3725,186.35227732949912,21.21458134434705,10
3726,186.36092436873147,21.21397459425707,10
3727,186.4210637180148,21.186354757401894,10
3728,186.43964786815212,21.17339168909537,10
3729,186.4524583777972,21.169296120706232,10
3730,186.4667469223015,21.16680828685881,10
3731,186.48332753447764,21.160018256851295,10
3732,186.56139371128262,21.09106433713664,10
3733,186.56474381410564,21.090700611431753,10
3734,186.63192879524664,21.050623892935672,10
3735,186.69612574891738,20.993408968091902,10
3736,186.74523378069208,20.92196361779026,10
3737,186.81731074147322,20.93102278082626,10
3738,186.89336694313835,20.92347397609681,10
3739,186.95695235084457,20.924529345343537,10
3740,187.0105445025538,20.981912909335975,10
3741,187.01618375922104,20.980963513694462,10
3742,187.0788511431793,21.036497874723487,10
3743,187.08639184544145,21.041258286229066,10
3744,187.13685597114386,21.07939667195896,10
3745,187.1689495030044,21.087905060271048,10
3746,187.1858529025724,21.08959426189163,10
3747,187.20973456255905,21.117688238670414,10
3748,187.27791362045122,21.09491312109663,10
3749,187.34054231607652,21.069669107494455,10
3750,187.34806631270004,21.07273952549744,10
3751,187.36311378301528,21.081179473399718,10
3752,187.4259163228363,21.10459547905065,10
3753,187.48783393883977,21.06946174640906,10
3754,187.50815357052142,21.05741083475568,10
3755,187.56637121333046,21.037763787754475,10
3756,187.63157303327944,21.0227554486217,10
3757,187.646662396811,21.02287907130527,10
3758,187.67269139167604,21.01950102267777,10
3759,187.68188444178483,21.018762772222416,10
3760,187.70330102915375,21.013651959156558,10
3761,187.81259586421874,21.043280414483444,10
3762,187.81564750223768,21.042843469556722,10
3763,187.81918991475655,21.04293150864267,10
3764,187.8255626994648,21.049892671450383,10
3765,187.8881776509656,21.077730171695993,10
3766,187.95273821714838,21.018484627504073,10
3767,187.95669562376509,21.018056396054604,10
3768,188.1012743047252,21.070945093413865,10
3769,188.1177678004237,21.054410855169504,10
3770,188.22863754374316,21.055919315290105,10
3771,188.2845219921097,21.11968126617365,10
3772,188.28942338500366,21.119545531806203,10
3773,188.29873669370667,21.114000372228123,10
3774,188.36600040187187,21.038972134994093,10
3775,188.434286369337,21.008931536885612,10
3776,188.44870652736773,21.008879406178742,10
3777,188.45277613531826,21.006249079236927,10
3778,188.5155180460378,21.04661769935698,10
3779,188.5224443760238,21.042386247795708,10
3780,188.53462024147174,21.03290471615021,10
3781,188.5529853316673,21.02503250665046,10
3782,188.61359917771546,21.082876952344037,10
3783,188.77574250883615,20.968557237710442,10
3784,188.7827289223466,20.964982664437947,10
3785,188.84135306681745,20.958148533067792,10
3786,188.87390598449846,20.951003230079603,10
3787,188.88726344862357,20.961332014201762,10
3788,188.8952135926135,20.962739392287084,10
3789,188.97322044143613,20.982765766219014,10
3790,188.99058256443936,20.987882986243093,10
3791,189.04419724430574,21.04638360671543,10
3792,189.10627267560622,21.102009723969513,10
3793,189.16742562217775,21.079124243237462,10
3794,189.1718413878512,21.07837005716892,10
3795,189.22901323894942,21.110342152088432,10
3796,189.2350832167893,21.108548262489116,10
3797,189.29563823520002,21.082291200421473,10
3798,189.30519669427585,21.09820868593108,10
3799,189.40493237751588,21.125302650504292,10
3800,189.508530440285,21.026786511035375,10
3801,189.52341456972817,21.043204717235824,10
3802,189.5326184175013,21.045342972506806,10
3803,189.53639045387993,21.046993366669305,10
3804,189.5481954634065,21.052558106941554,10
3805,189.6083312168112,21.036490179693097,10
3806,189.65895075094113,21.01967835561352,10
3807,189.71627648107003,21.012180921463194,10
3808,189.77747942859233,21.03304751226849,10
3809,189.78894221376922,21.02383851720049,10
3810,189.84812932560675,20.97002763598231,10
3811,189.85707503492577,20.97132965794571,10
3812,189.92331212060193,20.958142315728278,10
3813,189.93571107133988,20.965921908649623,10
3814,189.9373111265023,20.965647910457484,10
3815,189.96430976079856,20.945715307916814,10
3816,189.9783022789909,20.950778276570567,10
3817,190.0372826113723,20.879319825721097,10
3818,190.0972229137814,20.83757216288955,10
3819,190.1006496993444,20.83652968553898,10
3820,190.12313361854814,20.8585490280253,10
3821,190.19244650479288,20.807650467139503,10
3822,190.20543909195268,20.804856503033843,10
3823,190.23063154009373,20.82048512992529,10
3824,190.25172664360912,20.81270864959597,10
3825,190.26466187319252,20.8004716746824,10
3826,190.32246057754574,20.751020962302764,10
3827,190.3349788055359,20.76028573372297,10
3828,190.33901223805162,20.763301334936372,10
3829,190.4046005265262,20.689120269671125,10
3830,190.42808566498223,20.673814304595744,10
3831,190.440387720015,20.673313580367928,10
3832,190.50462874377052,20.718956657159442,10
3833,190.52765315119322,20.721389901506637,10
3834,190.58658128920538,20.728702546710625,10
3835,190.64079537774103,20.71445482878349,10
3836,190.6507304469428,20.715707280972985,10
3837,190.65870937801387,20.72040534283829,10
3838,190.6718447206357,20.714201548538522,10
3839,190.6774941590537,20.711733278210406,10
3840,190.68590454734334,20.7092126250261,10
3841,190.69128278142276,20.70748371344763,10
3842,190.70371302036912,20.701596278578247,10
3843,190.75532634245297,20.700472984383694,10
3844,190.75933567190856,20.6999460829074,10
3845,190.76494131423289,20.69758049338876,10
3846,190.76701065235392,20.697633966853175,10
3847,190.82090619413836,20.700986936418456,10
3848,190.8716280417013,20.684948416279646,10
3849,190.8845069593995,20.6819673962021,10
3850,190.89044811182924,20.6765801357238,10
3851,190.96167957758533,20.700117763274626,10
3852,190.97662522050103,20.697220405550524,10
3853,190.98604402859166,20.6894710924505,10
3854,191.03613912109006,20.74809436830992,10
3855,191.1372236505619,20.826327956371962,10
3856,191.24816757146093,20.748974831464356,10
3857,191.37298599750264,20.797142462970182,10
3858,191.38031036390376,20.794028979097416,10
3859,191.44545076053345,20.734208850996385,10
3860,191.49700924999829,20.752196182943774,10
3861,191.51308285535976,20.748747119578052,10
3862,191.57117494650055,20.800588986781715,10
3863,191.58009038778522,20.797198183121473,10
3864,191.58562218485073,20.79483773224888,10
3865,191.61289683053315,20.788199548606407,10
3866,191.6829489057222,20.77875256486464,10
3867,191.79850189970742,20.81446507343651,10
3868,191.81357552455682,20.810110887530115,10
3869,191.95800709702138,20.7708191110924,10
3870,192.0271907683685,20.697564110913792,10
3871,192.13966277432786,20.614251632292355,10
3872,192.15556530622638,20.61215674640981,10
3873,192.20741267211758,20.65983048115945,10
3874,192.26325463436984,20.648264541646682,10
3875,192.27414217332986,20.64756031462872,10
3876,192.33459788900166,20.609928134633627,10
3877,192.34739344807332,20.6208320195452,10
3878,192.35678079178936,20.62460263661645,10
3879,192.37091591617036,20.639385264518097,10
3880,192.38264837874195,20.652749936225515,10
3881,192.43940833030905,20.71213673421539,10
3882,192.58881477354447,20.6807227801923,10
3883,192.59702549894155,20.679126957291246,10
3884,192.64737912943122,20.636747165447442,10
3885,192.65493281017893,20.63391925540353,10
3886,192.70555981612276,20.57805832739023,10
3887,192.73914069620426,20.602412187882553,10
3888,192.7485763988034,20.596146177505513,10
3889,192.8496872773357,20.590800423014493,10
3890,192.86559703258484,20.59299564861634,10
3891,192.91698165888488,20.651017844220306,10
3892,192.97687591503006,20.601408431099724,10
3893,192.98286994530312,20.59989599033277,10
3894,193.13818629608357,20.540901654576118,10
3895,193.2113030315814,20.545356901170393,10
3896,193.25975466116705,20.518552737680174,10
3897,193.2762142308951,20.528261775910398,10
3898,193.32997041434896,20.528393049985493,10
3899,193.378904449291,20.45801003869699,10
3900,193.43293459765013,20.51610514100068,10
3901,193.5794874089072,20.482264868581435,10
3902,193.6176200739012,20.466501311124674,10
3903,193.62093057980846,20.46829558184994,10
3904,193.630996845518,20.47876965832409,10
3905,193.65822921992148,20.482537230403498,10
3906,193.67104405884623,20.47952099523437,10
3907,193.69810272252985,20.454231277851502,10
3908,193.7094715954725,20.45543914110336,10
3909,193.71636166289295,20.460549930743014,10
3910,193.783604294509,20.468812585873064,10
3911,193.79536845467527,20.45907317546784,10
3912,193.80186739795582,20.45875350618428,10
3913,193.80627908585444,20.461386165485862,10
3914,193.87491479449304,20.533949230133498,10
3915,193.9832828482053,20.574815976962007,10
3916,193.9848794521409,20.574999069692158,10
3917,194.0917017514359,20.533139375911873,10
3918,194.15682672066794,20.50747209431068,10
3919,194.1795597692556,20.504147316475535,10
3920,194.19039349322298,20.511633214117914,10
3921,194.1976473224866,20.516163639136835,10
3922,194.22503916469526,20.497761070558557,10
3923,194.2603315798788,20.47929255596989,10
3924,194.3250978227328,20.536966061816468,10
3925,194.3944890952452,20.468495266476143,10
3926,194.40847412704537,20.47538669486466,10
3927,194.4284152918827,20.468732708106508,10
3928,194.49057552991343,20.44936546567535,10
3929,194.54686223716968,20.39246846062519,10
3930,194.5582833645155,20.401184201997754,10
3931,194.57872428510493,20.403487212200478,10
3932,194.58479257739674,20.401182623676316,10
3933,194.5985040857376,20.406106824602478,10
3934,194.6597348229346,20.48230452166938,10
3935,194.81421993776982,20.628666577925017,10
3936,194.83670917673646,20.63499736460328,10
3937,194.84739943209735,20.632161038390656,10
3938,194.85249113760318,20.63000111526487,10
3939,194.9146239526605,20.544812196670886,10
3940,194.96879228260389,20.636201729503515,10
3941,194.97689616742628,20.632309117728283,10
3942,194.98113202339945,20.63346020662585,10
3943,194.98685410908936,20.628053939076718,10
3944,195.04753427075227,20.694415101764626,10
3945,195.14869645589667,20.59799551828833,10
3946,195.2060255839089,20.554968485359186,10
3947,195.2158651816913,20.54781985595698,10
3948,195.2775018003806,20.558885333816235,10
3949,195.3750329366587,20.555056387715716,10
3950,195.42387920688128,20.554627254512745,10
3951,195.4803064426792,20.564568290778016,10
3952,195.48757669358784,20.572882255500563,10
3953,195.5158689170426,20.563975431156805,10
3954,195.51760623326484,20.563432783741323,10
3955,195.52629417635788,20.559312452926363,10
3956,195.53319390241066,20.560838325954514,10
3957,195.53466097571766,20.56039334936865,10
3958,195.5564110572663,20.540434289865882,10
3959,195.61169527061014,20.49707739975578,10
3960,195.71229424205674,20.41606349861998,10
3961,195.7716322907009,20.345723611089547,10
3962,195.82209614366943,20.29909802940385,10
3963,195.83524583974105,20.300685973659544,10
3964,195.93774521470337,20.412941173435257,10
3965,195.99895938917513,20.460987229092556,10
3966,196.01405377446676,20.459892365219748,10
3967,196.03803229058371,20.471518745094595,10
3968,196.0857915829004,20.422028257627247,10
3969,196.10562650526316,20.42726250071122,10
3970,196.1617941479929,20.42380298912541,10
3971,196.21343724417926,20.424063103530017,10
3972,196.2186227455689,20.426667888701566,10
3973,196.23544055393955,20.445946150119163,10
3974,196.24880944425146,20.433037304753313,10
3975,196.30321034645442,20.43619200032824,10
3976,196.352262364025,20.481790799999448,10
3977,196.3616446601655,20.484877118750013,10
3978,196.37715881506583,20.48721141628499,10
3979,196.3855970738782,20.485062088519115,10
3980,196.38932926977947,20.483827396238425,10
3981,196.39545930894218,20.48736060594323,10
3982,196.40195795499005,20.488863873676333,10
3983,196.45660278186676,20.49034202450381,10
3984,196.46296236075244,20.49517662751186,10
3985,196.5629709222943,20.52588689551262,10
3986,196.57686633224498,20.520471428929312,10
3987,196.59359095587018,20.522746965431057,10
3988,196.64702556215107,20.44899594516727,10
3989,196.70167444329988,20.434691460693504,10
3990,196.70558305830954,20.43566260064893,10
3991,196.85486690471976,20.560224963230805,10
3992,196.90592955204474,20.48566474920785,10
3993,196.96070541713922,20.49791722123471,10
3994,197.02198904689016,20.483663511346855,10
3995,197.08436090773495,20.441296003194545,10
3996,197.14251583251112,20.489201815781094,10
3997,197.290768242702,20.487508429532205,10
3998,197.29922957468753,20.48566000777925,10
3999,197.3085156180659,20.4909372626089,10
4000,197.41784860745616,20.507820013746738,10
4001,197.46894317029333,20.526324840503985,10
4002,197.51984310095187,20.585475837753787,10
4003,197.53366870918268,20.580828845597768,10
4004,197.59104044062963,20.55800523280772,10
4005,197.6462162713056,20.64679297384989,10
4006,197.70817222666778,20.61746778819172,10
4007,197.8087846306056,20.582238891283744,10
4008,197.9121337953033,20.55859183304688,10
4009,197.92621522001818,20.561386667512867,10
4010,198.02791349224856,20.6670861681913,10
4011,198.03313357401677,20.671668894627516,10
4012,198.0920913827899,20.636589246453468,10
4013,198.0977547859117,20.635211888759294,10
4014,198.10395633377226,20.63039406997708,10
4015,198.15112453238436,20.588686509555593,10
4016,198.15528629172587,20.58641549720918,10
4017,198.20823205802552,20.586173692845744,10
4018,198.21652875560824,20.57893834255847,10
4019,198.2281163903297,20.58263726534091,10
4020,198.23645012693822,20.58103513727122,10
4021,198.2386450634886,20.58052278654011,10
4022,198.28930974294605,20.585614424886835,10
4023,198.3411809520479,20.603128390798464,10
4024,198.35718330366177,20.607325287057744,10
4025,198.36134438213008,20.606877814703697,10
4026,198.36666277813646,20.602259543291915,10
4027,198.3702157926833,20.60063594812641,10
4028,198.38583452392993,20.58536359597053,10
4029,198.40137004550303,20.571027738799756,10
4030,198.45635652402657,20.658953368817688,10
4031,198.60049999460412,20.692583670243007,10
4032,198.7047457643565,20.7505233151137,10
4033,198.76258995665552,20.812918328817965,10
4034,198.81188504725907,20.744311549792826,10
4035,198.8675646221969,20.751010810939178,10
4036,198.97795490713298,20.82498221023428,10
4037,199.03169254461787,20.842047196214406,10
4038,199.03801219586705,20.846410128504633,10
4039,199.04578572857926,20.850441343956465,10
4040,199.05381146159897,20.846097002874053,10
4041,199.0749543755998,20.850945065211228,10
4042,199.08216216469017,20.854135688253894,10
4043,199.19949831233754,20.730075234789176,10
4044,199.21138824215947,20.738018650636963,10
4045,199.22959001921376,20.74267659753722,10
4046,199.2337199584011,20.742635310702777,10
4047,199.2953811813705,20.665286349580143,10
4048,199.39830720622982,20.720005399283604,10
4049,199.40907919438214,20.712276730274024,10
4050,199.46813557597895,20.784865470924213,10
4051,199.47287305444576,20.78645665804384,10
4052,199.48626262551903,20.787503014507,10
4053,199.4942196592171,20.79364444229374,10
4054,199.55166520096458,20.71722388793861,10
4055,199.5588361480023,20.72064543781018,10
4056,199.65438625193306,20.72488171764875,10
4057,199.65803547710894,20.72608979204133,10
4058,199.67190878146005,20.741434692703546,10
4059,199.68763420708987,20.722520710856436,10
4060,199.69603538749055,20.723234261949216,10
4061,199.7561135025526,20.791825116915845,10
4062,199.80706494981303,20.87175607804934,10
4063,199.80892337886695,20.871828839923847,10
4064,199.82225434512935,20.87907220439545,10
4065,199.83401005802972,20.878101739700202,10
4066,199.89533201264425,20.959404210223106,10
4067,199.89990946357958,20.962673519633544,10
4068,199.9038563910345,20.961865784200292,10
4069,199.91348851870472,20.957331979495635,10
4070,199.9289666293046,20.962333778766997,10
4071,199.94807178511084,20.957028911138682,10
4072,200.01086633107485,21.019748269878427,10
4073,200.06604678791675,20.98478849956388,10
4074,200.12158098507447,21.02576820154944,10
4075,200.12828516193701,21.02266226521854,10
4076,200.18357754923593,21.027447548581804,10
4077,200.29357362268436,21.10190467074248,10
4078,200.36134630175636,21.192619486025137,10
4079,200.42091663915545,21.189724358992382,10
4080,200.471470542198,21.13661976727652,10
4081,200.47513459568887,21.138767799981334,10
4082,200.62811818550122,21.146054267036316,10
4083,200.67775870807432,21.09452620171235,10
4084,200.69156264965102,21.087849446756817,10
4085,200.7901636293306,21.176857963813216,10
4086,200.80229673485468,21.170568728307497,10
4087,200.91063916826806,21.234592292734536,10
4088,201.01802411948262,21.2118501430907,10
4089,201.02190795600916,21.210661133448,10
4090,201.0397335448114,21.219671298566734,10
4091,201.05233181236153,21.217526638156446,10
4092,201.0688227851667,21.227240157531142,10
4093,201.12616789881332,21.243850612587497,10
4094,201.22339821189547,21.312086700180874,10
4095,201.29298106252898,21.29076818679688,10
4096,201.308493385924,21.300102455112764,10
4097,201.322935902405,21.287513374346823,10
4098,201.3369127564162,21.292104794830518,10
4099,201.39666790836017,21.255066603993775,10
4100,201.45083027661835,21.337245125541155,10
4101,201.49717069655952,21.279198927769475,10
4102,201.52341689751975,21.263502523196017,10
4103,201.53412964203528,21.271556639084608,10
4104,201.55588139361765,21.25369422096882,10
4105,201.60424891463427,21.3141378040503,10
4106,201.62516194730296,21.30130744969712,10
4107,201.62746133235834,21.299870250002886,10
4108,201.68558449537653,21.320846531599873,10
4109,201.6918232388877,21.327582146554757,10
4110,201.6961318327332,21.3267566409919,10
4111,201.7053344515794,21.333945017173853,10
4112,201.73063243348057,21.333707098448503,10
4113,201.73313026669888,21.332705666243843,10
4114,201.7589689626076,21.360748787487484,10
4115,201.81713693854562,21.341734091674287,10
4116,201.8715560578607,21.418670640310562,10
4117,201.88578536125218,21.42569257450423,10
4118,201.96140630335597,21.381788422129823,10
4119,201.96649127261108,21.382611042132492,10
4120,202.04186175116254,21.463507263366395,10
4121,202.15749134904755,21.521937949895356,10
4122,202.16056364002915,21.52124644860975,10
4123,202.17467812759068,21.52924962856863,10
4124,202.27131838212682,21.580881250868426,10
4125,202.40519284979007,21.434865114003227,10
4126,202.55316378243478,21.495153789472383,10
4127,202.58281276359804,21.511827131529362,10
4128,202.5871583682944,21.51395558589901,10
4129,202.63739299968066,21.46344103510855,10
4130,202.7024524894539,21.543316285486735,10
4131,202.7619517365453,21.60975491936709,10
4132,202.76838834924501,21.612201913289596,10
4133,202.82906583644046,21.641484982919227,10
4134,202.88168317845316,21.64419598745057,10
4135,202.88489940881317,21.644850460067996,10
4136,202.99315133462179,21.586094203270562,10
4137,203.00739742999178,21.587710937392227,10
4138,203.01758002978036,21.579759914137128,10
4139,203.1254280741926,21.57003762680691,10
4140,203.2284810403869,21.6390561257237,10
4141,203.24045166905145,21.650216131918548,10
4142,203.27114222343968,21.629297539734484,10
4143,203.3416294511258,21.585531656939075,10
4144,203.34785714272525,21.586306901310493,10
4145,203.38321634755806,21.5873803087019,10
4146,203.49051628240548,21.525559867655076,10
4147,203.50299267581582,21.532495582953565,10
4148,203.51801172470704,21.550274614153388,10
4149,203.53146644239516,21.551745424324853,10
4150,203.6339895176847,21.46401639511882,10
4151,203.65105288228608,21.463180148457536,10
4152,203.7030628209505,21.509322187189056,10
4153,203.72241653655368,21.52384735444962,10
4154,203.8370632679752,21.433241815409968,10
4155,203.84412847531615,21.43867204704643,10
4156,203.94319863199632,21.434879637954566,10
4157,204.04648956680484,21.373339645315674,10
4158,204.07580764942952,21.376117581699337,10
4159,204.09354734576627,21.385630052626777,10
4160,204.19573504796588,21.369185116546525,10
4161,204.31303141013578,21.33590061084158,10
4162,204.3655492845683,21.38060043421568,10
4163,204.37398539573732,21.384034218048846,10
4164,204.43039477339678,21.440454367375192,10
4165,204.47850928017039,21.461408187209706,10
4166,204.53461016495098,21.548495162049463,10
4167,204.5381596563133,21.545809862530803,10
4168,204.5444142173017,21.546343724284615,10
4169,204.548146653971,21.54370183631445,10
4170,204.56738121176244,21.532069118641356,10
4171,204.58313968190305,21.544243438294153,10
4172,204.60194108160746,21.55107934285463,10
4173,204.6190799667109,21.55669133856991,10
4174,204.6735222559666,21.538178305766092,10
4175,204.68023552037675,21.534434560507897,10
4176,204.7020091655035,21.523415726039083,10
4177,204.71261858279695,21.529964759832296,10
4178,204.7309105187789,21.517401743292424,10
4179,204.7396753978385,21.51250532360659,10
4180,204.8359800202889,21.52638330271893,10
4181,204.84095118439055,21.52793602196487,10
4182,204.84611346889466,21.523404911007233,10
4183,204.90736872476336,21.61062469052684,10
4184,204.91892099308856,21.60684579407389,10
4185,204.981349627625,21.570368058212757,10
4186,204.98589100877456,21.567805145908018,10
4187,204.98750554982615,21.567081523708463,10
4188,205.0081183957803,21.557626126097166,10
4189,205.01069137618438,21.558685591404664,10
4190,205.02306620457398,21.568732957793035,10
4191,205.03109063149205,21.569448453074273,10
4192,205.08337147534468,21.553363509017913,10
4193,205.13421193990152,21.504403436948518,10
4194,205.1493894288492,21.506087022960145,10
4195,205.26214360860777,21.567114685415955,10
4196,205.31748093487417,21.606145172247547,10
4197,205.37838208195762,21.565544688033086,10
4198,205.3996385130938,21.564994395382236,10
4199,205.40903641506844,21.558774236596033,10
4200,205.41513022216887,21.558280198014415,10
4201,205.42477613049064,21.562119500386114,10
4202,205.5314405004628,21.516029028026956,10
4203,205.59429929751886,21.606431232607576,10
4204,205.6015498747795,21.603562262343182,10
4205,205.61047743310573,21.601309132937345,10
4206,205.6218230256803,21.59063582496271,10
4207,205.62320357028298,21.58997133008174,10
4208,205.62817901422937,21.589814104121526,10
4209,205.66411014584074,21.597734954473367,10
4210,205.67344127910752,21.59357620560997,10
4211,205.69963181490525,21.591715717113395,10
4212,205.7073004702715,21.59395886008763,10
4213,205.73771974450673,21.58291330858785,10
4214,205.74336820432896,21.58636153848024,10
4215,205.75489285850512,21.588792252596594,10
4216,205.86955442895615,21.662450865784535,10
4217,205.8710763477763,21.661777280247,10
4218,205.9372255951817,21.65064879778564,10
4219,205.94631722834544,21.65007537222145,10
4220,205.96659052702535,21.63986399623604,10
4221,205.98836829770408,21.654712978366565,10
4222,206.00332916819806,21.66086076929852,10
4223,206.00551322405514,21.661875129079018,10
4224,206.01044047280357,21.65975127482926,10
4225,206.10673965004418,21.676224464730456,10
4226,206.11702242864664,21.683122084174826,10
4227,206.11981725067798,21.68213546383727,10
4228,206.18528357299502,21.697832206815672,10
4229,206.1883997199845,21.69837598347684,10
4230,206.2422457878844,21.759304088129795,10
4231,206.29136698814767,21.715818450930808,10
4232,206.3925066020569,21.665902371475426,10
4233,206.4826730823059,21.57337078503179,10
4234,206.48657889669215,21.57235429183289,10
4235,206.55106817683495,21.62665694621604,10
4236,206.60525900480837,21.59432753811533,10
4237,206.61331609692246,21.594789155273183,10
4238,206.62188377355383,21.599056994149247,10
4239,206.63193215043097,21.603823611006653,10
4240,206.68408962138875,21.60158417839759,10
4241,206.73310075217606,21.604764945710876,10
4242,206.78893378351108,21.53740874071426,10
4243,206.79163967535246,21.535373256344485,10
4244,206.80033896360231,21.537642625279844,10
4245,206.81830239347218,21.54415884787841,10
4246,206.87528294556213,21.50423795517406,10
4247,206.97375056195816,21.549981710013785,10
4248,206.98212114399024,21.557632878196337,10
4249,206.99481751378215,21.568490291175284,10
4250,207.0516638635126,21.57073561674188,10
4251,207.05761499719705,21.575472533440678,10
4252,207.10870324981784,21.513985150974236,10
4253,207.1725119160419,21.531696044700173,10
4254,207.27038037958104,21.52213854397043,10
4255,207.3282457397143,21.483460589464524,10
4256,207.42352280028655,21.37610243708639,10
4257,207.43567288864057,21.369102178097226,10
4258,207.49020444933245,21.32977352151238,10
4259,207.5952431138156,21.335852499633432,10
4260,207.60575795839412,21.34649911826893,10
4261,207.65776729435257,21.3688042328757,10
4262,207.6644720745247,21.37179821965384,10
4263,207.67530823324333,21.36234261037694,10
4264,207.744781080928,21.319396391909418,10
4265,207.8147670233528,21.275983773388045,10
4266,207.87079468358115,21.326953535382724,10
4267,207.88288246248266,21.324958266684444,10
4268,207.89546758176394,21.3305886485619,10
4269,207.94581252602566,21.298272996467894,10
4270,207.996071549242,21.30018915708307,10
4271,208.0464292676818,21.256160344735676,10
4272,208.07298256170012,21.225950011586406,10
4273,208.0816639145068,21.231795722634477,10
4274,208.0847500168621,21.23114042238373,10
4275,208.1338207620268,21.278267111156122,10
4276,208.22321932884378,21.22453722639666,10
4277,208.23579812215138,21.217675408020224,10
4278,208.39223905697008,21.260564868319147,10
4279,208.49770045209576,21.32155274784857,10
4280,208.5149291754508,21.33456167954213,10
4281,208.56870840720413,21.29069468229257,10
4282,208.6148736134397,21.234140000928726,10
4283,208.6168178899346,21.233916307412432,10
4284,208.62002357715733,21.232641573981603,10
4285,208.67090078744314,21.25677646329663,10
4286,208.68744174294838,21.26810508926131,10
4287,208.69632784854576,21.275356275789996,10
4288,208.70664881479837,21.279250751370714,10
4289,208.80239116310463,21.220283136090977,10
4290,208.8807351905155,21.295136586952353,10
4291,208.94586951214873,21.314077644545037,10
4292,209.04576692982346,21.218384068929037,10
4293,209.097240232759,21.173961507528066,10
4294,209.1617597281454,21.201192511683967,10
4295,209.22032282477227,21.202352040813178,10
4296,209.2404416671625,21.20577918991319,10
4297,209.24649611385559,21.207454654603787,10
4298,209.25726044437496,21.203141443871008,10
4299,209.30938594285914,21.16603270076219,10
4300,209.4584317231463,21.21347084727795,10
4301,209.46494116889866,21.211849783021762,10
4302,209.51603830246842,21.151102484229654,10
4303,209.52906058798962,21.15406321828591,10
4304,209.53511102738116,21.157830329049197,10
4305,209.59548457531596,21.209676171466235,10
4306,209.60927321720843,21.205278510696925,10
4307,209.61357059750225,21.202775738852118,10
4308,209.62351143368656,21.209124110366748,10
4309,209.63777258731866,21.199926093579883,10
4310,209.6468419609905,21.197188493836606,10
4311,209.6987005280029,21.24343031381463,10
4312,209.70555457206746,21.24396628183977,10
4313,209.72292838687667,21.242565967507744,10
4314,209.7265489533993,21.245389918849085,10
4315,209.73939621195456,21.248995081278295,10
4316,209.78923885071316,21.255925284914728,10
4317,209.792123560784,21.259064560045736,10
4318,209.80444626918515,21.26862018675824,10
4319,209.80778089877322,21.270401395718668,10
4320,209.85903849450287,21.354293980370002,10
4321,209.8759374567861,21.36600061823249,10
4322,209.89825050641426,21.372101268508047,10
4323,209.9263483628294,21.372743411807924,10
4324,209.93683514658497,21.37150269987247,10
4325,209.9506968616011,21.379992801409998,10
4326,209.96284196225014,21.390886805067858,10
4327,209.96951154873614,21.386890384152743,10
4328,210.02796856428387,21.47128910031677,10
4329,210.03308489736833,21.46698000526595,10
4330,210.04035562208338,21.470759271304164,10
4331,210.0877217126953,21.413264051644084,10
4332,210.1011839385592,21.41607956699053,10
4333,210.11302171757333,21.419509589722,10
4334,210.16896243182273,21.401580452235976,10
4335,210.19409245776492,21.4132350738235,10
4336,210.20618127026842,21.42066846147939,10
4337,210.27255498839457,21.384909133325642,10
4338,210.41501053549945,21.393738814783465,10
4339,210.5117760492698,21.502637528898426,10
4340,210.62326581184,21.552277935456292,10
4341,210.76881489100046,21.67678582224576,10
4342,210.89111845362316,21.80540817300792,10
4343,210.90202823809813,21.804816644763257,10
4344,210.95436622273604,21.86934967038758,10
4345,211.0512996775642,21.855424976239526,10
4346,211.10972933162833,21.925747882794557,10
4347,211.1572395994991,21.90854159712914,10
4348,211.22061834304873,21.983307315567107,10
4349,211.2744086923295,21.928258295791,10
4350,211.33116724374153,21.876756721878024,10
4351,211.38421136257452,21.94035377021846,10
4352,211.39236039235576,21.946234761131446,10
4353,211.39607654911825,21.947275458641087,10
4354,211.41441523742878,21.927188073093333,10
4355,211.47278651635256,21.97114420560842,10
4356,211.47477443978386,21.96988323600858,10
4357,211.47787092077024,21.968233286385644,10
4358,211.5467967360824,22.014233481311216,10
4359,211.6535561672062,22.069117997079953,10
4360,211.740329578793,22.0645218761226,10
4361,211.8414897325034,22.01064484480768,10
4362,211.8531917098936,22.01713816745995,10
4363,211.90233375589773,22.022386379827395,10
4364,211.90900308108544,22.023447514586167,10
4365,211.96480352143118,21.985466416313294,10
4366,212.0181998971158,22.038767625500125,10
4367,212.0400390303027,22.061091025852402,10
4368,212.1773296537258,22.118912447516475,10
4369,212.28428965388952,22.201997012009183,10
4370,212.42125662777593,22.30367137983894,10
4371,212.4394467625112,22.29759277821688,10
4372,212.44595364362755,22.2928316930924,10
4373,212.45421771078728,22.294332870618025,10
4374,212.45725504014848,22.295056575636476,10
4375,212.51692998778057,22.275101891957213,10
4376,212.5343411711492,22.27321886082592,10
4377,212.54307564523833,22.26841505247968,10
4378,212.60614886465973,22.313467890177506,10
4379,212.63621147067016,22.31325467421803,10
4380,212.64973296129475,22.31193273706346,10
4381,212.661771299975,22.314293014376425,10
4382,212.83212837982404,22.28874180501542,10
4383,212.86957415494513,22.305139773655984,10
4384,212.9785359236022,22.230806646008727,10
4385,213.0054763712848,22.26347443519667,10
4386,213.01500067473953,22.25501180928226,10
4387,213.07583658133794,22.34013566189317,10
4388,213.1705772407979,22.331248389639537,10
4389,213.22060796627017,22.396466061727022,10
4390,213.2367930611333,22.404834897612115,10
4391,213.30165361346803,22.360747176263708,10
4392,213.3081690000991,22.362611039616368,10
4393,213.31452083532037,22.36042616154647,10
4394,213.32004886877894,22.358127549127712,10
4395,213.33549137126406,22.35925452454388,10
4396,213.34320740357543,22.364474665194393,10
4397,213.44546453034295,22.480708518573614,10
4398,213.50474206399343,22.54894316131274,10
4399,213.5132862949045,22.548011321603006,10
4400,213.5670026885301,22.517274874957913,10
4401,213.64471836092093,22.51313115369165,10
4402,213.64996194245276,22.51001921163488,10
4403,213.65954636323826,22.510113636927798,10
4404,213.66330533427157,22.512665014516784,10
4405,213.71491237488107,22.539189063790523,10
4406,213.85870822882893,22.443047486925764,10
4407,213.87185826235856,22.4450626819073,10
4408,213.92653556905256,22.380911884328345,10
4409,213.98022517290784,22.311090423552415,10
4410,214.050075895691,22.4108150381916,10
4411,214.06347358792533,22.41105826206229,10
4412,214.12593159799863,22.46735639916772,10
4413,214.15529083368597,22.466573530441078,10
4414,214.25896520992177,22.51354006537967,10
4415,214.31529250691452,22.54552002005361,10
4416,214.32460636226674,22.542771874969244,10
4417,214.38661611964022,22.517888255429764,10
4418,214.40828800833873,22.518086768406423,10
4419,214.45877647145193,22.473726468796322,10
4420,214.51470556736103,22.536006410567538,10
4421,214.5167019974961,22.53737620203384,10
4422,214.57323636611528,22.606345507109054,10
4423,214.57969348728057,22.603207204387367,10
4424,214.5982194308684,22.620293253446928,10
4425,214.6557843505465,22.625697474232037,10
4426,214.65908147487622,22.624950120994836,10
4427,214.72625684799692,22.675335198207243,10
4428,214.8430081083638,22.69806706154756,10
4429,214.8977837496398,22.775478913395265,10
4430,215.04166907789698,22.84822145508528,10
4431,215.09358414505581,22.854488643308372,10
4432,215.15865299585374,22.946606569302098,10
4433,215.17295543838213,22.959553426812494,10
4434,215.2389101196111,23.014089989973357,10
4435,215.2523481993106,23.029946013145544,10
4436,215.2573717351392,23.033538471428727,10
4437,215.31240853308054,23.107821048160492,10
4438,215.3637732336715,23.107818710735753,10
4439,215.3778651024987,23.09774863864841,10
4440,215.47238728590327,23.038745280575444,10
4441,215.4743271552527,23.038190313830725,10
4442,215.5417492732153,23.046788050184528,10
4443,215.54784591946117,23.050281052689257,10
4444,215.60159471564347,23.05345068987445,10
4445,215.60351275172562,23.053373088769952,10
4446,215.6601121675198,23.13200805582517,10
4447,215.7661040331265,23.152611289057738,10
4448,215.82005806899497,23.10983927281611,10
4449,215.88240005527217,23.17746129224007,10
4450,215.9433698947102,23.242451636932703,10
4451,215.99679342493886,23.249428298153724,10
4452,216.04681962794993,23.233594555260616,10
4453,216.10554522732974,23.214657590801927,10
4454,216.17759589430153,23.280995369278372,10
4455,216.2367192803551,23.245306846526884,10
4456,216.34711346610044,23.30418764628481,10
4457,216.36373086813623,23.30309617455825,10
4458,216.41684159748752,23.31061460182036,10
4459,216.4257076763613,23.31274676626113,10
4460,216.48788964362512,23.268210627212042,10
4461,216.49514790379445,23.272941915466692,10
4462,216.50013176938197,23.269089307194204,10
4463,216.605590488718,23.20678350672784,10
4464,216.62527871568074,23.230505347003756,10
4465,216.63626822978136,23.225689338938,10
4466,216.65038515964093,23.230073184702864,10
4467,216.6528937385023,23.22915633989023,10
4468,216.7044667524618,23.186185654089332,10
4469,216.77106061188587,23.256080500128775,10
4470,216.82978931602582,23.337435267563276,10
4471,216.87961724761084,23.27168126529591,10
4472,216.89086633958408,23.26669430834411,10
4473,216.94774687947915,23.253032607444062,10
4474,216.95440760229334,23.250930921486585,10
4475,216.9641218268073,23.24558677159952,10
4476,216.97103336806973,23.241816083237655,10
4477,217.02884970192613,23.2932391414576,10
4478,217.0470856508785,23.292670198445062,10
4479,217.06209128083964,23.298065778625354,10
4480,217.06863520879278,23.299017049376328,10
4481,217.13725393568302,23.270421023795784,10
4482,217.1515285821321,23.276502000291398,10
4483,217.16220622664702,23.268205796464304,10
4484,217.17921122545658,23.26484011897594,10
4485,217.1897671137899,23.267600527049932,10
4486,217.19720354513305,23.267085149049198,10
4487,217.20104637884714,23.26451361028357,10
4488,217.20990892382133,23.270646145209007,10
4489,217.2176165062855,23.270903460053272,10
4490,217.2232702914726,23.264343194051584,10
4491,217.24977549887882,23.268796607523157,10
4492,217.25965907439564,23.259667777748618,10
4493,217.28270481141445,23.255274012176613,10
4494,217.3445958639696,23.315359138345805,10
4495,217.39571221226112,23.284021830714813,10
4496,217.49911925232226,23.354667577776276,10
4497,217.56722097086816,23.36397644828337,10
4498,217.57131905539683,23.364104610528468,10
4499,217.5983320796805,23.33689441799867,10
4500,217.62537469209687,23.340708841303957,10
4501,217.6389716630929,23.345115075378605,10
4502,217.69682603431792,23.368415581131522,10
4503,217.80416764416245,23.35256619255647,10
4504,217.81396508733368,23.356739420624127,10
4505,217.8637380961814,23.324632525512556,10
4506,217.91496006315091,23.294005506022675,10
4507,217.9467395572025,23.27246976868808,10
4508,217.9582122719142,23.270939440906417,10
4509,217.9711610011213,23.278217129276904,10
4510,218.02372762681983,23.345661207991725,10
4511,218.03412196503388,23.34726349176463,10
4512,218.08505561069177,23.31728558751067,10
4513,218.09747120422026,23.305206545006975,10
4514,218.14767198248515,23.35418297920001,10
4515,218.2039178899463,23.34244035902055,10
4516,218.2245890504908,23.33720144764087,10
4517,218.22662627762702,23.33676499461802,10
4518,218.24426924139902,23.330190979258806,10
4519,218.29395511513303,23.3535533887813,10
4520,218.30344101759866,23.357837962450645,10
4521,218.35826750226857,23.428045283519694,10
4522,218.41242168932985,23.42895417957729,10
4523,218.52591249981805,23.45408126613002,10
4524,218.53923473694118,23.451993243108625,10
4525,218.54379847531717,23.449686126380858,10
4526,218.55996987604857,23.446734824561098,10
4527,218.61152862175214,23.49156854065883,10
4528,218.61472708691076,23.49182135632602,10
4529,218.61914455726523,23.490248586700414,10
4530,218.81305738616237,23.467552262107688,10
4531,218.82040021113144,23.47090572149312,10
4532,218.92885499004154,23.454448788170748,10
4533,218.9327690752979,23.45686373549348,10
4534,218.94772578246153,23.47529020621142,10
4535,219.02185905337222,23.515169015529438,10
4536,219.12391792267871,23.534215514471317,10
4537,219.1809970220228,23.500014633554652,10
4538,219.2368578422832,23.4292681115228,10
4539,219.24152391530157,23.432341139716957,10
4540,219.25956052612105,23.41938462032484,10
4541,219.3164046979868,23.367773796454795,10
4542,219.320246558703,23.370134783641756,10
4543,219.34308367335748,23.364859306899053,10
4544,219.40466687520475,23.331819174519378,10
4545,219.43296161217546,23.35000839708087,10
4546,219.48606547279624,23.32633853894327,10
4547,219.49166027734137,23.32420725685828,10
4548,219.50235336216275,23.321021732988726,10
4549,219.57269228843725,23.26311111439555,10
4550,219.68737127137098,23.207003282858484,10
4551,219.70028361991362,23.202480920574573,10
4552,219.7140243321695,23.19817705876134,10
4553,219.7341085439507,23.20070712132378,10
4554,219.74336904466418,23.203904837952418,10
4555,219.80571680237662,23.208013157575472,10
4556,219.8126188385939,23.212903812815288,10
4557,219.8191627401688,23.214473698028844,10
4558,219.83111161153562,23.21809505974015,10
4559,219.8465304135597,23.214250891870627,10
4560,219.87113059068778,23.194310128461886,10
4561,219.89039296218698,23.172146572972153,10
4562,219.92108048007276,23.197313290183526,10
4563,219.93518134646706,23.20009918367023,10
4564,219.9722087966839,23.156933121849097,10
4565,220.02868607801034,23.14439095251941,10
4566,220.1760459551155,23.067772577544993,10
4567,220.18629918963543,23.061672731335527,10
4568,220.20344323482658,23.07189607102574,10
4569,220.25649173817152,23.124016933771554,10
4570,220.3196826184888,23.179886808701326,10
4571,220.4242573307361,23.23988269546536,10
4572,220.47384069142103,23.26121669891655,10
4573,220.622614250576,23.192584535198723,10
4574,220.6277844138835,23.192293450673137,10
4575,220.69214570392495,23.21704949243555,10
4576,220.71175368028042,23.22392216979347,10
4577,220.76331906359655,23.272629342138792,10
4578,220.82300054382776,23.216300976216747,10
4579,220.8278073450882,23.213634263700857,10
4580,220.9019647709966,23.228667319031015,10
4581,221.00107525811936,23.169443899581697,10
4582,221.00581770534146,23.17046431630165,10
4583,221.0130125885618,23.174952623318788,10
4584,221.04505064929987,23.1841481858097,10
4585,221.10184774947183,23.195572982992886,10
4586,221.11778182000495,23.191818654590886,10
4587,221.15563778963255,23.195360363213315,10
4588,221.18110761564944,23.198042356507464,10
4589,221.18319541523846,23.198470516802242,10
4590,221.24512095117888,23.186268755858467,10
4591,221.2966490690451,23.229695286407534,10
4592,221.30851084217693,23.224759828334182,10
4593,221.3789809971302,23.220948963582085,10
4594,221.43322018017457,23.293111736119574,10
4595,221.53345020339043,23.41483757910952,10
4596,221.54871026192262,23.4086314026377,10
4597,221.60391613720185,23.39759230024914,10
4598,221.60861963852685,23.398271808266898,10
4599,221.65846775804374,23.467096264967438,10
4600,221.6834792686672,23.491768803327222,10
4601,221.72633427045844,23.492719040428202,10
4602,221.7909679348254,23.556976290642474,10
4603,221.81950750408473,23.58362208082429,10
4604,221.82207434800688,23.584114065340085,10
4605,221.83351419387827,23.57552593134799,10
4606,221.8442142010055,23.58144995972651,10
4607,221.89573337518226,23.602432494129545,10
4608,221.92028938396052,23.623370238045418,10
4609,221.96902928768117,23.56000793332139,10
4610,222.0183637683678,23.569918079370403,10
4611,222.11546750466286,23.612736007517547,10
4612,222.12879845553252,23.61565313113177,10
4613,222.15009298532067,23.608999172115308,10
4614,222.15159125177874,23.609182274522343,10
4615,222.26634043238596,23.63499516858122,10
4616,222.27164904412908,23.633222868341804,10
4617,222.27828687559094,23.630123836444337,10
4618,222.38561233678237,23.637038646955688,10
4619,222.43528230474544,23.683276663977463,10
4620,222.53597088458505,23.647217672410463,10
4621,222.63759865772172,23.656721066451425,10
4622,222.65177468395592,23.658818252364473,10
4623,222.7070119364135,23.62500124196705,10
4624,222.71162023137285,23.625539896678628,10
4625,222.738776818741,23.63254392072194,10
4626,222.78019458961367,23.62780858431073,10
4627,222.8768917015387,23.657836762328394,10
4628,222.889727855858,23.654487934108005,10
4629,222.90056925898276,23.64425501189199,10
4630,222.9242682004198,23.650690440749504,10
4631,222.98924822112258,23.616978158004517,10
4632,223.03913386487957,23.60519762740972,10
4633,223.0539777142093,23.58742132174435,10
4634,223.06669613816098,23.583041100328003,10
4635,223.1331588568954,23.587010241011576,10
4636,223.1877097046936,23.545231566997437,10
4637,223.26127209676602,23.55847676554227,10
4638,223.31110237461843,23.573049912738774,10
4639,223.32272950730817,23.58160968369726,10
4640,223.3390405633076,23.595910064777037,10
4641,223.4013345581825,23.667757780061297,10
4642,223.41256066845708,23.66114079203022,10
4643,223.49144219519712,23.64411245397622,10
4644,223.52348451179327,23.633673543281546,10
4645,223.52861912050253,23.628449892556613,10
4646,223.54129039472383,23.629619164064366,10
4647,223.5503151514287,23.619476922545925,10
4648,223.56152062987297,23.617893999380637,10
4649,223.56895615082698,23.6126327426312,10
4650,223.57889238000513,23.61901521483721,10
4651,223.5903645289593,23.622680878477997,10
4652,223.65629671677772,23.70874344318964,10
4653,223.71060202696725,23.777492748945292,10
4654,223.78873957621676,23.878192596135385,10
4655,223.79944822376336,23.873421761619976,10
4656,223.85137878188647,23.847948477890615,10
4657,223.8711257787949,23.846585367176743,10
4658,223.91404948095337,23.814283504045488,10
4659,223.9221510109397,23.821875119989073,10
4660,223.98922635041737,23.81516674178433,10
4661,224.04266905399658,23.84437549768983,10
4662,224.1335132919058,23.83300065129918,10
4663,224.16661358435528,23.789145434963142,10
4664,224.2302661695524,23.853435326684234,10
4665,224.251160496468,23.866763697374534,10
4666,224.28104180460315,23.86572807823773,10
4667,224.2906458471813,23.867595874477434,10
4668,224.296543634411,23.86601898647961,10
4669,224.31368276081693,23.867268868976446,10
4670,224.36625776941634,23.894995056785678,10
4671,224.3789668195314,23.882672444506486,10
4672,224.40649503449745,23.857665935408622,10
4673,224.46446758041992,23.819138618458748,10
4674,224.476928256231,23.81075043665088,10
4675,224.5252546708778,23.781569680012318,10
4676,224.58524083237972,23.769830756336958,10
4677,224.5946719029517,23.762578508775473,10
4678,224.70356376401696,23.784873477955486,10
4679,224.72839558767245,23.802135846432165,10
4680,224.74298392380197,23.808127523682725,10
4681,224.76256496912575,23.813457525706845,10
4682,224.82951893462732,23.8575144768253,10
4683,224.89055901485048,23.804326493752576,10
4684,224.90230658211993,23.810642334705722,10
4685,224.95638178993158,23.795238912510968,10
4686,224.96956503477546,23.786586728809493,10
4687,224.97689972673396,23.79049331412666,10
4688,224.9881045431686,23.784647206926696,10
4689,225.0411336930109,23.757271518416363,10
4690,225.04403735204514,23.755748339910493,10
4691,225.14241027115318,23.794763175437943,10
4692,225.19675006454068,23.738020995821085,10
4693,225.21027530742413,23.7522607141098,10
4694,225.21805759557887,23.751353133214014,10
4695,225.22009059228859,23.752128050914965,10
4696,225.22859627747016,23.755168811866014,10
4697,225.32355036870234,23.870546128562875,10
4698,225.32480155688432,23.87048319328231,10
4699,225.32923643029295,23.867355355291494,10
4700,225.34172843122573,23.86346876984036,10
4701,225.4071446803609,23.91621558875631,10
4702,225.41508696546197,23.919267611199764,10
4703,225.5063083063877,23.975815527581954,10
4704,225.51348356769222,23.980361933436907,10
4705,225.62403835776087,24.01675204336929,10
4706,225.63382869399032,24.013091199361497,10
4707,225.64416479426217,24.014142337630897,10
4708,225.740381900275,23.90611203205543,10
4709,225.83740169049332,24.041174271533155,10
4710,225.9026131406958,24.097753603691444,10
4711,225.95876778270153,24.071504633765382,10
4712,226.0187123352056,24.14534206777331,10
4713,226.03105463587622,24.151862362505494,10
4714,226.13145279536565,24.063189232097923,10
4715,226.18907318155826,24.04638209245896,10
4716,226.25406813602908,24.092298261356383,10
4717,226.3503543366609,24.076219494214673,10
4718,226.35982679709036,24.072485007732514,10
4719,226.3764363765887,24.067208704587355,10
4720,226.42162857100675,24.10583255648446,10
4721,226.48095117609415,24.08952333509352,10
4722,226.48406779645975,24.090610007283573,10
4723,226.58607255191959,24.106190425163682,10
4724,226.63795578735602,24.091141361173364,10
4725,226.7732776037713,24.179190828234965,10
4726,226.82238504356465,24.251448948625566,10
4727,226.87519167565847,24.26962905945983,10
4728,226.93166049669367,24.291489201301154,10
4729,226.93450631852798,24.290180907332495,10
4730,226.95102982877629,24.29877785317785,10
4731,226.96118719064344,24.304235422613782,10
4732,227.07682383114835,24.384775879901564,10
4733,227.08123889557277,24.38817513920121,10
4734,227.13546951211373,24.41184668908937,10
4735,227.14431530045363,24.40248627345109,10
4736,227.2058827563364,24.33118222256889,10
4737,227.25388470666394,24.290531071156582,10
4738,227.2755669016858,24.297096110428594,10
4739,227.28033499893945,24.297732751537048,10
4740,227.33230678697487,24.362747974897527,10
4741,227.39045959267833,24.362214518523263,10
4742,227.39709034365865,24.361540515867226,10
4743,227.4507043864931,24.42939046622966,10
4744,227.47337854659298,24.421626594978672,10
4745,227.52976751321094,24.439431856319462,10
4746,227.59558010891524,24.51169038574262,10
4747,227.61222091088598,24.520036948481895,10
4748,227.6178685559932,24.524180829355448,10
4749,227.67158154921464,24.508266188161983,10
4750,227.6844442462812,24.504233142035094,10
4751,227.68960144365738,24.505518082305876,10
4752,227.6967097049926,24.505636533269843,10
4753,227.76301435638203,24.5565930928081,10
4754,227.76680567130603,24.55489703717982,10
4755,227.821165726532,24.61303769928681,10
4756,227.86063064862338,24.605269483578923,10
4757,227.8705797106242,24.605400472222154,10
4758,227.87740712072195,24.60736465078552,10
4759,227.89745445560052,24.606110700535538,10
4760,227.96085747142448,24.628809331100598,10
4761,228.0297054635439,24.695741982987244,10
4762,228.0378935523836,24.691717267828807,10
4763,228.04509138633202,24.684408680458354,10
4764,228.05780925101845,24.689462722278016,10
4765,228.06430850898238,24.68363913347416,10
4766,228.07368165000156,24.68375314962671,10
4767,228.22454972857128,24.83644925043282,10
4768,228.23039438584306,24.83621439841048,10
4769,228.24721706472292,24.857172251730987,10
4770,228.26464653968623,24.840591718284553,10
4771,228.27862883979884,24.853988532165822,10
4772,228.2960854156141,24.856989708094073,10
4773,228.44237345290935,24.89251724178784,10
4774,228.4481153777991,24.893744336523437,10
4775,228.45350829620025,24.89721462804689,10
4776,228.46367469973274,24.90489497343586,10
4777,228.52945662465626,24.94164456750846,10
4778,228.64050816650033,25.03038457770879,10
4779,228.86175951612057,25.03156348565429,10
4780,228.8904986778739,25.05319454445009,10
4781,228.9323477961308,25.04545932139917,10
4782,229.03320181006535,24.954414142801568,10
4783,229.04059371034367,24.95586997196614,10
4784,229.05335548250855,24.962249087790745,10
4785,229.06164038555966,24.96639914027397,10
4786,229.17565893947994,24.994518877072437,10
4787,229.18217898426852,24.989513460099072,10
4788,229.19307005082578,24.991291594468912,10
4789,229.25640557792548,24.97750567698608,10
4790,229.2702633339822,24.994418165701013,10
4791,229.28447960082923,24.9910104679397,10
4792,229.3423874869954,24.956867213348357,10
4793,229.4092159042842,24.90931055282706,10
4794,229.48562545221725,24.874236453389546,10
4795,229.54830407418095,24.864435535131427,10
4796,229.66042802080165,24.930670017196412,10
4797,229.67431652149838,24.9342007538756,10
4798,229.67633669004468,24.93404675427563,10
4799,229.6780310019789,24.933844674101827,10
4800,229.68090171847035,24.931463964704083,10
4801,229.7406843590968,24.916258586905602,10
4802,229.75566131798456,24.908057756120858,10
4803,229.82631874829946,24.95989583904118,10
4804,229.83814058485086,24.946437291620803,10
4805,229.85210420464355,24.944308528525518,10
4806,229.87642362232359,24.953620164221395,10
4807,229.93235908721448,25.023662232852956,10
4808,229.94257655900043,25.02593262505525,10
4809,230.00832041306808,25.101146163497038,10
4810,230.03872555247753,25.072411704539512,10
4811,230.10933124894186,25.0965045659525,10
4812,230.1740823367314,25.156567271726754,10
4813,230.17928315303521,25.152792677838644,10
4814,230.19140997595727,25.158961884549083,10
4815,230.19965273165698,25.15960127134386,10
4816,230.20617043161687,25.15855197715001,10
4817,230.22435404861457,25.15634579776079,10
4818,230.2335977577108,25.16803992263915,10
4819,230.25596888148635,25.170343173199324,10
4820,230.27806755400962,25.157042600767717,10
4821,230.33311133742396,25.234215605059493,10
4822,230.39149614237994,25.195002644147696,10
4823,230.4124816473638,25.19990981890132,10
4824,230.4769578749287,25.282012208929764,10
4825,230.52986229986942,25.220726508505997,10
4826,230.53472739401997,25.22133362200242,10
4827,230.54716807929475,25.212786932248108,10
4828,230.56031208214148,25.21856495064625,10
4829,230.60982794884995,25.265785464069836,10
4830,230.6280688033292,25.2531818877117,10
4831,230.63345096124976,25.256186982303927,10
4832,230.6395736606159,25.260822006500785,10
4833,230.6436827418316,25.259757160513033,10
4834,230.65273768296828,25.251296062904135,10
4835,230.72157799284727,25.254611656665954,10
4836,230.81811597269476,25.24243227703216,10
4837,230.82055077157946,25.24154650873599,10
4838,230.8573132829299,25.215636581474485,10
4839,230.9089466679734,25.17387971890161,10
4840,230.9263996364018,25.17888393497762,10
4841,230.9338575658916,25.183662896167565,10
4842,230.93908935893737,25.18353324006646,10
4843,231.03954058103994,25.315212275088086,10
4844,231.09125535417607,25.24732238395718,10
4845,231.09359269115026,25.24670601033633,10
4846,231.10115368203068,25.245435967599448,10
4847,231.16158829234783,25.302578005364783,10
4848,231.17045264131374,25.29515446995889,10
4849,231.22066057669014,25.35637914348121,10
4850,231.2752686437736,25.31566454870572,10
4851,231.3189883527995,25.26516891754034,10
4852,231.42452249972575,25.253173146724,10
4853,231.4473893613543,25.259404209858776,10
4854,231.47619775639455,25.266221100034517,10
4855,231.49440939382225,25.279064682179392,10
4856,231.50031291469412,25.280768423108967,10
4857,231.55953234633998,25.34171335752778,10
4858,231.57500260390862,25.364640296752253,10
4859,231.62481295605107,25.290968137521336,10
4860,231.64239131129952,25.283354316593638,10
4861,231.66052227248238,25.292884292148052,10
4862,231.66853895349254,25.29640693479109,10
4863,231.72529124670146,25.35436245081893,10
4864,231.73481174383656,25.36037209714003,10
4865,231.79852789209616,25.382062590186038,10
4866,231.85324525633445,25.45464423972552,10
4867,232.00426877799532,25.40004384177977,10
4868,232.00807414148431,25.400191807867532,10
4869,232.11807468273074,25.520217849330084,10
4870,232.12511174136898,25.518718800763452,10
4871,232.18224027354648,25.48566807797603,10
4872,232.2393841672561,25.539278320977076,10
4873,232.24378594663,25.53508619180605,10
4874,232.25275289963048,25.53617440417062,10
4875,232.25562635677755,25.536686797499126,10
4876,232.27998598154213,25.541196449008254,10
4877,232.2954520550656,25.54519635960621,10
4878,232.3050205178294,25.53846721679006,10
4879,232.32397278461116,25.52995569527888,10
4880,232.3746794750944,25.508230838923364,10
4881,232.42735703015234,25.529064903774508,10
4882,232.43809958446326,25.51816874631923,10
4883,232.44475777191533,25.51890134893975,10
4884,232.45762104422892,25.536298957823405,10
4885,232.61676179468117,25.61688158638369,10
4886,232.6235672036145,25.612586532002354,10
4887,232.64097138971806,25.620704272004076,10
4888,232.65577164893745,25.621386977724118,10
4889,232.6651147619913,25.615273674473784,10
4890,232.72356650440406,25.58592706152918,10
4891,232.73404669628667,25.584939110916597,10
4892,232.75145142250577,25.593524649655603,10
4893,232.82053958157704,25.63791338921272,10
4894,232.82622565013526,25.64132111065987,10
4895,232.88318787458925,25.66008656007155,10
4896,232.89910650170677,25.666224845414334,10
4897,232.99868621345973,25.65037438386668,10
4898,233.01916971325264,25.6449519539122,10
4899,233.02278971755587,25.645240980899256,10
4900,233.08280999922334,25.659069627379694,10
4901,233.13566217449588,25.64041076145785,10
4902,233.15154833879023,25.642233702322685,10
4903,233.17375076869743,25.63840074594495,10
4904,233.19591172451865,25.63358382149292,10
4905,233.26396767044542,25.634792904020244,10
4906,233.28228991536156,25.65106543045681,10
4907,233.2943328125224,25.65460174136255,10
4908,233.3123406539948,25.671491749580763,10
4909,233.32826525265918,25.68198536470654,10
4910,233.3384221301635,25.68794930915191,10
4911,233.36682090712566,25.66711090119369,10
4912,233.38037048413148,25.682226801467667,10
4913,233.3943240306083,25.678757643060624,10
4914,233.44322151066189,25.635620962569057,10
4915,233.50032758164835,25.587643436046108,10
4916,233.51628889803365,25.58561722106735,10
4917,233.54126613312457,25.580499269999788,10
4918,233.64372560088094,25.507715476938028,10
4919,233.65938439992414,25.500493588347013,10
4920,233.7624417008933,25.50716642130889,10
4921,233.7681047416962,25.50808227493402,10
4922,233.77045472306412,25.50813630141202,10
4923,233.80144620024075,25.505720290083154,10
4924,233.80759029200567,25.499119007292098,10
4925,233.82589876450362,25.50667387240707,10
4926,233.88164440229835,25.436212020244543,10
4927,233.98204336243833,25.47390362062248,10
4928,233.99638112716116,25.4778658759992,10
4929,234.025446425672,25.49125258737873,10
4930,234.0806418481959,25.517190547293918,10
4931,234.0899408701783,25.509973234224574,10
4932,234.19440049199358,25.46486356627467,10
4933,234.2994451736634,25.43947513779202,10
4934,234.33128726714685,25.45249748206876,10
4935,234.39457704390384,25.400284579374752,10
4936,234.44678115797404,25.41319858961059,10
4937,234.51627103752884,25.377889786716953,10
4938,234.57780656872106,25.317521921584692,10
4939,234.63879001361047,25.289164018497868,10
4940,234.64748422643748,25.28773148063824,10
4941,234.70621331170415,25.211968575126598,10
4942,234.76182646131184,25.183367233872726,10
4943,234.8616341214957,25.26308213550536,10
4944,234.90932995758175,25.33866055934164,10
4945,234.9699331768868,25.394420998741793,10
4946,235.02234949420503,25.419264679258912,10
4947,235.08555848285567,25.486739721847098,10
4948,235.19446448435292,25.459232405793607,10
4949,235.2147107885623,25.464162253465776,10
4950,235.23280504904466,25.448218994842204,10
4951,235.24875729399054,25.45091878681017,10
4952,235.25645406622567,25.455651374184907,10
4953,235.30452410318898,25.433712375910698,10
4954,235.35860219639147,25.481176879893876,10
4955,235.3808962530019,25.50210831747204,10
4956,235.38314631587122,25.502944242984995,10
4957,235.43338826221674,25.577546286965077,10
4958,235.59252458912738,25.63942518208007,10
4959,235.6423123609578,25.686748502883955,10
4960,235.69641497237262,25.700054574181145,10
4961,235.69797008890117,25.700092354704115,10
4962,235.70845489779012,25.707558171879036,10
4963,235.71780084986153,25.712145553944875,10
4964,235.72298824839194,25.718286842887032,10
4965,235.83259979329446,25.87378479432947,10
4966,235.83897457194544,25.87232128381628,10
4967,235.89056258097995,25.91845705803578,10
4968,235.9548886737861,25.895609124794277,10
4969,235.96141690526156,25.895711449789985,10
4970,236.01454069257866,25.91139947700268,10
4971,236.1217560669382,25.919051044441996,10
4972,236.22426171872158,26.00341571272849,10
4973,236.22767944321018,26.002292800840873,10
4974,236.27957895739482,26.021678214820845,10
4975,236.34201581550715,26.039830774965303,10
4976,236.34597325308104,26.037399119598973,10
4977,236.3520733430286,26.03892906317086,10
4978,236.3737896215886,26.021958515460327,10
4979,236.42220032452488,26.031610575483178,10
4980,236.4532511550778,26.02034279172874,10
4981,236.46427755752683,26.01722975535006,10
4982,236.47258052713855,26.02092192381955,10
4983,236.4745370791777,26.020155538453928,10
4984,236.48769095827507,26.01803164596302,10
4985,236.49167804966987,26.017107952685137,10
4986,236.50154234944657,26.014755341883955,10
4987,236.60675380839794,25.980655334006016,10
4988,236.6175028165065,25.990231558472495,10
4989,236.63320915465653,25.993042221979056,10
4990,236.6896694518121,26.04084870091058,10
4991,236.70935456222213,26.048772033430968,10
4992,236.71313003374377,26.04750550208774,10
4993,236.73026286331825,26.053773795299684,10
4994,236.7874930613297,26.063515061349776,10
4995,236.86028654641217,26.10170010690706,10
4996,236.87568084722517,26.12224202495531,10
4997,236.8783608752623,26.124249916114202,10
4998,236.88840832222746,26.135366750923726,10
4999,236.9097144075421,26.122145797524045,10
5000,236.91334659145272,26.120998322336586,10
