t,Q_diff_mean,Q_diff_sd,n_runs
1,0.0,0.0,10
2,0.1,0.31622776601683794,10
3,0.1,0.31622776601683794,10
4,0.3,0.6749485577105528,10
5,0.4,0.6992058987801011,10
6,0.5,0.7071067811865476,10
7,0.5,0.7071067811865476,10
8,0.8,1.0327955589886446,10
9,0.9,0.9944289260117534,10
10,1.0,1.3333333333333333,10
11,1.2,1.4757295747452437,10
12,1.6,1.6465452046971292,10
13,1.7,1.6363916944844767,10
14,1.8,1.813529401164726,10
15,2.4,1.837873166945363,10
16,2.6,1.9550504398153572,10
17,2.4,1.837873166945363,10
18,2.5,1.7795130420052185,10
19,2.5,1.9578900207451218,10
20,2.4,2.1186998109427604,10
21,2.5,2.223610677354389,10
22,2.6,2.3190036174568114,10
23,2.9,2.4698178070456938,10
24,2.9,2.558211180579986,10
25,3.2,2.6583202716502514,10
26,3.5,2.592724864350674,10
27,3.1,2.5582111805799856,10
28,3.0,2.3570226039551585,10
29,3.3,2.2632326929023945,10
30,3.4,2.7162065049951147,10
31,3.8,2.616188916046478,10
32,3.7,2.496664441476534,10
33,3.3,2.2135943621178655,10
34,3.3,2.5841396591085743,10
35,3.7,2.540778533354601,10
36,3.5,2.8771127502720115,10
37,4.0,3.0912061651652345,10
38,4.2,3.259175083088085,10
39,4.0,3.559026084010437,10
40,4.0,3.5276684147527875,10
41,3.7,3.4334951418181574,10
42,3.9,3.5730472522297636,10
43,4.0,3.6209268304000717,10
44,4.2,3.794733192202055,10
45,4.1,4.012480529547776,10
46,3.5,3.8078865529319543,10
47,3.6,3.8355066303046734,10
48,3.6,4.115013163202924,10
49,3.7,3.8600518131237562,10
50,3.9,4.067486256208427,10
51,3.8,3.5213633723318023,10
52,3.9,3.725288952252936,10
53,4.1,3.6347092196090616,10
54,4.3,3.622460796505909,10
55,4.4,3.4705106892854327,10
56,4.2,3.552776691859794,10
57,4.0,3.366501646120693,10
58,4.2,3.3928028399998595,10
59,4.1,3.510302297840205,10
60,4.0,3.197221015541813,10
61,4.1,3.0349812373573437,10
62,3.9,3.107338983045711,10
63,3.9,3.2472210341220142,10
64,4.0,3.366501646120693,10
65,4.4,3.5023801430836525,10
66,4.6,3.596294389136314,10
67,4.8,3.675746333890726,10
68,4.9,3.478505426185217,10
69,5.0,3.366501646120693,10
70,5.3,3.4334951418181574,10
71,5.4,2.8751811537130436,10
72,5.1,3.0713731999438507,10
73,5.2,3.084008934992101,10
74,5.5,2.718251071716682,10
75,5.6,2.9888682361946524,10
76,5.8,3.259175083088085,10
77,6.4,3.272783388968954,10
78,6.3,3.497618237219913,10
79,6.2,3.645392830531285,10
80,6.1,3.665151201974256,10
81,6.6,3.4058772731852804,10
82,6.8,3.552776691859794,10
83,7.1,3.725288952252936,10
84,7.5,3.8369548110737792,10
85,7.9,4.012480529547776,10
86,7.7,4.137900702315393,10
87,7.8,4.5166359162544865,10
88,8.0,4.9216076867444665,10
89,8.0,4.853406592853679,10
90,8.5,5.1478150704935,10
91,8.6,5.399588461684424,10
92,9.0,5.374838498865699,10
93,9.0,5.436502143433364,10
94,9.0,5.436502143433364,10
95,9.5,5.50252467307306,10
96,9.7,5.457919831665622,10
97,10.0,5.477225575051661,10
98,10.4,5.601587076693335,10
99,10.5,5.835713800003866,10
100,10.4,5.4812812776251905,10
101,10.6,4.926120853842978,10
102,10.6,5.146735750831676,10
103,10.8,5.672545969648706,10
104,11.2,5.827139568909908,10
105,11.4,5.985166849990251,10
106,11.6,5.815687596683837,10
107,11.8,5.921711464320654,10
108,12.2,6.142746399887702,10
109,12.6,6.363087999461338,10
110,12.9,6.5903970543005475,10
111,13.1,6.640783086353596,10
112,13.1,6.505553183413554,10
113,13.0,6.649979114420001,10
114,13.3,6.799509786251751,10
115,13.3,7.04035983928852,10
116,13.4,6.963396361610395,10
117,13.4,6.65331997326648,10
118,13.5,6.485025486114573,10
119,13.5,6.620674688680402,10
120,13.7,7.008724721532601,10
121,14.0,7.287737036358482,10
122,14.1,7.400450436741447,10
123,14.2,7.330302403948512,10
124,13.9,7.665941994736633,10
125,14.1,7.14065045278712,10
126,14.0,7.007932013876213,10
127,14.3,6.429964575675705,10
128,14.5,6.704061787039588,10
129,14.7,6.684143758012524,10
130,15.1,6.707375708046246,10
131,15.4,6.669999167083073,10
132,15.5,6.620674688680402,10
133,15.7,6.79950978625175,10
134,16.0,6.782329983125268,10
135,16.4,6.535373831014651,10
136,16.5,6.293735862833069,10
137,16.8,6.285786435372357,10
138,16.7,6.272515001532036,10
139,16.9,6.008327554319921,10
140,16.9,5.646040894093646,10
141,16.8,6.124631508189787,10
142,17.4,6.292853089020909,10
143,17.3,6.342975116877989,10
144,17.7,6.395310782127793,10
145,17.7,6.549809157525126,10
146,17.8,6.303438215238833,10
147,18.0,6.815016100086957,10
148,18.2,6.646636576327743,10
149,18.0,6.4635731432217725,10
150,18.0,6.0553007081949835,10
151,18.0,6.146362971528592,10
152,18.1,6.349978127696364,10
153,18.1,6.624030327359453,10
154,18.3,6.498717822257967,10
155,18.2,6.460134157533676,10
156,18.1,6.471304179049056,10
157,17.9,6.707375708046246,10
158,18.1,6.773313648265358,10
159,18.2,6.941021378570864,10
160,18.0,7.2571803523590805,10
161,18.1,7.294594650226365,10
162,18.5,7.706418681131261,10
163,19.0,7.688375063113864,10
164,19.1,7.680422442085389,10
165,19.0,7.644896627453143,10
166,19.2,8.038794823990859,10
167,19.7,7.803845206050669,10
168,19.9,8.06156863698926,10
169,20.2,7.871185143010902,10
170,20.0,7.84573486395988,10
171,20.4,7.820201759261429,10
172,20.3,7.674633541739958,10
173,20.6,7.545418035691153,10
174,20.4,7.15231120376872,10
175,20.5,7.3673453684334484,10
176,21.0,7.180219742846005,10
177,21.3,7.211872926716826,10
178,21.6,7.501111028818776,10
179,21.7,7.134423592694787,10
180,22.0,7.363574011458174,10
181,21.9,7.766738197095497,10
182,22.0,8.027729719194863,10
183,22.1,7.852105167122735,10
184,22.2,8.134972512416853,10
185,22.1,8.385834616913348,10
186,22.3,8.246884933786278,10
187,22.6,8.030497424748289,10
188,22.6,8.016649341630622,10
189,22.9,7.694875639743056,10
190,22.9,7.752418977325723,10
191,23.0,7.9021797274197985,10
192,23.2,8.066391179868893,10
193,23.1,7.992357460585567,10
194,23.3,8.124722217473723,10
195,23.5,7.947746011710909,10
196,23.3,8.260347046785222,10
197,23.1,7.694875639743057,10
198,23.1,7.936553968120478,10
199,23.2,8.121302577515232,10
200,23.2,8.0801540139337,10
201,23.5,7.975657409336932,10
202,23.6,8.044321668799123,10
203,23.6,8.154071920757682,10
204,23.6,8.099382692526635,10
205,23.6,8.030497424748289,10
206,23.5,7.877534865397649,10
207,23.4,7.618690467819548,10
208,23.5,7.397447007057382,10
209,23.5,7.5901983578238,10
210,23.6,7.647802879839992,10
211,24.0,7.378647873726218,10
212,23.8,7.714344503009385,10
213,23.6,7.947046970765654,10
214,23.6,8.167687011088947,10
215,23.7,8.59004591890456,10
216,23.6,8.64355893779357,10
217,23.8,8.35064867739826,10
218,23.8,8.456424250894175,10
219,23.9,8.517302650748325,10
220,24.4,8.275801404630785,10
221,24.4,8.591985930052623,10
222,24.4,8.60490816014003,10
223,24.7,8.641630504585219,10
224,24.9,8.83742043811428,10
225,24.8,8.804039476916895,10
226,24.8,9.150591966279194,10
227,25.0,9.498537899183338,10
228,24.9,9.538809615926343,10
229,24.9,10.00499875062461,10
230,25.1,10.407796223131111,10
231,25.6,10.437113266288401,10
232,25.5,10.522462745109731,10
233,25.7,11.076000080253602,10
234,25.9,11.100050049937213,10
235,25.6,11.217050513491603,10
236,25.8,11.063453348751466,10
237,25.8,11.262523893179738,10
238,25.8,11.222992272810115,10
239,25.4,11.246727919216722,10
240,25.6,11.226951698677805,10
241,26.0,11.42122779934121,10
242,26.2,11.399805066559496,10
243,26.1,11.62803126548562,10
244,26.3,11.431438132526361,10
245,26.4,11.413442367080437,10
246,26.6,11.701851705321399,10
247,26.6,11.654279137819817,10
248,27.0,11.469767022723502,10
249,27.0,11.294049564064943,10
250,27.5,11.217545780309226,10
251,27.8,11.053405709453434,10
252,27.7,11.264990013311152,10
253,27.9,11.396393191610132,10
254,27.9,11.647126493498538,10
255,27.8,11.583513188052137,10
256,27.9,11.675710780171896,10
257,27.9,11.985639555549614,10
258,28.2,12.090400232323898,10
259,28.4,11.95547294477861,10
260,28.0,11.925695879998878,10
261,27.8,11.78322725081904,10
262,28.0,11.709445380166864,10
263,28.5,12.039287538905468,10
264,28.7,12.11106014260427,10
265,28.7,11.944780357033686,10
266,28.8,11.573917035971684,10
267,29.1,11.779926428745922,10
268,29.1,11.994906326344436,10
269,29.4,11.682845924212511,10
270,29.5,12.149531312405063,10
271,29.6,11.99259030494339,10
272,29.7,12.00971828700962,10
273,29.7,11.954078801814884,10
274,29.5,12.24064268465236,10
275,29.4,12.094075684675811,10
276,29.4,12.149074038789953,10
277,29.7,12.009718287009623,10
278,29.9,12.004165943538101,10
279,30.1,11.826993606905257,10
280,29.9,11.883228143526956,10
281,30.2,12.15456018675021,10
282,30.2,12.25470431213164,10
283,29.9,12.260596324087267,10
284,30.2,12.263767773404712,10
285,30.2,12.354036677225068,10
286,30.2,12.612163441165304,10
287,30.4,12.650867339611322,10
288,30.9,12.582615873586153,10
289,30.9,13.135617398677706,10
290,30.9,12.939603291188387,10
291,31.3,13.266917920568858,10
292,31.7,13.030306553910728,10
293,31.6,13.125039682479695,10
294,31.4,13.005981529879072,10
295,31.1,12.887978895078934,10
296,31.5,13.184586961044072,10
297,31.9,13.320410404087907,10
298,32.2,13.373273512661155,10
299,32.1,13.127155907591796,10
300,32.0,13.341664064126334,10
301,31.9,13.739238212749155,10
302,31.8,13.75015151431673,10
303,31.7,13.727911551126617,10
304,31.4,13.475904422338415,10
305,31.3,13.679262488241909,10
306,31.1,13.609228894801905,10
307,31.4,13.508844839174403,10
308,31.8,13.554826938523904,10
309,31.8,14.045956318061398,10
310,31.9,13.77961457290362,10
311,31.8,13.725887949418793,10
312,31.8,13.620246367489507,10
313,31.9,13.61739084161622,10
314,31.9,13.453211099543815,10
315,31.8,13.587576024524104,10
316,32.0,13.743685418725535,10
317,31.8,13.870832707519762,10
318,31.5,13.850391089544487,10
319,31.8,14.16411741769399,10
320,31.6,13.833935729855687,10
321,32.0,13.848385385227326,10
322,32.1,14.043187355835965,10
323,32.1,14.098463273231825,10
324,31.7,14.337596265297286,10
325,31.5,14.781745499094482,10
326,31.6,14.99036727739221,10
327,31.6,15.435888917281916,10
328,31.3,15.69182377333283,10
329,31.6,15.45027867422174,10
330,31.5,15.770929656244816,10
331,31.4,16.077589647981714,10
332,32.0,16.020819787597222,10
333,32.0,15.923427883328248,10
334,32.3,16.11107279688931,10
335,32.4,16.242605155030464,10
336,32.4,16.4668016188802,10
337,32.7,16.179891498056744,10
338,33.1,16.40765404045048,10
339,32.9,16.48871668074195,10
340,33.1,16.43471934655411,10
341,33.5,16.22926026930645,10
342,33.8,15.984714921171134,10
343,34.1,15.835613870850308,10
344,34.3,16.069640112128628,10
345,34.4,16.09830908994965,10
346,34.6,16.304055391902416,10
347,34.7,16.337074401495514,10
348,34.6,16.324487400494046,10
349,34.7,16.526409840682952,10
350,34.6,16.4668016188802,10
351,34.5,16.614919667442138,10
352,34.7,16.43877529907059,10
353,34.6,16.33809454414233,10
354,34.7,16.303033119296817,10
355,34.6,16.25628083746915,10
356,34.7,16.214191315017842,10
357,34.4,16.09830908994965,10
358,34.1,15.891647002260163,10
359,34.4,15.735310610216754,10
360,34.4,16.05684347006666,10
361,34.5,16.07102292257023,10
362,34.5,16.146895126377153,10
363,34.7,15.895841524681158,10
364,34.5,15.777973394718488,10
365,34.7,15.748368522202899,10
366,35.1,15.637916883154368,10
367,35.5,15.813145024173894,10
368,35.4,15.98054372597434,10
369,35.2,15.970806700560455,10
370,35.5,15.946089733153322,10
371,36.1,15.772338655591524,10
372,36.2,15.880106352848452,10
373,36.2,16.074825037928093,10
374,36.1,16.120725100868686,10
375,35.9,16.481976688357364,10
376,36.4,16.26994502483371,10
377,36.2,16.164432835360756,10
378,36.4,16.167182122366835,10
379,36.8,16.157557571200748,10
380,36.8,15.95688635737631,10
381,36.4,15.812793695120558,10
382,36.6,15.728247765653293,10
383,36.8,16.033298683261243,10
384,36.8,16.219330031375115,10
385,37.0,16.532795690182994,10
386,37.1,16.676330531624757,10
387,37.6,17.017637908946117,10
388,37.5,16.728219670166137,10
389,37.5,17.244967059663782,10
390,37.6,17.069791380616746,10
391,37.6,16.932545913450554,10
392,37.8,16.837788189400385,10
393,38.1,16.82887729799915,10
394,38.5,16.781272630855835,10
395,38.3,16.5667002011733,10
396,38.4,16.860209567697154,10
397,38.7,17.036235890986404,10
398,38.8,17.351272767917248,10
399,39.0,16.924669699714805,10
400,39.1,17.14286375661248,10
401,39.1,17.57175764306652,10
402,39.1,17.697771360007764,10
403,39.2,17.37047303136369,10
404,39.4,17.15420259489396,10
405,39.6,17.037214169771612,10
406,39.8,17.11269833908272,10
407,39.8,16.69863600550789,10
408,40.1,16.775974884737202,10
409,40.2,16.975799768428516,10
410,40.2,17.35767521556066,10
411,40.3,17.37207209543205,10
412,40.5,17.627314662824347,10
413,40.3,17.52490291619963,10
414,40.5,17.82788078637877,10
415,40.4,17.544863129196028,10
416,40.6,17.296113885944308,10
417,41.2,17.274258305351346,10
418,41.3,16.957790736610317,10
419,41.6,17.069791380616746,10
420,41.5,17.057093669334307,10
421,41.8,17.02808138210396,10
422,41.9,16.888194430166628,10
423,42.1,17.038844509596952,10
424,42.2,17.618172436436193,10
425,42.4,17.589138062388894,10
426,42.7,17.435914404214973,10
427,42.9,17.7416647095662,10
428,43.3,18.086520456467635,10
429,43.3,18.06193049851907,10
430,43.3,18.153971099091976,10
431,43.6,18.434267607426726,10
432,43.4,18.560411872824613,10
433,43.8,18.925585269094793,10
434,44.3,19.160433769156224,10
435,44.3,19.39100593345046,10
436,44.1,19.046434486975947,10
437,43.9,18.876499204625368,10
438,43.8,18.93732352319678,10
439,44.0,19.344824171395878,10
440,44.2,19.72477291800001,10
441,44.3,19.618868468900036,10
442,44.5,19.31176958345466,10
443,45.0,19.333333333333332,10
444,44.9,19.638114867663738,10
445,44.7,19.67542178003364,10
446,45.0,19.641226483541647,10
447,45.0,19.669491322575908,10
448,45.2,19.853910893770472,10
449,45.4,19.614053918328842,10
450,45.5,19.50640920313116,10
451,45.6,19.642357858012417,10
452,45.6,20.172588662175542,10
453,45.9,20.28381949568013,10
454,45.8,20.186904445979604,10
455,45.8,20.329507836858443,10
456,45.5,19.984716382498124,10
457,45.5,20.33196716721943,10
458,45.5,20.440971927316305,10
459,45.5,20.62495791241497,10
460,46.0,20.531818125912658,10
461,45.7,20.918094240792268,10
462,46.1,20.85105912577744,10
463,46.1,20.690577565645672,10
464,46.3,20.450753857335755,10
465,46.4,20.48956373918738,10
466,46.0,20.368821489936252,10
467,46.2,20.28573664206235,10
468,46.3,20.01138564806434,10
469,46.5,20.062402647738878,10
470,46.6,20.315292543084656,10
471,46.9,20.376729647102625,10
472,46.9,20.501761441940108,10
473,47.2,20.622533522554615,10
474,47.4,20.462431700829477,10
475,47.4,20.397167559355992,10
476,47.6,20.543720316545503,10
477,48.0,20.795298613976296,10
478,47.9,20.946757903472,10
479,48.0,20.986768318262925,10
480,48.1,20.909593757677623,10
481,48.0,21.28118626601649,10
482,48.4,21.20901275925455,10
483,48.7,21.15577147415491,10
484,49.4,21.515885604207263,10
485,49.5,21.443724800820714,10
486,49.9,21.398078833806036,10
487,50.2,21.55509736053684,10
488,50.4,21.088174674710732,10
489,50.4,21.061813787041228,10
490,50.6,20.801709331473486,10
491,50.8,21.154458421597827,10
492,51.1,21.335676954601443,10
493,51.6,21.685632724609782,10
494,51.4,22.00101007782244,10
495,51.7,21.67973964583318,10
496,51.6,22.16202959016966,10
497,52.1,22.34800513095818,10
498,52.1,22.516413766159317,10
499,52.1,22.46701285588867,10
500,51.8,22.62643488390417,10
501,52.0,22.79376132970501,10
502,51.7,22.484809687134703,10
503,51.5,22.21235892220565,10
504,51.7,21.990149309785657,10
505,51.9,21.727862297059964,10
506,52.1,22.323131998494794,10
507,52.3,22.920393636332786,10
508,52.4,23.046812264509718,10
509,52.6,23.143033509028154,10
510,52.6,22.823964014459303,10
511,52.5,22.882550362909967,10
512,52.7,22.988161204314615,10
513,53.1,22.87866546224524,10
514,52.8,22.753754268984565,10
515,52.8,22.739099952871193,10
516,52.9,23.105795328829903,10
517,52.8,23.001449229704345,10
518,52.7,22.934932114813666,10
519,52.9,22.53614380895227,10
520,53.1,22.614891848809123,10
521,53.3,22.852425108362862,10
522,53.1,22.91263600917382,10
523,53.1,22.644351760796038,10
524,53.2,22.473688319158178,10
525,52.9,22.397668529459835,10
526,52.9,22.600147492144085,10
527,53.2,22.552654438496198,10
528,53.1,22.639444437627976,10
529,52.9,22.75692812700734,10
530,53.2,22.394443755340546,10
531,53.3,22.37583021426865,10
532,53.5,22.127157772997215,10
533,53.3,22.271306901731457,10
534,53.2,21.90788797569395,10
535,52.9,22.022463279317524,10
536,52.8,22.2999750871809,10
537,52.8,22.06958691653894,10
538,52.9,22.208356785478546,10
539,53.0,22.166040091395065,10
540,52.9,22.283277237526,10
541,53.3,22.19133965211554,10
542,53.3,22.0758792451047,10
543,53.3,21.82786190985172,10
544,53.4,21.884545536367284,10
545,53.3,22.141213456658903,10
546,53.1,22.03255167549445,10
547,53.4,21.87946779771188,10
548,53.4,21.808255317654368,10
549,53.8,21.83167932666249,10
550,54.0,21.545816814923082,10
551,54.0,21.525179054617254,10
552,54.4,21.92005677202705,10
553,54.6,21.721469154323383,10
554,54.5,21.777919500672642,10
555,54.8,21.90281564852641,10
556,55.2,21.66820507358907,10
557,55.0,21.571586249817916,10
558,55.1,21.49134192594259,10
559,54.8,21.88251458229708,10
560,54.9,21.87057891831449,10
561,55.0,22.360679774997898,10
562,54.9,22.703156902363453,10
563,55.5,22.824207422043038,10
564,55.7,22.42543199137979,10
565,55.8,22.80253397224869,10
566,56.3,22.9978259842099,10
567,56.2,22.83661776864322,10
568,56.4,22.706827167175952,10
569,56.4,22.54969819950788,10
570,56.4,22.25209103782284,10
571,56.6,21.930192277618847,10
572,56.6,22.0464156824742,10
573,56.5,22.137198457699103,10
574,56.8,22.114851721561838,10
575,57.2,21.912959128738812,10
576,57.0,21.55097316699282,10
577,57.4,21.639470110579573,10
578,57.3,21.323174664617316,10
579,57.5,21.072625739464826,10
580,57.6,20.950735866153565,10
581,57.7,20.992326640412628,10
582,57.8,21.12818023399081,10
583,58.3,21.41676394271034,10
584,58.1,21.73297545717618,10
585,58.4,21.453826387539046,10
586,58.5,21.649993584807877,10
587,58.9,21.865497936246502,10
588,59.0,21.77154105707724,10
589,59.2,21.714306599822873,10
590,59.3,21.49961239960696,10
591,59.4,21.474532720307455,10
592,59.6,21.381196307867235,10
593,59.8,21.44657444804544,10
594,60.3,21.664358851451023,10
595,60.2,21.89266746855871,10
596,60.4,21.772561733623455,10
597,60.6,21.87946779771188,10
598,60.8,21.91802910847597,10
599,60.7,22.010351100233624,10
600,60.7,21.883783950679096,10
601,60.9,21.81971585516182,10
602,61.2,21.482809665197685,10
603,61.2,21.399896157588138,10
604,61.0,21.494185260204677,10
605,61.1,21.90104005648032,10
606,61.2,21.973721679416176,10
607,61.2,21.988886081634767,10
608,61.4,21.85406140743638,10
609,61.4,21.752139102983772,10
610,61.2,21.943361436004082,10
611,61.5,22.20735613860116,10
612,61.8,22.314917780613836,10
613,61.8,22.359685944922294,10
614,62.1,22.067824743025508,10
615,61.9,22.082924524517935,10
616,62.0,22.050447211388303,10
617,62.2,21.84185584300626,10
618,62.6,22.12188458919759,10
619,62.8,22.285022374281393,10
620,62.9,22.303213520327812,10
621,62.7,21.985095961683783,10
622,63.1,21.855332428392746,10
623,63.1,22.27829037925088,10
624,63.1,21.977008187851432,10
625,63.0,21.913973218524802,10
626,63.3,21.62842779512392,10
627,63.3,22.151247770222287,10
628,63.6,22.091727964205162,10
629,63.8,21.462111317906775,10
630,63.9,21.73297545717618,10
631,64.3,21.97498577929005,10
632,64.4,22.212108809786113,10
633,64.8,22.134939700743608,10
634,65.1,21.620206597841133,10
635,65.4,21.680508399123035,10
636,65.5,21.62431758717743,10
637,65.9,21.901040056480323,10
638,66.0,21.883530082893138,10
639,66.0,22.181073012818835,10
640,66.1,22.372850610604907,10
641,66.4,22.41130667022043,10
642,65.9,22.560782098342447,10
643,66.1,22.37781639630343,10
644,66.3,22.808624099961254,10
645,66.3,22.603097132915213,10
646,66.6,22.475665853441487,10
647,66.4,22.559550822951536,10
648,66.5,22.79985380070086,10
649,66.6,22.44103384427732,10
650,66.8,22.685286469917504,10
651,67.2,22.96761004351805,10
652,67.5,22.83880712977609,10
653,67.6,22.93565879682649,10
654,67.8,23.10266939843388,10
655,67.8,22.938565294668667,10
656,67.8,22.865792014370385,10
657,67.7,22.598180851072456,10
658,67.6,22.71661164092137,10
659,68.0,22.895899681432528,10
660,68.0,23.299976156401726,10
661,67.7,23.29067529196085,10
662,67.9,23.057657200061666,10
663,68.2,23.512644352442464,10
664,68.2,24.022211943671355,10
665,68.2,24.229458654015914,10
666,68.1,23.93718631938367,10
667,68.6,23.843005030593122,10
668,68.6,23.538148704697328,10
669,68.7,23.57046174063348,10
670,68.9,23.675819826237152,10
671,69.0,23.556079658739673,10
672,69.1,23.642945858942554,10
673,69.1,23.581772622090984,10
674,69.2,23.841140912296964,10
675,69.4,24.318260171685345,10
676,69.4,24.19917353960668,10
677,69.4,24.2999771376207,10
678,69.6,24.373026985675057,10
679,69.5,24.254438310910807,10
680,69.4,24.180800464647795,10
681,69.8,24.178962389280112,10
682,70.1,23.890723443769275,10
683,70.3,23.579887851962127,10
684,70.4,23.590016720826817,10
685,70.7,23.43809814051568,10
686,71.3,23.565747271080635,10
687,71.2,23.906298565673254,10
688,71.5,23.759208741033444,10
689,71.3,23.84230600331175,10
690,71.3,24.226019070412704,10
691,71.2,23.924882444852262,10
692,71.1,24.25077318355025,10
693,70.9,24.020593017011237,10
694,71.0,24.271611217863374,10
695,71.2,24.39854276158494,10
696,71.1,24.195729650773778,10
697,71.4,24.532065184615462,10
698,71.7,24.395127017956316,10
699,72.1,24.487865475691333,10
700,72.4,24.70807335445014,10
701,72.5,24.40059197824694,10
702,72.7,24.097256644227734,10
703,73.0,23.879326251429752,10
704,73.3,24.000231480365166,10
705,73.5,23.726450312772126,10
706,73.9,23.68989470451718,10
707,73.8,23.55513626461211,10
708,74.1,23.482617684860717,10
709,74.1,23.633544897971703,10
710,74.2,23.831818133653915,10
711,74.5,23.60437812497221,10
712,74.5,23.301168306427137,10
713,74.3,23.594019957984646,10
714,74.4,23.894211293393496,10
715,74.8,24.238628490719336,10
716,74.7,24.299291256239464,10
717,75.0,23.99536992375358,10
718,75.0,23.865363092891663,10
719,75.1,24.066805170423248,10
720,75.4,24.373026985675054,10
721,75.3,24.4269887169454,10
722,75.4,24.703575989452755,10
723,75.6,24.400364296005456,10
724,75.5,24.681301964577692,10
725,75.6,24.290830460164273,10
726,75.8,24.334703157790475,10
727,75.4,24.622482950885896,10
728,75.5,25.003333111140734,10
729,75.8,24.746716953971898,10
730,75.8,25.023544468715418,10
731,75.9,25.374746851501357,10
732,76.2,25.094488106620812,10
733,76.3,25.482237822539144,10
734,76.5,25.58754037070039,10
735,76.5,25.704517545019634,10
736,76.6,25.73885951025975,10
737,76.6,25.8938002017643,10
738,76.7,25.914603347662233,10
739,77.1,26.189268370418024,10
740,77.0,25.901522906749882,10
741,77.2,26.313494636782856,10
742,76.8,26.1482950368343,10
743,76.7,25.837311521647653,10
744,76.9,25.584066221858567,10
745,77.0,25.394662606321212,10
746,76.9,25.379125280434707,10
747,76.9,25.33969218439719,10
748,77.0,25.490739059073547,10
749,76.9,25.66212080955985,10
750,77.2,25.763022596996134,10
751,77.2,25.6289766562078,10
752,77.1,25.523192067869044,10
753,76.9,25.365987726349893,10
754,76.9,25.497058653891827,10
755,77.2,25.24458137678042,10
756,77.7,25.451697171090355,10
757,77.7,25.81580050193206,10
758,78.1,25.562342094051814,10
759,78.2,25.728496954846694,10
760,78.5,25.67856866900663,10
761,78.8,25.93496138848528,10
762,78.8,25.866323021772285,10
763,78.9,25.53624874565565,10
764,79.3,25.241280122494228,10
765,79.5,25.264159946013994,10
766,79.7,25.599696178752676,10
767,79.6,25.617702212857942,10
768,79.1,25.42286809591361,10
769,78.8,25.112192700403963,10
770,79.3,25.298440883009196,10
771,79.1,25.282624687937584,10
772,79.4,25.228731416559352,10
773,79.3,25.210447569741135,10
774,79.7,25.069015847367357,10
775,80.0,24.908722256359205,10
776,80.0,24.711670657134185,10
777,80.0,24.926558794453225,10
778,79.8,25.032423418882605,10
779,79.9,24.825837794971235,10
780,80.3,24.859829265526162,10
781,80.9,24.955293359659525,10
782,81.0,24.873010808236838,10
783,81.1,25.229832429971555,10
784,81.3,25.625724921995435,10
785,81.5,25.687221206921805,10
786,81.5,26.14170784185473,10
787,81.5,25.971137826441105,10
788,81.9,25.60577191875995,10
789,82.1,25.61444904736387,10
790,82.0,25.130769099961018,10
791,82.3,25.337938177979503,10
792,82.3,25.60403614016092,10
793,82.7,25.777035429923966,10
794,82.9,25.85192879114095,10
795,83.1,25.95487537160515,10
796,82.9,25.967714998093737,10
797,82.9,26.505554973334256,10
798,82.9,26.471997783821806,10
799,82.7,25.98311417482943,10
800,82.8,25.71553788838353,10
801,82.8,25.585586220022833,10
802,83.0,25.74231276841043,10
803,83.0,25.768197453450252,10
804,82.7,25.73821197277611,10
805,82.4,25.513395174561406,10
806,82.4,25.7647476646332,10
807,82.6,25.539511872129946,10
808,82.1,25.82612802742387,10
809,82.0,25.89294198125127,10
810,82.3,25.59535548145839,10
811,82.4,25.582980453592366,10
812,82.4,25.63071074577007,10
813,82.6,25.98803143329209,10
814,82.9,26.24013041973009,10
815,82.5,26.513099487695595,10
816,82.6,26.916331267260198,10
817,82.6,26.941087992548155,10
818,83.0,27.15388247255507,10
819,83.4,27.26903005242394,10
820,83.6,26.808787945580665,10
821,83.7,26.85371896446044,10
822,83.8,27.210292170426982,10
823,83.8,27.55922914580724,10
824,84.2,27.643765622247955,10
825,84.5,27.653611377580003,10
826,84.5,27.781888584711684,10
827,84.6,27.6051524981197,10
828,85.2,27.951545375683416,10
829,85.3,27.64075091438565,10
830,85.6,27.57293358833381,10
831,85.5,27.496464419185887,10
832,85.4,27.121946832777322,10
833,85.2,26.73657503205009,10
834,85.5,26.80485030736042,10
835,85.8,26.976533011736947,10
836,85.4,26.854339603787608,10
837,85.2,27.04235361223,10
838,85.1,27.229273463192758,10
839,85.0,27.313000567495326,10
840,85.4,27.625270234977894,10
841,85.4,27.195587877448062,10
842,85.3,26.919839854237203,10
843,84.9,26.73096415104484,10
844,85.1,26.559994979919207,10
845,85.1,26.93799464614164,10
846,85.3,27.203145242988192,10
847,85.6,26.95757984521443,10
848,85.8,27.36096164651788,10
849,86.1,27.590054568831704,10
850,85.9,27.569911135148768,10
851,86.1,28.069160617620504,10
852,85.9,28.179779984946652,10
853,85.9,28.5635743172625,10
854,85.7,28.476305940202288,10
855,85.5,28.406767581765518,10
856,85.5,28.47708630538673,10
857,85.6,28.802777643831508,10
858,85.9,28.70327120343216,10
859,86.3,28.802198990123422,10
860,86.2,28.816661846924603,10
861,86.1,28.57135317450369,10
862,86.3,28.821481186395985,10
863,86.4,29.163142644250275,10
864,86.2,28.650382972037992,10
865,86.3,28.674611302218786,10
866,86.4,28.406572009542675,10
867,86.5,28.47318426558965,10
868,87.0,28.678292216316585,10
869,87.3,29.147326921463428,10
870,87.1,29.501224080065256,10
871,87.4,29.208826672010563,10
872,87.5,29.691936802962367,10
873,87.7,29.41296010642625,10
874,88.0,29.627314724385297,10
875,88.1,29.1526633050529,10
876,88.1,28.873093972685982,10
877,88.4,28.733255993708752,10
878,88.2,28.985820288164653,10
879,88.0,29.13188402192118,10
880,87.9,29.164095124732473,10
881,88.2,29.43467343117637,10
882,88.5,29.033505548666433,10
883,88.6,29.09066287774596,10
884,88.8,29.077673756872493,10
885,88.9,28.980644882020442,10
886,89.1,29.057223236610586,10
887,89.1,28.934600586687058,10
888,89.0,29.34848093740685,10
889,89.2,29.76500555275533,10
890,89.4,29.89314302645341,10
891,89.4,30.236842868703516,10
892,89.9,30.420935773465832,10
893,90.0,30.557777696975574,10
894,90.2,30.360061484347053,10
895,90.1,30.347798748655375,10
896,90.5,30.4968122195674,10
897,90.6,30.576679566842007,10
898,90.7,30.576134484267303,10
899,90.8,30.403947112176077,10
900,90.9,30.417283098776444,10
901,91.2,30.407601388834046,10
902,91.1,30.646551373867684,10
903,91.2,30.327105587796098,10
904,91.3,30.2179122743816,10
905,91.5,30.405591591021544,10
906,91.5,30.442112643872505,10
907,91.7,30.033499814558926,10
908,92.2,29.660298942076317,10
909,92.5,29.8561365365462,10
910,92.6,30.200073583427645,10
911,93.0,30.305848353815215,10
912,93.3,30.203200713390185,10
913,93.3,30.203200713390185,10
914,94.0,30.096142240788566,10
915,94.1,30.156812386811264,10
916,93.7,29.840501932031163,10
917,93.8,29.355294809170854,10
918,94.0,29.32575659723036,10
919,94.2,29.438448026725563,10
920,94.1,29.670224505760356,10
921,94.3,29.25386963956886,10
922,94.5,28.791395319512468,10
923,94.8,29.385559567772592,10
924,95.1,29.546385377722416,10
925,95.4,29.318935860634504,10
926,95.1,29.478617486050613,10
927,95.1,29.737555753999395,10
928,95.2,29.712698370300274,10
929,95.5,29.706901555025897,10
930,96.0,29.903548656007736,10
931,96.0,29.825417944356715,10
932,96.5,29.721858772440342,10
933,96.3,29.97054109176765,10
934,96.8,29.693994903571554,10
935,97.0,29.499529186450115,10
936,96.8,30.002962816658254,10
937,96.7,30.331684936895794,10
938,97.0,30.107215820205703,10
939,97.0,30.477678535099894,10
940,96.9,30.863318752921636,10
941,97.0,30.619528989773105,10
942,97.1,30.340475349678428,10
943,97.2,30.8501755802675,10
944,97.2,30.97238913756717,10
945,97.3,31.287377646584574,10
946,97.4,31.17049887313323,10
947,97.4,31.44731043083547,10
948,97.4,31.280807037045715,10
949,97.7,31.173528656359853,10
950,97.5,31.373201586350376,10
951,97.7,31.74569087118579,10
952,97.5,31.57442706438938,10
953,97.6,31.202563997210227,10
954,97.2,31.229615573824933,10
955,97.6,31.081255515896466,10
956,97.8,31.129835635073096,10
957,97.7,30.626967057008944,10
958,97.9,30.628418176588877,10
959,98.1,30.776795010382596,10
960,98.6,30.558504908163002,10
961,98.5,30.38731460476376,10
962,98.6,30.801154379521414,10
963,98.6,30.82999981980034,10
964,98.8,30.429517833109937,10
965,98.7,30.455979161187162,10
966,98.4,30.441930147595947,10
967,98.2,30.578859799977284,10
968,98.8,30.49881600616289,10
969,99.1,30.526673218314794,10
970,99.0,30.56141357987225,10
971,99.1,30.780405022243183,10
972,98.7,30.976873093756037,10
973,98.9,31.100017863517557,10
974,98.7,31.009138437993833,10
975,98.6,31.177627306202194,10
976,98.8,31.015408357065937,10
977,98.8,31.26162006180884,10
978,99.0,31.432467291003423,10
979,99.5,31.651750873108636,10
980,99.5,31.15641542639689,10
981,99.9,31.271037363313962,10
982,100.5,31.447487092682692,10
983,100.6,31.40488284752336,10
984,100.7,31.520892542354613,10
985,101.0,31.13411847689498,10
986,101.3,30.95175457241659,10
987,101.4,31.29146138414688,10
988,101.5,31.323580042304656,10
989,101.8,31.17263757421456,10
990,102.0,30.991038131118557,10
991,102.0,31.141255237671103,10
992,101.9,31.110734124700073,10
993,102.0,31.084115271666043,10
994,101.8,30.979563155947393,10
995,102.3,31.358323367878654,10
996,102.5,31.805834545113118,10
997,103.1,31.652452950407774,10
998,103.2,32.1275236795147,10
999,103.2,32.244896236975755,10
1000,103.3,32.58851194993584,10
1001,103.1,32.50111109211841,10
1002,103.2,32.26212089191354,10
1003,103.1,32.453214187675016,10
1004,103.3,32.36613456479885,10
1005,103.2,32.16899818838697,10
1006,103.5,32.04597391942464,10
1007,103.6,32.00763797734673,10
1008,103.6,31.976380171759416,10
1009,103.7,31.860982756691953,10
1010,103.5,31.924389840162437,10
1011,104.0,32.18350163947015,10
1012,104.6,31.931175988365975,10
1013,104.8,31.97151509981624,10
1014,104.8,32.07906898067129,10
1015,105.2,32.17245198406032,10
1016,105.6,32.180739581308565,10
1017,105.5,32.232661144318264,10
1018,105.6,32.28415504030834,10
1019,105.7,32.14567536146106,10
1020,105.8,32.1275236795147,10
1021,106.2,31.978464976015065,10
1022,106.4,32.13236513064186,10
1023,106.5,32.452529434031284,10
1024,106.4,32.10815057478916,10
1025,106.4,32.14619383033982,10
1026,106.0,32.173142698703074,10
1027,106.1,32.28845682971617,10
1028,106.5,32.39427247043663,10
1029,106.7,32.242311745076016,10
1030,106.7,31.82259853905362,10
1031,106.9,31.86935135134626,10
1032,107.1,31.87283761728437,10
1033,107.2,32.21041929424563,10
1034,107.3,32.32491299292235,10
1035,107.4,32.3872402858492,10
1036,107.8,31.97499022673815,10
1037,107.9,31.613815545317102,10
1038,108.3,31.77018168730617,10
1039,108.0,31.675437381878933,10
1040,108.2,31.688764219795285,10
1041,108.0,31.587620641285692,10
1042,108.5,31.479270074835668,10
1043,108.2,31.389311698233985,10
1044,108.0,31.51366546612931,10
1045,108.4,31.637530455668205,10
1046,108.6,31.27725478149684,10
1047,108.9,31.324289474960338,10
1048,108.8,31.49179787394383,10
1049,108.9,31.479975998861388,10
1050,108.6,31.365940480435498,10
1051,109.1,31.28169503790427,10
1052,109.1,31.11787624858455,10
1053,109.5,31.13144176980351,10
1054,109.5,31.113591170990784,10
1055,110.1,31.47644622041483,10
1056,110.2,31.88799843898084,10
1057,110.2,31.950656400838536,10
1058,110.4,31.87196608655045,10
1059,110.5,31.72538415843061,10
1060,110.6,31.679646462673787,10
1061,111.0,32.103997674225354,10
1062,110.9,32.143601402318176,10
1063,111.3,31.930654028169652,10
1064,111.7,31.9862817817611,10
1065,111.7,31.61240965893686,10
1066,111.6,31.348223412358013,10
1067,111.9,31.067846901758596,10
1068,112.5,31.32712704492528,10
1069,112.5,31.195619350586174,10
1070,112.6,31.40842066849094,10
1071,113.0,31.577066220773442,10
1072,113.2,31.551721206791733,10
1073,113.2,31.695776094335066,10
1074,113.1,31.743590779172347,10
1075,112.9,31.72608460627382,10
1076,112.9,31.659472867093385,10
1077,113.0,31.559467676119,10
1078,113.5,31.980028490015798,10
1079,113.9,32.21955927693611,10
1080,114.3,32.431294899971064,10
1081,114.6,32.05966659561859,10
1082,114.5,32.30153075148125,10
1083,114.9,32.50452959887967,10
1084,114.8,32.22766237601204,10
1085,114.7,32.14567536146105,10
1086,114.6,31.9937493895292,10
1087,114.6,32.011109182768266,10
1088,114.8,32.05481416435153,10
1089,115.0,32.23869310833386,10
1090,115.0,32.31442746239243,10
1091,115.3,32.37986342706768,10
1092,115.5,32.24989233401494,10
1093,115.8,32.30686201619299,10
1094,115.9,32.49769222575658,10
1095,115.9,32.439516368500655,10
1096,115.8,32.481789770064495,10
1097,116.0,32.024296331934536,10
1098,116.3,32.20783203577112,10
1099,116.5,32.52776591706777,10
1100,116.9,32.72257121111767,10
1101,117.2,32.86605814176348,10
1102,117.2,33.07499895019735,10
1103,117.5,33.44730515635336,10
1104,117.5,33.44730515635336,10
1105,117.2,33.667656751118145,10
1106,116.9,33.775237477576184,10
1107,116.9,33.5375411541554,10
1108,116.9,33.57396478092975,10
1109,116.6,33.20374811506811,10
1110,117.1,32.99309692109009,10
1111,117.3,33.149660631747054,10
1112,117.1,33.31482819673212,10
1113,117.3,33.31682924756063,10
1114,117.7,33.139603699098956,10
1115,117.7,33.05903809852912,10
1116,117.4,33.460424384636845,10
1117,117.5,33.69882952138117,10
1118,117.2,33.986271738257294,10
1119,117.3,33.79694266251511,10
1120,117.3,34.28005574998708,10
1121,117.3,34.53194977923424,10
1122,117.6,34.75693376068212,10
1123,117.4,34.64486493936247,10
1124,117.7,34.836283766594086,10
1125,118.0,34.38992100407715,10
1126,118.2,34.89603606906282,10
1127,118.3,35.40260505166879,10
1128,118.4,35.17006302714474,10
1129,118.4,34.897309670262864,10
1130,118.6,34.9895222411891,10
1131,118.8,35.279203820696154,10
1132,119.0,35.05234181430203,10
1133,119.1,34.68092655432762,10
1134,119.0,34.62497492979438,10
1135,119.0,34.698703145794944,10
1136,119.2,34.675639864319734,10
1137,119.3,34.273572585561865,10
1138,119.7,34.26708819455387,10
1139,119.8,33.97973252134605,10
1140,120.2,33.94374430992812,10
1141,120.2,33.92409828491311,10
1142,120.0,33.9247533357118,10
1143,120.0,33.53605025441527,10
1144,120.0,33.67491648096547,10
1145,120.3,33.46324683722261,10
1146,120.7,33.59249254752549,10
1147,120.7,33.64537280386578,10
1148,120.9,33.73903113935287,10
1149,120.7,33.88231265883589,10
1150,120.8,33.53207419769913,10
1151,120.7,33.602413934451526,10
1152,120.7,33.44664075475709,10
1153,120.7,33.089273186336385,10
1154,121.1,33.26810284141052,10
1155,121.0,33.409912035535534,10
1156,121.4,33.60621635617104,10
1157,121.8,33.34266536036574,10
1158,122.3,33.50970008818342,10
1159,122.5,33.18717958623313,10
1160,122.7,33.390118298682324,10
1161,122.6,33.87952511801519,10
1162,122.8,33.8289816577443,10
1163,123.2,33.571813574286786,10
1164,123.3,33.651976993269734,10
1165,123.4,33.88936247392224,10
1166,123.8,34.350481154644044,10
1167,124.0,34.58644564308715,10
1168,124.1,34.885367833647514,10
1169,124.0,34.861631248886404,10
1170,123.8,34.95012319164428,10
1171,124.1,35.01253743700644,10
1172,124.0,35.06185011281255,10
1173,124.0,35.02380143083653,10
1174,123.8,34.595439648087215,10
1175,124.0,34.73390914429938,10
1176,123.7,34.62513537879672,10
1177,123.6,34.66089695575949,10
1178,123.7,34.711669507530175,10
1179,124.0,34.698703145794944,10
1180,124.0,34.998412662417834,10
1181,124.3,34.64438386424751,10
1182,123.9,34.45270510263148,10
1183,124.0,34.62497492979438,10
1184,124.0,34.791442115043814,10
1185,124.0,34.87119154832539,10
1186,124.3,35.342923226895394,10
1187,124.5,35.45341231030441,10
1188,124.9,35.58229897013401,10
1189,124.8,35.65202191554733,10
1190,124.7,35.565432655880905,10
1191,124.8,35.645788281678136,10
1192,125.0,35.75844888507703,10
1193,124.6,35.787024339991035,10
1194,124.3,35.63409727899514,10
1195,124.4,35.97900622430932,10
1196,124.4,35.77149703325261,10
1197,124.6,36.05921056632641,10
1198,124.9,36.08462276372028,10
1199,125.1,35.794009430505426,10
1200,125.2,35.75161224025817,10
1201,125.2,35.83852675543458,10
1202,125.2,35.78578240338225,10
1203,125.5,36.07168788214195,10
1204,125.6,36.11155555282055,10
1205,125.5,36.00077159666937,10
1206,126.0,35.77708763999664,10
1207,126.0,35.69002350486446,10
1208,126.0,35.72425257751689,10
1209,126.4,35.88004707045097,10
1210,126.6,35.8397668643211,10
1211,126.7,35.78034842386716,10
1212,127.1,35.85603931774333,10
1213,127.1,36.247452017731916,10
1214,127.0,36.187781854592245,10
1215,126.9,36.23518854496122,10
1216,127.3,36.14799825409116,10
1217,127.5,36.35396967472894,10
1218,127.5,36.15475994480764,10
1219,127.7,35.91053698660975,10
1220,127.9,36.007560934398825,10
1221,128.2,36.002469051132834,10
1222,128.2,35.77957207370957,10
1223,128.6,36.16689708067924,10
1224,129.1,36.22598821595102,10
1225,129.0,35.86394041683404,10
1226,129.1,36.10924781517579,10
1227,129.2,35.826123305642646,10
1228,129.0,35.45576273486598,10
1229,129.3,35.44338208090945,10
1230,129.7,35.47471713143821,10
1231,130.0,35.658877654176884,10
1232,130.4,35.945019744666226,10
1233,130.2,36.05489641582063,10
1234,130.7,36.197145375475856,10
1235,130.9,36.16459287449228,10
1236,131.4,36.57625216205485,10
1237,131.5,36.55513339844047,10
1238,131.5,36.866877636527164,10
1239,131.6,36.36604032457876,10
1240,131.1,35.89630126411974,10
1241,131.5,35.78096949186506,10
1242,131.8,35.83232556722429,10
1243,132.0,36.25833237569906,10
1244,131.8,36.064140392115576,10
1245,131.9,36.18916351002819,10
1246,131.7,35.978542988225016,10
1247,132.5,35.90187243646833,10
1248,132.8,36.00246905113284,10
1249,132.7,36.018667999308974,10
1250,132.7,35.98471897903331,10
1251,132.9,35.58854372469383,10
1252,132.9,35.96433418448524,10
1253,133.2,35.92523099747895,10
1254,133.3,35.9167246712602,10
1255,133.4,36.11463230695651,10
1256,133.6,36.27732686464708,10
1257,133.7,36.38696347747516,10
1258,133.9,36.75277767280544,10
1259,134.2,36.62664482465069,10
1260,134.1,36.17688027824769,10
1261,133.9,36.589160507815244,10
1262,134.2,37.06690647404441,10
1263,134.5,37.15208981709882,10
1264,134.4,37.446851224991754,10
1265,134.5,37.56254044183439,10
1266,134.8,37.741224145488445,10
1267,134.7,37.9416218244116,10
1268,134.9,37.94572146866861,10
1269,134.7,37.9416218244116,10
1270,134.8,37.72944620732076,10
1271,134.9,37.50096295059931,10
1272,135.1,37.551298246532035,10
1273,135.1,37.44165832034924,10
1274,134.9,37.36442157989335,10
1275,135.2,37.445664338849404,10
1276,135.6,37.22961783908672,10
1277,135.5,37.38166514334118,10
1278,135.5,37.63937064062339,10
1279,135.3,37.449373233147114,10
1280,135.0,37.475918193480524,10
1281,135.0,37.60910055351556,10
1282,135.2,37.383299895957705,10
1283,135.5,37.52998800959041,10
1284,135.5,37.417316252713206,10
1285,135.5,37.491480513726195,10
1286,135.7,37.36025814804936,10
1287,135.8,37.418949447810235,10
1288,136.0,37.127408264575166,10
1289,136.2,37.54049665213407,10
1290,136.4,37.32797580605969,10
1291,136.8,37.14177043587329,10
1292,136.8,37.27614667734731,10
1293,136.8,36.90769266396611,10
1294,137.0,37.01050901808536,10
1295,137.3,37.481995677925156,10
1296,137.3,37.36917921972003,10
1297,137.2,37.67934889741771,10
1298,137.5,37.736660630685854,10
1299,137.6,37.950845401211645,10
1300,137.9,38.00716306756457,10
1301,138.2,38.33710126409316,10
1302,138.4,38.3672313888355,10
1303,138.3,38.60066205534707,10
1304,138.2,38.56538459407463,10
1305,138.3,38.49112451808425,10
1306,138.7,38.20427550244431,10
1307,138.8,38.05785070126793,10
1308,138.9,37.995467565955224,10
1309,139.1,38.11809135946984,10
1310,139.0,38.128437914210146,10
1311,139.4,37.81005157362259,10
1312,139.6,37.783594323462665,10
1313,139.5,37.62756082093727,10
1314,139.5,37.45293342613129,10
1315,140.0,37.18422604635824,10
1316,140.0,37.21708090529282,10
1317,140.2,37.48718299484357,10
1318,140.6,37.60673698510237,10
1319,141.2,37.561209304872555,10
1320,141.3,37.33943402534823,10
1321,141.2,37.39221547030582,10
1322,141.5,37.6482255742404,10
1323,141.7,37.78903427068639,10
1324,141.8,37.53457665199442,10
1325,141.7,37.777271238434125,10
1326,141.8,37.79123943161666,10
1327,141.6,37.939132538551505,10
1328,142.0,37.821216855680944,10
1329,142.4,37.89224488232681,10
1330,142.5,38.067921753973735,10
1331,142.8,38.305207072784356,10
1332,142.9,38.298389870419705,10
1333,143.1,38.373746812690115,10
1334,143.4,38.053179163434486,10
1335,143.8,37.78241801567379,10
1336,143.9,37.954504929513234,10
1337,144.1,37.749025005804974,10
1338,144.0,37.38686638082654,10
1339,144.3,37.17541003285789,10
1340,144.6,37.11304053533984,10
1341,145.0,37.19617662550219,10
1342,145.3,37.38701497697949,10
1343,145.4,37.405287802068244,10
1344,145.6,37.42904398102272,10
1345,145.9,37.18557067824383,10
1346,145.9,37.07784603596421,10
1347,146.2,36.75988151353169,10
1348,146.2,36.410621161047686,10
1349,146.3,36.53020059561069,10
1350,146.5,36.277480005584124,10
1351,146.4,35.80254491264863,10
1352,146.6,36.10847853651857,10
1353,147.0,36.368484525295614,10
1354,147.0,36.368484525295614,10
1355,147.3,36.06491061652278,10
1356,147.2,36.30977829731269,10
1357,147.2,36.29753588208311,10
1358,147.2,36.38314628139427,10
1359,147.3,36.42663860418636,10
1360,147.1,36.46139510953103,10
1361,146.9,36.452251873741176,10
1362,147.0,36.42648609032841,10
1363,146.8,36.21785931461623,10
1364,146.8,36.15645016990591,10
1365,146.7,36.34418798102387,10
1366,147.0,36.31650986657293,10
1367,147.1,36.52533367404054,10
1368,147.1,36.894594605593795,10
1369,147.1,37.25423167611671,10
1370,147.1,37.38523178416252,10
1371,147.3,37.69482723133242,10
1372,147.5,37.795502377928514,10
1373,147.8,37.54937490232768,10
1374,148.3,37.309665116576845,10
1375,148.3,36.90242388907386,10
1376,148.8,36.93477734842567,10
1377,148.9,37.19752082539313,10
1378,148.9,37.27510339802337,10
1379,149.0,37.78300617414601,10
1380,149.2,37.670501279736996,10
1381,149.1,37.58383222137472,10
1382,149.1,37.58383222137472,10
1383,149.3,37.48792398152296,10
1384,149.5,37.64232251660947,10
1385,149.8,37.741224145488445,10
1386,149.9,37.848968868972435,10
1387,150.0,38.38981346370125,10
1388,150.3,38.2188144475699,10
1389,150.6,38.26864106404732,10
1390,150.8,38.24714949436682,10
1391,151.0,38.19249489974001,10
1392,151.4,38.181438189547315,10
1393,151.1,37.98376846320895,10
1394,150.9,37.99546756595523,10
1395,150.8,37.861736768287734,10
1396,151.1,38.018854971360376,10
1397,151.2,38.124940801411235,10
1398,151.3,38.108179349495735,10
1399,151.5,38.2920067086824,10
1400,151.5,38.3876426876034,10
1401,151.1,38.48073110878569,10
1402,150.7,38.48246353860418,10
1403,150.9,38.52690257757846,10
1404,151.2,38.423950864011886,10
1405,151.3,38.09068127508355,10
1406,151.4,38.569417937013256,10
1407,151.5,38.66738505079787,10
1408,151.4,38.839269932490865,10
1409,151.3,38.79304061297593,10
1410,151.7,38.901728039310086,10
1411,152.0,38.941551644027285,10
1412,152.3,39.05565828973369,10
1413,152.6,39.081680846373246,10
1414,152.7,39.04712252878281,10
1415,152.9,39.360019196020616,10
1416,153.0,39.367217043852335,10
1417,152.9,38.97705877963486,10
1418,153.3,38.824534053153094,10
1419,153.5,38.947970992651776,10
1420,153.5,39.10740197058466,10
1421,153.6,38.78487677776825,10
1422,153.8,38.93527392423939,10
1423,154.0,38.77570831790898,10
1424,153.8,38.769403744017865,10
1425,154.3,38.89887173456606,10
1426,154.1,38.95709891092451,10
1427,154.4,39.15836791514398,10
1428,154.4,38.970644222428646,10
1429,154.3,38.65243991148698,10
1430,154.8,38.38055063006088,10
1431,155.0,38.08178333826059,10
1432,155.2,38.136596596969696,10
1433,155.3,38.076093403721046,10
1434,155.5,38.07084040166291,10
1435,155.6,38.419323841583214,10
1436,155.8,38.4759665245722,10
1437,155.5,38.462824764815295,10
1438,155.5,38.45993586404776,10
1439,155.8,38.65172124958416,10
1440,155.9,38.79991408925196,10
1441,156.0,39.2286743197994,10
1442,155.8,38.972354874249575,10
1443,155.7,39.21465145693493,10
1444,155.6,39.562046908060196,10
1445,155.7,39.67380888081092,10
1446,156.2,39.88539136631913,10
1447,156.4,39.5676635650881,10
1448,156.2,39.65910292031887,10
1449,156.2,39.890962496396206,10
1450,156.0,40.210556933333926,10
1451,156.4,40.41231935382521,10
1452,156.4,40.5221475793725,10
1453,156.4,40.70271626207655,10
1454,156.5,40.76286436342656,10
1455,156.7,40.784120003310655,10
1456,156.5,40.76013847975604,10
1457,156.4,40.95851559810242,10
1458,156.3,41.36034063904428,10
1459,156.7,41.02045560178212,10
1460,156.7,41.24735681767311,10
1461,156.8,41.33817175982078,10
1462,157.3,41.54261533520596,10
1463,157.4,41.63385374641384,10
1464,157.6,41.5884599378241,10
1465,157.7,41.66546664938617,10
1466,157.6,41.713839962828224,10
1467,158.0,42.17160708870892,10
1468,158.4,42.29841079231649,10
1469,158.2,42.347241809696285,10
1470,157.8,42.078762127969284,10
1471,158.0,41.85424444160685,10
1472,158.2,41.882905555581715,10
1473,158.5,41.99272423752583,10
1474,158.8,41.84574848974106,10
1475,158.9,42.254388332258856,10
1476,159.1,42.127979617668196,10
1477,159.2,42.39968553342505,10
1478,159.5,42.02975136733502,10
1479,159.9,42.159617329066606,10
1480,159.7,42.59903493951216,10
1481,159.8,42.61924447946022,10
1482,159.9,42.63397184822868,10
1483,160.2,42.702589044589686,10
1484,160.1,42.97402316128508,10
1485,160.3,43.36678196243961,10
1486,160.3,43.36165740989767,10
1487,160.5,42.85699735425036,10
1488,160.8,43.05500358069121,10
1489,161.3,43.27187950107501,10
1490,161.3,43.690960163402224,10
1491,161.4,43.790409909020035,10
1492,161.5,44.02587622952867,10
1493,161.6,44.06863333987616,10
1494,161.7,44.10353979242735,10
1495,161.9,44.09446929289684,10
1496,162.4,43.99292872471413,10
1497,162.5,43.80322159638743,10
1498,162.7,43.36165740989767,10
1499,163.0,43.40506882842141,10
1500,163.5,43.11805499633149,10
1501,163.3,43.42567085133963,10
1502,163.0,43.36152928832448,10
1503,162.9,43.35755733177064,10
1504,163.0,43.29742101634538,10
1505,162.8,43.378950348450495,10
1506,163.1,43.96324222195932,10
1507,163.3,43.97739318230574,10
1508,163.2,44.183455928410325,10
1509,163.2,44.19351385290229,10
1510,163.1,44.51578995767183,10
1511,163.4,44.50018726552358,10
1512,163.5,44.46034437813344,10
1513,163.3,44.48982405499537,10
1514,163.4,44.540119243466584,10
1515,163.4,44.79632921469248,10
1516,163.6,44.48770117184698,10
1517,163.6,44.900383566785315,10
1518,163.9,44.71750837821307,10
1519,163.8,44.648752626597656,10
1520,163.7,44.87030693503716,10
1521,163.7,44.845537372432304,10
1522,164.0,44.89246410404906,10
1523,164.1,44.853960558436505,10
1524,164.4,44.61240485186454,10
1525,164.7,44.487326534893306,10
1526,164.6,44.59745882147696,10
1527,164.2,44.449221965444266,10
1528,164.4,44.82112597127981,10
1529,164.3,45.29177016240858,10
1530,164.4,45.434201507968275,10
1531,164.3,45.41181931318468,10
1532,164.4,45.461094477708194,10
1533,164.7,46.000120772788314,10
1534,164.4,46.18850265788855,10
1535,164.6,45.70728120940421,10
1536,164.6,45.87228647742193,10
1537,164.6,45.97390564222274,10
1538,164.6,46.01255867212293,10
1539,164.9,46.107242140229744,10
1540,165.0,46.21447584661951,10
1541,165.2,46.386779725837116,10
1542,165.5,46.51224450495685,10
1543,165.9,46.22036588152697,10
1544,165.6,46.54555713372534,10
1545,165.9,46.62962815873854,10
1546,165.9,46.68440139204243,10
1547,165.7,46.68582939893717,10
1548,166.1,46.39791661989433,10
1549,165.9,46.29722813877018,10
1550,166.3,46.34424331984383,10
1551,166.5,46.25112611241662,10
1552,166.8,45.97293890008677,10
1553,167.0,45.92022067310507,10
1554,167.0,45.94682917363407,10
1555,167.2,45.917316994789665,10
1556,167.1,46.15059888861441,10
1557,167.3,46.045991501251585,10
1558,167.1,45.85835680537288,10
1559,167.1,45.671410945774134,10
1560,167.5,45.39028285633146,10
1561,167.8,45.094468741865796,10
1562,168.3,45.250046040492236,10
1563,168.3,45.25741191598713,10
1564,168.6,45.35832644374986,10
1565,168.7,45.001358004200526,10
1566,168.9,44.99740733271937,10
1567,169.1,44.98011906510599,10
1568,168.6,44.77151872439541,10
1569,168.8,44.80525762799619,10
1570,168.7,45.15171954397504,10
1571,168.6,45.431755903161445,10
1572,169.0,45.14175204594719,10
1573,169.3,45.050712166032035,10
1574,169.6,45.05601452019968,10
1575,169.9,44.83909504488739,10
1576,170.2,45.10925009844926,10
1577,170.2,45.474779334874796,10
1578,170.0,45.32107677449864,10
1579,170.0,45.18357617050199,10
1580,169.9,45.45681711495232,10
1581,170.0,45.14175204594719,10
1582,170.0,45.382326466980025,10
1583,169.6,45.16439108658748,10
1584,169.4,44.99925925316253,10
1585,169.2,45.202753111828144,10
1586,169.2,45.229783697618245,10
1587,169.0,45.146674542232034,10
1588,168.9,44.99246850554237,10
1589,168.9,45.06402852238875,10
1590,169.1,44.80934922287734,10
1591,169.0,45.01604652170651,10
1592,168.9,44.85891463491089,10
1593,169.2,45.300968839283975,10
1594,169.9,45.45437272694454,10
1595,170.1,45.09853409788147,10
1596,170.3,45.08769233393964,10
1597,170.5,45.304525160297175,10
1598,170.6,45.27250821414692,10
1599,170.9,45.00975202972993,10
1600,171.2,45.00320976207018,10
1601,171.1,45.28048390004487,10
1602,171.6,45.112698384773616,10
1603,171.4,44.77151872439541,10
1604,171.2,44.941443382843566,10
1605,171.4,44.76655497628162,10
1606,171.5,44.9524440072197,10
1607,171.8,45.02542491625025,10
1608,172.1,45.160085621412776,10
1609,172.6,45.24059140982919,10
1610,172.8,44.87464020282874,10
1611,172.7,44.808357355396204,10
1612,172.9,44.98999888864191,10
1613,173.0,44.902363214225396,10
1614,173.2,44.92166020480048,10
1615,173.2,44.75066728242409,10
1616,173.1,44.613027494468724,10
1617,173.5,44.30262094077756,10
1618,174.2,44.54411047240452,10
1619,174.2,44.51666354673644,10
1620,174.3,44.947005832795284,10
1621,174.1,45.226467177233,10
1622,174.4,45.28232424344944,10
1623,174.6,45.34607664028573,10
1624,174.6,44.84343132871673,10
1625,174.5,45.213690158820015,10
1626,174.4,45.570945909769215,10
1627,174.9,45.87046980356753,10
1628,174.7,45.89855964818262,10
1629,174.9,45.532528055348635,10
1630,175.0,45.538750287834844,10
1631,175.4,45.65376946832175,10
1632,175.7,45.995289613901406,10
1633,175.7,46.25545012932711,10
1634,175.8,45.95843532778045,10
1635,175.8,45.96810488443772,10
1636,175.8,46.100855619921944,10
1637,175.8,45.694152312473804,10
1638,176.4,45.51239147504532,10
1639,176.7,45.67773588473443,10
1640,176.9,45.93824356918995,10
1641,177.0,45.62163229580167,10
1642,177.2,45.48699447827551,10
1643,177.2,45.224870247341656,10
1644,177.3,45.35305943373611,10
1645,177.1,45.26084891431495,10
1646,177.2,45.28379646432289,10
1647,177.5,45.17189391646093,10
1648,177.9,45.09853409788147,10
1649,177.8,45.217499070848916,10
1650,178.1,44.92079449183616,10
1651,178.7,45.235310691243555,10
1652,178.8,45.315682838407184,10
1653,179.3,45.264776592843134,10
1654,179.5,45.2726309276489,10
1655,179.6,45.36322543891938,10
1656,179.8,45.34754679141971,10
1657,179.9,45.41769111994429,10
1658,180.0,45.73838650411709,10
1659,180.0,45.47771126851287,10
1660,180.0,45.789372857319925,10
1661,180.1,46.23959342381808,10
1662,180.2,45.88342717026366,10
1663,180.6,45.692693313288316,10
1664,180.7,45.34080820727492,10
1665,181.3,45.90340098753275,10
1666,181.3,45.816178607804275,10
1667,181.4,45.43909232270283,10
1668,181.5,45.54911878645099,10
1669,181.5,45.70010940905941,10
1670,181.6,45.78015096329655,10
1671,181.4,46.30622708304647,10
1672,181.8,46.37000946493087,10
1673,181.8,46.331654645849014,10
1674,182.0,46.36809247747852,10
1675,182.1,46.43621670875247,10
1676,182.2,46.72329897028534,10
1677,182.6,46.83351126893837,10
1678,182.9,46.89337787885288,10
1679,183.2,46.91552692517336,10
1680,183.4,47.022925850648164,10
1681,183.5,47.006500732463714,10
1682,183.7,47.12171002367757,10
1683,183.9,46.940742786340024,10
1684,183.7,46.616759027438,10
1685,183.8,46.59470642322651,10
1686,183.9,46.84122116256151,10
1687,184.2,46.84916695571486,10
1688,184.0,46.62617290749907,10
1689,184.0,46.664285653544034,10
1690,183.9,46.601025262922654,10
1691,184.0,46.79743582719036,10
1692,183.8,46.82781699422304,10
1693,184.1,47.17214338050701,10
1694,184.5,47.770865133002935,10
1695,184.7,47.94916289386315,10
1696,184.5,47.472214095311706,10
1697,184.6,47.02765144040259,10
1698,184.7,47.09340600220894,10
1699,184.8,47.212992562076245,10
1700,184.9,47.176854023509826,10
1701,184.9,47.03060469287821,10
1702,184.6,46.81927428361577,10
1703,184.6,47.263328513999326,10
1704,185.1,47.17449876080649,10
1705,185.1,47.48204338952195,10
1706,185.4,47.42760565090523,10
1707,185.8,47.38916894537542,10
1708,186.1,47.2451055666087,10
1709,186.4,47.612323334755814,10
1710,186.5,47.31044047330121,10
1711,186.3,47.29822641730049,10
1712,186.3,47.2065202652722,10
1713,186.7,47.17826712469301,10
1714,186.6,46.9945623331986,10
1715,186.8,46.98652289043459,10
1716,187.0,46.77368680976279,10
1717,186.6,46.94251804068461,10
1718,186.7,46.70248625311314,10
1719,186.6,46.62426645237673,10
1720,186.7,46.68106920607348,10
1721,186.7,46.9539963983661,10
1722,186.9,47.087271221754946,10
1723,186.9,47.08727122175494,10
1724,187.1,47.23334509527024,10
1725,187.7,47.312319278973796,10
1726,187.9,47.808530154728196,10
1727,188.3,47.66561770407587,10
1728,188.5,47.490934807486035,10
1729,188.3,47.314667681151235,10
1730,188.6,47.065439077475475,10
1731,189.1,46.93364109747577,10
1732,189.2,46.6376100016571,10
1733,189.3,46.752421208841035,10
1734,189.4,46.512125061942484,10
1735,189.4,46.831138738616595,10
1736,189.7,46.935061521212475,10
1737,189.6,47.31032304546933,10
1738,190.3,47.321712188428315,10
1739,190.6,47.479118217029544,10
1740,190.6,47.60298776804293,10
1741,190.9,48.01955620138297,10
1742,191.2,47.66270379797324,10
1743,191.0,48.101744020126525,10
1744,191.2,48.085109730328966,10
1745,191.4,48.10451584253234,10
1746,191.6,48.113754097277976,10
1747,191.7,48.03482532959233,10
1748,191.6,47.90546245819294,10
1749,192.1,48.3378158840927,10
1750,192.4,48.030545836304356,10
1751,192.6,47.78702752839938,10
1752,192.7,47.52554868465779,10
1753,192.8,47.447749039220916,10
1754,192.9,47.8735603206799,10
1755,192.9,47.86891823859542,10
1756,193.0,47.844656035038135,10
1757,193.1,47.95935779386543,10
1758,192.9,48.30102368365383,10
1759,193.0,48.63012326623169,10
1760,193.2,48.95984749431586,10
1761,193.3,49.34695757817519,10
1762,193.2,49.272033988189825,10
1763,193.0,49.416596402423345,10
1764,193.5,49.52496564584596,10
1765,193.3,49.75729985528645,10
1766,193.2,49.720999364230174,10
1767,193.4,49.721893232927755,10
1768,193.4,49.36755569759916,10
1769,193.5,49.019837254365136,10
1770,193.1,49.25094471739151,10
1771,192.9,49.408613733954446,10
1772,192.9,49.51419549538855,10
1773,192.9,49.50297409696154,10
1774,192.9,49.565781207065285,10
1775,192.8,49.27879868665631,10
1776,192.8,49.55984037280364,10
1777,192.5,49.12399278017481,10
1778,192.6,49.18039356401198,10
1779,192.9,49.48950506027628,10
1780,192.9,49.60163527770251,10
1781,192.8,49.81030683168562,10
1782,193.0,49.9622079398241,10
1783,192.9,49.90758125442133,10
1784,193.0,49.50869732795553,10
1785,193.0,49.398605468395786,10
1786,192.8,48.9462290001317,10
1787,192.8,49.07318797243336,10
1788,193.1,48.99535125340408,10
1789,193.0,48.502004540476925,10
1790,193.4,48.37859949284279,10
1791,193.6,48.32804568777844,10
1792,193.7,48.63480692307151,10
1793,193.9,49.061073050728204,10
1794,194.0,49.17090377222873,10
1795,194.1,49.543359236576244,10
1796,194.2,49.20885195888145,10
1797,194.3,49.306411573163814,10
1798,194.4,49.699541692498975,10
1799,194.6,49.46648697182096,10
1800,194.4,48.985712202641295,10
1801,194.5,48.96994543141288,10
1802,194.6,49.50016834988207,10
1803,194.8,49.65391335142792,10
1804,195.0,49.75495508545411,10
1805,195.2,50.15930178496862,10
1806,195.4,50.15354202623956,10
1807,195.5,50.12262740297817,10
1808,195.2,50.245618935606934,10
1809,195.4,50.4649493322951,10
1810,195.3,50.46682078356036,10
1811,195.1,50.36191241625185,10
1812,195.3,50.81130670322196,10
1813,195.2,51.1789887442971,10
1814,195.4,51.266623320311105,10
1815,195.6,51.355406509712076,10
1816,195.6,51.48505716332761,10
1817,195.6,51.160314480833456,10
1818,195.8,51.22239093729747,10
1819,196.0,51.6440810849715,10
1820,196.3,51.931685895992246,10
1821,196.7,51.97445953970512,10
1822,196.7,51.98087255049795,10
1823,196.6,51.68752267230458,10
1824,197.0,51.92087997884645,10
1825,197.4,51.67247279204319,10
1826,197.5,51.51752668321292,10
1827,197.5,51.87431391781914,10
1828,197.5,51.56064390598706,10
1829,197.6,51.4850571633276,10
1830,197.9,51.44673621005191,10
1831,197.9,51.49207058696837,10
1832,198.0,51.82234610238672,10
1833,198.1,51.46185210641201,10
1834,198.2,51.33722928938715,10
1835,198.0,51.324674594411434,10
1836,198.5,51.52184002925361,10
1837,198.7,51.49336526841752,10
1838,198.6,51.420272699047835,10
1839,198.9,51.14348008842921,10
1840,199.2,50.88287203634113,10
1841,199.7,50.69966031006081,10
1842,199.8,51.100771901106235,10
1843,200.0,51.10990336737316,10
1844,199.9,50.967200782027994,10
1845,199.9,50.783746306164616,10
1846,200.1,50.761862324649464,10
1847,200.4,51.20373250283833,10
1848,200.6,51.51741884493482,10
1849,201.0,51.97007686052512,10
1850,201.3,51.84603274225629,10
1851,201.3,51.835316146426656,10
1852,201.1,51.705254407393966,10
1853,201.2,51.52949532926642,10
1854,201.1,51.700956363387405,10
1855,201.3,51.34426290573595,10
1856,201.3,51.28146730436727,10
1857,200.9,51.189083037521016,10
1858,200.9,51.25632752266895,10
1859,201.3,51.65279383645294,10
1860,201.8,51.80905111829185,10
1861,202.1,51.74177336650833,10
1862,202.4,52.14552287162873,10
1863,202.3,52.43631057451188,10
1864,202.6,52.37089946822673,10
1865,202.9,52.12687513280564,10
1866,203.4,51.87634871071359,10
1867,203.3,51.51925206496435,10
1868,203.7,51.32045292949868,10
1869,203.7,51.0817427702349,10
1870,203.8,51.14641292950617,10
1871,204.2,50.983221640936826,10
1872,204.4,51.428915342765436,10
1873,204.5,51.53262181483794,10
1874,204.8,51.85192592587302,10
1875,204.5,51.5412456194066,10
1876,204.6,51.51526203196702,10
1877,204.7,51.916706795062076,10
1878,205.0,51.7515431868676,10
1879,205.1,51.47048776834266,10
1880,205.3,52.130285503406434,10
1881,205.7,52.18780189533438,10
1882,205.9,51.951793894810685,10
1883,206.3,52.43419155898605,10
1884,206.5,52.90925144895634,10
1885,206.4,53.29415227458512,10
1886,206.6,53.14592071729389,10
1887,206.9,53.02295100551584,10
1888,206.7,53.44789778632811,10
1889,206.9,52.972634444588465,10
1890,206.9,53.069032610574524,10
1891,206.9,53.10879818301714,10
1892,207.1,52.749828857015686,10
1893,207.3,52.654112427763465,10
1894,207.5,52.466391358871086,10
1895,207.1,52.22483445003281,10
1896,207.2,52.23621561926383,10
1897,206.9,52.16309891953208,10
1898,206.8,52.03374973141097,10
1899,207.1,52.02018838874,10
1900,207.4,52.22643009052026,10
1901,207.2,52.10630160226943,10
1902,207.2,52.310610778311506,10
1903,207.6,52.10715455247537,10
1904,207.8,52.084973307513984,10
1905,208.2,52.031614321380516,10
1906,208.0,51.99358934843154,10
1907,208.6,51.83778115964798,10
1908,208.6,51.9918797078501,10
1909,208.8,52.05296447956745,10
1910,208.9,52.152447476391536,10
1911,208.9,52.15883860329373,10
1912,208.8,52.61347524900611,10
1913,209.0,52.68143252924443,10
1914,209.3,52.47867291682509,10
1915,209.8,52.27874010213585,10
1916,209.8,52.08283999766355,10
1917,209.7,51.89101827655512,10
1918,209.8,51.854068735678254,10
1919,209.9,51.91970296097191,10
1920,209.9,51.71814639627629,10
1921,210.1,52.05008271954149,10
1922,210.0,52.20685353050455,10
1923,210.0,51.882345530804386,10
1924,209.7,51.74735634685978,10
1925,209.8,51.83049295540223,10
1926,209.8,51.9097507432103,10
1927,210.3,52.279271439282915,10
1928,210.5,52.07313233435369,10
1929,210.5,51.7069735249619,10
1930,210.5,51.62094751379736,10
1931,210.4,51.498004276325545,10
1932,210.2,51.67161266648793,10
1933,210.4,51.379200287881304,10
1934,210.5,51.001633960753324,10
1935,210.7,51.372387741102926,10
1936,210.8,51.46692573337215,10
1937,210.8,51.984613108111134,10
1938,210.8,52.46120259561133,10
1939,210.7,52.79320242438625,10
1940,211.1,52.6781633021586,10
1941,211.1,53.1673458681799,10
1942,211.3,53.379251066724834,10
1943,211.4,53.279556221041396,10
1944,211.6,53.765333730119366,10
1945,211.7,53.826986209934184,10
1946,211.8,54.2131595340713,10
1947,212.0,54.33844556726542,10
1948,211.7,54.2321143071356,10
1949,211.9,54.43130226870075,10
1950,212.3,54.73380024161385,10
1951,212.4,54.75237184106477,10
1952,212.9,54.641152582605315,10
1953,213.2,55.22036661313368,10
1954,213.1,55.62463483026203,10
1955,213.2,55.81875431549269,10
1956,213.0,56.188175901261566,10
1957,213.4,56.48834688086856,10
1958,213.4,56.63175395090245,10
1959,213.4,56.670980227979115,10
1960,213.8,56.440332308652394,10
1961,214.2,56.12050526421792,10
1962,214.2,56.225340273660315,10
1963,214.2,56.21348197323802,10
1964,214.1,56.285877447189186,10
1965,214.1,56.19104317712329,10
1966,213.9,56.49080554489474,10
1967,214.5,56.26178888809783,10
1968,214.7,56.466410861285986,10
1969,214.6,56.704301228194126,10
1970,214.5,56.735742212862995,10
1971,214.7,57.003021362419425,10
1972,215.0,56.79397464129056,10
1973,215.3,56.86250473241962,10
1974,215.5,57.26206811183512,10
1975,215.4,57.275552279213244,10
1976,215.7,57.2345078504995,10
1977,215.9,57.02523807734412,10
1978,216.0,57.08473234295372,10
1979,216.7,56.90157193688843,10
1980,216.8,57.20489489545453,10
1981,216.9,57.085608227176365,10
1982,216.9,57.58558847489535,10
1983,216.8,57.340697201512604,10
1984,216.6,57.791195023309754,10
1985,216.8,57.68265674263703,10
1986,217.1,57.77244633521724,10
1987,217.3,57.58481667168102,10
1988,217.5,57.3493194767335,10
1989,217.4,57.4827510359992,10
1990,217.5,57.32025044529299,10
1991,217.7,57.33343023247625,10
1992,217.7,57.32567778346221,10
1993,217.8,57.60748408169048,10
1994,218.0,57.0574758954123,10
1995,218.0,56.88780380909622,10
1996,218.2,56.47378939728491,10
1997,218.2,56.446237941759925,10
1998,218.4,56.20241196880353,10
1999,218.6,56.02618435457954,10
2000,219.0,56.19410803436405,10
2001,219.5,55.98859010746941,10
2002,219.7,55.888877844045744,10
2003,219.5,55.765879651748826,10
2004,219.6,55.85735801525565,10
2005,219.5,56.26178888809783,10
2006,219.8,56.47378939728491,10
2007,220.0,56.73329416371542,10
2008,220.2,56.89913102246037,10
2009,220.2,56.848336240679316,10
2010,220.2,57.2670159089079,10
2011,220.1,56.97260550280089,10
2012,220.0,56.85654462475421,10
2013,220.4,56.694502966924986,10
2014,220.6,56.67490136245889,10
2015,220.5,56.958561935654394,10
2016,220.8,56.95963483029013,10
2017,220.9,57.01354614865176,10
2018,221.5,57.31831198568995,10
2019,221.8,57.36781908584871,10
2020,222.3,57.85047776620153,10
2021,222.2,57.83655130336409,10
2022,222.4,57.77388875800401,10
2023,222.5,57.86622503671723,10
2024,222.5,57.99664741268336,10
2025,222.6,57.88532725234532,10
2026,222.9,57.933774451715315,10
2027,223.0,57.892620907638616,10
2028,223.0,57.89645930452051,10
2029,222.8,57.98045647744879,10
2030,222.9,57.872369150667325,10
2031,223.0,57.96550698475775,10
2032,222.8,58.13547396670413,10
2033,223.1,58.25509038320647,10
2034,223.0,58.111004886242405,10
2035,223.1,57.81666426443735,10
2036,223.4,57.80080737613734,10
2037,223.4,57.89108547762581,10
2038,223.4,57.84116181405764,10
2039,223.5,57.64884117559423,10
2040,223.4,57.66994210351023,10
2041,223.7,57.66194585686473,10
2042,223.5,57.558183123205374,10
2043,223.5,58.071316308292666,10
2044,223.2,58.118270219728096,10
2045,223.4,57.96397348545234,10
2046,223.4,57.65067215566528,10
2047,223.5,57.62185156499032,10
2048,223.8,57.81925861394858,10
2049,224.1,57.647299252533166,10
2050,224.1,57.97786934109715,10
2051,224.2,57.73464201750012,10
2052,224.2,57.790425966013906,10
2053,224.6,58.34038052669866,10
2054,225.0,58.29617864358216,10
2055,225.2,58.3034209021125,10
2056,225.3,58.288649552607296,10
2057,225.8,58.00344817336293,10
2058,226.0,58.172158288995945,10
2059,225.8,58.36056507227766,10
2060,225.9,57.92610234888355,10
2061,226.3,57.90039339724347,10
2062,226.3,58.23715881348151,10
2063,226.6,58.075047232964955,10
2064,226.6,58.075047232964955,10
2065,226.4,58.059739349512526,10
2066,226.8,57.87112118031469,10
2067,226.7,57.8773607629865,10
2068,227.0,57.8484610378223,10
2069,227.3,57.95985200502538,10
2070,227.3,57.88887822563348,10
2071,227.0,57.69459824512748,10
2072,227.0,57.80234520424852,10
2073,227.0,57.83117190965824,10
2074,227.3,58.09197687958104,10
2075,227.7,58.30770865750848,10
2076,227.4,58.62915467391439,10
2077,227.4,58.35180659871067,10
2078,227.4,58.62536424904611,10
2079,227.7,58.37055955036085,10
2080,227.6,58.71437454131465,10
2081,227.4,58.88633118135311,10
2082,227.7,59.09324082423565,10
2083,228.0,58.717780763392085,10
2084,228.4,58.4982430885274,10
2085,228.2,58.25194321985224,10
2086,228.3,58.29436793836376,10
2087,228.4,58.47734604100977,10
2088,228.2,58.44237427681315,10
2089,228.1,58.46641961179274,10
2090,228.1,58.769701188433636,10
2091,228.0,58.87651861688533,10
2092,227.8,59.10405137457913,10
2093,228.2,59.028806526983075,10
2094,228.6,59.1160816623625,10
2095,228.4,59.023912291733275,10
2096,228.3,58.547321790914474,10
2097,228.4,58.649997631902956,10
2098,228.8,58.36246891434407,10
2099,229.4,58.28131013550666,10
2100,229.4,57.93137702872637,10
2101,229.3,57.67543285971555,10
2102,229.2,57.613270076336484,10
2103,229.5,57.77013838384749,10
2104,229.7,57.98476811485352,10
2105,230.0,57.99808425954928,10
2106,230.1,58.10612895574978,10
2107,230.4,58.20309270133332,10
2108,230.8,58.36627641217334,10
2109,230.9,58.28559951747182,10
2110,230.9,58.08891651788853,10
2111,231.0,58.09188124571855,10
2112,231.1,58.25509038320647,10
2113,231.5,58.082795310755415,10
2114,231.3,58.08241271389014,10
2115,231.5,58.042608870074446,10
2116,231.6,58.136238459520435,10
2117,231.6,58.28321656646391,10
2118,231.6,58.28321656646391,10
2119,231.8,58.33199998476156,10
2120,231.7,58.20089728212482,10
2121,231.6,58.319426913812826,10
2122,231.8,58.33199998476156,10
2123,231.9,58.4854207853927,10
2124,231.8,58.17177627987266,10
2125,232.1,58.39796419587092,10
2126,232.0,58.59086011391955,10
2127,232.2,58.637871721269015,10
2128,232.1,58.67509409167289,10
2129,232.4,58.865571903749945,10
2130,232.7,59.10828105171803,10
2131,232.8,59.5926915727834,10
2132,233.0,59.531504264548865,10
2133,233.2,59.56844802410081,10
2134,233.4,59.81675722107013,10
2135,233.5,59.71459899667194,10
2136,233.4,59.541208885573994,10
2137,233.4,59.45156758983642,10
2138,233.5,59.264473150259064,10
2139,233.3,59.1101608110747,10
2140,233.1,59.3079533733321,10
2141,233.4,59.27937621504164,10
2142,233.3,59.57264472893578,10
2143,233.4,59.51881121871378,10
2144,233.4,59.402955407211095,10
2145,233.4,59.50014005585757,10
2146,233.4,59.329962451062144,10
2147,233.4,59.572924498746346,10
2148,233.5,59.5506320518748,10
2149,233.8,59.390983228844505,10
2150,233.5,59.22884057244035,10
2151,233.4,59.61394318632363,10
2152,233.2,59.592691572783394,10
2153,233.4,59.50574201985329,10
2154,233.5,59.718320285970684,10
2155,233.3,59.77374005363894,10
2156,233.7,59.909283272479755,10
2157,233.8,59.90511015115674,10
2158,233.9,59.705666956049214,10
2159,234.4,59.556135983904575,10
2160,234.9,59.47445763612402,10
2161,235.1,59.20106981015349,10
2162,235.3,59.140228835088784,10
2163,236.1,59.13158584415308,10
2164,236.2,58.673863194971425,10
2165,236.2,58.617024451566586,10
2166,236.5,58.53251707859107,10
2167,236.9,58.724308803462684,10
2168,237.1,58.70917020931795,10
2169,237.2,58.64166133769101,10
2170,237.2,58.91010100144117,10
2171,237.2,58.97796198581297,10
2172,237.2,58.89689673017115,10
2173,237.3,58.61749833548947,10
2174,237.3,58.54162811386631,10
2175,237.1,58.396061511030005,10
2176,237.0,58.324761274931745,10
2177,237.1,58.38845015164481,10
2178,237.2,58.51837318312942,10
2179,237.2,58.4993827127926,10
2180,237.4,58.64431392347902,10
2181,237.5,58.66903404314371,10
2182,237.8,58.75523617327887,10
2183,237.9,58.8112800971605,10
2184,238.1,58.8093907845035,10
2185,238.2,58.72875502398009,10
2186,238.4,58.88821802552886,10
2187,238.5,58.93169303901293,10
2188,238.2,59.13412250506846,10
2189,238.0,59.027300651666444,10
2190,237.9,59.36225886687414,10
2191,238.0,59.36328831862332,10
2192,238.1,59.79678549517153,10
2193,238.1,59.9063157493988,10
2194,238.0,60.02221810851933,10
2195,238.2,59.823443936674565,10
2196,238.1,59.67960753520046,10
2197,238.3,59.74213104855084,10
2198,238.5,59.71645967030828,10
2199,238.8,59.71934359987558,10
2200,238.6,59.97629161223254,10
2201,239.0,59.740178179252936,10
2202,239.4,59.77401888223122,10
2203,239.5,59.701572657491845,10
2204,239.9,59.67774571256301,10
2205,239.8,59.816014206527974,10
2206,239.9,59.871065168781186,10
2207,240.1,60.043410222197664,10
2208,240.0,59.90362630462737,10
2209,239.9,59.96378536713268,10
2210,240.0,60.06662967072483,10
2211,240.3,59.77931637838181,10
2212,240.3,60.135125620001276,10
2213,240.5,60.2167381676852,10
2214,240.5,60.63598125059264,10
2215,240.6,60.84990641826091,10
2216,241.2,60.89663373290843,10
2217,241.2,60.48470881140125,10
2218,241.0,60.849541219853634,10
2219,241.1,60.75168036084819,10
2220,241.7,60.688732250906526,10
2221,241.7,60.690563059214114,10
2222,241.7,61.12291805134234,10
2223,241.7,61.22826144845205,10
2224,241.7,61.08473168021977,10
2225,241.8,61.53914743207503,10
2226,242.1,61.69900053215341,10
2227,242.0,62.01971012867155,10
2228,242.4,61.67333297301193,10
2229,242.6,61.666126123757046,10
2230,242.8,61.71043491807344,10
2231,242.9,61.6917966813885,10
2232,242.8,61.47953589067938,10
2233,242.8,61.56081004448637,10
2234,242.8,61.399963807445,10
2235,242.6,61.09591730313173,10
2236,242.7,60.96638418013651,10
2237,242.6,60.94660686936467,10
2238,242.7,61.15017943100776,10
2239,243.0,60.88422528774501,10
2240,242.7,60.52006095318954,10
2241,242.8,60.49205641147347,10
2242,242.8,61.0315037045987,10
2243,242.5,61.041424914197044,10
2244,242.6,61.12682626219759,10
2245,242.9,60.66932228619887,10
2246,242.6,61.012202786728565,10
2247,242.7,61.656846064866684,10
2248,242.5,61.52370816739403,10
2249,242.7,61.660450137110665,10
2250,243.1,61.27615087998484,10
2251,243.3,61.360591768839896,10
2252,243.3,61.71268553187063,10
2253,243.3,61.88887891482066,10
2254,243.5,61.96459562614051,10
2255,243.8,61.95482224976519,10
2256,244.1,61.75660108666747,10
2257,244.2,61.79500159577813,10
2258,244.3,61.41127294271341,10
2259,244.0,61.6549538426016,10
2260,243.9,61.99005296550945,10
2261,244.0,62.57795138864806,10
2262,244.0,62.51755309066762,10
2263,244.0,62.51755309066762,10
2264,244.0,62.19324722186485,10
2265,243.5,62.341799781527,10
2266,243.9,62.24048343142731,10
2267,244.3,62.28438363221109,10
2268,244.5,62.647603483471116,10
2269,244.6,62.507244024637295,10
2270,245.0,62.27537412350264,10
2271,244.7,62.35035418236746,10
2272,245.0,62.1253213718493,10
2273,245.0,61.82951470688484,10
2274,245.3,61.88349268315959,10
2275,245.5,61.5995129850878,10
2276,245.2,61.62755516451676,10
2277,245.4,61.74715468028556,10
2278,245.6,61.93222101620449,10
2279,246.0,62.03941399536982,10
2280,245.7,62.102155983329425,10
2281,245.6,62.13819723451555,10
2282,245.9,62.14579631801334,10
2283,245.8,61.85251274874234,10
2284,246.1,61.92010981902406,10
2285,246.0,62.008959926055134,10
2286,245.9,61.73680695770825,10
2287,245.8,61.4668835860236,10
2288,245.9,61.43189544347283,10
2289,246.0,61.46001410131089,10
2290,245.9,61.68098932770489,10
2291,246.1,61.905752739323205,10
2292,246.0,61.92289111826453,10
2293,245.7,62.03771254469154,10
2294,246.1,62.219057459199036,10
2295,245.7,62.066362333661324,10
2296,245.8,62.19824935014026,10
2297,246.3,62.490977126479805,10
2298,246.3,62.47675123151367,10
2299,246.6,62.76977333434019,10
2300,246.7,62.26832617346033,10
2301,246.7,62.66320912447572,10
2302,246.7,62.62951026118243,10
2303,246.8,62.96524614596708,10
2304,246.5,63.34254319000602,10
2305,246.9,63.745065168476636,10
2306,247.3,63.66064543953177,10
2307,247.5,63.221392300742984,10
2308,247.4,63.196694709630364,10
2309,247.3,62.9303848179346,10
2310,247.6,62.654608769028314,10
2311,247.5,62.7450750612703,10
2312,247.6,62.51790854538312,10
2313,247.7,62.490977126479805,10
2314,247.9,62.34928494644773,10
2315,247.7,62.50875494236343,10
2316,247.7,62.88622884048444,10
2317,247.6,62.89002747300684,10
2318,247.7,62.65788945624574,10
2319,247.9,62.663918379452355,10
2320,248.1,62.83390804334869,10
2321,248.2,63.042842575505745,10
2322,248.2,63.07984358467185,10
2323,248.0,63.30350174621727,10
2324,248.2,63.42239352153149,10
2325,248.2,63.492431744963824,10
2326,248.5,63.5579350758905,10
2327,248.4,63.58231759782833,10
2328,248.8,63.21005545885173,10
2329,249.0,62.87730556850823,10
2330,249.3,62.43583372818316,10
2331,249.1,62.52368440128197,10
2332,249.6,62.71841834740414,10
2333,249.6,62.29000276484537,10
2334,249.6,62.03439905944658,10
2335,250.0,62.214682082822435,10
2336,250.3,62.24333967046862,10
2337,250.1,61.842901326218886,10
2338,250.4,61.83706188219345,10
2339,250.3,61.640625132023665,10
2340,250.1,61.55837338115208,10
2341,250.1,61.37761082928457,10
2342,250.1,61.5258753154584,10
2343,250.2,61.73203742340313,10
2344,250.5,61.415253262795666,10
2345,250.7,61.71988694452092,10
2346,251.0,61.788168590578714,10
2347,250.8,62.14463416543342,10
2348,251.1,62.50591083160767,10
2349,251.0,62.40192304729078,10
2350,250.9,62.59827828658265,10
2351,250.6,62.734360600870076,10
2352,251.0,63.09956858454387,10
2353,251.2,63.21708629793056,10
2354,251.3,63.27023172252669,10
2355,251.3,63.669371670284995,10
2356,251.2,63.923217830282745,10
2357,251.4,64.02985414806301,10
2358,251.6,64.00208329942602,10
2359,251.6,64.00208329942602,10
2360,251.4,64.02811882290467,10
2361,251.3,64.11803351805344,10
2362,251.1,63.80952558635392,10
2363,251.5,64.11318117204917,10
2364,251.5,63.93442821446917,10
2365,251.6,63.58581253357981,10
2366,251.7,63.88018298171803,10
2367,251.9,63.800818524878224,10
2368,251.4,64.09229456200036,10
2369,251.6,63.89087919605148,10
2370,251.9,64.0719213939391,10
2371,251.9,64.51950609441045,10
2372,252.3,64.45161837464681,10
2373,252.4,64.61544363041668,10
2374,252.5,64.41402538785064,10
2375,252.8,64.31139522320719,10
2376,253.1,63.80604290434497,10
2377,253.1,63.62817335461113,10
2378,253.3,63.75831100509347,10
2379,253.3,63.85408713970034,10
2380,252.8,63.557148387188604,10
2381,252.8,63.36280016259102,10
2382,253.0,63.756481152027895,10
2383,253.0,63.759966541187374,10
2384,253.0,63.85051987955062,10
2385,253.2,63.78923629160853,10
2386,253.0,64.00347212803727,10
2387,253.4,64.1460139923839,10
2388,253.4,63.95519264818664,10
2389,253.4,63.883922512284386,10
2390,253.9,63.98341799074021,10
2391,254.1,64.13605330337481,10
2392,254.1,64.20358245456401,10
2393,254.2,64.40634889339543,10
2394,254.2,64.50805289953254,10
2395,254.7,64.65300542984147,10
2396,254.8,65.0364000643742,10
2397,254.6,65.32346864301954,10
2398,254.6,65.52895882313746,10
2399,254.8,65.38569330433752,10
2400,254.7,65.45914756548545,10
2401,254.7,65.45575265441194,10
2402,254.4,65.25199017824838,10
2403,254.3,65.58632987648163,10
2404,254.5,65.53752105982242,10
2405,254.5,65.42043513561595,10
2406,254.1,65.47340426972364,10
2407,254.9,65.70548767881654,10
2408,254.8,65.782131988017,10
2409,254.5,65.86897769225072,10
2410,254.5,65.95158156641212,10
2411,254.6,65.9059936576333,10
2412,254.8,65.8294091657453,10
2413,254.5,65.67808699338853,10
2414,254.8,65.63332486879918,10
2415,254.7,65.83826985711106,10
2416,254.8,65.98956146408479,10
2417,254.9,65.97213216368122,10
2418,255.0,65.89722637899447,10
2419,255.0,65.68781385378028,10
2420,255.2,65.54862486904071,10
2421,255.3,65.12389900967403,10
2422,255.3,65.1767681855361,10
2423,255.5,64.97734647979675,10
2424,255.6,65.06782785849103,10
2425,255.5,65.29463139408085,10
2426,255.8,65.48757303658628,10
2427,255.7,65.60326888874432,10
2428,255.7,65.77579764286828,10
2429,255.5,65.84029499056368,10
2430,255.4,65.92790675342945,10
2431,255.7,66.27392649702698,10
2432,256.1,66.51891961439743,10
2433,255.8,66.39410951114397,10
2434,256.4,66.66533331999973,10
2435,256.4,66.66033303247141,10
2436,256.5,66.9348771402307,10
2437,256.5,67.20491053487089,10
2438,256.6,67.15851894336761,10
2439,257.0,67.64942309025587,10
2440,256.8,67.56856599862921,10
2441,257.0,67.34323359559676,10
2442,257.3,67.42576164444368,10
2443,257.0,67.19457650071999,10
2444,256.6,67.35841117154975,10
2445,257.0,67.42567924924614,10
2446,257.3,67.68891259939761,10
2447,257.4,67.43424781057305,10
2448,257.5,67.68431625322566,10
2449,257.6,67.80560448812473,10
2450,257.5,67.78601953533224,10
2451,257.8,67.73116794438963,10
2452,257.9,67.70762307319777,10
2453,258.3,67.79224799996595,10
2454,258.1,67.30106487518108,10
2455,258.0,67.5096700892217,10
2456,258.1,67.88953445774163,10
2457,258.1,67.82895153742734,10
2458,258.6,67.75970615179628,10
2459,258.7,67.71024869085757,10
2460,258.6,67.6973657783915,10
2461,258.6,67.79904948530704,10
2462,259.0,67.41908730718129,10
2463,259.3,67.4076322747572,10
2464,259.6,67.23788614563469,10
2465,259.6,66.91985256010855,10
2466,259.7,67.11855183181471,10
2467,259.8,67.0286837439349,10
2468,260.1,66.98830743744264,10
2469,260.0,66.93612211985726,10
2470,260.2,66.57627204943215,10
2471,260.9,66.60572214323798,10
2472,261.2,66.29362295458323,10
2473,261.0,66.12950257722427,10
2474,261.0,65.77740240133132,10
2475,261.0,65.77740240133132,10
2476,261.2,65.89014426385111,10
2477,261.5,65.68147041255666,10
2478,261.4,65.35237817656932,10
2479,261.8,65.67732570005505,10
2480,261.8,65.56726825685715,10
2481,261.8,65.53167173207166,10
2482,262.3,65.68620690660846,10
2483,262.2,65.45532827814706,10
2484,262.5,65.61546226987119,10
2485,262.7,65.45575265441194,10
2486,263.0,65.71656310753528,10
2487,263.2,65.85472226381677,10
2488,263.2,65.65363660910185,10
2489,263.1,65.60564000145109,10
2490,263.0,65.23291602659913,10
2491,262.7,64.95477058863516,10
2492,262.6,65.0712430084647,10
2493,262.3,65.50326539782408,10
2494,262.3,65.73017233778985,10
2495,262.1,65.94854896895845,10
2496,262.4,66.09118280409608,10
2497,262.9,66.30309193393624,10
2498,263.1,66.232670689522,10
2499,263.1,65.95023376253744,10
2500,262.8,66.43091649726554,10
2501,263.1,66.38850302072892,10
2502,262.9,66.5122378046159,10
2503,262.6,66.77191691788464,10
2504,262.6,66.46001304042403,10
2505,263.1,66.58403211982083,10
2506,263.2,66.80785050343178,10
2507,263.3,66.73504826301294,10
2508,263.5,66.64374605984337,10
2509,263.4,66.47171495372216,10
2510,263.7,66.37276884720454,10
2511,263.7,66.39787479865434,10
2512,263.9,66.37009031852291,10
2513,263.9,66.29471237503704,10
2514,263.9,66.04451360845788,10
2515,263.8,66.34723472425625,10
2516,263.5,66.04585948835518,10
2517,263.5,66.43334169593524,10
2518,263.8,66.6246534283252,10
2519,263.3,66.34597869418228,10
2520,263.1,66.36339352383963,10
2521,263.0,66.28557744922931,10
2522,263.1,66.1151352650141,10
2523,263.0,66.14462269233313,10
2524,262.8,65.84291069575288,10
2525,262.8,65.65025175546211,10
2526,262.5,65.63239376337809,10
2527,262.8,66.0097635875852,10
2528,262.8,65.90531929299115,10
2529,263.1,65.94180936418277,10
2530,263.3,65.74031403095735,10
2531,263.2,65.83953557281859,10
2532,263.1,65.7984295658592,10
2533,262.8,66.05519577511589,10
2534,262.8,66.29529897863549,10
2535,263.0,66.33919572084733,10
2536,263.0,66.07907720636271,10
2537,263.3,65.95966781130555,10
2538,263.9,66.17896611126194,10
2539,264.0,66.31071641228974,10
2540,264.0,66.48642300834392,10
2541,263.7,66.51992182797571,10
2542,263.8,66.51115194712338,10
2543,264.1,66.24609003137049,10
2544,264.1,65.83725726702507,10
2545,264.4,66.23392886831743,10
2546,264.6,66.21043892183634,10
2547,264.7,66.3242037268447,10
2548,264.3,65.90236886654549,10
2549,264.2,66.00303023346731,10
2550,264.1,66.14369878445632,10
2551,264.1,66.10168933796876,10
2552,263.9,66.15209747241579,10
2553,263.8,66.0265939687268,10
2554,263.4,65.90430773308964,10
2555,263.7,65.94282034881095,10
2556,263.5,66.34631363786033,10
2557,263.6,66.37134589230172,10
2558,263.9,66.1151352650141,10
2559,263.8,66.0736962287818,10
2560,264.1,66.16217449066599,10
2561,264.3,65.92596858092669,10
2562,264.3,66.4229712607853,10
2563,264.0,66.5749368923638,10
2564,264.2,66.83279301527224,10
2565,264.3,67.1516525816338,10
2566,264.2,67.29173632607335,10
2567,264.4,66.92151290047835,10
2568,264.0,66.9991708074726,10
2569,264.0,66.54154925892377,10
2570,264.0,66.56992981486127,10
2571,264.0,66.61164396043016,10
2572,264.0,66.9278218182344,10
2573,264.2,66.7978708908866,10
2574,264.4,66.59696356107803,10
2575,264.1,66.89037466050121,10
2576,264.1,66.72239337567095,10
2577,264.1,66.64407950698497,10
2578,263.9,66.52393053130079,10
2579,264.0,66.34924432291767,10
2580,264.1,66.40189086999791,10
2581,264.5,66.21891304185266,10
2582,264.6,66.49009951363686,10
2583,264.6,66.1415989458307,10
2584,264.3,66.08588687794425,10
2585,264.3,65.85176957041895,10
2586,264.1,66.05124273370386,10
2587,264.0,66.44128569228958,10
2588,263.9,66.40356416137114,10
2589,264.1,66.12353758097204,10
2590,264.3,65.93102456355429,10
2591,264.6,66.12815839968124,10
2592,264.4,66.0457753716651,10
2593,264.4,66.42154938137338,10
2594,264.4,66.64199543497746,10
2595,264.3,66.31750229849666,10
2596,264.3,66.17493651090436,10
2597,264.0,66.53987943748888,10
2598,263.9,66.50054302201015,10
2599,263.8,66.37067625590888,10
2600,263.8,66.469374735872,10
2601,264.1,66.38348188116278,10
2602,264.0,66.49143637425132,10
2603,264.0,66.54154925892377,10
2604,264.0,66.84143758012523,10
2605,263.9,66.897018701218,10
2606,263.8,66.90756476081178,10
2607,263.6,66.70865344499502,10
2608,263.3,66.77832316286808,10
2609,263.3,67.12020725699692,10
2610,263.0,67.02072647903616,10
2611,263.1,67.09934591501039,10
2612,263.6,67.55113289616656,10
2613,263.5,67.2908281681505,10
2614,263.7,67.01417760444427,10
2615,263.8,67.20581985380598,10
2616,263.8,67.15454812098234,10
2617,263.9,67.05627818813421,10
2618,264.1,66.9318890946444,10
2619,264.2,67.04691558072517,10
2620,264.2,67.1694374945431,10
2621,264.1,67.10762500143582,10
2622,264.3,67.25746550879438,10
2623,264.5,67.2776172123967,10
2624,264.8,67.17605393458463,10
2625,265.0,67.29206656227926,10
2626,265.0,67.33828364641056,10
2627,265.1,67.17878302625681,10
2628,265.1,67.34892558740472,10
2629,265.0,67.580404786529,10
2630,265.2,66.95570675205114,10
2631,265.2,66.93247011395557,10
2632,265.3,66.70840360187846,10
2633,265.6,66.81683088031704,10
2634,265.6,66.81683088031704,10
2635,265.8,67.1214487990902,10
2636,265.9,67.18209086753205,10
2637,266.1,67.33902616198458,10
2638,266.0,67.19623005298239,10
2639,266.2,67.21573889763881,10
2640,266.2,67.32970287242391,10
2641,266.4,67.45731160436864,10
2642,266.6,67.24449585075511,10
2643,266.8,67.46488798709379,10
2644,267.2,67.5011111019663,10
2645,267.4,67.21309396241182,10
2646,267.2,67.38908582915255,10
2647,267.7,67.36806035173905,10
2648,267.7,67.63472152345683,10
2649,267.7,67.71353056976295,10
2650,267.8,68.00784268499234,10
2651,268.1,68.37714042962995,10
2652,267.9,68.40475941856027,10
2653,267.6,68.70904840945866,10
2654,267.4,68.76400867378871,10
2655,267.5,69.00281797788325,10
2656,267.7,68.79446037129573,10
2657,267.9,68.7531009401677,10
2658,268.5,68.48398028411867,10
2659,268.6,68.56011149997416,10
2660,269.0,68.40077972265131,10
2661,269.2,68.5529803226024,10
2662,268.8,68.45890900549192,10
2663,268.8,68.14657405589482,10
2664,269.0,68.044103344816,10
2665,268.7,68.03438673037171,10
2666,268.8,68.16613691725696,10
2667,268.6,68.39135747868862,10
2668,268.9,67.90589894192634,10
2669,268.9,68.19978820429805,10
2670,269.3,68.43171779226356,10
2671,269.3,68.63437752160195,10
2672,269.5,68.69457361716749,10
2673,269.6,68.76724026259403,10
2674,269.6,68.50174369232428,10
2675,269.7,68.36511456063603,10
2676,269.8,68.66957922625645,10
2677,270.2,68.96988070487322,10
2678,270.3,68.98961274472171,10
2679,270.4,68.77693411796332,10
2680,270.5,68.96899464413137,10
2681,270.6,68.82861162175057,10
2682,270.5,69.30327874238307,10
2683,270.8,69.26406796536796,10
2684,270.9,69.16718875304967,10
2685,271.1,68.9096832415042,10
2686,271.0,69.12307863514182,10
2687,271.3,69.05883160191911,10
2688,271.3,69.36385546121585,10
2689,271.4,69.31442049738921,10
2690,271.2,69.31377929387489,10
2691,271.4,69.34487083491548,10
2692,271.3,69.61489304260499,10
2693,271.4,69.3096113264403,10
2694,271.4,69.29197484397294,10
2695,271.3,69.66594895962047,10
2696,271.1,70.11965963028248,10
2697,271.2,69.91391532131179,10
2698,271.0,70.11736193300804,10
2699,271.1,70.02293275142874,10
2700,271.3,70.01595056366322,10
2701,271.0,70.20446329590924,10
2702,271.0,70.24718262440614,10
2703,271.0,70.3420215802759,10
2704,271.0,70.52343975981005,10
2705,271.2,70.47584298498631,10
2706,271.5,70.41030543259355,10
2707,271.8,70.18198565950604,10
2708,271.7,70.14120678238213,10
2709,271.8,70.00603148618299,10
2710,271.5,69.89237758471552,10
2711,271.8,69.97110514745037,10
2712,271.9,70.11015142854374,10
2713,271.8,70.09010074341613,10
2714,271.6,70.26331427803085,10
2715,271.7,70.46835381140167,10
2716,271.9,70.36484286283252,10
2717,272.4,70.49066132001694,10
2718,272.4,70.71727747399028,10
2719,272.6,70.91967287008592,10
2720,272.1,70.75065763337862,10
2721,271.7,70.53927196171568,10
2722,271.5,70.73777868532015,10
2723,271.6,70.3312795908683,10
2724,272.0,70.26774192725675,10
2725,272.0,70.5754127787354,10
2726,272.0,70.17755259973725,10
2727,271.9,69.61712752221571,10
2728,272.0,69.69138317531723,10
2729,272.1,70.1244132476938,10
2730,272.4,69.82390548929341,10
2731,272.9,69.73354047133034,10
2732,273.2,69.505875051442,10
2733,273.1,69.37090328244416,10
2734,272.8,69.88848259906635,10
2735,272.7,69.9222584176328,10
2736,272.9,70.14817650279062,10
2737,273.2,70.53100185182558,10
2738,273.4,70.42284982715324,10
2739,273.5,70.80528856581893,10
2740,273.5,71.1902771139118,10
2741,273.5,70.69692748313435,10
2742,273.4,70.78637659261217,10
2743,273.8,70.5546281653837,10
2744,274.1,70.94199508518679,10
2745,273.7,70.92883757682766,10
2746,273.6,70.90400396153787,10
2747,274.0,70.69653456853455,10
2748,274.0,70.62262778710203,10
2749,274.2,71.22234356030573,10
2750,274.1,71.02808521204052,10
2751,274.2,71.255097283555,10
2752,274.5,71.08093977994382,10
2753,274.6,70.73298774656388,10
2754,274.6,70.67955857247553,10
2755,274.6,70.86481653276344,10
2756,274.5,70.94638037905027,10
2757,274.7,71.05561202325964,10
2758,274.9,71.05154623385914,10
2759,275.0,71.06335201775947,10
2760,274.8,71.00046948201587,10
2761,274.9,71.35583757167703,10
2762,275.1,71.54089739442747,10
2763,275.1,71.41498442203849,10
2764,275.3,71.76977079523105,10
2765,275.2,71.81890806434998,10
2766,275.4,71.68790383011319,10
2767,275.3,71.55425292120036,10
2768,275.6,71.570012342228,10
2769,275.7,71.96611857132648,10
2770,275.8,71.67643344301607,10
2771,275.9,71.29352471765347,10
2772,275.8,71.37817904965385,10
2773,275.7,71.44236216077343,10
2774,276.0,71.07273269920985,10
2775,276.0,71.04458693900143,10
2776,276.1,71.15155967682257,10
2777,275.9,71.31222429102414,10
2778,275.8,70.95976950983486,10
2779,275.6,70.62136912987299,10
2780,276.1,70.65479460022512,10
2781,276.0,70.91935952584143,10
2782,276.1,71.1421893893568,10
2783,276.0,71.17583859709698,10
2784,275.9,71.41498442203849,10
2785,275.9,71.22647759865085,10
2786,276.0,70.8660708661063,10
2787,276.0,70.82529366139065,10
2788,275.8,70.98951409265393,10
2789,276.0,71.32087118555596,10
2790,275.8,71.16303659750459,10
2791,275.9,70.88872344111658,10
2792,276.1,70.71138522190044,10
2793,275.9,70.75222807642017,10
2794,276.2,70.64276325286264,10
2795,276.3,71.22741357401969,10
2796,276.5,71.05748846298093,10
2797,276.5,70.71892721659928,10
2798,276.8,70.34644427561511,10
2799,276.6,70.16045103111075,10
2800,276.7,70.36421123143656,10
2801,276.5,70.31081788111351,10
2802,276.8,70.46007537763653,10
2803,277.2,70.3527619295157,10
2804,277.4,70.33601890607369,10
2805,277.6,70.14302848070109,10
2806,277.4,70.22693373786315,10
2807,277.6,70.27912603010624,10
2808,278.0,70.17913586751486,10
2809,278.1,70.18934708660883,10
2810,277.9,70.19251305437702,10
2811,277.9,69.95466786109098,10
2812,278.0,70.13954345129112,10
2813,278.2,69.96951717236108,10
2814,278.6,70.36286899589395,10
2815,278.5,70.37557972920878,10
2816,278.9,70.30323210524851,10
2817,279.2,70.04569936834095,10
2818,279.4,69.80003183698733,10
2819,279.4,69.94950559749034,10
2820,279.2,69.77073566729503,10
2821,279.0,69.66108430584947,10
2822,279.4,69.78092703438223,10
2823,279.5,69.3641758322615,10
2824,279.7,69.24200716007267,10
2825,279.6,69.01239824199062,10
2826,279.6,69.00595787482573,10
2827,279.6,68.82861162175057,10
2828,279.9,68.92096923288297,10
2829,279.8,68.87960510920486,10
2830,280.1,68.63016829354275,10
2831,280.2,68.39395684805298,10
2832,280.7,68.65056445507203,10
2833,281.0,68.87670143089025,10
2834,280.8,69.25123344268557,10
2835,280.7,69.44390222010537,10
2836,280.3,69.20830072244867,10
2837,280.8,69.13722264855275,10
2838,280.8,69.1243645741339,10
2839,280.6,68.864117410061,10
2840,280.8,69.18863105067672,10
2841,281.1,69.35168026483248,10
2842,281.0,68.98631104147482,10
2843,280.8,69.2271622992016,10
2844,280.8,68.62263960725109,10
2845,280.9,68.34138163985598,10
2846,280.6,68.58927677770694,10
2847,280.2,68.78113436433311,10
2848,280.8,68.69384575378237,10
2849,281.0,68.52736679604726,10
2850,281.3,68.56473016225048,10
2851,281.5,68.3735653922219,10
2852,281.7,68.08662782726788,10
2853,281.4,68.07381614427419,10
2854,281.6,67.71541757810978,10
2855,282.0,67.63299654918613,10
2856,282.4,67.58402178029952,10
2857,282.4,67.55935661821141,10
2858,282.7,67.77913477694379,10
2859,282.9,67.66494250676966,10
2860,282.7,68.01151863226306,10
2861,282.7,67.79224799996595,10
2862,283.2,67.9669854496366,10
2863,283.7,68.11599583716654,10
2864,283.6,68.04932851330064,10
2865,283.5,68.16524040887701,10
2866,283.5,68.37519043239783,10
2867,283.6,68.47091840092892,10
2868,284.0,68.28860324632019,10
2869,284.0,68.05390020662543,10
2870,284.1,68.33162599493086,10
2871,284.4,67.97908174987035,10
2872,284.5,67.91211641198908,10
2873,284.7,67.54924129847795,10
2874,284.9,67.94842815613094,10
2875,285.2,67.92283203099758,10
2876,285.3,67.81682845888785,10
2877,285.6,67.88585190515685,10
2878,286.0,68.20557161991974,10
2879,286.1,68.13295825076143,10
2880,286.1,68.18512382559052,10
2881,286.2,68.10743147573709,10
2882,286.1,67.4972427420393,10
2883,286.3,67.61993460182845,10
2884,286.7,67.58377517323716,10
2885,286.8,67.73444880971243,10
2886,286.8,67.92773938368461,10
2887,286.5,68.1342628768946,10
2888,287.3,68.08173192731088,10
2889,287.5,68.32154369840697,10
2890,287.5,68.70427772546465,10
2891,287.4,69.00595787482573,10
2892,287.3,69.37666914908947,10
2893,287.3,69.37666914908947,10
2894,287.4,69.29518181101932,10
2895,287.5,69.37859099815222,10
2896,287.6,69.26631376233489,10
2897,288.0,69.44222218666553,10
2898,288.2,69.48349124472341,10
2899,288.3,69.88888005652656,10
2900,288.6,70.09232007383785,10
2901,288.2,69.86463101360134,10
2902,287.7,69.84435076177122,10
2903,287.9,69.90859111090076,10
2904,288.0,69.48860817908692,10
2905,287.6,69.46014044839754,10
2906,287.3,69.89523906851198,10
2907,287.2,69.97110514745037,10
2908,287.2,70.25477445222732,10
2909,287.5,70.36926412385831,10
2910,287.8,70.21522468651494,10
2911,287.9,70.23207560968453,10
2912,287.6,70.17628595979636,10
2913,287.7,70.39420746371427,10
2914,287.7,70.45416161511604,10
2915,287.7,70.17129834277766,10
2916,288.1,70.51311934668612,10
2917,288.3,70.5565966677343,10
2918,288.6,70.5237548631665,10
2919,289.0,70.57383840111481,10
2920,288.6,70.68113059524602,10
2921,288.1,70.64850395522267,10
2922,288.0,70.22503510540636,10
2923,287.9,69.95625617325285,10
2924,287.9,69.77017828397587,10
2925,287.8,69.94092745548441,10
2926,287.9,69.71441744718233,10
2927,288.2,69.47869377650164,10
2928,288.5,69.7204736389853,10
2929,288.4,69.77455760439395,10
2930,288.4,69.73154873433465,10
2931,288.6,69.69967320184827,10
2932,288.8,70.1122908863584,10
2933,289.1,70.29374873423035,10
2934,289.0,70.01587121661933,10
2935,289.3,70.07622833584709,10
2936,289.6,69.93044163071377,10
2937,289.8,69.60810936154557,10
2938,289.9,69.59797251197608,10
2939,289.8,69.28010777512787,10
2940,289.7,69.30616454864922,10
2941,289.7,69.70740435722895,10
2942,289.9,70.0038887808702,10
2943,289.7,69.85389514312473,10
2944,289.9,69.6282988446508,10
2945,289.7,70.20295973501085,10
2946,289.9,69.97690095071849,10
2947,290.0,69.788569583023,10
2948,290.0,70.02380547594748,10
2949,290.5,69.92416527130581,10
2950,290.3,70.01436360569959,10
2951,290.1,70.3269349380291,10
2952,289.9,69.96419719319938,10
2953,290.0,70.08883252305209,10
2954,290.2,70.43010719855535,10
2955,290.1,70.25738395357459,10
2956,290.4,70.33759860684594,10
2957,290.5,70.53486135710956,10
2958,290.9,70.28742577603921,10
2959,290.5,70.26497467918612,10
2960,290.9,70.41062104225155,10
2961,291.2,70.48057257933644,10
2962,291.2,70.40486094329313,10
2963,291.7,70.75159990338655,10
2964,291.3,70.75474071278428,10
2965,291.3,70.69504147313933,10
2966,291.2,70.54360353710321,10
2967,291.4,70.16836894213802,10
2968,292.1,70.06734855361185,10
2969,291.9,70.37747430029646,10
2970,292.0,70.50137902512577,10
2971,292.1,70.45479244010146,10
2972,291.8,70.26426308349549,10
2973,292.1,69.82907703815081,10
2974,292.2,70.24212095000802,10
2975,292.4,70.44020316709927,10
2976,292.2,70.35749979766035,10
2977,292.3,70.48411956682945,10
2978,292.4,70.11450951439683,10
2979,292.4,70.31231913556984,10
2980,292.4,70.6103549220808,10
2981,292.9,70.82599962035285,10
2982,293.2,70.76848011493378,10
2983,293.3,70.5581714300729,10
2984,293.7,70.74531786627296,10
2985,294.0,70.75309180523492,10
2986,293.9,70.99679178980163,10
2987,293.9,71.05780119811695,10
2988,294.2,71.15054462194931,10
2989,294.4,70.91183884859348,10
2990,294.2,70.74178397524337,10
2991,293.8,70.72293357414787,10
2992,293.8,70.66635220055818,10
2993,293.7,71.01650825297203,10
2994,293.4,71.13242736067862,10
2995,293.0,71.43450768983355,10
2996,293.0,71.25073099040225,10
2997,293.1,71.27482023828611,10
2998,293.4,71.3585625166626,10
2999,293.6,71.79786440649426,10
3000,293.8,71.9193993300834,10
3001,294.0,71.96758529597427,10
3002,294.1,71.88640730733145,10
3003,294.0,71.75111303821163,10
3004,294.1,72.09014418690595,10
3005,294.0,72.22341879350647,10
3006,294.3,72.08798636234597,10
3007,294.3,71.87496859902696,10
3008,294.5,71.8489928793562,10
3009,294.5,71.72207160669271,10
3010,294.6,71.60571051094863,10
3011,294.5,71.8087738371851,10
3012,294.7,72.09261019303189,10
3013,295.0,71.8516991216399,10
3014,295.2,71.80653018895829,10
3015,295.4,72.12365924037842,10
3016,295.5,72.23303337885729,10
3017,295.2,72.36297395768086,10
3018,295.7,72.17886732894115,10
3019,295.8,71.69038367250597,10
3020,295.9,71.55642684079622,10
3021,296.1,71.97599908611512,10
3022,296.2,71.56007577165109,10
3023,296.2,71.25353792385798,10
3024,296.1,71.38230406293519,10
3025,295.8,71.2878359578656,10
3026,295.7,71.0133790211394,10
3027,296.1,70.82756839285423,10
3028,295.7,70.29311646400537,10
3029,295.7,70.20454242980135,10
3030,295.4,70.43389335634751,10
3031,295.4,70.33759860684596,10
3032,295.3,70.36579029929561,10
3033,295.1,70.10539684408516,10
3034,295.0,70.02539221993374,10
3035,294.9,70.1244132476938,10
3036,295.0,69.9205898780101,10
3037,295.0,70.08883252305209,10
3038,295.3,70.40525548565249,10
3039,295.5,70.45605407312813,10
3040,295.6,70.63080851237022,10
3041,295.5,70.90094812091334,10
3042,295.4,70.77538806361684,10
3043,295.4,70.8067793364449,10
3044,295.7,70.61641294895811,10
3045,295.9,70.4137770610269,10
3046,296.0,70.24085547441587,10
3047,296.0,70.42726744663604,10
3048,295.6,70.59933899596133,10
3049,295.8,70.52154911010456,10
3050,295.8,70.28007462210671,10
3051,295.7,70.40841174493602,10
3052,295.7,69.78705706170258,10
3053,295.6,70.28070700966076,10
3054,295.8,70.92061289451279,10
3055,295.7,70.96016096687242,10
3056,295.8,70.78417902328175,10
3057,295.7,71.07750073765334,10
3058,295.8,70.96446685176713,10
3059,296.0,70.68238818828917,10
3060,296.0,70.81588020274046,10
3061,295.9,70.70981387175176,10
3062,295.9,70.59186292421465,10
3063,296.2,70.61916642574215,10
3064,296.3,70.85517310370186,10
3065,296.3,71.18059972898358,10
3066,296.4,71.60415878673219,10
3067,296.6,71.28222468158212,10
3068,296.6,71.57156480676448,10
3069,297.0,71.53709216592156,10
3070,297.2,71.48084436484443,10
3071,297.8,71.37506567422548,10
3072,297.7,71.63030085096669,10
3073,297.8,71.13492656759954,10
3074,297.4,71.27443050943616,10
3075,297.6,71.450371276541,10
3076,298.0,71.77278964435848,10
3077,297.9,71.99760798495709,10
3078,297.7,72.1249687078692,10
3079,297.5,72.08058761630008,10
3080,297.5,72.04975132966572,10
3081,297.7,71.75893285469373,10
3082,297.6,71.82571498657937,10
3083,297.8,71.78331591981834,10
3084,298.0,71.9289773163624,10
3085,298.1,72.23026450949153,10
3086,298.0,72.35713893981405,10
3087,298.4,72.4633240566104,10
3088,298.6,72.40963717320751,10
3089,298.3,72.38638607423974,10
3090,298.4,72.26217698230674,10
3091,298.3,72.07719627054192,10
3092,298.2,72.01049306254687,10
3093,298.2,71.86530610957017,10
3094,298.3,71.6411582510749,10
3095,298.7,72.01087880776532,10
3096,299.0,72.52279335185287,10
3097,299.0,72.94442328847963,10
3098,299.0,73.37423102000986,10
3099,298.5,73.62253580105603,10
3100,299.1,73.50502628316578,10
3101,299.1,73.5820781319896,10
3102,299.2,73.61129140439137,10
3103,299.3,73.55579892541142,10
3104,299.6,73.4350809294244,10
3105,299.7,73.50895637040881,10
3106,299.6,73.50615998374256,10
3107,299.5,73.28521148377907,10
3108,299.8,73.03241289546261,10
3109,299.4,73.18348326106255,10
3110,299.6,73.04975473378857,10
3111,299.9,73.06230218108378,10
3112,299.9,73.03035898400974,10
3113,299.8,73.04914631792612,10
3114,299.8,73.33303030240421,10
3115,299.5,73.54703710324888,10
3116,299.2,73.31333060531655,10
3117,299.0,73.72622027172935,10
3118,299.0,73.62215850015689,10
3119,298.7,73.19388256162152,10
3120,298.9,73.06990564597105,10
3121,299.1,73.26428567559746,10
3122,298.9,73.19904370960046,10
3123,299.0,72.87432103743174,10
3124,299.5,72.80300665341905,10
3125,299.5,72.48946283579582,10
3126,299.6,72.50777736062372,10
3127,299.4,72.21757249989629,10
3128,299.5,72.40664487615913,10
3129,299.5,72.33755748034504,10
3130,299.4,72.23757101859577,10
3131,299.4,72.31597333922845,10
3132,299.3,72.49988505738015,10
3133,299.2,72.47957566714149,10
3134,299.2,72.64189180111187,10
3135,299.4,73.15007404872077,10
3136,299.8,73.04762525609958,10
3137,299.8,72.88316373179443,10
3138,300.4,72.76629256278852,10
3139,300.4,72.40503358806546,10
3140,300.2,72.30613928137623,10
3141,300.3,72.21734171543872,10
3142,300.2,71.84056421456242,10
3143,300.1,71.77039005668625,10
3144,300.2,71.79260252823948,10
3145,300.3,71.68767134049078,10
3146,300.5,71.7778207774209,10
3147,301.0,71.41584013524046,10
3148,301.1,71.74096923422952,10
3149,301.2,71.29251168406275,10
3150,301.2,71.21766322728904,10
3151,301.1,71.19527137855903,10
3152,301.1,70.95295781165309,10
3153,301.1,70.7192414489233,10
3154,300.7,70.77672247599803,10
3155,301.0,71.082112142695,10
3156,301.2,70.79359669725315,10
3157,301.0,70.94598884597588,10
3158,301.0,71.13680091516939,10
3159,301.2,71.36105380387819,10
3160,301.4,71.12774111101488,10
3161,301.6,71.16678376258908,10
3162,301.6,70.80207153278309,10
3163,301.3,70.36421123143656,10
3164,301.6,70.61822238865358,10
3165,301.8,70.47268974574477,10
3166,301.8,70.40486094329314,10
3167,302.1,70.380631805443,10
3168,302.1,70.50208822754433,10
3169,302.6,70.37234305227209,10
3170,302.6,70.69056199773458,10
3171,303.0,70.55179342550801,10
3172,303.5,70.76761657393554,10
3173,303.2,70.71664899049195,10
3174,303.2,70.34802374228038,10
3175,303.3,70.28521260628804,10
3176,303.1,70.28268318409276,10
3177,303.2,70.34328523589,10
3178,303.4,70.38655174581766,10
3179,303.1,70.55407697488344,10
3180,302.8,70.64276325286264,10
3181,302.9,70.75222807642015,10
3182,302.9,70.76793059006319,10
3183,303.2,70.7245046328043,10
3184,303.3,70.7625921263802,10
3185,303.1,70.88088599897719,10
3186,302.6,70.77538806361683,10
3187,302.6,70.77538806361683,10
3188,302.7,70.94450100058651,10
3189,302.9,70.50996777446119,10
3190,302.8,70.39065594554752,10
3191,303.0,70.5297415594616,10
3192,302.9,70.14817650279062,10
3193,303.0,69.76627647605491,10
3194,303.0,69.34134569088073,10
3195,302.9,69.20412640234044,10
3196,303.3,69.22756355351208,10
3197,303.1,68.93547707820699,10
3198,303.3,69.3270029161317,10
3199,303.4,69.17642501443521,10
3200,303.5,69.46341962980708,10
3201,303.8,69.48509032719018,10
3202,304.0,69.4310209248479,10
3203,303.7,69.80297669552176,10
3204,303.7,69.58296407087649,10
3205,303.4,69.90501492104205,10
3206,303.6,69.67416227619022,10
3207,303.8,69.32019106212047,10
3208,303.7,69.43910201672317,10
3209,303.8,69.56180305630701,10
3210,303.7,69.48708912852484,10
3211,303.6,69.25187522531229,10
3212,303.4,69.32403783841664,10
3213,303.8,69.65438488231257,10
3214,303.6,69.21335773453626,10
3215,303.7,69.49508375897295,10
3216,303.9,69.58519957577187,10
3217,304.0,69.63875038766531,10
3218,304.2,69.50907214969216,10
3219,304.3,69.67551777904329,10
3220,304.3,69.92384746597146,10
3221,304.5,69.6694576793399,10
3222,304.6,69.67575698269171,10
3223,304.9,69.59637602314905,10
3224,304.9,69.30680582261265,10
3225,305.1,69.30039281594618,10
3226,305.2,69.0198039212901,10
3227,305.5,69.26478983661981,10
3228,305.4,69.14107960459461,10
3229,305.5,68.69780847224231,10
3230,305.3,68.68130911843645,10
3231,305.5,68.96416138513942,10
3232,305.8,68.90057248592997,10
3233,305.8,68.64692272782517,10
3234,305.9,68.73208857586098,10
3235,305.6,69.01561820019839,10
3236,305.7,69.09100279100504,10
3237,306.0,69.05070600652827,10
3238,306.6,69.34807535581328,10
3239,306.4,69.44734216176552,10
3240,306.2,69.69744136862798,10
3241,306.3,69.50947177663392,10
3242,306.7,69.89205963483978,10
3243,306.7,70.22353198497241,10
3244,306.7,70.55502187024756,10
3245,306.7,70.79398907314723,10
3246,306.9,70.86677641885512,10
3247,306.8,70.4947594584953,10
3248,306.8,70.3985479648235,10
3249,306.4,70.55525809211134,10
3250,306.4,70.42916062730455,10
3251,306.5,70.02420216531488,10
3252,306.7,70.38631495776245,10
3253,306.8,70.43799479763113,10
3254,306.6,70.61822238865358,10
3255,306.6,70.96665883826479,10
3256,306.6,70.86011258497658,10
3257,306.6,71.23076738476304,10
3258,306.6,71.43792954570966,10
3259,306.6,71.27754828056932,10
3260,307.1,71.34493675097063,10
3261,307.4,71.83035570007989,10
3262,307.4,71.83035570007989,10
3263,307.5,71.40533749113033,10
3264,307.5,71.37732288494871,10
3265,307.5,71.40378141247143,10
3266,307.5,71.001173699219,10
3267,307.9,71.04529071890222,10
3268,307.7,70.80811315724272,10
3269,307.8,70.85478106662951,10
3270,307.7,70.36421123143656,10
3271,308.1,70.05466119792142,10
3272,308.0,69.88562083862459,10
3273,307.5,69.831941115796,10
3274,307.8,70.31800780896899,10
3275,308.2,70.6977918875673,10
3276,308.2,70.7245046328043,10
3277,308.5,70.82882338583794,10
3278,308.6,70.9995305148797,10
3279,308.6,70.62451573088642,10
3280,308.8,70.41590729373584,10
3281,308.6,70.57887628588159,10
3282,308.6,71.12305455257732,10
3283,308.4,71.16834502314448,10
3284,308.6,70.93063904657532,10
3285,308.9,71.01400487853708,10
3286,309.1,71.05780119811696,10
3287,309.3,71.2180532667884,10
3288,309.2,71.20362038236227,10
3289,308.9,70.61546887505914,10
3290,309.2,70.06473197455813,10
3291,309.2,69.7930273499199,10
3292,309.5,69.62319217680908,10
3293,309.5,69.61042386820462,10
3294,309.7,69.0604405173066,10
3295,309.6,69.15714793939316,10
3296,309.9,68.9048458221755,10
3297,309.9,68.7837997722655,10
3298,310.0,68.75560583205804,10
3299,310.0,69.05231511124173,10
3300,310.1,69.13183862093581,10
3301,310.2,69.09542515809406,10
3302,310.2,69.05842936721531,10
3303,310.8,68.7536665688941,10
3304,311.0,68.74914140878012,10
3305,311.1,68.51836736720065,10
3306,311.3,68.52420496924182,10
3307,311.4,68.62814453431058,10
3308,311.5,68.96416138513942,10
3309,311.8,69.29293694967122,10
3310,312.1,69.58040912019226,10
3311,311.9,69.28115023422878,10
3312,312.0,69.31730583980374,10
3313,311.5,69.53216681667718,10
3314,311.6,69.6406650041642,10
3315,312.0,69.40381033407957,10
3316,311.9,69.19930956624094,10
3317,311.9,69.12701674775532,10
3318,312.1,68.81287024322639,10
3319,312.4,69.12179267222619,10
3320,312.6,69.09285217894991,10
3321,312.5,69.01408873878177,10
3322,312.5,69.27281012217003,10
3323,312.2,69.45630121002542,10
3324,312.4,69.75863148504753,10
3325,312.7,69.3574477295377,10
3326,312.5,69.38019249837168,10
3327,312.4,69.38972066043596,10
3328,312.7,69.51266870945979,10
3329,313.0,69.85222497052855,10
3330,312.8,69.57298326218302,10
3331,313.0,69.41021378570863,10
3332,312.6,69.67097275368305,10
3333,312.9,69.61233926379559,10
3334,313.0,69.63555924318489,10
3335,313.1,70.04355787650996,10
3336,313.3,70.12694837855764,10
3337,313.3,70.05085454312618,10
3338,313.7,69.93973596366136,10
3339,313.5,70.20485896447782,10
3340,313.6,69.56563647216761,10
3341,313.6,70.01142763863626,10
3342,313.8,70.23579334403982,10
3343,313.5,70.45763108264269,10
3344,313.1,70.60760110167554,10
3345,313.3,70.47781368787075,10
3346,313.7,70.55187216982031,10
3347,313.8,70.62231312489779,10
3348,314.2,71.08492573441058,10
3349,314.1,71.08125241190145,10
3350,314.1,71.36206586446643,10
3351,314.1,71.57971469316958,10
3352,314.3,71.71556471382083,10
3353,314.4,71.90765683229507,10
3354,314.9,71.8956805996639,10
3355,314.8,72.29230787419765,10
3356,315.0,72.1171885814255,10
3357,314.8,72.48417451799776,10
3358,314.9,72.43763601271863,10
3359,314.7,72.29883970176992,10
3360,314.9,72.3870000606309,10
3361,314.5,72.42965936379623,10
3362,314.3,72.25887104324592,10
3363,313.7,72.0340197406753,10
3364,313.6,72.22218803417995,10
3365,313.8,72.06293545690924,10
3366,313.8,72.00586395873911,10
3367,313.4,72.29753338346568,10
3368,313.3,72.48609061974119,10
3369,313.7,72.76911738123835,10
3370,313.9,72.62758888099388,10
3371,313.9,72.60157635264464,10
3372,314.0,72.84077002460764,10
3373,314.0,73.15432697766794,10
3374,313.9,72.83382913637499,10
3375,314.0,73.33484846919642,10
3376,314.2,72.98980141849349,10
3377,314.4,72.69143308839388,10
3378,314.3,72.34646578175821,10
3379,314.7,72.4508262356077,10
3380,314.8,72.56077912113862,10
3381,315.0,72.33563744410112,10
3382,314.9,72.53267462936196,10
3383,314.7,72.06332092141065,10
3384,314.6,72.266789667792,10
3385,314.6,72.24064722239905,10
3386,314.7,72.23887842121827,10
3387,315.1,72.26256138400976,10
3388,315.5,72.1545409366436,10
3389,315.3,72.22349571526799,10
3390,315.1,72.49896550986091,10
3391,315.3,72.49222180497866,10
3392,315.4,72.42804858769995,10
3393,315.3,72.40787250016396,10
3394,314.9,72.34861589707312,10
3395,314.9,72.1548489169108,10
3396,314.7,72.11110255093256,10
3397,314.8,72.07989394492137,10
3398,314.8,72.52708306403738,10
3399,314.6,72.90054107404751,10
3400,314.8,73.06891724027848,10
3401,314.8,72.99284592037466,10
3402,314.6,72.8349732843593,10
3403,314.9,72.74376643778871,10
3404,314.7,72.5841274353805,10
3405,314.6,72.84870165852877,10
3406,314.7,72.89878828439699,10
3407,314.6,73.21080673112557,10
3408,314.8,73.41480323022962,10
3409,314.9,73.53223027277826,10
3410,315.4,73.77623827041694,10
3411,315.4,74.0723370166698,10
3412,315.7,73.88737675979873,10
3413,315.8,74.01771559716109,10
3414,315.9,73.5276969734686,10
3415,316.0,73.34696842936167,10
3416,315.7,73.36522034012816,10
3417,315.6,73.47440975529432,10
3418,315.7,73.72026707614248,10
3419,316.0,73.60706487831179,10
3420,316.2,73.7364676850381,10
3421,316.3,73.68257746728342,10
3422,316.1,73.5382742371466,10
3423,316.5,73.50472396005881,10
3424,316.4,73.78828573094182,10
3425,316.3,73.77601236174262,10
3426,316.3,74.13059047683652,10
3427,316.6,74.18026092641567,10
3428,316.8,73.82832940153949,10
3429,316.6,73.77473219952148,10
3430,316.7,73.67654534065323,10
3431,317.1,73.48234859852778,10
3432,317.1,73.52467461864607,10
3433,317.2,73.48741388836595,10
3434,317.6,73.32151419907014,10
3435,317.8,73.50253208034553,10
3436,317.9,73.4369722203257,10
3437,317.7,73.45905889223829,10
3438,318.1,73.49897958475341,10
3439,318.1,73.6409457359755,10
3440,318.4,73.86504210006547,10
3441,318.6,73.89662449064308,10
3442,318.6,73.80936405512665,10
3443,318.4,73.92368437186497,10
3444,318.9,73.65452388610552,10
3445,319.0,73.62517685321147,10
3446,319.0,73.8873015702518,10
3447,319.1,73.93908904557107,10
3448,319.1,73.63641912954635,10
3449,319.3,73.52104762885554,10
3450,319.5,73.41094377997511,10
3451,319.8,73.43296262578544,10
3452,319.9,73.42638036382655,10
3453,320.0,73.28028384224504,10
3454,320.0,73.56931727591635,10
3455,320.0,73.48166815985846,10
3456,320.2,73.37544245560333,10
3457,320.3,73.2742944164065,10
3458,320.5,73.3776381316391,10
3459,320.0,73.59649750120208,10
3460,320.0,73.21960878829599,10
3461,320.0,73.17558791473196,10
3462,320.1,73.07598784826655,10
3463,320.2,73.13123667611384,10
3464,320.6,73.56810903283206,10
3465,320.8,74.0462318044912,10
3466,320.7,73.93848794775289,10
3467,320.8,74.01921672406729,10
3468,320.5,74.43304224454202,10
3469,320.4,74.61188466546957,10
3470,320.3,74.17704047300171,10
3471,320.7,74.26386888805499,10
3472,321.1,74.41094602871871,10
3473,320.8,74.65743990610268,10
3474,321.2,74.87144538028723,10
3475,321.1,74.81748161730356,10
3476,321.6,74.92841027718836,10
3477,321.7,74.86736419977815,10
3478,321.7,74.49690523027711,10
3479,321.6,74.61784117905195,10
3480,321.6,74.78443094061163,10
3481,321.5,74.6670386895494,10
3482,321.5,74.28660713749147,10
3483,321.2,74.06273616933747,10
3484,321.0,73.95494123676478,10
3485,321.1,73.73594027941115,10
3486,320.9,73.59868658248371,10
3487,320.9,73.9330778474696,10
3488,321.1,74.11320170298048,10
3489,321.0,74.15599174113385,10
3490,321.1,73.79016796897056,10
3491,321.2,73.72742592369093,10
3492,321.1,73.71333363480149,10
3493,321.1,73.63491019889953,10
3494,321.0,73.90384142774838,10
3495,321.1,74.46915841847252,10
3496,321.3,74.76934903792835,10
3497,321.4,75.08691260429107,10
3498,321.4,75.22440502331084,10
3499,321.3,75.34078134273186,10
3500,321.5,75.47516147713763,10
3501,321.8,75.72875573020096,10
3502,322.0,75.5968841215621,10
3503,321.8,75.35515908018508,10
3504,321.6,75.63832068175203,10
3505,321.9,75.6724667380562,10
3506,322.3,76.0132298426472,10
3507,322.1,75.82648320709299,10
3508,322.0,75.85805457856432,10
3509,322.2,75.70967940465444,10
3510,322.1,75.86896598741806,10
3511,322.4,76.10694230270106,10
3512,322.6,75.81878981419375,10
3513,322.9,76.0970871102611,10
3514,322.8,76.00847905917398,10
3515,322.5,75.91113225344488,10
3516,322.2,75.79182013911527,10
3517,322.1,75.83234431589494,10
3518,322.0,75.78331683893963,10
3519,322.0,76.39226255176487,10
3520,322.0,76.44751285831491,10
3521,322.0,76.14605848119929,10
3522,321.7,76.32539987885204,10
3523,321.9,76.68036109577065,10
3524,321.8,76.57066453065866,10
3525,322.0,76.57966077519829,10
3526,322.0,76.61012407711601,10
3527,321.7,76.63339857906459,10
3528,321.9,76.33326055309485,10
3529,321.5,76.35916593456363,10
3530,321.5,76.49437161575281,10
3531,321.6,76.39546234343155,10
3532,321.8,76.16619255869949,10
3533,321.5,75.93308457670696,10
3534,321.8,75.99678355766848,10
3535,322.1,76.25461734653625,10
3536,322.5,76.4449693134436,10
3537,322.7,76.37924383554008,10
3538,322.9,76.7715948627992,10
3539,322.9,76.22401196473459,10
3540,322.6,76.31105934121068,10
3541,322.5,75.8818526101963,10
3542,322.0,75.78624911918754,10
3543,321.9,75.62546602243923,10
3544,321.8,75.54365919416693,10
3545,322.0,75.99561390852325,10
3546,321.9,76.06787904380022,10
3547,321.9,75.98164983146333,10
3548,321.6,76.0879607939244,10
3549,321.7,75.69830469259753,10
3550,321.7,76.18260227170563,10
3551,322.0,76.28164188642565,10
3552,321.6,75.98713341378556,10
3553,321.8,75.94852057662334,10
3554,321.9,75.65337621899853,10
3555,322.0,75.26988478505568,10
3556,322.3,75.48369949127354,10
3557,322.6,75.10910582464537,10
3558,323.0,75.2329714952161,10
3559,322.7,75.08373103853235,10
3560,322.4,75.07507353753752,10
3561,322.7,74.81837266934431,10
3562,322.8,75.1898338281919,10
3563,322.9,75.4062331641092,10
3564,322.7,75.34373084588908,10
3565,322.8,75.50540819482183,10
3566,322.9,75.78104424370693,10
3567,323.1,75.59019630731076,10
3568,323.0,75.45712542747555,10
3569,322.6,75.11650210765201,10
3570,323.3,75.02303350008953,10
3571,323.7,75.33930654785131,10
3572,323.7,75.13107065507438,10
3573,323.7,74.94005011414865,10
3574,323.6,74.87500695603751,10
3575,323.5,74.85578727719647,10
3576,323.3,74.83025234934509,10
3577,323.4,74.62081925754143,10
3578,323.2,74.37412931329757,10
3579,323.4,74.61188466546957,10
3580,323.4,74.52247982991442,10
3581,323.2,74.55169720104,10
3582,323.3,74.58038169205983,10
3583,323.4,74.72200330409898,10
3584,323.0,74.60562981437795,10
3585,322.5,74.297076359407,10
3586,322.4,74.20422270104758,10
3587,322.2,74.5189014053929,10
3588,321.9,74.3736064295213,10
3589,322.1,74.47960198007983,10
3590,322.0,74.33408071373154,10
3591,322.1,74.53328861060078,10
3592,321.9,74.56309781356697,10
3593,322.0,74.53112697986586,10
3594,322.3,74.56101155727734,10
3595,322.4,74.57166575404719,10
3596,322.0,74.54305243727725,10
3597,322.3,74.51778311248933,10
3598,322.3,74.85400605326494,10
3599,322.7,75.10888392490229,10
3600,322.5,75.07958740193266,10
3601,322.6,74.80522857542928,10
3602,322.5,74.91365399949169,10
3603,322.1,74.63459132481547,10
3604,322.3,74.52225618341589,10
3605,322.5,74.55534856735632,10
3606,322.6,74.62379721718207,10
3607,323.2,74.61873461507878,10
3608,323.3,74.72326723763265,10
3609,323.7,74.9815532870141,10
3610,324.0,75.00962901151054,10
3611,324.3,74.90594101938778,10
3612,324.3,74.66227665665946,10
3613,324.2,74.70058753301596,10
3614,324.3,74.41333512512689,10
3615,324.0,74.53112697986586,10
3616,324.0,74.8583848194561,10
3617,324.3,75.10000739754365,10
3618,324.6,75.22292794679618,10
3619,324.4,75.26722763298483,10
3620,324.5,75.14319663149818,10
3621,324.3,75.122196749326,10
3622,324.2,75.12182698050474,10
3623,324.1,74.97473648577306,10
3624,324.3,74.96525120940294,10
3625,324.5,74.95517178806128,10
3626,324.6,74.95954464465038,10
3627,324.4,74.60443835471334,10
3628,324.7,74.52672898587012,10
3629,324.7,74.41482827143167,10
3630,324.6,74.45834032829663,10
3631,324.7,74.41930753059539,10
3632,324.8,74.56212920183484,10
3633,324.5,74.54044390649801,10
3634,324.0,74.76630257007497,10
3635,324.1,74.59438465610009,10
3636,324.5,74.24172232197562,10
3637,324.7,74.21897032131041,10
3638,324.7,74.6518586506726,10
3639,324.7,74.45363956479525,10
3640,324.6,74.06633663292807,10
3641,324.5,74.09490910687154,10
3642,324.7,74.23543628214225,10
3643,324.7,74.35956188980973,10
3644,325.1,74.40198623394106,10
3645,325.2,74.00270265334908,10
3646,325.0,73.74279625834649,10
3647,325.0,73.76690013519313,10
3648,325.3,73.45754631834029,10
3649,325.4,73.89512087336274,10
3650,325.3,73.74588500760944,10
3651,325.6,73.89361722548617,10
3652,325.7,74.1245948087108,10
3653,325.8,74.37114135648763,10
3654,325.8,74.56212920183482,10
3655,326.0,74.65773756133906,10
3656,326.1,74.10120706769148,10
3657,325.8,74.36516508270373,10
3658,326.1,73.94209446136438,10
3659,326.1,73.87594707044747,10
3660,325.9,74.02469557894551,10
3661,326.0,73.93691004272945,10
3662,326.1,74.34969924470292,10
3663,326.0,74.08703590297623,10
3664,326.0,74.2024258363566,10
3665,326.0,73.71265532834613,10
3666,325.9,73.50956098056604,10
3667,326.2,73.5599528729231,10
3668,326.4,73.8319412961325,10
3669,326.5,73.60593273190234,10
3670,326.9,73.48083650403916,10
3671,327.1,73.10943091618815,10
3672,327.5,73.0163604193532,10
3673,327.3,73.35916211807947,10
3674,327.4,73.18348326106255,10
3675,327.4,73.25480644071531,10
3676,327.0,73.00228306932142,10
3677,327.0,73.00228306932142,10
3678,327.0,72.96117689109279,10
3679,326.8,72.6036423940899,10
3680,326.7,72.60402498790576,10
3681,326.7,72.30037651661605,10
3682,326.7,72.30037651661605,10
3683,327.0,72.60853944268538,10
3684,326.9,72.43610210998993,10
3685,327.0,72.75987905432498,10
3686,327.2,72.78552969741536,10
3687,327.3,72.69120380837775,10
3688,327.2,72.69846399110966,10
3689,327.2,72.70457726687884,10
3690,327.5,73.12128433104975,10
3691,327.1,72.8993979551424,10
3692,327.2,72.95934941230402,10
3693,327.0,72.71710787550462,10
3694,326.9,72.60922806365593,10
3695,327.4,72.65320976315422,10
3696,327.6,72.75407586902301,10
3697,327.6,72.59507176416622,10
3698,327.3,72.80117520418959,10
3699,327.3,73.02518591402405,10
3700,327.8,72.90145555626599,10
3701,327.7,72.57494210967187,10
3702,327.9,72.42229552347045,10
3703,327.9,72.7070988433882,10
3704,327.5,72.65481554736907,10
3705,327.7,72.63462596371573,10
3706,327.9,72.53114273652847,10
3707,328.0,72.31105647747714,10
3708,327.9,72.01612473760457,10
3709,328.3,71.70471858020689,10
3710,328.5,71.47688048903956,10
3711,328.3,71.73725206148708,10
3712,328.3,71.82548294303353,10
3713,328.2,72.31382225334855,10
3714,328.2,72.59599009434183,10
3715,328.3,72.63003663927357,10
3716,328.6,72.91120931958572,10
3717,328.7,72.6590974651106,10
3718,328.9,72.4407037207367,10
3719,329.1,72.69334372707188,10
3720,329.1,72.58320895511731,10
3721,329.0,72.49521056977181,10
3722,329.0,72.46148402197313,10
3723,329.0,72.17725095593178,10
3724,328.8,72.22464953185997,10
3725,329.2,72.42896903556998,10
3726,329.0,72.12797269052031,10
3727,329.2,72.25079776568406,10
3728,329.5,72.09291843786662,10
3729,329.2,71.88076546924388,10
3730,329.6,72.08975886582873,10
3731,329.4,72.29292265959833,10
3732,329.5,72.23303337885729,10
3733,329.4,72.20526296607473,10
3734,329.4,71.79476923069598,10
3735,329.5,71.8226983620081,10
3736,329.5,71.73756183323891,10
3737,329.4,72.13598269934361,10
3738,329.7,72.17270952375281,10
3739,329.8,72.15076807167983,10
3740,329.6,72.1329020319823,10
3741,329.8,72.15076807167983,10
3742,329.9,72.13328712259765,10
3743,330.3,72.14499289625026,10
3744,330.7,71.90433459349536,10
3745,330.8,72.00432085800284,10
3746,330.7,71.84559060157338,10
3747,330.7,71.56201661651397,10
3748,330.9,71.79206084240792,10
3749,331.2,71.84056421456242,10
3750,331.1,71.68364140056255,10
3751,331.0,71.83159317304452,10
3752,331.3,71.85796174862371,10
3753,331.5,72.07596301433956,10
3754,331.6,72.22526489317217,10
3755,331.6,72.07742750373069,10
3756,331.5,72.0682546849397,10
3757,331.5,72.16531946394565,10
3758,331.5,71.86600185221259,10
3759,331.4,71.77000301890291,10
3760,331.4,71.88138377447483,10
3761,331.7,72.20503214227293,10
3762,331.7,72.09569258207378,10
3763,331.5,71.97569034055873,10
3764,331.4,71.91847236049071,10
3765,331.3,72.06794633461459,10
3766,331.1,71.9898912656801,10
3767,331.5,71.71742388631154,10
3768,331.5,71.45666907682974,10
3769,331.8,71.34392444739466,10
3770,331.9,71.44920495631067,10
3771,331.9,71.50050504872132,10
3772,332.1,71.77039005668625,10
3773,332.5,71.49086965791118,10
3774,332.8,71.79724538200922,10
3775,333.0,71.80683966184714,10
3776,332.6,71.8782921951328,10
3777,332.4,71.75761670760504,10
3778,332.0,71.6751932912171,10
3779,332.0,71.5075753562749,10
3780,332.4,71.84272947054404,10
3781,332.1,71.88795293912449,10
3782,332.0,72.17109301283075,10
3783,332.0,72.34178138070234,10
3784,331.9,72.62146912434213,10
3785,332.3,72.70648756014371,10
3786,332.5,72.68692378199044,10
3787,332.8,72.52248693413037,10
3788,333.0,72.70335465284788,10
3789,332.6,72.51543896915256,10
3790,332.4,72.74796675280119,10
3791,332.4,72.87310127124336,10
3792,332.6,72.3543748197409,10
3793,332.7,72.35875129442802,10
3794,332.9,72.3977439795836,10
3795,333.1,72.41308967000066,10
3796,332.8,72.33072191906653,10
3797,332.6,72.01573902048543,10
3798,332.8,71.75235187783045,10
3799,332.5,71.72207160669271,10
3800,332.7,71.74499595403462,10
3801,332.6,71.49234613268442,10
3802,332.7,71.70006973497307,10
3803,332.7,72.00316351074831,10
3804,332.9,71.78432202708952,10
3805,332.9,71.76110057374787,10
3806,332.7,71.7465446322446,10
3807,333.1,71.64022768125616,10
3808,333.5,71.64922268323022,10
3809,333.9,71.62626768317767,10
3810,333.8,71.55541752919746,10
3811,333.9,71.82300776523108,10
3812,333.9,72.00223761955056,10
3813,333.6,72.0928413767815,10
3814,333.9,72.01921040018883,10
3815,333.5,71.65852666950698,10
3816,333.4,71.40059134520136,10
3817,333.2,71.61750251626111,10
3818,333.1,71.64488040948137,10
3819,332.7,71.82238895745222,10
3820,332.8,71.46374372132115,10
3821,332.8,71.48084436484443,10
3822,332.9,71.54245049075564,10
3823,332.6,71.71579711301796,10
3824,332.4,71.44570588138163,10
3825,332.9,71.53623790313084,10
3826,333.2,71.3283487355016,10
3827,333.1,71.26078865687637,10
3828,333.5,71.18247287390656,10
3829,333.8,70.73864259056401,10
3830,333.8,70.89867574378397,10
3831,334.0,70.80803469789129,10
3832,334.3,70.86301338968494,10
3833,334.5,70.89624657044813,10
3834,334.5,71.25268026147819,10
3835,334.3,71.17123326488338,10
3836,334.5,71.09344398591038,10
3837,334.6,71.24792394636258,10
3838,334.8,71.37350893558322,10
3839,334.7,71.19776837950909,10
3840,334.5,71.09188108044093,10
3841,334.6,71.32274064653807,10
3842,334.6,71.32897182928002,10
3843,334.4,71.22140751830793,10
3844,334.3,71.50143743698833,10
3845,334.1,71.64953283557092,10
3846,334.4,71.36011958136467,10
3847,334.2,71.41241722091007,10
3848,334.3,71.32873816975096,10
3849,334.4,71.40059134520136,10
3850,334.4,71.44415068196044,10
3851,334.7,71.090005548522,10
3852,334.4,70.84756719731298,10
3853,334.5,71.01212728979623,10
3854,334.5,70.89938097206648,10
3855,335.1,71.02652086838174,10
3856,335.1,71.0046164383384,10
3857,335.2,70.84850817844446,10
3858,335.6,71.1386752133543,10
3859,336.0,70.95225311589634,10
3860,336.3,71.03528074915387,10
3861,336.3,71.19464711463762,10
3862,336.2,71.11618037487047,10
3863,335.9,71.25611084905864,10
3864,335.8,70.9018100380143,10
3865,336.0,70.70753535200866,10
3866,336.0,70.83470586905514,10
3867,336.2,71.12867838564758,10
3868,335.9,71.13125582720689,10
3869,335.9,71.01087553638838,10
3870,336.0,71.11336801974093,10
3871,336.0,70.8237248385031,10
3872,336.2,70.71664899049193,10
3873,336.3,70.93980233659771,10
3874,336.4,70.86795232449339,10
3875,336.5,70.81941039636583,10
3876,336.9,70.82756839285423,10
3877,337.0,70.54706860592358,10
3878,337.2,70.58611761529316,10
3879,337.0,70.38150009452453,10
3880,337.1,69.99436485254446,10
3881,337.2,69.8678116954518,10
3882,337.0,70.05077523561827,10
3883,337.3,70.36105298940444,10
3884,337.3,70.71389930951027,10
3885,337.4,70.52060376624377,10
3886,337.4,70.98857498061062,10
3887,337.5,71.18715552057907,10
3888,337.8,70.98951409265393,10
3889,337.7,70.87242058798331,10
3890,337.6,70.72984597121014,10
3891,338.0,70.27722880769338,10
3892,337.8,70.33222747945797,10
3893,337.9,70.51154357818143,10
3894,338.2,70.43326234418257,10
3895,338.2,70.57824656995163,10
3896,338.5,70.36610610861517,10
3897,338.7,70.70289951621504,10
3898,339.4,71.01830749884145,10
3899,339.4,71.26663548487001,10
3900,339.4,71.18083387479464,10
3901,339.1,71.07187285495655,10
3902,339.2,71.21298258666666,10
3903,339.4,71.19956304485146,10
3904,339.4,71.06366472709134,10
3905,339.7,71.01494365429168,10
3906,339.1,70.8620726011689,10
3907,339.0,70.6005980459404,10
3908,338.7,70.73275211825298,10
3909,338.6,70.27596396429657,10
3910,338.7,70.04292334783801,10
3911,338.8,70.28007462210671,10
3912,338.9,70.09271637544722,10
3913,339.0,69.87767088912516,10
3914,339.3,69.39268293159189,10
3915,339.1,69.41413560811819,10
3916,339.1,69.30359939345783,10
3917,339.4,69.31762642599162,10
3918,339.4,69.14268660611266,10
3919,339.6,68.89154116758054,10
3920,339.9,69.47653480772402,10
3921,339.8,69.16775099551653,10
3922,340.1,69.3965256895313,10
3923,340.2,69.66076530029096,10
3924,340.1,69.54526902992356,10
3925,340.1,69.23462524873905,10
3926,340.6,69.13625837592183,10
3927,340.9,69.0964704035034,10
3928,341.2,69.1227571466558,10
3929,341.4,69.29678523888713,10
3930,341.6,69.18927341398778,10
3931,341.9,68.99025696107788,10
3932,341.7,69.35904971795517,10
3933,341.7,69.62446887888386,10
3934,341.9,69.489327717763,10
3935,342.2,69.4866893728576,10
3936,342.1,69.70325992695352,10
3937,342.1,69.74150685049598,10
3938,342.0,69.7742391176317,10
3939,342.3,69.59733392083987,10
3940,342.3,69.47269647534603,10
3941,342.6,69.35929001302645,10
3942,342.6,69.54007637486619,10
3943,342.8,69.63364448630018,10
3944,343.0,69.80926395066298,10
3945,343.0,69.64832294383612,10
3946,343.4,70.04792010553284,10
3947,343.3,69.72174855970138,10
3948,343.2,69.53304570090718,10
3949,343.2,69.55541356038044,10
3950,343.2,69.69425291147678,10
3951,343.3,69.4982813536501,10
3952,343.4,69.23422403535535,10
3953,343.5,69.44262219831404,10
3954,343.5,69.69656455745226,10
3955,343.3,69.77272628565788,10
3956,343.2,69.38267475065771,10
3957,343.3,69.44230218917957,10
3958,343.4,69.2951818110193,10
3959,343.4,69.1619677118702,10
3960,343.3,68.97994877740439,10
3961,343.0,69.03300337922113,10
3962,342.9,68.85483925541392,10
3963,343.0,68.92991609840631,10
3964,342.6,68.85766317395456,10
3965,342.9,68.82578651122623,10
3966,343.0,69.12147117775906,10
3967,343.3,68.96383915582942,10
3968,343.5,68.80931784447672,10
3969,343.7,68.7152740581662,10
3970,343.9,68.39826183626468,10
3971,343.7,68.69263263100183,10
3972,343.6,68.44332610918971,10
3973,343.4,68.38160896355426,10
3974,343.1,68.38364001881021,10
3975,343.2,68.6404480689856,10
3976,343.5,68.72853200171754,10
3977,343.6,69.25989700637255,10
3978,343.6,69.29197484397294,10
3979,343.8,68.98437826381016,10
3980,343.8,68.89895983733474,10
3981,343.9,68.53944525275614,10
3982,344.1,68.82255767148185,10
3983,343.9,68.77572246076373,10
3984,344.0,68.8040696470783,10
3985,344.0,68.99436369894444,10
3986,343.9,69.05786623469399,10
3987,344.0,69.37658907088984,10
3988,344.2,69.23518694357018,10
3989,344.4,69.38972066043596,10
3990,344.6,69.36089195889376,10
3991,344.6,68.97535791860743,10
3992,344.8,69.06969105347311,10
3993,344.8,68.81182068995608,10
3994,344.7,68.71365706078134,10
3995,344.9,68.4274960978569,10
3996,345.1,68.43236726059452,10
3997,345.6,68.54876609635897,10
3998,345.7,68.49987834539075,10
3999,345.7,68.59875282313001,10
4000,346.0,68.62782072729526,10
4001,346.1,68.62531117112208,10
4002,345.9,68.56375783815301,10
4003,346.4,68.78339592921795,10
4004,346.5,69.19095958930536,10
4005,346.6,69.24866625269962,10
4006,346.8,69.45150186361063,10
4007,346.9,69.82589459187442,10
4008,347.2,69.76117990847217,10
4009,347.5,69.68540417874863,10
4010,347.5,69.75074671045942,10
4011,347.5,69.64393568558413,10
4012,347.7,69.72652930476957,10
4013,348.0,69.86653944008772,10
4014,348.1,70.31271419720461,10
4015,348.2,70.44430424101014,10
4016,348.3,70.32472301165976,10
4017,348.1,70.50208822754433,10
4018,348.0,70.41148896151662,10
4019,348.3,70.24726171017471,10
4020,348.0,70.7028209401074,10
4021,348.1,70.48790282342387,10
4022,348.4,70.61192848552179,10
4023,348.5,70.74720253597782,10
4024,348.7,70.8739883329718,10
4025,348.6,71.04333575751885,10
4026,348.5,71.14812404804188,10
4027,348.8,70.99577452215026,10
4028,349.1,70.94042884311065,10
4029,348.6,70.61664896546077,10
4030,348.8,70.59713560446738,10
4031,348.7,70.43681171407778,10
4032,348.8,70.66792451710717,10
4033,349.0,71.20237199544533,10
4034,349.1,71.0108755363884,10
4035,349.1,70.61546887505912,10
4036,349.0,70.24401912064985,10
4037,349.1,69.59956896418254,10
4038,349.2,69.83440731075508,10
4039,348.8,69.96792916123152,10
4040,348.7,69.77431873945854,10
4041,348.6,69.78729588303781,10
4042,348.9,69.51970144418695,10
4043,349.4,69.64864200638324,10
4044,349.7,69.58136723769279,10
4045,349.7,69.67073353360873,10
4046,349.7,69.37346594900517,10
4047,349.7,69.3526415422577,10
4048,349.7,69.34783502188242,10
4049,349.6,69.1169700982006,10
4050,349.9,69.48612971105976,10
4051,350.1,69.31642422014185,10
4052,350.0,69.10378667868595,10
4053,350.3,69.20348417689837,10
4054,350.1,69.28916862604781,10
4055,350.1,69.19449239482705,10
4056,350.2,69.45630121002542,10
4057,350.1,69.68412859308623,10
4058,350.1,69.46373954165664,10
4059,349.9,69.5372801692253,10
4060,349.9,69.28596138067542,10
4061,350.0,68.93797534337982,10
4062,350.0,68.9492567037528,10
4063,349.9,68.98381452679075,10
4064,350.0,68.42676539353751,10
4065,350.5,68.56343372705632,10
4066,350.3,68.40898251610595,10
4067,350.1,68.37876538484413,10
4068,350.1,68.03830620401357,10
4069,350.1,68.11338586014745,10
4070,350.2,68.12700557700221,10
4071,350.6,68.15374775706275,10
4072,350.4,68.20426835779577,10
4073,350.4,68.48876631325105,10
4074,350.4,68.55362864210763,10
4075,350.7,68.58255366101986,10
4076,351.2,68.48325018247569,10
4077,351.0,68.41864593158148,10
4078,351.0,68.57113095173507,10
4079,350.8,68.70516720014588,10
4080,351.0,68.77176423180923,10
4081,350.8,68.78921104036269,10
4082,350.6,68.87057104130585,10
4083,350.7,68.75568663350286,10
4084,350.7,68.84289683361999,10
4085,350.4,68.81085185734393,10
4086,350.0,69.08770593319126,10
4087,350.0,69.08770593319126,10
4088,350.5,68.95610520065968,10
4089,350.2,68.87799196969797,10
4090,349.9,69.31001210343118,10
4091,350.0,69.35896961941309,10
4092,350.0,69.10700237875882,10
4093,349.8,68.91992132580793,10
4094,349.8,68.7649781663764,10
4095,349.3,68.79446037129573,10
4096,349.6,68.82699728707883,10
4097,349.4,68.51634030571749,10
4098,349.5,68.24018040877546,10
4099,349.3,68.14861211597294,10
4100,349.2,67.93918849481007,10
4101,349.4,68.05749203594137,10
4102,349.3,68.07357131156783,10
4103,349.7,68.06051229114672,10
4104,350.1,68.1655664132885,10
4105,350.4,68.61357170576548,10
4106,350.3,68.88162148046297,10
4107,350.5,68.71074636959393,10
4108,350.5,68.40768312924442,10
4109,350.8,68.3712090153613,10
4110,350.7,68.39923651295791,10
4111,351.0,68.53385213811411,10
4112,351.1,68.4145046349416,10
4113,350.9,68.49728299558879,10
4114,350.7,68.35698777577738,10
4115,350.8,67.88519720822795,10
4116,351.0,67.59191273123336,10
4117,351.5,67.48209639106756,10
4118,351.3,67.35486454427607,10
4119,351.3,67.58048699308272,10
4120,350.9,67.42642080239928,10
4121,350.9,67.07118937699289,10
4122,351.2,66.91088601017526,10
4123,351.0,66.87301398920195,10
4124,351.0,66.92450140934102,10
4125,351.1,66.8322111293981,10
4126,351.3,66.90133697385194,10
4127,351.1,66.89203573254775,10
4128,351.1,66.9518068796089,10
4129,350.8,66.77457932809793,10
4130,351.2,66.5161634491948,10
4131,351.3,66.35937512263558,10
4132,351.3,65.86695344067127,10
4133,351.2,65.95419285804016,10
4134,351.3,65.93102456355429,10
4135,351.5,65.97011107733225,10
4136,351.3,66.15982332369262,10
4137,351.4,66.25908742705914,10
4138,351.4,66.77524491406477,10
4139,351.5,66.87176783466498,10
4140,351.4,66.86005284672355,10
4141,351.3,67.20127313608806,10
4142,351.3,67.1218626413514,10
4143,350.8,66.85606429736448,10
4144,351.1,66.88705239265502,10
4145,350.7,67.13510424675174,10
4146,350.8,67.09661359230849,10
4147,350.4,67.19821426198764,10
4148,350.4,67.30560485163508,10
4149,350.5,67.2825716247859,10
4150,350.7,67.41422533692558,10
4151,350.7,67.25911751494283,10
4152,350.8,67.0286837439349,10
4153,351.2,67.10986017965865,10
4154,351.1,67.32747499267212,10
4155,351.0,67.42897497861485,10
4156,351.2,67.17605393458463,10
4157,351.3,67.25416137475972,10
4158,351.2,66.91088601017526,10
4159,351.3,66.79163287584922,10
4160,351.2,66.47271787900824,10
4161,351.1,66.66408328327933,10
4162,351.0,66.80651997455871,10
4163,351.2,67.01044694672615,10
4164,351.3,67.15661628693863,10
4165,351.6,66.91487129181375,10
4166,351.8,67.32805259820508,10
4167,352.2,67.58172007938899,10
4168,352.5,67.85810358551308,10
4169,352.7,68.05887973740907,10
4170,352.8,67.95063567685654,10
4171,353.1,68.12480377137896,10
4172,352.9,67.94025152866139,10
4173,353.1,67.86006844152818,10
4174,353.1,67.85515619481117,10
4175,353.2,67.43523642066594,10
4176,353.1,67.42312494817915,10
4177,353.3,66.9959368585555,10
4178,353.7,66.95446213658953,10
4179,353.4,67.34686332710679,10
4180,353.6,67.52810114644454,10
4181,353.5,67.50678978196687,10
4182,353.5,67.77618395211633,10
4183,353.9,68.02850709649431,10
4184,353.8,67.8016715624819,10
4185,353.9,67.97622133265916,10
4186,354.3,67.7774954456779,10
4187,354.2,67.68521913157177,10
4188,354.0,67.86915516066354,10
4189,354.0,68.0277721065285,10
4190,354.4,67.98561939443108,10
4191,354.0,67.76101796428058,10
4192,354.1,67.53015787203685,10
4193,354.4,67.56100124249855,10
4194,354.3,67.66921177479625,10
4195,354.2,67.82133391001193,10
4196,354.1,68.30397743421193,10
4197,354.1,68.70621838265038,10
4198,354.2,68.67605113866114,10
4199,354.2,68.54163373859392,10
4200,354.2,68.66957922625645,10
4201,354.2,68.67443321773962,10
4202,354.4,68.83184017750958,10
4203,354.2,68.65177832122535,10
4204,354.1,68.49079419081727,10
4205,353.6,68.18308685688359,10
4206,353.5,67.75486862375443,10
4207,353.7,67.93632639791795,10
4208,353.9,67.41982893283944,10
4209,353.9,67.30106487518108,10
4210,353.9,66.89535775290307,10
4211,354.0,67.14660577174894,10
4212,353.9,66.92690872221061,10
4213,354.1,66.8172466092733,10
4214,353.7,66.71340028643255,10
4215,354.0,67.09363274972935,10
4216,354.1,67.08609725155014,10
4217,353.9,66.85049654930687,10
4218,354.0,66.4580067912563,10
4219,353.6,66.81017886519987,10
4220,353.8,66.31875886789332,10
4221,353.7,66.46310588924088,10
4222,353.5,66.91495431599061,10
4223,353.2,66.91254657303732,10
4224,353.3,66.65341534968614,10
4225,353.8,66.44931234490777,10
4226,354.0,66.78655886063036,10
4227,354.2,66.58461617454222,10
4228,354.2,66.81616570860676,10
4229,354.4,66.7968728476283,10
4230,354.2,66.84941618626482,10
4231,354.5,66.76534363808152,10
4232,354.5,66.61873276755988,10
4233,354.7,67.0241250098301,10
4234,354.6,66.50346691046349,10
4235,355.0,66.69999167083073,10
4236,355.2,66.69132877168765,10
4237,355.4,66.6019686062073,10
4238,355.1,66.76734065228132,10
4239,354.9,66.85049654930687,10
4240,354.8,66.78955340803263,10
4241,354.4,66.93811403909667,10
4242,354.5,66.87675231349083,10
4243,354.7,67.34991544991804,10
4244,354.9,67.4577233861657,10
4245,354.7,67.57719865293159,10
4246,354.7,67.75618052989705,10
4247,354.8,67.77216734520646,10
4248,355.2,68.01437756500867,10
4249,354.9,68.31373702753105,10
4250,354.7,68.26915685562389,10
4251,354.5,68.04941015337475,10
4252,354.5,68.49695856994917,10
4253,354.6,68.31333040564712,10
4254,354.3,68.39761204408624,10
4255,354.8,68.7035499648874,10
4256,354.8,68.5092045721676,10
4257,354.8,68.41994511024463,10
4258,354.9,68.01380578807348,10
4259,355.0,67.77413469261953,10
4260,355.2,67.75413066538617,10
4261,355.3,67.96085474578567,10
4262,355.2,67.89501699928599,10
4263,355.0,68.00490178411161,10
4264,354.7,67.93796189662055,10
4265,354.8,68.05194094709326,10
4266,354.8,68.26712239431218,10
4267,355.1,68.70945268948728,10
4268,355.5,68.56991565791323,10
4269,355.6,69.10089242067234,10
4270,355.3,69.17779027019196,10
4271,355.3,69.50467610168397,10
4272,355.9,69.61872353517168,10
4273,355.6,69.75385294017815,10
4274,355.1,70.18143154234839,10
4275,355.1,70.18143154234839,10
4276,355.0,70.22345287247938,10
4277,355.4,70.04316129676361,10
4278,355.3,70.12694837855764,10
4279,355.5,70.66077019424884,10
4280,355.5,70.66705974733442,10
4281,355.2,70.53257718561292,10
4282,355.2,70.1170450033371,10
4283,354.7,70.02547155618923,10
4284,354.8,70.1946500018975,10
4285,354.8,70.45376734663189,10
4286,354.9,70.13550376869684,10
4287,354.9,70.43744269444576,10
4288,354.7,70.74060597233624,10
4289,354.3,70.60382425903003,10
4290,354.9,70.68938314123902,10
4291,355.0,71.12274210436803,10
4292,355.1,71.45698006493139,10
4293,355.0,71.5495166533872,10
4294,355.3,71.59616687442919,10
4295,355.3,71.5418292562703,10
4296,355.5,71.85053931599957,10
4297,355.2,71.6795337286422,10
4298,355.0,71.62091562913417,10
4299,355.0,71.84551327520583,10
4300,354.9,71.9898912656801,10
4301,354.8,72.06910264153117,10
4302,354.7,72.08952767219382,10
4303,355.2,72.05368369024121,10
4304,355.8,72.21387986006876,10
4305,355.9,72.45143967590369,10
4306,356.2,72.47497652446825,10
4307,356.4,72.5506719472673,10
4308,356.9,72.51888642890823,10
4309,356.7,72.62850680001621,10
4310,356.5,72.2299568507878,10
4311,356.9,72.21949567502915,10
4312,357.1,72.45604031257696,10
4313,357.2,72.07372768368667,10
4314,357.2,72.12458357283982,10
4315,356.9,71.8709491612107,10
4316,356.8,71.77867216505038,10
4317,356.5,71.58561307972434,10
4318,356.1,71.65728620780071,10
4319,356.0,71.83159317304452,10
4320,356.2,71.82509620212453,10
4321,356.6,71.86128613129912,10
4322,356.6,72.11749672120722,10
4323,356.1,72.1101780456669,10
4324,356.0,71.91352832086294,10
4325,356.3,72.30345004831297,10
4326,356.3,72.08336223506164,10
4327,356.1,72.13790804963627,10
4328,356.1,71.91422359697388,10
4329,356.3,72.14037242302908,10
4330,356.0,71.98765326236314,10
4331,356.3,71.97229405202471,10
4332,356.1,72.28715884120314,10
4333,356.1,72.0006944410955,10
4334,355.8,72.2031085818948,10
4335,355.8,71.90085766757817,10
4336,356.0,71.58522504291263,10
4337,356.5,71.6926309555824,10
4338,356.5,71.73911067193404,10
4339,356.7,71.8285767953427,10
4340,356.7,71.43147454417804,10
4341,356.5,71.33216509946811,10
4342,356.5,71.4830982354104,10
4343,356.3,71.91978556388746,10
4344,356.7,72.16809082505462,10
4345,356.9,72.23026450949153,10
4346,357.1,72.03617918179108,10
4347,357.4,71.8504619949579,10
4348,357.7,71.95839847516835,10
4349,357.5,72.26840403815642,10
4350,357.4,72.13906323514635,10
4351,357.8,72.38600233010062,10
4352,357.7,72.5121445766922,10
4353,357.9,72.64441555351046,10
4354,357.8,72.28615973261333,10
4355,357.9,72.2794730350341,10
4356,358.1,72.2902329348701,10
4357,358.3,72.51980572383121,10
4358,358.1,72.67041274747852,10
4359,358.1,72.28101026164786,10
4360,357.9,72.35475873162119,10
4361,358.0,72.13567463852789,10
4362,358.2,72.42129827919715,10
4363,358.0,72.52279335185287,10
4364,357.8,72.11225816584708,10
4365,357.7,72.16193210027323,10
4366,357.5,72.30222065131272,10
4367,357.7,72.49988505738015,10
4368,358.0,72.60088765909745,10
4369,357.9,72.23487923280399,10
4370,358.0,71.91816336797139,10
4371,358.2,71.6299130562396,10
4372,358.2,71.69038367250597,10
4373,358.2,71.61750251626111,10
4374,358.0,71.41739595115776,10
4375,357.7,71.61789037818849,10
4376,357.6,71.48768347686817,10
4377,357.6,71.55448584431618,10
4378,357.6,71.87674635559588,10
4379,357.9,72.25333517869224,10
4380,357.7,72.43242061090845,10
4381,357.9,72.50969283865128,10
4382,358.2,72.42283249546836,10
4383,358.5,72.61351266962798,10
4384,358.4,72.63944444231996,10
4385,358.4,72.66850150588708,10
4386,358.9,73.03948703726407,10
4387,359.0,73.03423854604085,10
4388,359.1,72.82162377267406,10
4389,359.2,72.96848634856009,10
4390,359.3,73.41820845902829,10
4391,359.2,73.2966574954138,10
4392,359.4,73.24418824119161,10
4393,359.4,73.27907083350757,10
4394,359.4,73.42297551402649,10
4395,359.0,73.11330628247882,10
4396,359.0,73.06313860095406,10
4397,358.7,73.03127184067566,10
4398,358.6,72.84870165852878,10
4399,358.2,72.80842442098762,10
4400,358.1,72.75140319379872,10
4401,358.3,72.652980362512,10
4402,358.5,72.63952092353033,10
4403,358.4,72.57210973308625,10
4404,358.2,72.87706543671108,10
4405,358.2,73.01415387900258,10
4406,358.3,73.25457892400539,10
4407,358.0,73.14673228821944,10
4408,358.0,72.97335891344945,10
4409,357.8,72.8999314128621,10
4410,357.7,72.89726408522552,10
4411,357.8,72.82826069291752,10
4412,358.0,72.6850129745542,10
4413,357.7,72.36028683684933,10
4414,357.7,72.17116999036233,10
4415,357.5,72.47106702371337,10
4416,357.0,72.31720250243214,10
4417,357.1,72.33632866301997,10
4418,357.1,72.414624060184,10
4419,356.8,72.47650960445353,10
4420,357.1,72.16870666862627,10
4421,357.2,71.90394827669603,10
4422,357.4,71.77155115751336,10
4423,357.1,71.92658293936486,10
4424,357.1,72.17948308056646,10
4425,357.1,72.31943030749066,10
4426,357.2,72.09993065183905,10
4427,357.4,71.98178782009917,10
4428,357.3,71.87033076621007,10
4429,357.4,71.57622199833935,10
4430,358.2,71.66558138713141,10
4431,358.2,72.02900650278175,10
4432,358.1,72.23949366132382,10
4433,358.3,72.28500689785,10
4434,358.6,72.43725254008159,10
4435,358.5,72.0744214144118,10
4436,358.5,71.99112599634918,10
4437,358.5,71.8489928793562,10
4438,358.6,72.07896903936528,10
4439,359.0,71.75421009715504,10
4440,359.1,71.18122411610148,10
4441,359.1,71.19371070849196,10
4442,358.8,70.95193991553563,10
4443,358.5,71.0840660376462,10
4444,358.9,71.50516686847804,10
4445,358.8,70.84693986961533,10
4446,358.9,70.81344818919952,10
4447,358.9,70.52099766105916,10
4448,358.9,70.20201010100938,10
4449,358.7,70.07781389284342,10
4450,358.5,70.32187900409563,10
4451,358.9,70.5902889134822,10
4452,359.4,70.44020316709927,10
4453,359.5,69.82875880004997,10
4454,359.4,69.73792209248694,10
4455,359.5,69.4794134178527,10
4456,359.5,69.37698946096369,10
4457,359.3,69.46469926836541,10
4458,359.1,69.48612971105977,10
4459,359.0,69.75353435888074,10
4460,358.6,69.41533612170217,10
4461,358.6,69.58480038373642,10
4462,358.5,69.47141698409338,10
4463,358.5,69.67902601692037,10
4464,358.7,69.65797393933687,10
4465,358.8,69.43070086224265,10
4466,359.0,69.41661664664065,10
4467,359.2,69.75799436464453,10
4468,359.0,70.29303742982736,10
4469,358.9,69.98007652976032,10
4470,358.9,69.91971586517401,10
4471,358.6,70.04474760227683,10
4472,358.3,70.21245536860884,10
4473,358.0,70.22661730268501,10
4474,357.7,70.28205081432006,10
4475,357.4,70.42600529791692,10
4476,357.3,70.5707682637318,10
4477,357.4,70.3044174366811,10
4478,357.7,70.29943891035768,10
4479,357.8,70.61601958636739,10
4480,357.5,70.67177654481314,10
4481,357.4,70.84913549225566,10
4482,357.7,71.12282021654902,10
4483,357.9,70.88872344111658,10
4484,358.1,70.8197241828386,10
4485,358.6,70.75811692739647,10
4486,358.5,70.8225481985316,10
4487,358.7,70.61955977080444,10
4488,358.6,70.79736341606703,10
4489,358.5,71.06374290420929,10
4490,358.5,71.39288791220345,10
4491,358.7,71.5604639448348,10
4492,358.5,71.4784349763386,10
4493,358.6,71.77000301890291,10
4494,358.5,71.46133375625047,10
4495,358.3,71.4843417197858,10
4496,358.3,71.3302958854869,10
4497,358.5,71.53748046381779,10
4498,358.7,71.42991903490675,10
4499,358.6,71.47991170796014,10
4500,358.6,71.6925534642352,10
4501,358.8,71.59733080065051,10
4502,358.7,71.5604639448348,10
4503,358.4,71.82416801544666,10
4504,358.7,71.68147133906595,10
4505,358.5,72.07287978151005,10
4506,358.3,72.26809654181974,10
4507,358.3,72.36335782393984,10
4508,358.1,72.234879232804,10
4509,358.4,72.17909823641621,10
4510,358.5,72.07750458129546,10
4511,358.3,71.82238895745222,10
4512,358.6,71.78857847875246,10
4513,358.5,71.86290961113234,10
4514,358.5,71.68798132648642,10
4515,358.4,71.71579711301797,10
4516,358.4,71.86437844223582,10
4517,358.4,71.86747062011668,10
4518,358.6,71.85819368728941,10
4519,358.7,71.692320989691,10
4520,358.7,71.53716982566941,10
4521,358.8,71.61129643972225,10
4522,358.9,72.2010310791258,10
4523,359.0,71.88880302244571,10
4524,358.9,71.66813951974909,10
4525,359.1,71.62161374582085,10
4526,359.1,70.98896627880514,10
4527,359.3,70.88496157703534,10
4528,359.3,70.92570447697756,10
4529,359.5,70.93071737030908,10
4530,359.3,71.27575557883152,10
4531,359.1,71.01556949790033,10
4532,359.0,70.7248188403477,10
4533,359.3,70.74217663851994,10
4534,359.1,70.77107067470752,10
4535,359.2,70.6977918875673,10
4536,359.2,70.69936350491425,10
4537,359.0,70.8143111713068,10
4538,359.3,70.58178864897722,10
4539,359.3,71.08375341806311,10
4540,359.4,71.09336584145294,10
4541,359.0,71.27411872482185,10
4542,359.1,71.45698006493137,10
4543,359.3,71.24613049921456,10
4544,359.1,71.1171959202242,10
4545,359.1,70.90596276446401,10
4546,359.1,70.98583583285394,10
4547,358.8,70.9863836708609,10
4548,358.2,70.75905909807199,10
4549,358.6,70.5599823633135,10
4550,358.4,70.30125650844846,10
4551,358.4,70.77538806361683,10
4552,358.3,70.75159990338655,10
4553,358.3,70.9867749811345,10
4554,358.4,70.98700976626326,10
4555,358.6,70.77381813448623,10
4556,358.2,70.63017925945128,10
4557,358.1,70.77735042606027,10
4558,358.4,71.0026603570442,10
4559,358.4,71.00422522639057,10
4560,358.5,70.73463712276248,10
4561,358.7,70.77515257646728,10
4562,358.6,71.04333575751885,10
4563,358.5,70.97299956086587,10
4564,358.6,70.95726413365537,10
4565,358.5,70.75191399060051,10
4566,358.2,70.97855701235098,10
4567,358.6,71.16678376258906,10
4568,358.5,71.14343883232584,10
4569,358.6,70.78323718696869,10
4570,358.2,70.66635220055818,10
4571,358.7,70.41630177420251,10
4572,358.6,70.2411718454513,10
4573,358.5,70.24283277000976,10
4574,358.5,70.10032493188285,10
4575,358.4,70.0003174595976,10
4576,358.1,69.82589459187442,10
4577,358.1,69.72397961485943,10
4578,358.2,69.53943725206102,10
4579,357.9,69.52129969377091,10
4580,357.8,69.88053297513471,10
4581,358.0,69.89039037426151,10
4582,357.8,70.17565263125255,10
4583,357.9,70.17193171062058,10
4584,358.0,70.05711955254797,10
4585,358.4,69.73473548622188,10
4586,358.0,70.00793605807209,10
4587,358.2,69.94728173576313,10
4588,357.9,69.78769391678036,10
4589,357.9,70.075276984429,10
4590,358.0,70.5297415594616,10
4591,358.2,70.43483986399534,10
4592,358.4,70.17470262771968,10
4593,358.7,70.2013770045384,10
4594,358.9,70.33799352649558,10
4595,359.1,70.29058732623214,10
4596,359.0,70.30884249746495,10
4597,358.8,70.32748790875127,10
4598,358.6,70.74555345273181,10
4599,358.7,71.10407083204792,10
4600,358.8,70.77162017519609,10
4601,358.6,71.07148201322072,10
4602,359.0,70.873909946546,10
4603,358.9,70.99679178980163,10
4604,359.4,71.0511552803096,10
4605,359.4,70.71256371159701,10
4606,359.6,70.45912920898816,10
4607,359.6,70.6496834938259,10
4608,359.8,70.62388642189931,10
4609,360.0,70.8143111713068,10
4610,359.8,71.17084296879509,10
4611,359.7,71.59771877185287,10
4612,359.8,71.55852305785959,10
4613,359.9,71.53623790313084,10
4614,360.0,71.62401831787993,10
4615,359.8,71.70278159798885,10
4616,360.1,71.75026132356594,10
4617,360.1,71.4942888161938,10
4618,360.2,71.39063119361126,10
4619,360.4,71.43170786764718,10
4620,360.4,71.38814093858073,10
4621,360.2,71.42175205542543,10
4622,360.2,71.20362038236227,10
4623,360.2,71.32211749832196,10
4624,360.3,71.20401049878518,10
4625,360.3,71.30069346709672,10
4626,360.6,70.94473592561717,10
4627,360.6,70.89146634116126,10
4628,360.2,71.02863272418149,10
4629,360.0,71.26476455210293,10
4630,359.7,71.3630000615009,10
4631,359.3,71.34431379662371,10
4632,359.1,71.38541712267134,10
4633,359.3,71.29290131407038,10
4634,359.6,71.69720279682387,10
4635,359.6,71.78857847875247,10
4636,359.7,72.35568011182289,10
4637,359.8,72.49337134448149,10
4638,359.8,72.29691863727281,10
4639,360.0,72.39398378932388,10
4640,360.4,72.40196436868578,10
4641,360.7,72.63615567409326,10
4642,360.8,72.74124613236212,10
4643,360.6,72.76934641576614,10
4644,360.9,72.76056624298631,10
4645,360.9,72.72390711909438,10
4646,360.9,72.7116833039154,10
4647,360.7,72.4661606851394,10
4648,360.9,72.62299911185161,10
4649,360.7,72.47842590883319,10
4650,360.7,72.69578927130358,10
4651,360.6,72.41424046568618,10
4652,360.5,72.42965936379623,10
4653,360.5,72.67622261326832,10
4654,360.7,72.97343504469433,10
4655,360.6,72.99041032902885,10
4656,360.9,73.32795434818081,10
4657,361.1,73.00448996846397,10
4658,361.0,73.22112627741623,10
4659,361.1,73.08206954437517,10
4660,361.2,73.47380485588045,10
4661,361.4,73.71597143390599,10
4662,361.3,73.54522418213163,10
4663,361.3,73.74136484286745,10
4664,361.5,73.5545904602682,10
4665,361.7,73.49232764188534,10
4666,361.8,73.28756147305398,10
4667,361.9,73.12006868462615,10
4668,361.7,73.40004541324662,10
4669,361.7,73.48930383244746,10
4670,361.8,73.44355353300625,10
4671,362.0,73.28331627624698,10
4672,362.1,73.10791110862536,10
4673,362.5,73.06503951959515,10
4674,362.6,73.42600205497898,10
4675,362.9,73.12006868462613,10
4676,362.6,73.16981769980175,10
4677,362.9,73.07902875958632,10
4678,363.4,73.12424738454102,10
4679,363.6,73.08929090122878,10
4680,363.7,73.32431762761625,10
4681,364.1,73.31886220854464,10
4682,364.3,73.18629197693605,10
4683,364.2,72.98675678961675,10
4684,364.2,73.12212007624262,10
4685,364.2,72.92583751852136,10
4686,363.9,73.08206954437519,10
4687,364.0,73.14977025862001,10
4688,363.9,73.4294067644413,10
4689,363.9,72.9862239665054,10
4690,363.8,73.16769171643391,10
4691,363.8,73.16769171643391,10
4692,364.1,73.46722625316225,10
4693,363.9,73.21422144790056,10
4694,364.2,73.2223402460691,10
4695,364.2,72.75957363505889,10
4696,364.2,73.19805704768096,10
4697,364.0,73.2120208708925,10
4698,364.0,72.94594650226365,10
4699,363.9,72.96947611463607,10
4700,364.2,72.64648037662329,10
4701,364.0,72.7644601894817,10
4702,364.0,72.68348429243667,10
4703,363.9,72.8277267102151,10
4704,364.1,72.60310675936059,10
4705,364.2,72.8694418501717,10
4706,364.5,73.04070402484113,10
4707,364.4,72.98127613755919,10
4708,364.2,72.8694418501717,10
4709,364.5,73.17293063543224,10
4710,364.5,73.17900427490571,10
4711,364.5,72.9158571383634,10
4712,364.6,73.20473573023355,10
4713,364.9,73.55640315053778,10
4714,365.3,73.24851155105095,10
4715,365.5,73.38218070106969,10
4716,365.5,73.19874012273405,10
4717,365.4,72.9142571030446,10
4718,365.6,72.46639067718067,10
4719,365.5,72.7801102255585,10
4720,365.6,72.82429387078035,10
4721,365.8,73.13883297461676,10
4722,365.8,73.30120508331814,10
4723,365.7,73.03127184067567,10
4724,365.8,73.24358144043902,10
4725,365.7,73.19388256162152,10
4726,365.8,72.90450374748234,10
4727,365.8,72.54699626219316,10
4728,366.1,72.11634119023695,10
4729,366.1,72.48363800043273,10
4730,366.2,72.59599009434183,10
4731,366.0,72.60853944268538,10
4732,365.8,72.57609033896004,10
4733,365.4,72.1421436394074,10
4734,365.2,72.40748886989827,10
4735,365.2,72.3276495462758,10
4736,365.3,72.70801575861877,10
4737,365.6,72.57364076118363,10
4738,365.8,72.33840228014746,10
4739,365.9,72.37625454679333,10
4740,365.8,72.7137462168529,10
4741,365.8,72.29691863727281,10
4742,365.8,72.23080290906981,10
4743,366.0,72.48601397664396,10
4744,366.6,72.64250362792663,10
4745,366.6,72.59507176416622,10
4746,366.6,72.28831164164785,10
4747,366.5,72.17609638161993,10
4748,366.4,72.46332405661042,10
4749,366.2,72.14306773503759,10
4750,366.2,71.79879293321488,10
4751,366.1,71.7688418930295,10
4752,365.7,71.67217033130781,10
4753,365.7,71.2570464351889,10
4754,365.6,71.55603864571226,10
4755,365.7,71.54804135839235,10
4756,365.7,71.76667440780264,10
4757,365.7,71.81774772915738,10
4758,366.1,71.83228924221876,10
4759,366.2,72.03826143870431,10
4760,366.2,72.41362671026313,10
4761,365.9,72.67958600750434,10
4762,366.1,72.62758888099388,10
4763,366.1,72.66429659743498,10
4764,366.2,72.58374473668329,10
4765,366.1,72.41769274301842,10
4766,366.5,72.5369637571846,10
4767,366.6,72.53075975826471,10
4768,366.7,72.80880593872024,10
4769,366.8,72.78705623636358,10
4770,366.9,73.05165600069887,10
4771,366.9,73.34765011762666,10
4772,367.2,73.817793699532,10
4773,367.3,73.85729483267039,10
4774,366.9,73.47327556480806,10
4775,367.0,73.99249211162501,10
4776,367.5,74.02289435633335,10
4777,367.5,74.02589636967143,10
4778,367.5,74.5076431575237,10
4779,367.5,74.40019414550535,10
4780,367.7,74.39242793008798,10
4781,367.4,74.3986260327135,10
4782,367.1,74.35717106566716,10
4783,367.0,74.26379407969344,10
4784,367.2,73.92158006969278,10
4785,367.0,74.10652992670603,10
4786,366.9,74.02169351690834,10
4787,367.0,74.0075071267173,10
4788,367.0,73.84217403805678,10
4789,367.0,73.84367873344941,10
4790,367.2,73.933603846815,10
4791,367.1,74.25100074147898,10
4792,367.1,74.28391481336993,10
4793,367.2,74.38309246357296,10
4794,367.4,74.49563745616248,10
4795,367.3,74.38346590472912,10
4796,367.3,74.47602149536304,10
4797,367.6,74.44341624497241,10
4798,368.0,74.52665444136227,10
4799,368.0,74.51174404078863,10
4800,368.0,75.07773749032843,10
4801,368.2,75.3684284034104,10
4802,368.1,75.63574992466636,10
4803,367.8,75.50246500758914,10
4804,367.8,75.88851472170653,10
4805,367.8,75.64801532242748,10
4806,367.7,75.2773390721124,10
4807,367.8,75.09223957536787,10
4808,368.1,75.05472077831688,10
4809,368.3,75.05264818778882,10
4810,368.1,74.91543380520613,10
4811,368.0,75.27283706623525,10
4812,368.1,75.00437024304354,10
4813,368.1,75.16419064658086,10
4814,368.2,75.24744366274363,10
4815,368.7,75.32750714933644,10
4816,368.3,75.10592519901475,10
4817,368.2,75.03451057865159,10
4818,368.4,74.84680650798967,10
4819,368.3,74.99933333037035,10
4820,368.1,74.56458796089319,10
4821,367.8,74.67678502869698,10
4822,367.7,74.84361473543797,10
4823,368.2,75.15731649162457,10
4824,368.5,75.16685144101459,10
4825,368.9,75.22329721864395,10
4826,369.1,75.16862525164487,10
4827,369.0,75.03776826816392,10
4828,368.6,75.11058513951279,10
4829,369.0,75.25512164187454,10
4830,368.8,75.16470803065314,10
4831,369.0,75.81556568409947,10
4832,369.0,75.67914728201774,10
4833,368.8,76.12679481555026,10
4834,369.3,75.7877885209015,10
4835,369.4,75.94179057380431,10
4836,369.5,75.97550774939104,10
4837,369.5,76.1989355422881,10
4838,369.2,75.8958350489523,10
4839,369.2,75.87240751565896,10
4840,369.1,75.49753491192794,10
4841,369.1,75.63721893941428,10
4842,368.9,75.57990620675724,10
4843,368.6,75.40733828127516,10
4844,368.5,75.65014503915009,10
4845,368.3,75.74232634399341,10
4846,368.4,75.80706504746844,10
4847,368.3,75.89912896587008,10
4848,368.2,76.00847905917398,10
4849,368.4,75.50158202904683,10
4850,368.4,75.60305696347352,10
4851,368.3,75.6836251187211,10
4852,368.6,75.89934855524857,10
4853,368.6,75.85834752279337,10
4854,368.5,76.07489000247644,10
4855,368.7,76.25840572975837,10
4856,368.9,76.22546964251661,10
4857,369.0,76.11686920635778,10
4858,369.0,75.923938546709,10
4859,369.0,75.82875444051551,10
4860,369.2,75.89144293733722,10
4861,369.0,76.03361829553498,10
4862,368.7,75.81270781779705,10
4863,368.9,76.08540522918236,10
4864,369.0,75.9722171440177,10
4865,369.0,75.825823804002,10
4866,369.0,75.63949585589087,10
4867,369.3,75.88741661171501,10
4868,369.5,76.13183010775161,10
4869,369.4,76.46669572798054,10
4870,369.6,76.48267777738957,10
4871,369.5,76.91878834199093,10
4872,369.7,77.06570068598757,10
4873,369.4,77.2157151535014,10
4874,369.3,77.1665586752304,10
4875,369.2,77.34166621772079,10
4876,369.4,77.08033327495268,10
4877,369.3,77.10750071599175,10
4878,369.3,76.71744695091637,10
4879,369.6,76.50156134935345,10
4880,369.5,76.57712161968192,10
4881,369.5,76.62933873886395,10
4882,369.7,76.79272245611703,10
4883,369.6,76.96492707720836,10
4884,369.7,77.33340517238042,10
4885,369.7,77.18959342640258,10
4886,369.8,77.51673654408089,10
4887,369.8,77.43068584941703,10
4888,369.6,77.68912407795574,10
4889,369.7,77.18239580514603,10
4890,369.9,77.10663611734941,10
4891,369.8,76.78223174088592,10
4892,370.0,76.85917858872376,10
4893,370.2,76.79525448301548,10
4894,370.4,76.56253798185,10
4895,371.0,76.71158104658427,10
4896,371.4,76.68434578770878,10
4897,371.6,76.70173111185663,10
4898,371.6,76.92593840831583,10
4899,371.6,76.54076618958612,10
4900,371.6,76.79293949026535,10
4901,371.6,76.80885365633314,10
4902,372.1,76.54693549276374,10
4903,372.6,76.39546234343155,10
4904,372.7,76.43886446043008,10
4905,372.9,76.22838491445734,10
4906,372.8,76.40651513814483,10
4907,372.9,76.87139332099498,10
4908,372.7,76.63339857906459,10
4909,372.8,76.38906262606505,10
4910,372.5,76.23975340988453,10
4911,372.7,76.43886446043007,10
4912,372.8,76.53728212809466,10
4913,372.9,76.77448939733968,10
4914,372.9,76.70209326420701,10
4915,372.9,76.97250591390842,10
4916,372.7,77.20686497974127,10
4917,372.9,77.43735819644446,10
4918,372.8,77.14171662884125,10
4919,373.1,77.31817380150672,10
4920,373.2,77.53106904116999,10
4921,373.0,77.2916554357584,10
4922,373.4,77.15381462449612,10
4923,373.4,77.35660569366036,10
4924,373.4,77.40829700002736,10
4925,373.3,77.59302660534502,10
4926,373.2,77.58121192946425,10
4927,373.0,77.63447115238894,10
4928,373.1,77.51766823691803,10
4929,372.9,77.70092234544795,10
4930,373.0,77.87882325196698,10
4931,372.9,77.6379775339077,10
4932,373.2,77.36034011185721,10
4933,373.5,77.43850606915285,10
4934,373.4,77.65049903252394,10
4935,373.4,77.65765326811717,10
4936,374.0,77.51988992080247,10
4937,373.8,77.62130291786312,10
4938,373.7,77.99437301640563,10
4939,373.8,78.11074758884907,10
4940,373.5,78.10996521998116,10
4941,373.6,78.08713082192224,10
4942,373.8,78.10221223214843,10
4943,373.6,78.11985094142916,10
4944,373.5,78.37268515100001,10
4945,373.1,78.22254576953289,10
4946,373.1,78.41832268885463,10
4947,373.4,78.26195329362366,10
4948,373.4,78.42788619702391,10
4949,373.6,78.31588458146774,10
4950,373.4,78.22787227069391,10
4951,373.6,78.1568224078288,10
4952,373.6,78.28892358153583,10
4953,373.8,78.52218370201719,10
4954,373.7,78.81631246836602,10
4955,374.2,78.6381304174734,10
4956,374.4,78.30879048144382,10
4957,374.0,78.3297871537741,10
4958,374.3,78.6144600778593,10
4959,374.5,78.64159204899148,10
4960,374.6,78.90810407612699,10
4961,374.6,78.9066959558355,10
4962,374.4,78.96581538868575,10
4963,374.6,78.67683550095572,10
4964,374.5,78.90254185456328,10
4965,374.2,79.1044316780742,10
4966,374.1,79.2428755998502,10
4967,374.3,79.52085680289584,10
4968,374.4,79.33361344488364,10
4969,374.6,79.10077960003514,10
4970,374.6,79.34201633154754,10
4971,374.8,79.32464938466478,10
4972,374.9,79.15027900561479,10
4973,375.3,78.84872999752261,10
4974,375.6,78.94189142794984,10
4975,375.3,79.0288976683002,10
4976,375.5,78.74466472226689,10
4977,375.8,79.19287285552349,10
4978,375.8,79.11707218490274,10
4979,376.0,79.34873800018639,10
4980,376.0,79.21840414673572,10
4981,376.1,79.00977436016663,10
4982,376.1,78.9154962954397,10
4983,375.9,78.97742293423693,10
4984,376.0,79.03023331471177,10
4985,376.0,78.9894507724502,10
4986,376.0,79.29410794980643,10
4987,375.7,79.5292399058359,10
4988,375.5,79.10787290501216,10
4989,375.6,79.12605976120214,10
4990,375.8,79.15077033386628,10
4991,375.6,79.62718687037041,10
4992,375.7,79.68556261261439,10
4993,376.1,79.33816511896683,10
4994,375.9,79.56052901896629,10
4995,376.3,79.43977453252103,10
4996,376.3,79.13567814554669,10
4997,376.2,78.86669484361289,10
4998,376.4,78.9841052927036,10
4999,376.3,78.97686018350214,10
5000,376.6,79.0979701944929,10
