t,Q_diff_mean,Q_diff_sd,n_runs
1,0.0,0.0,10
2,0.1,0.31622776601683794,10
3,0.1,0.31622776601683794,10
4,0.4,0.6992058987801011,10
5,0.3,0.6749485577105528,10
6,0.3,0.6749485577105528,10
7,0.3,0.6749485577105528,10
8,0.5,0.97182531580755,10
9,0.6,0.9660917830792959,10
10,0.7,1.3374935098492586,10
11,0.7,1.3374935098492586,10
12,1.0,1.699673171197595,10
13,1.2,1.8135294011647258,10
14,1.3,1.828782229912694,10
15,1.7,1.946506842754191,10
16,2.0,2.1081851067789197,10
17,1.8,1.7511900715418263,10
18,1.6,1.837873166945363,10
19,1.7,1.636391694484477,10
20,1.4,1.7126976771553508,10
21,1.7,1.8287822299126937,10
22,2.0,1.7638342073763937,10
23,2.0,1.5634719199411433,10
24,2.6,1.837873166945363,10
25,2.7,1.9465068427541912,10
26,3.0,2.260776661041756,10
27,3.2,1.8737959096740262,10
28,3.3,2.057506581601462,10
29,3.4,2.0655911179772892,10
30,3.1,2.0248456731316584,10
31,3.4,2.1705094128132942,10
32,3.5,2.1213203435596424,10
33,3.2,2.043961295567452,10
34,3.0,2.211083193570267,10
35,3.1,2.330951164939612,10
36,3.1,2.2335820757001272,10
37,3.4,2.118699810942761,10
38,3.4,2.0655911179772892,10
39,3.0,2.0548046676563256,10
40,3.4,2.2211108331943574,10
41,3.7,2.1108186931983415,10
42,3.6,2.3190036174568114,10
43,3.5,2.4608038433722332,10
44,3.8,2.485513584307633,10
45,3.7,2.7100635498903793,10
46,3.7,2.8693785622209793,10
47,3.6,2.9514591494904874,10
48,3.2,2.780887148615228,10
49,3.4,2.7162065049951147,10
50,3.2,2.6583202716502514,10
51,2.8,2.2997584414213783,10
52,2.9,2.1317702607092643,10
53,2.7,2.1628170930011112,10
54,2.7,2.1628170930011112,10
55,2.9,1.9692073983655907,10
56,2.9,2.2335820757001272,10
57,3.0,2.160246899469287,10
58,2.9,2.1317702607092643,10
59,2.8,2.043961295567452,10
60,3.1,2.0789954839350235,10
61,3.0,2.5385910352879693,10
62,3.1,2.4244128727957577,10
63,3.1,2.601281735350223,10
64,2.9,2.5144029554194813,10
65,2.6,2.9514591494904874,10
66,2.7,2.8303906287138374,10
67,2.4,2.836272984824353,10
68,2.5,2.8771127502720115,10
69,2.8,2.3475755815545343,10
70,3.0,2.788866755113585,10
71,3.1,2.8848262031225076,10
72,3.0,2.788866755113585,10
73,3.3,2.5407785333546005,10
74,3.6,2.6749870196985173,10
75,3.8,2.5298221281347035,10
76,3.4,2.412928142780514,10
77,3.2,2.573367875415838,10
78,3.4,2.412928142780514,10
79,3.3,2.7100635498903793,10
80,3.2,2.6997942308422114,10
81,3.1,2.7264140062238043,10
82,3.0,2.4037008503093262,10
83,3.2,2.6997942308422114,10
84,3.5,2.6770630673681683,10
85,3.6,2.7568097504180447,10
86,3.7,2.7507574714370344,10
87,3.8,2.6997942308422114,10
88,4.0,2.8284271247461903,10
89,4.3,2.7908580918579307,10
90,4.6,3.1340424729448424,10
91,4.7,3.497618237219913,10
92,4.3,4.056544780420346,10
93,4.4,3.8930136855083823,10
94,4.5,4.006938426723769,10
95,4.5,4.089281382128433,10
96,4.7,4.24394994210713,10
97,5.0,4.242640687119285,10
98,5.0,4.268749491621899,10
99,5.5,4.576510072581994,10
100,5.7,4.715223571935199,10
101,6.1,5.130518708885313,10
102,6.0,5.185449728701348,10
103,6.2,5.00666222813829,10
104,6.1,4.976611966656298,10
105,6.3,4.83160888777687,10
106,6.2,4.9396356140913875,10
107,6.4,4.5995168828427575,10
108,6.4,4.835057163858332,10
109,6.0,4.618802153517006,10
110,6.4,4.835057163858332,10
111,6.6,4.926120853842978,10
112,7.0,5.228129047119374,10
113,6.9,5.743595467030116,10
114,6.9,5.506561742341788,10
115,6.9,5.216427044549853,10
116,6.9,5.3218626647276635,10
117,6.7,5.3343748982946035,10
118,6.9,5.586690532964137,10
119,6.8,5.181162460726786,10
120,6.8,5.223876806442595,10
121,7.0,4.988876515698588,10
122,6.7,4.4484703987875305,10
123,7.1,4.840798832148815,10
124,7.2,5.00666222813829,10
125,7.3,4.854551129266914,10
126,7.3,5.1001089312985375,10
127,7.2,5.329165037789691,10
128,7.1,5.486346689738081,10
129,7.2,5.533734925185902,10
130,7.4,5.521674464226308,10
131,7.7,5.2925524193068805,10
132,7.8,5.202563470700445,10
133,8.0,4.944132324730441,10
134,8.1,5.130518708885313,10
135,8.3,5.143496432929215,10
136,8.5,5.104464277037851,10
137,8.4,5.316640543300503,10
138,8.5,5.50252467307306,10
139,8.8,5.613475849338902,10
140,9.2,5.593647190240809,10
141,9.0,5.41602560309064,10
142,8.9,5.043147165543886,10
143,9.1,5.23768396653839,10
144,9.0,5.033222956847166,10
145,9.1,5.021066730398145,10
146,9.4,5.125101625008686,10
147,9.7,4.785394445602159,10
148,9.3,4.667856991049414,10
149,9.5,4.648775226993784,10
150,9.6,4.718756898449704,10
151,9.6,4.903513479582211,10
152,9.7,5.012207320355197,10
153,9.5,5.317685377847939,10
154,9.8,5.493430419854044,10
155,9.7,5.696977756280567,10
156,9.8,5.788878225624642,10
157,10.0,5.94418483337567,10
158,10.0,5.773502691896258,10
159,10.2,5.692099788303083,10
160,10.2,5.692099788303083,10
161,10.2,6.088240030309799,10
162,10.1,6.081849134012524,10
163,10.1,6.00832755431992,10
164,9.6,6.040603354706291,10
165,9.5,6.096447052723961,10
166,9.5,6.398784606817489,10
167,9.9,6.332456079595025,10
168,10.0,6.091888960832355,10
169,9.8,6.613118276073197,10
170,9.9,6.118278625016462,10
171,9.9,5.971227307309239,10
172,10.0,5.94418483337567,10
173,10.2,5.692099788303083,10
174,10.3,5.831904586934796,10
175,10.3,5.638163609624049,10
176,10.3,6.000925854492047,10
177,10.4,5.758086101783783,10
178,10.7,6.129165250396392,10
179,10.7,6.447221623821123,10
180,10.7,6.254775952999614,10
181,10.9,6.279596590015423,10
182,11.4,6.275171533733383,10
183,11.6,6.168017869984202,10
184,11.7,6.3604681868204915,10
185,11.7,6.650814486462041,10
186,11.7,6.684143758012524,10
187,11.4,6.380525927469546,10
188,11.4,6.168017869984201,10
189,11.3,6.481597882552659,10
190,11.1,6.707375708046246,10
191,11.3,6.566751268490548,10
192,11.1,6.640783086353596,10
193,10.9,7.078135347674555,10
194,11.1,6.935416353759881,10
195,11.3,6.783149055645992,10
196,11.7,6.566751268490548,10
197,11.9,6.6907896893167,10
198,12.4,6.703233050799692,10
199,12.3,6.65081448646204,10
200,12.5,6.519202405202649,10
201,12.1,6.15449248742557,10
202,12.0,5.868938953886336,10
203,11.9,5.839520528262573,10
204,12.0,5.734883511361751,10
205,11.9,6.026792034094276,10
206,11.9,5.9338951044917465,10
207,11.7,6.019413038937712,10
208,11.7,6.056218108504496,10
209,11.6,6.29285308902091,10
210,11.6,5.891613625409521,10
211,11.8,6.4944420682440285,10
212,11.4,6.56928881657334,10
213,11.5,6.72061505121865,10
214,11.4,6.586180818788517,10
215,11.8,6.596295256514153,10
216,11.8,6.957010852370434,10
217,11.7,7.242620765686656,10
218,11.5,7.168604389202189,10
219,11.5,7.291547618075786,10
220,11.5,7.6194196337749736,10
221,11.7,7.717944458640957,10
222,11.8,7.941452428030194,10
223,11.9,8.020113604072092,10
224,12.3,8.340663442836346,10
225,12.3,8.069834088890689,10
226,12.5,8.003471469028646,10
227,12.6,7.834397090892047,10
228,12.9,7.992357460585567,10
229,12.8,8.20298048814508,10
230,13.1,8.279157230325103,10
231,13.1,8.5693251387337,10
232,12.9,8.517302650748325,10
233,13.4,8.369255907453448,10
234,12.9,8.17108723895827,10
235,13.0,8.110350040397625,10
236,12.8,7.786027371016765,10
237,12.8,7.786027371016765,10
238,13.0,7.888106377466155,10
239,13.3,7.888810641239485,10
240,13.5,8.168367169895232,10
241,13.3,8.192815280611558,10
242,13.4,8.275801404630785,10
243,13.5,8.356634091147782,10
244,13.5,8.22259758902934,10
245,14.0,8.563488385776752,10
246,13.8,8.403702887550358,10
247,14.3,8.654478609367523,10
248,14.3,8.628763269180327,10
249,14.7,8.781925883439362,10
250,14.9,9.097618736057623,10
251,15.0,8.981462390204987,10
252,14.7,9.28619046398109,10
253,14.7,9.405081368896049,10
254,14.9,9.338688939626971,10
255,15.0,9.428090415820634,10
256,15.0,9.392668535736915,10
257,14.8,9.342852288722586,10
258,14.6,9.276014469827246,10
259,14.9,9.048634028281716,10
260,14.8,8.978987817244336,10
261,14.6,8.859395514869448,10
262,14.8,8.854377448471462,10
263,14.8,9.342852288722588,10
264,14.8,9.566144004305555,10
265,14.6,9.593979593705859,10
266,14.9,9.386160024205854,10
267,14.9,9.538809615926345,10
268,15.1,9.433392225964575,10
269,15.1,9.338688939626971,10
270,15.1,9.314862675674112,10
271,15.1,9.230986464680312,10
272,14.9,9.397990328906614,10
273,14.8,9.670114327716664,10
274,14.6,9.406853293683753,10
275,14.2,9.235198367598224,10
276,14.3,9.080504146552412,10
277,14.9,8.974655672751153,10
278,14.9,8.608135686662937,10
279,15.0,9.018499505645789,10
280,14.9,9.09761873605762,10
281,15.3,8.857514073122072,10
282,15.5,8.695464973830388,10
283,15.5,8.809716857601675,10
284,15.7,8.957306142659931,10
285,15.6,9.020963240019203,10
286,15.6,9.252026804976301,10
287,16.0,9.545214042184236,10
288,16.2,9.402127418834528,10
289,16.2,9.235198367598224,10
290,16.2,9.50789145920377,10
291,16.0,9.404490653110589,10
292,16.4,9.406853293683753,10
293,16.3,9.238205693988657,10
294,16.3,9.499122766515512,10
295,16.4,9.489175119284312,10
296,16.2,9.223159256278006,10
297,16.4,9.299940262651631,10
298,16.5,9.536479667279979,10
299,16.6,9.80022675474626,10
300,17.0,9.786612170602131,10
301,16.9,9.960477453973335,10
302,17.0,9.786612170602131,10
303,17.0,9.910712498212337,10
304,17.1,9.893319856235205,10
305,17.5,9.991663191547907,10
306,17.5,9.68676072448026,10
307,17.3,9.967168326282268,10
308,17.5,10.080233683358294,10
309,17.6,10.232844722319944,10
310,17.7,10.382142788889434,10
311,17.9,10.300485425454472,10
312,17.8,10.591401124392267,10
313,17.8,10.336558636434297,10
314,17.9,10.126423082433622,10
315,18.1,9.768998583955948,10
316,18.3,10.033831659828552,10
317,18.6,10.024414640710393,10
318,19.1,10.13738953906116,10
319,19.1,10.082437976777024,10
320,19.1,9.949316001057001,10
321,19.0,10.066445913694333,10
322,19.3,10.143963722332607,10
323,19.4,9.720539536923292,10
324,19.5,10.058164179743075,10
325,19.7,10.285372569279582,10
326,19.6,10.232844722319944,10
327,19.6,10.30857248442609,10
328,19.7,10.985343771488344,10
329,19.9,10.52457441736561,10
330,19.8,10.517709932405543,10
331,19.5,10.168032695113096,10
332,19.4,9.868017925489282,10
333,19.5,9.68676072448026,10
334,19.6,9.935346552139544,10
335,19.6,10.112698288126007,10
336,19.6,9.890511727015049,10
337,19.3,9.741663102366044,10
338,19.4,10.123679612121716,10
339,19.1,10.027185270276222,10
340,19.0,10.143416036468626,10
341,19.0,10.066445913694333,10
342,19.0,10.077477638553983,10
343,19.5,10.024968827881711,10
344,19.2,10.195859726161181,10
345,19.5,10.200762498732903,10
346,19.4,10.72069649478677,10
347,19.3,10.499206319209721,10
348,19.4,10.658330075579382,10
349,19.1,10.836666154003884,10
350,19.2,10.962562555250381,10
351,19.2,10.860734577161692,10
352,19.1,10.54566788359614,10
353,19.1,10.429125882194857,10
354,19.2,10.368756488176928,10
355,19.1,10.1920448280891,10
356,19.1,10.52457441736561,10
357,19.2,10.685400216078843,10
358,19.4,10.72069649478677,10
359,19.4,11.197221877670273,10
360,19.5,11.452801695072985,10
361,19.4,11.276327219248099,10
362,19.7,11.557104597028905,10
363,19.9,11.19970237699794,10
364,20.3,11.205653335110215,10
365,20.5,11.587828863845797,10
366,20.7,11.614645926587688,10
367,20.7,11.614645926587688,10
368,20.5,11.645218379708949,10
369,20.6,11.529671865813587,10
370,20.7,11.795008360413409,10
371,20.7,11.605075517969617,10
372,20.6,11.682845924212511,10
373,21.0,11.88836966675134,10
374,21.2,11.554700823089757,10
375,21.2,11.792653080060767,10
376,21.4,12.103259432437566,10
377,21.5,11.95593762297397,10
378,21.1,12.077987323133677,10
379,21.2,12.08120670941258,10
380,21.0,12.128936932440167,10
381,21.3,12.12023102090055,10
382,21.5,12.545472844372542,10
383,21.2,12.488216668346027,10
384,21.3,12.46372514316825,10
385,21.4,12.420413304985736,10
386,21.4,12.212925757391451,10
387,21.7,12.490440789304078,10
388,21.7,12.693392857003293,10
389,21.9,12.73184982632139,10
390,22.1,13.101738646284911,10
391,21.9,13.261891938097587,10
392,22.0,13.021349989749739,10
393,21.9,12.982466808909795,10
394,21.4,12.877197762798481,10
395,21.5,12.972192481526697,10
396,21.4,12.553883861180172,10
397,21.6,12.571572870744712,10
398,21.5,12.518874638809281,10
399,21.8,12.682446311514369,10
400,21.9,12.359881337078711,10
401,21.8,12.452576707921404,10
402,21.8,12.461496254017367,10
403,21.9,12.278707858185513,10
404,22.1,12.591443302673623,10
405,22.3,13.123769783615275,10
406,22.0,13.333333333333334,10
407,22.0,13.349989596333858,10
408,22.1,13.10173864628491,10
409,22.6,13.116571367718183,10
410,22.7,12.95333504889335,10
411,22.9,12.982466808909795,10
412,22.9,13.186272323055436,10
413,23.2,12.479316220584096,10
414,22.9,12.775410408715295,10
415,23.1,12.792793110011417,10
416,23.1,12.723119813071706,10
417,23.2,12.6473536977328,10
418,23.3,12.858633070604528,10
419,23.3,12.944754407352296,10
420,23.5,12.9378857967169,10
421,23.7,13.391954466934408,10
422,23.6,13.091133555875816,10
423,23.8,12.942608358098111,10
424,23.9,13.20311411077789,10
425,23.9,12.792793110011417,10
426,24.0,13.241349377360804,10
427,24.0,13.408123574079177,10
428,24.3,13.333749993489787,10
429,24.4,13.01452180365371,10
430,24.4,12.598059815348993,10
431,24.6,12.285492799775406,10
432,24.5,12.313046378175919,10
433,24.8,12.86511216861754,10
434,24.9,12.95676571439716,10
435,24.9,13.067772062087196,10
436,24.9,13.453211099543815,10
437,24.7,13.333749993489787,10
438,24.6,13.656093471007326,10
439,24.9,13.682511140544015,10
440,25.0,14.189197769195175,10
441,25.0,14.445299120013633,10
442,25.5,14.630637564903163,10
443,25.8,14.823404916999783,10
444,25.9,14.417967186041789,10
445,26.1,14.715449175762338,10
446,26.1,14.745620818851043,10
447,26.0,14.742229591663987,10
448,26.0,14.757295747452437,10
449,25.7,15.055822055861904,10
450,26.1,15.161720805297062,10
451,25.8,14.95771818605142,10
452,25.7,14.765199325139877,10
453,25.9,14.700340132119393,10
454,25.9,14.768209099278085,10
455,25.8,15.009626540620152,10
456,25.9,15.387224137792582,10
457,25.8,15.039208016972761,10
458,25.7,15.136783747620305,10
459,25.9,15.17637052203926,10
460,25.9,15.730013774098653,10
461,26.2,15.760710643876436,10
462,26.1,16.17577063250946,10
463,25.8,16.040227208144184,10
464,25.9,15.898637258163562,10
465,26.3,16.09727375123571,10
466,26.1,15.76529239958601,10
467,26.3,15.63507452990089,10
468,26.3,15.239203828721935,10
469,25.9,14.969969939849578,10
470,25.9,15.021835958216144,10
471,26.1,14.790762883187151,10
472,26.2,14.860835926839528,10
473,26.1,14.647335745603856,10
474,25.7,14.267679091802796,10
475,25.5,14.393285471589406,10
476,25.5,14.362373681873681,10
477,25.4,14.59223537821856,10
478,25.6,14.65302395791091,10
479,25.3,14.484090889278791,10
480,25.0,14.674240468703426,10
481,25.1,15.11033494738691,10
482,24.8,15.404184135775868,10
483,24.9,15.884653670200752,10
484,25.1,15.609470060048661,10
485,25.1,15.659218087475221,10
486,25.3,15.563846996592241,10
487,25.1,15.687574701017361,10
488,25.5,15.785013990068766,10
489,25.7,15.684741346643593,10
490,25.6,16.112107248898266,10
491,25.9,16.59618430041476,10
492,25.9,16.576087194107863,10
493,26.1,16.373759494996865,10
494,26.5,16.514303564553433,10
495,26.5,15.987842603400596,10
496,26.3,15.734251385644844,10
497,26.3,16.076552974924557,10
498,26.4,16.39241016785241,10
499,26.1,16.312571838922274,10
500,25.9,15.940514420808382,10
501,25.7,16.069640112128628,10
502,25.8,16.198765385053267,10
503,25.9,16.26482229981147,10
504,25.7,16.275748830699005,10
505,25.6,16.09140557357664,10
506,25.2,16.047152741564815,10
507,25.3,15.76952053100467,10
508,25.2,16.143798258843,10
509,25.5,15.89723945288056,10
510,25.4,16.105209647122816,10
511,25.4,15.96663187191755,10
512,25.5,15.671984912930178,10
513,25.9,15.758242992866375,10
514,26.3,16.021166554835442,10
515,26.2,16.253546621515493,10
516,26.0,16.055459438389725,10
517,26.1,16.08622599203016,10
518,26.5,15.742723186708623,10
519,26.3,15.734251385644843,10
520,25.9,15.849640724985255,10
521,25.8,15.533476394190995,10
522,25.3,15.620855005764284,10
523,25.3,15.63507452990089,10
524,25.1,15.93354253698084,10
525,25.0,15.895492023421818,10
526,25.2,15.597720631197653,10
527,25.1,15.161720805297062,10
528,25.0,15.01110699893027,10
529,25.0,14.43760521847181,10
530,25.0,14.352700094407323,10
531,25.1,14.72299788313055,10
532,25.2,14.853357271075863,10
533,25.1,14.775730852388392,10
534,24.9,14.471811681103832,10
535,24.8,14.218923228492999,10
536,24.8,14.397530652472629,10
537,24.5,14.385563751360058,10
538,24.3,14.236494574781315,10
539,24.0,13.872434697789874,10
540,24.0,14.236104336041748,10
541,24.2,13.934768666101988,10
542,23.8,14.077562920398467,10
543,24.0,14.251705550954634,10
544,24.0,14.11067365901115,10
545,24.1,14.027354229029317,10
546,24.4,14.354248306492558,10
547,24.0,14.2828568570857,10
548,23.9,14.464131882387933,10
549,23.9,13.963842196504833,10
550,23.3,14.220876672460573,10
551,23.1,14.114216631152829,10
552,23.0,14.134276698076127,10
553,22.9,13.924000063838616,10
554,23.1,14.27857758244069,10
555,22.8,14.179797835888447,10
556,22.9,14.059002651523883,10
557,22.8,13.838753958037952,10
558,22.9,13.560154046978145,10
559,23.1,13.811830677599065,10
560,23.0,13.856406460551018,10
561,23.0,13.703203194062977,10
562,22.9,13.551957628164116,10
563,23.3,13.736002976767944,10
564,23.4,13.777598565142702,10
565,23.5,13.41847813858023,10
566,23.7,13.350405736655846,10
567,23.5,13.116994913300665,10
568,23.5,13.260216187277392,10
569,23.7,13.283657461541063,10
570,24.1,13.345411196362592,10
571,24.1,13.551957628164116,10
572,24.4,13.54990774876346,10
573,24.5,13.410195126594294,10
574,24.3,13.317073418902684,10
575,24.4,13.533497535949662,10
576,24.5,13.680886910820755,10
577,24.6,13.30162897292408,10
578,24.7,13.383655039719988,10
579,24.8,13.373273512661155,10
580,24.8,13.546627296530716,10
581,25.0,13.572848714334889,10
582,24.8,14.038043548396146,10
583,24.9,14.011503210655958,10
584,25.0,13.792107243718133,10
585,25.1,13.860014430006919,10
586,25.2,13.774372338997278,10
587,25.5,13.729530217745982,10
588,25.6,13.849989971917749,10
589,25.6,13.761459870877719,10
590,25.7,13.984515246037907,10
591,25.9,13.843971812870594,10
592,25.7,14.087425440993664,10
593,25.6,14.206414826486737,10
594,25.7,14.345343805182532,10
595,25.8,14.459137825841024,10
596,25.6,14.096492865642542,10
597,25.7,14.437990010924496,10
598,25.7,14.765199325139877,10
599,26.0,14.757295747452437,10
600,25.9,14.402546071210233,10
601,25.7,14.65188649211349,10
602,25.8,14.505171491574997,10
603,26.1,14.348441649802176,10
604,25.9,14.471811681103832,10
605,26.1,14.479487406519457,10
606,26.0,14.506703431325963,10
607,26.2,14.725639016506022,10
608,26.4,15.137884778117304,10
609,26.5,15.378556499229699,10
610,26.3,15.449199907366653,10
611,26.0,15.15842266786943,10
612,25.7,15.122095680750661,10
613,25.4,15.385418782441741,10
614,25.4,15.349267083479916,10
615,25.5,15.298874323150562,10
616,25.8,15.346371268515275,10
617,25.8,15.200877167672486,10
618,25.7,15.391556126655939,10
619,25.9,15.43768837042069,10
620,25.7,15.463577277661924,10
621,25.2,15.39696939877022,10
622,25.1,15.466451147923724,10
623,25.3,15.463577277661928,10
624,25.3,15.520953578952552,10
625,25.1,15.588100874990799,10
626,25.3,15.839823231336894,10
627,25.0,15.909466085042299,10
628,25.2,15.774804101618644,10
629,25.4,15.987495113369073,10
630,25.5,16.015617378046965,10
631,25.8,16.497811302647932,10
632,25.8,16.943041836301614,10
633,26.1,17.07792597347686,10
634,25.7,16.905291742199804,10
635,25.9,16.842076937110683,10
636,26.1,16.835478411180755,10
637,26.3,16.905291742199807,10
638,25.9,16.79583281650541,10
639,25.9,16.722905117100787,10
640,26.4,16.52741829674422,10
641,26.3,16.384613378275226,10
642,26.6,16.194649322126942,10
643,26.8,16.61859734688153,10
644,26.6,17.04373459335978,10
645,26.5,16.82095254272018,10
646,26.7,16.983979379272558,10
647,26.8,17.17103504289839,10
648,26.8,16.956152603438998,10
649,26.9,16.775974884737202,10
650,26.8,16.771669233826696,10
651,27.0,16.42491332633989,10
652,27.3,16.553280977229594,10
653,27.4,16.721243972862784,10
654,28.1,16.927623709323306,10
655,28.4,16.932545913450557,10
656,28.6,17.1671520966965,10
657,28.7,17.172652678022693,10
658,28.3,17.69525988004195,10
659,28.4,17.970345943618707,10
660,28.4,17.74636112935081,10
661,28.2,17.750117370503965,10
662,28.3,17.613441836657973,10
663,28.6,17.385817975196527,10
664,28.7,16.872396918570214,10
665,28.7,17.166181222909707,10
666,28.5,17.011434063267238,10
667,29.0,16.904963110807955,10
668,29.2,17.209816320280055,10
669,29.6,17.462340431148778,10
670,29.9,17.084430859053448,10
671,29.9,17.239811806139624,10
672,30.1,17.2848681414313,10
673,30.2,17.712519113139535,10
674,30.3,17.901272456324314,10
675,30.3,17.863992337163108,10
676,30.3,17.863992337163108,10
677,30.2,17.787636155487327,10
678,30.1,17.79169594064727,10
679,30.2,17.961687621774914,10
680,30.5,18.21629307332678,10
681,30.4,18.44029404441384,10
682,30.4,18.289037396453892,10
683,30.6,18.542443803938635,10
684,30.5,18.733511268431354,10
685,30.6,19.02162512043128,10
686,30.5,19.236828105370062,10
687,30.3,18.86236700122466,10
688,30.3,18.779717191102154,10
689,30.2,18.528056802829834,10
690,30.3,18.535551426020934,10
691,30.5,18.686001890898616,10
692,30.6,18.373894524569362,10
693,30.5,18.31362577123626,10
694,30.2,18.461972929360623,10
695,30.2,18.45595357119816,10
696,30.3,18.838789770046272,10
697,30.2,19.257321839872866,10
698,30.3,18.997368238785075,10
699,30.4,19.05080925665189,10
700,30.7,18.797458457047973,10
701,31.1,19.156954060833595,10
702,31.2,19.007600818853724,10
703,31.5,18.969273400247392,10
704,31.5,18.56669658884483,10
705,31.6,18.620180211563774,10
706,31.6,18.904438044485158,10
707,31.4,18.93380281108074,10
708,31.4,19.09159209937424,10
709,31.5,19.08606239583686,10
710,31.5,18.910608427840472,10
711,31.2,19.036806454865268,10
712,31.6,19.172897537930986,10
713,31.7,19.235672879083566,10
714,32.0,19.258475767539053,10
715,32.0,19.544820285692065,10
716,31.8,19.469634476966093,10
717,31.6,19.374668455944683,10
718,31.3,19.43107476869632,10
719,31.4,19.5630036321397,10
720,31.3,19.23567287908357,10
721,31.3,19.675421780033645,10
722,31.2,19.915376527252057,10
723,31.3,19.966917082458618,10
724,31.4,20.570745138559165,10
725,31.5,20.737780873457883,10
726,31.5,20.614180663912997,10
727,31.9,20.436622899969446,10
728,31.7,20.559128818551084,10
729,32.1,20.62064768893332,10
730,32.1,20.40942048281735,10
731,31.7,20.477901368168673,10
732,32.0,20.61822279225615,10
733,32.1,20.6852067376127,10
734,32.5,20.753848371379757,10
735,32.5,20.74849392124643,10
736,32.5,20.549398477273677,10
737,32.5,20.457272545478784,10
738,32.7,20.461617183834168,10
739,33.0,20.763215336529914,10
740,33.0,20.917828652982976,10
741,33.2,20.7300104518385,10
742,33.3,20.683058015895256,10
743,33.4,20.662365143742218,10
744,33.4,20.581545131500697,10
745,33.2,20.75143903979245,10
746,33.1,21.157872188751767,10
747,33.0,21.364560478616088,10
748,32.8,21.222629431811697,10
749,32.8,21.316660151158764,10
750,32.9,21.408461463221087,10
751,32.8,20.99100336387525,10
752,32.8,20.969819582755914,10
753,32.7,20.548317043819754,10
754,32.8,20.476544847431878,10
755,32.9,21.015602669339643,10
756,33.0,21.129231988987307,10
757,32.7,21.515110968805157,10
758,33.0,21.50452148838575,10
759,33.0,21.509687739868905,10
760,32.9,22.082924524517935,10
761,33.2,22.394443755340546,10
762,33.6,22.282030627590675,10
763,33.5,21.737065119284157,10
764,33.5,21.920310216782973,10
765,33.5,21.930445605241232,10
766,33.1,22.188335273792447,10
767,33.3,22.05573747476052,10
768,33.2,22.190087877248256,10
769,33.0,22.075627586397932,10
770,32.8,22.190087877248256,10
771,33.1,22.372850610604907,10
772,33.2,22.220111010823803,10
773,33.1,22.032551675494453,10
774,33.0,22.25109235770485,10
775,32.5,22.117112530044846,10
776,32.4,22.431129163632303,10
777,32.7,22.52430785716721,10
778,33.1,23.028726022561955,10
779,33.3,22.98332729030619,10
780,33.4,22.83369829392028,10
781,33.4,22.765470930043744,10
782,33.7,22.75009157490727,10
783,33.8,22.63134502803087,10
784,33.9,22.654163218073432,10
785,34.0,22.92984469589312,10
786,34.1,22.86409120578963,10
787,34.4,22.993718949119806,10
788,34.4,22.906573534929034,10
789,34.2,22.831751770043596,10
790,34.1,22.849507653339053,10
791,34.2,23.131508093219228,10
792,34.2,23.16031087874254,10
793,34.4,23.01303978182804,10
794,34.7,23.15191376778842,10
795,34.8,23.602259778814968,10
796,34.3,23.556315501368204,10
797,34.5,23.656100927902532,10
798,34.2,23.803827890115112,10
799,34.3,23.626961999659066,10
800,34.4,23.898860967743957,10
801,34.3,23.884211428379956,10
802,34.1,24.209502266672065,10
803,33.6,24.350222449360363,10
804,33.2,24.403096342700266,10
805,33.0,24.5085019262024,10
806,33.1,24.501473878569474,10
807,33.3,24.67139594303042,10
808,33.6,24.797849369115323,10
809,33.6,25.122809467803467,10
810,33.8,25.081201459791885,10
811,33.7,25.188401210786594,10
812,34.0,25.25866188063018,10
813,33.9,25.2650395254435,10
814,34.3,25.236877778362363,10
815,34.4,25.171412356083636,10
816,34.7,25.4473312287687,10
817,34.7,25.285261407476973,10
818,34.9,25.225428087987375,10
819,35.0,25.152865973217974,10
820,35.1,25.048619389765445,10
821,34.9,24.92856460635737,10
822,35.2,25.15198247101453,10
823,35.5,25.123030602749076,10
824,35.7,25.161920082184157,10
825,36.1,25.044183179155816,10
826,36.3,24.9846619615582,10
827,36.3,24.720886355918193,10
828,36.0,24.886408606573454,10
829,36.1,24.825837794971235,10
830,36.0,24.70267641819854,10
831,36.1,25.132758614118657,10
832,35.9,24.848205837310132,10
833,35.8,24.98799711861677,10
834,35.6,25.639379434334554,10
835,35.5,25.40013123325678,10
836,35.5,25.20251310220206,10
837,35.7,25.236877778362363,10
838,35.7,25.263280335960598,10
839,35.9,25.396631447672128,10
840,36.3,25.577985325926928,10
841,36.2,25.862027075317286,10
842,35.9,25.967714998093733,10
843,36.0,25.48637980482037,10
844,36.2,25.960653989365436,10
845,36.4,25.988031433292093,10
846,36.7,25.961723962616798,10
847,36.4,25.87233614843812,10
848,36.5,25.790825242063633,10
849,36.6,25.79060983295191,10
850,36.8,25.226969695149673,10
851,36.6,25.122809467803467,10
852,36.3,24.59019678200599,10
853,36.6,24.40946992915295,10
854,36.7,24.467892793981623,10
855,36.7,24.467892793981623,10
856,36.8,24.38487691628199,10
857,37.4,24.185395041911832,10
858,37.5,24.26359870716259,10
859,37.7,24.413338794829173,10
860,37.8,24.086879785015277,10
861,38.1,24.39239407866495,10
862,38.2,24.44858550782301,10
863,38.5,24.53229164455154,10
864,38.5,24.78462785231559,10
865,38.3,24.891096132285266,10
866,38.2,24.979102376898084,10
867,38.6,24.833668901535898,10
868,39.2,24.71077138055836,10
869,39.0,24.75659283683619,10
870,38.8,24.503061033266842,10
871,39.0,24.60352278299458,10
872,38.7,24.248940412131645,10
873,38.9,24.158964289794287,10
874,38.5,24.084342539408368,10
875,38.5,24.13503677229434,10
876,38.6,23.977767480174908,10
877,38.6,23.815027935225178,10
878,38.6,23.702789334215968,10
879,38.9,23.8161943036899,10
880,38.9,24.02521823233061,10
881,39.2,24.049948024891865,10
882,39.2,24.321001441369784,10
883,39.3,24.111085509459013,10
884,39.2,24.049948024891865,10
885,39.0,24.312776705080626,10
886,38.9,24.369607665651447,10
887,38.9,24.83478742946407,10
888,39.0,24.859605789312106,10
889,39.1,25.30897952198872,10
890,39.1,24.946386957277447,10
891,39.0,25.02887221679084,10
892,39.0,24.94883653488564,10
893,39.2,25.26218078032413,10
894,39.2,25.332456125163493,10
895,39.6,25.250742563338605,10
896,39.8,24.98799711861677,10
897,40.4,24.94527343339148,10
898,40.4,25.1581663348769,10
899,40.4,25.060814919799483,10
900,40.4,24.954180233201633,10
901,40.0,25.152865973217974,10
902,40.2,24.956851653292418,10
903,40.4,24.976433336692057,10
904,40.8,25.279767931424267,10
905,41.3,25.690681406126835,10
906,41.4,25.591665309888164,10
907,41.5,25.171633064048727,10
908,41.9,24.839261037496446,10
909,42.2,24.307292001464177,10
910,42.4,24.22212028520854,10
911,42.2,24.128360445288813,10
912,42.3,24.21225584974133,10
913,42.3,24.147923766283142,10
914,42.3,24.19389270961671,10
915,42.4,24.45040331410143,10
916,42.3,24.499659861584473,10
917,42.7,24.734366555238257,10
918,42.3,25.228070785447617,10
919,42.3,25.197222069109127,10
920,42.5,25.206921448064396,10
921,42.6,25.49161082046841,10
922,42.4,25.66969679083361,10
923,42.4,25.299099676558537,10
924,42.7,25.100022133677715,10
925,42.9,25.27822954419255,10
926,43.0,25.236657640996935,10
927,42.7,25.108874039979483,10
928,42.5,25.522321385189258,10
929,42.9,25.562342094051818,10
930,43.2,25.85773041514321,10
931,43.4,25.915246477701114,10
932,43.7,25.96600341472159,10
933,44.0,26.115129714401192,10
934,44.2,26.38518102605661,10
935,44.4,26.525459468216567,10
936,44.8,26.364117028011133,10
937,44.3,26.6877000382823,10
938,44.9,26.459402865522115,10
939,45.1,26.818111624629932,10
940,45.1,26.880186837975,10
941,45.2,26.860958864327817,10
942,45.3,26.965203915828674,10
943,45.1,27.0983804354102,10
944,45.5,26.771668274917463,10
945,45.4,26.391075932763503,10
946,45.7,26.575050956363814,10
947,46.1,26.252830535222508,10
948,46.7,26.327214478980153,10
949,46.9,26.24436447442892,10
950,47.2,26.678330782365926,10
951,47.3,26.524831133612647,10
952,47.6,26.43314417754935,10
953,47.8,26.678330782365926,10
954,47.9,26.851236263697224,10
955,47.6,26.667499986979575,10
956,47.5,27.101660465735304,10
957,47.4,26.821218797395797,10
958,47.2,27.11211291409555,10
959,47.8,26.993003208650613,10
960,47.9,26.838819314981464,10
961,48.0,27.01439945247308,10
962,48.0,26.956755492207638,10
963,47.6,26.912202932251137,10
964,47.5,26.80485030736042,10
965,47.5,26.91240936404204,10
966,47.3,27.248037645958206,10
967,47.2,27.304049353733433,10
968,47.3,26.612653631934815,10
969,47.3,26.903324866805754,10
970,47.4,26.3784423767254,10
971,47.3,26.537394999007216,10
972,47.4,26.42473588641269,10
973,47.2,25.926391530210637,10
974,47.2,26.05037854278172,10
975,47.0,26.679163738351654,10
976,47.4,26.75070092539633,10
977,47.8,26.972413891068616,10
978,47.6,27.064531935521973,10
979,47.6,27.256803432048542,10
980,48.1,27.143446108898306,10
981,48.0,27.145697428669777,10
982,47.9,27.481104619558348,10
983,48.2,27.095715118405302,10
984,48.3,27.21947831976212,10
985,48.4,27.484136838870853,10
986,48.5,27.39119891092352,10
987,48.8,27.38125879745731,10
988,48.8,27.6598385148335,10
989,48.5,27.39525506360545,10
990,49.1,27.52150674169809,10
991,49.1,27.626275737259828,10
992,48.9,28.013687130877052,10
993,48.7,27.940611621397583,10
994,48.4,27.689548770449676,10
995,48.5,27.45197827317935,10
996,48.3,27.471399268653528,10
997,48.1,27.36360112753193,10
998,48.3,27.47948729911499,10
999,48.5,27.39525506360545,10
1000,48.5,27.427682690628057,10
1001,48.5,27.781888584711684,10
1002,48.5,27.893647225767296,10
1003,48.8,27.816062505921526,10
1004,48.5,27.476252372629794,10
1005,48.8,27.575351312358652,10
1006,48.6,27.893448055850758,10
1007,48.8,27.95949451140584,10
1008,49.1,27.977967522081848,10
1009,49.4,28.300765596240208,10
1010,49.3,28.782903876356112,10
1011,49.2,28.928263764775867,10
1012,49.4,28.922117641847887,10
1013,49.7,29.02891279014386,10
1014,50.1,28.972975914347032,10
1015,50.2,28.928263764775867,10
1016,50.2,29.287084753067067,10
1017,49.7,29.124445631347786,10
1018,49.6,28.81820412324281,10
1019,49.7,28.44116734594415,10
1020,49.7,28.507503885429493,10
1021,49.8,28.56493577019832,10
1022,49.8,28.797376423710702,10
1023,50.0,28.631761695323217,10
1024,49.8,28.924422590990858,10
1025,49.9,28.765140940613055,10
1026,50.0,28.821288428289716,10
1027,50.1,28.438823229287575,10
1028,50.0,27.972208429876332,10
1029,49.4,28.111682031971455,10
1030,49.5,28.178991386413312,10
1031,49.5,28.02082558859868,10
1032,49.5,27.725840333923554,10
1033,49.3,27.604548739494206,10
1034,49.6,27.781688613585427,10
1035,49.6,27.82564764145961,10
1036,49.9,27.598107825638255,10
1037,49.8,27.695968419007606,10
1038,49.8,27.551164524692357,10
1039,49.9,27.517469198876398,10
1040,50.1,27.56184963959341,10
1041,50.1,27.58602705880078,10
1042,49.9,27.541685577401477,10
1043,50.4,27.49626237226515,10
1044,50.1,27.890460336426464,10
1045,50.0,27.80887148615228,10
1046,49.7,27.825048667223086,10
1047,49.4,28.008728798160206,10
1048,49.6,28.371347048269197,10
1049,49.4,28.22213473302275,10
1050,49.5,28.135584428106537,10
1051,49.7,27.781088691570183,10
1052,49.8,27.691956313060377,10
1053,50.0,28.039654459750786,10
1054,50.2,28.3384309139844,10
1055,50.3,28.64359536712449,10
1056,50.7,28.64747419542913,10
1057,50.5,29.090853850957654,10
1058,50.5,28.679260799399973,10
1059,50.6,28.640297950033037,10
1060,50.8,28.533800619226625,10
1061,50.5,28.67151121855204,10
1062,50.6,28.975852015083177,10
1063,51.2,28.924422590990854,10
1064,51.3,28.79448249616968,10
1065,51.5,28.895405247970558,10
1066,51.8,28.966647487527215,10
1067,52.0,28.86366420105235,10
1068,52.3,28.860006930006097,10
1069,52.4,28.8451806103627,10
1070,52.3,28.721072403376585,10
1071,52.5,28.687008286756647,10
1072,52.9,28.571353174503695,10
1073,53.2,28.23630444815484,10
1074,53.2,28.240239218376164,10
1075,53.2,28.731709157498987,10
1076,53.2,28.978152690144576,10
1077,53.1,29.156474409640133,10
1078,53.1,29.01513015269409,10
1079,53.3,29.128260427899836,10
1080,53.3,29.128260427899836,10
1081,53.1,28.992144529931625,10
1082,53.3,28.906170044934466,10
1083,53.1,28.753550505401357,10
1084,53.5,28.690881245905757,10
1085,53.3,28.998275810813304,10
1086,53.4,29.071559221265645,10
1087,53.6,28.952835209468983,10
1088,53.5,29.182376721424028,10
1089,53.3,29.348670232984055,10
1090,53.4,29.57927202169339,10
1091,53.6,29.262034561299163,10
1092,53.6,28.899058039243346,10
1093,53.8,29.173046921202225,10
1094,53.6,28.99501872927678,10
1095,53.9,29.31609341868956,10
1096,53.9,29.388017210345367,10
1097,54.1,29.501224080065256,10
1098,54.0,29.454296045832695,10
1099,54.0,29.473151624260794,10
1100,54.2,29.38555956777259,10
1101,54.4,29.44750508201935,10
1102,54.8,29.34393747721438,10
1103,55.2,29.622814030930808,10
1104,55.2,29.604053776467847,10
1105,55.2,29.802311618023488,10
1106,55.2,29.906521028029992,10
1107,55.0,29.940682097180826,10
1108,55.3,29.765938774228356,10
1109,55.2,29.70147770360555,10
1110,55.3,29.85167034224755,10
1111,55.5,30.041637771599603,10
1112,55.5,29.974989574643725,10
1113,55.9,30.0053698897751,10
1114,56.1,30.057167753022462,10
1115,56.1,30.20099336114625,10
1116,56.2,30.31977719062079,10
1117,56.6,30.207431021006887,10
1118,56.9,30.186273554566338,10
1119,57.5,30.376343134456164,10
1120,57.5,30.489524612743818,10
1121,57.8,30.5534140663709,10
1122,58.0,30.33882734128734,10
1123,58.4,30.551232017347154,10
1124,58.8,30.57159175153008,10
1125,58.8,30.65507027121832,10
1126,59.1,30.355120380807804,10
1127,59.1,30.347798748655375,10
1128,59.4,30.174308424368053,10
1129,59.2,30.31611232771555,10
1130,59.4,30.350544567693596,10
1131,59.3,30.331684936895794,10
1132,59.2,30.429517833109937,10
1133,59.4,30.72892231541267,10
1134,59.9,30.635672743461082,10
1135,60.2,30.684053042437387,10
1136,59.9,30.686406690187034,10
1137,60.2,30.687673964204805,10
1138,60.2,30.297781363584292,10
1139,60.3,30.375611562201968,10
1140,60.7,30.19952170335006,10
1141,60.9,30.2634726655382,10
1142,60.7,30.30236514421495,10
1143,60.9,30.37341673971574,10
1144,60.8,30.051067646036582,10
1145,60.9,30.016476956646475,10
1146,60.8,29.828398102032455,10
1147,61.0,30.051807118892388,10
1148,61.5,30.192898355592018,10
1149,61.4,30.225816779700097,10
1150,61.4,30.612996513826534,10
1151,61.1,30.6392993827644,10
1152,61.1,30.7731845750304,10
1153,61.0,30.81846488353659,10
1154,60.9,31.157128665309756,10
1155,60.5,30.988349065056337,10
1156,60.7,30.47056867791534,10
1157,60.6,30.463821894904196,10
1158,60.5,30.587760805771826,10
1159,60.8,30.45506708433116,10
1160,60.5,30.565957825296067,10
1161,60.8,30.531586558477073,10
1162,60.5,30.660325431338062,10
1163,60.6,30.858818296666296,10
1164,60.2,30.763614872118,10
1165,60.1,30.9711335135011,10
1166,60.0,31.191166840772226,10
1167,60.2,31.129835635073096,10
1168,60.7,30.92661564988247,10
1169,60.4,30.88401240483856,10
1170,60.8,30.629687849825988,10
1171,60.8,31.1012682842499,10
1172,60.5,31.031346159076705,10
1173,60.5,31.41213495167468,10
1174,60.5,31.41213495167468,10
1175,60.4,31.426103799230347,10
1176,60.7,31.169964174933963,10
1177,60.5,31.475740217224793,10
1178,60.7,31.383116480043853,10
1179,60.8,31.318436174950442,10
1180,61.0,31.322693228889356,10
1181,61.0,31.83987716335881,10
1182,61.1,31.684030327244955,10
1183,61.2,31.90889809720445,10
1184,61.2,31.70278641802115,10
1185,61.3,31.777175596470006,10
1186,61.1,31.96334706434161,10
1187,61.4,31.72871114796677,10
1188,61.5,31.756889016400834,10
1189,61.6,31.851042194705165,10
1190,61.7,31.78416796666751,10
1191,61.5,32.02863302317683,10
1192,61.5,32.011282733158666,10
1193,61.5,32.225766088644036,10
1194,61.8,32.22766237601204,10
1195,61.9,32.15396986031084,10
1196,61.8,32.16899818838697,10
1197,61.8,32.53989004966741,10
1198,61.8,32.62514367784455,10
1199,61.5,32.578963901402524,10
1200,61.5,32.88109892729662,10
1201,61.7,33.153012264683014,10
1202,61.6,33.11662892130041,10
1203,61.5,32.992423372647245,10
1204,61.8,33.03802523019666,10
1205,62.1,33.05029836812706,10
1206,62.0,32.77193921634788,10
1207,61.9,32.29533850091819,10
1208,62.0,32.25247621845836,10
1209,62.1,32.31941281094761,10
1210,61.8,32.33092774556414,10
1211,61.8,32.662584778985945,10
1212,61.9,32.5660013579261,10
1213,61.9,32.69539553039371,10
1214,62.2,32.59788677540651,10
1215,62.1,32.06746360756058,10
1216,62.3,32.472381427230665,10
1217,62.0,32.34535858855521,10
1218,62.3,32.540743691563044,10
1219,62.3,32.68383902379482,10
1220,62.7,32.81615455838785,10
1221,62.7,32.70423010356102,10
1222,62.7,32.63621029197817,10
1223,62.5,32.66751699573548,10
1224,62.4,32.78956473568315,10
1225,62.2,32.39958847475278,10
1226,62.3,32.32147548887238,10
1227,62.3,31.99670121885831,10
1228,62.4,32.000694436909406,10
1229,62.4,32.06313216834008,10
1230,62.5,32.48332905763611,10
1231,62.5,32.78973416584323,10
1232,62.8,32.77465145165968,10
1233,63.0,32.88025412175385,10
1234,62.8,32.5330601081423,10
1235,63.0,32.50982757396429,10
1236,62.9,32.76329246784171,10
1237,62.7,32.772108737631015,10
1238,63.0,32.38312317653544,10
1239,62.7,32.58851194993584,10
1240,62.7,32.7008324732635,10
1241,63.0,32.85659074760429,10
1242,63.0,32.80582604084558,10
1243,62.9,32.790411877729,10
1244,62.7,32.544158035233025,10
1245,62.6,32.73869609838214,10
1246,63.1,32.46006092963406,10
1247,62.8,32.24834190397323,10
1248,62.8,32.03400970496478,10
1249,62.6,32.087380697090246,10
1250,62.9,32.24369016653577,10
1251,62.9,32.552350998899534,10
1252,62.9,32.647783657972525,10
1253,63.0,32.80582604084558,10
1254,63.3,32.91082226596932,10
1255,63.2,32.94709563999702,10
1256,63.4,32.72851288334922,10
1257,63.4,32.47289467985398,10
1258,63.4,32.38380939777023,10
1259,63.2,32.1966181798993,10
1260,63.2,32.75430421249159,10
1261,63.1,32.942542572046726,10
1262,63.1,32.98299225021553,10
1263,63.0,33.406586176980134,10
1264,62.9,33.53422795360651,10
1265,63.4,33.60952246016001,10
1266,63.7,33.89870531778791,10
1267,63.8,34.20136449519717,10
1268,64.0,33.98365620248782,10
1269,64.3,33.6387673178829,10
1270,64.4,33.77112507585273,10
1271,64.6,33.787571679539205,10
1272,64.5,34.02041870537294,10
1273,64.4,34.27081686929696,10
1274,64.5,34.25800798515744,10
1275,64.7,34.44496415378532,10
1276,64.1,34.19372911969549,10
1277,64.1,34.2845932356406,10
1278,64.2,34.093987739776054,10
1279,64.2,33.9960782051891,10
1280,64.1,33.771947596258705,10
1281,64.4,33.41057716751788,10
1282,64.3,33.4798446830328,10
1283,64.1,33.41473394244588,10
1284,64.4,33.35066216234195,10
1285,64.5,32.941867989940505,10
1286,64.7,32.883802159185365,10
1287,64.4,32.68094925861923,10
1288,64.5,32.75583069385425,10
1289,65.0,32.70406023042943,10
1290,64.8,32.990907838372685,10
1291,64.8,32.5125616749383,10
1292,64.9,32.05706717021312,10
1293,64.9,32.62054567293441,10
1294,64.9,32.453214187675016,10
1295,65.0,32.67006785014891,10
1296,65.0,32.68366904468074,10
1297,64.7,32.602147168553174,10
1298,64.9,32.39152838492051,10
1299,64.8,32.28277834663209,10
1300,64.8,32.37214165846238,10
1301,64.9,32.212661416833534,10
1302,64.9,32.13668723852331,10
1303,64.8,31.61153094819814,10
1304,64.9,31.893747210246577,10
1305,65.1,31.914643103823746,10
1306,65.3,32.29396228399359,10
1307,65.2,32.2586766967001,10
1308,65.3,32.27331198787423,10
1309,65.5,32.16709844269797,10
1310,65.7,32.47922412866416,10
1311,66.1,32.06746360756058,10
1312,66.1,32.15051407918006,10
1313,66.0,32.0624390837628,10
1314,66.1,32.32628789219215,10
1315,66.0,32.4037034920393,10
1316,66.0,32.38655413730965,10
1317,66.3,32.56804841831604,10
1318,66.2,32.509144012791914,10
1319,66.5,32.81344575356606,10
1320,66.5,32.81344575356606,10
1321,66.2,33.04138818714088,10
1322,66.3,32.843230318861416,10
1323,66.7,33.18985788861812,10
1324,66.8,33.0783581481575,10
1325,66.6,33.26392774296038,10
1326,66.4,33.60290992690299,10
1327,66.3,33.78707839791222,10
1328,66.7,33.862630993143135,10
1329,67.0,33.48299734359382,10
1330,67.3,33.572640977769716,10
1331,67.3,33.42337837834802,10
1332,67.5,33.536878540231235,10
1333,67.4,33.19370756969191,10
1334,67.2,33.15217438821573,10
1335,67.1,32.90542001960569,10
1336,67.1,32.79718822636409,10
1337,67.1,33.06710349173833,10
1338,67.1,32.99983164940223,10
1339,67.4,33.002356818196425,10
1340,67.5,32.81344575356606,10
1341,67.6,33.039370454050726,10
1342,67.5,32.8709598277872,10
1343,67.6,32.7217223127254,10
1344,68.2,32.69318651408034,10
1345,68.3,32.5236665966322,10
1346,68.4,32.75226879333874,10
1347,68.3,32.73139844926343,10
1348,68.3,32.91082226596932,10
1349,68.1,32.98636081776831,10
1350,68.2,32.89647059758505,10
1351,68.2,32.75091177696008,10
1352,67.8,32.716968074685646,10
1353,67.8,32.60811078380483,10
1354,68.0,32.75837467138916,10
1355,68.4,32.81327644583989,10
1356,68.4,32.945072131925556,10
1357,68.4,32.67754920770868,10
1358,68.5,32.578963901402524,10
1359,68.7,32.62258931068062,10
1360,68.8,32.77465145165968,10
1361,69.0,32.7414110874898,10
1362,68.8,32.59447805994138,10
1363,68.9,32.630762581752,10
1364,69.2,32.652377827315696,10
1365,69.4,32.87417088096841,10
1366,69.7,32.598738898579775,10
1367,70.0,32.92752985303061,10
1368,70.1,33.104044734409385,10
1369,70.0,33.209770985191824,10
1370,70.2,33.445810234201566,10
1371,70.1,33.234687367936,10
1372,69.9,33.1811526154365,10
1373,69.8,33.205755859823796,10
1374,69.8,32.90997822343045,10
1375,69.5,32.653909073459765,10
1376,69.8,32.5125616749383,10
1377,70.0,32.64965543462902,10
1378,70.1,32.67839925360142,10
1379,70.2,32.457835896915725,10
1380,70.2,32.56037127825446,10
1381,70.1,32.69539553039371,10
1382,70.3,32.73139844926342,10
1383,70.4,32.77939732345439,10
1384,70.6,33.00572340939943,10
1385,70.8,32.61151807431097,10
1386,70.4,32.53442621115192,10
1387,70.5,32.0840909001469,10
1388,70.7,32.36613456479885,10
1389,70.9,32.18160274994948,10
1390,71.0,32.255921075741185,10
1391,71.1,32.644380152723926,10
1392,71.3,32.523666596632204,10
1393,71.8,32.48521031006093,10
1394,71.9,32.40524648880177,10
1395,71.9,32.48401316203266,10
1396,71.8,32.689787735961545,10
1397,71.7,32.47922412866416,10
1398,71.7,32.86014134006257,10
1399,72.1,32.94254257204673,10
1400,72.3,32.527082732872174,10
1401,72.3,32.50999846201165,10
1402,72.0,32.26969682741586,10
1403,71.8,32.2586766967001,10
1404,71.5,32.18436473403403,10
1405,71.8,32.31373976774861,10
1406,71.8,32.51939592168205,10
1407,71.9,32.480592495964245,10
1408,72.2,32.71696807468565,10
1409,72.2,32.876198752964804,10
1410,72.5,32.7626141949767,10
1411,72.3,32.468959535737106,10
1412,72.4,32.776007485150885,10
1413,72.6,32.48315802928582,10
1414,72.1,32.34003367001614,10
1415,72.1,32.22645566059731,10
1416,72.2,31.926304028009397,10
1417,72.6,31.917254128623146,10
1418,73.0,32.05204101665498,10
1419,73.2,32.49546976973184,10
1420,73.2,32.72036402948816,10
1421,73.4,32.84035457921989,10
1422,73.5,33.07986967594911,10
1423,73.6,33.15016339829011,10
1424,73.5,33.22733145402374,10
1425,73.3,33.173114951049676,10
1426,73.5,33.13021447426972,10
1427,73.6,33.60952246016001,10
1428,73.6,33.39061744462557,10
1429,73.5,33.36748250750855,10
1430,73.6,33.58637289801393,10
1431,73.8,33.65115154047481,10
1432,74.0,33.23318288163871,10
1433,74.0,33.12266763277244,10
1434,74.0,33.038697848970315,10
1435,74.3,33.37347582870099,10
1436,74.3,33.42670256612884,10
1437,74.2,33.479014986173716,10
1438,74.2,33.34599759424743,10
1439,73.9,33.603736564720165,10
1440,73.7,33.83637096380166,10
1441,73.5,33.96812231097464,10
1442,73.4,33.67557637880077,10
1443,73.4,33.50688154858806,10
1444,73.6,33.21378562518214,10
1445,73.5,33.01262384805748,10
1446,73.5,32.77956680616753,10
1447,73.8,33.038025230196666,10
1448,73.9,33.023392382437706,10
1449,73.7,33.10605852576098,10
1450,73.6,33.29397676590901,10
1451,73.5,33.2540724323102,10
1452,73.4,33.35399359730239,10
1453,73.4,33.15016339829011,10
1454,73.5,33.1000167841515,10
1455,73.7,33.055676937218784,10
1456,73.4,33.29731387230974,10
1457,73.5,33.19722210600694,10
1458,73.5,33.103373443402006,10
1459,73.4,33.23385155062363,10
1460,73.4,33.32733279323611,10
1461,73.7,33.56271078973741,10
1462,73.7,33.413403830731696,10
1463,73.8,33.47901498617372,10
1464,73.7,33.37347582870098,10
1465,74.1,33.009931165568275,10
1466,74.0,32.78549814916481,10
1467,74.1,32.746331431508814,10
1468,74.2,33.0245699778547,10
1469,74.2,33.08507552087833,10
1470,74.3,33.04222887289671,10
1471,74.1,33.38146524977929,10
1472,74.2,33.53207419769914,10
1473,74.4,33.5333996023202,10
1474,74.8,33.262591600775785,10
1475,74.7,33.50970008818342,10
1476,75.1,33.63017824646323,10
1477,75.3,33.37680498656381,10
1478,75.4,33.58637289801393,10
1479,75.3,33.77392156350485,10
1480,75.3,33.87903317523818,10
1481,75.4,33.75467045873471,10
1482,75.4,33.967958758545116,10
1483,75.4,34.222150072074015,10
1484,75.1,34.19697842402649,10
1485,75.1,34.36551889450949,10
1486,75.3,34.46108916831658,10
1487,75.5,34.34223185654783,10
1488,75.6,34.567807760014716,10
1489,75.9,34.34934901534202,10
1490,75.6,34.17991613018772,10
1491,75.5,34.241787336527864,10
1492,75.4,34.72175110791505,10
1493,75.5,35.0753157901362,10
1494,75.7,35.106346371497494,10
1495,76.2,35.50211261319529,10
1496,76.4,35.30250227202976,10
1497,76.6,35.12264226962431,10
1498,76.4,35.04980583239926,10
1499,76.3,35.166429699043626,10
1500,76.2,35.22246757713352,10
1501,76.1,35.01888379463603,10
1502,75.8,34.8035758060704,10
1503,76.0,35.298725189445584,10
1504,76.2,35.433192222986506,10
1505,76.6,35.62520955104062,10
1506,76.5,35.80890640298553,10
1507,76.0,35.7615560188436,10
1508,76.2,35.72985057654485,10
1509,76.4,35.82736384385544,10
1510,76.7,36.074152026685866,10
1511,76.5,35.81821386451932,10
1512,76.5,35.78096949186506,10
1513,76.4,35.74663931367846,10
1514,76.4,35.706208610455036,10
1515,76.4,36.04996532591952,10
1516,76.4,36.0252997520107,10
1517,76.6,36.30182119704495,10
1518,76.6,36.685449734495855,10
1519,76.6,36.67333272738289,10
1520,76.8,36.82631909080485,10
1521,77.1,36.59523344796575,10
1522,77.3,36.157218427921755,10
1523,77.0,35.91656999213594,10
1524,77.2,35.73606954698106,10
1525,77.3,35.8268986470594,10
1526,77.2,35.92213802100315,10
1527,77.4,36.14538544391094,10
1528,77.3,36.42663860418636,10
1529,77.5,36.764264049632644,10
1530,77.5,36.23457526237122,10
1531,77.8,36.26691176387768,10
1532,77.8,36.054896415820636,10
1533,77.8,36.205585818274564,10
1534,77.5,35.86781286892191,10
1535,77.6,35.81805875997935,10
1536,77.8,35.90666914222049,10
1537,77.9,35.82813915842624,10
1538,77.8,35.875711375060796,10
1539,78.1,35.72254190283777,10
1540,78.3,35.79897577678259,10
1541,78.4,35.62832830456374,10
1542,78.6,35.204797652845244,10
1543,78.7,35.141143976825795,10
1544,78.8,35.43005629248829,10
1545,78.8,35.10872003110085,10
1546,79.2,35.477066144514005,10
1547,79.4,35.41562743573332,10
1548,79.2,35.85712388540572,10
1549,79.2,35.782677373276584,10
1550,79.4,35.790128992968626,10
1551,79.5,36.31727473867559,10
1552,79.7,35.91363096219719,10
1553,79.6,35.96665122026236,10
1554,79.8,35.937600241406095,10
1555,80.3,36.22782846867247,10
1556,80.2,36.03331791550703,10
1557,80.5,35.765439556458226,10
1558,80.6,35.5659012726141,10
1559,80.8,35.85712388540572,10
1560,81.0,35.56215216584433,10
1561,80.8,36.027150255821724,10
1562,80.8,36.07954175614393,10
1563,80.7,36.151071906653065,10
1564,80.5,35.96371628306631,10
1565,80.6,35.76839076304353,10
1566,80.9,35.81883427596282,10
1567,81.0,35.549652287719745,10
1568,80.8,35.46140311819473,10
1569,80.3,35.4872434044185,10
1570,80.2,35.81991997013208,10
1571,80.1,36.066142941360766,10
1572,80.2,35.98703470232949,10
1573,80.0,36.00925806881706,10
1574,79.9,35.809526975683745,10
1575,79.7,35.69329224253642,10
1576,80.0,35.91966344806452,10
1577,79.8,35.72363052347532,10
1578,79.8,35.577146222446416,10
1579,79.9,35.75984712868145,10
1580,79.9,35.62598926501707,10
1581,80.1,35.75052447167733,10
1582,79.7,35.42143105208735,10
1583,79.6,35.211109358016856,10
1584,79.7,35.57168037139157,10
1585,79.5,35.62224648228189,10
1586,80.2,35.61148379073495,10
1587,80.4,35.77460303374759,10
1588,80.0,35.82674358011841,10
1589,79.7,36.14799825409116,10
1590,79.7,36.14799825409116,10
1591,80.0,36.08015767395949,10
1592,80.1,35.951974138348014,10
1593,80.1,35.85294037221122,10
1594,80.8,35.826123305642646,10
1595,81.1,35.72876214542626,10
1596,81.0,35.770875800790165,10
1597,81.4,35.5471517846367,10
1598,81.3,35.96000865158714,10
1599,81.5,35.91734338109593,10
1600,81.8,36.027150255821724,10
1601,82.0,36.2859017617954,10
1602,82.3,36.402228259025875,10
1603,82.6,36.37825968594124,10
1604,82.3,36.17565172568115,10
1605,82.2,36.30671808051201,10
1606,82.3,36.54540554798464,10
1607,82.0,36.533090023520685,10
1608,82.3,36.757614479481965,10
1609,82.1,36.70740161511481,10
1610,82.2,36.6812092373072,10
1611,82.6,36.43319609611237,10
1612,83.1,36.167665116786296,10
1613,83.0,36.23380864453651,10
1614,83.1,36.247452017731916,10
1615,83.6,35.92028210728121,10
1616,83.7,35.81138862925529,10
1617,83.8,35.22877611650264,10
1618,83.9,34.974435107819986,10
1619,84.0,35.09985754956849,10
1620,84.4,35.37167730763634,10
1621,84.4,35.481450552835824,10
1622,84.4,35.88933608252519,10
1623,84.3,36.362526498214244,10
1624,84.6,36.33853173820991,10
1625,84.7,36.54540554798464,10
1626,84.7,36.30136208035298,10
1627,84.9,36.14922774647706,10
1628,85.0,36.20313061969457,10
1629,85.5,36.1424650207727,10
1630,85.8,36.11340163675776,10
1631,86.2,36.239327930976984,10
1632,86.2,36.09185811540079,10
1633,86.6,36.225221416392564,10
1634,86.9,36.31176729993246,10
1635,87.0,36.36237371545238,10
1636,87.4,36.54282115242032,10
1637,87.0,36.45697616521578,10
1638,87.2,36.51422858132003,10
1639,87.2,36.67212080647156,10
1640,87.3,36.58187164885543,10
1641,87.4,36.34770358022024,10
1642,87.0,36.184711320298426,10
1643,87.0,36.14477063759631,10
1644,87.0,35.74601764921203,10
1645,86.7,35.867193304683816,10
1646,86.8,36.312838256217624,10
1647,86.5,36.298913359921826,10
1648,86.4,36.335473943058275,10
1649,86.1,36.20144257408045,10
1650,86.0,36.325687268867405,10
1651,86.2,36.77499150237835,10
1652,86.4,36.78828315887788,10
1653,86.8,36.91672310003211,10
1654,87.0,37.04051835490427,10
1655,87.2,37.03391838721783,10
1656,87.0,37.22006627255429,10
1657,87.1,37.06585730531236,10
1658,87.1,37.290004618455654,10
1659,87.3,37.52939588583269,10
1660,87.9,37.628151399952905,10
1661,87.9,37.388203724942144,10
1662,87.7,37.17242107919376,10
1663,88.2,37.38924384840586,10
1664,88.1,37.29000461845566,10
1665,88.4,37.452785091513704,10
1666,88.5,37.35787883581067,10
1667,88.6,37.28925969885818,10
1668,89.1,37.432754522090825,10
1669,89.2,37.66165158354052,10
1670,89.1,37.56313204312027,10
1671,89.0,37.67698973585278,10
1672,89.2,37.34166573681469,10
1673,89.1,37.64881582909791,10
1674,89.3,38.04105968847637,10
1675,89.8,38.261672147928344,10
1676,89.8,38.54809405866334,10
1677,89.8,38.438406719206135,10
1678,89.9,38.27517327052732,10
1679,90.0,38.113864493995706,10
1680,90.2,38.41527473978721,10
1681,90.2,38.4065966556094,10
1682,90.3,38.64381508656262,10
1683,90.4,38.61260588633372,10
1684,90.5,38.79361344918058,10
1685,90.8,38.84670728217086,10
1686,90.9,39.051106116074216,10
1687,91.1,39.105128961699016,10
1688,91.2,38.61145483460115,10
1689,91.3,38.6639366852368,10
1690,91.3,38.548814652478114,10
1691,91.3,38.62368300523513,10
1692,91.3,39.123877335685656,10
1693,91.7,38.896015220071064,10
1694,91.9,39.28938222415257,10
1695,92.3,39.45193981993224,10
1696,92.0,39.68766950969925,10
1697,91.6,39.34237184286456,10
1698,91.2,39.06916943063929,10
1699,91.5,39.28881661632367,10
1700,91.5,39.68276984060238,10
1701,91.5,39.752707804346834,10
1702,91.7,39.66540614243657,10
1703,91.7,39.49134926368896,10
1704,91.7,39.48009343679138,10
1705,91.9,38.9799093551195,10
1706,91.7,39.089782694600785,10
1707,91.6,39.2037413180596,10
1708,91.9,39.08239160201603,10
1709,91.9,39.13921023446663,10
1710,91.9,39.475590207395534,10
1711,91.6,39.47207170195713,10
1712,91.5,39.26618562240714,10
1713,91.2,39.38076236494724,10
1714,91.2,39.083386638201034,10
1715,91.2,39.21960960766665,10
1716,91.0,39.20600860979234,10
1717,91.2,39.13736492577564,10
1718,91.2,38.92100261355614,10
1719,91.1,38.73972982180782,10
1720,91.4,39.01338801545496,10
1721,91.3,38.64381508656261,10
1722,91.3,38.727107933447456,10
1723,91.4,38.67298798903441,10
1724,91.5,38.6788773823072,10
1725,91.5,39.00498543633735,10
1726,91.4,38.78487677776825,10
1727,91.5,38.50036074867062,10
1728,91.6,38.49444404355286,10
1729,91.9,38.275173270527326,10
1730,91.5,38.24555166581105,10
1731,91.6,38.37012726935717,10
1732,91.4,38.254121056139525,10
1733,91.4,38.396180365586716,10
1734,91.7,38.44491008067402,10
1735,91.9,37.989618464932114,10
1736,91.8,37.97016372539541,10
1737,91.8,38.39212882291832,10
1738,91.9,38.524018481980825,10
1739,92.2,38.883872692358665,10
1740,92.2,39.321467136638965,10
1741,92.2,39.28471571602484,10
1742,92.2,39.256421979934274,10
1743,91.6,39.22357567699417,10
1744,91.9,39.10797020216382,10
1745,92.4,38.98774736304272,10
1746,92.5,38.905155328196685,10
1747,92.5,38.61562723388896,10
1748,92.2,38.608577055134035,10
1749,92.5,38.549391117831625,10
1750,92.6,38.7103201858224,10
1751,92.8,38.57690731224806,10
1752,92.8,38.53656272511427,10
1753,92.9,38.30999289422481,10
1754,92.8,38.10453457996247,10
1755,93.0,38.589002463281055,10
1756,93.0,38.600518131237564,10
1757,92.6,38.85071141919769,10
1758,92.6,38.787741477029684,10
1759,92.6,38.55212921054642,10
1760,92.8,38.7780006360995,10
1761,92.9,38.616202701859635,10
1762,93.1,38.45184578722385,10
1763,93.3,38.2188144475699,10
1764,93.5,38.294908277733214,10
1765,93.2,38.42684247010444,10
1766,93.2,38.536562725114266,10
1767,93.3,38.52574896524833,10
1768,93.4,38.30056570513461,10
1769,93.5,38.54362607631917,10
1770,93.4,38.36143897196767,10
1771,93.5,38.137907651049765,10
1772,93.5,38.29780962695154,10
1773,93.6,38.61836063037604,10
1774,93.7,38.21299953331763,10
1775,93.7,38.46802423947568,10
1776,93.9,38.01300946898165,10
1777,93.7,38.28272020986318,10
1778,93.5,38.2310228886321,10
1779,93.4,38.22215762268443,10
1780,93.3,38.52286478328307,10
1781,93.1,38.22579117704578,10
1782,93.3,38.27691500398409,10
1783,93.4,38.38170860651667,10
1784,93.8,38.33710126409316,10
1785,93.9,38.30999289422481,10
1786,94.1,38.57589921181358,10
1787,94.0,38.83869776967869,10
1788,93.9,39.03972335967559,10
1789,93.9,38.79991408925197,10
1790,94.1,38.900014281631194,10
1791,94.1,39.28372577940019,10
1792,94.2,39.199773241974526,10
1793,94.5,39.28598845503176,10
1794,94.2,39.58619287916769,10
1795,94.2,39.695507722327136,10
1796,94.0,40.191209652526425,10
1797,93.8,39.91602295931909,10
1798,94.1,39.677729549738885,10
1799,94.2,39.35536106357613,10
1800,94.1,39.811918929999955,10
1801,94.5,40.136572405281996,10
1802,94.6,40.28013019950269,10
1803,94.9,40.12605138809449,10
1804,94.9,39.71691495236423,10
1805,95.2,39.44560248691298,10
1806,95.2,39.53001672428462,10
1807,95.1,39.59924241699581,10
1808,95.4,39.412913845309355,10
1809,95.3,39.42094761812698,10
1810,95.3,39.75494378760402,10
1811,95.3,40.24384010835281,10
1812,95.2,40.62238025741202,10
1813,95.1,41.04590925618126,10
1814,95.1,41.3103430685881,10
1815,95.2,41.27899654249793,10
1816,95.2,41.359669029408614,10
1817,95.0,41.79579989531112,10
1818,94.8,41.47770485453601,10
1819,94.6,41.5831162318982,10
1820,94.5,41.68732821054059,10
1821,94.7,41.827821682065476,10
1822,94.5,41.61530167298242,10
1823,94.8,41.75004990016978,10
1824,94.7,41.64946311512044,10
1825,94.7,41.443535885185604,10
1826,94.5,41.14540611592556,10
1827,94.3,41.19614329305866,10
1828,94.3,41.14756641919692,10
1829,94.2,40.851492560792,10
1830,94.0,40.890096600521744,10
1831,94.1,40.4432386877653,10
1832,94.0,40.47770305297034,10
1833,94.2,40.02721296540365,10
1834,94.2,40.54298130790745,10
1835,93.8,40.712542429957765,10
1836,94.0,41.060930335295616,10
1837,93.8,40.715271500179554,10
1838,93.6,40.32699674742302,10
1839,93.6,40.395819365649984,10
1840,93.1,40.79610547861428,10
1841,93.1,41.19722212857453,10
1842,93.2,41.38920954387347,10
1843,92.8,41.46966762988743,10
1844,92.8,41.36772762539525,10
1845,92.8,41.18198095715595,10
1846,92.9,41.28074611728814,10
1847,92.7,41.76667996807449,10
1848,93.0,41.726623528762914,10
1849,93.5,41.78317045573891,10
1850,93.7,41.75869836200464,10
1851,93.7,42.33740137934254,10
1852,93.9,42.47208233390232,10
1853,93.7,42.25859544387259,10
1854,93.6,42.20637129365397,10
1855,93.8,42.1473605342019,10
1856,93.6,42.38238627857883,10
1857,93.5,42.40872551728005,10
1858,93.5,42.106346842779466,10
1859,93.5,41.724626354761334,10
1860,93.6,42.04547802347147,10
1861,93.5,41.59927883990298,10
1862,94.0,41.61196409153929,10
1863,94.3,41.2635163040885,10
1864,94.2,41.13608850848337,10
1865,93.8,41.38384010966385,10
1866,93.7,41.68679513813564,10
1867,94.0,41.36289265620683,10
1868,93.8,41.375784651841414,10
1869,94.0,41.314511843768514,10
1870,94.0,41.42463035441596,10
1871,94.2,41.69145929057626,10
1872,94.4,42.214268256650435,10
1873,94.6,42.135232024729355,10
1874,94.4,41.94228839197446,10
1875,94.3,42.00277768592613,10
1876,94.2,41.77133520064261,10
1877,94.3,42.221769003415496,10
1878,94.5,42.5421359752109,10
1879,94.2,42.49653580652846,10
1880,94.0,42.47090507368283,10
1881,94.1,42.56354726236472,10
1882,94.6,42.54200538552716,10
1883,94.8,42.694782403057694,10
1884,94.9,42.33320209953411,10
1885,95.0,42.538871112848724,10
1886,95.1,42.06991535263385,10
1887,95.2,42.637490024103855,10
1888,95.2,42.44944705830166,10
1889,94.9,42.32270207714898,10
1890,95.0,42.339894504670966,10
1891,95.5,42.489868073328836,10
1892,95.5,42.59694824749773,10
1893,95.7,42.00542293032598,10
1894,96.0,42.129430198958175,10
1895,96.6,41.98200672775051,10
1896,96.4,42.12732024602456,10
1897,96.9,42.069915352633856,10
1898,96.9,42.254388332258856,10
1899,96.8,42.344617918534425,10
1900,97.0,42.29788542127267,10
1901,97.0,42.07664963426205,10
1902,97.1,41.831540466229285,10
1903,97.2,41.77399510062051,10
1904,97.2,41.95976909162182,10
1905,97.5,42.19070461079734,10
1906,97.5,41.907967950949114,10
1907,97.7,42.09526233569653,10
1908,98.1,41.75976266428938,10
1909,98.1,42.017060027247666,10
1910,98.3,42.4448661991844,10
1911,98.1,42.122704355516184,10
1912,98.3,41.8331341296718,10
1913,98.6,42.15368706689053,10
1914,99.0,42.16106682183879,10
1915,99.0,41.81440474817792,10
1916,99.3,42.10845784663958,10
1917,99.5,42.00330674813327,10
1918,99.5,42.224926813961964,10
1919,99.6,41.931690481861885,10
1920,99.2,41.959769091621816,10
1921,99.2,41.95712096891301,10
1922,99.1,41.765083768887884,10
1923,99.3,41.95513476719307,10
1924,99.3,41.617437584636455,10
1925,99.4,41.865392761935375,10
1926,99.2,42.01534111356099,10
1927,99.7,42.126924618084544,10
1928,100.0,42.240054713769275,10
1929,100.3,42.33740137934254,10
1930,100.4,42.50803845548902,10
1931,100.9,42.3436995182151,10
1932,101.1,42.66523435095865,10
1933,101.3,42.617289136374374,10
1934,101.8,42.51744739907763,10
1935,101.8,42.679164836148225,10
1936,101.5,42.695953490283415,10
1937,101.3,43.068550010419436,10
1938,101.6,43.33897399185479,10
1939,101.4,43.71422346712033,10
1940,102.0,43.46390584279226,10
1941,101.9,43.56718948933934,10
1942,101.7,43.652796779435185,10
1943,101.6,43.828453467277775,10
1944,101.8,43.715748497156795,10
1945,101.6,43.59969418852996,10
1946,101.5,43.67111936585398,10
1947,101.3,43.453806891149746,10
1948,101.1,43.2420834116232,10
1949,101.4,43.13596076490138,10
1950,101.3,43.25647029315062,10
1951,101.7,43.683330153885166,10
1952,101.9,43.94807542240426,10
1953,102.0,44.44472222135417,10
1954,101.9,44.42084095456896,10
1955,101.7,44.23183870873508,10
1956,101.7,44.37729649769626,10
1957,101.6,44.34511121745991,10
1958,101.8,44.47671050985872,10
1959,101.8,44.59397069360635,10
1960,101.9,45.04429918301415,10
1961,101.9,44.86386816433316,10
1962,102.4,44.89048402006327,10
1963,102.4,45.23076632362337,10
1964,102.2,44.879591996560954,10
1965,102.1,44.52577281131058,10
1966,101.9,44.69016794677673,10
1967,101.6,44.55009664536218,10
1968,101.6,44.6796001175779,10
1969,101.7,44.5372503267396,10
1970,101.7,44.48482887457251,10
1971,102.2,44.44672216385715,10
1972,102.2,44.559074396929645,10
1973,102.3,44.29459460375624,10
1974,102.5,44.32268042436062,10
1975,102.3,44.29710299030099,10
1976,102.5,44.5177867074873,10
1977,102.5,44.365276712512205,10
1978,102.6,44.136656471060924,10
1979,103.0,44.005050215224664,10
1980,102.8,43.827439400955704,10
1981,103.1,43.68943426810041,10
1982,103.2,44.286441366279234,10
1983,103.3,44.544734069621896,10
1984,103.5,44.43284570875219,10
1985,103.3,44.746322009002405,10
1986,103.2,44.705952872321404,10
1987,103.4,44.60244138808747,10
1988,103.5,45.12513465661657,10
1989,103.5,45.1546724541818,10
1990,103.4,45.26514479523217,10
1991,103.4,45.068343164083096,10
1992,103.2,45.0525618953388,10
1993,103.4,45.19882004359553,10
1994,103.7,45.52178965433294,10
1995,103.4,45.13978289712967,10
1996,103.6,45.21602469135128,10
1997,103.7,44.94947781182286,10
1998,103.5,44.972213643537714,10
1999,103.4,44.70943226359885,10
2000,103.5,44.677237555108036,10
2001,103.5,44.69961471372606,10
2002,103.5,44.64489519157444,10
2003,103.7,44.59708510654032,10
2004,103.6,44.36515148927891,10
2005,103.7,44.11109711726618,10
2006,103.7,44.04807979167008,10
2007,104.2,44.105429245036134,10
2008,104.1,44.29559797541964,10
2009,104.1,44.38580854282144,10
2010,104.0,44.352126342613055,10
2011,104.1,44.31816783216563,10
2012,104.0,44.31703961232068,10
2013,104.2,44.479208626053584,10
2014,104.4,44.37266425777624,10
2015,105.0,44.16383638730272,10
2016,105.0,44.487201655207656,10
2017,105.4,44.35262738052342,10
2018,105.5,44.307636663070475,10
2019,105.3,44.108578152856694,10
2020,105.4,44.26234918704108,10
2021,105.4,44.31754104690878,10
2022,105.3,44.39982482447926,10
2023,105.6,44.462718465399,10
2024,105.4,45.01160344227302,10
2025,105.3,44.902486939292494,10
2026,105.0,45.01357819838612,10
2027,104.8,45.25188762177036,10
2028,104.8,45.229783697618245,10
2029,104.7,45.353059433736114,10
2030,104.7,45.52911156611778,10
2031,105.1,45.59349368787904,10
2032,104.9,45.42502981103406,10
2033,105.0,45.04812241740307,10
2034,105.2,45.14864339047188,10
2035,105.2,45.27888887525595,10
2036,105.0,45.035788238047104,10
2037,104.9,44.94057805097255,10
2038,105.3,44.86287750220418,10
2039,105.3,44.67425308708461,10
2040,105.3,44.539745047416794,10
2041,105.7,44.33972385019004,10
2042,105.6,44.342605546659826,10
2043,105.3,44.12117153677787,10
2044,105.4,44.249795981952786,10
2045,105.7,44.15138100268716,10
2046,105.8,44.59397069360635,10
2047,105.7,44.522279067151686,10
2048,106.3,44.62946211740501,10
2049,106.1,44.62796831086484,10
2050,105.7,44.61203126213078,10
2051,105.8,44.6935242637131,10
2052,106.1,44.6429041269594,10
2053,106.5,44.33270676248957,10
2054,106.5,44.30011286667337,10
2055,106.0,43.84822307308093,10
2056,105.7,44.030418778133125,10
2057,105.8,44.17339571381047,10
2058,106.1,44.20268971202746,10
2059,106.1,44.278035688639626,10
2060,106.3,43.89393782491812,10
2061,106.5,44.1871021905714,10
2062,106.7,44.49481867463771,10
2063,106.7,44.4723384688605,10
2064,106.9,44.67027348621601,10
2065,106.5,44.57515501312861,10
2066,106.5,44.375293426259915,10
2067,106.6,44.35513248517896,10
2068,106.3,44.21425109622462,10
2069,106.5,43.97789848953171,10
2070,106.3,43.82807319515655,10
2071,106.2,43.93884639157272,10
2072,106.5,44.05110668303352,10
2073,106.5,44.535254449580606,10
2074,107.1,44.55820163935404,10
2075,107.4,44.57253763373936,10
2076,107.6,44.80624956409541,10
2077,107.9,44.732414297563786,10
2078,108.3,44.59210194143751,10
2079,108.4,44.90285811244833,10
2080,107.9,45.23874936870431,10
2081,108.2,45.50164832179159,10
2082,108.6,45.247958824435145,10
2083,108.8,45.06242583596917,10
2084,109.1,45.137936742094595,10
2085,109.1,44.9158472405156,10
2086,109.1,45.13055136674785,10
2087,109.1,44.95046656536998,10
2088,109.4,45.112698384773616,10
2089,109.4,44.8954340662834,10
2090,109.3,44.69663173986255,10
2091,109.6,44.796329214692484,10
2092,109.9,44.970237071003105,10
2093,110.0,44.75116385823576,10
2094,110.3,44.71651447358869,10
2095,110.0,44.664179035205485,10
2096,110.1,44.667786055625264,10
2097,110.0,44.27188724235731,10
2098,110.3,44.28957740447144,10
2099,110.5,44.49282089406235,10
2100,110.9,44.58811500837415,10
2101,111.2,44.909291293054764,10
2102,111.0,44.54710365943497,10
2103,110.9,44.423342212550075,10
2104,110.7,44.34222968382774,10
2105,110.4,44.189490957818364,10
2106,110.4,44.440222021647614,10
2107,110.1,44.13225074200902,10
2108,110.0,44.489699182320095,10
2109,109.9,44.60804611029022,10
2110,109.8,44.28393237582529,10
2111,110.2,44.53912138034757,10
2112,110.0,44.58699361921591,10
2113,110.3,44.63195168386781,10
2114,110.7,45.01616993431977,10
2115,110.7,45.028509487508764,10
2116,110.8,44.911765347920436,10
2117,110.4,44.823604892462136,10
2118,110.9,44.61053687190954,10
2119,110.8,44.80525762799619,10
2120,110.6,45.12008668234384,10
2121,110.6,45.382816131218654,10
2122,110.3,45.604702486573565,10
2123,110.8,45.504090170249775,10
2124,110.9,45.432367316704955,10
2125,110.8,45.27398075421835,10
2126,111.0,45.16143881183986,10
2127,111.2,44.85235036576493,10
2128,111.0,45.21061822182926,10
2129,111.4,44.91028093135616,10
2130,111.6,44.776481922247235,10
2131,111.6,44.530139606039114,10
2132,111.4,44.65472477179145,10
2133,111.7,44.60455881035779,10
2134,111.6,44.59496732940961,10
2135,111.5,44.87823030775117,10
2136,111.6,44.741727975372406,10
2137,111.6,44.79136821605996,10
2138,111.8,44.84739556416726,10
2139,111.9,44.59060688331369,10
2140,111.8,44.641286321570576,10
2141,111.8,44.84491795807711,10
2142,111.8,44.84491795807711,10
2143,111.8,45.11910164590307,10
2144,112.0,45.085104709500975,10
2145,112.1,44.9554100069045,10
2146,112.3,44.89506283174873,10
2147,112.3,44.68171388337241,10
2148,112.1,45.09853409788147,10
2149,112.0,44.902363214225396,10
2150,112.2,44.89196909124046,10
2151,112.2,44.92907991737893,10
2152,111.9,45.00975202972993,10
2153,112.1,45.32708290243753,10
2154,112.0,45.07278065036098,10
2155,112.1,45.15270386883456,10
2156,112.0,45.09249752822894,10
2157,112.1,45.135475084584094,10
2158,112.1,44.901002215986225,10
2159,112.3,45.47783342831245,10
2160,112.1,45.66411185067669,10
2161,112.0,45.582647770591144,10
2162,112.2,46.02607956365608,10
2163,112.1,46.405100294400114,10
2164,112.3,46.279465088620995,10
2165,112.4,46.469105627048364,10
2166,112.6,46.45475696249464,10
2167,112.9,46.46970339192335,10
2168,113.2,46.0743360716619,10
2169,113.2,46.17551058491695,10
2170,112.7,46.007366559908405,10
2171,112.6,45.877130589337334,10
2172,112.8,45.8107216950598,10
2173,112.9,45.85593382177127,10
2174,112.5,46.31354493498036,10
2175,112.6,46.142773600592704,10
2176,112.6,46.3637789659126,10
2177,112.9,46.38594135678994,10
2178,113.1,46.460138231008784,10
2179,113.2,46.53982762705031,10
2180,113.0,46.69998810373391,10
2181,113.1,46.80562644241253,10
2182,113.2,46.3172634002581,10
2183,113.3,46.504599533570634,10
2184,113.6,46.411684352589965,10
2185,113.9,46.38833665672631,10
2186,114.1,46.54137943808714,10
2187,114.5,46.416591861100706,10
2188,114.5,46.37587974607298,10
2189,114.4,46.426046329380426,10
2190,114.1,46.6867813792679,10
2191,113.7,46.99893615817277,10
2192,113.6,47.015836575444325,10
2193,113.4,47.0111097980514,10
2194,113.6,47.188039915969284,10
2195,113.5,47.256392865586626,10
2196,113.2,47.42901128118855,10
2197,113.3,47.62597330588986,10
2198,113.4,47.47209706764596,10
2199,113.2,47.30468616673546,10
2200,113.0,46.88520259337931,10
2201,112.9,46.62247907989831,10
2202,112.9,46.83647676283471,10
2203,112.4,46.790787317353164,10
2204,112.4,46.904631375211174,10
2205,112.4,47.32676010696509,10
2206,112.7,47.81457239517398,10
2207,112.6,47.731191758290166,10
2208,112.6,47.95877859625331,10
2209,112.4,48.146074029399784,10
2210,112.6,48.47496490171213,10
2211,112.3,48.39432932804329,10
2212,112.5,48.904101168625026,10
2213,112.8,48.6433734210301,10
2214,113.2,48.81893985830591,10
2215,113.1,48.422790777346435,10
2216,113.2,48.283422505958384,10
2217,112.9,48.363094285714276,10
2218,112.7,48.221825395192624,10
2219,112.5,47.99131865938533,10
2220,112.3,48.157265518530245,10
2221,112.3,48.410398332038824,10
2222,112.3,48.65993104073298,10
2223,112.1,48.5190684164484,10
2224,112.1,48.537385361984406,10
2225,112.2,48.281121224207986,10
2226,112.4,48.52994493666313,10
2227,112.3,48.49753716541811,10
2228,112.3,48.412693468644036,10
2229,112.4,48.309649369688266,10
2230,112.4,48.392377728545455,10
2231,112.2,48.68218930528449,10
2232,112.3,48.73066568166063,10
2233,112.0,48.47909056719425,10
2234,112.2,48.63652034337069,10
2235,112.2,48.63195108842197,10
2236,111.9,48.918185666364295,10
2237,111.9,49.24191981093616,10
2238,111.9,49.3973683509557,10
2239,112.3,49.537976453536245,10
2240,112.5,49.71977026853157,10
2241,112.4,50.00933246238479,10
2242,112.5,49.73987892582325,10
2243,112.4,49.61003482719555,10
2244,112.1,49.94763925018545,10
2245,111.8,49.50824847100397,10
2246,112.1,49.59267419017987,10
2247,112.1,50.03210080649333,10
2248,111.4,49.88252867153656,10
2249,111.5,50.04497976820452,10
2250,111.2,50.148224738712784,10
2251,111.0,50.288059108389625,10
2252,111.2,50.35165229551945,10
2253,110.9,50.092026422486754,10
2254,110.6,50.12473330491534,10
2255,110.8,50.18366268019902,10
2256,110.9,50.247056298520285,10
2257,111.1,50.43907215641461,10
2258,111.2,50.5938072626812,10
2259,111.4,50.58590053891829,10
2260,111.2,50.817319882103185,10
2261,111.0,50.620593086652434,10
2262,110.8,50.52348188933758,10
2263,111.2,50.60917791160897,10
2264,111.2,50.745114707394904,10
2265,111.1,50.91267032871091,10
2266,110.9,51.05432836150569,10
2267,111.2,51.15944574454349,10
2268,111.4,50.986272662354914,10
2269,111.5,50.94059721326836,10
2270,111.4,50.977554973842274,10
2271,111.5,50.96240444353726,10
2272,111.1,50.68519398097327,10
2273,111.2,50.35827196752839,10
2274,111.3,50.583374519478014,10
2275,111.3,50.16650055343484,10
2276,111.1,50.174030467297854,10
2277,111.2,50.108327096845336,10
2278,111.4,50.58370400742823,10
2279,111.4,51.11903320247318,10
2280,111.5,51.30572850840126,10
2281,111.7,51.318287838417476,10
2282,111.6,50.864089056578564,10
2283,111.5,50.64089256717342,10
2284,111.4,50.69560577056402,10
2285,111.4,50.78319932156041,10
2286,111.2,50.285407646972715,10
2287,111.5,50.30407538162291,10
2288,111.6,50.05374888834779,10
2289,111.5,49.851445983709105,10
2290,111.4,49.706248209969644,10
2291,111.2,49.21336765103111,10
2292,111.7,49.07375401712542,10
2293,111.3,49.198125528881235,10
2294,111.3,49.279362369612244,10
2295,111.5,49.31812828745407,10
2296,111.8,48.92352308563961,10
2297,111.9,48.95224430219949,10
2298,111.7,48.92181971722275,10
2299,111.9,48.54654124308617,10
2300,111.8,48.593095074186095,10
2301,111.8,48.545053529914064,10
2302,111.8,48.499255435292795,10
2303,111.9,48.89092167491039,10
2304,112.2,48.83259385105631,10
2305,112.3,48.74890312156322,10
2306,112.2,49.23142627766672,10
2307,112.0,48.95803191396575,10
2308,112.6,49.01065643759981,10
2309,112.7,49.11222975096031,10
2310,112.8,49.402653999782466,10
2311,113.2,49.170451831697996,10
2312,113.1,49.33659899101275,10
2313,113.2,49.3824080237307,10
2314,113.2,49.47457259374085,10
2315,113.3,49.71038344473136,10
2316,113.2,50.059520129097876,10
2317,113.6,50.00488864989991,10
2318,113.5,49.84252980916777,10
2319,113.6,49.71965853105233,10
2320,113.5,49.699653475206,10
2321,113.2,49.65391335142792,10
2322,112.9,49.500729512020555,10
2323,112.6,49.520366180660126,10
2324,112.4,49.96265271847229,10
2325,112.4,49.94040893349237,10
2326,112.2,49.48580043249219,10
2327,112.3,49.57609190818583,10
2328,112.2,49.066394926783765,10
2329,112.3,49.28612606223198,10
2330,112.3,49.378470342177806,10
2331,112.5,49.137562007083744,10
2332,112.5,49.36541749488648,10
2333,112.5,49.48007455307417,10
2334,112.4,49.36530495533612,10
2335,112.6,49.05371205797444,10
2336,112.7,48.698733727548465,10
2337,112.7,48.86728057822648,10
2338,112.8,48.739215331302894,10
2339,112.8,48.70728898224577,10
2340,113.0,48.883080463035014,10
2341,113.0,48.79890709158693,10
2342,112.8,48.77339894291195,10
2343,113.0,48.848973604592985,10
2344,112.9,48.95224430219949,10
2345,112.7,48.82178475503192,10
2346,113.1,48.89319425486991,10
2347,113.0,49.297284126229734,10
2348,112.7,49.82424666320159,10
2349,113.5,49.76221234810384,10
2350,113.4,50.16240291958377,10
2351,113.6,49.96265271847229,10
2352,113.4,50.027103764970356,10
2353,113.6,50.15132655828313,10
2354,113.8,50.23677272012338,10
2355,113.8,50.2035855293225,10
2356,114.1,50.3464662778498,10
2357,113.5,50.449644861650576,10
2358,113.8,49.943968604827546,10
2359,113.9,50.3155597758343,10
2360,113.9,50.262532986532044,10
2361,114.0,50.41384289612879,10
2362,114.1,50.59743076481256,10
2363,114.1,50.531508322365895,10
2364,113.9,50.63913725787814,10
2365,113.8,50.92870834149766,10
2366,113.4,50.724090266197315,10
2367,113.9,50.4302598755064,10
2368,113.8,50.47067355295437,10
2369,113.7,50.59216013046554,10
2370,113.8,50.69253725483992,10
2371,114.0,50.51292463870564,10
2372,114.3,50.36323615054493,10
2373,114.6,49.98488660474173,10
2374,115.0,50.12207320355197,10
2375,115.6,50.16018784299401,10
2376,115.3,50.15320971228506,10
2377,114.8,50.298663556356594,10
2378,114.3,50.44920437650352,10
2379,114.3,50.16207066433097,10
2380,114.3,49.9912214515931,10
2381,114.5,50.00277770062157,10
2382,114.9,50.216088612670305,10
2383,115.2,50.46847200645832,10
2384,115.0,50.872389367907616,10
2385,115.1,50.621580817319845,10
2386,115.3,50.62948196895209,10
2387,115.6,50.41428369024001,10
2388,115.7,50.473425351036624,10
2389,115.5,50.337196319752785,10
2390,115.9,50.39499534235077,10
2391,115.8,50.58062870309146,10
2392,115.9,50.658880980754226,10
2393,115.7,50.80037182716065,10
2394,115.4,50.88592907452686,10
2395,115.5,50.669407820586265,10
2396,115.4,51.09511827083983,10
2397,114.9,50.93012642609262,10
2398,115.0,50.50412524404978,10
2399,115.3,50.44039386576331,10
2400,115.6,50.5529425454147,10
2401,115.8,50.27877838169456,10
2402,115.9,49.96543249532065,10
2403,115.9,50.10755099450248,10
2404,116.1,50.31335144207086,10
2405,116.2,49.861586193960754,10
2406,116.3,50.00677731845732,10
2407,116.1,49.8206784377732,10
2408,116.4,49.40580262816639,10
2409,116.6,49.044650857945534,10
2410,116.6,49.20072266858599,10
2411,116.8,49.3824080237307,10
2412,117.1,49.278009519685575,10
2413,117.1,49.3726194925442,10
2414,116.9,48.999886621184025,10
2415,116.9,49.203545491040465,10
2416,117.2,49.344142959873615,10
2417,117.3,49.24552997199058,10
2418,117.3,49.15519640214382,10
2419,117.2,49.00974959694811,10
2420,117.7,49.18457301046968,10
2421,117.6,49.15101445771209,10
2422,117.8,49.27654389035191,10
2423,117.6,49.04011963008791,10
2424,117.5,49.02890304028159,10
2425,117.4,49.527096960485515,10
2426,117.5,49.63477723442618,10
2427,117.8,49.53292956318162,10
2428,117.9,49.32533718981441,10
2429,117.5,49.12399278017481,10
2430,117.3,48.899102468473004,10
2431,117.2,48.757449573258945,10
2432,117.2,48.595381582112424,10
2433,117.2,48.574799136086106,10
2434,117.1,48.674542741674635,10
2435,116.6,48.838054379300935,10
2436,116.5,48.710596611232575,10
2437,116.1,49.054278327402,10
2438,115.9,48.73385772631681,10
2439,116.4,48.91988916131715,10
2440,116.5,49.16694915173087,10
2441,116.9,48.99988662118402,10
2442,116.7,49.19586703508063,10
2443,116.7,49.38522046118656,10
2444,116.6,49.49567882373392,10
2445,116.4,49.67494338195063,10
2446,116.2,49.861586193960754,10
2447,116.3,49.859914872682154,10
2448,116.1,49.6262699249769,10
2449,116.1,49.72245189270359,10
2450,116.1,49.945414648838835,10
2451,115.9,50.158526471356566,10
2452,115.9,50.231574842036466,10
2453,116.1,50.158526471356566,10
2454,116.3,50.42937856272098,10
2455,116.8,50.07505477891274,10
2456,116.4,50.14246370758688,10
2457,116.5,50.228920398953875,10
2458,116.1,50.33984505339682,10
2459,116.1,50.297890390927705,10
2460,116.0,50.371949866302906,10
2461,116.2,50.046200877011856,10
2462,116.2,50.378125764616875,10
2463,116.2,50.31412436991337,10
2464,116.3,50.261648732739886,10
2465,116.5,50.07605327011217,10
2466,116.5,49.74434641243163,10
2467,116.4,49.71742372873138,10
2468,116.4,50.095908016523666,10
2469,116.1,50.31555977583431,10
2470,116.2,50.34723869731532,10
2471,116.0,49.77951385861457,10
2472,116.3,49.884421972751724,10
2473,116.4,49.94930763617583,10
2474,116.5,49.835841631411334,10
2475,116.3,49.42120552511396,10
2476,116.1,49.65536784231445,10
2477,116.2,49.66062603086854,10
2478,116.1,50.18952967391594,10
2479,116.2,50.083929558292446,10
2480,115.6,50.20447080578471,10
2481,115.4,50.19561733856851,10
2482,115.8,50.07061679934317,10
2483,115.5,50.11819363597748,10
2484,115.7,50.10444646491522,10
2485,116.1,50.40160932174906,10
2486,116.2,50.536675351229384,10
2487,116.3,50.61192217913351,10
2488,116.5,50.82267647856067,10
2489,116.6,50.89029595337624,10
2490,116.7,50.93579836966881,10
2491,116.8,50.68596123845997,10
2492,116.4,50.54854652268011,10
2493,116.3,50.46902240208564,10
2494,116.6,50.605665032023175,10
2495,116.7,50.34558349823525,10
2496,116.7,50.32350897498658,10
2497,116.8,50.44645125719394,10
2498,116.9,50.57546616471051,10
2499,117.0,50.62937223917884,10
2500,117.1,50.67861701173605,10
2501,117.3,50.70185181803301,10
2502,117.3,50.98594577593581,10
2503,117.0,50.8592829940284,10
2504,116.9,51.23681402186431,10
2505,116.6,51.02983876561286,10
2506,116.2,51.165960907184726,10
2507,115.9,51.10435945744312,10
2508,116.0,51.188106257432715,10
2509,115.7,51.36157231930416,10
2510,115.6,51.390011999739144,10
2511,115.8,51.64365078755245,10
2512,115.7,51.667849448827134,10
2513,115.6,51.964090164907795,10
2514,115.4,52.28596582470503,10
2515,115.4,52.51708716641132,10
2516,115.4,52.51497141027711,10
2517,115.2,53.0362559429344,10
2518,115.3,52.98437924940185,10
2519,115.3,53.153969225679134,10
2520,115.2,53.22655978613184,10
2521,115.2,53.21820908089427,10
2522,115.1,53.575388213453216,10
2523,115.0,53.172674686659626,10
2524,114.9,53.230004070386215,10
2525,114.8,53.75623994787334,10
2526,114.6,54.13193758463359,10
2527,114.8,53.77483922182691,10
2528,115.2,54.2930320882278,10
2529,115.3,54.4835347197257,10
2530,115.3,54.70740352091296,10
2531,115.7,54.563011484175085,10
2532,115.9,54.32914094255086,10
2533,115.9,54.57604277010605,10
2534,115.9,54.30663965953989,10
2535,115.6,54.29794348469071,10
2536,115.8,54.18035724421823,10
2537,116.2,54.21520901821637,10
2538,116.4,54.15656316027941,10
2539,116.4,53.93040783165735,10
2540,116.4,53.870626917128455,10
2541,116.8,54.02427437941413,10
2542,117.3,53.86000371333073,10
2543,117.7,54.02273184091634,10
2544,117.9,54.091383581655386,10
2545,117.9,53.8278118943482,10
2546,117.9,54.45579246814184,10
2547,118.0,55.02524673073059,10
2548,118.4,55.10636180252795,10
2549,118.5,55.060068208376855,10
2550,118.6,55.03170803172376,10
2551,118.7,55.18665297575734,10
2552,119.2,55.42722956975008,10
2553,119.5,55.36595423984751,10
2554,119.3,54.83318135743883,10
2555,119.1,54.65335203707902,10
2556,118.8,54.603215208548946,10
2557,118.5,54.259151813823586,10
2558,118.5,54.18743191716856,10
2559,118.3,54.44069148062769,10
2560,118.6,54.21807816586641,10
2561,118.5,54.0395945375035,10
2562,118.5,54.1771784671984,10
2563,118.3,54.055629781837816,10
2564,118.5,54.56545508734339,10
2565,118.5,54.08275551822821,10
2566,118.8,54.07361237753176,10
2567,118.7,54.1747173504394,10
2568,118.7,54.424361375317126,10
2569,118.9,54.73258221165484,10
2570,119.0,54.95250474525959,10
2571,119.2,54.55639284263577,10
2572,119.5,54.516562213290335,10
2573,119.7,54.45905699595696,10
2574,119.4,54.75034246468236,10
2575,119.6,54.73816462639816,10
2576,119.6,54.91650227592997,10
2577,119.4,54.88614478070845,10
2578,119.3,55.16450146808382,10
2579,119.3,54.768299833632476,10
2580,119.5,55.205172865512445,10
2581,119.5,55.47221526734503,10
2582,119.6,55.17487350838846,10
2583,119.3,55.1604729655011,10
2584,119.2,55.11160394044878,10
2585,119.0,55.00909015790027,10
2586,118.9,54.77114000801679,10
2587,118.9,54.66351616937938,10
2588,119.2,54.60525005284138,10
2589,119.3,54.55486534978648,10
2590,119.2,54.67845401374598,10
2591,119.3,54.75815515113302,10
2592,119.5,54.92874171748946,10
2593,119.5,54.74841448744328,10
2594,119.7,54.81088699641097,10
2595,119.8,54.891407949392836,10
2596,119.8,54.964230793004525,10
2597,119.7,54.80480514212843,10
2598,119.5,54.778848310476754,10
2599,119.2,54.840779636244335,10
2600,119.6,54.98120891116649,10
2601,119.1,54.99181757316264,10
2602,118.9,54.6939972330907,10
2603,118.8,54.55639284263577,10
2604,118.9,54.62895040381265,10
2605,118.8,54.14137871248652,10
2606,118.9,53.82987604997392,10
2607,118.7,53.81872866907537,10
2608,118.5,53.92020853899666,10
2609,118.3,54.14804808218955,10
2610,118.0,54.4426303552648,10
2611,117.4,54.26519244516793,10
2612,117.2,53.99753080774466,10
2613,117.3,53.69885163266218,10
2614,116.9,53.66035159531973,10
2615,116.7,53.58907434252703,10
2616,116.3,53.82905039722201,10
2617,116.6,53.99218050380588,10
2618,116.5,53.87897961584317,10
2619,116.4,53.74879843618211,10
2620,116.0,53.91145003099476,10
2621,115.9,53.88764030626854,10
2622,116.0,53.99588461684423,10
2623,116.1,54.05850739913397,10
2624,116.1,54.31686867099596,10
2625,116.1,54.4333435394969,10
2626,116.2,55.06924933410862,10
2627,116.2,55.53937542160717,10
2628,116.1,55.75631503844804,10
2629,116.2,55.87645101272788,10
2630,116.1,55.93339292805725,10
2631,116.2,55.43725181580423,10
2632,115.7,55.2067829971,10
2633,115.6,55.13659804924897,10
2634,115.5,55.45418529440917,10
2635,115.8,55.33092364230974,10
2636,116.0,55.383511385008205,10
2637,116.5,55.442162055004076,10
2638,116.7,55.9246516901685,10
2639,116.7,55.884901558669874,10
2640,116.5,55.82562135793923,10
2641,116.7,55.84512313333885,10
2642,116.7,56.0397676258169,10
2643,116.6,55.803623936483234,10
2644,116.6,55.83945240100806,10
2645,116.5,55.93100908957193,10
2646,116.7,55.54987748761368,10
2647,116.8,55.27265749596872,10
2648,116.8,55.336947673121415,10
2649,117.0,55.267028547267174,10
2650,116.9,55.43254158584708,10
2651,116.8,55.487335892475905,10
2652,116.7,55.32138425198303,10
2653,116.6,55.82353147792306,10
2654,116.2,55.57937267248224,10
2655,116.0,56.06345611100971,10
2656,116.0,55.76139644353729,10
2657,115.9,55.86183352204298,10
2658,115.8,55.55337773509166,10
2659,116.3,55.77743470456688,10
2660,116.4,55.618142523620634,10
2661,116.3,55.67973898406253,10
2662,116.2,55.65329180640521,10
2663,116.0,55.900705620670735,10
2664,116.1,55.64460640729003,10
2665,116.1,55.857855311495804,10
2666,116.2,55.906270767339784,10
2667,116.4,56.04601284262384,10
2668,116.5,56.20646463412075,10
2669,116.1,55.90160005660741,10
2670,116.1,56.23452873655315,10
2671,116.3,56.470346200461705,10
2672,116.5,56.04214683809162,10
2673,116.2,56.452142957060936,10
2674,116.2,56.45411115823777,10
2675,116.1,56.20686000045822,10
2676,115.9,56.276006333862114,10
2677,115.7,55.95643146432966,10
2678,115.7,56.01596994508699,10
2679,115.7,56.21990552978347,10
2680,115.8,56.51705740551057,10
2681,115.8,56.59956811770838,10
2682,115.6,56.73956095862725,10
2683,115.4,57.094852852268765,10
2684,115.2,57.05124402188303,10
2685,115.2,56.834652966106674,10
2686,115.2,56.6976385947618,10
2687,115.2,56.88155334650339,10
2688,115.2,57.134928021307594,10
2689,115.6,57.24062271576794,10
2690,115.9,56.91797216657982,10
2691,116.1,56.6773519337506,10
2692,116.1,56.63813006957219,10
2693,115.7,56.63145965117112,10
2694,115.7,56.34822288433081,10
2695,115.6,56.57482753938461,10
2696,115.7,56.948417205592484,10
2697,115.6,57.12598163513497,10
2698,115.7,57.16652089388606,10
2699,115.9,57.27021719687972,10
2700,115.9,57.075875425222826,10
2701,115.9,56.90821069445466,10
2702,116.3,56.89961921372293,10
2703,116.3,56.381734630995524,10
2704,116.5,56.69460095791995,10
2705,116.3,56.780376109278386,10
2706,116.1,56.75571434764178,10
2707,116.1,56.49080554489474,10
2708,115.9,56.7498409199924,10
2709,115.7,56.34033487061763,10
2710,115.6,56.33668629074861,10
2711,115.6,56.249839505943875,10
2712,115.9,56.22069607063458,10
2713,115.5,55.83756202891861,10
2714,115.7,55.99613081871521,10
2715,115.6,55.88718795732863,10
2716,115.8,56.31222484209505,10
2717,116.1,56.55174621530267,10
2718,116.0,56.462376853972415,10
2719,116.3,56.64519200936455,10
2720,116.3,57.290778780998714,10
2721,116.0,57.40305837767802,10
2722,115.6,57.1998445996335,10
2723,115.6,56.96626682130009,10
2724,115.5,57.05991003614827,10
2725,115.6,57.225091621692584,10
2726,115.9,57.452299054665055,10
2727,115.8,57.241787377948135,10
2728,116.1,57.24110799455619,10
2729,116.5,57.39967092433738,10
2730,116.4,57.238681559472234,10
2731,116.3,56.997173419194894,10
2732,116.2,57.03371322686648,10
2733,116.2,57.10574985644323,10
2734,116.6,56.972117936954234,10
2735,116.2,56.77792998457529,10
2736,116.1,56.693033081675914,10
2737,115.6,56.94090503905489,10
2738,115.8,56.62508278139644,10
2739,115.9,56.72438237262311,10
2740,116.1,56.53406052991418,10
2741,116.1,56.82810337617589,10
2742,116.0,57.11197578247296,10
2743,115.9,57.070034947324935,10
2744,115.9,57.062246713567106,10
2745,115.8,56.79945226652963,10
2746,115.7,56.897666423540116,10
2747,115.8,56.787713851188315,10
2748,115.8,57.06876943166415,10
2749,115.5,56.921485886750666,10
2750,115.7,56.81949978269393,10
2751,116.0,56.7097875150313,10
2752,116.2,56.78967042224023,10
2753,116.6,57.06370708836455,10
2754,116.3,56.9210954841095,10
2755,116.4,56.9370022237053,10
2756,116.3,57.05173091151573,10
2757,116.5,57.395799304285134,10
2758,116.7,57.310169739371354,10
2759,117.0,57.688820407423826,10
2760,117.2,57.69999037165334,10
2761,117.1,57.80705454834691,10
2762,116.9,58.0027777112633,10
2763,116.7,57.673506338121435,10
2764,116.8,57.9555385139716,10
2765,117.1,58.109953249565315,10
2766,117.1,58.371320964246735,10
2767,117.1,58.43980758961404,10
2768,117.1,58.394158764192994,10
2769,117.2,58.63218683737912,10
2770,117.2,58.84971443336738,10
2771,117.2,58.93273001199475,10
2772,117.3,58.97466499363189,10
2773,117.5,58.615981893450645,10
2774,117.8,58.59048083472643,10
2775,117.9,58.51201206210188,10
2776,117.8,58.45568121805328,10
2777,117.5,58.38045715629313,10
2778,117.4,58.672726959711774,10
2779,117.4,58.649997631902956,10
2780,117.7,58.74625283558282,10
2781,117.9,58.51580982948112,10
2782,118.2,58.57910131703209,10
2783,118.3,58.93697198420247,10
2784,118.3,58.99726924000616,10
2785,118.5,59.27384658421359,10
2786,118.6,59.15366054231602,10
2787,118.2,59.560986485375736,10
2788,118.5,59.64385038617886,10
2789,118.6,59.51881121871378,10
2790,118.8,59.579638580083156,10
2791,119.0,59.46801194292983,10
2792,119.1,59.631181254254706,10
2793,118.9,59.71311041601798,10
2794,119.2,59.808583553422054,10
2795,118.9,59.72613423879961,10
2796,118.8,59.5497924243047,10
2797,119.1,59.68891577727532,10
2798,118.8,59.64114910585364,10
2799,118.7,59.91113789976322,10
2800,118.4,59.96702797741809,10
2801,118.3,59.712366111775104,10
2802,118.2,60.19006931749161,10
2803,118.0,60.19228448157713,10
2804,117.7,60.231128902660366,10
2805,117.6,60.22033617382826,10
2806,117.6,60.384324676745926,10
2807,117.4,60.35855826273152,10
2808,117.5,60.237031799384006,10
2809,117.6,60.31067714574077,10
2810,117.6,60.51115599622932,10
2811,117.7,60.661263495651724,10
2812,117.8,60.702919571009474,10
2813,117.6,61.1231907253249,10
2814,117.7,60.84780649748646,10
2815,117.5,60.90840117203319,10
2816,117.6,61.059533790118856,10
2817,117.7,60.924452306843826,10
2818,118.1,61.105464385583204,10
2819,117.8,61.19150267806797,10
2820,117.6,61.378968529764144,10
2821,117.6,61.36991662587351,10
2822,117.5,61.5471815403074,10
2823,117.5,60.96857113846991,10
2824,117.3,60.966384180136515,10
2825,117.5,60.82990857939684,10
2826,117.9,60.42709105470272,10
2827,117.6,59.9929625502488,10
2828,117.8,60.271238764623234,10
2829,117.9,60.44915218594881,10
2830,117.9,60.53915170275257,10
2831,117.5,60.2167381676852,10
2832,117.5,60.29050044944431,10
2833,117.3,60.262481418098496,10
2834,117.1,59.81350646430584,10
2835,116.9,59.80050167013652,10
2836,117.2,59.51246368058823,10
2837,117.5,59.05788121269958,10
2838,117.5,59.24572183335735,10
2839,117.5,59.44605397613313,10
2840,117.7,59.27534619609292,10
2841,117.6,59.28125054911263,10
2842,117.5,58.87132861872011,10
2843,117.8,58.670075658531225,10
2844,117.7,58.602332149269735,10
2845,118.1,58.37132096424674,10
2846,118.4,58.178270093834094,10
2847,118.3,57.98476811485352,10
2848,118.1,57.71664500914022,10
2849,118.4,57.67572183240439,10
2850,118.6,57.51946530426799,10
2851,118.2,57.65953713152944,10
2852,117.6,57.52139698504472,10
2853,117.7,57.31016973937135,10
2854,117.8,57.123258543842425,10
2855,117.5,57.370627405396995,10
2856,117.4,57.188188368656064,10
2857,117.7,57.4592609303902,10
2858,117.4,57.60825558121953,10
2859,117.6,57.446013303313265,10
2860,117.7,57.44572317510775,10
2861,117.4,57.723863734546086,10
2862,117.4,57.490482304078434,10
2863,117.5,57.16690962047499,10
2864,117.5,56.913677325109354,10
2865,117.5,56.92343785979355,10
2866,117.7,57.045887961651836,10
2867,118.2,57.18352521098673,10
2868,118.2,57.26507564728164,10
2869,118.1,57.361330373538436,10
2870,118.0,57.20334100576838,10
2871,118.0,57.20916787446649,10
2872,118.1,57.03497952036881,10
2873,118.0,56.586217403180434,10
2874,118.2,56.52885202364463,10
2875,118.2,56.86983187752341,10
2876,117.9,56.71850570042275,10
2877,118.0,56.592107812544555,10
2878,117.7,56.558818940992744,10
2879,117.5,56.447123733435504,10
2880,117.7,56.58435197904885,10
2881,117.7,56.9932744570211,10
2882,117.8,56.75444182323236,10
2883,117.8,56.840517629983324,10
2884,117.8,56.61723334031001,10
2885,117.8,56.84051762998332,10
2886,117.9,57.13813670979013,10
2887,117.9,56.647938081530285,10
2888,117.5,56.674999387345,10
2889,117.7,56.872274049448336,10
2890,117.6,56.79632225965184,10
2891,117.6,56.37611787509554,10
2892,117.5,56.40380207830753,10
2893,117.8,56.46985429806283,10
2894,117.4,56.23403477136126,10
2895,117.2,56.483625945932324,10
2896,117.3,56.74709977904891,10
2897,117.2,56.71723234118925,10
2898,117.1,56.58906451093022,10
2899,117.3,56.68636912384179,10
2900,117.4,56.747393479054764,10
2901,117.3,56.87227404944834,10
2902,116.9,56.712628419270274,10
2903,117.2,56.418673031777935,10
2904,117.0,56.69019119545971,10
2905,116.8,56.71527327115882,10
2906,116.9,57.02913485423238,10
2907,117.0,56.95612346359257,10
2908,117.0,56.621550667568265,10
2909,116.9,56.77528805152232,10
2910,116.7,56.72359885150683,10
2911,116.7,56.54703057337906,10
2912,117.0,56.42694391866354,10
2913,117.1,56.526198449136054,10
2914,117.2,56.78967042224023,10
2915,117.1,56.45145407043707,10
2916,117.3,56.73535053209771,10
2917,117.4,56.8569354706276,10
2918,117.2,56.70939565500196,10
2919,117.3,56.56078343006064,10
2920,117.0,57.0146180086008,10
2921,116.6,56.96821725995801,10
2922,116.6,56.89795934634016,10
2923,116.5,56.76315315022198,10
2924,116.5,56.85117022151396,10
2925,116.5,57.009258507329804,10
2926,116.4,56.93895366481935,10
2927,116.3,57.01471544941515,10
2928,116.5,56.99171479746469,10
2929,116.9,56.83005855667893,10
2930,116.8,56.66627450844697,10
2931,116.9,56.6597054547782,10
2932,117.1,56.3687265541216,10
2933,117.2,56.241147451547135,10
2934,117.2,56.648624578772136,10
2935,117.1,56.73417547357736,10
2936,117.1,56.41207514550606,10
2937,117.3,56.22188186106901,10
2938,117.1,56.11585238494457,10
2939,116.8,56.06504159357139,10
2940,117.0,55.81118963871751,10
2941,117.1,55.92544640461581,10
2942,117.1,55.74635015456667,10
2943,117.0,55.5297717945568,10
2944,117.5,55.5582777110866,10
2945,117.4,55.182928116905465,10
2946,117.5,55.35391183607131,10
2947,117.8,55.40918495861293,10
2948,118.0,55.4316395812596,10
2949,117.6,55.307624549724906,10
2950,117.8,55.18010913766341,10
2951,117.6,55.19903380796926,10
2952,118.1,55.19148485047308,10
2953,118.2,55.14586717666762,10
2954,118.3,55.05966460728458,10
2955,117.9,55.167321244857746,10
2956,118.1,55.17336313838409,10
2957,118.1,55.302099618569834,10
2958,118.3,55.42773072509223,10
2959,118.5,55.281602324422146,10
2960,118.6,55.07207398794177,10
2961,118.7,55.142341061817255,10
2962,118.7,55.40968627716036,10
2963,118.6,55.448073806841016,10
2964,118.7,55.3976533799041,10
2965,118.9,55.31214453746423,10
2966,119.3,55.208795595549006,10
2967,119.2,55.373078095567145,10
2968,119.2,55.34497869424712,10
2969,119.3,55.729605138461984,10
2970,119.6,55.532172857022466,10
2971,119.4,55.9448140780021,10
2972,119.4,56.15296568798085,10
2973,119.6,56.23008289360973,10
2974,120.2,56.38124195549832,10
2975,120.2,56.38518323894043,10
2976,120.0,56.28893714083119,10
2977,120.1,56.20686000045823,10
2978,120.1,56.19302052350946,10
2979,120.0,56.346152387619945,10
2980,120.0,56.484019372247616,10
2981,119.7,56.548995471970045,10
2982,120.0,56.694111001251464,10
2983,120.1,56.423891708704,10
2984,120.1,56.67147038462612,10
2985,120.4,56.88819444020584,10
2986,120.6,56.553219772765075,10
2987,121.0,56.83504396252564,10
2988,121.0,56.80962359788466,10
2989,121.4,57.077335451317474,10
2990,121.8,57.2592544679218,10
2991,121.6,57.47115218379855,10
2992,121.5,57.110516641955805,10
2993,121.5,57.14552573133886,10
2994,121.6,57.4750187279463,10
2995,121.5,57.39192742305605,10
2996,121.3,57.77552346029512,10
2997,121.5,57.8470204745048,10
2998,121.7,57.87544096304292,10
2999,121.7,57.965602827117316,10
3000,121.7,57.99818004807469,10
3001,122.0,57.83693552662616,10
3002,121.7,57.57709807051952,10
3003,121.5,57.72973429890546,10
3004,121.5,58.10957083150952,10
3005,121.5,58.237540393728096,10
3006,121.5,58.008141191081485,10
3007,121.2,58.07428193462423,10
3008,121.0,58.25041726126184,10
3009,120.9,58.08126490817269,10
3010,120.8,57.953621303782406,10
3011,120.9,58.012355005923816,10
3012,121.0,57.883023801840594,10
3013,120.8,58.01111004703228,10
3014,120.3,58.078586606616234,10
3015,120.5,58.01580244496609,10
3016,120.8,57.89031774734778,10
3017,120.9,57.80897661936058,10
3018,120.8,58.014940604410974,10
3019,121.1,58.493019526549766,10
3020,121.1,58.72620085333859,10
3021,121.5,58.63114454887531,10
3022,121.1,58.701599448207354,10
3023,121.2,59.0231592964434,10
3024,121.0,59.20585556626416,10
3025,120.9,59.01496985228974,10
3026,121.0,59.503501297542705,10
3027,120.9,59.631181254254706,10
3028,120.8,59.700735152741444,10
3029,120.8,59.7063182958424,10
3030,120.8,60.197452880776716,10
3031,120.7,60.71984848465945,10
3032,120.9,60.937946579560204,10
3033,121.1,60.981691241442846,10
3034,120.9,60.8339269377431,10
3035,120.7,60.70520753792233,10
3036,120.6,60.80972144503066,10
3037,120.4,61.21764451528661,10
3038,120.3,61.37326598591424,10
3039,120.3,61.48540928997347,10
3040,120.5,61.39172944659927,10
3041,120.2,61.401773409061875,10
3042,120.4,61.4169719576311,10
3043,120.4,61.6318820813456,10
3044,120.4,61.689545305505376,10
3045,120.4,61.747154680285554,10
3046,120.5,61.92692826585576,10
3047,120.5,62.53221392032892,10
3048,120.4,62.723732882113026,10
3049,120.4,62.25074742969401,10
3050,120.4,62.06842102783741,10
3051,120.6,62.18467120869365,10
3052,120.7,62.109312237913784,10
3053,121.1,62.509465949833015,10
3054,121.3,62.73940813661963,10
3055,121.3,62.51586465316891,10
3056,121.1,62.36175822480383,10
3057,121.1,62.33146164747872,10
3058,121.1,62.4401046336941,10
3059,120.9,62.87633365053447,10
3060,120.7,62.889762459578606,10
3061,120.8,62.92994341152531,10
3062,120.7,62.71815260884735,10
3063,121.0,62.39480035316333,10
3064,121.2,62.4905326162825,10
3065,121.5,63.07711329969232,10
3066,121.7,62.79428494872939,10
3067,121.7,62.80666985104192,10
3068,121.9,62.45967588061205,10
3069,121.9,62.3902592112298,10
3070,121.9,62.60360302020253,10
3071,122.0,62.547759529996135,10
3072,122.5,62.6334131629791,10
3073,122.5,62.174038883694145,10
3074,122.4,61.79212463305228,10
3075,122.3,62.103945124283364,10
3076,121.9,62.51302086587864,10
3077,121.6,62.565876393517335,10
3078,121.4,62.47701799684247,10
3079,121.3,62.60999210278749,10
3080,121.6,62.418302159258104,10
3081,121.8,62.351690701482454,10
3082,122.2,62.59179924984849,10
3083,122.3,62.8915291946733,10
3084,122.1,62.73657448233668,10
3085,121.8,62.788533985115464,10
3086,122.0,62.583277851728624,10
3087,122.0,62.64006527596996,10
3088,121.8,62.438947958964064,10
3089,121.5,62.291875696416284,10
3090,121.7,62.59756828787805,10
3091,121.1,62.45078061962076,10
3092,121.4,62.85291472071035,10
3093,121.4,62.89709408585141,10
3094,121.5,62.761010543524904,10
3095,121.6,62.62090527753314,10
3096,121.9,62.77198596684848,10
3097,122.1,62.71708964336063,10
3098,122.0,62.55841714394279,10
3099,122.0,62.253960159620014,10
3100,122.1,62.450780619620765,10
3101,122.2,62.59002405424614,10
3102,122.1,63.028124233904066,10
3103,122.1,63.29727043439112,10
3104,121.8,63.50817970064084,10
3105,121.5,63.40741281585301,10
3106,121.5,63.286386108440944,10
3107,121.2,63.2926184918554,10
3108,121.4,63.17383424593867,10
3109,121.2,63.43640735238541,10
3110,121.1,63.33412280209706,10
3111,121.5,63.12993655064837,10
3112,121.2,62.99523791525832,10
3113,121.4,63.05235919456147,10
3114,121.1,63.17075624404416,10
3115,121.2,63.310171203194336,10
3116,121.2,63.04460502074878,10
3117,121.3,62.75003320052242,10
3118,121.7,62.293302654102035,10
3119,121.4,62.157863541148195,10
3120,121.7,62.01800813742192,10
3121,121.5,62.141862790804005,10
3122,121.4,62.33992834986793,10
3123,121.1,62.52190727168269,10
3124,120.9,61.98826053733436,10
3125,121.0,62.13783960769083,10
3126,121.4,62.19717749937604,10
3127,121.3,61.905034797933304,10
3128,121.1,61.59626612060183,10
3129,121.4,61.50194215542213,10
3130,121.6,61.59401125289878,10
3131,121.5,61.23769717711106,10
3132,121.7,61.38593758617142,10
3133,121.8,61.44337953668311,10
3134,122.0,61.2626404190279,10
3135,122.1,61.55115307160739,10
3136,121.7,61.69828018492718,10
3137,121.7,61.54140430998016,10
3138,121.6,61.46941425529358,10
3139,121.4,61.44229451734005,10
3140,121.6,61.3916389529823,10
3141,121.3,61.28993029491513,10
3142,121.2,61.28947707396434,10
3143,121.3,61.0920071149519,10
3144,120.9,60.850362913187844,10
3145,120.9,60.945239536999296,10
3146,121.0,60.59886320899281,10
3147,121.1,60.42341341639753,10
3148,121.6,60.32541384487599,10
3149,121.4,60.31436165808457,10
3150,120.9,60.19680685514437,10
3151,121.1,60.29639753381254,10
3152,121.1,60.73704708733286,10
3153,120.9,60.55566768593084,10
3154,120.7,60.752777714274096,10
3155,120.7,60.719848484659444,10
3156,120.4,60.43398602331859,10
3157,120.1,60.34244866684738,10
3158,120.4,60.60289688712175,10
3159,120.2,60.690105362314945,10
3160,120.0,60.860496218811754,10
3161,120.1,61.019942095460344,10
3162,120.3,60.73448590197976,10
3163,120.2,60.633324170789116,10
3164,120.3,60.82223643080255,10
3165,120.2,61.12064572084733,10
3166,120.1,61.70980473150114,10
3167,120.5,61.5309316974443,10
3168,120.3,61.732487395211926,10
3169,119.9,62.07065866145346,10
3170,120.1,62.12612619144667,10
3171,120.1,62.292232438902225,10
3172,119.9,62.10287164589627,10
3173,119.8,62.23218174260359,10
3174,120.0,62.177166226839255,10
3175,119.7,61.85116544307525,10
3176,119.8,61.742835841721565,10
3177,119.9,61.8518840097499,10
3178,119.8,62.34634445311663,10
3179,120.3,61.99112839753766,10
3180,120.2,61.59148570306704,10
3181,120.2,61.83634314327889,10
3182,120.3,62.05024845504918,10
3183,120.3,62.28616753876149,10
3184,120.3,62.16653261826477,10
3185,120.4,61.85862016638335,10
3186,120.2,62.10886499615905,10
3187,120.1,62.29401612068725,10
3188,119.6,62.290002764845376,10
3189,120.2,62.43538882539114,10
3190,120.3,62.55317737733232,10
3191,120.2,62.58469816532188,10
3192,120.1,62.671010487749086,10
3193,120.1,62.77375601670211,10
3194,120.0,62.60635395513427,10
3195,119.9,62.292232438902225,10
3196,119.9,62.25476331619578,10
3197,119.9,62.397382423730996,10
3198,119.9,62.449001415377154,10
3199,119.7,62.45006894400608,10
3200,119.6,62.22396822947104,10
3201,120.0,62.236109561357814,10
3202,120.1,61.8913923291797,10
3203,120.2,61.566224506623755,10
3204,119.9,61.39571103369789,10
3205,120.3,61.498057783243134,10
3206,120.0,61.755791451310685,10
3207,120.0,61.96773353931867,10
3208,120.3,62.03233923616867,10
3209,120.2,61.96199552055186,10
3210,120.2,61.854309110647705,10
3211,120.3,61.77926656879133,10
3212,120.3,61.691076250045185,10
3213,120.4,61.669729653660355,10
3214,120.7,61.40403533608809,10
3215,120.7,61.242777351927614,10
3216,120.4,61.014023888866,10
3217,120.3,60.73997402406791,10
3218,119.9,60.958000113010414,10
3219,119.7,61.31530532148288,10
3220,119.9,61.576420450977466,10
3221,119.7,61.59734842778001,10
3222,119.6,61.53625850757512,10
3223,119.6,61.60122653901553,10
3224,119.5,61.67162142257076,10
3225,119.4,61.69674941914597,10
3226,119.2,61.47230632117559,10
3227,119.3,61.22281709733171,10
3228,119.4,61.50555530464979,10
3229,119.2,61.61132652001217,10
3230,119.3,61.817023904782445,10
3231,119.0,61.7917650032933,10
3232,118.8,61.62935808344735,10
3233,119.1,61.68819444053564,10
3234,119.2,61.414439127401735,10
3235,118.7,61.53779326560223,10
3236,119.1,61.334148545306945,10
3237,119.1,61.305156571223456,10
3238,118.9,61.56920225783883,10
3239,119.2,61.38367499226122,10
3240,119.0,61.11191918657658,10
3241,119.3,61.132006528677124,10
3242,119.3,61.00100181326715,10
3243,119.6,61.17406858029525,10
3244,119.6,61.012202786728565,10
3245,119.5,60.62132004867961,10
3246,119.6,60.75305204953355,10
3247,119.8,61.26771852560966,10
3248,119.7,61.28086523903236,10
3249,120.0,61.318838867023565,10
3250,119.9,60.985335213566806,10
3251,120.3,60.69788574022437,10
3252,120.0,60.61169670763043,10
3253,119.8,60.59849649766715,10
3254,119.7,60.66492671497538,10
3255,119.5,60.76594440967737,10
3256,119.2,60.79802628375365,10
3257,119.1,60.59235375303829,10
3258,119.3,60.387728701928985,10
3259,119.1,60.38478469136262,10
3260,119.2,60.543464644097725,10
3261,119.5,60.25547462448721,10
3262,119.8,60.02184787410516,10
3263,119.5,59.673649498287304,10
3264,119.7,59.82576553812097,10
3265,119.4,60.00407393576613,10
3266,119.6,59.67169438780092,10
3267,119.2,59.87542623369512,10
3268,119.2,59.56285195768696,10
3269,119.0,59.41006274660511,10
3270,118.9,59.35851525546552,10
3271,119.1,59.30420633385872,10
3272,119.1,59.41090434891188,10
3273,119.3,59.98342363612727,10
3274,119.4,60.28672232663581,10
3275,119.3,60.55493373788794,10
3276,119.5,60.79336586613159,10
3277,119.7,60.70337717129089,10
3278,119.4,60.51666437161476,10
3279,119.2,60.09954704950409,10
3280,119.2,60.15313790651324,10
3281,119.0,59.801523577767,10
3282,118.7,60.396927810021005,10
3283,118.9,60.19311514709229,10
3284,119.0,60.26054541184749,10
3285,118.9,60.24293411771301,10
3286,119.0,60.00555529837772,10
3287,119.0,59.94997914928745,10
3288,119.1,59.81722160047222,10
3289,119.0,60.06292996146255,10
3290,119.1,60.33139960068702,10
3291,119.2,59.75654310989253,10
3292,119.2,59.89398040612169,10
3293,119.2,60.075508043350474,10
3294,119.2,60.245423984823205,10
3295,119.4,60.017034618885035,10
3296,119.5,60.10222772724633,10
3297,119.4,60.70548208815704,10
3298,119.2,60.30625543378103,10
3299,119.2,60.123576444223986,10
3300,118.9,60.15618560602615,10
3301,119.2,60.365184962489394,10
3302,119.4,60.096588921502025,10
3303,119.4,59.68845039964692,10
3304,119.3,59.57077956328739,10
3305,118.9,59.56966043586655,10
3306,119.0,59.76249288270659,10
3307,119.0,60.048128844933856,10
3308,118.9,60.14325490951675,10
3309,118.8,60.16052600242861,10
3310,118.6,60.66886442905546,10
3311,118.7,60.96456165493014,10
3312,118.7,60.75826418411463,10
3313,118.4,60.7292717266101,10
3314,118.2,61.10428244675928,10
3315,118.5,61.06326409734598,10
3316,118.4,61.25212014471191,10
3317,118.6,61.28113721021974,10
3318,118.8,60.938584748179956,10
3319,118.8,60.50858524944116,10
3320,118.7,60.68873225090653,10
3321,118.8,60.550805114383074,10
3322,119.1,60.263218927929465,10
3323,119.2,60.33020249703571,10
3324,119.6,60.60839692466529,10
3325,119.3,60.50537166235739,10
3326,119.3,59.96675004626407,10
3327,119.6,60.096588921502025,10
3328,119.6,59.736830254784095,10
3329,119.5,59.65688932926728,10
3330,119.4,59.62885207682603,10
3331,119.3,59.41576670660182,10
3332,119.3,59.520397997474596,10
3333,119.2,59.73050588546303,10
3334,118.9,59.5771208882515,10
3335,118.9,59.77076580105398,10
3336,118.8,59.73794625045476,10
3337,118.8,59.89769055091635,10
3338,118.8,59.83272980197005,10
3339,118.9,59.67588383183873,10
3340,118.7,59.36525358602736,10
3341,118.7,59.16652582142861,10
3342,119.2,59.28612354037363,10
3343,118.8,59.19234184701036,10
3344,118.8,59.11157059136374,10
3345,118.6,59.127357834123146,10
3346,118.5,59.234468193968134,10
3347,117.9,59.47258939115472,10
3348,117.6,59.35804728743844,10
3349,117.5,59.83913620885768,10
3350,117.3,59.75514854619456,10
3351,117.3,59.91299246963606,10
3352,117.3,59.6676908664424,10
3353,117.3,59.792325780339254,10
3354,117.1,59.81350646430583,10
3355,117.0,59.844242273867366,10
3356,117.3,59.6490663054428,10
3357,116.8,59.877281909659935,10
3358,116.6,59.54867290246228,10
3359,116.3,59.70678353420154,10
3360,116.5,59.98749869764533,10
3361,116.6,59.9799966655551,10
3362,116.5,60.111470526754616,10
3363,116.5,60.15212197236086,10
3364,116.7,60.46312007239527,10
3365,117.2,60.097698236565876,10
3366,117.1,60.24108970535716,10
3367,116.7,60.472307711877505,10
3368,116.6,60.72378263726476,10
3369,116.7,60.85328439962976,10
3370,116.6,60.92654958591078,10
3371,116.5,60.86277826206899,10
3372,116.6,60.76768146894459,10
3373,116.4,60.76950989874226,10
3374,116.5,61.123281616382116,10
3375,116.5,61.11055555303028,10
3376,116.7,61.42936322856251,10
3377,116.8,61.493992479843996,10
3378,116.7,61.4275544397174,10
3379,116.9,61.03632798041944,10
3380,116.6,61.02677008220791,10
3381,116.9,60.8832215529588,10
3382,117.2,61.27315888706897,10
3383,117.3,61.72348733576943,10
3384,117.2,61.95840898896973,10
3385,117.5,62.02374097427891,10
3386,117.6,62.42898187362803,10
3387,117.8,62.526083446119586,10
3388,118.1,62.91519865837048,10
3389,118.0,62.675531287913486,10
3390,118.0,63.04319506849605,10
3391,118.6,63.288053989499296,10
3392,118.2,63.071035789461675,10
3393,118.5,62.684837791039136,10
3394,118.6,62.810473295108636,10
3395,118.3,62.640153966037545,10
3396,118.1,62.52901548703432,10
3397,118.3,62.29865345432614,10
3398,118.0,61.95876765147035,10
3399,118.1,61.96674735515636,10
3400,118.0,62.005376111000785,10
3401,118.1,62.45078061962076,10
3402,118.2,61.79500159577813,10
3403,118.1,62.025890651494166,10
3404,118.2,62.01039339408265,10
3405,118.1,62.34393849177855,10
3406,118.1,62.161885428291185,10
3407,117.9,62.317199338010475,10
3408,118.1,62.509465949833015,10
3409,118.4,62.72727565510167,10
3410,118.3,62.418035142986604,10
3411,118.7,62.40557311294846,10
3412,118.7,62.16653261826477,10
3413,118.5,62.341799781527,10
3414,118.4,62.218611006318326,10
3415,118.2,62.74604901240131,10
3416,118.4,62.46456773421411,10
3417,118.6,62.801627721297514,10
3418,118.9,62.639089676938596,10
3419,119.2,62.48164174824118,10
3420,119.0,62.87200401521243,10
3421,119.1,62.69228199884116,10
3422,119.0,62.228967888311026,10
3423,118.9,61.96854040559613,10
3424,118.9,62.17975733486118,10
3425,119.2,62.321389229987126,10
3426,119.0,62.24860551762496,10
3427,118.5,62.17046458461338,10
3428,118.7,62.31292000861458,10
3429,118.7,62.418035142986604,10
3430,118.8,62.16966033900029,10
3431,118.3,62.28795139422141,10
3432,118.3,62.42515518603057,10
3433,118.4,62.62622808731534,10
3434,118.2,62.54385128318637,10
3435,117.9,62.60892730096705,10
3436,118.2,62.45318246494729,10
3437,118.0,62.63119563497624,10
3438,117.9,62.5254614803708,10
3439,117.9,62.44010463369409,10
3440,118.1,62.65859877143759,10
3441,118.1,62.722404290652,10
3442,118.1,62.90636781050954,10
3443,118.3,63.2245557077663,10
3444,118.3,63.29305736896513,10
3445,118.4,62.588958912717004,10
3446,118.4,62.45033582331199,10
3447,118.7,62.570937520723014,10
3448,119.2,62.542074726627924,10
3449,119.0,62.3431364840322,10
3450,119.1,62.1529475478749,10
3451,119.1,62.04559255543907,10
3452,119.3,62.211199420468766,10
3453,119.4,61.92324998648641,10
3454,119.6,62.532125077168665,10
3455,119.7,62.72878127303287,10
3456,119.7,62.97450983444721,10
3457,119.1,62.991092844764786,10
3458,119.3,63.13310454024012,10
3459,119.8,63.38208649838603,10
3460,119.6,63.247661353339126,10
3461,119.7,63.18763943824597,10
3462,119.5,63.21436194058717,10
3463,119.8,63.44341310700951,10
3464,119.5,63.8335509134673,10
3465,119.4,63.44061089799744,10
3466,119.9,63.56352902586689,10
3467,120.0,63.716385473265646,10
3468,120.2,63.61306644253382,10
3469,120.2,63.75787533055558,10
3470,120.1,63.71891398948981,10
3471,120.6,63.95692995203013,10
3472,120.9,63.96952399385195,10
3473,120.6,63.859568151095765,10
3474,120.7,63.730421830289714,10
3475,120.9,63.745065168476636,10
3476,120.8,63.59734445888619,10
3477,120.9,63.57052077111774,10
3478,121.3,63.84538615540933,10
3479,121.3,64.21154274912122,10
3480,121.2,64.54421395877057,10
3481,121.5,64.86096240763348,10
3482,121.6,64.74599944741331,10
3483,122.0,65.15281182641996,10
3484,121.9,65.40888488746938,10
3485,121.6,65.95823594433745,10
3486,121.4,65.77267247455012,10
3487,121.4,65.81826831848772,10
3488,121.2,66.0451024342877,10
3489,121.4,66.2154731833043,10
3490,121.7,66.04720534082675,10
3491,121.8,65.90194736627035,10
3492,122.0,65.88879520323113,10
3493,121.8,65.9036333511961,10
3494,121.5,66.24743181605022,10
3495,121.2,66.49611517474787,10
3496,121.1,66.4821613500778,10
3497,121.1,66.62240197144234,10
3498,121.2,66.53286572981975,10
3499,121.1,66.34162427248154,10
3500,121.3,66.75502477966235,10
3501,121.4,66.99950248571501,10
3502,121.4,66.54021340512818,10
3503,121.7,66.55332031119443,10
3504,121.8,66.60964227831016,10
3505,122.1,66.61573054133352,10
3506,122.4,66.7669246125821,10
3507,122.3,66.69174528297253,10
3508,122.1,66.5055553235133,10
3509,122.3,66.48650656754012,10
3510,122.2,66.39410951114398,10
3511,122.2,66.33048570102086,10
3512,122.1,65.9603416202999,10
3513,122.4,65.99023496784287,10
3514,122.3,66.23870972978465,10
3515,121.7,66.3074488860624,10
3516,121.4,66.26579476287563,10
3517,121.4,66.36967178865157,10
3518,121.3,66.18333123478548,10
3519,121.4,65.83008430801225,10
3520,121.1,66.10337022841995,10
3521,121.0,66.32747042766921,10
3522,121.4,65.98518352209415,10
3523,121.2,65.91711967817365,10
3524,120.9,65.81869035464015,10
3525,120.8,65.75172156597033,10
3526,120.9,65.72070534550821,10
3527,121.1,65.66150571935839,10
3528,120.7,66.08420554279382,10
3529,120.7,66.0202830785947,10
3530,120.7,66.1094210801725,10
3531,120.8,65.91543403820113,10
3532,121.0,65.93094030035435,10
3533,121.1,66.08824067529379,10
3534,120.9,66.4102569052569,10
3535,120.7,66.44304160540649,10
3536,120.7,66.35602626907539,10
3537,120.7,66.58837068971661,10
3538,120.9,66.24944444211505,10
3539,121.0,66.23862585799584,10
3540,121.3,66.10269787736857,10
3541,121.3,66.30577316912574,10
3542,121.4,66.50847899161262,10
3543,121.5,66.83187862090965,10
3544,121.5,66.99626855280822,10
3545,121.5,67.18176009073362,10
3546,121.4,67.37820287171677,10
3547,121.4,67.99052221531404,10
3548,121.6,67.88421515099564,10
3549,122.0,67.86424357167444,10
3550,122.2,67.80986490015873,10
3551,122.4,67.60703447949119,10
3552,122.3,67.75290071691067,10
3553,122.2,68.27688725574221,10
3554,122.4,68.35398062049252,10
3555,122.2,68.53839151242983,10
3556,122.3,68.49501198384205,10
3557,122.2,68.5400126446832,10
3558,121.8,68.7536665688941,10
3559,121.9,68.9048458221755,10
3560,122.0,68.64239053076297,10
3561,122.2,68.60482652279082,10
3562,122.2,68.70193269155938,10
3563,122.4,68.52769107772744,10
3564,122.5,68.78024587206869,10
3565,122.7,68.75407058656398,10
3566,123.0,68.73136110975832,10
3567,123.4,68.97857960587797,10
3568,123.5,68.84644749973184,10
3569,123.4,68.71389961281488,10
3570,123.4,68.16841888538514,10
3571,123.5,68.52777214790771,10
3572,123.7,68.55986840386696,10
3573,123.7,68.58579379952609,10
3574,123.6,68.36048241166498,10
3575,124.1,68.36413939746156,10
3576,124.0,68.2934843158555,10
3577,124.1,68.29584337441204,10
3578,124.2,68.72618779540218,10
3579,124.0,68.39103255057152,10
3580,124.2,68.25572829033797,10
3581,124.1,68.04973671269174,10
3582,123.9,67.92062360661238,10
3583,124.1,68.07259197193667,10
3584,124.3,67.83484846792736,10
3585,124.6,68.15863848405425,10
3586,124.6,68.04116401120723,10
3587,124.6,68.11134674601256,10
3588,124.5,67.86465288433376,10
3589,124.2,67.80331030922376,10
3590,124.3,67.87905911742345,10
3591,124.1,67.95987378184603,10
3592,123.9,67.64359212486838,10
3593,123.8,67.79511617939582,10
3594,123.9,67.41488460767894,10
3595,124.0,67.30692551455773,10
3596,124.4,67.54455319762405,10
3597,124.6,67.52974653192966,10
3598,124.5,67.75978814082058,10
3599,124.5,67.51337316084536,10
3600,124.5,67.60218602645595,10
3601,124.5,67.66132983880495,10
3602,124.6,67.45237002672494,10
3603,124.3,67.52949972666266,10
3604,124.3,67.58870714352608,10
3605,124.2,67.45994696443545,10
3606,123.9,67.36872007426328,10
3607,123.9,67.06787606596768,10
3608,124.2,67.51427832523856,10
3609,124.4,67.63168225354478,10
3610,124.6,67.52810114644454,10
3611,124.9,67.26638586000192,10
3612,124.8,67.46653491423235,10
3613,124.9,67.82239879109098,10
3614,125.0,67.95750306053205,10
3615,124.8,67.54389519251743,10
3616,124.8,67.42534966744908,10
3617,124.3,67.50810650910337,10
3618,124.2,67.49617273100256,10
3619,123.9,67.71582779035735,10
3620,124.3,67.57062149254577,10
3621,124.2,67.58007595931413,10
3622,124.0,67.82329983125268,10
3623,124.0,67.52283564345719,10
3624,124.0,67.87570339312228,10
3625,124.5,67.69908911253287,10
3626,124.8,67.96044601253159,10
3627,124.7,68.2121690023122,10
3628,124.4,67.8645710219994,10
3629,124.2,67.55376459614305,10
3630,124.1,67.43960260855636,10
3631,124.1,67.3291252810484,10
3632,124.0,67.14826050530935,10
3633,124.0,67.37292565349313,10
3634,124.5,67.47386325253818,10
3635,124.6,67.49189251721688,10
3636,124.4,67.2345810494041,10
3637,124.4,67.31055720398629,10
3638,124.2,67.35115275760154,10
3639,124.1,67.2779475179068,10
3640,124.1,67.12418011086284,10
3641,124.4,66.88497589145113,10
3642,124.3,66.99261982570252,10
3643,124.2,66.8992609160304,10
3644,124.3,66.70840360187846,10
3645,124.8,67.10820449923476,10
3646,124.9,67.23829927124041,10
3647,125.0,67.14826050530935,10
3648,125.0,67.68883052452433,10
3649,125.1,67.70598201045459,10
3650,125.3,67.34001617001422,10
3651,125.1,67.11590306659403,10
3652,125.2,67.26531217665033,10
3653,125.4,67.4606057883661,10
3654,125.5,67.06091757996357,10
3655,125.4,67.31055720398629,10
3656,125.2,66.9988391275882,10
3657,124.9,67.36542139703425,10
3658,125.1,67.25482221455285,10
3659,125.5,67.55450474328941,10
3660,125.5,67.61862005230347,10
3661,126.0,67.55409355143148,10
3662,125.9,67.46925225612034,10
3663,126.1,67.37366778728253,10
3664,126.0,67.27059783689553,10
3665,125.9,67.51041071979607,10
3666,125.4,67.42436091239163,10
3667,124.8,67.65894865672487,10
3668,125.0,67.91661554190306,10
3669,125.1,67.82403703702693,10
3670,125.8,67.85409182781667,10
3671,126.0,68.0081694439066,10
3672,126.5,67.74010792892363,10
3673,126.7,68.00171566463109,10
3674,126.6,68.32308866294355,10
3675,126.3,68.2805487187481,10
3676,126.4,68.03953099322318,10
3677,126.4,68.11297804220409,10
3678,126.3,68.34886002463148,10
3679,126.1,68.44210854599837,10
3680,126.0,68.33089426541343,10
3681,126.2,68.29478587548085,10
3682,126.0,68.044103344816,10
3683,126.3,67.89378960307538,10
3684,126.1,67.70762307319775,10
3685,126.4,67.8318181648963,10
3686,126.1,67.54002928305225,10
3687,126.3,67.34331609166735,10
3688,126.8,67.0419437533118,10
3689,127.0,66.93446214187594,10
3690,126.8,67.34125365958407,10
3691,126.6,66.87002317929911,10
3692,127.0,66.69332800213226,10
3693,126.7,66.72006195041088,10
3694,126.7,66.74004295273815,10
3695,126.8,66.42422583499018,10
3696,126.6,66.39143184344061,10
3697,126.2,66.45934429743077,10
3698,126.2,66.66299989916112,10
3699,126.1,66.60238567632378,10
3700,126.1,66.7373791647363,10
3701,125.9,66.55899638666436,10
3702,125.6,66.5452227185894,10
3703,125.8,66.7013243246839,10
3704,125.9,66.32487383243853,10
3705,126.1,66.16217449066598,10
3706,126.1,66.19071771110441,10
3707,126.3,66.33592959743275,10
3708,126.5,66.198774745291,10
3709,126.5,66.46176845876633,10
3710,126.4,66.01212009926662,10
3711,126.3,66.3610494860418,10
3712,126.0,66.72164399786458,10
3713,126.0,66.72164399786458,10
3714,125.8,67.00878880995968,10
3715,125.7,67.03407093908788,10
3716,125.7,66.94284460974485,10
3717,125.8,66.93081004539937,10
3718,126.1,67.04633555319121,10
3719,126.2,66.86271174744726,10
3720,126.5,67.06588800078124,10
3721,126.5,66.7020739307757,10
3722,126.3,66.18501005179009,10
3723,126.0,65.83818547519871,10
3724,126.1,65.98055269042032,10
3725,125.9,65.65642898198672,10
3726,125.9,65.75113011280575,10
3727,125.9,65.65473664896116,10
3728,125.8,65.8209693031028,10
3729,126.0,66.20171196175116,10
3730,125.9,66.32152323676263,10
3731,126.0,66.13790306792484,10
3732,125.9,65.96371056202881,10
3733,126.0,66.14294285023074,10
3734,125.6,66.32277972997747,10
3735,125.5,66.43835906730054,10
3736,125.7,66.29404196456873,10
3737,125.3,66.52827302065725,10
3738,125.1,66.5439704255765,10
3739,124.9,66.37176441161641,10
3740,124.8,66.49444421236342,10
3741,125.0,66.716647930716,10
3742,124.9,66.34497385300227,10
3743,125.3,65.91079830599334,10
3744,125.2,65.83784794646786,10
3745,125.2,65.47060409069095,10
3746,125.3,65.7741083811353,10
3747,125.5,65.60191392871943,10
3748,125.3,65.76904033560675,10
3749,125.3,65.65236730943778,10
3750,124.8,65.58590634512197,10
3751,124.4,65.63569489572305,10
3752,124.0,65.54896388705673,10
3753,123.8,65.49775229391888,10
3754,123.9,65.71563318149224,10
3755,124.0,65.97137426355633,10
3756,124.0,66.00505031182588,10
3757,124.0,66.24868971450597,10
3758,124.5,66.20213155346453,10
3759,124.4,66.24734795530392,10
3760,124.3,66.516581057324,10
3761,124.3,67.02909815893392,10
3762,124.5,66.47514155264692,10
3763,124.8,66.68633043335542,10
3764,124.7,66.64841416801386,10
3765,124.9,66.9252485157051,10
3766,124.9,66.96674133063698,10
3767,124.8,66.60964227831016,10
3768,124.8,66.6979926401254,10
3769,124.9,66.73238427563571,10
3770,125.0,66.77324813626088,10
3771,125.0,66.73995971097243,10
3772,125.2,66.88265013356519,10
3773,125.4,66.83013292420318,10
3774,125.6,67.59552910922109,10
3775,125.6,67.62182422200033,10
3776,125.5,67.32879522660915,10
3777,125.3,66.86977393910247,10
3778,125.1,66.99162468381982,10
3779,125.1,66.99162468381982,10
3780,125.0,67.21606950722423,10
3781,124.8,67.0038141534578,10
3782,124.9,66.87376167077788,10
3783,124.8,66.60630600776476,10
3784,124.4,66.89660346800542,10
3785,124.6,66.96134871866174,10
3786,124.5,67.3700394999307,10
3787,124.4,67.67274192760333,10
3788,124.6,67.81543580434571,10
3789,124.6,67.90058091716807,10
3790,124.4,67.6858757628043,10
3791,124.3,67.6856295268386,10
3792,124.5,67.8122407829147,10
3793,124.4,67.49189251721688,10
3794,124.6,67.64975158039303,10
3795,124.4,67.47378091607962,10
3796,124.5,67.72698461059997,10
3797,124.2,67.50934091746942,10
3798,124.4,67.09893193387408,10
3799,124.1,67.04964992865776,10
3800,123.8,66.74129156676547,10
3801,123.6,66.63532596653721,10
3802,123.8,66.02154530488092,10
3803,123.8,65.9373439966559,10
3804,123.8,65.77875374651335,10
3805,123.9,65.73422920282012,10
3806,123.8,65.85809660845725,10
3807,124.0,65.98821443594639,10
3808,124.2,65.64178885774247,10
3809,124.3,65.34872267730682,10
3810,124.7,65.27386749517588,10
3811,124.8,65.85472226381678,10
3812,125.1,66.07142599742595,10
3813,124.7,65.5981876443414,10
3814,125.1,65.33920041683332,10
3815,125.1,64.84759911601286,10
3816,125.5,64.87637816990437,10
3817,125.5,64.89863891741747,10
3818,124.9,64.96571745501195,10
3819,124.4,64.73570198206791,10
3820,124.5,64.78382857198581,10
3821,124.5,64.71690488410101,10
3822,124.6,64.74428331692476,10
3823,124.5,64.8815159433803,10
3824,124.0,65.04869970516961,10
3825,124.5,65.1754043588019,10
3826,124.3,65.16653878930335,10
3827,124.6,65.07465797920963,10
3828,124.3,64.71999519296782,10
3829,124.5,64.47781702949386,10
3830,124.7,64.59970760167744,10
3831,124.8,64.68178517429256,10
3832,124.7,64.67877893439582,10
3833,124.5,64.40885032353862,10
3834,124.6,64.34317713980593,10
3835,124.7,64.28590652528575,10
3836,124.9,64.35051584011498,10
3837,124.5,64.43299706758263,10
3838,124.4,64.8180358987973,10
3839,124.3,64.91370339834948,10
3840,124.1,64.8732953105085,10
3841,124.2,65.0808044749841,10
3842,124.2,64.80877855489777,10
3843,124.1,64.86815688593116,10
3844,124.2,64.84648538407203,10
3845,124.0,65.067486333635,10
3846,123.8,65.27003736614357,10
3847,123.7,65.07269439292917,10
3848,123.6,64.82317829638134,10
3849,123.8,65.12347247088923,10
3850,123.8,64.8738947668646,10
3851,124.0,64.83311910847212,10
3852,123.8,65.43155881445045,10
3853,123.7,65.10854185298749,10
3854,123.7,65.09830173582786,10
3855,123.8,65.0261485865494,10
3856,123.9,65.1160502487674,10
3857,123.8,65.01076833879138,10
3858,124.4,64.70479975327264,10
3859,124.4,64.71853589883574,10
3860,124.2,64.60443741209527,10
3861,123.8,64.81049297760356,10
3862,123.7,64.79891974408216,10
3863,123.7,65.02144945238369,10
3864,123.8,65.12176628781228,10
3865,123.9,65.11263744892813,10
3866,124.0,65.49300217071541,10
3867,124.0,65.7283973806012,10
3868,123.6,65.66615905049149,10
3869,123.8,65.88002563583122,10
3870,123.7,65.83826985711106,10
3871,123.8,66.15436493535404,10
3872,124.0,66.14630249177449,10
3873,123.7,66.20683079897756,10
3874,124.0,66.36096576887483,10
3875,123.8,66.14428672732564,10
3876,123.7,65.98493093965554,10
3877,123.5,66.24575458095408,10
3878,123.4,66.42322217752195,10
3879,123.5,66.49018306821274,10
3880,123.6,66.61364558240135,10
3881,124.1,66.2880079652421,10
3882,124.2,66.26344727256834,10
3883,124.5,66.75036412717995,10
3884,124.7,66.78830569626525,10
3885,124.9,66.45708724014652,10
3886,124.8,66.52785548592075,10
3887,124.9,66.97835471254874,10
3888,124.8,67.06348567671614,10
3889,124.8,67.02039490582948,10
3890,124.8,67.12972515957442,10
3891,124.9,67.42147696065072,10
3892,125.1,67.05793515063424,10
3893,125.1,67.41818086474235,10
3894,125.2,67.11317141796965,10
3895,125.5,67.14867418232801,10
3896,125.3,67.35816373849738,10
3897,125.4,67.41612072296456,10
3898,125.5,67.51831027374887,10
3899,125.6,66.99121003700577,10
3900,125.7,67.39279552659089,10
3901,125.5,67.23301107177765,10
3902,125.5,67.72206271059511,10
3903,125.6,67.70393062608863,10
3904,125.9,67.25647428562795,10
3905,125.8,67.11482697586278,10
3906,125.9,66.92856888753361,10
3907,125.6,66.7552744482911,10
3908,125.3,66.78331461608589,10
3909,125.1,66.75901936567573,10
3910,125.2,66.43760648575139,10
3911,124.6,66.28591269811574,10
3912,124.2,66.31875886789331,10
3913,124.5,66.25414033183972,10
3914,124.6,66.40481910223082,10
3915,124.6,66.63866078419576,10
3916,124.2,66.59462774461949,10
3917,124.1,66.8721001448121,10
3918,124.3,66.93952494602871,10
3919,124.1,66.63907762466904,10
3920,124.3,66.43133464128371,10
3921,124.4,66.33450585228374,10
3922,124.2,66.06865116427508,10
3923,124.5,66.07949757678247,10
3924,125.0,65.75374936500242,10
3925,124.9,65.91990088989313,10
3926,125.3,66.13294690747317,10
3927,125.5,66.39820948054415,10
3928,125.3,66.20683079897756,10
3929,125.2,65.94408405780023,10
3930,125.5,66.28432025080375,10
3931,125.6,66.44998118886114,10
3932,125.3,66.53328323311406,10
3933,124.8,66.56291927358822,10
3934,124.5,66.6554157172877,10
3935,124.8,66.39410951114398,10
3936,124.5,66.42832394560487,10
3937,124.8,67.10489301583505,10
3938,124.9,67.41158818943686,10
3939,124.7,67.51468975958738,10
3940,124.8,67.64252442887619,10
3941,125.0,67.53270812477956,10
3942,124.8,67.53566958775686,10
3943,124.7,67.68398793084094,10
3944,124.6,68.21404221680135,10
3945,124.7,67.99517956770498,10
3946,124.8,68.06336916596344,10
3947,124.7,67.888879796326,10
3948,124.6,67.66453198603304,10
3949,124.3,67.42081775436031,10
3950,124.7,67.30370635328256,10
3951,124.6,67.10555532558803,10
3952,124.3,66.95114304890959,10
3953,124.3,67.05561539166989,10
3954,124.6,66.98291656169587,10
3955,124.7,66.65674926233818,10
3956,124.3,66.79995009978177,10
3957,124.7,66.58169584970199,10
3958,125.2,66.4760608540147,10
3959,125.1,66.15881565512558,10
3960,125.3,65.86357954978693,10
3961,125.2,66.5562418810838,10
3962,125.2,66.09723477154279,10
3963,124.7,66.10101696982008,10
3964,124.6,65.72873547138015,10
3965,124.7,65.46254230049765,10
3966,124.6,65.40506266507373,10
3967,124.6,65.76591484618423,10
3968,124.4,65.89587746336387,10
3969,124.7,66.13798706744358,10
3970,124.7,66.46477763948863,10
3971,124.3,66.37779079715678,10
3972,124.3,66.43635216422473,10
3973,124.6,66.57193269105399,10
3974,124.3,66.61839919354945,10
3975,124.2,66.31373244744343,10
3976,123.9,66.82057234780984,10
3977,123.9,66.51056724728451,10
3978,124.2,66.56291927358822,10
3979,124.4,66.42656764344287,10
3980,124.7,66.32252843323887,10
3981,125.0,66.50480350237032,10
3982,125.1,66.37678643756247,10
3983,125.4,66.49845445154679,10
3984,125.2,66.68133172035483,10
3985,125.2,66.44095122738686,10
3986,124.9,66.42196758436006,10
3987,124.8,65.79902059385923,10
3988,125.1,65.7545097735171,10
3989,125.0,65.47603463184916,10
3990,125.0,65.27888887943278,10
3991,124.9,65.00162391133864,10
3992,124.8,64.97828697170908,10
3993,124.9,64.96400712873415,10
3994,125.4,64.36907470033866,10
3995,125.3,64.27207791879766,10
3996,125.5,64.28970887060126,10
3997,125.8,64.13146220416657,10
3998,125.7,64.4757491016756,10
3999,125.5,64.53810244085788,10
4000,125.5,64.79068863141781,10
4001,125.5,64.6808403710953,10
4002,125.4,64.83346186791029,10
4003,125.5,64.76839078164937,10
4004,125.7,65.13072325033026,10
4005,125.6,64.73398557858839,10
4006,125.8,64.75046117381886,10
4007,125.7,64.83149097639374,10
4008,125.9,64.97255830989982,10
4009,126.4,64.72883609506835,10
4010,125.9,64.69149008091318,10
4011,126.1,64.79789091217913,10
4012,126.3,64.67190700416646,10
4013,126.3,65.10512865955937,10
4014,126.3,65.14266395125905,10
4015,126.6,65.0165790822276,10
4016,126.4,65.00461522076722,10
4017,126.2,64.81049297760356,10
4018,126.3,64.88288594759706,10
4019,126.4,65.09514404145503,10
4020,126.5,65.36096354518924,10
4021,126.6,65.17872863647055,10
4022,126.6,64.79403264704757,10
4023,126.6,64.39496184571516,10
4024,126.7,64.55841454751571,10
4025,126.9,64.61587352277388,10
4026,127.4,64.6944957301452,10
4027,127.5,65.10717659708831,10
4028,127.5,65.44251081844448,10
4029,127.2,65.81759305501498,10
4030,126.8,65.76017031608114,10
4031,126.9,65.6073336009186,10
4032,127.0,65.79766966491543,10
4033,127.1,65.85413173572837,10
4034,126.8,66.10900090002873,10
4035,127.0,65.88373597988101,10
4036,127.2,65.96261567484015,10
4037,127.0,65.90397054300547,10
4038,127.2,65.65363660910185,10
4039,127.3,65.61004326913509,10
4040,127.3,65.97819505126085,10
4041,127.3,66.25883588875776,10
4042,127.4,65.98181567674537,10
4043,127.3,65.65913662409994,10
4044,126.9,65.97044792935698,10
4045,126.5,65.79978047920153,10
4046,126.9,65.65304427231247,10
4047,127.2,65.91206262893007,10
4048,127.4,65.96328945372233,10
4049,127.6,66.09790717816513,10
4050,127.5,65.89596177139975,10
4051,127.4,65.58319567965225,10
4052,127.7,65.76735090030952,10
4053,127.8,65.67225018563353,10
4054,128.1,65.51920837942616,10
4055,127.9,65.48188892951835,10
4056,128.1,65.41907638873813,10
4057,128.5,65.2810164681212,10
4058,128.8,65.54523459243836,10
4059,128.5,65.52904360324173,10
4060,128.4,65.70337383524026,10
4061,128.4,65.5747241278562,10
4062,128.5,65.2094914700136,10
4063,128.6,64.90026536497709,10
4064,128.6,65.04562501301169,10
4065,128.6,65.30475565463139,10
4066,128.9,64.89555711551704,10
4067,128.6,64.9994871774642,10
4068,128.9,64.79103161532295,10
4069,128.8,64.68865605515562,10
4070,129.2,64.34939350486874,10
4071,129.0,64.6408883327298,10
4072,128.9,64.52122820350593,10
4073,128.9,64.57631144622616,10
4074,128.8,64.81563597363422,10
4075,128.7,64.98213429688023,10
4076,128.6,64.80432084359808,10
4077,129.0,65.07431649019962,10
4078,129.0,65.71318149520857,10
4079,129.0,65.25335240430181,10
4080,129.3,65.01974059212068,10
4081,129.4,65.19918199895865,10
4082,129.6,65.03195795572786,10
4083,129.6,65.29284459690476,10
4084,129.7,65.04878511121053,10
4085,129.5,64.72720533988094,10
4086,129.5,64.84382948455638,10
4087,129.4,64.63607523838542,10
4088,129.3,64.49987080090419,10
4089,129.0,64.06073507053894,10
4090,129.0,64.44636012478388,10
4091,129.0,64.45325610256027,10
4092,129.0,65.11357598671553,10
4093,128.9,64.99307655435308,10
4094,129.2,64.86704350695608,10
4095,128.9,64.53672511747779,10
4096,128.9,64.53672511747779,10
4097,129.1,64.41437037735533,10
4098,129.0,64.5789783477909,10
4099,128.5,64.3069894248587,10
4100,128.2,63.837989386327706,10
4101,128.5,63.636554833767605,10
4102,128.4,63.333684209554356,10
4103,128.2,63.16961294799897,10
4104,127.7,62.89506251597885,10
4105,127.9,62.73834553126182,10
4106,127.9,62.456117928243565,10
4107,128.1,62.32967903726835,10
4108,128.3,62.37529781714695,10
4109,128.3,62.27724749501663,10
4110,128.2,62.31069107482457,10
4111,128.1,62.22620026966133,10
4112,127.8,62.10349784387707,10
4113,127.5,61.889237980264205,10
4114,127.2,61.88124828159892,10
4115,126.9,61.848291092892055,10
4116,126.8,61.6581976166457,10
4117,126.8,61.96737492871193,10
4118,127.0,61.79356313115829,10
4119,127.0,61.95518093302968,10
4120,127.1,62.356412839596715,10
4121,126.8,62.292856733336606,10
4122,127.0,62.66666666666667,10
4123,127.2,63.06222676408155,10
4124,127.2,62.94583209218683,10
4125,127.5,62.79286937578537,10
4126,127.3,62.88799567485037,10
4127,127.3,62.978038500205244,10
4128,127.7,63.034470287648524,10
4129,127.3,62.716380989693945,10
4130,127.4,62.70601601476883,10
4131,127.6,62.99241576923721,10
4132,127.4,62.98535985096501,10
4133,127.5,62.757469674931926,10
4134,127.4,62.7131033623224,10
4135,127.3,62.434054097992956,10
4136,127.2,62.613097671333904,10
4137,127.3,62.65611613313491,10
4138,127.3,62.7907459565323,10
4139,127.3,62.52297355550376,10
4140,127.2,62.369508219606445,10
4141,127.2,62.47274961488765,10
4142,127.3,62.54251887049855,10
4143,127.3,62.123622274014615,10
4144,127.2,62.48164174824118,10
4145,127.0,62.6418390534633,10
4146,127.4,62.78747221115584,10
4147,127.2,62.90345335865467,10
4148,127.0,62.864934582006846,10
4149,126.9,62.75251212324314,10
4150,127.2,63.166094984220415,10
4151,127.1,63.17603272690611,10
4152,126.8,63.14498308566476,10
4153,126.9,62.87986782570219,10
4154,126.9,62.87986782570219,10
4155,126.8,63.076320614175195,10
4156,127.2,63.00052909830731,10
4157,126.8,63.17840700042311,10
4158,126.7,63.16829373454164,10
4159,126.5,63.15105347938034,10
4160,126.8,63.487181558344695,10
4161,126.8,62.94759725358865,10
4162,126.7,63.333421052570834,10
4163,126.4,63.10168161168308,10
4164,126.8,62.988182313122124,10
4165,127.0,62.92323365286731,10
4166,127.1,62.73657448233668,10
4167,127.0,62.91793596953627,10
4168,126.9,63.216471130728436,10
4169,127.2,63.09569451766632,10
4170,127.2,62.79207310198036,10
4171,127.1,62.75605327155479,10
4172,127.0,63.014989398466845,10
4173,127.0,63.326315400647005,10
4174,127.1,63.663088904709056,10
4175,127.0,63.77042156569664,10
4176,127.0,63.74253768960812,10
4177,126.8,63.923217830282745,10
4178,126.7,64.25824633634365,10
4179,126.6,64.3466307500936,10
4180,126.8,64.32176061714176,10
4181,126.6,64.64123211146959,10
4182,126.5,64.42437426937106,10
4183,126.6,64.3932363597986,10
4184,126.7,64.0920345198129,10
4185,126.4,64.42083858849126,10
4186,126.2,64.44601530652527,10
4187,126.5,64.64303691985876,10
4188,126.2,64.25262640546299,10
4189,126.2,64.20764925008719,10
4190,126.4,64.58620423726553,10
4191,126.4,64.92936332832952,10
4192,126.2,65.07226751850591,10
4193,125.9,65.11434387120688,10
4194,126.1,65.43605869685138,10
4195,126.3,65.46593685947592,10
4196,126.3,65.69635538681817,10
4197,126.7,65.91585545223546,10
4198,127.1,66.07983387119285,10
4199,126.8,65.82096930310279,10
4200,126.8,65.46211796824853,10
4201,126.9,65.53277381924593,10
4202,126.6,65.7861856488292,10
4203,126.6,65.93127735250799,10
4204,126.9,66.0175902485256,10
4205,126.7,65.92259771041253,10
4206,126.9,65.74099008820737,10
4207,126.7,65.9866148043172,10
4208,126.7,66.25715894234457,10
4209,126.6,66.2775309672223,10
4210,126.2,65.82096930310279,10
4211,126.2,65.31598409101541,10
4212,126.3,65.1801776275238,10
4213,126.5,65.40854514341208,10
4214,126.5,65.31504846171023,10
4215,126.4,65.65262117133379,10
4216,126.4,66.08445774579343,10
4217,126.0,65.95452979136459,10
4218,126.3,65.93608015848883,10
4219,126.5,65.9953702079842,10
4220,125.8,65.88677156050876,10
4221,125.9,65.64458173460405,10
4222,126.0,66.07571414672717,10
4223,125.9,66.28968413125999,10
4224,125.9,66.33659958457658,10
4225,125.6,66.20540427756299,10
4226,125.3,66.05056985202911,10
4227,125.2,65.93565887371652,10
4228,125.2,65.93565887371652,10
4229,125.2,65.69762383661816,10
4230,125.2,65.17975145702844,10
4231,124.9,65.14334621091822,10
4232,124.7,64.81092157619389,10
4233,124.6,64.28962245615972,10
4234,124.8,64.54249246297616,10
4235,125.4,64.46049608524244,10
4236,125.2,64.57347236546393,10
4237,125.1,64.36950623807311,10
4238,125.0,64.68556424908283,10
4239,124.8,64.63366855680644,10
4240,124.5,64.82154991461816,10
4241,124.3,64.54980850302948,10
4242,124.3,64.80063442762132,10
4243,124.4,64.97042062012186,10
4244,124.1,64.70007727970655,10
4245,123.7,64.91712665647898,10
4246,123.6,64.98410061956181,10
4247,123.5,64.67396865990384,10
4248,123.6,64.82660633481356,10
4249,123.6,64.37770490541651,10
4250,123.9,64.4057450853571,10
4251,123.9,64.12565789136202,10
4252,124.0,64.57209579652465,10
4253,123.9,64.84245865514697,10
4254,123.6,65.07978009933483,10
4255,123.5,65.39835200098275,10
4256,123.1,65.1979038517855,10
4257,123.3,65.26535579207905,10
4258,123.3,65.31130581045419,10
4259,123.7,65.2789739843117,10
4260,123.7,65.1494862263361,10
4261,123.9,65.08874283963736,10
4262,123.8,64.69724363010633,10
4263,123.6,64.55695160089269,10
4264,123.6,64.45360088208157,10
4265,123.8,64.4908262209957,10
4266,123.8,64.6920912219312,10
4267,123.4,64.63607523838543,10
4268,123.3,64.19769812418856,10
4269,123.6,64.02811882290467,10
4270,122.9,64.04416878651448,10
4271,122.7,64.15441441466743,10
4272,122.4,64.12695741002115,10
4273,122.4,63.65741643097579,10
4274,122.8,63.57637576612523,10
4275,123.0,63.800034831059804,10
4276,122.8,63.600838568895185,10
4277,122.9,63.34289401521075,10
4278,122.9,63.337631433102665,10
4279,122.6,63.40732519897751,10
4280,122.7,63.34920853666778,10
4281,122.2,63.210055458851734,10
4282,122.3,63.01684078262114,10
4283,122.4,62.77508352133919,10
4284,122.0,62.64893366122754,10
4285,122.0,62.63829144824718,10
4286,122.1,62.65505211517708,10
4287,121.7,62.526527703580875,10
4288,121.7,62.5993432695406,10
4289,122.1,62.541452919910114,10
4290,122.3,62.74117910555678,10
4291,122.5,62.517997408746226,10
4292,122.5,62.64050872505214,10
4293,122.4,62.698927866077234,10
4294,122.6,62.588958912717004,10
4295,122.5,62.372091337214094,10
4296,122.6,62.26859383170442,10
4297,122.4,61.83526501924287,10
4298,122.4,62.032607912649006,10
4299,122.7,62.18976335914672,10
4300,122.6,62.19181796846127,10
4301,122.3,62.46607968418629,10
4302,122.1,62.31363325058882,10
4303,122.1,62.548558914032725,10
4304,122.1,62.69937089884643,10
4305,122.3,62.4678584020081,10
4306,122.5,62.40949001910242,10
4307,122.1,62.4934663251554,10
4308,122.0,62.65602746566189,10
4309,122.2,62.558061919397005,10
4310,122.3,62.389546845249285,10
4311,122.4,62.45567316994599,10
4312,122.2,62.03547372270159,10
4313,121.9,62.144008381965335,10
4314,122.0,62.17001778277944,10
4315,122.1,62.299366859632784,10
4316,122.5,62.039861737792776,10
4317,122.6,62.1364090798087,10
4318,122.3,62.273679119762235,10
4319,122.4,62.18467120869364,10
4320,122.2,61.926120857393,10
4321,122.2,61.591485703067036,10
4322,122.6,61.790326463326316,10
4323,122.8,62.16429843567769,10
4324,122.9,61.900367975930116,10
4325,122.7,61.728887528899754,10
4326,122.6,61.30470346283935,10
4327,122.7,61.23189074693385,10
4328,122.7,61.41850969645335,10
4329,122.7,61.277238841188,10
4330,123.0,61.141002790453335,10
4331,123.0,60.951711305845315,10
4332,123.0,60.85136718997272,10
4333,123.0,60.85136718997272,10
4334,123.0,60.860496218811754,10
4335,123.1,60.49692370507592,10
4336,123.4,60.6963297444289,10
4337,123.6,60.26828906370801,10
4338,123.3,60.36564512295972,10
4339,123.2,60.16052600242862,10
4340,123.4,60.140945564011,10
4341,123.4,60.04664853262004,10
4342,123.6,60.501974256125635,10
4343,123.6,60.3438296578679,10
4344,123.9,60.39030459344354,10
4345,124.1,60.84671085787811,10
4346,123.8,61.19876541964624,10
4347,123.9,61.27977734221226,10
4348,123.9,61.00901572718577,10
4349,124.0,60.991802727907626,10
4350,123.9,60.586852259105406,10
4351,124.5,60.38625671458697,10
4352,124.2,60.28598510433416,10
4353,124.2,60.2122172911039,10
4354,124.3,60.24588506003266,10
4355,124.0,60.36923425424944,10
4356,123.9,60.259531288511624,10
4357,123.8,59.83272980197005,10
4358,123.8,59.94775503163845,10
4359,123.6,59.929959118958195,10
4360,123.5,59.96526772502007,10
4361,123.6,59.71264522695339,10
4362,123.8,59.84572759279572,10
4363,123.7,60.01120265787417,10
4364,123.4,59.9596160390938,10
4365,123.2,60.195607074861464,10
4366,123.1,60.443637658014374,10
4367,122.9,59.92115189517341,10
4368,123.5,59.73878323352613,10
4369,123.3,60.19976005858422,10
4370,123.3,59.548393018713035,10
4371,123.2,59.63928608261877,10
4372,123.5,59.71273826505624,10
4373,123.7,59.883312459408174,10
4374,123.4,60.31804594536089,10
4375,123.6,60.164958424503396,10
4376,123.8,60.36334428552922,10
4377,123.9,60.35717760870607,10
4378,123.5,60.04118956553446,10
4379,123.7,59.89815430285718,10
4380,123.7,59.66210410861041,10
4381,123.8,59.58523306994779,10
4382,123.9,59.69822256799425,10
4383,124.2,59.868002954648304,10
4384,124.4,59.952203184425734,10
4385,124.6,60.38616471418672,10
4386,124.9,60.509778824032516,10
4387,124.8,60.405665665105,10
4388,125.2,60.42037919627964,10
4389,125.2,60.45898517911865,10
4390,124.9,60.86861990294251,10
4391,125.2,60.973218164480485,10
4392,125.3,61.27542556178438,10
4393,125.1,61.301531610374774,10
4394,124.8,61.218733516247575,10
4395,124.7,61.49444419349334,10
4396,124.8,61.936885438144024,10
4397,125.1,61.999014329082506,10
4398,125.5,62.268683050863444,10
4399,125.3,62.31292000861458,10
4400,125.3,62.76773764354495,10
4401,125.1,62.7879146191544,10
4402,125.5,62.94133070654855,10
4403,125.5,62.831786011009854,10
4404,125.2,62.905219709231346,10
4405,124.7,62.45540631344718,10
4406,125.0,62.11995564139505,10
4407,125.1,61.9506075658486,10
4408,125.3,62.12898768780247,10
4409,125.3,61.728887528899754,10
4410,125.6,62.009318296168644,10
4411,125.7,62.03950354411292,10
4412,125.7,61.815226459362115,10
4413,125.6,62.16680071477952,10
4414,125.5,62.10430294628903,10
4415,125.7,62.068152506382496,10
4416,125.5,61.5995129850878,10
4417,125.3,61.55223617203341,10
4418,125.0,61.374985856527,10
4419,125.6,61.2521201447119,10
4420,125.7,61.295368684935916,10
4421,125.4,61.21582947063429,10
4422,125.2,61.70863436793554,10
4423,124.8,61.65098899810484,10
4424,124.8,61.66720720483817,10
4425,124.8,61.5824650367294,10
4426,125.2,61.37643413124184,10
4427,125.0,61.38584708401621,10
4428,125.0,61.87801620033474,10
4429,125.0,62.18074014069344,10
4430,125.3,62.27189485545537,10
4431,125.1,62.18869136212253,10
4432,125.2,62.08202459470678,10
4433,125.0,62.41794613730894,10
4434,125.2,62.84336789899861,10
4435,125.3,62.59046785786688,10
4436,125.1,62.60537783076893,10
4437,125.1,62.578750387012356,10
4438,125.4,62.58718363655259,10
4439,125.3,62.49631100224147,10
4440,125.2,62.34278003283317,10
4441,125.2,62.10886499615904,10
4442,125.4,61.93222101620449,10
4443,125.5,61.93231071993932,10
4444,125.6,62.373783666608595,10
4445,125.6,62.45567316994598,10
4446,125.4,62.44855660639581,10
4447,125.4,62.507244024637295,10
4448,125.7,62.68625580353852,10
4449,125.7,62.620639125167386,10
4450,125.7,62.59046785786687,10
4451,125.6,62.52679425654253,10
4452,125.5,62.42729104059111,10
4453,125.6,62.28465122145084,10
4454,125.6,62.651061886895064,10
4455,125.7,62.537188935864386,10
4456,125.4,62.67588584668483,10
4457,125.6,62.48768767614233,10
4458,125.3,62.364608909576624,10
4459,125.3,62.082472029819606,10
4460,125.6,62.633324463366414,10
4461,125.6,62.72904696656352,10
4462,125.4,62.5800820282833,10
4463,125.4,62.583632933148834,10
4464,125.6,62.67943132408838,10
4465,125.5,62.42551116686546,10
4466,125.8,62.6574461301732,10
4467,125.7,62.79605437003542,10
4468,125.8,62.91228461561029,10
4469,126.0,62.702117632146646,10
4470,125.8,62.344562268448435,10
4471,125.6,62.441439231758046,10
4472,125.1,62.33680917225213,10
4473,125.1,62.472127118153,10
4474,125.1,62.34572069427772,10
4475,124.9,62.42408723134578,10
4476,125.0,62.65602746566189,10
4477,124.9,62.5254614803708,10
4478,125.1,62.479240996954786,10
4479,124.8,62.63084082320963,10
4480,124.7,62.56028203971661,10
4481,125.0,62.385895841928885,10
4482,125.2,62.30712461490883,10
4483,125.2,62.72479573502013,10
4484,125.0,62.471326756094,10
4485,125.0,62.39480035316333,10
4486,124.9,62.60715259102234,10
4487,124.9,62.53612289442532,10
4488,125.0,62.537100099771884,10
4489,124.6,62.51790854538313,10
4490,124.8,62.552733309140415,10
4491,124.8,62.410469207230506,10
4492,125.0,62.426846076917194,10
4493,125.1,62.10287164589627,10
4494,125.3,62.246909784966654,10
4495,125.3,61.815226459362115,10
4496,125.1,61.851884009749895,10
4497,125.2,61.57885640019272,10
4498,125.1,61.657566896169,10
4499,125.4,61.66252238326508,10
4500,125.3,61.63161165794348,10
4501,124.9,61.326901836705304,10
4502,124.9,61.1817874135033,10
4503,125.1,61.20539191933992,10
4504,125.0,61.45639827462141,10
4505,124.8,61.398154152493326,10
4506,124.9,61.713405710951044,10
4507,124.7,61.71988694452093,10
4508,124.6,61.829874117074944,10
4509,124.5,61.99865589940909,10
4510,124.4,61.657116377592615,10
4511,124.6,61.946571961471584,10
4512,124.6,62.059469686565784,10
4513,124.4,62.20075026342796,10
4514,124.3,62.17010714340311,10
4515,124.4,61.78493164014813,10
4516,124.3,62.32183494659887,10
4517,124.4,62.336363562708904,10
4518,124.4,62.755610638943416,10
4519,124.6,62.39515650718055,10
4520,124.7,62.277247495016624,10
4521,124.8,62.32495487362987,10
4522,124.6,62.36665775877364,10
4523,125.1,62.50057777510718,10
4524,125.2,62.158936069830965,10
4525,125.3,62.064572109304926,10
4526,125.2,62.021143348234254,10
4527,125.0,61.92109674595745,10
4528,125.2,62.03547372270159,10
4529,125.3,61.87092298577023,10
4530,124.9,61.751203317110445,10
4531,124.7,61.874514588443894,10
4532,124.9,61.77459024550467,10
4533,124.8,61.80578901329191,10
4534,124.8,61.82016930851398,10
4535,124.6,62.059469686565784,10
4536,124.5,62.05597831349083,10
4537,124.6,62.47523953980133,10
4538,124.6,62.43965976133367,10
4539,124.6,62.677658610456156,10
4540,124.9,62.571647821606156,10
4541,125.1,62.782605517416656,10
4542,125.6,62.86528807254798,10
4543,125.8,62.508310558588036,10
4544,125.8,62.66276583603873,10
4545,125.9,62.85158885996616,10
4546,125.9,62.75605327155479,10
4547,126.2,63.13266455119199,10
4548,125.9,63.168997318480706,10
4549,126.1,63.34991011131042,10
4550,126.0,63.41047933022497,10
4551,126.3,63.3912892719146,10
4552,126.5,63.58939464337675,10
4553,126.7,63.706008786891964,10
4554,126.5,63.37586291325744,10
4555,126.7,63.61000969449174,10
4556,126.6,64.24467120141388,10
4557,126.5,63.96049127738501,10
4558,126.0,64.14393536761246,10
4559,125.9,64.05978110761507,10
4560,125.5,63.89270520002873,10
4561,125.7,63.47361656625531,10
4562,125.8,63.565888825864945,10
4563,125.6,63.43360483389087,10
4564,125.9,63.62817335461112,10
4565,125.5,63.5771622169121,10
4566,125.7,63.56108173333043,10
4567,125.4,63.939554789399864,10
4568,125.5,64.286252202335,10
4569,125.3,64.6048673776898,10
4570,125.3,64.48264193650188,10
4571,124.9,64.45920329083263,10
4572,125.0,64.57381650311353,10
4573,124.8,64.64913851793473,10
4574,124.7,65.01803168694393,10
4575,124.7,65.39631318184365,10
4576,124.4,65.05928919924588,10
4577,124.5,64.80097735888454,10
4578,124.1,64.47816167768225,10
4579,124.3,64.26343352863188,10
4580,124.1,64.407470236163,10
4581,124.1,64.37986227592185,10
4582,123.9,64.35569559530498,10
4583,124.0,64.17164482853778,10
4584,123.8,63.81709976348206,10
4585,123.6,63.496631581700626,10
4586,123.3,63.15597974679656,10
4587,123.4,63.08230954695443,10
4588,123.4,62.743215658038366,10
4589,123.5,62.601473181103685,10
4590,123.3,62.80136233483404,10
4591,123.4,62.8864938688039,10
4592,123.6,62.74498651950874,10
4593,123.5,63.06301962675467,10
4594,123.9,63.38673187487881,10
4595,123.9,63.629919587146006,10
4596,124.1,63.67530482411878,10
4597,124.0,63.50678004048947,10
4598,123.8,63.99791663275714,10
4599,124.3,64.00182289070628,10
4600,124.0,63.87661717891941,10
4601,124.1,64.26585407508406,10
4602,124.3,64.54980850302948,10
4603,124.1,64.5108948593612,10
4604,124.1,64.7206819082329,10
4605,123.8,64.96802632406532,10
4606,124.0,65.16986351919967,10
4607,123.9,65.02555053378804,10
4608,124.1,64.98623785934303,10
4609,124.2,65.37719616026507,10
4610,124.0,65.1766829472013,10
4611,123.8,65.43155881445045,10
4612,123.5,65.47645887390877,10
4613,123.1,65.72408657072044,10
4614,123.1,65.5344693017855,10
4615,123.2,65.50453758667749,10
4616,123.7,65.8011313648093,10
4617,123.6,66.0592326796355,10
4618,123.7,66.030380213286,10
4619,124.0,66.0185159212508,10
4620,124.3,65.84670750226536,10
4621,124.2,65.65025175546211,10
4622,124.2,65.99461257473135,10
4623,124.6,66.20204763533461,10
4624,124.8,65.96261567484014,10
4625,125.0,66.17821057988465,10
4626,125.0,66.32747042766921,10
4627,124.7,66.3677465172487,10
4628,124.6,66.37804188468085,10
4629,125.0,66.03534407169138,10
4630,124.8,66.27518389261549,10
4631,125.0,66.36096576887483,10
4632,124.9,66.16721242428157,10
4633,125.0,65.83818547519871,10
4634,125.2,65.92049082880914,10
4635,125.1,65.85750611062578,10
4636,125.2,66.17619578737424,10
4637,125.5,65.97347952018296,10
4638,125.3,66.30409740983836,10
4639,125.4,66.62031722130018,10
4640,125.8,66.61297838176047,10
4641,125.9,66.67074987495558,10
4642,125.8,67.07176918959438,10
4643,125.7,66.95778105974274,10
4644,125.7,67.07218333838387,10
4645,125.7,67.08543474969477,10
4646,126.0,67.01906859659836,10
4647,126.3,66.83653358921467,10
4648,126.3,67.07880937126616,10
4649,126.7,66.85814169651375,10
4650,126.6,66.73030296149818,10
4651,126.5,66.61706488080462,10
4652,126.4,66.24399343839913,10
4653,126.3,66.3392794654871,10
4654,126.0,66.01178345989112,10
4655,125.6,66.12647813932867,10
4656,125.4,65.82839643936177,10
4657,125.7,66.03879331288711,10
4658,125.6,66.11135387443757,10
4659,125.6,65.76253577160108,10
4660,125.3,65.34192120428253,10
4661,125.2,65.66040579290451,10
4662,124.9,65.80349534789167,10
4663,124.9,65.41398083658332,10
4664,124.8,65.65025175546211,10
4665,124.7,65.85345684000026,10
4666,124.5,65.66285944970042,10
4667,124.2,65.7703073836008,10
4668,124.0,65.91745680099552,10
4669,124.2,66.31038128880475,10
4670,124.1,66.2276377353141,10
4671,124.0,66.01010023726167,10
4672,123.9,65.97213216368122,10
4673,124.0,65.81455428365032,10
4674,124.0,65.53370634007103,10
4675,124.4,65.5713352006805,10
4676,124.3,65.5541336945615,10
4677,124.3,65.2959927305395,10
4678,124.2,65.36869791166615,10
4679,124.3,64.99581183088304,10
4680,124.4,64.50701942855177,10
4681,124.6,64.3466307500936,10
4682,124.7,64.23230409139072,10
4683,124.5,64.24475767631853,10
4684,124.4,64.37080083391848,10
4685,124.4,64.36389602184684,10
4686,124.7,64.50503856289058,10
4687,124.3,64.21500343896795,10
4688,124.5,64.11144810233019,10
4689,124.3,64.52398348245747,10
4690,124.4,64.7202527120461,10
4691,124.6,64.79917694950556,10
4692,124.6,64.88485527798028,10
4693,124.4,65.2332566853578,10
4694,124.4,65.02341458616614,10
4695,124.5,65.28952612955788,10
4696,124.5,65.56972539891325,10
4697,124.6,65.48825170296664,10
4698,124.3,65.23640769454498,10
4699,124.4,65.08490181635403,10
4700,124.8,65.16781755164465,10
4701,125.1,65.24219834159824,10
4702,125.1,65.05117643483135,10
4703,125.2,64.87903273700132,10
4704,125.5,64.79240353278736,10
4705,125.4,65.0011965701829,10
4706,125.7,65.09147409607498,10
4707,125.9,65.25922667842967,10
4708,125.8,65.36019855810993,10
4709,125.8,65.8040863303927,10
4710,125.9,65.98560449067661,10
4711,126.0,65.67935579600166,10
4712,125.9,65.71732394632839,10
4713,125.9,65.45303659877058,10
4714,126.1,65.50224762895121,10
4715,126.4,65.54760780447208,10
4716,126.0,65.47264059640995,10
4717,126.3,65.60834973961435,10
4718,126.3,65.68282373142414,10
4719,126.4,65.18213797591416,10
4720,125.9,64.67946608726244,10
4721,125.9,64.92807986961847,10
4722,125.7,64.88459841218955,10
4723,125.5,64.8815159433803,10
4724,125.6,64.40531379043537,10
4725,125.5,64.338082726243,10
4726,125.6,63.94303019963249,10
4727,125.6,64.0749561061106,10
4728,125.4,64.04200010756828,10
4729,125.2,63.58336609872463,10
4730,125.1,63.53905185876722,10
4731,125.1,63.46381296105329,10
4732,125.1,62.75605327155479,10
4733,125.4,63.138648139541985,10
4734,125.2,63.23641707469237,10
4735,124.9,63.13380851633915,10
4736,125.1,63.20416652932515,10
4737,124.9,63.55129162075831,10
4738,124.9,63.63865003107606,10
4739,124.6,63.4616244495662,10
4740,124.3,63.401805091723446,10
4741,124.1,63.51456525868693,10
4742,124.2,63.630530757211545,10
4743,124.3,63.793155327720434,10
4744,124.4,63.809090261498014,10
4745,124.3,64.11803351805342,10
4746,123.9,64.28832622559783,10
4747,124.0,64.28927679723199,10
4748,123.8,64.08640001331536,10
4749,123.6,64.37252692121245,10
4750,123.4,64.49496104347998,10
4751,123.8,64.01701162798665,10
4752,123.8,64.47531827503192,10
4753,123.8,64.11760028780449,10
4754,123.6,64.45015300386977,10
4755,123.5,64.41057539117487,10
4756,123.8,64.650857174003,10
4757,123.4,65.0199969240233,10
4758,123.3,64.85548036467954,10
4759,122.9,64.99136694806302,10
4760,122.6,64.59652553435913,10
4761,122.6,64.95502717692878,10
4762,122.2,65.37549659892119,10
4763,122.3,65.31130581045417,10
4764,122.0,65.24654098962726,10
4765,122.1,65.05459245894943,10
4766,122.3,65.06074085037766,10
4767,121.9,65.10069124056979,10
4768,121.8,64.96802632406532,10
4769,121.8,64.95947454631491,10
4770,121.5,65.14641629096381,10
4771,121.9,65.42417154402662,10
4772,122.0,65.37583651472461,10
4773,122.0,65.49130561464713,10
4774,122.5,65.45778962218495,10
4775,122.4,65.32346864301952,10
4776,122.6,65.4577047497933,10
4777,122.7,65.22618765155262,10
4778,122.9,65.28135687587655,10
4779,122.7,64.76118522009237,10
4780,122.3,64.72514537986333,10
4781,122.4,64.72883609506835,10
4782,122.6,64.75457941764085,10
4783,122.4,65.0712430084647,10
4784,122.4,65.39486897982813,10
4785,122.6,65.57811287989986,10
4786,122.3,65.91248406451963,10
4787,122.7,65.60326888874432,10
4788,122.3,65.85345684000026,10
4789,122.3,66.04720534082675,10
4790,122.1,65.82544256508184,10
4791,122.3,66.07243499876984,10
4792,122.6,65.8722669683954,10
4793,122.4,65.66277484237168,10
4794,122.3,65.87876069805132,10
4795,122.3,65.70312016944096,10
4796,122.1,65.75957893890609,10
4797,121.8,65.61131338758922,10
4798,121.8,65.27514415491126,10
4799,121.7,65.07952400290313,10
4800,122.1,65.5548116718623,10
4801,122.1,65.37830085144628,10
4802,122.2,65.29386562984986,10
4803,122.2,65.09104734481113,10
4804,122.2,64.97486693586478,10
4805,122.2,65.17804674718151,10
4806,121.9,65.27454838347536,10
4807,122.2,65.47060409069095,10
4808,122.6,64.95502717692878,10
4809,122.7,64.85205385251025,10
4810,122.5,64.96024425241436,10
4811,122.5,65.45609215344282,10
4812,122.6,65.27582502989398,10
4813,122.7,65.67267316015086,10
4814,122.9,65.95360322058059,10
4815,123.2,66.10227765448866,10
4816,123.3,65.94787503947511,10
4817,123.5,65.92462025340423,10
4818,123.3,65.72171973133725,10
4819,123.4,65.73211628352696,10
4820,123.3,65.66421315213401,10
4821,123.5,65.51886920744452,10
4822,123.4,65.70168271141243,10
4823,123.1,66.17896611126194,10
4824,123.2,66.07705939112135,10
4825,123.0,66.28222486710395,10
4826,123.0,66.58494991779716,10
4827,123.1,66.53896101783776,10
4828,123.6,66.50346691046347,10
4829,123.6,66.9248334576436,10
4830,123.7,66.9826677415716,10
4831,123.4,67.27588308186257,10
4832,123.7,67.3103095950225,10
4833,123.7,67.34661585162736,10
4834,123.7,67.34661585162736,10
4835,123.7,67.52456343188504,10
4836,123.5,67.35684408020052,10
4837,123.3,67.85450120171346,10
4838,123.2,67.35775134805695,10
4839,123.1,67.07615903665855,10
4840,122.6,67.1254215794748,10
4841,122.9,67.28290190597377,10
4842,122.9,67.00655026023783,10
4843,123.1,66.99825868383944,10
4844,123.3,67.19135195676434,10
4845,123.2,67.2008597828596,10
4846,123.3,67.23598573515359,10
4847,123.4,66.996185629399,10
4848,123.5,66.96309099463342,10
4849,123.3,66.85481782689014,10
4850,122.9,66.76567647792956,10
4851,123.1,66.80394199945589,10
4852,123.4,66.7436222504526,10
4853,123.3,66.7417077662503,10
4854,123.4,66.15839578869286,10
4855,123.7,66.50321629649034,10
4856,124.2,66.42589856373793,10
4857,124.0,66.47138064193074,10
4858,124.2,66.30870564597416,10
4859,124.7,66.00176765309648,10
4860,124.6,66.06932386180107,10
4861,124.6,65.95992049048506,10
4862,124.9,65.74437027017768,10
4863,125.0,65.65735974655765,10
4864,125.1,65.48697919773399,10
4865,125.3,65.56599728517824,10
4866,125.4,65.46619144430369,10
4867,125.7,65.3504229349572,10
4868,125.7,65.5947999293982,10
4869,125.7,65.85176957041895,10
4870,125.9,65.69195790455124,10
4871,125.8,65.44514242223534,10
4872,126.3,65.8061969388564,10
4873,126.3,65.92596858092669,10
4874,126.2,66.17787478539266,10
4875,126.0,66.06898751389423,10
4876,126.0,65.87024281789834,10
4877,126.4,65.4407280589763,10
4878,126.4,65.4356341928633,10
4879,126.2,65.2189474854594,10
4880,126.3,65.4133013996389,10
4881,126.5,65.43911504427437,10
4882,126.5,65.37796094845554,10
4883,126.5,65.19756300830747,10
4884,126.7,65.3130070421573,10
4885,126.6,65.75239750592961,10
4886,126.7,65.66928928772988,10
4887,126.8,65.68409244253893,10
4888,126.8,65.37209734367646,10
4889,126.6,65.43733219229253,10
4890,126.5,65.49512280400054,10
4891,126.8,65.67394206735779,10
4892,126.8,65.580823755458,10
4893,126.9,65.63611810581124,10
4894,127.0,65.7723346096214,10
4895,126.8,65.96598450043106,10
4896,126.9,65.99233962278417,10
4897,126.8,65.71284332440484,10
4898,126.7,65.26365331824786,10
4899,126.9,65.43775668526543,10
4900,126.6,65.61029729479293,10
4901,126.7,65.50156910758365,10
4902,126.9,65.28646277921804,10
4903,127.3,65.39121585588626,10
4904,127.5,65.66116728241198,10
4905,127.4,65.3982670514543,10
4906,127.5,65.63239376337809,10
4907,127.4,65.52387181613871,10
4908,127.1,64.98110836577385,10
4909,126.7,65.14948622633608,10
4910,127.0,65.23972886380064,10
4911,126.9,65.18085949452066,10
4912,126.7,65.04366055026253,10
4913,126.6,65.36427838574284,10
4914,126.9,64.82703482687177,10
4915,126.7,65.03682717421637,10
4916,126.9,65.16551576136297,10
4917,126.8,65.35169809916529,10
4918,126.6,65.10709126764407,10
4919,126.6,65.35577845743846,10
4920,126.5,65.03716886007057,10
4921,126.6,64.26023480954437,10
4922,126.8,64.10200204881801,10
4923,126.9,63.89653094391484,10
4924,127.2,63.70034013514632,10
4925,127.1,63.939989226009594,10
4926,127.2,63.8484316347882,10
4927,127.3,64.46368486726978,10
4928,127.4,64.30690303363845,10
4929,127.6,64.94476285446135,10
4930,127.5,64.81812160876686,10
4931,127.6,64.61716318268527,10
4932,127.7,64.36708958949615,10
4933,128.0,64.52389738177115,10
4934,128.1,64.46782143054006,10
4935,128.1,64.31770103685817,10
4936,127.8,64.6955262063082,10
4937,127.8,65.0944612765855,10
4938,127.4,65.07465797920962,10
4939,127.4,64.88314282016725,10
4940,127.8,65.28195258517728,10
4941,127.6,64.94647368752553,10
4942,127.8,65.31258173838586,10
4943,127.9,65.53616474046134,10
4944,128.0,65.64212739459994,10
4945,128.3,65.39291500868678,10
4946,128.3,65.38951665893309,10
4947,128.2,65.44344462545078,10
4948,128.1,65.14505182880568,10
4949,128.3,65.66252101973139,10
4950,127.9,65.45812911065109,10
4951,127.5,65.56972539891325,10
4952,128.0,65.91071401693523,10
4953,127.9,66.03778379752677,10
4954,127.7,65.84670750226535,10
4955,127.6,65.84189817703887,10
4956,127.4,65.58658399398463,10
4957,127.6,65.51878441417477,10
4958,127.9,65.63611810581122,10
4959,127.6,65.75070764300226,10
4960,127.6,65.61537760142646,10
4961,127.7,65.66590524093239,10
4962,127.7,65.69635538681815,10
4963,127.8,65.88677156050876,10
4964,128.0,65.71318149520857,10
4965,127.7,65.59988143620721,10
4966,127.5,65.30824348171268,10
4967,127.8,65.79902059385923,10
4968,127.8,65.8344725639826,10
4969,127.9,65.77816253641224,10
4970,127.8,66.13084672744549,10
4971,128.5,66.18702457598636,10
4972,128.2,66.23158024856588,10
4973,128.3,65.78424330085942,10
4974,128.4,65.66108267290281,10
4975,128.2,65.52997617714948,10
4976,128.2,65.71791570374432,10
4977,128.4,65.61199077404476,10
4978,128.2,65.45532827814706,10
4979,128.2,65.8935167945645,10
4980,128.0,66.21849355647475,10
4981,128.0,66.28892986179686,10
4982,128.3,66.3258789781351,10
4983,128.7,66.22361109654673,10
4984,128.9,66.15209747241579,10
4985,129.1,66.24944444211505,10
4986,128.9,66.59904904225985,10
4987,128.9,66.63240786417505,10
4988,128.9,66.3282242588578,10
4989,129.0,66.34924432291767,10
4990,129.0,66.1547008491796,10
4991,128.8,65.89857526701334,10
4992,128.9,65.65642898198672,10
4993,129.1,65.43775668526543,10
4994,129.2,65.31768520087037,10
4995,129.1,65.0084609877822,10
4996,129.1,65.30007656963352,10
4997,129.2,65.37719616026507,10
4998,129.2,65.10982175439347,10
4999,129.0,65.1954326961977,10
5000,129.0,65.39452916295403,10
