t,cum_regret_mean,cum_regret_sd,n_runs
1,0.0,0.0,10
2,0.028990679884233067,0.039030231797063226,10
3,0.11655571761514665,0.2194086503880505,10
4,0.2532538960345908,0.29278783276309284,10
5,0.4102371252567794,0.3189056347725067,10
6,0.41740421408235895,0.31410787027936293,10
7,0.5599982660793625,0.4161764123769732,10
8,0.747423991502362,0.5191037574929769,10
9,0.8251901702984098,0.5555860387330334,10
10,1.1096994902004231,0.46682371403616113,10
11,1.3063100567072787,0.6016896587238126,10
12,1.4210653057532108,0.4966141900948067,10
13,1.6383189969445944,0.5741133829741345,10
14,1.9129211656155363,0.6659245532737423,10
15,1.9926083667756775,0.6268530934987043,10
16,2.201208596138473,0.5692037819822924,10
17,2.322575706781796,0.6185612897930537,10
18,2.593987408135568,0.7709232737176286,10
19,2.669192113235508,0.8663889997770988,10
20,2.852691376286217,0.9596563435637071,10
21,2.9927871144992784,0.9043581539225904,10
22,3.2632346604123,0.9469795040384731,10
23,3.490971703742416,1.0335817868534178,10
24,3.756420896215805,1.187854645733039,10
25,4.0078072182761515,1.0911365955884056,10
26,4.203164314961463,1.0674013163418603,10
27,4.278902948055573,1.0831096361565402,10
28,4.4229589085297825,1.2124665596975173,10
29,4.629683619241242,1.1627661218858805,10
30,4.773128711864491,1.2278557750798582,10
31,4.80255512460243,1.2336552099952138,10
32,4.942614490326858,1.3750691870280911,10
33,5.07133672330177,1.4928076233864838,10
34,5.2033620347802945,1.5273148662847953,10
35,5.3326629607082205,1.5663240639927534,10
36,5.541162190417138,1.5627698688420235,10
37,5.614121974590043,1.490096279835423,10
38,5.827550401674118,1.406731385570903,10
39,5.9815310250715275,1.4538600073341965,10
40,6.266670346701657,1.560596314276926,10
41,6.40323224328303,1.5254086148192747,10
42,6.546163603018553,1.4102511282252832,10
43,6.581359443030482,1.4129411382105608,10
44,6.8543562595404435,1.4758172219039,10
45,6.934844403289473,1.5325739592789187,10
46,7.201572583697995,1.4856701718628653,10
47,7.425648285464648,1.598358109338259,10
48,7.562610993696633,1.4757771193310956,10
49,7.704239785155259,1.5450071235385394,10
50,7.891147272794255,1.68665937149457,10
51,8.276035537964878,1.8206287250798023,10
52,8.476151566218073,1.9426657304211659,10
53,8.66229071720907,2.020239934428027,10
54,9.06801852902805,2.202618763316856,10
55,9.226014645330334,2.209240338310609,10
56,9.296303874785554,2.237213198556266,10
57,9.702226855864092,2.4383847490680983,10
58,10.013589839993234,2.452924198198023,10
59,10.08689953031276,2.5242874825399206,10
60,10.236448401350836,2.5198072782511223,10
61,10.358755787544395,2.4288294410738507,10
62,10.492859683064578,2.3704837988353935,10
63,10.629989394094356,2.374165314381161,10
64,10.708201959159275,2.4769936672681645,10
65,10.901539244023532,2.587436215264187,10
66,11.098034079195099,2.507720143660067,10
67,11.304129433144087,2.511297075831716,10
68,11.499045875361784,2.598118636444132,10
69,11.70251186127126,2.7185019895474123,10
70,11.916694033353384,2.741091498125688,10
71,12.107814196283606,2.8285461056906747,10
72,12.179939274930389,2.7574092322247488,10
73,12.321167103877674,2.6601365619784345,10
74,12.641267051947636,2.46908738119942,10
75,12.772480543015758,2.5623510589641763,10
76,12.84070599163455,2.5289251153165906,10
77,12.969217223810674,2.646501490412415,10
78,13.037818270859171,2.7310977494480437,10
79,13.300940930542666,2.7149661424124574,10
80,13.495843425286953,2.653654157649859,10
81,13.58038983097039,2.598963640978635,10
82,13.772496416716285,2.507365299107388,10
83,14.017232151203228,2.595674633945999,10
84,14.041945674052744,2.6018217638806265,10
85,14.115574684867028,2.5664772733781733,10
86,14.18225363637705,2.566802988005788,10
87,14.330145298721828,2.5293024132477395,10
88,14.4176172237647,2.62727391121319,10
89,14.636167465546112,2.683814523411831,10
90,14.848755622377137,2.9308426377625034,10
91,15.000301189045212,2.8874067272761814,10
92,15.119594592749127,2.882151678595081,10
93,15.31957352031576,2.9887734731395814,10
94,15.448193805490865,3.018759661415019,10
95,15.58410694976855,3.1897043714703255,10
96,15.664187082629871,3.1860267724144284,10
97,15.988621489513514,3.306052688436743,10
98,16.17761050398766,3.512285947402946,10
99,16.258386345130663,3.479207803694981,10
100,16.336093391488166,3.590341046444122,10
101,16.371609706831684,3.644702032055344,10
102,16.628738697898665,3.702428209169016,10
103,16.698855488258726,3.6300298146095997,10
104,16.84924413665192,3.8205369497949238,10
105,17.105396528331113,4.067009342371551,10
106,17.23727146418708,3.9922461459942995,10
107,17.310116393614486,4.106764292488219,10
108,17.336564452310256,4.091295908646657,10
109,17.548929684961912,4.203606669608835,10
110,17.87367832630894,4.107329039084217,10
111,18.17903960506486,4.191678769075681,10
112,18.475229521216885,4.184660761740671,10
113,18.610091770050307,4.084244927299935,10
114,18.81488293191476,4.1128521228235915,10
115,19.044171611135102,4.187600169253353,10
116,19.11792482296691,4.29962570177303,10
117,19.280375317685955,4.427475278472932,10
118,19.366248939517277,4.405921933966169,10
119,19.505415829155236,4.336470541541575,10
120,19.82426052180582,4.513744827313091,10
121,19.90665298275909,4.573351328772298,10
122,19.93271516713429,4.586845160560287,10
123,20.077401147973035,4.698497274427777,10
124,20.207952062132044,4.592881896262936,10
125,20.29555629166836,4.736091585794894,10
126,20.318837269997275,4.7254880535093005,10
127,20.32743073377905,4.730238247060573,10
128,20.47777765004953,4.823264176080694,10
129,20.685495461651364,4.854600005959153,10
130,20.770291813329578,4.8964884769094414,10
131,20.853645798527836,4.935731437444953,10
132,20.868101558301333,4.9325452316787235,10
133,21.083804618649186,5.128996288807392,10
134,21.222580212496172,5.319894538748095,10
135,21.453212278063102,5.269929280309984,10
136,21.583213726340553,5.393930745988722,10
137,21.714494290273546,5.531412341281711,10
138,21.795173007185333,5.659407092825566,10
139,21.929054783270498,5.800081798386125,10
140,22.0763489975933,5.7813845499477,10
141,22.285965399516577,5.666191450545446,10
142,22.498780910957816,5.576324684922545,10
143,22.823737341234324,5.6229024669101015,10
144,22.965061938725146,5.572900014411652,10
145,23.10558009714017,5.619968487703822,10
146,23.179619892682343,5.72426658841234,10
147,23.24544377892784,5.66177539422245,10
148,23.445933289330405,5.686881810532099,10
149,23.663444914079026,5.718973717152132,10
150,23.69302090491491,5.71903916687728,10
151,23.772377864071427,5.659872099664121,10
152,23.899822167612626,5.653034447011932,10
153,23.97218982136021,5.717559543457267,10
154,24.050915907199176,5.636860483424237,10
155,24.18227355216609,5.606524980507337,10
156,24.379776784164875,5.646918457797986,10
157,24.57500111907442,5.711478304118263,10
158,24.84662840882533,5.714293857949016,10
159,25.037691719624185,5.641707907773872,10
160,25.18494857911956,5.516558871927841,10
161,25.4178903739021,5.591942008572113,10
162,25.687587951649324,5.493977097860399,10
163,25.881529973255944,5.326244230089795,10
164,26.212549377020895,5.384464666652207,10
165,26.351049577960488,5.445916078331287,10
166,26.430802019440524,5.4511635481237315,10
167,26.696390958744093,5.377392417281414,10
168,27.031476832578466,5.332611179473873,10
169,27.285843534879604,5.424888664813779,10
170,27.49366345271912,5.4766589706540065,10
171,27.6929079870768,5.579373809581039,10
172,27.787804366042753,5.6840433325964375,10
173,27.986664856708796,5.704172547244326,10
174,28.18840950697167,5.638736797440507,10
175,28.39103425029769,5.7959242593965445,10
176,28.41442433388415,5.78218761565194,10
177,28.613320793840025,5.833427925567767,10
178,28.693838359724577,5.905577155628628,10
179,28.838032933556825,6.038583537797743,10
180,29.026372877110145,6.077921039035899,10
181,29.225331365687698,6.100510677432262,10
182,29.301313165332807,6.065674002486006,10
183,29.553870732817046,5.951046845431455,10
184,29.8149658935807,5.845792251703911,10
185,29.94732377935273,5.811972955297384,10
186,30.08148069104226,5.7762955582124,10
187,30.145912603450505,5.841773605702633,10
188,30.28373126919347,5.901393776107754,10
189,30.49020027380618,6.076764772956726,10
190,30.634887599301834,6.233221618806769,10
191,30.889640361860785,6.224315088016136,10
192,31.09607898363695,6.180484450315678,10
193,31.346261051249677,6.125880415043134,10
194,31.48128174668998,6.238722964876063,10
195,31.640261120007686,6.267070068707941,10
196,31.78215405097273,6.163921471821108,10
197,31.813978741398536,6.1913590107519205,10
198,31.942988763854704,6.243680420289776,10
199,31.96353413304052,6.255286476567783,10
200,32.03935087120102,6.2816695825206175,10
201,32.17904362625333,6.322508485226515,10
202,32.302222352374386,6.332544814488029,10
203,32.367595121903875,6.305600226179159,10
204,32.42819985420195,6.294354136495187,10
205,32.55808865203459,6.363047382616282,10
206,32.649176228715206,6.341618903438881,10
207,32.781335503558935,6.379231975181499,10
208,32.91169451798722,6.554347131556727,10
209,33.11339946955204,6.527652382505741,10
210,33.179265045245764,6.433691054266482,10
211,33.266687589323794,6.3368056163497455,10
212,33.28383247184943,6.320119445650979,10
213,33.41988058465475,6.2431696367449465,10
214,33.63365504680489,6.1917416357105575,10
215,33.773881448340305,6.286375380260257,10
216,33.85331250751416,6.24267599715774,10
217,34.047348821991505,6.252839761476918,10
218,34.066430936386865,6.2636981088411385,10
219,34.212822256548336,6.385236381193839,10
220,34.42624215883852,6.414984728347222,10
221,34.50910893717778,6.535117268428551,10
222,34.516458809285965,6.540508591346307,10
223,34.66017892046488,6.63486880370825,10
224,34.73020378260411,6.753897511946485,10
225,34.92814644886946,6.847215355407882,10
226,35.018041498665966,6.856134521121539,10
227,35.0879628858889,6.8679651290202175,10
228,35.09311687556596,6.8684490314457785,10
229,35.10361561372033,6.872871034210131,10
230,35.30734614644702,6.907028377213965,10
231,35.45530660531709,6.985440451486996,10
232,35.55419587658366,7.06869691424267,10
233,35.72653401771758,7.083567737451327,10
234,35.813878692154034,7.019783293891814,10
235,36.00956238916507,7.121622209059053,10
236,36.14152780925013,7.10844709030809,10
237,36.335996725764105,7.157260601484235,10
238,36.53257462658196,7.157068698247341,10
239,36.661965975887206,7.132170561322046,10
240,36.87277240515414,7.041436622876654,10
241,37.20284478802295,7.075927619079853,10
242,37.4811684028672,7.1319521507313475,10
243,37.74772397493048,6.996772165019537,10
244,37.947562924783014,6.9933488506518255,10
245,38.149708912375075,7.078129589306816,10
246,38.173633377332365,7.0799306570372496,10
247,38.477419634769085,7.275767879737556,10
248,38.615915817612304,7.357559830697591,10
249,38.80498612064251,7.5513363520427905,10
250,38.84466749533251,7.556985508040417,10
251,39.11565619886899,7.65669453572564,10
252,39.291052719974516,7.746752951691328,10
253,39.42661687775175,7.760160607595902,10
254,39.49641116094208,7.821765803375241,10
255,39.63859182869392,7.803121486509951,10
256,39.894786955758995,7.674400957090993,10
257,40.02959115883213,7.753308361350504,10
258,40.411641405941126,7.868177317672961,10
259,40.50967938985411,7.786975900387166,10
260,40.605723324477324,7.890388141320282,10
261,40.866412674671516,8.034607811591608,10
262,41.0803832747694,8.131681874154888,10
263,41.218797035366286,8.140536919471653,10
264,41.49013620077319,8.088750309266928,10
265,41.57142875369827,8.11349484946915,10
266,41.90746768991597,8.041391833025672,10
267,42.23490626952306,8.184601935493607,10
268,42.44163521968303,8.351980567881945,10
269,42.64095164763677,8.23570292735902,10
270,42.84811427231402,8.247928969742642,10
271,42.9280986694093,8.249950417497763,10
272,43.192624430072485,8.388920056931553,10
273,43.46210421094763,8.328784714008808,10
274,43.603293508848495,8.23208764574345,10
275,43.79561650618566,8.319650556995445,10
276,43.96225404043829,8.463828447931611,10
277,44.259137896842745,8.447351649354752,10
278,44.409582216641425,8.435342039869264,10
279,44.65521317222223,8.496200330348906,10
280,44.73648199470382,8.513802769375337,10
281,44.99821543921164,8.48222338629886,10
282,45.2363107981008,8.498640060745046,10
283,45.326242255999276,8.554903752933553,10
284,45.533021189212626,8.583866185009317,10
285,45.80636204081776,8.695248869242041,10
286,46.021944113780805,8.73877816677168,10
287,46.11051217624365,8.72812643294615,10
288,46.36622380123202,8.819961750460974,10
289,46.5572574753005,8.712641784025294,10
290,46.647669868806354,8.752953497834858,10
291,46.85252259377022,8.667313128146972,10
292,47.01239674833307,8.65286961001299,10
293,47.2206392759323,8.765051147349567,10
294,47.37116671753053,8.86084590001349,10
295,47.50122049105532,8.779033146635136,10
296,47.59637476413429,8.871951818928958,10
297,47.66609183418143,8.89838329754433,10
298,47.86189477283034,8.980382591449938,10
299,48.057066152278864,8.904499645009876,10
300,48.25850651456487,9.007806620959043,10
301,48.52028995438267,8.960718679202627,10
302,48.591162001931195,8.951838507054639,10
303,48.72834456234537,8.953336132791296,10
304,48.98702135850061,9.022595036967937,10
305,49.131411558612896,9.048728175022125,10
306,49.391814748764986,8.946171152707196,10
307,49.46003805815072,8.986213090877897,10
308,49.57656691725387,9.023691373910031,10
309,49.823843327255986,8.990840998732516,10
310,49.96654710903705,9.000846284593843,10
311,50.05213880633501,9.019610768887203,10
312,50.06625476593577,9.019251816610197,10
313,50.16807395167443,9.05406760360775,10
314,50.20068420695661,9.058313396505644,10
315,50.332071536952775,9.111943293497172,10
316,50.4211076835837,9.147724287057969,10
317,50.56682279332567,9.16710585307066,10
318,50.640670659990796,9.199151049342246,10
319,50.78810558041671,9.25949319239109,10
320,50.92886479988137,9.341602315684906,10
321,51.126037559301054,9.320889857804211,10
322,51.40486889112433,9.324675448238944,10
323,51.65014206072853,9.449474142426945,10
324,51.83210057416128,9.603301632459072,10
325,51.921247005893505,9.692468856254534,10
326,52.12500716270764,9.75829642572541,10
327,52.184133661847355,9.790438749697204,10
328,52.29283467522244,9.826313249270976,10
329,52.37044867771126,9.853732528708635,10
330,52.57787284746282,10.014646924286895,10
331,52.79162965142501,10.135539686001307,10
332,53.12120564439001,10.164380646567777,10
333,53.34446143763885,10.25338947937138,10
334,53.38468099535945,10.272386327411137,10
335,53.57359779462981,10.381418494281377,10
336,53.724273786589166,10.46362955647262,10
337,53.76357010375999,10.45777442426071,10
338,54.01764757733184,10.617739881940217,10
339,54.155806806918086,10.709038193568356,10
340,54.23605845064046,10.768257832275717,10
341,54.25469544576349,10.785760608237517,10
342,54.27463176322666,10.786840758405631,10
343,54.364344038034936,10.71095859123481,10
344,54.53789563697764,10.747761431605623,10
345,54.69755407488215,10.878348870578778,10
346,54.79059419667901,10.829788320423042,10
347,54.868985866935176,10.855637485138702,10
348,54.95054452305577,10.692485754221918,10
349,55.152348244360745,10.735691136828748,10
350,55.3645187073671,10.634886973915787,10
351,55.39665018285085,10.626990104725,10
352,55.54190124105715,10.463848654806775,10
353,55.63171322172705,10.385592642397375,10
354,55.702657377649416,10.38027152348262,10
355,55.718244808717046,10.381851220438326,10
356,55.745827268232105,10.385433074106647,10
357,55.83295799249622,10.457603117861549,10
358,55.98480588082572,10.528854291457689,10
359,56.18793570367693,10.626388181211581,10
360,56.27384544170909,10.546037143627705,10
361,56.428669228482704,10.625489897982437,10
362,56.62712031350662,10.712369847207945,10
363,56.765928563913874,10.817649491537722,10
364,57.024571993988374,10.96300320456837,10
365,57.11943241756935,10.971782992884515,10
366,57.13507697351573,10.96890906843321,10
367,57.21350581836784,10.890927276737903,10
368,57.344611562822664,10.986462420055082,10
369,57.42672528846363,10.84298264610706,10
370,57.562153404718984,10.939972409662277,10
371,57.64702285608338,11.038432537281832,10
372,57.78355269710155,11.136056987537684,10
373,57.867358026863236,11.123018531095017,10
374,57.950670060647454,11.10891051405131,10
375,58.08221814890635,11.119725840422213,10
376,58.15622587541257,11.216364128435192,10
377,58.23452572632185,11.229426240167388,10
378,58.32138247910292,11.206637625322655,10
379,58.341129622990174,11.190219284574251,10
380,58.42027928675016,11.106898710724138,10
381,58.442276106767565,11.103371869200389,10
382,58.64406361712162,11.204246930717233,10
383,58.75409734890976,11.323146210713652,10
384,58.83522930340833,11.329505184662839,10
385,58.91694017118412,11.421388876355488,10
386,58.99424511655783,11.476709783672982,10
387,59.125502115285954,11.479844165302962,10
388,59.38157419634606,11.357693022367046,10
389,59.526822453147894,11.444059506747081,10
390,59.731740595299925,11.495762575590174,10
391,59.94635558458386,11.363867883969403,10
392,60.114302670768424,11.426534530006327,10
393,60.374288517649234,11.344428931923032,10
394,60.54251986435902,11.461391324158338,10
395,60.70525629876342,11.404533025686376,10
396,60.97150862639343,11.20610761298712,10
397,61.016200874004745,11.211471624221314,10
398,61.09225859364078,11.217837229544633,10
399,61.168664934272854,11.256905204665205,10
400,61.30816159900487,11.289009894661604,10
401,61.43613173633668,11.403159232942912,10
402,61.53140376044506,11.46770004671195,10
403,61.60270593673679,11.561227578960322,10
404,61.734651110467006,11.704052651926018,10
405,61.7647528986417,11.723053603286841,10
406,61.894833098515036,11.761337040913562,10
407,61.91825563768602,11.768366760376331,10
408,61.996483763034554,11.869941387037766,10
409,62.001914860509615,11.87095525280377,10
410,62.00721661633596,11.868166905163488,10
411,62.079538449206495,11.875154162357404,10
412,62.15822816802745,11.940884374671414,10
413,62.30647577606247,12.011421597459126,10
414,62.382697183364954,12.116335625209599,10
415,62.46164733130769,11.976498259959177,10
416,62.673982486041304,12.155268890385036,10
417,62.816900605104045,12.244111306260221,10
418,63.09002713309926,12.3054990551472,10
419,63.23194471072666,12.233374629885219,10
420,63.37430123419051,12.267563874551765,10
421,63.51178469568858,12.20201086428684,10
422,63.707370223787265,12.272741782201924,10
423,63.78650657845026,12.292158277521272,10
424,63.85298838330018,12.34552192986286,10
425,63.92698222659734,12.343031126392805,10
426,64.06534026696491,12.359696556427703,10
427,64.3138759557336,12.267483051283646,10
428,64.44385506463318,12.320971319796719,10
429,64.45849232038199,12.322479107123986,10
430,64.5976532231845,12.348790498629915,10
431,64.79127408049835,12.329171530154847,10
432,64.99784355495554,12.293905118670537,10
433,65.01574783639781,12.303136862625486,10
434,65.11207540810969,12.34727684614872,10
435,65.13455019135299,12.327494990595763,10
436,65.2590382443448,12.366809744211867,10
437,65.33893963353685,12.422655576940985,10
438,65.42401390894616,12.451028830522375,10
439,65.49629786235936,12.369910491767586,10
440,65.5262711368055,12.364104489098963,10
441,65.55198747134418,12.370444728044957,10
442,65.62582531205979,12.349293266402773,10
443,65.7698830706764,12.376090747662092,10
444,65.90645155972855,12.41458277712245,10
445,66.00089029277065,12.3927925053097,10
446,66.07479879460513,12.383941057242806,10
447,66.14735279971167,12.462511301156741,10
448,66.29566749617875,12.409874811178915,10
449,66.48667920727131,12.530754653079768,10
450,66.61166763050728,12.577827808505607,10
451,66.65488518201207,12.561339204941474,10
452,66.81586689533299,12.639981721264931,10
453,66.95653154039675,12.540737781750009,10
454,67.23431565601447,12.682472588020815,10
455,67.27092578824616,12.677359683707332,10
456,67.47341574130284,12.649890197931233,10
457,67.56150179100555,12.690062350096179,10
458,67.68915886739538,12.689391570047928,10
459,67.88392506506919,12.761525131397743,10
460,68.04246958634442,12.808739978319826,10
461,68.19338714447198,12.763207042706776,10
462,68.324574691706,12.706081122867616,10
463,68.53837615206037,12.593331648409134,10
464,68.67228722473587,12.597228047272427,10
465,68.84864292022446,12.719918923235655,10
466,69.02263742665552,12.687425872525687,10
467,69.1886826184374,12.556703322632481,10
468,69.38744704946708,12.646400649403171,10
469,69.54048649699772,12.717316895604158,10
470,69.80340089283965,12.704714238733926,10
471,69.95579503317758,12.771036299744493,10
472,70.32908856285754,12.615134912701972,10
473,70.64736608507393,12.436111573111136,10
474,70.71457488801731,12.429105116841304,10
475,71.09660227125255,12.285794602895312,10
476,71.3517581113427,12.392519064537192,10
477,71.44699746040581,12.428063218693572,10
478,71.69945710995827,12.421054846482125,10
479,71.77818922776659,12.47127044329258,10
480,71.78893917559782,12.477805296937962,10
481,71.92124615080881,12.47446435384086,10
482,71.99711011667334,12.456220774839153,10
483,72.00780628976379,12.467505611030646,10
484,72.04505792988876,12.455000609197825,10
485,72.19428477525808,12.544143382676642,10
486,72.36384023065155,12.593048203915775,10
487,72.44486065693175,12.61482363886725,10
488,72.59507188168249,12.685634107085347,10
489,72.69169811019665,12.73139186334529,10
490,72.84017103266238,12.5874590584489,10
491,72.90636006150189,12.431834315912456,10
492,72.99593516003964,12.460599032650068,10
493,73.14734227107662,12.337740200228476,10
494,73.36035499319664,12.305941549811852,10
495,73.56963744884708,12.44919543209916,10
496,73.72357490713429,12.38276985712688,10
497,73.94848324046966,12.363855942417581,10
498,74.08134629277228,12.471014285693206,10
499,74.11661421217485,12.466249194386373,10
500,74.25658650696518,12.555189358741574,10
501,74.33363429623982,12.632175401798387,10
502,74.41339986165397,12.681083785004548,10
503,74.49603337082962,12.743562975792942,10
504,74.50877031119511,12.744684880002179,10
505,74.71615778582434,12.84271695802833,10
506,74.91974914347875,12.79809752689643,10
507,74.9909363632625,12.718295714170328,10
508,75.12835625023168,12.678641783414752,10
509,75.32964977664544,12.741253355973495,10
510,75.41250910504246,12.677046200044021,10
511,75.48316079522766,12.727315933365007,10
512,75.62812738863559,12.512873266356957,10
513,75.82996266926693,12.648348832796867,10
514,75.91378994400239,12.576291703714453,10
515,76.114354195839,12.472501941279187,10
516,76.21436065915327,12.485043018028506,10
517,76.26416114958877,12.467091403329384,10
518,76.35698358379187,12.449636128057897,10
519,76.48546542303868,12.434370373049546,10
520,76.67907142164023,12.481503740989982,10
521,76.69029690434488,12.482796134194484,10
522,76.8295155611757,12.535888351192748,10
523,76.84434139405218,12.540450366337629,10
524,76.9290552373864,12.611132761873957,10
525,77.08816414899204,12.670109751973284,10
526,77.30479114532324,12.599749101104237,10
527,77.45498365812034,12.67606463747601,10
528,77.59644110922325,12.714235063596302,10
529,77.844361360319,12.813494880822377,10
530,78.11722732494187,12.961318893299653,10
531,78.33298707539208,13.049439552381687,10
532,78.4712008753232,13.101820349673138,10
533,78.68956144325377,13.272978058430525,10
534,78.90326807622147,13.295684581155031,10
535,78.9728134112971,13.329734893270846,10
536,79.2586795237787,13.33863325058652,10
537,79.41041632860629,13.408649758140601,10
538,79.50090920768275,13.386470788437817,10
539,79.57873010416014,13.439077457291303,10
540,79.84294114222682,13.303142021017711,10
541,80.1088282168919,13.194147177012141,10
542,80.25504633883449,12.96549786979438,10
543,80.45141325725743,12.824142032686316,10
544,80.60732747164525,12.825128593314645,10
545,80.71069555479974,12.838051884995894,10
546,80.79390680853066,12.763666756213984,10
547,80.8671392171633,12.784666984478115,10
548,81.12323616479814,12.923680034925269,10
549,81.4058252046487,13.009305942291979,10
550,81.53591496651508,13.07603642589844,10
551,81.83539585604956,13.092944518241682,10
552,81.98485240065847,13.176320509886901,10
553,82.13734965478507,13.20865722456998,10
554,82.33090710726987,13.234926503148747,10
555,82.4784301660395,13.311415471700577,10
556,82.67822119138808,13.34827160204546,10
557,82.80450330802844,13.302900108768512,10
558,82.93227718135662,13.382675222138328,10
559,83.09184830762435,13.420797374924556,10
560,83.17890076755046,13.35739682737896,10
561,83.25241532768432,13.379082950498885,10
562,83.32882332023557,13.433370415439102,10
563,83.40538606200928,13.459775375036093,10
564,83.48295294855328,13.518908555434745,10
565,83.56087967408936,13.593153855663783,10
566,83.64918961342207,13.613973313039967,10
567,83.90074094250474,13.614660666541491,10
568,83.92578519978044,13.609947949822546,10
569,83.99262798527954,13.664220613740424,10
570,84.02462880177329,13.674876768161054,10
571,84.05344719993641,13.697251584313406,10
572,84.12864586725244,13.544760917889729,10
573,84.26691918152628,13.573062688656714,10
574,84.53018850849097,13.471654753681499,10
575,84.59882039376366,13.494635194848987,10
576,84.66945646107322,13.530263570826634,10
577,84.79956741997903,13.575615509516398,10
578,84.94033482575779,13.639243412782617,10
579,85.02636068241041,13.67756459640233,10
580,85.16924324511498,13.733358350629484,10
581,85.31108833281309,13.785099636309788,10
582,85.45753340356131,13.857976986993961,10
583,85.59395669094444,13.707174605565273,10
584,85.62380496834646,13.675586313012595,10
585,85.70395336857217,13.712808810507868,10
586,85.8480486622398,13.804746191854962,10
587,85.867036347179,13.815784132583891,10
588,86.06324507080387,13.90966010809921,10
589,86.25655764420193,14.018566333555196,10
590,86.38842019996945,14.081994596858097,10
591,86.42613691581823,14.079593285553313,10
592,86.5630000595924,14.181206472162572,10
593,86.64011605702531,14.236497783905246,10
594,86.70895108075051,14.086572987707958,10
595,86.74502611850264,14.009261088824477,10
596,86.81602776049321,14.053198170797382,10
597,86.95291302631551,14.129128627824764,10
598,87.09644688752772,14.09231914316413,10
599,87.17657501757624,14.15221548243162,10
600,87.24728075416091,14.157748356114473,10
601,87.34072293276726,14.198332603833679,10
602,87.47923771391152,14.306294276931885,10
603,87.54888093259983,14.360163911588682,10
604,87.64408126930427,14.412377048145856,10
605,87.71273682188327,14.465601504593769,10
606,87.78680598088881,14.511174666327596,10
607,87.931697468282,14.54879593240713,10
608,88.05921492332101,14.46084970091617,10
609,88.14342902992952,14.43680748002057,10
610,88.1457637496687,14.437854116337531,10
611,88.23451633438815,14.362732431444584,10
612,88.32397134342692,14.429518146401408,10
613,88.39574304373414,14.497261041094667,10
614,88.59771809760655,14.425920122920136,10
615,88.75041757965535,14.486398556530887,10
616,88.8294565343983,14.463445486478436,10
617,89.05011797197105,14.55765768995726,10
618,89.20060782638659,14.425463656853271,10
619,89.29345888026941,14.463374781780423,10
620,89.38029008572661,14.468320429233387,10
621,89.60092839875935,14.342738030053928,10
622,89.67457126665252,14.409068275158743,10
623,89.7541976299291,14.45813317976385,10
624,89.95353323496624,14.595260454952927,10
625,90.1534791695396,14.552840129834397,10
626,90.40992125803919,14.627704242951703,10
627,90.62837728460721,14.675546367122106,10
628,90.84295064829672,14.464077686789734,10
629,90.93601461276322,14.31660581645295,10
630,91.02573602009211,14.2958204731621,10
631,91.18354123521365,14.188110750117524,10
632,91.26957856802434,14.213923770318154,10
633,91.28765101193892,14.214920936168664,10
634,91.37104323550692,14.219449609168773,10
635,91.44542402393724,14.275657977135301,10
636,91.61852820972021,14.297164762826796,10
637,91.64507041997126,14.315997903400948,10
638,91.84146209887018,14.348949161185626,10
639,91.98406667030834,14.409731466655295,10
640,92.12562298140836,14.475779695276959,10
641,92.14537445246931,14.474846115866436,10
642,92.22681983561074,14.515140191614755,10
643,92.42828395795075,14.460652321733694,10
644,92.63226606680689,14.390381079765111,10
645,92.7693056327426,14.355257281464318,10
646,92.91491017651558,14.44410679443657,10
647,93.12836182667009,14.485737238124658,10
648,93.33093975631785,14.54427247518163,10
649,93.47662135493036,14.552203016378677,10
650,93.79891928817734,14.685769710864822,10
651,93.87924258293225,14.711155695524033,10
652,93.9659005727081,14.61536745192375,10
653,94.05720735364726,14.673088465390206,10
654,94.13436563229382,14.58299532166724,10
655,94.19557280203858,14.589721738684208,10
656,94.27541132743069,14.497978517212765,10
657,94.4329633653883,14.557507797120566,10
658,94.50906111516781,14.588237964216836,10
659,94.52912773439216,14.585100876613149,10
660,94.56679169416294,14.5680137743846,10
661,94.59058856879403,14.57680952185145,10
662,94.62060416863886,14.592452393441542,10
663,94.82127850312557,14.654015251507971,10
664,94.84759417407466,14.654018400249548,10
665,95.05979873598899,14.68885956255138,10
666,95.14236170925406,14.708338182393895,10
667,95.28083507688802,14.72002613087196,10
668,95.50091243355669,14.79304619980322,10
669,95.57511460785524,14.85972439357044,10
670,95.70895082642865,14.942251989262562,10
671,95.805845978335,14.93077672635224,10
672,95.87583313648784,14.997196606791855,10
673,95.94684800515837,15.021769523888135,10
674,96.03463161694506,15.082773812499884,10
675,96.1217476003838,15.135474437727575,10
676,96.17768874669044,15.13141264128781,10
677,96.32440158990644,15.079080893865044,10
678,96.41217180385803,14.994455207915346,10
679,96.48584511625596,14.982814316363374,10
680,96.65692168210883,15.055960449090339,10
681,96.80874126655303,14.999257123973875,10
682,96.9502536628036,15.06476369184294,10
683,97.21637642216851,15.005962592166878,10
684,97.35016500534141,15.102662934952333,10
685,97.4353330078699,15.106935529251391,10
686,97.52251566113593,15.186919287289303,10
687,97.78793800019123,15.045394757704786,10
688,98.0325984988092,15.149898654279884,10
689,98.15209497329865,15.098391414704214,10
690,98.35299782690629,15.203477527034861,10
691,98.56163826272581,15.156667289074797,10
692,98.7882176331746,15.117758285049598,10
693,98.9363082645375,15.249018825174735,10
694,99.07326195900711,15.360301149203822,10
695,99.23258104789066,15.464492225204287,10
696,99.30180977438056,15.484471737794223,10
697,99.45820517285615,15.60636134196057,10
698,99.59591828810744,15.763761267991857,10
699,99.62104295098308,15.780223097567475,10
700,99.64375844795065,15.792177268727286,10
701,99.71747241542148,15.831909338139138,10
702,99.7990623139793,15.901659475768952,10
703,99.87166105930945,15.994900873568856,10
704,100.025892747553,16.014085200999027,10
705,100.0508849689196,16.013860590112785,10
706,100.25543450200057,16.134204466167485,10
707,100.46722954624643,16.099631340837426,10
708,100.61103598491069,16.08555190572741,10
709,100.68393107593491,16.12537388884235,10
710,100.76394566659249,16.137377672301863,10
711,100.8357228095415,16.056766019738802,10
712,100.96607431748498,16.09251362455741,10
713,101.14321037800477,16.093253886718053,10
714,101.1547056294484,16.100526451340407,10
715,101.29413486907012,16.042197377462298,10
716,101.4401610968999,16.112826240929298,10
717,101.51133671479435,16.117080892448158,10
718,101.58593328704966,16.138843930422723,10
719,101.67032058801614,16.05915355130379,10
720,101.90783405416634,16.210318204611806,10
721,102.17292737299388,16.20949422589967,10
722,102.44836548751664,16.24047912740886,10
723,102.51827783698032,16.288015621391416,10
724,102.64835226561881,16.402498935985484,10
725,102.77884200018457,16.487407706771606,10
726,102.94000579641632,16.585634123869504,10
727,103.01896702639979,16.65690014626973,10
728,103.23225065978218,16.836129721386115,10
729,103.45679125606596,17.00947813466593,10
730,103.54022218966786,17.06575595580927,10
731,103.62165572664337,17.143624855048646,10
732,103.77451989816726,17.16663272296569,10
733,103.97518596826858,17.33558815154355,10
734,104.12220658401804,17.323721398066265,10
735,104.1881404434657,17.32418366339689,10
736,104.39450306827075,17.436559995841392,10
737,104.590136417539,17.44138418093384,10
738,104.60708692953611,17.44550104309337,10
739,104.6898707092246,17.307107051602525,10
740,104.77091263505724,17.373473298087948,10
741,104.8573473342803,17.476279676931647,10
742,105.06147308906637,17.60860322849918,10
743,105.12928564209642,17.62734355228986,10
744,105.15293979886444,17.641439126321455,10
745,105.37207311647009,17.683520553645756,10
746,105.5064570257194,17.760471493114775,10
747,105.51216716946392,17.757806271878156,10
748,105.71782960815078,17.949148129284378,10
749,105.7962481684433,17.864149155215348,10
750,105.94557162891604,18.02397260094156,10
751,105.94881512902775,18.02168677587269,10
752,105.95415324973494,18.02202118182741,10
753,106.09141124257272,18.127550018615025,10
754,106.1737504431264,18.13405815131489,10
755,106.27671322079964,18.230335005114647,10
756,106.4201810572597,18.268859164826434,10
757,106.43337514740772,18.287704967207333,10
758,106.4380368222518,18.289610253176484,10
759,106.45468315017597,18.30106313078259,10
760,106.49151619801569,18.320849401509005,10
761,106.56277514876975,18.33139777009226,10
762,106.6675610797211,18.3368580994744,10
763,106.69427224563631,18.348276903909227,10
764,106.761182459775,18.3675557375889,10
765,106.8474110373448,18.465374786889708,10
766,107.04123672099152,18.645583726169253,10
767,107.11036632035425,18.669260868440265,10
768,107.1827038156706,18.720507984962058,10
769,107.26186198530179,18.783597600867992,10
770,107.33784687796803,18.796552266406103,10
771,107.48314144807266,18.863882989719226,10
772,107.59943072865876,18.97195094846816,10
773,107.61145220483127,18.955246095548862,10
774,107.63598591832246,18.96718371284921,10
775,107.76532960980651,18.99302394378046,10
776,107.82046167047379,18.98328635234509,10
777,107.94511165903695,19.05432066164647,10
778,107.95419242697548,19.041742380694835,10
779,107.97819698753449,19.02279465585211,10
780,108.03270255560373,19.04007544583208,10
781,108.12221631734776,19.09242998900741,10
782,108.31389486480245,19.22377542398551,10
783,108.51728657199331,19.30340224448412,10
784,108.60192444084444,19.414613998468308,10
785,108.74683044225097,19.48949917768358,10
786,108.87905003656802,19.514456114127558,10
787,109.08333125851962,19.54742200406777,10
788,109.22181593461794,19.67272520951999,10
789,109.29920603925382,19.701537063674184,10
790,109.38285333819108,19.75830434061467,10
791,109.45125837351372,19.768887966097243,10
792,109.59874719672989,19.649765809118932,10
793,109.79439250002031,19.65591258166151,10
794,109.99986266219074,19.813340684100684,10
795,110.07736685413036,19.922009968499143,10
796,110.21723239682531,19.971871494502157,10
797,110.35960521651846,20.133245441609525,10
798,110.49263654743439,20.28096280895498,10
799,110.58951471321943,20.323024385039258,10
800,110.7995809222135,20.454465401188816,10
801,110.81952792031,20.474131414966532,10
802,110.96300072232518,20.501147639668254,10
803,111.0572976938262,20.530836814670792,10
804,111.19941754955921,20.415599759142623,10
805,111.2113204416426,20.417777493000656,10
806,111.24851515325103,20.410031400297118,10
807,111.31664611976123,20.516143075794,10
808,111.34101470439865,20.516352476937495,10
809,111.34450429405165,20.517929530889617,10
810,111.49563292306784,20.40868545051688,10
811,111.68811323712293,20.397061928034177,10
812,111.69645488917077,20.394502617736087,10
813,111.96338802109571,20.16725518685183,10
814,112.10050691970503,20.290894302182235,10
815,112.2335267231091,20.247202393163995,10
816,112.44081020490505,20.36655789966799,10
817,112.7060242922905,20.24942313043125,10
818,113.0341397574158,20.42944865584502,10
819,113.12547282642046,20.551957503758768,10
820,113.33048459060153,20.547942145620844,10
821,113.46878312409049,20.598189727037425,10
822,113.54542575554731,20.468232825111215,10
823,113.68508707617498,20.606660952700253,10
824,113.7644645618033,20.663603009972093,10
825,113.78960978947514,20.68597779835785,10
826,113.86120025681585,20.562712299326197,10
827,114.01597347583777,20.608349832770624,10
828,114.08287905684713,20.712516374836717,10
829,114.22469286611997,20.7774525000768,10
830,114.41008866337745,20.82201423256039,10
831,114.73605807521938,20.86598567881349,10
832,114.97077556216925,20.80069819377654,10
833,115.09418990740926,20.941898171879853,10
834,115.17315782397107,20.951767061856163,10
835,115.39094414158608,20.873265560180467,10
836,115.46655478378334,20.981546633618574,10
837,115.48346152174022,20.991698151082378,10
838,115.61097196739834,21.138735563798082,10
839,115.68241182896011,21.193156550562552,10
840,115.69187041826612,21.18958244461737,10
841,115.7746054197462,21.23134283888853,10
842,115.84237600223994,21.35240903186683,10
843,115.97789191521929,21.431794648449607,10
844,115.9999593787808,21.445635462469163,10
845,116.02235051887317,21.446507448373364,10
846,116.08735290966747,21.5661583067147,10
847,116.1090774494476,21.580847446509868,10
848,116.18848455345942,21.61833081069455,10
849,116.27794362662966,21.659561287081292,10
850,116.34397016635614,21.716024220765984,10
851,116.48227570593608,21.726516257736467,10
852,116.5618892018681,21.846308450334316,10
853,116.57059297573616,21.853005885935076,10
854,116.70177559567875,21.893387947436956,10
855,116.78514911913973,21.967182307090905,10
856,116.86938740528642,21.93628615303357,10
857,116.88277990721463,21.937313085800444,10
858,116.95052171350956,21.9620990448244,10
859,117.04048149664379,21.950339287433888,10
860,117.13286446610027,21.859762716519487,10
861,117.30836094884069,21.892672224375172,10
862,117.32230453743216,21.9036868461168,10
863,117.39687817948906,21.962446534785325,10
864,117.54787543316941,21.967838869209803,10
865,117.64749156448752,21.854704835645187,10
866,117.92560966086401,21.581179593828423,10
867,117.98560452585755,21.557673724048747,10
868,118.08350244261653,21.582505669263984,10
869,118.24743270295144,21.413573660484612,10
870,118.37715722124226,21.420312071653502,10
871,118.64417018379704,21.266236852957405,10
872,118.73098925052098,21.150314711427825,10
873,118.8032775281325,21.114867196328387,10
874,118.87461201607653,21.121326814522696,10
875,118.94014303422014,21.109745083003315,10
876,119.01242118907396,21.159724953778507,10
877,119.1684771587624,21.31442075753193,10
878,119.30555990816845,21.361780105212627,10
879,119.3129583229971,21.366749140138975,10
880,119.38365274759467,21.39313759782331,10
881,119.40299871091347,21.38934528457295,10
882,119.5414902617749,21.337394457109532,10
883,119.67830072413763,21.27956489533312,10
884,119.69216090210509,21.287123911750584,10
885,119.94393088431164,21.225705583911495,10
886,120.19123119407102,21.271750716755186,10
887,120.50903842676583,21.32383543372819,10
888,120.73025952351767,21.470017151646097,10
889,120.86536341448557,21.62498406900675,10
890,120.95721881472136,21.663733296317503,10
891,121.03984595574688,21.68212547371615,10
892,121.30125316156082,21.865697144994815,10
893,121.36098864480411,21.898578963943603,10
894,121.51020571197414,21.92139184477531,10
895,121.69871350212478,22.0427638807508,10
896,121.83000003208676,22.19682038251572,10
897,121.97227219458782,22.2842690570372,10
898,122.10068318415767,22.362604688947286,10
899,122.18463316199184,22.35184233485767,10
900,122.25682736082994,22.340683758356423,10
901,122.51158411860254,22.570954205952454,10
902,122.59313053835585,22.603765385385827,10
903,122.61572655148468,22.626188330433543,10
904,122.69630035441006,22.52273712513934,10
905,122.81198417950884,22.50607304030607,10
906,122.94540299437452,22.503423352041132,10
907,123.19808762361663,22.538080198075775,10
908,123.47047608391776,22.653850126896867,10
909,123.68731041454998,22.67491437056382,10
910,123.75585109771214,22.79038467540418,10
911,123.84104524364992,22.852737860862494,10
912,123.88086990218929,22.86563131216295,10
913,123.97698562903244,22.873766049052115,10
914,124.14922178656393,22.818383186584875,10
915,124.17126720748104,22.83663450158819,10
916,124.45454135305832,22.888026534665382,10
917,124.55833018391786,22.803094524140974,10
918,124.75599292037884,22.724419988393862,10
919,124.84025877854701,22.618755952603642,10
920,124.84697436841323,22.618987316382913,10
921,124.98615586703218,22.40846017197355,10
922,125.12580334996309,22.325992311922676,10
923,125.22987503910943,22.35749375655831,10
924,125.33259197287646,22.409615453441628,10
925,125.41033245751859,22.451883501620603,10
926,125.56355723043589,22.513525354405555,10
927,125.66857424297976,22.541106382574977,10
928,125.75501066930937,22.42376599567373,10
929,125.83188826299252,22.423124224203264,10
930,125.98563458655137,22.33300255560076,10
931,126.19354232654504,22.374685325249647,10
932,126.40095008726186,22.329884464050327,10
933,126.47360238619213,22.336179286475925,10
934,126.47667496406515,22.33760528219591,10
935,126.50466959695116,22.36242591719413,10
936,126.51665903570702,22.36903041379415,10
937,126.52207897554949,22.366250218425105,10
938,126.61112974304297,22.416524713915884,10
939,126.76351096978503,22.3140001959089,10
940,126.91376120801756,22.196625325816004,10
941,127.12022756077367,22.31397283411294,10
942,127.32097261313456,22.30107681993658,10
943,127.453445568639,22.369105224923153,10
944,127.47023366974318,22.371694537121513,10
945,127.47656814724016,22.368402388306,10
946,127.62276692991092,22.278481549051,10
947,127.81728546676086,22.292114445005026,10
948,127.90000660351063,22.222640850453775,10
949,127.96927483115037,22.196213460042568,10
950,128.0469546137451,22.227726464527738,10
951,128.31426066234312,22.241756745136673,10
952,128.4211327582399,22.21316949767683,10
953,128.48796584812308,22.189579586965596,10
954,128.61744703668015,22.14620148761047,10
955,128.77677446594353,22.302655431768073,10
956,128.91347024268333,22.384250493391487,10
957,129.09169780031647,22.516802019818247,10
958,129.24124439606848,22.5460344580479,10
959,129.41260426119496,22.57154356913691,10
960,129.42783674635405,22.572031053727397,10
961,129.59161405869884,22.73290324320894,10
962,129.73263081854742,22.76983685202624,10
963,129.81292861505975,22.769361089972968,10
964,129.8951740637919,22.778097598026168,10
965,130.06109281049206,22.792163937108946,10
966,130.19157807817754,22.767672498717868,10
967,130.25983309083946,22.886751866154228,10
968,130.34014081327982,23.0057696722058,10
969,130.4774776899215,23.040265837263046,10
970,130.5631798572702,22.933223037775946,10
971,130.65251584670602,23.044698302714163,10
972,130.84551789636902,23.177838665099454,10
973,130.9332186186167,23.18869387755985,10
974,131.072079407228,23.29777632729395,10
975,131.217878673964,23.335872392724042,10
976,131.4276283029416,23.343542996006487,10
977,131.6899794454245,23.39524926407955,10
978,131.76505918183156,23.342231007909866,10
979,131.85998857045686,23.396647905636534,10
980,131.94720230354613,23.434758039186995,10
981,132.0498427186381,23.36900142102608,10
982,132.12559019969052,23.407246211577867,10
983,132.21294880630325,23.434945918189392,10
984,132.24028290096504,23.432688334227283,10
985,132.25744232112623,23.40811026149083,10
986,132.33041150894448,23.53467836523759,10
987,132.41762559355928,23.66844634507742,10
988,132.49933083464663,23.61007943813923,10
989,132.5067023781469,23.611856184637688,10
990,132.51883550317876,23.613622146700497,10
991,132.60204873901301,23.639839580705974,10
992,132.6286784369088,23.660280740445987,10
993,132.6408590385401,23.66420910159038,10
994,132.71450793761326,23.784296751574306,10
995,132.78769124547745,23.784019398750836,10
996,132.82074339154724,23.783944011819514,10
997,132.8365415137991,23.785757070965243,10
998,132.90404411323183,23.91151613785817,10
999,132.92119422318302,23.918619122915768,10
1000,133.06384467688207,23.795521471495103,10
1001,133.0899741377286,23.820758514141186,10
1002,133.22382283805555,23.821519726222903,10
1003,133.36897608021962,23.893731457885796,10
1004,133.4488710214662,23.96344623283084,10
1005,133.5249470594188,23.95884027500709,10
1006,133.5403488223015,23.957493485169284,10
1007,133.61886987538236,24.01877398297699,10
1008,133.6958868660381,24.044610796178677,10
1009,133.77139926965827,24.08871395201699,10
1010,133.85759623509648,24.14475498986513,10
1011,133.94835867314714,24.088941902443665,10
1012,134.14967538345925,24.06624071360678,10
1013,134.2953939662547,24.104724263863737,10
1014,134.49110564436188,24.197538882174538,10
1015,134.6895147252487,24.212025636576193,10
1016,134.69641553054467,24.213506225991953,10
1017,134.72240473294178,24.228882282873105,10
1018,134.92484715308376,24.201470415035118,10
1019,135.04359630093364,24.232367738273293,10
1020,135.1257527689819,24.15835487689208,10
1021,135.29368610306682,24.117823490606575,10
1022,135.44818646949986,24.21414290495927,10
1023,135.583534229297,24.327652452955217,10
1024,135.59474888479627,24.32948690232568,10
1025,135.61558041540542,24.32890309055832,10
1026,135.69875028011674,24.36055018970598,10
1027,135.73109021710218,24.348448260670143,10
1028,135.8074221110326,24.346560938462833,10
1029,135.9473211749184,24.37268200417128,10
1030,136.1875961750066,24.53700642410533,10
1031,136.3864836874699,24.51738055083471,10
1032,136.64890544341034,24.36248894308863,10
1033,136.78783276327977,24.375748664073914,10
1034,136.94003896463246,24.39010934334461,10
1035,137.2186344181221,24.25840678585688,10
1036,137.42515619673313,24.326452769923787,10
1037,137.43486950084036,24.326612221656973,10
1038,137.57837713782595,24.354135562421693,10
1039,137.66161793207814,24.47107251851251,10
1040,137.80694114535845,24.53877698655242,10
1041,137.8364500523472,24.549323703740164,10
1042,138.03905560435138,24.513107264182974,10
1043,138.06255599340895,24.505503704602017,10
1044,138.08546623590414,24.502708078125085,10
1045,138.1581250942883,24.418131065694528,10
1046,138.23892003256415,24.42976107638475,10
1047,138.30450913727995,24.460903307362297,10
1048,138.38727245626302,24.500736593533365,10
1049,138.45773760451294,24.55364134689635,10
1050,138.65066134894505,24.539946382577238,10
1051,138.81726411643115,24.70763835609748,10
1052,138.89257292194785,24.777451042026648,10
1053,138.9752985499424,24.903182925471743,10
1054,139.11925636483258,24.874820227338027,10
1055,139.19482856998914,24.80379342203471,10
1056,139.403595812623,24.891408121416315,10
1057,139.55064797806523,24.941493585948578,10
1058,139.68301262760136,24.896202482586393,10
1059,139.81327756579697,25.053112300297997,10
1060,139.89150981761117,24.984499722559352,10
1061,139.97589022861342,24.939034999886093,10
1062,140.1331994834342,25.07247855602293,10
1063,140.26519331709477,25.198718639507586,10
1064,140.2996130158313,25.20699864844086,10
1065,140.32309615537423,25.21455293461606,10
1066,140.40155091280428,25.344454517045676,10
1067,140.4058295331839,25.347612946120357,10
1068,140.47144986832922,25.37880196003268,10
1069,140.61642054090177,25.465158262214057,10
1070,140.7790715333486,25.61604821265698,10
1071,140.8695246897665,25.757972267000937,10
1072,140.9406314185517,25.800519904109173,10
1073,141.0372599655966,25.910821717635503,10
1074,141.17369454850504,26.074177248448194,10
1075,141.24573067149737,26.114936666690472,10
1076,141.3919311377927,26.190363427787865,10
1077,141.4674091267419,26.20244426715731,10
1078,141.5684799788514,26.27656497213735,10
1079,141.7078669881202,26.449035433027603,10
1080,141.7844491213518,26.444029160807617,10
1081,141.98462034742641,26.581628787820854,10
1082,142.12312149760152,26.67769350450647,10
1083,142.30839843359976,26.878415401404553,10
1084,142.41794723059905,26.83872493242323,10
1085,142.49887997395382,26.964631577759764,10
1086,142.69442808003873,27.13649002814499,10
1087,142.8814277646751,27.223703368740956,10
1088,143.03908521485496,27.234986548199615,10
1089,143.2469193197815,27.429326758231557,10
1090,143.5211868287384,27.375651616218917,10
1091,143.60307246273305,27.414480258521035,10
1092,143.68822350361,27.53468233178003,10
1093,143.77787086392692,27.53774012809483,10
1094,143.79618629823898,27.535308573428807,10
1095,143.93591486205096,27.581596819760556,10
1096,144.01274248762104,27.579621879672633,10
1097,144.2154949405488,27.484922116651827,10
1098,144.28543524637797,27.517554859761013,10
1099,144.35808275251065,27.508375890118636,10
1100,144.4281109636896,27.50321480259732,10
1101,144.50070866750872,27.501557122733363,10
1102,144.52213306748067,27.49149716428311,10
1103,144.5900643400134,27.425958689569356,10
1104,144.668904096533,27.362348968093666,10
1105,144.93213708756727,27.28128843876732,10
1106,145.0132611920805,27.311472022539,10
1107,145.27200944448265,27.237015988716113,10
1108,145.3992967514052,27.321795394916375,10
1109,145.74210519716772,27.38945371364207,10
1110,145.87068307914282,27.376953911324023,10
1111,145.94918511831364,27.433082000186186,10
1112,146.1509915410852,27.39530023197312,10
1113,146.29649548519433,27.296218595175986,10
1114,146.4175227797885,27.33838839275104,10
1115,146.6065448280609,27.277175361360207,10
1116,146.74808843205716,27.25633105753703,10
1117,146.9399472750085,27.128347989437458,10
1118,147.08543240750672,27.11185185263969,10
1119,147.2109923715024,27.153617882176857,10
1120,147.27874578773753,27.19064285168741,10
1121,147.2868225388274,27.180555536055554,10
1122,147.41038229888292,27.06938757229371,10
1123,147.5525157446105,27.059864702364777,10
1124,147.58256126561614,27.049685141222234,10
1125,147.72129410178675,26.931388137436482,10
1126,147.79140433877927,26.975158017549607,10
1127,147.93389227844295,26.902264623014904,10
1128,148.08395233576522,26.959458639407977,10
1129,148.22022292484107,26.95806096759928,10
1130,148.22488640416708,26.960100379493138,10
1131,148.28083375040242,26.94583076167436,10
1132,148.48732742343032,27.068380665788727,10
1133,148.56834178897563,27.183577596925744,10
1134,148.58541897904885,27.17526187749651,10
1135,148.65780114811696,27.293269385686617,10
1136,148.73876070364338,27.340668188103567,10
1137,148.81335762987356,27.380792763210607,10
1138,148.88822446628666,27.426818311116158,10
1139,149.10062207817984,27.428828927047793,10
1140,149.1857648217687,27.375496998938612,10
1141,149.26490136110758,27.382609986433316,10
1142,149.3453962315517,27.390706333321315,10
1143,149.42024987805206,27.44440242379329,10
1144,149.54509554894727,27.491984890650823,10
1145,149.64159591669306,27.49619169427917,10
1146,149.7239426826215,27.50666565822911,10
1147,149.97215346959655,27.50104764836815,10
1148,150.050598802924,27.563504629341086,10
1149,150.12603730288896,27.61876419750396,10
1150,150.19242975953227,27.627947930787833,10
1151,150.27970321336596,27.706260027292185,10
1152,150.4243702460447,27.778337511507758,10
1153,150.4887398058358,27.769368390721745,10
1154,150.50277024414464,27.779826642847812,10
1155,150.5910436954724,27.788447975439464,10
1156,150.7105138266653,27.760631295414022,10
1157,150.7857790134657,27.70661445816039,10
1158,150.86100396279608,27.69615648880857,10
1159,151.18915298715632,27.857698855613307,10
1160,151.33691649895724,28.010543398305146,10
1161,151.48012211970217,28.052622137850495,10
1162,151.57343999653372,27.924754081936612,10
1163,151.65239967614002,27.883943955806696,10
1164,151.79293381848208,27.997942634087863,10
1165,151.92562806366817,28.023626626421066,10
1166,152.07838908956023,28.103787026484945,10
1167,152.22435163905428,27.977464495404302,10
1168,152.37357530558748,27.92201025280125,10
1169,152.52484544164255,27.74247820223039,10
1170,152.60238540537048,27.7292810009386,10
1171,152.86899531270794,27.59615493201018,10
1172,152.872467617334,27.592556043232097,10
1173,153.0048782407736,27.644680390843064,10
1174,153.08036757938072,27.590695731385605,10
1175,153.26540201023528,27.60449747039464,10
1176,153.34137546780406,27.71043216288498,10
1177,153.53376337071862,27.876197911978917,10
1178,153.54603764762916,27.876792319700815,10
1179,153.61902345033658,27.939231454134855,10
1180,153.6233696123429,27.940907360015586,10
1181,153.64893455708338,27.972924591097236,10
1182,153.67091710732475,27.965614796678672,10
1183,153.8209449345216,27.907681155746648,10
1184,153.90237470765024,27.780180227096352,10
1185,153.92943159242526,27.786535226725398,10
1186,153.9388262832842,27.781839383141353,10
1187,154.06860702757206,27.765075743140013,10
1188,154.32821713437397,27.739190281930245,10
1189,154.41136321843223,27.667380248445674,10
1190,154.55363827534882,27.66205083034392,10
1191,154.7075108963807,27.76973669993115,10
1192,154.7916502758517,27.834037435799335,10
1193,154.80156894746017,27.834406616743248,10
1194,154.94012747285063,27.88609663146143,10
1195,154.9631345679647,27.91370293221388,10
1196,155.16642456350115,28.058725946266563,10
1197,155.18081275503533,28.056249920250757,10
1198,155.2626397292815,27.991906870982465,10
1199,155.34648884922433,27.9360218852871,10
1200,155.55314752973806,27.986901667106547,10
1201,155.6382530077778,27.991171201961183,10
1202,155.65343377096627,27.99720078621588,10
1203,155.7284479010848,27.995231841251037,10
1204,155.79466003560714,28.033155404160347,10
1205,155.86885863425027,28.026897712757485,10
1206,155.94849892620863,28.019912485315714,10
1207,156.02489744635693,27.95571514410966,10
1208,156.22768660256628,27.939091392746732,10
1209,156.36352229258162,27.944861650895284,10
1210,156.36816288966617,27.94360690439731,10
1211,156.4345759418438,27.87729235664792,10
1212,156.44417909099946,27.87037500650565,10
1213,156.52774823149076,27.805708513227728,10
1214,156.59528746545197,27.74202886974629,10
1215,156.66884827513113,27.720312489161447,10
1216,156.7420319385812,27.716393346459004,10
1217,156.78565393300192,27.706608342244117,10
1218,156.8691997299813,27.69723335611129,10
1219,157.0225563513569,27.874194477672997,10
1220,157.1038719038059,27.8080467346588,10
1221,157.1793578475136,27.921693360553636,10
1222,157.21493801761864,27.931410115416707,10
1223,157.2838798709759,27.928930800067285,10
1224,157.354514129951,27.947569886112998,10
1225,157.3703295489049,27.95155989697544,10
1226,157.3881998570336,27.94885284565031,10
1227,157.59455469532995,27.933643580480457,10
1228,157.6027838023021,27.926062624279336,10
1229,157.80050992240413,27.799185988214134,10
1230,157.94803349297632,27.868805866805065,10
1231,158.14928161682354,27.856644627230583,10
1232,158.27519288210962,27.675368495897935,10
1233,158.46724309532817,27.615623807166404,10
1234,158.55210070351197,27.65388227333066,10
1235,158.6304129851692,27.517687909883534,10
1236,158.64599727577257,27.509037026387826,10
1237,158.7835668788907,27.374337837110478,10
1238,158.86070370090064,27.242207812354227,10
1239,158.9911935236174,27.225061938526217,10
1240,159.11972043474057,27.273606499339834,10
1241,159.22341548659887,27.241975462170554,10
1242,159.3227378235531,27.16941633368083,10
1243,159.47257692874638,26.981860392908285,10
1244,159.60363701967898,26.97949565107334,10
1245,159.73203080082598,26.868785629586547,10
1246,159.81892206347993,26.799970143362803,10
1247,159.95056542222304,26.96651741985159,10
1248,160.00899957535108,27.0633082478541,10
1249,160.15558448407222,27.043184668153216,10
1250,160.35804406336476,26.785619623590755,10
1251,160.4907595220717,26.784214276530356,10
1252,160.6385463618973,26.675042611188314,10
1253,160.76347439532947,26.503308565387346,10
1254,160.85154165416685,26.458779698834206,10
1255,160.93828177796132,26.479724765092485,10
1256,160.95007039651114,26.4812404920841,10
1257,161.07824866866605,26.38366740937273,10
1258,161.08971454566452,26.377406771211454,10
1259,161.1034996451602,26.372849543593684,10
1260,161.23426040542196,26.324867159048576,10
1261,161.49475842522648,26.382495699816623,10
1262,161.5854652273765,26.367997840495715,10
1263,161.60928208712204,26.363972894670322,10
1264,161.61412259829712,26.359746275019827,10
1265,161.64452189702982,26.341520712317728,10
1266,161.67119372379358,26.33695753441141,10
1267,161.74887350342075,26.361862327407355,10
1268,161.8325772956918,26.3283274360408,10
1269,161.85842271639882,26.337337552739587,10
1270,162.0669002701196,26.285455619785253,10
1271,162.20162155541,26.249219971525413,10
1272,162.4107843223135,26.21255790507133,10
1273,162.50088773030646,26.276729016007796,10
1274,162.5846717323178,26.313182961105458,10
1275,162.58776657256396,26.314236865963334,10
1276,162.8306394113044,26.24387676000481,10
1277,163.0792930534587,26.3163762881254,10
1278,163.23000597421995,26.36161675713807,10
1279,163.2340760474678,26.358988367914524,10
1280,163.35586938292437,26.40948343513678,10
1281,163.5473033695312,26.497525123671736,10
1282,163.67615073552273,26.56131522946404,10
1283,163.81154107737422,26.645983528562272,10
1284,163.8470147993075,26.63914338012356,10
1285,164.00886679673164,26.660836635346936,10
1286,164.21363121447237,26.676532851888215,10
1287,164.34864749245162,26.780436220833415,10
1288,164.5412922847438,26.584691929014394,10
1289,164.61998445367482,26.59571750707056,10
1290,164.75138691618076,26.597147891643644,10
1291,164.8185068905529,26.65206418540863,10
1292,164.89489970782319,26.65377881459563,10
1293,165.05249354567422,26.677950244568912,10
1294,165.14290042002594,26.72143831096508,10
1295,165.16221011348102,26.73120710771788,10
1296,165.3023953771677,26.82765408462546,10
1297,165.33292784471496,26.83965844990698,10
1298,165.48357868672798,26.794944030212548,10
1299,165.62320965848727,26.947584175262943,10
1300,165.72091606229145,27.00406790103833,10
1301,165.8919342420737,27.1145608703155,10
1302,166.0246785423046,27.102663816029903,10
1303,166.17807627908897,27.161485456463502,10
1304,166.32200073523677,27.226170290564536,10
1305,166.5097329347365,27.349725813362824,10
1306,166.6546089363306,27.310201738601997,10
1307,166.86257888874448,27.465943195355567,10
1308,166.95813674408993,27.539573032040877,10
1309,166.96470013977978,27.539462368304296,10
1310,167.03334108427717,27.41375497167193,10
1311,167.12583395476423,27.48288197929596,10
1312,167.13530535347115,27.475239719439152,10
1313,167.1401604139189,27.47817931902813,10
1314,167.15467285146735,27.476496702673874,10
1315,167.16628402116618,27.48224948181147,10
1316,167.30150230150008,27.546674769271142,10
1317,167.36486921584955,27.48428542056291,10
1318,167.51416617680752,27.466399144682722,10
1319,167.65917484979826,27.495519793162345,10
1320,167.7893644877075,27.6600750988534,10
1321,167.88144594902403,27.67695982204967,10
1322,168.02819723887495,27.817837942158928,10
1323,168.20862625619043,27.922995432611874,10
1324,168.4708197140696,28.031896644021593,10
1325,168.60314044947359,28.127207879004345,10
1326,168.68388494852508,28.19845509738156,10
1327,168.82608952902325,28.17141809770771,10
1328,168.8371827762321,28.176083790642185,10
1329,168.98009843520776,28.282147952247275,10
1330,169.0615965033918,28.325766852194974,10
1331,169.12072671463076,28.329668048457844,10
1332,169.2169968542676,28.344592455577423,10
1333,169.3224682935683,28.439043428649402,10
1334,169.43653373147455,28.539182140341644,10
1335,169.51047822235256,28.608683540785186,10
1336,169.54270353956318,28.616279611330434,10
1337,169.6197951862483,28.667095302363492,10
1338,169.7747353616401,28.767752384801053,10
1339,169.9214748528729,28.912028674634133,10
1340,169.99265594839966,29.014561477438583,10
1341,170.1228504483846,29.087240144476173,10
1342,170.20395439306338,29.166271770943872,10
1343,170.2124983071804,29.164795052492323,10
1344,170.2827452247915,29.21155366607142,10
1345,170.313945636808,29.214946997343972,10
1346,170.32371863466332,29.212286864782826,10
1347,170.51343586837385,29.366604624015473,10
1348,170.58683402822402,29.357760966090307,10
1349,170.66691626785087,29.357838261463545,10
1350,170.73703508989934,29.464416549328632,10
1351,170.8736146442487,29.63082416122829,10
1352,170.87522498298262,29.629352736559966,10
1353,170.9034949891108,29.621697675935163,10
1354,170.98934412044736,29.735418802533673,10
1355,171.07102482805504,29.809542020782587,10
1356,171.21358053801714,29.913289020130374,10
1357,171.2374804983391,29.922633947711475,10
1358,171.25003268827447,29.93048294214802,10
1359,171.2654896562266,29.93855198343339,10
1360,171.40727020689837,30.01862462305896,10
1361,171.6274417889686,30.084549469279487,10
1362,171.77391791784515,30.075096351476905,10
1363,171.79254693795838,30.060843696840962,10
1364,171.8057884315135,30.0672432233692,10
1365,171.87289461653546,30.005237934991676,10
1366,172.04297499965168,29.879436525895375,10
1367,172.18489336480616,29.7819776242199,10
1368,172.28634260393147,29.84377308764544,10
1369,172.29825950353387,29.841451491790988,10
1370,172.3778746053553,29.887166631244053,10
1371,172.41439308426362,29.91681866761556,10
1372,172.56172453122053,29.970453927430764,10
1373,172.60529190798525,29.93275228526675,10
1374,172.6749032383757,29.92741908199298,10
1375,172.9463543724105,29.79447687757526,10
1376,173.10164651415354,29.960200532887335,10
1377,173.1918177045857,30.00651310365177,10
1378,173.37729757995825,30.196285727528362,10
1379,173.45713281522995,30.291831631083866,10
1380,173.5378703206972,30.292621394994292,10
1381,173.69261606108245,30.364131921307816,10
1382,173.76316394529505,30.426008857010277,10
1383,173.77128935189668,30.422956112869986,10
1384,173.84603768572873,30.466928451135306,10
1385,173.85270543077823,30.458780968749515,10
1386,173.92890742475817,30.471392413444235,10
1387,173.93381750049372,30.46904140737849,10
1388,173.9498934984998,30.480705309472018,10
1389,173.96602536410506,30.494179425844216,10
1390,174.0959246922029,30.663022648267667,10
1391,174.18352488899708,30.751780502614924,10
1392,174.25442401297283,30.750505131361404,10
1393,174.33338034497098,30.833041502551538,10
1394,174.35991845529134,30.835394206310188,10
1395,174.3770832346723,30.846449541629003,10
1396,174.45197499371213,30.90171366761493,10
1397,174.59192178142365,30.996897995788256,10
1398,174.6648291082127,31.06624433412576,10
1399,174.79684490814256,31.011178289339732,10
1400,174.87931487943973,30.897010284049486,10
1401,175.09222963338524,30.93029560898061,10
1402,175.2374884943676,30.914257394779632,10
1403,175.326779609073,30.807399436819797,10
1404,175.57326665495495,30.659555760372378,10
1405,175.74741267521455,30.642646905037843,10
1406,175.78541952291044,30.64119572649003,10
1407,175.8358926638582,30.639955560461164,10
1408,175.97133618198484,30.650881449226944,10
1409,176.0506755279925,30.729259968738532,10
1410,176.1455143926276,30.657838685006244,10
1411,176.1668727514728,30.66682913145349,10
1412,176.30534869709228,30.758444764966484,10
1413,176.3153578130644,30.764327072273783,10
1414,176.31736062440635,30.76339471469778,10
1415,176.45241702495562,30.753098089684308,10
1416,176.62760382713273,30.719868213042094,10
1417,176.77302416494598,30.661486727724068,10
1418,177.05070227205027,30.568364681650092,10
1419,177.1198878466735,30.64333157015333,10
1420,177.31319336269414,30.679169320857707,10
1421,177.39062806390618,30.67593365296525,10
1422,177.58441118162256,30.74161971164773,10
1423,177.67739008307393,30.750862010970376,10
1424,177.88169789783493,30.754299579180444,10
1425,177.94169058287903,30.7958300555061,10
1426,178.14105637830068,31.019353115466487,10
1427,178.1637931781978,31.006959664855096,10
1428,178.2802659288435,31.100564728476304,10
1429,178.32632455913716,31.135642964371893,10
1430,178.4336829458813,31.14010620624447,10
1431,178.63643923091308,31.218846670720446,10
1432,178.66072457066474,31.222936645670533,10
1433,178.85260712599384,31.27978383161416,10
1434,178.93212249865977,31.308505766583973,10
1435,179.00073772976,31.359963986191538,10
1436,179.1386210120276,31.415919928552444,10
1437,179.20954944346266,31.48995996699092,10
1438,179.2963394647075,31.56267404659254,10
1439,179.4515886360542,31.634302759392998,10
1440,179.52816975878807,31.622432525528062,10
1441,179.54395314569945,31.638663730000214,10
1442,179.64678715934934,31.640028641377967,10
1443,179.8541956207116,31.727291425469456,10
1444,179.86356084567228,31.730478997334213,10
1445,180.05360365360892,31.82226778335782,10
1446,180.079766010184,31.823104802365773,10
1447,180.21609535089286,31.955142908549668,10
1448,180.346482335373,31.960496606056726,10
1449,180.4196431087974,32.061897786236756,10
1450,180.55832842975883,32.11417489687725,10
1451,180.73281295762527,32.14082991911732,10
1452,180.80718930814868,32.1973841784862,10
1453,180.94676151345897,32.076976706760746,10
1454,181.02305901487608,32.073848679386046,10
1455,181.09791880464792,32.08221970422184,10
1456,181.1690871849553,32.13436291662283,10
1457,181.29553858803376,32.06714054346922,10
1458,181.38486340175018,32.0662805825555,10
1459,181.5054391242906,32.12346866888097,10
1460,181.70200712473138,32.07225764265043,10
1461,181.80316956355557,32.08578305364433,10
1462,181.93578473594923,32.05748650944402,10
1463,182.1283220136018,32.00930771393513,10
1464,182.30473942644133,31.867794743702554,10
1465,182.4495386540487,31.861209285891906,10
1466,182.4754376164215,31.868515219908627,10
1467,182.6032290766509,31.900743439069487,10
1468,182.67999998680247,31.81710716396808,10
1469,182.94060456577327,31.92151769632278,10
1470,183.02648212990954,31.85451073141703,10
1471,183.16876392851492,31.908616577060613,10
1472,183.23726307112602,31.97245779746619,10
1473,183.33932334210476,32.04084418283852,10
1474,183.5348243418261,32.11215280022475,10
1475,183.7662837717204,32.236519141833746,10
1476,184.09313795656772,32.32551233214405,10
1477,184.29244951086878,32.354114870038444,10
1478,184.43488325079986,32.37264917524314,10
1479,184.5141787142675,32.466744234085205,10
1480,184.58348274253615,32.474869332527845,10
1481,184.60527582749694,32.483380972712936,10
1482,184.67493072603335,32.493242519793185,10
1483,184.87425059344866,32.48895590388807,10
1484,184.94679925019284,32.586312938445104,10
1485,185.02453353795693,32.59105557513294,10
1486,185.0462979538646,32.612306085459025,10
1487,185.1177971232938,32.6357312962312,10
1488,185.31242182835948,32.76247955506795,10
1489,185.45792577351892,32.874029893238685,10
1490,185.7834922971393,32.77163990181663,10
1491,185.9914309967607,32.816236632799885,10
1492,186.01913388254468,32.82748914700719,10
1493,186.0942473916728,32.847204054458196,10
1494,186.1652771503816,32.94640334846177,10
1495,186.47961523443342,32.9641583652913,10
1496,186.55922150515042,33.08036931306949,10
1497,186.5718596803585,33.07757381076356,10
1498,186.66490517421374,33.093577281414966,10
1499,186.6764685053573,33.10081550878268,10
1500,186.82607605999138,33.16165948118406,10
1501,186.85038044989625,33.16141243830062,10
1502,186.86014204587474,33.16586687178343,10
1503,187.12158074692428,33.31597543140206,10
1504,187.33050121168674,33.25410213123652,10
1505,187.5279415375392,33.382812196993015,10
1506,187.56283546719132,33.39803854886889,10
1507,187.71196727131533,33.53646006509047,10
1508,187.85045835941702,33.564216708791236,10
1509,187.9505942213353,33.602842828255405,10
1510,187.96995192058063,33.60836097315044,10
1511,188.04112552252465,33.6281469525825,10
1512,188.249527017679,33.77391467643102,10
1513,188.3169604494151,33.87524889709909,10
1514,188.51695756763647,33.860803008607554,10
1515,188.6027621795884,33.8547920652656,10
1516,188.68293107695916,33.97000212584381,10
1517,188.95860508628203,33.867641833745246,10
1518,189.2022725390771,33.95451575532866,10
1519,189.40319332833405,33.78704497336804,10
1520,189.59241834778493,33.947192726232124,10
1521,189.64548047126652,33.978851678698405,10
1522,189.78383408234689,34.00849910770692,10
1523,189.870359565285,34.10858801212855,10
1524,189.9138721369125,34.12182129140268,10
1525,190.0940049900119,34.22691732390254,10
1526,190.3599332964607,34.106638148404905,10
1527,190.4366515617199,34.134827826234805,10
1528,190.48946165853658,34.16912565825767,10
1529,190.74754889931265,34.10378760716465,10
1530,191.00031128117396,34.00980460886981,10
1531,191.0817398660874,34.00536099928784,10
1532,191.3504338601446,34.16495355140505,10
1533,191.42481280848884,34.188789363083366,10
1534,191.56467625271043,34.1696991921331,10
1535,191.57469852974947,34.17553776969799,10
1536,191.5929354050143,34.17611176578562,10
1537,191.79731983504865,34.307319251253425,10
1538,191.8068574962544,34.306180321374946,10
1539,191.90054905754795,34.410440110052775,10
1540,192.002293875896,34.42179494591096,10
1541,192.1396730086512,34.395715371812855,10
1542,192.37957320146126,34.56351787894592,10
1543,192.53426547720713,34.59406876120587,10
1544,192.60728683345843,34.59148628742823,10
1545,192.7398761443477,34.65258405525261,10
1546,192.87974044963022,34.806495213810365,10
1547,192.92098638071343,34.82775964825514,10
1548,192.9909448191913,34.88243112268422,10
1549,193.06416009867382,34.81471943076336,10
1550,193.13922420041143,34.831167838635764,10
1551,193.23018565808647,34.857229434247515,10
1552,193.40390676402473,34.915314501004225,10
1553,193.43888572603913,34.92577235654677,10
1554,193.52108661195567,34.936779259219634,10
1555,193.6681207780551,35.03378052091885,10
1556,193.75164103024863,35.13932678591582,10
1557,193.827679171238,35.1960206434616,10
1558,193.8995128674473,35.234336291731125,10
1559,194.09378399340792,35.34375785681345,10
1560,194.10060882028665,35.34349292968653,10
1561,194.16896335123505,35.39715879764187,10
1562,194.2959587236524,35.50644964546857,10
1563,194.38162003535462,35.525659950145474,10
1564,194.39649722928465,35.5129937326325,10
1565,194.41505775211652,35.51880150373323,10
1566,194.54183446859525,35.464948253357676,10
1567,194.64885827990847,35.359688582190486,10
1568,194.6684003895118,35.37139731900212,10
1569,194.92475190653133,35.34951244618863,10
1570,195.07043613315346,35.25969755635939,10
1571,195.08625349534637,35.26362649928912,10
1572,195.15226669532268,35.147035353867686,10
1573,195.15739472125438,35.148906572827016,10
1574,195.17682844631275,35.152696536935274,10
1575,195.25247971665493,35.04217277460465,10
1576,195.40958618016927,35.09515327936348,10
1577,195.5497524399693,35.13194369645304,10
1578,195.677668039798,35.15815104956619,10
1579,195.8084256726123,35.109227504044334,10
1580,195.89700880963542,35.00729575653998,10
1581,195.99233543128338,34.978278877185495,10
1582,196.06996370032525,34.982281855515055,10
1583,196.25056551670804,35.03234225340867,10
1584,196.30665276981577,34.97739364775384,10
1585,196.45323426288638,35.093997627654645,10
1586,196.55745500719672,35.19770729402021,10
1587,196.62669359930948,35.30136572017581,10
1588,196.70010743122128,35.35845679028085,10
1589,196.78512161379368,35.3839760478348,10
1590,196.79502447839107,35.38295036692234,10
1591,196.86875711763363,35.410928636025474,10
1592,197.02813993663372,35.333651703874274,10
1593,197.12210437632933,35.35295844209977,10
1594,197.27010565313728,35.33636860025517,10
1595,197.2818795376705,35.33259089137022,10
1596,197.49705900449038,35.37642032131348,10
1597,197.51951117966502,35.38825537788189,10
1598,197.5840668005315,35.43906897275172,10
1599,197.79858064239275,35.258163937704595,10
1600,197.87424215951978,35.26876535401813,10
1601,198.1916264709834,35.35056997155143,10
1602,198.26278013467103,35.459117710789734,10
1603,198.52994101218417,35.42164141601906,10
1604,198.74106411249142,35.39295663839269,10
1605,198.87676483806226,35.29261364923004,10
1606,198.88012110387922,35.29340957706782,10
1607,198.95425070989054,35.395427667395644,10
1608,199.05076827041185,35.34254770506788,10
1609,199.1269429218697,35.3353804198629,10
1610,199.2118392576397,35.23954700930234,10
1611,199.48841417862903,35.44707606109433,10
1612,199.49258499588015,35.44437799586137,10
1613,199.52330325075462,35.43733545863777,10
1614,199.66669256579763,35.492211062148,10
1615,199.73955011369884,35.55199385929265,10
1616,199.7454604805103,35.55143522587157,10
1617,199.75785259632892,35.55552699207035,10
1618,199.90659974598842,35.61973970499218,10
1619,199.94211138894917,35.63628023261569,10
1620,199.9501206796811,35.631247274678586,10
1621,199.95719120325793,35.632115027138866,10
1622,200.11398998770835,35.695466316146,10
1623,200.14859015657,35.7089546661933,10
1624,200.17503360769376,35.715635575876185,10
1625,200.27402270614684,35.606019957232355,10
1626,200.40742384563515,35.669204245646206,10
1627,200.47379989170705,35.7316085773595,10
1628,200.54766318729452,35.79572517924658,10
1629,200.8644194902077,35.95083066925688,10
1630,201.19321963601504,36.11297906478157,10
1631,201.26332492552245,36.17432363045823,10
1632,201.33202684111092,36.23190627712134,10
1633,201.33665425383637,36.23457330547657,10
1634,201.36218761984884,36.23495924759446,10
1635,201.439170462395,36.23710582571007,10
1636,201.6024021517049,36.32077903811624,10
1637,201.69649810262254,36.34371298126063,10
1638,201.86969631191542,36.3702123264803,10
1639,201.935612028479,36.3855668279389,10
1640,202.07235127555816,36.31866861700032,10
1641,202.32498722369013,36.33310834290071,10
1642,202.49305061402862,36.371779603582084,10
1643,202.7531999549878,36.393468159003746,10
1644,203.14958228575256,36.33598552815919,10
1645,203.2334650359545,36.21952755002301,10
1646,203.49004490654914,36.231420963472274,10
1647,203.55710522195866,36.319538018696825,10
1648,203.69714863649202,36.27347524332047,10
1649,203.75713124103416,36.29482296655842,10
1650,203.89078049610433,36.37747966680469,10
1651,204.02601290881984,36.46907843546545,10
1652,204.11592904405182,36.520491193733456,10
1653,204.2607873375137,36.60879849795295,10
1654,204.40612669015633,36.68579847798627,10
1655,204.48299027530547,36.75237681123941,10
1656,204.63261895032798,36.82802800750472,10
1657,204.71949544932062,36.86046961067985,10
1658,204.85459884798843,36.81972721156373,10
1659,204.8602859059094,36.82428496101665,10
1660,204.88518495961776,36.830588884195,10
1661,204.97427862338958,36.90822958240397,10
1662,205.05935388035124,36.918079516244134,10
1663,205.25598569743298,37.13863683234295,10
1664,205.44853931310612,37.31252616521637,10
1665,205.64705542085403,37.45821617004176,10
1666,205.7274505271943,37.512424417855605,10
1667,205.84989768564475,37.546022981129624,10
1668,205.92677597234874,37.60631765890573,10
1669,206.05887251795812,37.724888086460886,10
1670,206.0604494123565,37.723362902909535,10
1671,206.13697757199935,37.77346577897425,10
1672,206.2009775475845,37.870757005545116,10
1673,206.2932662385323,37.929173912441485,10
1674,206.43812318577065,38.04127781429131,10
1675,206.4573368382265,38.045324845048285,10
1676,206.60814484468355,37.97235426186895,10
1677,206.80199538854995,37.98129763162131,10
1678,206.86425641708215,38.04285580969306,10
1679,206.9527905226656,38.08250958492565,10
1680,207.14029840894932,38.27316642510244,10
1681,207.33141284262007,38.388292466280845,10
1682,207.46242669118132,38.487328666071,10
1683,207.64935030931284,38.515163852201724,10
1684,207.6625940734798,38.5264877855343,10
1685,207.7387098503375,38.59681603194097,10
1686,207.8117907403423,38.66731872879077,10
1687,207.88420668713198,38.73545248082991,10
1688,207.9021606137281,38.717644523950256,10
1689,207.91267985607647,38.71572345827611,10
1690,207.93701027534289,38.70952203239864,10
1691,208.00258345055036,38.76397634520531,10
1692,208.01799542325907,38.77098559747102,10
1693,208.1349354855844,38.90775757588124,10
1694,208.21486322417735,38.976995624372634,10
1695,208.32707642984104,39.111454866668204,10
1696,208.39145944780404,39.15759812311274,10
1697,208.40484070223698,39.16356745879351,10
1698,208.4189994339064,39.16956409255376,10
1699,208.42637996714657,39.176248348898994,10
1700,208.4971560120768,39.21224688371829,10
1701,208.56669834452586,39.1216433858184,10
1702,208.63657378750935,39.18973197726658,10
1703,208.77752894356635,39.36090197677428,10
1704,208.8671428286979,39.46063517162849,10
1705,208.88209745586863,39.46184328346018,10
1706,209.00558776523604,39.39669542369621,10
1707,209.09047529515027,39.48172623263306,10
1708,209.17325282057254,39.568326289066185,10
1709,209.2008201128423,39.56903043977161,10
1710,209.2697313586687,39.641652238352314,10
1711,209.34508918638477,39.66302040666859,10
1712,209.37719524647733,39.687573708882894,10
1713,209.4575245640744,39.62806026402819,10
1714,209.547378858727,39.5480089445414,10
1715,209.68507159754782,39.48966846319951,10
1716,209.76770633213573,39.497753008455994,10
1717,209.97160575053377,39.526434951192655,10
1718,210.11462048040957,39.555110947119864,10
1719,210.24573241093822,39.66667883666743,10
1720,210.3998882273169,39.76744498436529,10
1721,210.54009185200388,39.73617097080627,10
1722,210.62383973159552,39.772999739319985,10
1723,210.6633881703715,39.759977656971195,10
1724,210.805763050932,39.88501303606049,10
1725,210.87387136001288,39.912970253626014,10
1726,210.89434338627197,39.927891735841754,10
1727,210.96753108799945,39.96022577893451,10
1728,211.10295501204695,40.04151062416026,10
1729,211.13224427523042,40.02495350756023,10
1730,211.19917352528105,40.06925383612329,10
1731,211.34113890047152,40.11713638351268,10
1732,211.4519019930586,40.080336837577434,10
1733,211.65581748721388,40.2583847363967,10
1734,211.7289119086101,40.27874058840374,10
1735,211.94698520352927,40.268448067076434,10
1736,212.0900413682419,40.37418492858115,10
1737,212.22565008138017,40.39729645798714,10
1738,212.3597048603784,40.45414409305907,10
1739,212.45559259822284,40.44292986175832,10
1740,212.591300889467,40.56545539192473,10
1741,212.64431069682573,40.60850907001418,10
1742,212.7383349412863,40.640426079237514,10
1743,212.8516612642913,40.75553274923299,10
1744,212.99810765883262,40.828729403534844,10
1745,213.18505544074986,40.876871858552406,10
1746,213.21094854528738,40.88138715740847,10
1747,213.2168453880237,40.87665735712013,10
1748,213.4771058369019,40.941337735522374,10
1749,213.49265527027097,40.94533569998332,10
1750,213.70781265995296,41.0121725836077,10
1751,213.79486833510236,41.0070198228642,10
1752,213.93066645332888,41.166377896588145,10
1753,214.01775738771207,41.184403293038365,10
1754,214.08599147269962,41.28274576664676,10
1755,214.23708206291957,41.400788415366826,10
1756,214.3829098495324,41.562783344195346,10
1757,214.58610279652981,41.5153651578821,10
1758,214.6663417947744,41.583117347506274,10
1759,214.68603534197283,41.59213097705075,10
1760,214.711846126608,41.609619467465095,10
1761,214.84560922573206,41.742500609843916,10
1762,215.05382398959313,41.89826546058171,10
1763,215.15071760544652,41.932700161331084,10
1764,215.42373855681853,42.02878575750461,10
1765,215.62603256982425,42.14841190600495,10
1766,215.83529178971057,42.345841834447484,10
1767,215.99040871305198,42.472818666371744,10
1768,216.07778733492222,42.514372876378516,10
1769,216.21763337827701,42.56254749995039,10
1770,216.4273128492474,42.759552041982076,10
1771,216.5065421907895,42.79427009697962,10
1772,216.64696311933358,42.79264447983286,10
1773,216.78941129426545,42.73918512927069,10
1774,217.0476743545252,42.86072911187107,10
1775,217.37026893656315,42.90719372153731,10
1776,217.5105969614421,42.8342851519524,10
1777,217.64259908129642,42.929566165566335,10
1778,217.9049011850296,42.93933416981678,10
1779,218.13191014269174,42.87652393160558,10
1780,218.20411859805563,42.9059473157919,10
1781,218.33430293657278,43.04249215355566,10
1782,218.40484638187385,43.07909197295502,10
1783,218.535222728893,43.13211776815797,10
1784,218.67737513163655,43.23746250774719,10
1785,218.88448857845947,43.43489104266935,10
1786,219.04202024362598,43.4486058389011,10
1787,219.11962043696116,43.34710619484149,10
1788,219.26928405560943,43.35318781912703,10
1789,219.480683125736,43.42404370188402,10
1790,219.62671026656662,43.56112377269656,10
1791,219.8338539372578,43.67174976903097,10
1792,220.03812754402625,43.78391346782683,10
1793,220.25263034780315,43.90693747898196,10
1794,220.45648876663913,43.938204053445155,10
1795,220.59427118301633,43.99020662579826,10
1796,220.86968376421788,44.18206749611812,10
1797,221.0293133559349,44.21316280281902,10
1798,221.0949827503899,44.2528427354145,10
1799,221.2376242424964,44.364453548694556,10
1800,221.32592372649273,44.39582180399044,10
1801,221.46833556659325,44.55110076524605,10
1802,221.48572332623274,44.54126901063824,10
1803,221.74683530908925,44.614044552289144,10
1804,221.9494634568029,44.714807408312595,10
1805,222.1542871584616,44.802669880266635,10
1806,222.37010997279654,44.83559146722594,10
1807,222.59512294047687,44.8852664717204,10
1808,222.869516572107,44.831030912098775,10
1809,223.00734306452836,44.890625580011736,10
1810,223.05264744639234,44.927223938583396,10
1811,223.20620678495897,44.9096912655431,10
1812,223.3112570095932,44.83170076310896,10
1813,223.48339052149336,44.75173368305552,10
1814,223.6078519515364,44.845376269070165,10
1815,223.7369264445278,44.87829185034817,10
1816,223.95334993799798,44.85884680358762,10
1817,224.169827091549,44.791714529575536,10
1818,224.45216248330894,44.95482887755721,10
1819,224.52492433436979,44.884868387051434,10
1820,224.72983302395454,44.86446793656872,10
1821,224.8681816046816,44.77814770413177,10
1822,224.94382407222648,44.71366919374212,10
1823,225.0801749278948,44.65049979017676,10
1824,225.0873714678065,44.646667870794595,10
1825,225.1286308219199,44.651762909168326,10
1826,225.159576206187,44.65418499942535,10
1827,225.23394284916535,44.695629450848415,10
1828,225.30523633300749,44.68469501756023,10
1829,225.45597525961898,44.746479448167115,10
1830,225.5254522218558,44.808357114906286,10
1831,225.68276871824838,44.860391867834295,10
1832,225.82486508096994,44.97631268350741,10
1833,225.9621243694074,45.031388837695374,10
1834,226.09303724049215,45.128285110642274,10
1835,226.1807508754856,45.14136635826032,10
1836,226.25345115216706,45.14594087712496,10
1837,226.30823210758862,45.17592122617065,10
1838,226.44440185848507,45.30186081591515,10
1839,226.7163745984598,45.27431777603362,10
1840,226.85899744454863,45.251641636645346,10
1841,226.99736338563943,45.15791554629697,10
1842,227.06943768270176,45.25830483705279,10
1843,227.22591483845545,45.25276706900512,10
1844,227.30420474172138,45.1473509889233,10
1845,227.4474805585206,45.284961168919914,10
1846,227.57534849461453,45.427043212959916,10
1847,227.74914691359896,45.54077086499668,10
1848,227.82392000538385,45.588216786493135,10
1849,228.03431433501797,45.74905859771321,10
1850,228.17034184098202,45.91383557801562,10
1851,228.19097826818043,45.91560778417984,10
1852,228.23509311926205,45.90555896968942,10
1853,228.38456480129062,45.93418041252654,10
1854,228.57998302477222,45.95087657309401,10
1855,228.7707999614816,45.85582465665452,10
1856,228.9686882628236,45.94411255081767,10
1857,229.16385558574484,45.97580997098849,10
1858,229.28913195396007,46.03271434795362,10
1859,229.31488861387152,46.00243127674142,10
1860,229.4539118347585,45.9943450827696,10
1861,229.5303881813839,46.05736155316446,10
1862,229.58471669240438,46.065430078805825,10
1863,229.65081144202628,46.114088871680764,10
1864,229.7318740160785,46.118646597984764,10
1865,229.75122942681452,46.11969332611899,10
1866,229.82380379327105,46.10645676911315,10
1867,229.97601717478705,46.108635354168506,10
1868,230.04311956431138,46.12111443326588,10
1869,230.24271603659182,46.27620261645685,10
1870,230.28001480526754,46.29490121192684,10
1871,230.30209846295816,46.313616284339595,10
1872,230.3236162523183,46.3209737845612,10
1873,230.4537404539059,46.31512668189085,10
1874,230.52282348206853,46.37999749316774,10
1875,230.5554320148517,46.38269400631353,10
1876,230.58073492537073,46.39616318047217,10
1877,230.84217909165983,46.61239852123511,10
1878,230.8593327366587,46.62356527176354,10
1879,231.0641444822649,46.71911764480103,10
1880,231.12430188279237,46.756280737851114,10
1881,231.13672017088797,46.76353417732781,10
1882,231.2084721160905,46.81898882663577,10
1883,231.4154871135225,46.781202392515084,10
1884,231.55166587793255,46.67168903531779,10
1885,231.57058362894563,46.67017583964103,10
1886,231.6184290894129,46.68066728503465,10
1887,231.78567610777432,46.57468268054343,10
1888,231.92098354845433,46.60207610347248,10
1889,231.93998510339003,46.60259546230768,10
1890,232.0111714378999,46.67006690315148,10
1891,232.07561784233857,46.66854815574523,10
1892,232.15348782584633,46.664453093060686,10
1893,232.3448865786207,46.631839109431816,10
1894,232.36758278129406,46.63202756480623,10
1895,232.38898885731774,46.62829916583247,10
1896,232.53430210627334,46.63585017348995,10
1897,232.6864771742193,46.71190416979954,10
1898,232.762856718416,46.76614862530156,10
1899,232.90574817992712,46.75310236135208,10
1900,232.96811342042164,46.77950449125751,10
1901,233.07753330974953,46.83060856790968,10
1902,233.2271749359134,46.91245884193955,10
1903,233.4914378487278,47.11044358265356,10
1904,233.62427857133576,47.15699452694132,10
1905,233.7560083359387,47.25874960866724,10
1906,233.95225182373528,47.42489382172318,10
1907,233.9601116676707,47.43004890529643,10
1908,234.15902558865702,47.45654730094837,10
1909,234.2962562119475,47.38259066367594,10
1910,234.3138993812156,47.37957970514359,10
1911,234.39742981967456,47.30210883021719,10
1912,234.46943434462705,47.189928800194906,10
1913,234.6162077532781,47.1933382831891,10
1914,234.68857674989277,47.28877872531236,10
1915,234.92022538230722,47.220198078701166,10
1916,235.00596065203626,47.23363815042446,10
1917,235.1724835504744,47.32468878862726,10
1918,235.1838943528288,47.32705356413099,10
1919,235.389074107453,47.45410419616054,10
1920,235.4559863021484,47.4520518347724,10
1921,235.47770731334776,47.4329321983768,10
1922,235.67949811958124,47.4861896615493,10
1923,235.7869308200847,47.52662825043934,10
1924,235.92680729844886,47.52898057913066,10
1925,236.07047882413448,47.591598815823076,10
1926,236.15363046245812,47.613734667687645,10
1927,236.22291128873727,47.649334265146585,10
1928,236.39426923373034,47.60229788413038,10
1929,236.59075242962876,47.697995359146674,10
1930,236.71914566280375,47.58723061951216,10
1931,236.79370106604225,47.521323855978046,10
1932,237.004413064056,47.581908308218885,10
1933,237.1281740196006,47.580208779888025,10
1934,237.2738656227325,47.57200459539246,10
1935,237.3550900734574,47.58749930838683,10
1936,237.4852585755766,47.754648967057044,10
1937,237.5654868769616,47.68628720124283,10
1938,237.82513576883434,47.72312732636565,10
1939,238.0843573270957,47.77927843771341,10
1940,238.2132534794552,47.91665112141593,10
1941,238.29392455417332,47.91222918453342,10
1942,238.49752294417053,47.924344927155694,10
1943,238.57746887768593,47.9858848201591,10
1944,238.70783136326446,48.05046231286778,10
1945,238.85641821303867,47.84655410089879,10
1946,239.05168205597724,47.95000973653743,10
1947,239.14891625228802,48.01671462790594,10
1948,239.28792514416955,48.034594355758216,10
1949,239.36177146644633,48.13726561399309,10
1950,239.49700905042215,48.05037882427351,10
1951,239.70554636972943,48.1885057458642,10
1952,239.91380230314917,48.25057289707211,10
1953,240.06457621781314,48.326169849093,10
1954,240.34020067259198,48.37771781672873,10
1955,240.5585801608122,48.60725043400294,10
1956,240.7599864761527,48.67983170036335,10
1957,240.90749841685016,48.834029856407604,10
1958,241.04890070736465,48.63793321216965,10
1959,241.13358368195696,48.533281498913745,10
1960,241.28985818351217,48.42670516121128,10
1961,241.3993087983412,48.50008061442167,10
1962,241.6167586925038,48.44638280859216,10
1963,241.948730665512,48.388825780768535,10
1964,242.02936643456854,48.436674130773596,10
1965,242.13772678352893,48.4998938568969,10
1966,242.2736599270729,48.44026902133911,10
1967,242.38065240788984,48.429064243178495,10
1968,242.43271271912448,48.44550710166536,10
1969,242.70118736862565,48.442328126252136,10
1970,242.7766281734959,48.44873735388208,10
1971,242.85301338207037,48.45198375521657,10
1972,242.99198319142647,48.53517809737418,10
1973,243.06452967256718,48.55668994472299,10
1974,243.13263461457865,48.627628565592616,10
1975,243.14335348472332,48.6262270015283,10
1976,243.22727358486105,48.630808351767975,10
1977,243.44052538238253,48.668571351473126,10
1978,243.51493774519568,48.677043208357325,10
1979,243.55496415306962,48.68669008732789,10
1980,243.6418452911759,48.77207620951004,10
1981,243.79072920955505,48.83497228447564,10
1982,243.82358219283915,48.84511670288889,10
1983,243.90921747579614,48.93050715966792,10
1984,244.11433424827328,49.00868147746545,10
1985,244.1834676082497,49.08314058086245,10
1986,244.38635436056043,49.12009652844607,10
1987,244.65420656335837,49.02188943043738,10
1988,244.75010320755229,49.0227553254404,10
1989,244.97232410496804,48.935815282849795,10
1990,245.04218917398094,48.84266645300864,10
1991,245.0538071327146,48.84092013122732,10
1992,245.20157954723285,48.83057221058553,10
1993,245.35027064837968,48.88437723653779,10
1994,245.42422995601305,48.96517298574573,10
1995,245.43270540285639,48.96147498938804,10
1996,245.5171087467125,48.876376543471665,10
1997,245.73471982067332,48.87637624734964,10
1998,245.82865003440125,48.915905368819494,10
1999,246.02943268509267,48.916665111740656,10
2000,246.1080892363127,48.92728785701256,10
2001,246.132867518764,48.936680899126735,10
2002,246.28603023319147,48.973706628631405,10
2003,246.3653455034565,49.03427608907792,10
2004,246.3718599097509,49.03187475940175,10
2005,246.63421442892385,49.07250192016177,10
2006,246.72985647622096,48.99611408518687,10
2007,246.8810416869572,49.07325590922348,10
2008,247.09152872144045,49.139169980553426,10
2009,247.27363913345752,49.226211903602284,10
2010,247.35621537151218,49.29711856761238,10
2011,247.4827063582477,49.35376011719288,10
2012,247.75295332836973,49.36694972540966,10
2013,247.77911430709923,49.367657145084124,10
2014,247.86047876567582,49.35751375754855,10
2015,247.88609926132244,49.361366518560466,10
2016,248.03161794369598,49.42238809212535,10
2017,248.17247379590262,49.52315785891922,10
2018,248.25159198956175,49.61774661187683,10
2019,248.453066048358,49.76148205369764,10
2020,248.53124598575454,49.84706766196238,10
2021,248.7291420573359,49.99526958322991,10
2022,248.81845763002462,50.09311703925751,10
2023,248.9230029193127,50.15623229244644,10
2024,249.02430226399593,50.23947283970797,10
2025,249.17376500096188,50.30837300970318,10
2026,249.17818867622492,50.3093546492634,10
2027,249.18996517787713,50.309100587251656,10
2028,249.33372280434077,50.401870543326496,10
2029,249.52991704188042,50.5467023835024,10
2030,249.73050240590504,50.54785398625776,10
2031,249.740254679737,50.545828329420374,10
2032,249.825121447606,50.57327168980104,10
2033,249.96625602634353,50.5772440774697,10
2034,250.04523860527883,50.498593908488424,10
2035,250.07772844747478,50.46918712666659,10
2036,250.23379166942556,50.53141794952712,10
2037,250.30985268441026,50.524587865472036,10
2038,250.37668156599284,50.434318538623685,10
2039,250.3981791194607,50.42322681853573,10
2040,250.4073501336762,50.42025032618688,10
2041,250.5471612486947,50.34816210500535,10
2042,250.57145546428154,50.36541154431522,10
2043,250.65014417043466,50.386720976259866,10
2044,250.7295413022157,50.420709742261955,10
2045,250.87516153894745,50.37822323665917,10
2046,251.13393958490374,50.414349848308255,10
2047,251.15210756326474,50.419252002677084,10
2048,251.25859038329173,50.49106820982957,10
2049,251.39911668347023,50.52453268467793,10
2050,251.4095259193306,50.53055427434902,10
2051,251.48360865073474,50.56653937864267,10
2052,251.5659187543496,50.449944234800434,10
2053,251.63208903751047,50.53866175590752,10
2054,251.77225269414512,50.48317119033001,10
2055,251.77783293447732,50.48199653078911,10
2056,251.85633933310706,50.53622995239712,10
2057,251.92633301398376,50.61251433592606,10
2058,252.0211876715654,50.50361856497519,10
2059,252.0925987150127,50.51102382955571,10
2060,252.1080821418288,50.52137902177794,10
2061,252.30327506149433,50.46637755472634,10
2062,252.4368008794353,50.58897244003762,10
2063,252.56910649918632,50.65222679930364,10
2064,252.60688558608558,50.68209365971497,10
2065,252.87263931508392,50.6515716533245,10
2066,252.89179004884235,50.66304142930007,10
2067,252.90033854731627,50.66649410106639,10
2068,252.96151160454878,50.681979230601165,10
2069,253.04785727515832,50.734515942056746,10
2070,253.18300195016673,50.65166719453384,10
2071,253.3333224848562,50.757933678414936,10
2072,253.44027447167468,50.80497714426303,10
2073,253.44548944897952,50.804210478728685,10
2074,253.59759202206723,50.88076447986563,10
2075,253.63800456633334,50.88577887607639,10
2076,253.65452959610474,50.87185921952347,10
2077,253.73735276938882,50.859529340102284,10
2078,253.8143929273602,50.86158581995555,10
2079,254.03858242337725,50.80323531627715,10
2080,254.18600865011246,50.70646312551391,10
2081,254.32490229002028,50.74673739611057,10
2082,254.3332222819203,50.74868175907243,10
2083,254.33943530323182,50.742234528448904,10
2084,254.486407551299,50.86647686659234,10
2085,254.60843199503816,51.01254405536711,10
2086,254.70661285942543,51.092893400167625,10
2087,254.85084017956024,51.05714029838453,10
2088,254.87408807205853,51.03807800798531,10
2089,254.96108269183406,51.13725279711704,10
2090,255.04241074009252,51.2471549741803,10
2091,255.2072896600498,51.240949078451784,10
2092,255.34403838261883,51.2052900681613,10
2093,255.54430483167548,51.35999611195797,10
2094,255.7386564177758,51.402043296010454,10
2095,255.95331880653848,51.44270013428089,10
2096,255.95883273670688,51.44712809286111,10
2097,256.12227014597994,51.53759217489772,10
2098,256.248804593142,51.70366891978952,10
2099,256.2657618402326,51.714012546681694,10
2100,256.4127549586459,51.79683615548251,10
2101,256.50572189921934,51.82799347930314,10
2102,256.6424955780769,51.81533229769819,10
2103,256.7223928200313,51.892879252818275,10
2104,256.92212561362527,51.91723832800241,10
2105,257.0666084735803,51.86251692402877,10
2106,257.136320774841,51.91909531158301,10
2107,257.2711569447977,52.01765440450908,10
2108,257.3644291229546,52.044682584907456,10
2109,257.45670535858915,52.13344067373988,10
2110,257.52499224281297,52.229932560345034,10
2111,257.66075982651535,52.25099503721245,10
2112,257.80267027722914,52.196372938627285,10
2113,257.87706769712594,52.28998676558438,10
2114,257.94567769420615,52.30131631889495,10
2115,258.0746868345649,52.45404441247585,10
2116,258.0902208183916,52.45706510198798,10
2117,258.17003673584225,52.55163856253399,10
2118,258.2377180740587,52.61212999276722,10
2119,258.4737273914001,52.58022398330503,10
2120,258.61933148895093,52.75055071384474,10
2121,258.64938574285054,52.750674794708104,10
2122,258.8007915680279,52.89424737019831,10
2123,258.87116728179404,52.95132543729629,10
2124,259.01025837394593,53.01626399345341,10
2125,259.1570485712006,52.974287579804475,10
2126,259.2384403783471,52.88522085090321,10
2127,259.25841886031895,52.896237493396704,10
2128,259.4028463094959,52.960954251859825,10
2129,259.4964622726049,53.003986924042046,10
2130,259.70300169172873,53.05880254161131,10
2131,259.7783771144695,52.955239349842984,10
2132,259.8754739088043,53.02017077033734,10
2133,259.9495039874539,53.11328872109009,10
2134,260.032817227756,53.032152491333655,10
2135,260.1222405238447,53.10357141311518,10
2136,260.2637825661552,53.103797032632706,10
2137,260.33935585286616,53.16397993709407,10
2138,260.48049410170296,53.17160581940223,10
2139,260.5511978400026,53.236120468947846,10
2140,260.57273336789285,53.21450991168941,10
2141,260.7065932969626,53.20510018173747,10
2142,260.7807872397323,53.20008423320115,10
2143,260.90919254298046,53.20400385099196,10
2144,261.0433295920122,53.3690542230991,10
2145,261.18385755050645,53.427660841223755,10
2146,261.36995079271753,53.336065320337376,10
2147,261.5233422588912,53.259872253251125,10
2148,261.6507118481658,53.41083998657366,10
2149,261.67756210140067,53.41952397655167,10
2150,261.8802734856864,53.600239734093144,10
2151,261.94794390176907,53.66649363460071,10
2152,262.01752113387124,53.67422941365194,10
2153,262.16176746895997,53.74073998721167,10
2154,262.2401406287464,53.65255906542794,10
2155,262.3070318401246,53.664865772839256,10
2156,262.3873849830719,53.67014143211742,10
2157,262.52213318075826,53.73736543951241,10
2158,262.6333412728697,53.785154379825606,10
2159,262.7707431258297,53.77446493766651,10
2160,262.90706591857787,53.84957337492964,10
2161,262.97540757182065,53.870050485560874,10
2162,263.1839830755094,53.963942754325224,10
2163,263.45612521116755,54.05558678700521,10
2164,263.5234256312874,54.048774273035285,10
2165,263.57631944210846,53.980518468474216,10
2166,263.6765735455608,53.993907850441964,10
2167,263.6928426689825,53.99632646644004,10
2168,263.7775987922413,53.98172134510921,10
2169,263.93176643833755,54.04169361756104,10
2170,263.9438187296556,54.052096723487004,10
2171,263.9604411296049,54.05598411642303,10
2172,264.11563223241285,54.17003500785884,10
2173,264.25717645229764,54.12340187180243,10
2174,264.4127823265444,54.249947803806705,10
2175,264.54384822832196,54.29217811308958,10
2176,264.5710992221855,54.29519900009634,10
2177,264.7099808283284,54.338607096785566,10
2178,264.89966484168895,54.36976479003662,10
2179,264.90442791452944,54.369973690769434,10
2180,264.98585838720555,54.4549362753022,10
2181,265.1169730006185,54.44949769749222,10
2182,265.2053550972255,54.5396130879168,10
2183,265.28720213808566,54.617739856108386,10
2184,265.3671868663654,54.695762034721014,10
2185,265.3971306148255,54.706498392431556,10
2186,265.4270051365378,54.708898517898824,10
2187,265.523160621696,54.802415482456254,10
2188,265.5427932237283,54.8105571337299,10
2189,265.64303214281847,54.853915339280334,10
2190,265.67901550866276,54.85205616889067,10
2191,265.8233314250611,54.7970835449598,10
2192,265.9024460146957,54.73096403955337,10
2193,265.91037263980076,54.73326509691358,10
2194,265.9437535000898,54.74156579449458,10
2195,266.0915157856662,54.670745380540076,10
2196,266.13162322049595,54.666566503529374,10
2197,266.1622752365489,54.66097332875099,10
2198,266.23271640433296,54.72700465721719,10
2199,266.2500520993986,54.74090724691982,10
2200,266.4190298086924,54.629255126863285,10
2201,266.5050762080107,54.63322772769011,10
2202,266.61991143381357,54.65356489264359,10
2203,266.6960051381141,54.640110224300116,10
2204,266.7988728197689,54.64821104558032,10
2205,266.8289898793049,54.656370873945264,10
2206,266.8662314631248,54.65435973226252,10
2207,267.00142678655294,54.54886250415436,10
2208,267.0116906228278,54.54771813001753,10
2209,267.15881995538626,54.58958125434743,10
2210,267.2668176782949,54.7033192326599,10
2211,267.3513623884774,54.74497807932052,10
2212,267.42076259978353,54.75055402131254,10
2213,267.46589617300197,54.768730027695256,10
2214,267.4734703857619,54.76407329564103,10
2215,267.55557163273437,54.81689276398765,10
2216,267.7021908338303,54.85062582530285,10
2217,267.7732442703362,54.92192657785418,10
2218,267.8585353938962,55.01348526071435,10
2219,267.9551184357004,55.07013229523583,10
2220,268.0346319848226,55.00418449530887,10
2221,268.1176486023658,55.05650595991026,10
2222,268.2499954269307,54.924900987687494,10
2223,268.27221713476223,54.94020136637327,10
2224,268.3387297979627,54.96217803994104,10
2225,268.346927981729,54.961853315842994,10
2226,268.422302251076,54.97126875521173,10
2227,268.43608835800575,54.96688262510607,10
2228,268.5042689817654,54.89751969516053,10
2229,268.6508464749194,54.91651300252235,10
2230,268.7342305663042,54.83433757840528,10
2231,268.926123521048,54.8172576183538,10
2232,269.01646960928474,54.894494375841795,10
2233,269.1597548798909,54.999582804316645,10
2234,269.29198421743376,54.914837645179226,10
2235,269.4333692524637,54.95141969424565,10
2236,269.4550447787702,54.96239166779416,10
2237,269.5455518306246,54.870561138159246,10
2238,269.7460673937482,54.98107026395558,10
2239,269.8513517510801,55.002665505424304,10
2240,269.9413185495791,55.042790895941074,10
2241,270.0221563720873,55.13664800176586,10
2242,270.17470973140024,55.083683805773354,10
2243,270.3746034041443,55.085953025230936,10
2244,270.3929566815009,55.09493734847198,10
2245,270.52969721268755,55.11891622873062,10
2246,270.59827196431866,55.14213449659629,10
2247,270.60567182711486,55.1372511754735,10
2248,270.67581737539876,55.22614154839247,10
2249,270.69524653510024,55.23039144186083,10
2250,270.7700059029622,55.25600193183895,10
2251,270.9795241626978,55.40132431865084,10
2252,271.1976342105968,55.47826629264973,10
2253,271.28041130385543,55.54829986222676,10
2254,271.44426479462965,55.57884697397008,10
2255,271.69952826011547,55.75635065406691,10
2256,271.9515582942838,55.822552237221636,10
2257,272.1735333064886,55.90506702554319,10
2258,272.2432795007184,55.96412786758849,10
2259,272.45115511321967,56.157704742681354,10
2260,272.4757038282428,56.16437674880679,10
2261,272.54494093621395,56.220605827711395,10
2262,272.55520827154635,56.20805702707553,10
2263,272.6361197336142,56.1978579377112,10
2264,272.7770289057636,56.289333541651004,10
2265,272.79455551981334,56.29119839765844,10
2266,272.92656493756874,56.311958534998126,10
2267,272.9939728839378,56.30397732575821,10
2268,273.00189233260534,56.31057593737871,10
2269,273.19619267986,56.23304571500924,10
2270,273.2725192286791,56.2347610132884,10
2271,273.3704368909265,56.147606638808064,10
2272,273.3876348810354,56.15307287630904,10
2273,273.46948625069075,56.176133289299976,10
2274,273.4856730180101,56.187280830262,10
2275,273.4933296397052,56.19088135427784,10
2276,273.5852713957812,56.2072142116841,10
2277,273.66847666704564,56.303416593864966,10
2278,273.81800239419675,56.222869575267545,10
2279,273.8423500209352,56.2241544472425,10
2280,273.8839992313425,56.252412358096336,10
2281,273.894997164559,56.25322378887696,10
2282,273.9572547355769,56.27297055639118,10
2283,273.96529564047086,56.27625319654198,10
2284,274.0248906937717,56.277650954432,10
2285,274.05060237978915,56.296454534352286,10
2286,274.1278013947587,56.29831149000192,10
2287,274.14035829355356,56.29516376780094,10
2288,274.15885639262507,56.29216995004277,10
2289,274.2424812088026,56.38643999482957,10
2290,274.30869873757854,56.47944463405222,10
2291,274.39373693893134,56.50498346263945,10
2292,274.4007495446553,56.51223637360298,10
2293,274.47522798702397,56.495309899913224,10
2294,274.545901594197,56.53668452364621,10
2295,274.629833155608,56.46712266348795,10
2296,274.6457962274174,56.47204139200401,10
2297,274.791435768498,56.625694532102294,10
2298,274.8067291166893,56.63638192971625,10
2299,274.8789602220111,56.54339914081666,10
2300,274.8957213996554,56.56291208999024,10
2301,275.1035667776554,56.74658880683243,10
2302,275.12306338479806,56.729352736356894,10
2303,275.271359473148,56.788166909722996,10
2304,275.41932779639245,56.782091839541124,10
2305,275.5763253518071,56.804052815736796,10
2306,275.67071283007266,56.82125788093884,10
2307,275.8702667722362,56.885084925039,10
2308,276.06494722770077,56.857291890239274,10
2309,276.19764666987305,56.834475020860275,10
2310,276.2815531196778,56.75829606642273,10
2311,276.30833257208104,56.77547851086896,10
2312,276.4039143500098,56.686017891611044,10
2313,276.41589738645825,56.693429963245926,10
2314,276.48034781636215,56.785570171075676,10
2315,276.49961321814476,56.76287498510918,10
2316,276.5278293212999,56.757406410306274,10
2317,276.53409728831036,56.76234696842231,10
2318,276.6008324026161,56.67612265875148,10
2319,276.7065291502397,56.745938858007015,10
2320,276.8048347242301,56.675169029143895,10
2321,277.0114540686619,56.602513392394556,10
2322,277.1441568387578,56.62673700671563,10
2323,277.213660891963,56.69208609003664,10
2324,277.3106337274386,56.732971673782274,10
2325,277.43966931642433,56.56235460810358,10
2326,277.64308307805703,56.48494713816574,10
2327,277.66646021627514,56.48642002506055,10
2328,277.74166032578034,56.54776228602054,10
2329,277.80221277335625,56.57865698270823,10
2330,277.93127737197744,56.688362066894406,10
2331,277.95077276074204,56.697216734811455,10
2332,278.03074366785813,56.61430074064181,10
2333,278.0515086248784,56.606263301788466,10
2334,278.26527843715314,56.52780825414806,10
2335,278.46449199632076,56.438834622810866,10
2336,278.6621488109699,56.47979589527717,10
2337,278.7604412878444,56.54273719608677,10
2338,278.84273435196695,56.608576099044875,10
2339,278.96680323444866,56.62669747075092,10
2340,279.104298080837,56.622069004098684,10
2341,279.225890090349,56.64463013334898,10
2342,279.30171250449473,56.74153380439229,10
2343,279.3862795991545,56.74297404769306,10
2344,279.53119310587874,56.75944930497109,10
2345,279.7381559591992,56.86165571870864,10
2346,279.76635272953587,56.86343090010871,10
2347,279.9800405116592,56.96529939777283,10
2348,280.0707741550408,56.90862234936723,10
2349,280.32731703626905,57.08443933911279,10
2350,280.4660115263199,57.04583142628517,10
2351,280.561100332645,57.10305367904828,10
2352,280.7205708880527,57.190331326148055,10
2353,280.75148332883975,57.22738041319869,10
2354,280.8963534081847,57.257190277680095,10
2355,280.958010567838,57.26159220820334,10
2356,281.08726512563607,57.377801625321126,10
2357,281.32915756262395,57.324422989291676,10
2358,281.5474579377811,57.32348895298146,10
2359,281.7030176460924,57.40631712914176,10
2360,281.856402144454,57.364567837699546,10
2361,281.8648353492439,57.362374975271464,10
2362,281.93950661294144,57.35607976868553,10
2363,282.1154101282917,57.225630475101134,10
2364,282.21378434616537,57.14323441093117,10
2365,282.4338217640842,57.1841025460139,10
2366,282.4519660798516,57.19370794415978,10
2367,282.5547035726151,57.148110936052696,10
2368,282.5702772467081,57.14630080739697,10
2369,282.616294381172,57.17095364799132,10
2370,282.759431125022,57.063949726669705,10
2371,282.83567811968044,56.965067428336646,10
2372,282.98254374326956,56.985885459565985,10
2373,283.1082604490135,56.99047619642418,10
2374,283.16822967071954,56.915235038534355,10
2375,283.2910058570739,56.92268998449675,10
2376,283.4017884631332,57.01736947988698,10
2377,283.5618217660515,57.04105323358885,10
2378,283.7769505381532,56.9360328046061,10
2379,283.99212192737474,57.08866488383056,10
2380,284.00162444565046,57.08301169027296,10
2381,284.20291853967956,57.050165543418835,10
2382,284.26924968197744,56.93341768991944,10
2383,284.423486099818,57.031482526808695,10
2384,284.56257482252335,57.093221242583006,10
2385,284.9549630172448,57.08814116751127,10
2386,285.03497134556477,57.00226480136626,10
2387,285.04502291793784,57.00076046660133,10
2388,285.24937712111006,57.15163751709325,10
2389,285.3864239204921,57.19881588339416,10
2390,285.5115902048707,57.20385857297043,10
2391,285.5173704012237,57.20425470386896,10
2392,285.6013546579177,57.27924457991309,10
2393,285.72950011444703,57.26054825208668,10
2394,285.8857678774839,57.28846796831699,10
2395,286.13972296762415,57.31482705683804,10
2396,286.2213735229974,57.41903903724797,10
2397,286.4354324530911,57.4057807827049,10
2398,286.6039139244982,57.42552773646304,10
2399,286.7877526143201,57.53468766264476,10
2400,286.8585584974515,57.552263951960555,10
2401,286.8865857281515,57.57148019698055,10
2402,286.9606888436948,57.59977695317236,10
2403,287.1517873351714,57.685086888304674,10
2404,287.2301744505303,57.62016018326803,10
2405,287.2335854036276,57.616714576704005,10
2406,287.3645327427355,57.615160237740156,10
2407,287.4380850261999,57.676855317853445,10
2408,287.51168106121605,57.74484918030007,10
2409,287.7778355989034,57.84458907535747,10
2410,287.79454602370805,57.85476067355509,10
2411,287.8207228223979,57.87551002417863,10
2412,287.84789179998967,57.876069410597395,10
2413,287.9192615788221,57.87153519479567,10
2414,288.0538049032708,57.9358324780184,10
2415,288.063426130188,57.93444674334423,10
2416,288.1421577380945,57.93026573511149,10
2417,288.227337787303,57.942103207050984,10
2418,288.23635211440904,57.94567082549486,10
2419,288.3799863268126,58.03016029468029,10
2420,288.4681863535646,58.01754885608139,10
2421,288.56076886181603,58.086709927632526,10
2422,288.72043659924645,58.147980991657654,10
2423,288.75246803352167,58.14160331871758,10
2424,288.8325468385118,58.164088042829896,10
2425,288.9143750112585,58.07846280372557,10
2426,289.05640957845384,58.16261982892664,10
2427,289.06195378228153,58.16043486193345,10
2428,289.14560582767825,58.19735214089906,10
2429,289.37940613499825,58.343945776369054,10
2430,289.64400414780823,58.15607127992926,10
2431,289.84880374265305,57.96697632047674,10
2432,289.875590427472,57.956925475263006,10
2433,289.9626242319249,57.952831755546555,10
2434,290.0348652572268,58.021673751007846,10
2435,290.11837981272015,58.08903510045697,10
2436,290.1971624182869,58.16122429033921,10
2437,290.2690882213502,58.18017189273703,10
2438,290.33364865744295,58.1024204056744,10
2439,290.488068664902,58.1842274595689,10
2440,290.630007287923,58.091804301268525,10
2441,290.78745478629713,58.0116683234012,10
2442,290.93302700718027,58.06532528651934,10
2443,291.12849427756527,58.17990748236414,10
2444,291.2026287663193,58.27335866165056,10
2445,291.20636246447106,58.27482476505363,10
2446,291.41526668268676,58.407739707095736,10
2447,291.6223457685123,58.27197194713651,10
2448,291.7493665379387,58.394933241866,10
2449,291.81885207229465,58.41320064040049,10
2450,291.90017873524323,58.31340524463757,10
2451,291.929162441005,58.330923878173884,10
2452,291.9458359045622,58.34368521968223,10
2453,291.9788868232128,58.31675241083705,10
2454,292.0483021427619,58.38826344672659,10
2455,292.19476117377116,58.30787593696034,10
2456,292.36364918913904,58.423284364032035,10
2457,292.45120335699386,58.32223866573481,10
2458,292.63566686599927,58.36877772637528,10
2459,292.76872417350097,58.498827854207306,10
2460,292.9149631437034,58.54221785230929,10
2461,292.9878056730339,58.56355614506697,10
2462,293.0033890152733,58.565603467091464,10
2463,293.08579004138494,58.583395438521386,10
2464,293.0969990400358,58.589116226418994,10
2465,293.17548681081564,58.56509537473969,10
2466,293.282096607992,58.656043019389095,10
2467,293.3088611676431,58.653223419484085,10
2468,293.5081111909272,58.6058792507165,10
2469,293.58287865434687,58.62173989971432,10
2470,293.6205172644164,58.62241807696387,10
2471,293.6248002278931,58.62158581737374,10
2472,293.70160485082585,58.61758137820414,10
2473,293.78109408700254,58.516358846097454,10
2474,293.8538556606276,58.57237419082379,10
2475,293.88079831330697,58.56762233971385,10
2476,293.90860578694003,58.555240919756955,10
2477,293.98402576329613,58.60713310968403,10
2478,294.06692802229884,58.65980654962965,10
2479,294.1471615542109,58.66514742302042,10
2480,294.1748028032724,58.66034029965005,10
2481,294.1932605731502,58.664733596358445,10
2482,294.26959773239236,58.75881978286527,10
2483,294.35108423926613,58.65869550803856,10
2484,294.37400395934225,58.65958272070226,10
2485,294.4606941485506,58.595279671917474,10
2486,294.4838885391073,58.5854456428373,10
2487,294.5503971255606,58.609178060940394,10
2488,294.697149120205,58.69818622183991,10
2489,294.77357009546324,58.67746653753708,10
2490,294.7955132052408,58.67589668950773,10
2491,294.8015401588668,58.67166843236181,10
2492,294.94746561237554,58.736868305824494,10
2493,295.20743915670886,58.59270090953506,10
2494,295.27616968115524,58.60404508527759,10
2495,295.2857100544619,58.60956898336063,10
2496,295.3716005058128,58.628773353427974,10
2497,295.507029446412,58.71223059686833,10
2498,295.5839550417365,58.75829414520652,10
2499,295.72605257426414,58.83812973351017,10
2500,295.8066178317007,58.907015823397806,10
2501,295.9925276663204,59.00962509863276,10
2502,296.1359709963846,59.16686828969237,10
2503,296.2124069273001,59.05754717805207,10
2504,296.21756428465767,59.059310170455056,10
2505,296.35380781976625,59.22833849025001,10
2506,296.42237721069716,59.258361643742965,10
2507,296.5011991270936,59.31700255256438,10
2508,296.634770143943,59.40407998702735,10
2509,296.7087495780734,59.40570459999615,10
2510,296.7258426582972,59.41287600497667,10
2511,296.8066653061122,59.41751533596352,10
2512,296.83882599998844,59.41978110605681,10
2513,296.98328638085195,59.33793627956637,10
2514,297.0740965393308,59.23776726027994,10
2515,297.20664719295803,59.31754908343013,10
2516,297.21185870202777,59.31886292064141,10
2517,297.2277141157948,59.31051605992014,10
2518,297.2986475567364,59.20462603946379,10
2519,297.31236408748106,59.20638409461575,10
2520,297.33206778574345,59.22287884077091,10
2521,297.39934547477526,59.29373052323673,10
2522,297.41252741127363,59.29560277710956,10
2523,297.4417836360334,59.313180686402845,10
2524,297.50703694687655,59.302032387128065,10
2525,297.5873758727961,59.36507534577021,10
2526,297.78294749390074,59.34226430574581,10
2527,297.9164677091266,59.47855195787956,10
2528,297.9332997095231,59.47790746215124,10
2529,298.0174519877579,59.51759341832428,10
2530,298.09215032203286,59.515123870776364,10
2531,298.15982137954643,59.544997568529766,10
2532,298.24845653877867,59.573688426846374,10
2533,298.33587507095746,59.59592432611195,10
2534,298.4108483500527,59.58892341300731,10
2535,298.43928121465837,59.59789855955939,10
2536,298.58189732949455,59.726655939608285,10
2537,298.6611563823588,59.65749966816751,10
2538,298.81166527804044,59.7500333894558,10
2539,298.8921755316049,59.6855462268436,10
2540,299.02233974605906,59.65760159595968,10
2541,299.10460921836045,59.70675084728855,10
2542,299.17809766278344,59.637964957926215,10
2543,299.32953368259587,59.57558330106675,10
2544,299.399541350255,59.60558184104318,10
2545,299.53066310473133,59.7104496717077,10
2546,299.59940725238454,59.64425349031545,10
2547,299.68330627994294,59.69034098583747,10
2548,299.82587178749077,59.59393975059712,10
2549,299.9009306645626,59.63830409312395,10
2550,300.09867476551113,59.47679529619146,10
2551,300.2581153690862,59.39415065712512,10
2552,300.3360266267331,59.27077312107196,10
2553,300.36462297987566,59.28183948488435,10
2554,300.38356078182244,59.27392052678431,10
2555,300.52451570090227,59.330536712509385,10
2556,300.5817439622773,59.39212065157566,10
2557,300.6659605598375,59.3935191378716,10
2558,300.6703081762521,59.39373134608247,10
2559,300.76380907881173,59.45284154854242,10
2560,300.781902622498,59.45764254545308,10
2561,300.8132238924444,59.467974463744184,10
2562,300.8997091564401,59.556184571380655,10
2563,300.97892289432923,59.61722012312911,10
2564,300.9926985231765,59.61969451157025,10
2565,301.0670043777492,59.63740802316683,10
2566,301.2006795333558,59.60034184627439,10
2567,301.2798436382255,59.669619731336674,10
2568,301.41884369970865,59.78785022672659,10
2569,301.504709346276,59.68453072265256,10
2570,301.71917018860114,59.87592159205462,10
2571,301.86391071317667,59.789787747625844,10
2572,302.0209889943229,59.79047724253106,10
2573,302.16101056431955,59.906092507617515,10
2574,302.3025810576579,59.82987014299102,10
2575,302.37388045688925,59.81462814986363,10
2576,302.4002747222148,59.807255542495945,10
2577,302.62637902123333,59.815451887133115,10
2578,302.82497506642886,59.895610274591604,10
2579,302.9629221373165,59.83542561972815,10
2580,303.0356716595293,59.911014865674694,10
2581,303.0835359583807,59.96176913636864,10
2582,303.1085612338185,59.9676754323907,10
2583,303.18194703878845,60.02041218571973,10
2584,303.2595398480579,59.918565737380646,10
2585,303.42839856810247,59.89426337405762,10
2586,303.5058864062198,59.92994805388901,10
2587,303.58695294250253,60.01130565152256,10
2588,303.6083608207298,60.01848247462372,10
2589,303.68948881722037,60.06024362278608,10
2590,303.7558393955991,59.98335864317628,10
2591,303.8319165207855,59.9107895928889,10
2592,304.0256207396556,59.89602123455132,10
2593,304.1541149249272,59.860558911937936,10
2594,304.23473425980376,59.74989580633857,10
2595,304.44816314026093,59.80664390643409,10
2596,304.5434999166333,59.80772661343809,10
2597,304.6330488577119,59.85569859636108,10
2598,304.765634317792,59.98423205297183,10
2599,304.89246780373225,60.120150820453205,10
2600,304.9533722618907,60.166798635777845,10
2601,305.13627400037484,60.18802074235774,10
2602,305.3461446781631,60.18856302195454,10
2603,305.3504935698787,60.18923893076489,10
2604,305.4641356614296,60.232017752260035,10
2605,305.54387788446144,60.287098531836044,10
2606,305.6699942176723,60.380349477151476,10
2607,305.74423321525853,60.41967558303787,10
2608,305.7540443245382,60.42341413834681,10
2609,305.83821857880446,60.396527021211476,10
2610,305.963512214687,60.424928520252465,10
2611,305.98653864534975,60.422993632820464,10
2612,306.0544676865905,60.40936227233967,10
2613,306.2463597749393,60.545394929577476,10
2614,306.32809365075144,60.61909056213397,10
2615,306.4836175941099,60.70033855575178,10
2616,306.49732699032427,60.700114908668574,10
2617,306.5158961263238,60.699575717336884,10
2618,306.5379836107089,60.70770162722425,10
2619,306.55819556299775,60.68662693582858,10
2620,306.5859777529462,60.657613438675455,10
2621,306.66343285897057,60.759256385948134,10
2622,306.73006093918593,60.796739274021185,10
2623,306.84609258533203,60.863404516360625,10
2624,306.9746546126864,60.99256176566298,10
2625,307.1203182778154,61.10854258431327,10
2626,307.29126095151753,61.057005551113946,10
2627,307.42568947562165,61.08450026798725,10
2628,307.50396418395167,61.1706316196602,10
2629,307.50770022687186,61.16918146426239,10
2630,307.7198755714339,61.13194295616151,10
2631,307.92851580022125,61.063703542463,10
2632,307.9987328384186,60.978303721870994,10
2633,308.321149180373,61.13165258344575,10
2634,308.4317557534413,61.053140514042916,10
2635,308.5992403162516,61.068106807975624,10
2636,308.7343556882538,61.036157588892294,10
2637,308.8153165235195,61.0740409413019,10
2638,308.9050021420496,61.139472024707985,10
2639,309.0510467643462,61.13300157785334,10
2640,309.19038560042765,61.12253510135242,10
2641,309.32454391147377,61.1741293907641,10
2642,309.4684666690944,61.14463877497328,10
2643,309.619879358915,61.04834019143726,10
2644,309.7148304657075,61.10946616207859,10
2645,309.91986768464676,61.018908981536654,10
2646,310.0045918452717,61.03472108197625,10
2647,310.07826622290384,61.05492682006024,10
2648,310.16037480642007,61.12578985582081,10
2649,310.29313542526677,61.06912105056881,10
2650,310.360272391779,60.98660488527375,10
2651,310.5163365482541,61.072644372396546,10
2652,310.71777941786837,61.05704201293463,10
2653,310.80589149181384,60.980559624933086,10
2654,311.01300868121723,60.900824259107345,10
2655,311.045310755959,60.91978405946514,10
2656,311.242890361486,60.92182179607886,10
2657,311.3371978865404,60.9539948370239,10
2658,311.42176130752125,61.05515437102761,10
2659,311.63046306830313,61.20051992314343,10
2660,311.70987486205064,61.24421792262633,10
2661,311.90586449302475,61.11752766713009,10
2662,312.04013579473946,60.9228221212337,10
2663,312.23631230063245,60.96457085280711,10
2664,312.3025149063934,60.8829598996691,10
2665,312.4066990941951,60.81742271178816,10
2666,312.4854757163346,60.831376209969264,10
2667,312.574255797379,60.76308362367382,10
2668,312.58853665878104,60.76882466217786,10
2669,312.66765102352565,60.6459906765717,10
2670,312.7568268684499,60.67369432352753,10
2671,312.90726186298514,60.6770407998437,10
2672,313.081279946672,60.717687220761114,10
2673,313.23846461010817,60.69740203859596,10
2674,313.3782615288169,60.67074044679922,10
2675,313.5775032172613,60.755102774743186,10
2676,313.71987521536886,60.71175520825435,10
2677,313.80318585312995,60.632952985280205,10
2678,313.9472957413152,60.635447338753984,10
2679,314.09163590029164,60.594208350435,10
2680,314.1187589694198,60.60946348013736,10
2681,314.2607502678153,60.643972307545646,10
2682,314.30147649161825,60.669633326958376,10
2683,314.44617540705923,60.468255215439434,10
2684,314.47474666747075,60.43512682896792,10
2685,314.61005599179896,60.249165673982894,10
2686,314.7140826618692,60.31280302587217,10
2687,314.7841702197009,60.23626387457137,10
2688,314.9636583125108,60.12863270865275,10
2689,315.0410141332703,60.14514485826791,10
2690,315.06089895751245,60.16116231975727,10
2691,315.0905667980493,60.12894032120719,10
2692,315.10369027416056,60.10901778643326,10
2693,315.1175182899321,60.111681643988035,10
2694,315.2049090730067,60.194844416904374,10
2695,315.22129778744596,60.19255216402594,10
2696,315.3562665475284,60.30771310966322,10
2697,315.50314740253543,60.4088420298697,10
2698,315.60492826687323,60.44950651075504,10
2699,315.6197144866812,60.456735534512404,10
2700,315.74589321138285,60.282624550080094,10
2701,315.7639749463747,60.29252362481621,10
2702,315.83257262898206,60.181826514882836,10
2703,316.08033021742824,60.22392750927361,10
2704,316.2148780891174,60.321643274391576,10
2705,316.28044710780006,60.307016454179745,10
2706,316.4144944532683,60.32558311147702,10
2707,316.4319395950013,60.33836113900576,10
2708,316.4450907284089,60.33724316797375,10
2709,316.4689585816096,60.355480395600125,10
2710,316.60301653889184,60.3303511054105,10
2711,316.7433603918525,60.28674767830261,10
2712,316.8203378026137,60.32938121094087,10
2713,317.03912014851915,60.44201686875731,10
2714,317.1858808933966,60.49106703726731,10
2715,317.2838907176234,60.468262011315176,10
2716,317.29934700666706,60.47190671662461,10
2717,317.4710528651887,60.609554251730614,10
2718,317.56436997785306,60.70429623488354,10
2719,317.7050749934038,60.83638218072215,10
2720,317.8438371292414,60.94405963568513,10
2721,317.8641509825726,60.94858745980052,10
2722,317.89498266578727,60.93440392247635,10
2723,317.90909106718465,60.93165764631594,10
2724,317.9856832216215,61.00933132862253,10
2725,318.13907773187407,61.151601995854826,10
2726,318.27321476194567,61.2480630813221,10
2727,318.42763566075,61.1838696393361,10
2728,318.43804822265696,61.18811415075873,10
2729,318.4614852459259,61.193500887376274,10
2730,318.66059975563513,61.36435283487589,10
2731,318.67784608547623,61.37550058900758,10
2732,318.76266288661975,61.43144713020004,10
2733,318.97151603996133,61.34743433044877,10
2734,319.0445248495263,61.41414064410189,10
2735,319.06998840713993,61.40849247431522,10
2736,319.10268994652847,61.41115564383718,10
2737,319.1895476688802,61.39200605412114,10
2738,319.2164252513349,61.41558259809523,10
2739,319.2360191988338,61.436586505544376,10
2740,319.311872629144,61.41315133495564,10
2741,319.3703323906647,61.47534202481071,10
2742,319.4545874106231,61.462134368948185,10
2743,319.5441215541081,61.431866670936316,10
2744,319.61453743475397,61.52081912136012,10
2745,319.6294061594369,61.51048233097417,10
2746,319.7886124045613,61.60447753419892,10
2747,319.94710775913984,61.51930763848583,10
2748,320.0268385924558,61.50545473541471,10
2749,320.17218004027063,61.56754408656251,10
2750,320.38017279962855,61.75073031990131,10
2751,320.5373637384147,61.82210939295323,10
2752,320.68115862639513,61.96129950833722,10
2753,320.81652074049646,61.96089950553277,10
2754,320.94639055879134,62.00938794172722,10
2755,321.01398533447957,62.076649200565726,10
2756,321.0767228990549,62.00610411864915,10
2757,321.10913845639834,62.008487032173406,10
2758,321.1960455446444,62.06407802837809,10
2759,321.3993535473957,61.94486966020743,10
2760,321.52958486789663,61.76225657126654,10
2761,321.6355723679379,61.834737745169285,10
2762,321.77789676717316,61.92638731207004,10
2763,321.8733668706205,61.97624209403385,10
2764,322.0760555136441,61.90249515388633,10
2765,322.1534567210197,61.82729837780477,10
2766,322.2973728424896,61.91406227829193,10
2767,322.45074533765415,61.92378139435167,10
2768,322.53476296381933,61.987051771179026,10
2769,322.7315969040218,61.81893690460289,10
2770,322.8090529467137,61.887850344905054,10
2771,322.95268367138885,61.99202080353785,10
2772,323.1009204238273,61.868341938883425,10
2773,323.18171991365136,61.97265873597433,10
2774,323.1986949918792,61.94920030264689,10
2775,323.3294362780795,62.0236032268286,10
2776,323.4978157575562,62.16778513630033,10
2777,323.63810756900205,62.15862323110949,10
2778,323.83921490289595,62.206799105292546,10
2779,323.8767214533187,62.21081722154263,10
2780,324.005886405195,62.16495968395306,10
2781,324.03337495300957,62.15949922177335,10
2782,324.0401295959872,62.154692095174454,10
2783,324.1380150461791,62.18267527923645,10
2784,324.28531060800645,62.237408093196976,10
2785,324.38127793267915,62.32183103326247,10
2786,324.53422159502486,62.41273629855213,10
2787,324.85498677433816,62.38204952919328,10
2788,324.87853351176574,62.390394373899774,10
2789,325.14571857765657,62.445239490540835,10
2790,325.22843543690914,62.493272273136476,10
2791,325.25132948566295,62.50903674961608,10
2792,325.40251802442197,62.55167009652377,10
2793,325.5469030290823,62.51469583251083,10
2794,325.68233710959936,62.60108267047708,10
2795,325.82585378713213,62.56174495719019,10
2796,325.92008810393673,62.65333098910609,10
2797,325.94369545966913,62.67274549101922,10
2798,326.13703495953047,62.8209466528006,10
2799,326.2908885773469,62.89198926728422,10
2800,326.4218993470246,62.906103284989754,10
2801,326.5384433741823,62.970462060196574,10
2802,326.6730807615515,62.96401264648328,10
2803,326.68094161287934,62.96974617295876,10
2804,326.77963153037723,62.9986155406447,10
2805,326.8477610885608,63.06731399231266,10
2806,326.9200222035897,63.160381715220936,10
2807,327.1294399070731,63.26391951335929,10
2808,327.27728844921955,63.173880381835176,10
2809,327.40601258558445,62.99004718214271,10
2810,327.47726716767687,62.959663841129284,10
2811,327.56852460557735,62.99561605219678,10
2812,327.71104606989985,63.00790162876719,10
2813,327.8591615063809,62.92731207833068,10
2814,327.8714366901102,62.931102946199346,10
2815,328.04809042648606,63.01306731221795,10
2816,328.06245094379744,63.013580026524956,10
2817,328.1498795216386,62.944244616973954,10
2818,328.22463106578357,62.917401874942186,10
2819,328.35629602054576,62.90866283946304,10
2820,328.4187013185258,62.891244653728066,10
2821,328.4944683752535,62.97117297354897,10
2822,328.56924987049376,62.96277464648571,10
2823,328.6543088637611,62.90152944477638,10
2824,328.79308800988576,63.06206187610464,10
2825,328.92067070836237,63.139379865898015,10
2826,329.0339403232546,63.170134440558584,10
2827,329.1794480271733,63.03469718637579,10
2828,329.39315217376094,62.95896918571323,10
2829,329.4788708934295,62.976323879047754,10
2830,329.5646713200311,63.020693403060754,10
2831,329.58648352685157,63.033811344607074,10
2832,329.6041114514692,63.0145847165194,10
2833,329.677838165533,63.10470089856384,10
2834,329.8114088851226,63.13107301092177,10
2835,329.88353998194896,63.167739286091624,10
2836,330.029261671032,63.18252053684807,10
2837,330.2284649493919,63.29577977628036,10
2838,330.3644726757292,63.31269252479758,10
2839,330.4963203893018,63.47489276241099,10
2840,330.62574875565804,63.301421887012175,10
2841,330.7252134721731,63.30201346684771,10
2842,330.7276136973857,63.30096435617218,10
2843,330.7449261346313,63.30109492397058,10
2844,330.7919517969582,63.32147373970371,10
2845,330.9274869711208,63.14475238152265,10
2846,331.0369601128242,63.11573145009064,10
2847,331.1022654759141,63.092033451937766,10
2848,331.1840128435511,63.02519090684187,10
2849,331.31546005114865,62.865634785302426,10
2850,331.3915677589162,62.77997678993709,10
2851,331.39830715457094,62.77730865252885,10
2852,331.4066532115134,62.76824214256234,10
2853,331.42309902689465,62.75080359255259,10
2854,331.56511937159195,62.73131476661903,10
2855,331.7226481845788,62.6601604027897,10
2856,331.8581544908981,62.81647411197753,10
2857,332.0008705561769,62.732627718911054,10
2858,332.0403012103033,62.72262285071312,10
2859,332.1348235741963,62.65387489526753,10
2860,332.1486462732347,62.65482070856068,10
2861,332.1747168558593,62.66161156094425,10
2862,332.24941417668987,62.703913190792704,10
2863,332.3159790260105,62.68856942433751,10
2864,332.3248305244259,62.689016408676345,10
2865,332.35005922202964,62.67754214336063,10
2866,332.3565868666715,62.676305667931906,10
2867,332.3655766017971,62.672012829210544,10
2868,332.4447496843103,62.60357599453129,10
2869,332.4696557486095,62.622590975258134,10
2870,332.5519576800895,62.55233310499365,10
2871,332.63199845714314,62.492060472179084,10
2872,332.65000216200144,62.49523897887726,10
2873,332.6822897474491,62.49575473417295,10
2874,332.7708794523233,62.49447884040053,10
2875,332.7831456054879,62.49050051728883,10
2876,332.85570028378936,62.42322273799998,10
2877,332.93829128417804,62.425540660846785,10
2878,332.9550552154029,62.43022107843792,10
2879,332.96472977520773,62.43595305018331,10
2880,332.9778639168247,62.43614664468897,10
2881,333.00227841421093,62.4439528873495,10
2882,333.0907885611653,62.452158487127235,10
2883,333.21835513852665,62.6091561225521,10
2884,333.427425297473,62.656858954082644,10
2885,333.5218850393179,62.60655504736755,10
2886,333.54856081195874,62.603141006540085,10
2887,333.63255102310654,62.66405220759573,10
2888,333.7102470702374,62.73799822221328,10
2889,333.7400503160535,62.73396080505465,10
2890,333.7783629889426,62.707938590834125,10
2891,333.92101719616994,62.70464154837448,10
2892,334.03064775419904,62.75701714148096,10
2893,334.0461018558893,62.76573432196175,10
2894,334.1241658524415,62.766429256199736,10
2895,334.19881086143374,62.65281367107091,10
2896,334.33512834556626,62.610393712334435,10
2897,334.53725470009357,62.71847514637644,10
2898,334.57045356328877,62.71888217148282,10
2899,334.5940613835206,62.69453353364716,10
2900,334.6635811424495,62.79303922868214,10
2901,334.7387552547878,62.811371791377724,10
2902,334.8597640824945,62.88966203872484,10
2903,334.9919597584096,63.02093401702973,10
2904,335.13048628818626,63.09043883090963,10
2905,335.1400383439508,63.100860536273,10
2906,335.1500228729176,63.09676332985932,10
2907,335.2355985001086,63.142569425111,10
2908,335.27550284467276,63.166981090724136,10
2909,335.2816096503093,63.16392347912382,10
2910,335.30099604335385,63.178368726419286,10
2911,335.3888333721583,63.27753168991264,10
2912,335.4163812800331,63.294774656749354,10
2913,335.6833102944457,63.21922968065675,10
2914,335.70496044736944,63.220319513573045,10
2915,335.71279408299904,63.21827206449796,10
2916,335.74696034220545,63.22176191498903,10
2917,335.8136750242763,63.153394971508945,10
2918,335.88128934296844,63.03616165665683,10
2919,336.0622906701606,62.97297731206637,10
2920,336.19026739879985,63.084358942344195,10
2921,336.2085914639455,63.09594003916298,10
2922,336.29599230011195,63.16801290330077,10
2923,336.4386400398056,63.09908016263942,10
2924,336.5672808223625,63.16955311139369,10
2925,336.64158497262025,63.2326419335373,10
2926,336.73553934850344,63.20693758311535,10
2927,336.7396028299069,63.20281672362288,10
2928,336.8708664611386,63.25580648793288,10
2929,336.9611302657237,63.2605377746819,10
2930,337.0289790373975,63.29611235208623,10
2931,337.0530239449918,63.316497374813345,10
2932,337.12301061678835,63.304557804655396,10
2933,337.32201021071944,63.43240246741089,10
2934,337.41922008347035,63.498924138576854,10
2935,337.5706376128627,63.492445147092894,10
2936,337.59230450298884,63.50454637640161,10
2937,337.6056475867209,63.507964649943396,10
2938,337.76722729832807,63.54252205175312,10
2939,337.9953990521698,63.62522247550203,10
2940,338.0268021712835,63.63737722597056,10
2941,338.1164139874422,63.646104862413246,10
2942,338.13667416667926,63.653978972411615,10
2943,338.16712728898216,63.67839050969261,10
2944,338.1959729563594,63.68735437759411,10
2945,338.33901473556324,63.7257388245182,10
2946,338.3552489310944,63.730089057043,10
2947,338.43717209911455,63.77072918411801,10
2948,338.5251047009823,63.783121357680976,10
2949,338.6057806138306,63.788564177101186,10
2950,338.6355246011793,63.80950876780505,10
2951,338.65099101082694,63.79880036341621,10
2952,338.79824327904436,63.905162426782994,10
2953,338.9397446759817,63.72788134665015,10
2954,339.25801137252705,63.61548208464845,10
2955,339.33971846537884,63.62481150082609,10
2956,339.47348075686244,63.50367459228762,10
2957,339.7202522632413,63.42290954466263,10
2958,339.8182713027198,63.328938398312765,10
2959,339.89855973510004,63.25725664106153,10
2960,339.9119020082227,63.25536073162946,10
2961,340.0021136339383,63.32808075767021,10
2962,340.0818790696923,63.38298599669723,10
2963,340.1022154771118,63.396302612685425,10
2964,340.18238122954597,63.42982245125132,10
2965,340.19712507582415,63.42814829437987,10
2966,340.2061268076194,63.42601466304522,10
2967,340.27869563839073,63.34637655461017,10
2968,340.41435416254615,63.43134813311488,10
2969,340.49424836041527,63.43893402025784,10
2970,340.5099224088034,63.4316930068976,10
2971,340.6428566490062,63.56410724861216,10
2972,340.6536555960093,63.56328369381488,10
2973,340.660012061717,63.56088450415084,10
2974,340.73210499551067,63.61547826695914,10
2975,340.82432101714693,63.67345815106531,10
2976,341.03985853993356,63.54012789180893,10
2977,341.10912306132496,63.421828702966856,10
2978,341.2417713117278,63.39933600598383,10
2979,341.271181107684,63.37957466439731,10
2980,341.34268403232244,63.401215116630695,10
2981,341.4783427057737,63.313963622344005,10
2982,341.54675346092233,63.19983746900596,10
2983,341.61719257977387,63.21584014024338,10
2984,341.629211183463,63.22365787072497,10
2985,341.7090106337029,63.25259834988501,10
2986,341.781354507066,63.239037534879984,10
2987,341.85931597698135,63.30223478362048,10
2988,341.9336476685394,63.29606463775063,10
2989,341.9930376522601,63.276833989605784,10
2990,342.06275777651325,63.36346232745594,10
2991,342.14023412829965,63.382925392214986,10
2992,342.2060987118557,63.378137637021176,10
2993,342.3032409301762,63.313844547454984,10
2994,342.3309687311656,63.318960552397826,10
2995,342.39861568273625,63.33580259636649,10
2996,342.44896957994536,63.31144363588917,10
2997,342.52165315544767,63.31419539891454,10
2998,342.60591761275026,63.28895557014165,10
2999,342.68447741979946,63.23912448566446,10
3000,342.69132770987727,63.23725175797004,10
3001,342.82306955034693,63.300383486507066,10
3002,342.9685540789272,63.41079490901157,10
3003,342.9718455962567,63.410321807936164,10
3004,343.04102733143714,63.42983072975343,10
3005,343.0566879810534,63.44414201605685,10
3006,343.19015075724644,63.46212348499371,10
3007,343.2746067154459,63.38633778239704,10
3008,343.42836657297033,63.3054446871793,10
3009,343.511237601014,63.37980115395399,10
3010,343.6244537296913,63.445827768591435,10
3011,343.7578441000611,63.60510026647501,10
3012,343.8562409313601,63.61379623408192,10
3013,343.93473031465385,63.66419744809361,10
3014,343.97086566560586,63.66554357586565,10
3015,344.0151811645871,63.715034999989776,10
3016,344.0841265258888,63.800176776094965,10
3017,344.146983305045,63.88280482684912,10
3018,344.3161558385393,64.00039407799542,10
3019,344.3849314396773,64.06863859692544,10
3020,344.51212753639345,64.2014407921437,10
3021,344.5795045480275,64.19327479888429,10
3022,344.7119998944444,64.23485377815769,10
3023,344.7838293274451,64.29999345133622,10
3024,344.7873861807317,64.2967748565528,10
3025,344.79215534521956,64.293188424352,10
3026,344.8092410580575,64.29204608878584,10
3027,344.84696091008266,64.27608059835137,10
3028,344.8684710455474,64.27772024980698,10
3029,344.9763727854234,64.2666376468136,10
3030,345.1008011454982,64.35960321114032,10
3031,345.1087983960694,64.3543393019299,10
3032,345.2575648254209,64.40083194689366,10
3033,345.58457130856823,64.61790971112175,10
3034,345.714930772745,64.64263956872526,10
3035,345.79240937200416,64.65898597699152,10
3036,345.94967119460057,64.78036265406662,10
3037,346.2061018931548,64.83790315520923,10
3038,346.2237587139801,64.84569603425406,10
3039,346.30664037648506,64.8589753137936,10
3040,346.3829328273345,64.77916385017431,10
3041,346.4583918621092,64.75201641055065,10
3042,346.66248266245157,64.91622254358106,10
3043,346.72754066331674,64.80590433295379,10
3044,346.87308770175883,64.88722419988167,10
3045,346.88960208649576,64.88495180969694,10
3046,346.96017799793293,64.9289802006688,10
3047,347.1940520932802,64.95937046330751,10
3048,347.3718649159575,64.9677146339777,10
3049,347.56613599301704,65.10899574263854,10
3050,347.7218209638224,65.08112818335356,10
3051,347.805475458437,65.10620457745608,10
3052,347.94761172481947,65.19453114404166,10
3053,348.0788292108167,65.28224518566334,10
3054,348.1095405637635,65.27409469966221,10
3055,348.13017834450596,65.25735971915327,10
3056,348.15277382810007,65.23952658515798,10
3057,348.23025410501015,65.29659629708827,10
3058,348.3635006859121,65.42106959908264,10
3059,348.4402056251546,65.43056553637865,10
3060,348.4879906432012,65.44460099782852,10
3061,348.51250321998566,65.44918799485676,10
3062,348.5389605649776,65.45275089244222,10
3063,348.62261873740954,65.49397260542744,10
3064,348.7658603288438,65.52696307598485,10
3065,348.8411058369694,65.51367070145811,10
3066,348.91386005259574,65.5735260519301,10
3067,348.99793252632503,65.6349694959862,10
3068,349.0779539079831,65.69890487798348,10
3069,349.09307538582783,65.70045632138196,10
3070,349.13779692381513,65.67218539075371,10
3071,349.1466981802205,65.66344927135697,10
3072,349.231357244827,65.6796753703353,10
3073,349.26625255747075,65.6376588612819,10
3074,349.35768749547236,65.64325479628434,10
3075,349.37067685573714,65.64549243233999,10
3076,349.41938134916734,65.65580149836585,10
3077,349.49796279633966,65.72631319967819,10
3078,349.6463354452793,65.76530894765759,10
3079,349.6732108098167,65.77344818010485,10
3080,349.8708319241324,65.90231421651272,10
3081,350.00579991539666,65.94958487830509,10
3082,350.0766101977648,65.99329300610368,10
3083,350.19573093671676,66.03898380570054,10
3084,350.3159991515551,66.02118097974963,10
3085,350.40067137539666,65.96330551373715,10
3086,350.4870640358449,65.90723450426408,10
3087,350.5578938137637,65.88415042833125,10
3088,350.65536168744717,65.93150886596513,10
3089,350.74314645758375,65.99294435504144,10
3090,350.82397113268996,65.91034265849284,10
3091,350.9544739008656,65.81848652853957,10
3092,351.02811335020766,65.8255071554228,10
3093,351.06681175520686,65.80410833685804,10
3094,351.26619992298413,65.76875616569772,10
3095,351.40219691196614,65.86126615274318,10
3096,351.48829130825965,65.91601347748646,10
3097,351.69459706619216,65.79444567051726,10
3098,351.8477434178855,65.8820247733771,10
3099,351.99964018724677,65.88676125115238,10
3100,352.13159876838125,65.83911122968956,10
3101,352.1514972068446,65.83249458612298,10
3102,352.1767508674026,65.83928265896974,10
3103,352.25231746254883,65.85983844699028,10
3104,352.26840633595396,65.86555858506242,10
3105,352.33957450768446,65.74709887466199,10
3106,352.55565273976924,65.69185452968821,10
3107,352.5768998883152,65.7077713451143,10
3108,352.72709746472805,65.8034474267282,10
3109,352.793760266556,65.87674664208485,10
3110,352.8606371740445,65.94656532021294,10
3111,352.9518792325739,65.9748950733505,10
3112,353.1026148987478,66.08449018389085,10
3113,353.21066662618506,66.05043858632764,10
3114,353.28178919586645,66.12023209069461,10
3115,353.40981059668184,66.25375820443413,10
3116,353.47626882630504,66.31626474347573,10
3117,353.5499121510028,66.38914990238779,10
3118,353.68453095884854,66.53430363099953,10
3119,353.8098327774604,66.67284744677652,10
3120,353.95150876531704,66.82650566740475,10
3121,353.9642179801907,66.82672003035941,10
3122,354.0973590835606,66.86860016346839,10
3123,354.22722058893004,66.91977233074867,10
3124,354.37947120042213,66.92501934319446,10
3125,354.4734036697776,66.99950902573845,10
3126,354.5672421392687,67.06639580553224,10
3127,354.63437264773756,67.13884112491799,10
3128,354.6604433613365,67.1276010261524,10
3129,354.726121201174,67.09279969008794,10
3130,354.8982230571264,67.17744023409158,10
3131,354.9147440583064,67.16478725379346,10
3132,354.9918991037456,67.23332483715335,10
3133,355.1274052795053,67.33013659082144,10
3134,355.21801275647863,67.42444097075757,10
3135,355.35905945976407,67.53305059863284,10
3136,355.43124651077716,67.61078496451526,10
3137,355.57673534226683,67.71815383777162,10
3138,355.74572149778794,67.68956826744376,10
3139,355.8377100130425,67.74410215948724,10
3140,355.919907759129,67.79047076539108,10
3141,355.99889290784074,67.83438166924617,10
3142,356.1460315621779,67.74363267494869,10
3143,356.22338950455554,67.66407573571827,10
3144,356.2409474173248,67.67111152860392,10
3145,356.3952512713442,67.69245056994137,10
3146,356.5302932501846,67.65506688239331,10
3147,356.6848831336077,67.75975906490393,10
3148,356.7020207802736,67.74838113005143,10
3149,356.7175886497056,67.75710775668641,10
3150,356.91791262469326,67.84446725941248,10
3151,357.1174920597034,67.72152452299467,10
3152,357.32725882601073,67.59976677152478,10
3153,357.4098425163879,67.65790678684601,10
3154,357.4292951297887,67.66897170871843,10
3155,357.51242595408286,67.74236570794876,10
3156,357.51926775062293,67.74335767654884,10
3157,357.65280769437175,67.70707942552026,10
3158,357.6584691852537,67.70530033857216,10
3159,357.73914329025393,67.76472140922614,10
3160,357.87869298581285,67.9160442543945,10
3161,357.9695887466505,67.95695070082506,10
3162,357.97781741809746,67.95659907160012,10
3163,358.1734331062336,68.14084464400872,10
3164,358.2400029271545,68.21858887848597,10
3165,358.3628760006478,68.21443697250903,10
3166,358.4464949508701,68.29297580104291,10
3167,358.51599891803073,68.36462836262046,10
3168,358.6029785879217,68.41545564120125,10
3169,358.8064516277361,68.48658362407599,10
3170,358.89118485698106,68.55412433607103,10
3171,359.0542898259417,68.63713130537133,10
3172,359.1488454148202,68.71676768663839,10
3173,359.27119677934536,68.74194303665648,10
3174,359.36754104857835,68.63837995076483,10
3175,359.4445031570534,68.71622914733223,10
3176,359.58467118248757,68.80810981034203,10
3177,359.66310849467015,68.87642015140598,10
3178,359.73548735083295,68.95741367874146,10
3179,359.8802246086076,69.0973204228045,10
3180,359.9554332451265,69.17173134507628,10
3181,359.95950470142077,69.17206868655516,10
3182,359.9747954143935,69.1709414144563,10
3183,360.046852626342,69.18601995872882,10
3184,360.134034414197,69.28244490357817,10
3185,360.21138021079133,69.31526804404159,10
3186,360.2884180506778,69.40123301163236,10
3187,360.4385826207269,69.49403316101456,10
3188,360.513529828263,69.41619591698337,10
3189,360.65145098933175,69.39753056096113,10
3190,360.9284410471417,69.43942680895344,10
3191,361.1915837117671,69.41543225456996,10
3192,361.3238843519042,69.36053937049329,10
3193,361.3998515391313,69.32870437646524,10
3194,361.47658485526597,69.33134657334492,10
3195,361.5578908365881,69.26718110740069,10
3196,361.5806882819267,69.25902812593029,10
3197,361.65498968543164,69.33327527062168,10
3198,361.7260921560925,69.41574876231584,10
3199,361.7631833825029,69.40456079002328,10
3200,361.9071610133794,69.40021843799265,10
3201,361.97803359376974,69.41994238643035,10
3202,362.05618483843244,69.45456771552017,10
3203,362.1887385686419,69.61401788560786,10
3204,362.34296042234746,69.73985031118512,10
3205,362.4238373573347,69.70703914932514,10
3206,362.4945057415664,69.7856420395565,10
3207,362.4985988163436,69.78755292974185,10
3208,362.57244278292285,69.75343637534417,10
3209,362.7023693362594,69.76097532984723,10
3210,362.898640183533,69.78044766164126,10
3211,363.0165251068132,69.75066658575675,10
3212,363.0955202626371,69.83207250276286,10
3213,363.1928341344924,69.91945815985585,10
3214,363.2757355301694,69.82629697842464,10
3215,363.2879874794802,69.82347596674151,10
3216,363.30117505494457,69.82646958728543,10
3217,363.3217673384523,69.84517954377976,10
3218,363.361717970926,69.87075734172545,10
3219,363.42472572926255,69.76522232290027,10
3220,363.43419168609535,69.7730183032561,10
3221,363.58222098203316,69.92730838644371,10
3222,363.6224530029758,69.95519722127763,10
3223,363.6619756097872,69.95114278123009,10
3224,363.688544141911,69.9558025782107,10
3225,363.77650064963575,70.01695060375394,10
3226,363.972943420832,70.0826326818993,10
3227,364.1058677049592,70.0284137664616,10
3228,364.1137834701647,70.02859110979628,10
3229,364.18319906421806,70.10872392510707,10
3230,364.4630628410747,70.24934830755222,10
3231,364.60779728412047,70.20186014080454,10
3232,364.6228801438513,70.20719921265301,10
3233,364.63228003250003,70.20742237039788,10
3234,364.7027917721666,70.20180677406928,10
3235,364.7686059009353,70.23101470273784,10
3236,364.8427249931689,70.30569329794184,10
3237,364.84524722327575,70.30591874535091,10
3238,364.9136767150407,70.33376132059227,10
3239,364.9172086313808,70.3318767090533,10
3240,364.9319217305437,70.33013051204699,10
3241,364.9385113458765,70.33016922248063,10
3242,364.9937462241114,70.35278701198911,10
3243,365.073280063985,70.26897180458131,10
3244,365.0899080494004,70.27144990152804,10
3245,365.1075521985846,70.27644253791682,10
3246,365.12968267002844,70.27683846910377,10
3247,365.1992130502428,70.24241722651543,10
3248,365.31409613475364,70.14268209533353,10
3249,365.3194918640457,70.14184744917212,10
3250,365.4339786654935,70.07433703623244,10
3251,365.57421547131725,70.03863175420344,10
3252,365.65115972180934,70.112382859261,10
3253,365.6631366435507,70.10673307349822,10
3254,365.76758007424075,69.99989442949312,10
3255,365.86754645310737,69.942805727224,10
3256,366.0124760439714,69.76982362481468,10
3257,366.1774409324045,69.6252202738139,10
3258,366.27111479545516,69.54542820705575,10
3259,366.37346030073826,69.50328903742661,10
3260,366.4270317510255,69.55156433159911,10
3261,366.4335198009706,69.54865727974217,10
3262,366.51485772246724,69.63022482485712,10
3263,366.6025595308314,69.70366121076387,10
3264,366.6129793166482,69.69760924079063,10
3265,366.6367426033495,69.7093153686917,10
3266,366.65611824376913,69.69710926784418,10
3267,366.7976256322321,69.80879045238457,10
3268,366.8254786563954,69.83542128309772,10
3269,366.91619531942763,69.87894498872694,10
3270,367.0980220621447,69.86616085776116,10
3271,367.1286676173985,69.86847110636735,10
3272,367.2595601678475,69.92186453476971,10
3273,367.3509954966794,69.86409368095087,10
3274,367.4910783808484,69.77413171932933,10
3275,367.6190494356837,69.84906904744948,10
3276,367.6867394811352,69.93171029702974,10
3277,367.7848181545784,70.01354263484592,10
3278,367.91202425511267,70.11593546238595,10
3279,367.98559478213696,70.00098981848186,10
3280,368.17798469959143,69.96839650917819,10
3281,368.31931140581725,69.92907437151987,10
3282,368.32940824585353,69.93380085300407,10
3283,368.4611078587551,69.75029092597939,10
3284,368.57927011531694,69.7283079020886,10
3285,368.6339407241554,69.7933164655958,10
3286,368.6684567841681,69.80366747755576,10
3287,368.82295941777363,69.81806944572682,10
3288,368.95714998683155,69.64762706576585,10
3289,369.0254166351324,69.5768020602571,10
3290,369.1130237938036,69.6555912556466,10
3291,369.2419373616608,69.66763373155356,10
3292,369.4537485862317,69.57194378372354,10
3293,369.4626163208329,69.56862028085847,10
3294,369.48996491672847,69.57259675032634,10
3295,369.4934481534075,69.57039210038143,10
3296,369.59163126615636,69.64912984763046,10
3297,369.72213058518776,69.80449779961786,10
3298,369.8078439772866,69.88215219172191,10
3299,369.9023337010618,69.89312981423873,10
3300,369.9822686506726,69.90018030922595,10
3301,370.01917759910555,69.92032134520947,10
3302,370.0217925025023,69.92232882774482,10
3303,370.02859051355347,69.92062602557374,10
3304,370.0444125845894,69.9374160837562,10
3305,370.1206934648318,70.01766573363224,10
3306,370.3149297133889,70.25269177385613,10
3307,370.4345872233898,70.39807492571292,10
3308,370.50061007588226,70.4698550226911,10
3309,370.58804779408393,70.53733694636992,10
3310,370.6693754797615,70.44298222481702,10
3311,370.8125157293472,70.42193325230222,10
3312,371.0710339744647,70.47013673767694,10
3313,371.08973905662276,70.470716038745,10
3314,371.1744380604671,70.3827501365627,10
3315,371.2554114366341,70.4709736734772,10
3316,371.3489209500176,70.51039905586829,10
3317,371.42843832336007,70.47298877826822,10
3318,371.51566738916296,70.51712318882967,10
3319,371.5980175936338,70.54853540699564,10
3320,371.60721041182217,70.5421207111918,10
3321,371.7411216704469,70.48088965222257,10
3322,371.7653315933314,70.49376892456625,10
3323,371.8499152760686,70.39381879974376,10
3324,371.8559725207,70.39320958254974,10
3325,371.93859354805966,70.47307360702095,10
3326,371.9639264696314,70.47333707746448,10
3327,371.9897557814574,70.47823491361599,10
3328,372.0146428258809,70.50009954959272,10
3329,372.0251118631861,70.49627780270896,10
3330,372.1265076411501,70.52738873962714,10
3331,372.26699538253837,70.6873434487878,10
3332,372.4062906440608,70.62046782005426,10
3333,372.5426128220064,70.75309194434462,10
3334,372.6019255321683,70.7538874556677,10
3335,372.6650777869794,70.82366326937587,10
3336,372.8096148979898,70.87885031317198,10
3337,373.0679587374891,70.94160365310026,10
3338,373.3072649120689,71.0503396700998,10
3339,373.5516725573003,71.03635182257275,10
3340,373.69344761233685,71.12952078642081,10
3341,373.7217008031815,71.13859011467235,10
3342,373.79679293500203,71.02876810177563,10
3343,373.87975015877976,71.11405711103887,10
3344,373.98359427736716,71.0562521225057,10
3345,373.99790220373905,71.05832550975433,10
3346,374.1297440586321,71.16231336318268,10
3347,374.19825884380106,71.15310484124014,10
3348,374.2826586961966,71.23541745291335,10
3349,374.3611894671599,71.23505029286558,10
3350,374.44252603931096,71.26778276868355,10
3351,374.4742851448698,71.26796575741209,10
3352,374.56097274307996,71.35434951494116,10
3353,374.65184461191944,71.36788792418247,10
3354,374.8567820949198,71.4826155596899,10
3355,374.9250070041585,71.56374838406245,10
3356,374.9294537548641,71.56240844051287,10
3357,375.0068905192787,71.5870054667632,10
3358,375.07537917397724,71.66581239414916,10
3359,375.09087549337397,71.67586092954518,10
3360,375.17153264176346,71.67048336627516,10
3361,375.25987005529623,71.71684958669609,10
3362,375.3944852678233,71.7273652762286,10
3363,375.53069509167074,71.8502998558431,10
3364,375.61832863330164,71.93677736336835,10
3365,375.6993491994426,71.97264785970509,10
3366,375.8398026681795,71.99042967818018,10
3367,375.87124287145207,71.99358219749786,10
3368,376.0161266945437,71.95351133449915,10
3369,376.10141899319854,72.02709555489712,10
3370,376.18901426309515,72.07473617481568,10
3371,376.20174840798455,72.07959018674289,10
3372,376.2246293145198,72.07187583537382,10
3373,376.230304797271,72.06656085715515,10
3374,376.3021795952334,72.0038485384193,10
3375,376.384435770211,72.07832391180678,10
3376,376.3974754074073,72.07969399059752,10
3377,376.4005455652971,72.07596860958931,10
3378,376.4799261346893,72.10047277800614,10
3379,376.5002734973606,72.10274935353232,10
3380,376.5404205747774,72.10116448996659,10
3381,376.56378852117814,72.10357233330339,10
3382,376.664296246943,72.01334629020994,10
3383,376.751763690179,71.94670728051206,10
3384,376.80587690536623,71.95797472533773,10
3385,376.94473928089184,71.99520254308418,10
3386,377.0042800829327,71.95960488604922,10
3387,377.2060162685334,72.0812238870693,10
3388,377.3403282862538,72.13677399433581,10
3389,377.4856382032014,72.22653902377307,10
3390,377.67842978916235,72.29163494712904,10
3391,377.77051731815095,72.21416524162018,10
3392,377.9621484089797,72.04251955382763,10
3393,378.186149122396,71.98068260436368,10
3394,378.39845059941797,71.97370143530941,10
3395,378.47464714674686,71.9567877639074,10
3396,378.6108316982928,71.95948882615188,10
3397,378.6930850230376,72.04294103369118,10
3398,378.77802461317157,72.14081256202203,10
3399,378.8474875820283,72.22070568772146,10
3400,378.91947856796367,72.2426204476552,10
3401,379.1231328035127,72.24253904760978,10
3402,379.15946235252716,72.26927117668279,10
3403,379.2354515979572,72.22756892342878,10
3404,379.30447568169717,72.30038097620924,10
3405,379.3806257953446,72.38298382711108,10
3406,379.4611743089801,72.37991232488065,10
3407,379.48563147171,72.38065510853555,10
3408,379.51422514883063,72.39800301162761,10
3409,379.5943285665757,72.40948127644445,10
3410,379.68106576845753,72.43740224131186,10
3411,379.76067861002105,72.51293900248275,10
3412,379.9071597492918,72.61364845746185,10
3413,380.1670923833032,72.6793707725416,10
3414,380.2493228702159,72.71971527034742,10
3415,380.39237529246833,72.88897623672113,10
3416,380.4771033351462,72.94677667514259,10
3417,380.62270672769023,73.0248678484351,10
3418,380.77584045011406,73.1251752108653,10
3419,380.87064295497305,73.08896290188977,10
3420,381.00995472436955,73.18023105134729,10
3421,381.1960839584208,73.27515150004166,10
3422,381.2706335526079,73.2958475024462,10
3423,381.288020012904,73.31024569790299,10
3424,381.42239391463477,73.25997423734492,10
3425,381.43520764384596,73.25617797038097,10
3426,381.4501834065623,73.25523419083854,10
3427,381.5905543523616,73.23469034905352,10
3428,381.6601938789987,73.30962058036806,10
3429,381.73942385398925,73.27940880410998,10
3430,381.8831275021181,73.34062428630878,10
3431,381.959924313124,73.42443205010075,10
3432,381.9793667161509,73.41813430263906,10
3433,381.98939608591206,73.40614575767832,10
3434,382.01711724642803,73.39202049378673,10
3435,382.11961031497407,73.31569223016804,10
3436,382.31591819508446,73.1324048375652,10
3437,382.4228988136051,73.06055313754366,10
3438,382.6131366139036,73.02792660212695,10
3439,382.6686609396941,73.09217171769586,10
3440,382.7592687975362,73.06491344323209,10
3441,382.8969723827269,72.9268694184517,10
3442,383.16207336453056,72.99001140037673,10
3443,383.2323629412992,73.01656823651234,10
3444,383.2989154496891,72.91419456193533,10
3445,383.30453474921205,72.91192510927496,10
3446,383.37903039174853,72.97487009427734,10
3447,383.47320724436906,72.96672132697311,10
3448,383.5396239195473,73.0091711311607,10
3449,383.55081301062575,73.00684690680592,10
3450,383.6275417707009,73.09995508916525,10
3451,383.71117665409605,73.04408972614506,10
3452,383.74422314445314,73.03756489044453,10
3453,383.86666146948,72.97615426616511,10
3454,383.9398005943634,72.8835886813314,10
3455,384.0771925925007,72.7102070272487,10
3456,384.1704516183096,72.60729864541271,10
3457,384.25826213872995,72.62125826060787,10
3458,384.33447819090895,72.63625898692214,10
3459,384.3524304306994,72.61788735832037,10
3460,384.4903287292035,72.48286206144485,10
3461,384.51403518340084,72.48334416004494,10
3462,384.5201762737676,72.48658773435697,10
3463,384.5935944432342,72.51456217946112,10
3464,384.8562117239884,72.44640203303955,10
3465,385.1201634145917,72.46333746316692,10
3466,385.1634783722936,72.44065304251029,10
3467,385.4279373018571,72.58086515466898,10
3468,385.61908093649765,72.44719250894164,10
3469,385.69663760821857,72.3546131777678,10
3470,385.8876895397706,72.21031187168646,10
3471,386.0693566366592,72.19613615381502,10
3472,386.09609879147445,72.17022290508713,10
3473,386.1070036043291,72.17090596834218,10
3474,386.2624133408511,72.13280954403233,10
3475,386.51058194617275,72.03847830649141,10
3476,386.54491381003464,72.02368089937518,10
3477,386.6518745937095,72.02416468456822,10
3478,386.8080490021224,71.98163565504,10
3479,387.01395346102623,72.02835234908399,10
3480,387.14220959675083,71.94648060894343,10
3481,387.2171679222986,71.95521618997141,10
3482,387.2292112565394,71.9631590512957,10
3483,387.3205760559102,71.96525716284528,10
3484,387.3892152924823,72.038137199103,10
3485,387.47452419478975,72.11537645310077,10
3486,387.5519152169322,72.18214649812033,10
3487,387.6337405842221,72.1943300918784,10
3488,387.7090253488901,72.15894015133964,10
3489,387.75174390792796,72.15659688151023,10
3490,387.7809769401373,72.15575110388663,10
3491,387.84797449115484,72.15373001062213,10
3492,387.8902418367808,72.18896161152304,10
3493,387.9137435186445,72.19025552416731,10
3494,387.96812535911937,72.25871387356256,10
3495,388.04891087834267,72.34271709930684,10
3496,388.10438833176966,72.33945285585479,10
3497,388.1725069846008,72.34949822830497,10
3498,388.29564949381836,72.31403798637454,10
3499,388.3496079330657,72.37750084232302,10
3500,388.4669527213336,72.41124650018634,10
3501,388.54399428688475,72.42269914539231,10
3502,388.7464236978802,72.42612980687524,10
3503,388.7897876800003,72.4005487598133,10
3504,388.80005767938934,72.40742294479978,10
3505,388.8788419956783,72.39325193860205,10
3506,388.91925055264335,72.40999976790675,10
3507,388.92631432907564,72.40571132686948,10
3508,388.9919990050249,72.37156880330363,10
3509,389.0772854725791,72.27632921327681,10
3510,389.15159629355446,72.2448036339042,10
3511,389.2264727055946,72.21596445832321,10
3512,389.2550573869219,72.23373993839435,10
3513,389.3259407032336,72.30764877311479,10
3514,389.33622458813403,72.31491868274503,10
3515,389.48733062849635,72.35904141480931,10
3516,389.5742742399249,72.27387640323117,10
3517,389.72293319969486,72.25366014853968,10
3518,389.82713595562177,72.30768986289272,10
3519,389.97663013711673,72.3571459631656,10
3520,390.12178000782933,72.48315635632225,10
3521,390.2718846186109,72.63918804661216,10
3522,390.3315566997579,72.69735933498946,10
3523,390.4599485269738,72.75852226920281,10
3524,390.52230670909955,72.67112964833348,10
3525,390.6375114966172,72.56838694866359,10
3526,390.78134544468037,72.39729208903604,10
3527,390.9138338162571,72.39157626706074,10
3528,391.0859888584767,72.40948894758102,10
3529,391.2407146447467,72.41879877901955,10
3530,391.3369041679531,72.35258945989528,10
3531,391.34625893848704,72.35407754151177,10
3532,391.4888517475185,72.3734193069857,10
3533,391.56361403145434,72.46340051044558,10
3534,391.6463055991345,72.50598261811913,10
3535,391.7939463622832,72.45798953569458,10
3536,391.9295426149753,72.58063200757702,10
3537,392.0676344945006,72.70054462975538,10
3538,392.13808356436476,72.60129269759851,10
3539,392.2117598449625,72.51075425872651,10
3540,392.2209570799372,72.51404878060809,10
3541,392.28564695034197,72.5388713572372,10
3542,392.43472127775186,72.53507210094952,10
3543,392.62323868333004,72.50488841585093,10
3544,392.71148726081344,72.53866982962047,10
3545,392.77047138464,72.45333709079263,10
3546,392.77636719011633,72.45643858610183,10
3547,392.80336922015465,72.46720595090122,10
3548,392.87980704637084,72.56453334845715,10
3549,392.9592512675996,72.5504427419185,10
3550,393.0493385320111,72.60303186614058,10
3551,393.0684924252472,72.59836677920198,10
3552,393.2250587258152,72.51474751906028,10
3553,393.30449014120506,72.61984661365078,10
3554,393.37926354213425,72.6917911139115,10
3555,393.50324695751834,72.60389152368516,10
3556,393.73961745971354,72.6192615232222,10
3557,393.8803837800098,72.72775008029129,10
3558,393.8970868370965,72.71035676825271,10
3559,394.03079802773755,72.64428267771648,10
3560,394.11639403545576,72.63617766673204,10
3561,394.2799689110676,72.75718990743815,10
3562,394.3618586799429,72.78536411365982,10
3563,394.37585646134255,72.79369424371903,10
3564,394.39303064517594,72.77725758063006,10
3565,394.4096346332627,72.75754206509922,10
3566,394.4260122495314,72.7786107296299,10
3567,394.4508377269568,72.78488298043212,10
3568,394.5222734537314,72.88062422587255,10
3569,394.55137477839077,72.87896243744513,10
3570,394.65201655291526,72.9012391397611,10
3571,394.72261949495015,72.96317467083797,10
3572,394.741588535574,72.96856329256758,10
3573,394.8297106473683,73.05375393202574,10
3574,395.0082913196519,73.15869054724182,10
3575,395.04013020717616,73.18569811111485,10
3576,395.1329072215046,73.28519428843036,10
3577,395.2435503495291,73.3386217902046,10
3578,395.2610950418984,73.34801520614651,10
3579,395.3531625481908,73.38079085971356,10
3580,395.48294657556545,73.54506808622229,10
3581,395.7156495537405,73.72351414901468,10
3582,395.85200560257886,73.89402801889116,10
3583,395.9874445713182,73.90937158091843,10
3584,396.08058266490076,73.92933621433033,10
3585,396.0869102047278,73.93185212164977,10
3586,396.0976527200631,73.92959766037784,10
3587,396.3018529690536,74.10616218089544,10
3588,396.32805607652637,74.11988285881574,10
3589,396.3960739904167,74.21042760274574,10
3590,396.47847551358245,74.27518390126698,10
3591,396.50553488483143,74.24455064531854,10
3592,396.577254458998,74.14483743958749,10
3593,396.6622830557063,74.22821556807598,10
3594,396.73259772810076,74.29533271012536,10
3595,396.74080581214315,74.29402357011459,10
3596,396.7462123647077,74.29678747732174,10
3597,396.94042884431434,74.4403786159299,10
3598,397.0184147184477,74.45474554505135,10
3599,397.09324842129047,74.4746213350017,10
3600,397.2859630128269,74.6410603513389,10
3601,397.4238445591442,74.72425504992346,10
3602,397.49916720576164,74.64097184074174,10
3603,397.5143055394503,74.6354036835031,10
3604,397.6454847092679,74.56054411320237,10
3605,397.70954764409316,74.55450382392982,10
3606,397.72658370558025,74.55517885967923,10
3607,397.7366675350415,74.54879929263102,10
3608,397.90385051280265,74.58410691686329,10
3609,398.1533116785858,74.65033790876171,10
3610,398.16612848849763,74.65538734293978,10
3611,398.2620138711401,74.69315012433032,10
3612,398.43020621269807,74.78116130842545,10
3613,398.57013650457066,74.87670015311967,10
3614,398.7753254606795,74.97459695351449,10
3615,398.8475952690458,75.05420856535459,10
3616,398.93052180321513,74.9912875825671,10
3617,398.99878315738334,74.91910990937038,10
3618,399.0600004969816,74.9826639870352,10
3619,399.0836297751572,74.99055913731662,10
3620,399.22243897938864,74.94732457846713,10
3621,399.42294681036594,74.94318659080544,10
3622,399.4455648034837,74.93645141965415,10
3623,399.58436423586573,75.04890797198075,10
3624,399.7144378632671,75.05696222689778,10
3625,399.7209756285539,75.05221577531901,10
3626,399.73660901410943,75.05614407926939,10
3627,399.8086157945145,75.14161225624603,10
3628,399.8588586240112,75.20821552856202,10
3629,399.89418748934577,75.23549147475266,10
3630,399.8984052747484,75.23583193448697,10
3631,399.9714225572558,75.2471812430593,10
3632,400.04850265964626,75.2783544568756,10
3633,400.1232695083236,75.30622868126193,10
3634,400.12888027500264,75.30906025498734,10
3635,400.2591097876394,75.45582352132871,10
3636,400.347114382591,75.45038230816557,10
3637,400.42988244019284,75.51560719977886,10
3638,400.50086354333536,75.59191269302416,10
3639,400.64449249304465,75.56634076764732,10
3640,400.7323797382164,75.4546350322392,10
3641,400.799077215569,75.52497259254491,10
3642,400.87348347044394,75.61005026105396,10
3643,400.99694275692497,75.7554199082001,10
3644,401.1193106217289,75.90267871213887,10
3645,401.1906081843635,75.9733912531491,10
3646,401.25634684717926,76.06083165183473,10
3647,401.4641203565833,76.07369169551043,10
3648,401.60569328645624,76.23251955118518,10
3649,401.67735198077327,76.25005152891103,10
3650,401.72738997222206,76.26587355777933,10
3651,401.802850947506,76.3063353467994,10
3652,401.84018499622823,76.32095182815817,10
3653,401.85838665535783,76.31387418042698,10
3654,401.9348376071326,76.2278583606472,10
3655,402.00093242308355,76.3006245114334,10
3656,402.0823349415049,76.21970401993475,10
3657,402.23023802107446,76.22003040230767,10
3658,402.4802119411156,76.4059089121524,10
3659,402.5952465342755,76.42272941988428,10
3660,402.6685960062984,76.50815017877001,10
3661,402.76808254874675,76.56613206730923,10
3662,402.99210709865406,76.79208750423125,10
3663,403.2113783051149,76.86884162817697,10
3664,403.35344416303013,76.98702317712747,10
3665,403.4533355464167,77.05993694182521,10
3666,403.6066260246577,77.03726486494003,10
3667,403.66903561353155,77.06544971704606,10
3668,403.7344164751047,77.01996562899018,10
3669,403.73782601589846,77.01702221991606,10
3670,403.81420800017946,76.93326335667379,10
3671,403.87930943106693,76.94816806451456,10
3672,404.02929617294797,76.90310358188698,10
3673,404.1107870468544,76.81349139240196,10
3674,404.182352687253,76.83671205090202,10
3675,404.25888819312087,76.90586670760742,10
3676,404.2772936841692,76.89409322251386,10
3677,404.3538546872809,76.97391950044621,10
3678,404.36032889051523,76.97123804176378,10
3679,404.4234531715442,76.99466490401622,10
3680,404.5008289284877,77.07611394599238,10
3681,404.51572175656923,77.07538300872281,10
3682,404.52146201744824,77.07486016888136,10
3683,404.53737350116904,77.06504935320189,10
3684,404.67969295769166,77.15347287965712,10
3685,404.7609551125759,77.0707159018631,10
3686,404.84961318247485,77.05751577297936,10
3687,404.9378502197866,77.10575618824032,10
3688,405.1390885411368,77.23837192695532,10
3689,405.26253913175424,77.33422112711983,10
3690,405.33691915853143,77.36561102554592,10
3691,405.3480002876796,77.36330570385519,10
3692,405.35564162100616,77.35659674363978,10
3693,405.4264603066775,77.33464343375319,10
3694,405.4620254095407,77.32031500584785,10
3695,405.6713291462026,77.5229274574921,10
3696,405.7471685892686,77.61573660707957,10
3697,405.75713386596067,77.62365507776171,10
3698,405.77179089820095,77.62634066541355,10
3699,405.83552814589075,77.64277392290364,10
3700,405.90064687445187,77.54500458253396,10
3701,405.92925657334763,77.55821621200724,10
3702,405.94766446660753,77.56585058137581,10
3703,405.9622207317562,77.57046139379804,10
3704,405.9672093248074,77.5655645645379,10
3705,406.0396930382345,77.64348409418515,10
3706,406.05920600116235,77.64683001789375,10
3707,406.08774764381036,77.67936513619783,10
3708,406.10797634590534,77.7017350300283,10
3709,406.18274604391854,77.77721161145085,10
3710,406.2721423612242,77.88917335235014,10
3711,406.2841902719992,77.89270855139188,10
3712,406.36623170589695,77.98236290100209,10
3713,406.50459669720806,78.14769894112237,10
3714,406.5331537891158,78.1682250732876,10
3715,406.6751094556374,78.12888604082158,10
3716,406.71292527679395,78.1200333980381,10
3717,406.79469233580295,78.0354643853009,10
3718,406.86863867031946,78.13438647112665,10
3719,407.02768776071423,78.12644746805225,10
3720,407.2298165828865,78.10469950358969,10
3721,407.4443582375881,78.10016087963628,10
3722,407.6025889253941,78.04691090380989,10
3723,407.7674843350268,78.01694112666553,10
3724,407.8516329959882,78.03927253018827,10
3725,408.02318499021305,77.95772404443852,10
3726,408.1083973910656,78.05942415596915,10
3727,408.24533093963345,78.15117479368395,10
3728,408.32610732037375,78.20764353811137,10
3729,408.4054559179575,78.15535776038966,10
3730,408.42105488862177,78.16515991030829,10
3731,408.50231034151847,78.23445772921015,10
3732,408.571012248412,78.31476600890427,10
3733,408.7101383095315,78.47122061288039,10
3734,408.84145684187314,78.56709134518077,10
3735,408.9338870826027,78.62393626461535,10
3736,409.0612745643731,78.78509695426821,10
3737,409.14582717088126,78.8213629592028,10
3738,409.22403824376687,78.90064590027767,10
3739,409.31262775449255,78.82218356240597,10
3740,409.5109509214345,78.82771358271225,10
3741,409.54258723657995,78.80171740374068,10
3742,409.76079192700297,78.58331114291374,10
3743,409.8343855077158,78.65805081740426,10
3744,409.9586235752272,78.65512456792374,10
3745,409.9979801477224,78.65183220782866,10
3746,410.08093146069206,78.65682718155533,10
3747,410.15452315753566,78.62796122600462,10
3748,410.2965657811498,78.61287150925904,10
3749,410.38346425798056,78.53432080162814,10
3750,410.57408108392184,78.65327660516238,10
3751,410.7801331890829,78.7250347699648,10
3752,410.80171160832714,78.71868730296723,10
3753,410.8109271661415,78.72090465629267,10
3754,410.830712546972,78.74218110068591,10
3755,410.9709715792559,78.83447976900668,10
3756,411.0772515059549,78.80727501241302,10
3757,411.17328155931943,78.83431704907711,10
3758,411.190563449324,78.83496929388858,10
3759,411.2042717548784,78.83649628519629,10
3760,411.21506079150174,78.83339006667013,10
3761,411.4672561321696,78.82505563760911,10
3762,411.6721008254215,78.69508357389144,10
3763,411.8789950787744,78.58482715055716,10
3764,411.95366218376665,78.55542332502166,10
3765,412.023115544246,78.57741881310776,10
3766,412.099048459771,78.53246000269377,10
3767,412.1659319592089,78.54990902570124,10
3768,412.36819548728664,78.5506655319252,10
3769,412.52205878880534,78.71530147769522,10
3770,412.67845013648946,78.88533637241713,10
3771,413.0210595294461,79.07617914065052,10
3772,413.0958759487721,79.07065401643871,10
3773,413.22700679447036,79.02465961061208,10
3774,413.36531485944545,79.09741948260704,10
3775,413.4910744527905,79.15841707154662,10
3776,413.58718352819017,79.21467037476376,10
3777,413.68228197632186,79.25087014437284,10
3778,413.75259325149057,79.18465934433596,10
3779,413.82107324025793,79.20867335844775,10
3780,414.0715082242673,79.38898706814315,10
3781,414.14720525911616,79.46729413958508,10
3782,414.27805800232557,79.3883984408976,10
3783,414.3524246374398,79.28975176641964,10
3784,414.4761647280319,79.39019473141377,10
3785,414.54240781424414,79.40744516787154,10
3786,414.66493771135447,79.44688162696573,10
3787,414.7667866957854,79.5250534245023,10
3788,414.9011800222155,79.44149025517788,10
3789,415.02482673908037,79.53691742596422,10
3790,415.04344565606897,79.53426761872761,10
3791,415.17157290408625,79.49315738626105,10
3792,415.2566390019648,79.55217310811109,10
3793,415.2729591905089,79.56154115267174,10
3794,415.2877215025989,79.56484023669863,10
3795,415.3610315628792,79.481111038144,10
3796,415.3907004541508,79.47761476401385,10
3797,415.4068888283685,79.46995884344707,10
3798,415.417016279095,79.46945374811351,10
3799,415.4543379286759,79.51167390042262,10
3800,415.58720581272445,79.45493450721132,10
3801,415.6018890177891,79.47139105822299,10
3802,415.6192353880821,79.46876233166599,10
3803,415.8173745122017,79.40496261742904,10
3804,415.8883149742293,79.315883375207,10
3805,416.01988306970395,79.35365827451069,10
3806,416.1088736049222,79.26299492692966,10
3807,416.18444332005913,79.17814341946868,10
3808,416.32591817472564,79.1151809821699,10
3809,416.45831176542526,79.05273812748743,10
3810,416.4682295199089,79.05665155818392,10
3811,416.48618423934647,79.0705317565025,10
3812,416.55612350682975,79.09948098335958,10
3813,416.6064125894617,79.1134134633263,10
3814,416.706941899114,79.21131323616336,10
3815,416.84035848387776,79.21315074459633,10
3816,416.86061827544574,79.2106925321594,10
3817,416.98910650299024,79.09532007953715,10
3818,417.14041645241815,79.09971429438721,10
3819,417.215162643239,79.0148262715575,10
3820,417.22216912702623,79.00846911306425,10
3821,417.2923266764964,79.02951384071079,10
3822,417.49064061942636,79.23379825596379,10
3823,417.5222159354341,79.23493269704467,10
3824,417.56936571907715,79.24721489745161,10
3825,417.72406886528796,79.41508208278889,10
3826,417.7341744450171,79.4227877170446,10
3827,417.8098332091305,79.4315811963101,10
3828,417.8196726485032,79.42844541716195,10
3829,417.91313724121574,79.43343569198697,10
3830,417.91773982252806,79.42866814819119,10
3831,417.99895064127986,79.35308665935115,10
3832,418.0736655142855,79.37903041422939,10
3833,418.1490181088983,79.29067267146294,10
3834,418.1610039769902,79.28324182376515,10
3835,418.17287807182737,79.28355963704352,10
3836,418.25006877896885,79.38954187299883,10
3837,418.3409756037757,79.41313950325956,10
3838,418.4758466185194,79.42723926873971,10
3839,418.6251756742304,79.51301857287612,10
3840,418.756074864975,79.60932585142655,10
3841,418.7682201097952,79.61546562794068,10
3842,418.9071319768349,79.70693637374855,10
3843,419.11138082109966,79.90090560439153,10
3844,419.2699583187323,79.7747282279869,10
3845,419.3498661889077,79.88012717682228,10
3846,419.4412476276616,79.83665679863957,10
3847,419.4554560697321,79.84524753612374,10
3848,419.45747244718643,79.84396402489814,10
3849,419.5565477797424,79.90371504982977,10
3850,419.7572050488694,80.07812744887276,10
3851,419.85176672047766,80.14715081958992,10
3852,419.9201715628659,80.16762920183963,10
3853,420.1210870833802,80.40040483597858,10
3854,420.27028921515637,80.39604880764705,10
3855,420.4057378847451,80.389081844958,10
3856,420.41786930748333,80.38667659330736,10
3857,420.563815006975,80.3891420532559,10
3858,420.6440519182194,80.30739499205302,10
3859,420.6568069544498,80.30715566846742,10
3860,420.7397382372675,80.37880423708877,10
3861,420.76498862446704,80.38188294474304,10
3862,420.8352696176169,80.29660934531682,10
3863,420.9720000858332,80.30778325405328,10
3864,420.9849426740132,80.31883303989142,10
3865,420.9975490267114,80.324149632395,10
3866,421.07222877815394,80.38336094553382,10
3867,421.08152925493744,80.38403357809446,10
3868,421.1749550816736,80.45897782984754,10
3869,421.1855019861082,80.46218892287001,10
3870,421.2571051919572,80.53495171052074,10
3871,421.3943686911158,80.52743585650371,10
3872,421.4613842529294,80.59945132411909,10
3873,421.54605977268903,80.6855695817678,10
3874,421.63724558391095,80.76532456103764,10
3875,421.6502329591629,80.75912056493263,10
3876,421.7350120416124,80.8431851821993,10
3877,421.75001691514774,80.84406888236478,10
3878,421.7949702915688,80.83320684864928,10
3879,421.93487479894463,80.83372659904488,10
3880,422.02395545959337,80.91504934161136,10
3881,422.0553305935822,80.93522539303089,10
3882,422.0631187751943,80.93680854192259,10
3883,422.1481045804027,81.0128260490744,10
3884,422.16675551759545,81.00920694991594,10
3885,422.2562026482954,81.09236152544624,10
3886,422.3461196371939,81.15903642978375,10
3887,422.3532519346143,81.15742481517626,10
3888,422.37134399492436,81.15719820987509,10
3889,422.45813147650887,81.05398648536834,10
3890,422.5289239610047,80.98667556255593,10
3891,422.5397771205927,80.9902352088795,10
3892,422.5661835755985,80.97370678122584,10
3893,422.6449360112177,80.99486185633522,10
3894,422.65274412453556,80.99007062722735,10
3895,422.7831824309329,81.05709562456332,10
3896,422.8605988000929,81.08358480340965,10
3897,423.028681299673,81.11983796681321,10
3898,423.1031783256143,81.18809773259619,10
3899,423.1166659694469,81.17306932348357,10
3900,423.29668020289154,81.3257788975511,10
3901,423.3176566512381,81.34590783899755,10
3902,423.3268071322509,81.35050610215832,10
3903,423.3361746337714,81.35090374157086,10
3904,423.4849541185414,81.51206590720801,10
3905,423.5763622327566,81.60397817729707,10
3906,423.5930658563677,81.60534333939326,10
3907,423.67777550643507,81.59419466786825,10
3908,423.76910434747424,81.59901130713784,10
3909,423.9812570061916,81.77480269022325,10
3910,424.00189763570836,81.7895459447476,10
3911,424.2008800650002,81.81949540876853,10
3912,424.2768901503323,81.72560969626574,10
3913,424.3580014761195,81.63861090582769,10
3914,424.49480793807516,81.6363747293963,10
3915,424.63397258037196,81.72219614640721,10
3916,424.6458906009854,81.72819141876442,10
3917,424.6679384183676,81.70915611253413,10
3918,424.81862138058375,81.69122519639407,10
3919,424.9028001618047,81.76895810440594,10
3920,424.9176103124015,81.75687477328505,10
3921,425.0548939237083,81.91896335140136,10
3922,425.1356022837075,81.81751889108205,10
3923,425.2579309453607,81.9731323462247,10
3924,425.3507312823863,81.90266817365986,10
3925,425.4226501784757,81.98783955813114,10
3926,425.5119677628327,81.90295795226251,10
3927,425.52641995237155,81.89439418178463,10
3928,425.5902027792852,81.8865257593956,10
3929,425.6630315290674,81.78036904031217,10
3930,425.7348276376867,81.79469932480181,10
3931,425.8220500421859,81.80490677193932,10
3932,425.9039853877636,81.70168072043491,10
3933,426.0449173079787,81.67520733902954,10
3934,426.2432709033702,81.69151476298147,10
3935,426.388634829753,81.68136678547322,10
3936,426.55119967249357,81.58934946916146,10
3937,426.69055813474426,81.66761047482834,10
3938,426.7220264479462,81.6492920384626,10
3939,426.8016989994835,81.73006448865893,10
3940,427.07385218822617,81.53581665655986,10
3941,427.38324294443703,81.61895224686496,10
3942,427.47028649219845,81.60959763094179,10
3943,427.66902555583454,81.61319441084439,10
3944,427.76149871155366,81.62486778667528,10
3945,427.80362410874204,81.64314593745354,10
3946,428.0348398112369,81.68845385049507,10
3947,428.1118604980782,81.78364494541553,10
3948,428.2706553491654,81.88578573969383,10
3949,428.36104662763375,81.97495649647688,10
3950,428.50088798500644,81.97309614421273,10
3951,428.67911353802276,81.93627379370233,10
3952,428.872514850366,81.82578996195633,10
3953,428.8820083382264,81.82501127226017,10
3954,429.08539701472444,81.83862437607002,10
3955,429.26977098832833,81.83383760657844,10
3956,429.2887202222122,81.80978258046416,10
3957,429.41279638993285,81.6930480974659,10
3958,429.49564856400673,81.69160702344192,10
3959,429.5664626428408,81.71387920260882,10
3960,429.6396624097235,81.62259150820708,10
3961,429.7125158424099,81.53484104733029,10
3962,429.81323055971507,81.5619843336117,10
3963,429.8827625698268,81.58391882577739,10
3964,429.9054265509534,81.5801371936253,10
3965,429.91603414512736,81.58911745272468,10
3966,429.94590982899024,81.5840486734576,10
3967,430.0971277460082,81.51802076954553,10
3968,430.13455400862233,81.51740158569844,10
3969,430.2176410255188,81.55089336796962,10
3970,430.3047973471886,81.45009707829577,10
3971,430.3362492668028,81.43650844383586,10
3972,430.48024632180767,81.3052078732795,10
3973,430.6225736374001,81.35690204597478,10
3974,430.70197532545546,81.2763677628441,10
3975,430.8614905907078,81.37038499805637,10
3976,430.95177792672996,81.38830706405416,10
3977,431.0925619624184,81.3409886427503,10
3978,431.1829494537753,81.35870773831068,10
3979,431.25766739380134,81.42380296471988,10
3980,431.2782438531387,81.4178548466511,10
3981,431.4163016221093,81.51771745815071,10
3982,431.49037252396573,81.42159936233287,10
3983,431.6940498116657,81.33044799211551,10
3984,431.7124261197665,81.34987764895638,10
3985,431.8267572554617,81.3103637668219,10
3986,431.9827849568534,81.33082039911609,10
3987,432.18970315616673,81.27821480221176,10
3988,432.5159876714047,81.18867016390827,10
3989,432.6650493395552,81.17775745126472,10
3990,432.7644534390723,81.17587673158903,10
3991,433.0311082553362,81.32617212327285,10
3992,433.0995966096542,81.39996124032626,10
3993,433.1729069725481,81.41526632958683,10
3994,433.1865997628117,81.42034889936244,10
3995,433.2492932049443,81.39318652425466,10
3996,433.495870489474,81.38885739766575,10
3997,433.63266413074024,81.34769812883536,10
3998,433.6443786371049,81.3542934561169,10
3999,433.72511119795035,81.28013919950502,10
4000,433.76744585016615,81.29002037007872,10
4001,433.8490256003591,81.19355223733662,10
4002,433.880559142371,81.2120336922208,10
4003,434.0229673190671,81.21932508707555,10
4004,434.1801508060247,81.30746851437505,10
4005,434.312845465514,81.25292846479705,10
4006,434.40226843737344,81.19065824075238,10
4007,434.48854348547957,81.12186471879086,10
4008,434.4973291447838,81.11289638279617,10
4009,434.64311045707,81.06193888367662,10
4010,434.7307970549135,81.09488926144483,10
4011,434.8950474709257,81.09070031174484,10
4012,435.04252140689033,81.19310650232774,10
4013,435.0709399234682,81.2108005530041,10
4014,435.2160788039706,81.32983475345122,10
4015,435.2922060101972,81.36484450442371,10
4016,435.42385618744765,81.3190356596314,10
4017,435.6204426280457,81.51730185341576,10
4018,435.69504482764967,81.5936095128737,10
4019,435.77068105343534,81.67440141188132,10
4020,435.7889906464983,81.67983172912416,10
4021,435.8637599279058,81.76565037448464,10
4022,436.02658442501377,81.71742244841602,10
4023,436.09689158590146,81.70729990710926,10
4024,436.23426340555454,81.81041040165267,10
4025,436.25588382242296,81.81354785944833,10
4026,436.3750733061758,81.79907278942409,10
4027,436.44590261636876,81.82730055448376,10
4028,436.4634886804656,81.82426331718118,10
4029,436.607551942728,81.90725320412807,10
4030,436.62598853552606,81.91765742030454,10
4031,436.6969807283446,82.001619188907,10
4032,436.79103243276376,82.08733370652939,10
4033,436.9365037253862,82.19065205271232,10
4034,437.19896262300534,82.25010542296265,10
4035,437.2673422834044,82.34266130532312,10
4036,437.3463855572715,82.27676774777802,10
4037,437.4912934216587,82.28344138420142,10
4038,437.5798679116066,82.38559379481354,10
4039,437.7231592916799,82.4767713018934,10
4040,437.85819770050176,82.46845309234249,10
4041,437.92294652503216,82.52348758195308,10
4042,438.1201841407431,82.59533885256884,10
4043,438.2700076496605,82.70430676680093,10
4044,438.272986219209,82.70172606115683,10
4045,438.3520953754611,82.6212657669058,10
4046,438.374613223454,82.62955674383144,10
4047,438.567661219049,82.75748691003018,10
4048,438.62961547327706,82.8205874833222,10
4049,438.8199974402195,82.82991035780395,10
4050,438.9632174194268,82.788882226161,10
4051,439.02708189525526,82.7256318535083,10
4052,439.11480449414347,82.64426986523874,10
4053,439.2830656652465,82.73459525804805,10
4054,439.4565703481279,82.84326652945384,10
4055,439.598646697195,82.81575847678334,10
4056,439.6662985282288,82.90356936133206,10
4057,439.86416868116737,83.04100408532294,10
4058,439.9942410547542,83.20866029485228,10
4059,440.05349090348244,83.19445750368548,10
4060,440.1755730500953,83.19429045874242,10
4061,440.2862687291271,83.24349223587873,10
4062,440.42646673378886,83.24372933742454,10
4063,440.4721474479121,83.23961216038752,10
4064,440.608532009864,83.18314760084534,10
4065,440.74109732556127,83.04645827442496,10
4066,440.75531868968847,83.04003967409353,10
4067,440.7743630058943,83.05494648650337,10
4068,440.95497591248807,83.14248429181434,10
4069,441.0229256636159,83.23283169721472,10
4070,441.0503710994955,83.23869642751981,10
4071,441.1209417544904,83.31406930886482,10
4072,441.19322108013023,83.40277614170672,10
4073,441.4639844351039,83.48854826355121,10
4074,441.54456941616326,83.56448598492521,10
4075,441.57152595077696,83.57712358228711,10
4076,441.72415987588226,83.55586430469523,10
4077,441.7706588542289,83.54334625528429,10
4078,442.0070614911483,83.4789737782572,10
4079,442.13990196261904,83.4865203276188,10
4080,442.169454798069,83.50222470750096,10
4081,442.1828642040899,83.49078202891354,10
4082,442.23047539270476,83.5466552905576,10
4083,442.2511678960188,83.55520290744143,10
4084,442.2778769935443,83.56410525335342,10
4085,442.34502648788776,83.47343928957815,10
4086,442.3603524992115,83.48455693959133,10
4087,442.4879616596948,83.58494020249772,10
4088,442.6230410796744,83.52056405219857,10
4089,442.70118495865546,83.43936502281126,10
4090,442.8104933268149,83.48058263710462,10
4091,442.9100395258468,83.3945223655769,10
4092,442.9823486618252,83.35298160970424,10
4093,443.0655662164496,83.27079472784644,10
4094,443.27333792472245,83.35203966276188,10
4095,443.47531653375546,83.3275024091046,10
4096,443.6667063606566,83.3565615929264,10
4097,443.69984846970857,83.37094200698212,10
4098,443.745397923934,83.32017912170323,10
4099,443.81374702215345,83.23084784732795,10
4100,443.846748385415,83.24439034299928,10
4101,443.9165067716411,83.16421522496216,10
4102,443.9340666689899,83.1474874508182,10
4103,443.94824368232804,83.14173147528737,10
4104,443.96724665980656,83.14274008251928,10
4105,443.97632059069764,83.14480801760382,10
4106,444.12179547297774,83.12272468081927,10
4107,444.13569750947437,83.12443730160471,10
4108,444.1403854596235,83.12057651631966,10
4109,444.15322704187463,83.11585922509651,10
4110,444.1928174997477,83.09629710325476,10
4111,444.3222569960687,83.08095389669438,10
4112,444.33970889611663,83.0810491489616,10
4113,444.4625302036884,83.07159191772605,10
4114,444.48646801365686,83.06936664943441,10
4115,444.55615818170736,83.09660777558635,10
4116,444.6416244114439,83.12187998819326,10
4117,444.7141475592449,83.15639385186584,10
4118,444.7389758084952,83.16218919083173,10
4119,444.81919506378006,83.15339185347827,10
4120,444.8306366241938,83.15821972533685,10
4121,444.8987936595724,83.23744011599172,10
4122,444.923807213132,83.23775006123408,10
4123,444.99342824095436,83.32626301882962,10
4124,445.00781801781324,83.32159969801393,10
4125,445.01398208574227,83.3167349707876,10
4126,445.08000097195224,83.22622010863412,10
4127,445.0930931264594,83.23329560919733,10
4128,445.2354997842188,83.22791038678801,10
4129,445.24204469600716,83.22489964468569,10
4130,445.25922770771706,83.22728615667573,10
4131,445.32826520026794,83.30687204996336,10
4132,445.3411876720171,83.30280988415117,10
4133,445.50113459403303,83.40794222565232,10
4134,445.5314650494955,83.42989874132908,10
4135,445.6718523890876,83.4333000575462,10
4136,445.75971085550856,83.36741584802807,10
4137,445.90805949928483,83.32782102981827,10
4138,445.9894420750887,83.25976238077546,10
4139,446.06152054791664,83.3231050623407,10
4140,446.1950860094119,83.30708360015616,10
4141,446.2612551451754,83.3386305062758,10
4142,446.3314100494037,83.26962914545643,10
4143,446.4723574263115,83.21450807659328,10
4144,446.47708244199004,83.21087598313403,10
4145,446.4952150094676,83.21544590428158,10
4146,446.5663878921222,83.19556460557502,10
4147,446.64364595596544,83.16217961564759,10
4148,446.7151510737519,83.2341038814811,10
4149,446.732210226999,83.22758787904982,10
4150,446.7349611302819,83.22449108414447,10
4151,446.74666811417865,83.23089634558039,10
4152,446.7736711103842,83.21525986502384,10
4153,446.787981101066,83.20649040254588,10
4154,446.79450589025345,83.20296827463837,10
4155,446.8033432206945,83.20246292008306,10
4156,446.86326192996285,83.27110822666504,10
4157,446.8829220152423,83.27969454115932,10
4158,447.03070561707835,83.25630794431086,10
4159,447.04064036409125,83.25054435256777,10
4160,447.11620418241137,83.20896410652823,10
4161,447.2458404228206,83.1982826504965,10
4162,447.33269635991076,83.20746092986876,10
4163,447.41677236895595,83.23593720428087,10
4164,447.50530551228087,83.30073164263011,10
4165,447.5834072845808,83.32782577898236,10
4166,447.7337734670542,83.46248111885852,10
4167,447.76082771775674,83.46578936407958,10
4168,447.84987320856396,83.5607799535749,10
4169,447.9857908996636,83.5533385503419,10
4170,448.0055423650707,83.56878852800125,10
4171,448.0261032499537,83.58850921170108,10
4172,448.11674785331036,83.55870603616144,10
4173,448.2097132770673,83.54009065073105,10
4174,448.27708191414314,83.5688222179969,10
4175,448.3567955893069,83.60391864113453,10
4176,448.37745199660213,83.59895057031117,10
4177,448.45257609047087,83.62846549014002,10
4178,448.5456658463985,83.65210553146639,10
4179,448.5709416370989,83.63790915533393,10
4180,448.64330024934145,83.66448179843263,10
4181,448.72679269324027,83.597948150965,10
4182,448.86064732508675,83.69354929143643,10
4183,448.93121937408006,83.60345288326488,10
4184,449.00065895489854,83.63518581500614,10
4185,449.0034442209693,83.63569649723941,10
4186,449.06957554073705,83.54653545998414,10
4187,449.0870065968226,83.55838278791187,10
4188,449.16450615231514,83.50292614355006,10
4189,449.23377164914643,83.59722347167065,10
4190,449.31601730283717,83.51139260806569,10
4191,449.3929702263795,83.53699979729366,10
4192,449.40895720826194,83.52741048468373,10
4193,449.48273870742935,83.56518953408529,10
4194,449.5495009457027,83.52578598334001,10
4195,449.57039039485346,83.53780596830542,10
4196,449.661883149573,83.57752180007628,10
4197,449.7428115464844,83.54540248358458,10
4198,449.75786874750764,83.54224616497308,10
4199,449.78172275837267,83.55313972119035,10
4200,449.8190916522861,83.55992430314814,10
4201,449.9624231248934,83.62366535278916,10
4202,449.98331695091395,83.62475099867015,10
4203,450.0130488205018,83.62394061048764,10
4204,450.0868525528098,83.65946408527553,10
4205,450.14293692168593,83.68539740998575,10
4206,450.21503441241776,83.76038583990109,10
4207,450.3034375047567,83.83368929846492,10
4208,450.3138438501266,83.8319157828835,10
4209,450.46793139196296,83.80288784152211,10
4210,450.6080338305329,83.80649009392799,10
4211,450.69664828988033,83.89862800389552,10
4212,450.8819542285022,84.05011459581458,10
4213,451.02512494828005,84.12530726638526,10
4214,451.08526307372415,84.11517895782525,10
4215,451.2912142183237,84.1834348606882,10
4216,451.42064974050425,84.07800790800536,10
4217,451.4977855923459,84.07009146226996,10
4218,451.5016542444056,84.06766909734418,10
4219,451.5233548733577,84.06116144537839,10
4220,451.5509223082428,84.08778685354335,10
4221,451.6263337997746,84.16238528071499,10
4222,451.76343899101175,84.24074308386038,10
4223,451.78207771029327,84.2301234549953,10
4224,451.8504747372047,84.3232849216487,10
4225,451.8646070877976,84.31205634417621,10
4226,451.94909306587334,84.28418525084152,10
4227,452.0853292819086,84.17249100396542,10
4228,452.10465415707887,84.17504153715063,10
4229,452.12182082767765,84.17940393011688,10
4230,452.19397238172894,84.15671073715967,10
4231,452.3207325001601,84.0966336733408,10
4232,452.4561084723303,84.08981143824433,10
4233,452.52762291788696,84.120811241874,10
4234,452.5355783625181,84.12427696219363,10
4235,452.603272115045,84.20089691770363,10
4236,452.6950775314891,84.28387446103332,10
4237,452.83595679308803,84.35960731809773,10
4238,452.89363167132433,84.35855254493237,10
4239,452.9785243487716,84.40049844216742,10
4240,452.99678231839346,84.42035950225505,10
4241,453.02834425906246,84.43988234804988,10
4242,453.0442782375323,84.44316961534422,10
4243,453.1226776528433,84.52116622723439,10
4244,453.325261597003,84.55244120022307,10
4245,453.3409146768704,84.55447160252018,10
4246,453.4266011288569,84.52908875481499,10
4247,453.43254390882623,84.52953411386747,10
4248,453.44167347845087,84.53700405171365,10
4249,453.48725666173357,84.5328642357007,10
4250,453.69441814912034,84.45544889862235,10
4251,453.7719165978,84.43408497484103,10
4252,453.8470873584339,84.3481556109489,10
4253,453.9187958585147,84.443903514183,10
4254,454.0648973229155,84.59995711238979,10
4255,454.13977985693174,84.67936891657264,10
4256,454.2807580623539,84.80077021866654,10
4257,454.4097677319285,84.7769149620592,10
4258,454.4250191420395,84.77769134750683,10
4259,454.5256496616565,84.85041074392842,10
4260,454.60068938923257,84.76510999475276,10
4261,454.79425861789844,84.81766303406512,10
4262,454.99375573253735,84.87833620630988,10
4263,455.0689200129312,84.96553351304478,10
4264,455.1985303685233,85.13133680768247,10
4265,455.45552014754486,85.13477541698936,10
4266,455.5883509446709,85.3010862339101,10
4267,455.6751724843155,85.40646601787111,10
4268,455.80540164633294,85.57654358083013,10
4269,455.88487818227793,85.60416061030783,10
4270,455.89725923574554,85.61002298601638,10
4271,455.919578534797,85.62017819748954,10
4272,456.0080647910669,85.56170366199996,10
4273,456.0928539104713,85.59423845110085,10
4274,456.16567171763484,85.62551492602223,10
4275,456.18671609139693,85.62150899413902,10
4276,456.2615342881917,85.54131890840345,10
4277,456.34118675510024,85.57242237997004,10
4278,456.470561456371,85.60362134644384,10
4279,456.5395372378046,85.66754223052223,10
4280,456.5504641697876,85.65798678358416,10
4281,456.66954193871845,85.74716214335555,10
4282,456.6929284828369,85.7691647465356,10
4283,456.7843046693207,85.73981359010885,10
4284,456.9346381767306,85.83100798292854,10
4285,457.0006834720117,85.90794799130119,10
4286,457.12978764047085,86.01323509294339,10
4287,457.2071288092252,86.1076507038522,10
4288,457.2368342271243,86.1363007771287,10
4289,457.2594713967871,86.15246241367636,10
4290,457.3381974435714,86.1993419044353,10
4291,457.40692981198833,86.22991913500232,10
4292,457.415071836234,86.23155985114393,10
4293,457.44390838385164,86.24283925288539,10
4294,457.4724443706453,86.25780377298913,10
4295,457.48736335401134,86.27556127822217,10
4296,457.4989315289301,86.28315886142651,10
4297,457.57270120066306,86.36487221926,10
4298,457.59444321075523,86.38593226693567,10
4299,457.61783667417586,86.3902277429942,10
4300,457.774206006963,86.3829392072958,10
4301,457.8681357374973,86.4841728952297,10
4302,457.89636141564534,86.50263128075386,10
4303,457.9317803613195,86.48893410302996,10
4304,457.95993291672994,86.48800456105498,10
4305,457.9896453375301,86.48051951454678,10
4306,458.0061770674617,86.4865215720391,10
4307,458.02514100057203,86.48860573318315,10
4308,458.07559645116515,86.48415963072398,10
4309,458.2208367520764,86.5251971407951,10
4310,458.36792049595533,86.54973667939856,10
4311,458.50376699735733,86.54954402965429,10
4312,458.71507198611664,86.62610479782019,10
4313,458.8693777583313,86.63398153537926,10
4314,458.94744511441394,86.72890763307744,10
4315,458.9716840107864,86.74152582831668,10
4316,459.1315016194691,86.73965053526602,10
4317,459.1532354458044,86.75629763865754,10
4318,459.1697567744741,86.7424108522521,10
4319,459.24612859485643,86.81974064817976,10
4320,459.31463630668907,86.89589519630012,10
4321,459.4562767252679,87.03506151346292,10
4322,459.5261427991676,86.94709600449724,10
4323,459.5937334419514,87.01830748752222,10
4324,459.67993583768623,87.08750474742048,10
4325,459.7677682619101,87.16976276587785,10
4326,459.86824450674123,87.24132419920058,10
4327,459.9498782939434,87.19399903296848,10
4328,460.02977941834905,87.2718941100549,10
4329,460.1091541380183,87.36610258353903,10
4330,460.1277452437861,87.36041641149504,10
4331,460.2103450687986,87.44210679592824,10
4332,460.23094847496634,87.45920898543326,10
4333,460.2940107123478,87.54252608275736,10
4334,460.3266022160604,87.55474962429396,10
4335,460.38424634772,87.54380754753524,10
4336,460.44683455371444,87.5327192834522,10
4337,460.5696853938939,87.60747669888987,10
4338,460.69835223590474,87.59271071439068,10
4339,460.75371233563044,87.58152073318453,10
4340,460.81984653146293,87.56081928014171,10
4341,460.8885707835686,87.6369554073971,10
4342,461.0241131599576,87.75444352001595,10
4343,461.0378198918746,87.75246274639807,10
4344,461.1418164556211,87.82338925660152,10
4345,461.27750526301224,87.94090222734297,10
4346,461.2890496576094,87.94530994573039,10
4347,461.4179298315744,88.05294437497417,10
4348,461.55895858331075,88.16408507195368,10
4349,461.64636322415834,88.11348713191808,10
4350,461.84228866200755,88.03915142142371,10
4351,462.1649024776458,88.10088706086658,10
4352,462.29761760658255,88.21168947474105,10
4353,462.3643500592587,88.28503678010848,10
4354,462.4978966329089,88.3351908778125,10
4355,462.578894417751,88.2860202657923,10
4356,462.611426143271,88.31710568120943,10
4357,462.68524739107306,88.3446687570388,10
4358,462.82184416556385,88.41308892040259,10
4359,462.909419822853,88.45082599409636,10
4360,462.91539098635633,88.45353761350071,10
4361,463.00487935547227,88.39873773012675,10
4362,463.0958936944409,88.47494879229069,10
4363,463.1178173079382,88.4759946587333,10
4364,463.1404366991819,88.46670731827095,10
4365,463.27938836805515,88.39156319926667,10
4366,463.2859997687594,88.38951035346878,10
4367,463.3503396445197,88.40775497576028,10
4368,463.4188310381338,88.4976832691219,10
4369,463.445111427163,88.51424145233045,10
4370,463.4701292611194,88.53377190467174,10
4371,463.59906252037206,88.4694437620885,10
4372,463.8334386739692,88.34951875069893,10
4373,463.9551578556213,88.35311596273074,10
4374,464.02562732537416,88.43536761767824,10
4375,464.1044207194438,88.35798464565997,10
4376,464.12674560899524,88.3672662862921,10
4377,464.1307827447964,88.36589668297795,10
4378,464.310297417326,88.53961153511668,10
4379,464.40323691450897,88.57718577327076,10
4380,464.6524271169613,88.51621096421312,10
4381,464.79254760525436,88.55178367454543,10
4382,464.9352369613524,88.67650703120869,10
4383,465.01435067210986,88.71684082532533,10
4384,465.14165180040146,88.71904709157401,10
4385,465.1713777930627,88.72389217235853,10
4386,465.17757126990455,88.7193401862264,10
4387,465.18732665514244,88.70874462490535,10
4388,465.1998859974504,88.7010511510527,10
4389,465.2186640833964,88.70602346786012,10
4390,465.2338328164845,88.70439145213393,10
4391,465.2884106628202,88.72953681506677,10
4392,465.30720479431227,88.7457884377656,10
4393,465.3653006538184,88.82457741132299,10
4394,465.3745784624616,88.82545816888533,10
4395,465.45769877654755,88.86067554069169,10
4396,465.5900948677816,88.97262735177678,10
4397,465.6703086545037,89.04450071186994,10
4398,465.79040664332507,89.16130742163234,10
4399,465.8698686485288,89.25466172152717,10
4400,465.938307784255,89.32690636774664,10
4401,465.95036944562617,89.3155129852175,10
4402,465.9627176030134,89.31848537596466,10
4403,465.9880296335747,89.31615885743113,10
4404,465.9894985244631,89.31650113460056,10
4405,466.000361083356,89.30890149883051,10
4406,466.07742007459683,89.39366816381116,10
4407,466.0845554606598,89.38996983786096,10
4408,466.08988960557116,89.39305549367462,10
4409,466.1126443464299,89.4081212197937,10
4410,466.1225909788827,89.41164693499191,10
4411,466.21298618902483,89.33496873751223,10
4412,466.23986917740075,89.32899187589278,10
4413,466.3216335623406,89.36558319955488,10
4414,466.52253515218854,89.27335203529525,10
4415,466.5335611068076,89.26251625827042,10
4416,466.6309641162603,89.25498893129371,10
4417,466.71347608598137,89.28504938107656,10
4418,466.78719008063973,89.19704477101097,10
4419,466.81036620848965,89.21667821338843,10
4420,466.9047747826729,89.31349464866223,10
4421,466.91717354977254,89.31196988167001,10
4422,467.06138545430997,89.29567129801666,10
4423,467.13080063595396,89.36467491536119,10
4424,467.139902080149,89.36601975041351,10
4425,467.169224740733,89.39835155814201,10
4426,467.3215174686803,89.34801916183429,10
4427,467.3968303206178,89.41841874474231,10
4428,467.4042329192469,89.41824626531958,10
4429,467.53823134430695,89.40176758209716,10
4430,467.60516817565076,89.31026551060803,10
4431,467.7039024652102,89.29991079475076,10
4432,467.74598481530785,89.35359631487574,10
4433,467.7636166318196,89.36408153639809,10
4434,467.7789319438066,89.35985331569717,10
4435,467.8004557048554,89.36856896641146,10
4436,467.8068806147004,89.37294952820254,10
4437,467.8880973563181,89.32841522070174,10
4438,467.9482439890563,89.35931118857073,10
4439,467.9821475101621,89.38031790816709,10
4440,468.0556445917258,89.4579329300561,10
4441,468.1270919129487,89.49038641472347,10
4442,468.26367467225936,89.54626368947986,10
4443,468.3113805071409,89.52983561820069,10
4444,468.3345135523652,89.51055845480171,10
4445,468.35182921368914,89.51180850894917,10
4446,468.36540749235235,89.51541993080328,10
4447,468.40276079886445,89.51215490582442,10
4448,468.4128510604916,89.50738120643166,10
4449,468.4462821016119,89.50254905573759,10
4450,468.4582511432574,89.50453914484721,10
4451,468.5650053872425,89.44969324716195,10
4452,468.5888223543445,89.45506748248268,10
4453,468.6608290401071,89.37399811649163,10
4454,468.74552311199676,89.3172503198439,10
4455,468.87515405518025,89.254718781567,10
4456,468.8912100505737,89.24675889049485,10
4457,468.89864053255394,89.24361815762944,10
4458,468.9820062847971,89.26735534476582,10
4459,469.0715971733216,89.19632232034348,10
4460,469.1408087790941,89.12160444440674,10
4461,469.2198077358388,89.03266850845016,10
4462,469.3664787192205,88.88895390529713,10
4463,469.5014744167279,88.89852520876711,10
4464,469.50876807028897,88.8959314466615,10
4465,469.5616011917799,88.92602624324485,10
4466,469.5725680890094,88.91902294789321,10
4467,469.59036344306,88.90447758269647,10
4468,469.77672820504495,88.91974048063818,10
4469,469.92513608058334,88.89907734392553,10
4470,469.93889733248227,88.89043270842878,10
4471,470.0160900627819,88.97023175775261,10
4472,470.15651544491413,88.96394203320669,10
4473,470.1783835247928,88.95015615413939,10
4474,470.1961611107743,88.95585715345786,10
4475,470.210704239244,88.956989621312,10
4476,470.3542805533458,88.9745624014733,10
4477,470.5528916789464,88.88717054676992,10
4478,470.59361765653193,88.92237421949748,10
4479,470.6756969140317,88.8968466843367,10
4480,470.75451349654384,88.93500141696619,10
4481,470.76504340795293,88.94105021413534,10
4482,470.83540238613176,88.97332919052808,10
4483,470.84952917598,88.96430233739842,10
4484,470.8558528532928,88.96399395740713,10
4485,470.8752231589159,88.97005686463106,10
4486,470.8822125075626,88.97262903632036,10
4487,471.0240290929843,89.03997937271741,10
4488,471.0988827785877,89.11567002084604,10
4489,471.1090628109673,89.1122489251781,10
4490,471.14633116941525,89.14099216885798,10
4491,471.2649719180478,89.24533360766694,10
4492,471.4107353733936,89.18795875366901,10
4493,471.53447972414097,89.2521575383404,10
4494,471.7090810782699,89.30415888832167,10
4495,471.89111841738713,89.43231948264432,10
4496,471.9070119712762,89.450942938221,10
4497,471.9744700798715,89.42815475775754,10
4498,472.0567867655159,89.52881035951161,10
4499,472.1921806101697,89.62441731282829,10
4500,472.282240359658,89.70266944093399,10
4501,472.3526496104388,89.78523038053065,10
4502,472.43525198547997,89.77617599408151,10
4503,472.5108473888933,89.70854078201654,10
4504,472.58432308470503,89.73351981440432,10
4505,472.661676646243,89.76552172248105,10
4506,472.74181993576366,89.69853635358007,10
4507,472.7664737697484,89.70485043883969,10
4508,472.7849893686239,89.71714933486992,10
4509,472.86736076126346,89.68711586263576,10
4510,472.88358686228946,89.6971321149271,10
4511,472.9158218469903,89.73030820221047,10
4512,473.002838128699,89.74915464038054,10
4513,473.03038361582156,89.74642247959144,10
4514,473.1297120413582,89.77715728647193,10
4515,473.2323312496654,89.81250295273193,10
4516,473.2465586157467,89.80725446191718,10
4517,473.323990156843,89.88925665106198,10
4518,473.35483345113715,89.88110771656909,10
4519,473.42752956683717,89.8032850859526,10
4520,473.57003724536355,89.94121703319519,10
4521,473.89315948721907,89.8888567451445,10
4522,474.0518399053998,89.94822981503829,10
4523,474.0622373698919,89.9473309564348,10
4524,474.2694224780851,90.10579962327746,10
4525,474.4857973728206,90.20437523258214,10
4526,474.5114163436151,90.1981729686254,10
4527,474.5335478643439,90.20331654386277,10
4528,474.608621358856,90.10727823866569,10
4529,474.6754051886425,90.01868269184803,10
4530,474.75969969792106,90.10257256598904,10
4531,474.8279296623067,90.17050342480424,10
4532,474.90548837227186,90.24591268523248,10
4533,474.980578431531,90.31173640691105,10
4534,475.00838083845247,90.3053146222788,10
4535,475.07544368358583,90.21700391349665,10
4536,475.0997574249917,90.23769775230274,10
4537,475.1755932042232,90.22296943975745,10
4538,475.20201764190676,90.23315716328882,10
4539,475.26442210816003,90.28141216644188,10
4540,475.4026460654074,90.2785927326837,10
4541,475.47110849151915,90.35276708748854,10
4542,475.5500973484939,90.42446440283807,10
4543,475.64411453171215,90.39717289391486,10
4544,475.7462339767509,90.36831540639696,10
4545,475.7767326244631,90.38028289730214,10
4546,475.9328771701865,90.32568223552921,10
4547,476.01316871244273,90.35657701193335,10
4548,476.02675042961494,90.35880103084733,10
4549,476.03917120292056,90.3601252069924,10
4550,476.06110049093803,90.3527625561885,10
4551,476.16009270116353,90.33809974547938,10
4552,476.17723244553343,90.35088084516347,10
4553,476.19136041530345,90.3586185820223,10
4554,476.25974689241684,90.26460386536795,10
4555,476.2686036597517,90.26110092708778,10
4556,476.2908471719087,90.27821542949125,10
4557,476.31676302109554,90.27541692935111,10
4558,476.4574306045444,90.39693609256965,10
4559,476.60290481162247,90.42329388565128,10
4560,476.742565967437,90.5946931276832,10
4561,476.8110316916303,90.5540161075796,10
4562,476.95347895344065,90.57629434540593,10
4563,477.0197110030957,90.53840319199931,10
4564,477.0317184129116,90.54739055142511,10
4565,477.10057951740407,90.4549568673597,10
4566,477.296767939208,90.3789024333368,10
4567,477.3822798272189,90.3426498537916,10
4568,477.39154709753194,90.33810531420583,10
4569,477.46416068449787,90.26284428968842,10
4570,477.67464511761784,90.41142498293733,10
4571,477.6950473575488,90.41883102037181,10
4572,477.7783954766243,90.48852148557299,10
4573,477.9206331189196,90.38505698697455,10
4574,477.9421450073795,90.37475059807964,10
4575,478.02440083980645,90.34405505178907,10
4576,478.1041098583011,90.42087383929483,10
4577,478.24226821160056,90.38296754662089,10
4578,478.32337347961675,90.29959196049029,10
4579,478.33712620240766,90.30022255889315,10
4580,478.4300271397519,90.25122392519597,10
4581,478.554896614457,90.282763766064,10
4582,478.7290409302508,90.38785013076807,10
4583,478.80966412856395,90.40557292675358,10
4584,478.8167661176825,90.41186042769698,10
4585,478.82157409068077,90.41255301866646,10
4586,478.83305032094347,90.4202431253488,10
4587,478.86038976665014,90.4143736073046,10
4588,478.92567963854253,90.38004480669971,10
4589,478.94457320294384,90.40010848338594,10
4590,479.0869114455783,90.45870470812724,10
4591,479.3347633403617,90.40432863553788,10
4592,479.4693947918032,90.34676637262471,10
4593,479.47738788182926,90.34138751696419,10
4594,479.5615123311818,90.31352921637988,10
4595,479.57949958269336,90.31870160313684,10
4596,479.78418390085034,90.22761667754926,10
4597,479.87552988299814,90.13023344633531,10
4598,479.97414170550127,90.05022337186244,10
4599,479.9929789908923,90.04665168282739,10
4600,480.07043779518244,89.96201158880113,10
4601,480.0921961313953,89.9727547438876,10
4602,480.1301860402896,89.96919949638406,10
4603,480.1959276985629,89.87687426053422,10
4604,480.2747801175459,89.77413955714704,10
4605,480.3488436774449,89.83496131110161,10
4606,480.43395400450737,89.90831496220355,10
4607,480.56617901998743,89.88393574067716,10
4608,480.7769596275224,89.76409567826488,10
4609,480.78143708338683,89.76524038841293,10
4610,480.9191962108416,89.7548401486839,10
4611,480.9937408698117,89.83163501658241,10
4612,481.0276789032654,89.8202885689222,10
4613,481.08623136611794,89.90325294080996,10
4614,481.09830513347833,89.91606074981003,10
4615,481.1102848030606,89.90751332174695,10
4616,481.1266460222188,89.90130953228352,10
4617,481.14345258322027,89.90586972805383,10
4618,481.2787124294541,89.9525574226571,10
4619,481.2839595455063,89.95098810103858,10
4620,481.3039917845572,89.9369185012687,10
4621,481.33838976277764,89.91008501085786,10
4622,481.36322137396644,89.92747219730424,10
4623,481.3808681578674,89.92399276944779,10
4624,481.51342963995074,89.90371188661878,10
4625,481.6495682911389,89.88689854317538,10
4626,481.7381713088661,89.96892825687094,10
4627,481.87905587727573,89.95137441793689,10
4628,481.90132594245443,89.94494711571822,10
4629,481.9982323903575,89.9871527294331,10
4630,482.0852527975332,90.06677771822918,10
4631,482.16065783489637,90.09233080823252,10
4632,482.25542579616024,90.17293373286745,10
4633,482.33159482219224,90.27984962198799,10
4634,482.470875479269,90.39730321654709,10
4635,482.5633923622827,90.43942497391097,10
4636,482.57974470156296,90.45605147497945,10
4637,482.71507166795874,90.57008858547569,10
4638,482.7205975789293,90.5700902012875,10
4639,482.7345608434745,90.5686020192047,10
4640,482.7652450586585,90.5538018497293,10
4641,482.8070787342258,90.55917468097792,10
4642,482.8231838021528,90.55789278010782,10
4643,482.8969819510554,90.52699390486593,10
4644,482.95549540938066,90.57894195206612,10
4645,483.1602507508449,90.46556256101401,10
4646,483.16912226435477,90.46196531992123,10
4647,483.2402927450263,90.37468756933333,10
4648,483.299077046199,90.43526939044914,10
4649,483.4834441912907,90.25511038203193,10
4650,483.559917108631,90.17639376314516,10
4651,483.7244482470004,90.17775507032192,10
4652,483.86063155639715,90.04293030831893,10
4653,484.096647270871,89.88232799036318,10
4654,484.23066011783976,89.8734269151618,10
4655,484.23460842483775,89.86993715078259,10
4656,484.27357944978485,89.90520429456878,10
4657,484.2924530819766,89.90967815849986,10
4658,484.29793833065094,89.91117475058623,10
4659,484.36814787634086,89.94086712806299,10
4660,484.3929124538475,89.96416259007687,10
4661,484.4178173130705,89.96083539918858,10
4662,484.57082021057266,89.95326162661914,10
4663,484.57941356377285,89.94943563720985,10
4664,484.6594209981423,90.01117917695483,10
4665,484.7308378029027,90.08712647204767,10
4666,484.74871759928635,90.08819322163143,10
4667,484.8303592567078,90.17109694845438,10
4668,484.8998402905933,90.24688432773098,10
4669,484.9671351543414,90.32591202026364,10
4670,484.9805898180367,90.33388231717429,10
4671,485.06472940519905,90.37021806991362,10
4672,485.07739056421076,90.38378227259427,10
4673,485.08840849472637,90.38017222752171,10
4674,485.22099503757164,90.20840970745606,10
4675,485.24456997450955,90.19538867820755,10
4676,485.3937727309593,90.35862048436204,10
4677,485.4721623693117,90.43518358932182,10
4678,485.5695641817691,90.50194572049794,10
4679,485.7071916102236,90.50637543332304,10
4680,485.9077689130032,90.53487841236394,10
4681,486.0501390726695,90.47079281033538,10
4682,486.3073132219189,90.46321877631873,10
4683,486.4559497600527,90.41507485798931,10
4684,486.46702639547283,90.42213314134987,10
4685,486.47692280587836,90.4202475503475,10
4686,486.6686910608146,90.53730177201133,10
4687,486.7549401900972,90.4810257050704,10
4688,486.95775681028783,90.54602266796776,10
4689,487.1044381910654,90.5309067483746,10
4690,487.29488198408046,90.48841429213361,10
4691,487.4347218805724,90.59228728425735,10
4692,487.5140579980474,90.56362988578532,10
4693,487.5942394697193,90.53007883550306,10
4694,487.73603009160297,90.47779179822827,10
4695,487.9699754547454,90.59090777826685,10
4696,488.1029732448127,90.52699113914186,10
4697,488.2709540957843,90.50188699659482,10
4698,488.2832217570327,90.50500900008844,10
4699,488.43160804551405,90.59301988999297,10
4700,488.44866244863687,90.59455189711647,10
4701,488.5980085102874,90.55861447981104,10
4702,488.6194838670334,90.54410776554863,10
4703,488.83551836681943,90.40592629796555,10
4704,488.9109636230158,90.43486331632828,10
4705,488.98887768942757,90.44731440462118,10
4706,489.02460802804126,90.44011603445277,10
4707,489.1037404738792,90.35881188979849,10
4708,489.18041346962144,90.33291932749552,10
4709,489.3282514751651,90.35177870022243,10
4710,489.4461415524744,90.31100981213154,10
4711,489.5516121613911,90.3279727377278,10
4712,489.69288340187666,90.31538260024041,10
4713,489.75754284752577,90.38757903802826,10
4714,489.82947428551535,90.4110529863403,10
4715,489.9964939194814,90.47277648807747,10
4716,490.1270791564284,90.46510191975463,10
4717,490.25599191222625,90.47147592276622,10
4718,490.41304891889,90.5693716535165,10
4719,490.4495456467077,90.54458680200895,10
4720,490.4691553955569,90.54151451666117,10
4721,490.6083773724971,90.70544364796244,10
4722,490.6706361445749,90.64481830045308,10
4723,490.7469282356099,90.57412461630557,10
4724,490.76281393442616,90.58894545818477,10
4725,490.7705850982417,90.58732687740775,10
4726,490.78272997983356,90.59192744105341,10
4727,490.8672245702396,90.68934364564407,10
4728,490.93710721852096,90.65380977614227,10
4729,490.94286155215667,90.6513527106836,10
4730,491.01254398878626,90.72865734434676,10
4731,491.01644487438944,90.72578401189055,10
4732,491.08096466083236,90.80984411523008,10
4733,491.19546658596767,90.83729592406357,10
4734,491.2869011416842,90.89480481285472,10
4735,491.43316258814974,91.05428423670462,10
4736,491.4431853892828,91.05221584693564,10
4737,491.457299852559,91.04576466167063,10
4738,491.57852296111395,91.04866920524249,10
4739,491.6571934180305,91.12682438070809,10
4740,491.7359624353312,91.21385092059712,10
4741,491.8023426526073,91.2913944393901,10
4742,491.8161079459057,91.30051190197194,10
4743,491.894264298111,91.37662414197433,10
4744,491.9719861616037,91.45133016332744,10
4745,492.0014899969028,91.4459938639252,10
4746,492.0758036326044,91.49224355838892,10
4747,492.0941099292504,91.50907296874456,10
4748,492.171655537538,91.54373472669398,10
4749,492.367104888108,91.60204483321179,10
4750,492.5531916122309,91.72694022413945,10
4751,492.8034255663142,91.8790849746802,10
4752,492.8910345586866,91.9773681715644,10
4753,492.9960839477086,91.9022030526127,10
4754,493.21610931137764,92.03745262994406,10
4755,493.30430544068224,92.03391849077003,10
4756,493.3286300542146,92.03168009584441,10
4757,493.4269942234661,92.03389691359872,10
4758,493.57052049003016,92.16954815601726,10
4759,493.6538741999633,92.25723917917428,10
4760,493.75354367495936,92.3484135701738,10
4761,493.95657543077607,92.42922694958605,10
4762,494.08196137399,92.56756604733137,10
4763,494.14779046679934,92.64871395214735,10
4764,494.238640032264,92.59783363582001,10
4765,494.2804269479261,92.64419507620497,10
4766,494.5488950228887,92.5850810779661,10
4767,494.6182356443795,92.50451543869744,10
4768,494.69081124840534,92.54320155570329,10
4769,494.7707947003254,92.51012761558108,10
4770,494.9002018710262,92.50662793285468,10
4771,495.00061633818694,92.51431646430476,10
4772,495.0804304597326,92.59080033873292,10
4773,495.2168634658901,92.48862296983327,10
4774,495.35833223064753,92.56364207378815,10
4775,495.55930252258474,92.37265680104308,10
4776,495.64367444150486,92.28802324700932,10
4777,495.7317617732336,92.28100619047684,10
4778,495.94656615601144,92.29242193639342,10
4779,495.9882834588282,92.32877212106017,10
4780,496.1228135152422,92.39467566269524,10
4781,496.1441244048898,92.40555362493531,10
4782,496.16955676565095,92.43128577726586,10
4783,496.2574134739578,92.3587601222288,10
4784,496.3457688770019,92.35824160824484,10
4785,496.3524972580306,92.35313845023653,10
4786,496.3641639732208,92.34106014818595,10
4787,496.45562625739115,92.35160245917754,10
4788,496.4678956711684,92.34581461272023,10
4789,496.55585419658144,92.2810116801246,10
4790,496.5616569591314,92.28333915047571,10
4791,496.5993890536656,92.29577752567512,10
4792,496.62149315608724,92.29647719904287,10
4793,496.6480953105791,92.26635162920533,10
4794,496.75144239795674,92.15382508332267,10
4795,496.7807536813555,92.12790240111613,10
4796,496.8040286513824,92.12018944282964,10
4797,496.878685869017,92.0921831572933,10
4798,496.9395823436965,92.15646801653945,10
4799,497.03659734909735,92.16608005074907,10
4800,497.0606506244002,92.17872295926773,10
4801,497.0743849833011,92.1720601522059,10
4802,497.07761251512204,92.17072372018335,10
4803,497.1228167377443,92.1364632517418,10
4804,497.1308613977702,92.1393615145092,10
4805,497.2618281437003,92.1482359533722,10
4806,497.2780003978998,92.129189739718,10
4807,497.35070100527867,92.15181891937829,10
4808,497.491481625682,92.12373366170914,10
4809,497.6392730977159,92.10008654518494,10
4810,497.68342561561565,92.15352659699818,10
4811,497.7621558738439,92.18396465463846,10
4812,497.78565825859516,92.19638084604928,10
4813,497.85388092066006,92.22945463028799,10
4814,497.9136692728006,92.26352136620623,10
4815,497.9877210547771,92.30437808844201,10
4816,498.06422294286097,92.33912336520068,10
4817,498.0793221044637,92.35617477149056,10
4818,498.1049156294127,92.36166556091133,10
4819,498.1951413811472,92.45752914185358,10
4820,498.30816719736623,92.53024660048796,10
4821,498.38827448964446,92.57739367176676,10
4822,498.5342481716514,92.71772871026866,10
4823,498.54772598560277,92.72175062688417,10
4824,498.6182007679063,92.75542336217052,10
4825,498.7621817681622,92.5965604776568,10
4826,498.9213856532847,92.60065635749336,10
4827,499.05464601971033,92.72410432141349,10
4828,499.1232920652218,92.82021223845867,10
4829,499.15302930253785,92.83497506002703,10
4830,499.1577633564958,92.83286443853461,10
4831,499.2319037584115,92.86654710736515,10
4832,499.24684751908546,92.85208367060002,10
4833,499.2574600307536,92.85298905274497,10
4834,499.3259182394007,92.77020579967649,10
4835,499.4131108672157,92.78513886480587,10
4836,499.4361544158718,92.78757388769598,10
4837,499.4553080941133,92.78337732231408,10
4838,499.46488318677956,92.78583602579226,10
4839,499.48412391766044,92.77518853222493,10
4840,499.5579465913537,92.68436951638063,10
4841,499.63130230303176,92.5902832762836,10
4842,499.6449001255679,92.59005827106125,10
4843,499.65034387729867,92.59383672438453,10
4844,499.6637205959679,92.58324991123483,10
4845,499.678445091261,92.56407010877477,10
4846,499.76009947988103,92.59725554447576,10
4847,499.8997515420283,92.60934449883895,10
4848,500.03158066590515,92.70857402524625,10
4849,500.04605030727345,92.72546852132558,10
4850,500.13383965020984,92.74592095634203,10
4851,500.149969693553,92.73043637827541,10
4852,500.1635844075307,92.74244661085665,10
4853,500.2592642200237,92.75201374406842,10
4854,500.40589364295545,92.87401286553761,10
4855,500.49369765063545,92.90513427121505,10
4856,500.5443677739455,92.93966547954057,10
4857,500.64381351849534,93.02462352728318,10
4858,500.6703723639516,93.02983398701166,10
4859,500.7036700987866,93.04225454357079,10
4860,500.8031357586856,93.08291285384468,10
4861,500.8758280259284,93.01142249900475,10
4862,500.94916906367615,93.10735534748234,10
4863,501.0176342865968,93.1994455022709,10
4864,501.1461577860252,93.31257721466463,10
4865,501.21820856862735,93.40817028118308,10
4866,501.29599659673596,93.49572191668945,10
4867,501.4309788515401,93.65590023443565,10
4868,501.5016787629164,93.7277970802202,10
4869,501.5822805796632,93.77400564457957,10
4870,501.59751232608704,93.77978521562527,10
4871,501.66848340518266,93.70037566432315,10
4872,501.74223804686983,93.73157905457613,10
4873,501.77841520529034,93.73108931262445,10
4874,501.85762941803944,93.78264264084318,10
4875,502.001725544706,93.78840518028643,10
4876,502.0735995559492,93.86546841422613,10
4877,502.1540489969496,93.78196764179239,10
4878,502.1738872647073,93.77111366167753,10
4879,502.25758626403587,93.74439152533547,10
4880,502.3336303609024,93.71422014192115,10
4881,502.4113155259887,93.69544623861592,10
4882,502.42169407765243,93.6970900627643,10
4883,502.505539382424,93.71519406435137,10
4884,502.648194519094,93.64005743108339,10
4885,502.78495454361007,93.75945557329064,10
4886,502.8629993964529,93.73273249308234,10
4887,502.9441163669987,93.81938192995948,10
4888,502.9501634380161,93.81655181761359,10
4889,502.97234120588666,93.81589532223417,10
4890,503.0540525030991,93.82672564272121,10
4891,503.080366910992,93.82685393714218,10
4892,503.1106934800697,93.85110784376515,10
4893,503.1334061006213,93.84450836934639,10
4894,503.1507047213916,93.83813596789703,10
4895,503.24726380394804,93.8134964370538,10
4896,503.2480104291253,93.81331084534168,10
4897,503.2550131938136,93.814410850891,10
4898,503.34063271439237,93.91618158438429,10
4899,503.41554204481474,94.00269224886127,10
4900,503.55870496464223,94.02421995618367,10
4901,503.5699976250424,94.03159637444956,10
4902,503.65482687579424,93.99561058176654,10
4903,503.66296494212384,94.00196691344419,10
4904,503.7280390599949,94.02831783029539,10
4905,503.7381250720931,94.03347017007971,10
4906,503.80649984876146,94.12412754594956,10
4907,503.89130923486044,94.2258604052639,10
4908,503.9082689263681,94.21862530319129,10
4909,504.0001639363927,94.20640954227409,10
4910,504.1358590754818,94.31856240197149,10
4911,504.2195773888263,94.35153094898676,10
4912,504.23430872447034,94.3413173820452,10
4913,504.2670073736898,94.3555874207166,10
4914,504.39684618548773,94.31822233279365,10
4915,504.48175422042425,94.24046910722723,10
4916,504.5126686105994,94.24913764414825,10
4917,504.6423851222322,94.2206451811911,10
4918,504.7181416859097,94.28407952167989,10
4919,504.88854014123245,94.4260141863808,10
4920,505.0210114822465,94.51944734070291,10
4921,505.09812844940717,94.45031812099536,10
4922,505.1112895796623,94.43984324853729,10
4923,505.14744799860273,94.44136365125607,10
4924,505.1828841456451,94.4434743765781,10
4925,505.25406392268513,94.4275462087941,10
4926,505.3303114916515,94.3443548644932,10
4927,505.3565438775196,94.32697633619354,10
4928,505.36716662866957,94.3255055270095,10
4929,505.4404254629264,94.24789889032886,10
4930,505.5129191997732,94.33959337159453,10
4931,505.5795303780977,94.40672814652947,10
4932,505.6701070973343,94.31839843539984,10
4933,505.73413287647065,94.38089462436162,10
4934,505.7637328586846,94.37691084145796,10
4935,505.9078707481532,94.35605051188458,10
4936,506.06045718173283,94.38019732028374,10
4937,506.13244984169535,94.44751447248738,10
4938,506.13616799084014,94.44644270008341,10
4939,506.1557675996426,94.44133799989187,10
4940,506.18959499949995,94.4420544482889,10
4941,506.2023112868502,94.43916755708106,10
4942,506.279111075162,94.34768288245566,10
4943,506.35981230911545,94.42953016397695,10
4944,506.43610619266263,94.45058151377788,10
4945,506.6995058299235,94.55697435539561,10
4946,506.76826934530936,94.58709351769642,10
4947,506.90362925309,94.58540290474286,10
4948,506.9672261365666,94.61297993110452,10
4949,507.0348751425093,94.6881658347151,10
4950,507.1048929090286,94.71954301933695,10
4951,507.17611471733073,94.79674446184556,10
4952,507.2448683594042,94.83985390393852,10
4953,507.37737935785145,95.01046908909544,10
4954,507.39369243394503,95.01635236677843,10
4955,507.5797454443641,95.18605627372749,10
4956,507.6912148452872,95.24436745841763,10
4957,507.71244636527655,95.2520731310653,10
4958,507.7907283886263,95.2842400302171,10
4959,507.8732807030607,95.38849372759746,10
4960,507.89387398835595,95.38458828220355,10
4961,507.9283424603965,95.41938755532787,10
4962,507.9433565903062,95.43104636422386,10
4963,508.0120207478006,95.47438586962363,10
4964,508.1381873038869,95.5759389733049,10
4965,508.14009584476634,95.57410650291038,10
4966,508.14388011384034,95.57085993090185,10
4967,508.2036379921331,95.62955114892156,10
4968,508.2884391462623,95.69905058296668,10
4969,508.40336747373624,95.843042474151,10
4970,508.46516278047983,95.9241700189687,10
4971,508.4799191142473,95.90729722509684,10
4972,508.48290865097124,95.90827758929825,10
4973,508.5396439887712,95.83416061570816,10
4974,508.5607125794976,95.8181744335293,10
4975,508.59115508610967,95.80605802102195,10
4976,508.7145705937502,95.81866378083735,10
4977,508.83031357654664,95.96814399461863,10
4978,508.9106564134261,96.03807687255954,10
4979,508.985620615241,95.96591879392167,10
4980,509.0743653700132,96.03787618658716,10
4981,509.1945719306065,96.04886761999134,10
4982,509.27682343783164,96.1399407228754,10
4983,509.3427427648845,96.17619534426866,10
4984,509.4289014432423,96.26504562368832,10
4985,509.51350244776097,96.3365239904858,10
4986,509.5160148733131,96.33494118583664,10
4987,509.59609811031817,96.39727933606967,10
4988,509.66267980198865,96.46941099056234,10
4989,509.6729650542478,96.4656307723002,10
4990,509.75447975353853,96.54351285460693,10
4991,509.78173406727944,96.54082321849907,10
4992,509.8088105380495,96.56357672750713,10
4993,509.8490037857788,96.57848391622142,10
4994,509.88631473289234,96.57015244913327,10
4995,509.8913023717617,96.57207055677499,10
4996,509.9662124258616,96.59625946058047,10
4997,510.03750585058117,96.62485412040864,10
4998,510.10678275897453,96.66005442286854,10
4999,510.1831201370299,96.74771489165808,10
5000,510.37443780310576,96.7273960490941,10
