t,cum_regret_mean,cum_regret_sd,n_runs
1,0.0,0.0,10
2,0.01780000875988751,0.03752571387074666,10
3,0.13350001062373168,0.30326822943092013,10
4,0.3204000154745546,0.4178684555876414,10
5,0.5340000221731215,0.4557479738210408,10
6,0.5518000308185711,0.4534246880872284,10
7,0.7387000354812363,0.5874449499030663,10
8,1.0057000361398727,0.7291605628108782,10
9,1.112500045221028,0.7750327976548549,10
10,1.504100040793219,0.6559621260051633,10
11,1.780000045927164,0.8432851104074806,10
12,1.9580000502790926,0.6712800476377958,10
13,2.26060004541815,0.7973658240860603,10
14,2.643300059862126,0.9325436978421393,10
15,2.839100069150112,0.8541218153997444,10
16,3.1328000715802,0.7455723813991244,10
17,3.4265000664466667,0.8580285076783458,10
18,3.649000065927922,0.8890105571577499,10
19,3.7647000677154736,0.8578233491732556,10
20,4.022800063710644,0.923772559691699,10
21,4.298700068806442,1.0721535151809178,10
22,4.84160007475418,1.282341455606852,10
23,5.153100074518558,1.4481770339056348,10
24,5.429000079614356,1.6319363296860916,10
25,5.704900081005155,1.5331955992905446,10
26,6.185500076898614,1.6846122075772347,10
27,6.399100083520888,1.8609538407085566,10
28,6.7551000844626445,2.16035672460804,10
29,6.933100084611857,2.131648563277179,10
30,7.164500086902349,2.2695484628833276,10
31,7.458200101025058,2.45707349029144,10
32,7.636200101286133,2.462083114288894,10
33,7.751900103073686,2.5181565743133185,10
34,8.125700101349732,2.5951297150052963,10
35,8.419400103817967,2.5110691035372668,10
36,8.757600103764018,2.4561420032780124,10
37,9.095800106228413,2.517230209118881,10
38,9.30050012002985,2.5403572013799383,10
39,9.59420012291677,2.550919342704971,10
40,10.057000133168563,2.6988515195551193,10
41,10.33290013826436,2.7233450561344714,10
42,10.564300142220924,2.6130422691003807,10
43,10.688900148521933,2.530359712998506,10
44,11.1517001470811,2.6736399104567528,10
45,11.196200145881676,2.699112383522861,10
46,11.516600150159505,2.8263475352668763,10
47,11.703500154860317,2.868706830179909,10
48,12.068400160277381,2.8754331395847967,10
49,12.264200157760879,2.943973862538726,10
50,12.700300154248577,3.280561933177267,10
51,13.136400150848136,3.4200919029442347,10
52,13.305500146483894,3.517033047318596,10
53,13.741600142971587,3.6327314507265474,10
54,14.097600143913345,3.813338116546499,10
55,14.284500148726021,3.7659726906550697,10
56,14.569300146530793,3.9455662483406844,10
57,15.138900154438137,4.082471758701103,10
58,15.60170016468993,4.195720444465592,10
59,15.699600169143192,4.2708048819260895,10
60,15.8242001754442,4.347518115265195,10
61,16.171300171722493,4.328294430189089,10
62,16.45610018121988,4.46115052010866,10
63,16.465000185351876,4.474653869677613,10
64,16.749800183268512,4.634803057833903,10
65,17.02570018840246,4.81716690614552,10
66,17.479600194140794,4.598467256892924,10
67,17.76440019205743,4.585050221671458,10
68,18.04030019715323,4.6240141566057105,10
69,18.49420020289157,4.88785676310133,10
70,18.770100207987362,4.609220513221685,10
71,19.393100209854776,4.532587042184127,10
72,19.66900021495058,4.473473607307434,10
73,19.93600021553293,4.665124563725593,10
74,20.203000216115267,4.652845659584936,10
75,20.452200215778202,4.721345342858344,10
76,20.54120021475122,4.6209201920504706,10
77,20.80820021488832,4.7876154189953395,10
78,21.084100219538865,4.808828456669612,10
79,21.449000224955938,4.807464763998096,10
80,21.98300022650209,4.64167207815611,10
81,22.26780022441872,4.569205985641598,10
82,22.748400232004805,4.5198994286959575,10
83,23.148900232090448,4.625422434357963,10
84,23.415900232672794,4.375496392069916,10
85,23.531600234460353,4.379065262546471,10
86,23.75410023390346,4.333253065251742,10
87,23.95880023601228,4.352980558339499,10
88,24.08340024231329,4.492556026580898,10
89,24.626300248261025,4.61372461859212,10
90,25.00900025090052,4.827742945879861,10
91,25.222600245830176,4.774803644378338,10
92,25.4006002541606,4.704051993215983,10
93,25.667600254742943,4.773328819571907,10
94,26.032500260160013,4.9695429610833735,10
95,26.219400264972695,4.91038444424896,10
96,26.299500272134395,4.921493390500024,10
97,26.6021002795012,4.917414387131213,10
98,27.064900278136662,5.085986349144511,10
99,27.260700287500946,4.8741980694562805,10
100,27.35860029199235,5.065829778078993,10
101,27.4209002877513,5.10343410033925,10
102,27.77690028865491,5.318936275936163,10
103,28.043900289237257,5.49825863308897,10
104,28.40880028716442,5.832167826108198,10
105,28.94280028871058,6.0830123249127395,10
106,29.387800289935456,5.98749475331869,10
107,29.503500291761156,5.956022001021471,10
108,29.79720029422939,6.054733332520506,10
109,30.08200030383864,6.271115078880427,10
110,30.53590030957698,6.245724624099192,10
111,31.087700308345546,6.323392729900552,10
112,31.630600314405154,6.223526457825883,10
113,31.83530031651398,6.065661761980802,10
114,32.10230031709632,6.087965743438862,10
115,32.476100326914974,6.2270962014136515,10
116,32.75200033201077,6.1193927270063355,10
117,33.054600338992465,6.153985122749564,10
118,33.17030034078002,6.020367386875363,10
119,33.47290033606909,5.895752706182274,10
120,33.65980033722034,6.094287206073531,10
121,33.971300349096026,6.106874478110494,10
122,34.14930035990664,6.096922216908523,10
123,34.31840035558055,6.049701827796565,10
124,34.57650036223713,5.885413548650488,10
125,34.71890036591058,6.089324499272166,10
126,34.754500371890316,6.089584660688278,10
127,34.86130038085703,6.192315292405613,10
128,35.066000382965846,6.209198581342985,10
129,35.270700385074676,6.237630953074575,10
130,35.46650038255817,6.2100844375563495,10
131,35.60890038623161,6.383705553747046,10
132,35.69790038605955,6.3247009413819875,10
133,36.053900386851296,6.42616568389989,10
134,36.05390038650798,6.426165683850522,10
135,36.39210038882237,6.421918595965355,10
136,36.8460003945607,6.515734776783736,10
137,37.113000395143054,6.515059366381915,10
138,37.21090039959631,6.641683582254715,10
139,37.50460040191454,6.525210126856454,10
140,37.79830040423276,6.431860574942259,10
141,38.083100413730136,6.3308207666254415,10
142,38.29670042039056,6.232408155846061,10
143,38.75060042616705,6.428459288503008,10
144,38.90190043268787,6.5466542966103445,10
145,39.02650043902702,6.62799410503311,10
146,39.133300436301106,6.715690701232971,10
147,39.3113004365622,6.801118092667383,10
148,39.75630043782522,6.817920221305956,10
149,39.93430043446301,6.929570684067537,10
150,40.23690044140657,6.9050656154693915,10
151,40.25470045009015,6.913676463262409,10
152,40.70860045586663,7.212014842177732,10
153,40.89550046071746,7.435540296770427,10
154,41.16250046129979,7.399945466159939,10
155,41.260400465791214,7.361423315808019,10
156,41.625300471246426,7.365588701478911,10
157,41.812200476059104,7.374634485960504,10
158,42.09700047397573,7.406691944627325,10
159,42.37290047907153,7.471813674845495,10
160,42.55980048384606,7.49103010447602,10
161,42.80900048517505,7.4177345652378195,10
162,43.200600480747255,7.510554770890677,10
163,43.38750048552178,7.647241510572885,10
164,43.672300483326545,7.569599829737146,10
165,43.7702004877798,7.6012460964425825,10
166,43.885900501259975,7.773736624103227,10
167,44.15290050173046,7.927991340134822,10
168,44.50890050267221,7.981761375111225,10
169,44.96280049660606,8.018873094318375,10
170,45.238700501740006,8.103622545887214,10
171,45.345500510706714,8.06717893453527,10
172,45.47010052873849,8.24652760479867,10
173,45.57690053770521,8.320899768526909,10
174,45.94180054312227,8.593486537722953,10
175,46.23550055724498,8.668176604690123,10
176,46.52920057140583,8.791730550324187,10
177,46.885200572309444,8.764459222849242,10
178,47.223400575771485,8.90931044363706,10
179,47.36580057762884,8.991085220462463,10
180,47.846400585214916,9.090130008295315,10
181,48.09560058798416,9.033604719307062,10
182,48.30920058291381,9.269188451804979,10
183,48.59400058035162,9.18287565566634,10
184,48.80760057479789,9.263717683417592,10
185,48.985600574092174,9.465033610198226,10
186,49.08350057813833,9.429730913818165,10
187,49.36830057613126,9.466693258341609,10
188,49.45730057607106,9.418038291196487,10
189,49.84000057886056,9.178561709671644,10
190,49.86670059153607,9.214072163815976,10
191,50.14260059566508,9.148518889853337,10
192,50.32060059581429,9.109956587679747,10
193,50.685500589426866,8.98388275213116,10
194,50.9614005944108,8.906049957201837,10
195,51.29070060135042,8.739545250195471,10
196,51.495400603385534,8.827137104671834,10
197,51.620000598032064,8.818937531308059,10
198,51.71790060252347,8.797099678868653,10
199,51.76240060125032,8.845861822632019,10
200,51.85140060122827,8.865639037770556,10
201,52.020500596902174,8.897848949152005,10
202,52.296400601886106,8.87318053474312,10
203,52.66130060689606,8.96022235864793,10
204,52.78590061369205,8.926605890092373,10
205,53.15080060738093,8.834572006119837,10
206,53.37330060716899,8.875446697292734,10
207,53.46230060710881,8.893080095201281,10
208,53.64030060729616,8.81514942798604,10
209,53.91620061246825,8.962358499481633,10
210,54.094200612805615,9.037072510252662,10
211,54.192100617297015,9.003669666376192,10
212,54.32560061601176,9.122024896301406,10
213,54.69940061424967,9.18864365015889,10
214,54.815100615925346,9.138050940091933,10
215,55.08210061606244,9.19546561724204,10
216,55.12660062697432,9.14649847949851,10
217,55.402500631586726,9.286116918165236,10
218,55.491500631526534,9.42067328708617,10
219,55.6784006358558,9.486767358462751,10
220,55.78520063216312,9.617565511041997,10
221,55.900900622184324,9.6262230962665,10
222,55.98990062201227,9.519945072768653,10
223,56.18570061964577,9.68143386707654,10
224,56.45270062022812,9.814695601530977,10
225,56.65740062181796,9.830031126627128,10
226,56.746400621312524,9.911970347940068,10
227,56.782000626847,9.912574109278472,10
228,57.06680062428027,10.144854931679122,10
229,57.155800620113396,10.184251691166018,10
230,57.34270062444267,10.262955994763372,10
231,57.44060062845068,10.23437226325171,10
232,57.645300641695016,10.303097090178724,10
233,57.98350063224306,10.233860569696457,10
234,58.125900635916494,10.095166078357538,10
235,58.31280064069102,10.187535068285422,10
236,58.330600637643855,10.217847755590833,10
237,58.59760063826434,10.547006957544491,10
238,58.86460063892298,10.635340707081632,10
239,59.03370063459688,10.716530543153786,10
240,59.31850063240163,10.803738963970941,10
241,59.60330064201089,11.03217536596977,10
242,59.71010063880159,11.095527676047988,10
243,59.92370063403806,11.159403647032569,10
244,60.19960063913386,11.096776914223579,10
245,60.29750064244863,11.218806070688139,10
246,60.32420065564567,11.212493019027713,10
247,60.68910066106274,11.268527089388474,10
248,60.95610066157136,11.12420490531468,10
249,61.11630067212225,11.13382134810994,10
250,61.1341006807677,11.122385065279737,10
251,61.472300682748696,11.338804141112208,10
252,61.7037006858078,11.388758607776502,10
253,61.997400688314166,11.591826244840124,10
254,62.17540068865153,11.634871808402748,10
255,62.442400689233885,11.742320003623956,10
256,62.709400689816235,11.525734805537608,10
257,62.89630069462892,11.587714176719599,10
258,63.35020069988384,11.669661541487761,10
259,63.4481007044134,11.646685233519232,10
260,63.643900713701385,11.54825823835899,10
261,64.0088007191566,11.715726863008367,10
262,64.47160072940838,11.751760152763625,10
263,64.47160072902693,11.751760152763625,10
264,64.7564007269817,11.665467488085488,10
265,64.8721007288074,11.716977586671076,10
266,65.1480007339032,11.712586342856458,10
267,65.45060072899867,11.887281894353015,10
268,65.56630073078621,11.983501028552551,10
269,65.78880074192195,11.854927682861494,10
270,66.05580074205905,11.830328687372134,10
271,66.15370074602892,11.914190215049477,10
272,66.43850075563816,12.211662719293141,10
273,66.71440076025056,12.186624689717409,10
274,67.20390076065748,12.201294465456648,10
275,67.39970075776944,12.28193192668621,10
276,67.51540075955698,12.375815465054526,10
277,67.90700075504745,12.768183198747574,10
278,68.02270075683501,12.846800547110387,10
279,68.29860076193077,13.008906078062633,10
280,68.40540077089751,12.914592074798257,10
281,68.61010077289447,13.015686669728234,10
282,68.88600077750687,12.775625458607692,10
283,68.93940077985411,12.79477625228108,10
284,69.20640077946966,12.81244225431217,10
285,69.4912007769029,12.74257066506853,10
286,69.88280079586033,12.841301585696717,10
287,69.89170078822598,12.831102586181125,10
288,69.98070078824207,12.979229415541642,10
289,70.15870078809604,13.096954749581974,10
290,70.247700787924,13.166122174978472,10
291,70.69270078922514,13.260704683409235,10
292,70.89740079126025,13.209377776097448,10
293,71.08430079607294,13.416948060316466,10
294,71.22670079974637,13.572560012611978,10
295,71.5026008048803,13.47207728604802,10
296,71.69840081409458,13.579441566663458,10
297,71.70730081830287,13.575672222377895,10
298,71.9743008189615,13.518761841913285,10
299,72.33030081994139,13.552702967466818,10
300,72.60620082507535,13.615985267527542,10
301,72.78420082537457,13.67300593029723,10
302,72.8910008226868,13.669864381064237,10
303,73.17580083229606,13.668563775448632,10
304,73.35380083263342,13.905143623549097,10
305,73.62080083325392,13.816184272408535,10
306,73.798800833515,13.85155700279412,10
307,74.06580083409732,13.801843998814077,10
308,74.3150008362023,14.017052669578383,10
309,74.41290084073187,14.148571147251564,10
310,74.5375008354547,14.31571144165262,10
311,74.74220083809662,14.491539653870529,10
312,75.00920083871712,14.658263716392325,10
313,75.09820084661439,14.636933283609126,10
314,75.12490084800697,14.623798118583375,10
315,75.1961008501718,14.657221942728835,10
316,75.56990085965708,14.606093470660209,10
317,75.83690085975604,14.59717279062756,10
318,75.92590085977213,14.558775779013182,10
319,76.13950085470178,14.65883109527687,10
320,76.31750085492726,14.645015462567164,10
321,76.59340086002307,14.69588576350553,10
322,77.06510086265045,14.945196938877048,10
323,77.24310086242812,15.10056359696397,10
324,77.43000086679557,15.169271956956651,10
325,77.78600086769917,15.345784172071424,10
326,77.89280087666589,15.318046633713962,10
327,78.02630087530434,15.342345545249879,10
328,78.12420087979572,15.321780818904177,10
329,78.14200088844117,15.314897737675897,10
330,78.59590089369611,15.428517943390125,10
331,78.78280089802539,15.385351937239191,10
332,79.0053008975448,15.364529722490634,10
333,79.21000089965362,15.300409043846907,10
334,79.2367009011199,15.289075875781926,10
335,79.23670090029319,15.289075876559815,10
336,79.51260090538901,15.37272744894376,10
337,79.79740090286039,15.427933244588823,10
338,80.24240090408526,15.371639643946102,10
339,80.34920091305197,15.387411185389077,10
340,80.73190092749594,15.289501895425444,10
341,81.09680093242962,15.393815914554764,10
342,81.27480093220728,15.352366835097852,10
343,81.56850093463738,15.322725753909344,10
344,81.79990093859394,15.469706155790092,10
345,82.16480094352761,15.573039177831529,10
346,82.28940093813598,15.645514984758893,10
347,82.4941009402448,15.636413362487088,10
348,82.59200094469807,15.467746062081373,10
349,82.95690095011513,15.504939398127508,10
350,83.49980095617472,15.534788020331074,10
351,83.60660096514145,15.634710609097514,10
352,83.8736009657238,15.42747688346359,10
353,83.98040097469051,15.553721648968999,10
354,84.24740097527285,15.741414124041793,10
355,84.62120098520336,15.937479054886523,10
356,85.092900988276,15.871442188119454,10
357,85.44000099273549,16.07101147048411,10
358,85.7337010068582,16.030876937928245,10
359,86.01850100477483,16.02215628943007,10
360,86.29440100987063,16.065764233706886,10
361,86.57920100778725,16.23706300661502,10
362,86.76610101256179,16.340353237381947,10
363,86.9619010213664,16.184163327529347,10
364,87.31790102226998,16.279376308323762,10
365,87.34460102373626,16.30437474264465,10
366,87.43360102367609,16.270385858613654,10
367,87.70950102877187,16.122584769358532,10
368,88.06550102967549,16.30065239345733,10
369,88.46600104187243,16.396839498347788,10
370,88.84870104462378,16.430676614862538,10
371,88.88430103873432,16.46470878646355,10
372,89.19580103832213,16.491881290912147,10
373,89.4005010404691,16.46974341516777,10
374,89.60520105427054,16.283071092837876,10
375,89.88110105892109,16.12466993017317,10
376,89.8900010625697,16.10990155233106,10
377,90.2104010652196,16.286551584796467,10
378,90.31720106249368,16.258405296249787,10
379,90.44180105710207,16.125616881916596,10
380,90.86010106454856,15.846913234259752,10
381,91.05590107383654,15.693327485031608,10
382,91.41190107477829,16.065010985012517,10
383,91.66110107977872,16.224518115272215,10
384,91.91920108391696,16.134728924341147,10
385,92.01710108840837,16.126743905839877,10
386,92.28410108854546,16.096043738941965,10
387,92.5511010891278,16.183184456703085,10
388,93.08510109019055,16.26542209964418,10
389,93.35210109252529,16.3687134907152,10
390,93.45000109697853,16.347652491793998,10
391,93.72590110207433,16.345361563558388,10
392,93.85940110119618,16.233832141113577,10
393,94.13530110580857,16.2228689602849,10
394,94.34890111243085,16.229019879429398,10
395,94.53580111720538,16.13221951465166,10
396,95.07870112326499,15.906316750289779,10
397,95.27450113255296,16.013364926156846,10
398,95.64830114248349,15.972355453844182,10
399,95.93310115209275,16.120302797633023,10
400,96.12890116138071,16.12947238414212,10
401,96.39590116196305,16.38564161485088,10
402,96.75190115876,16.46034632391665,10
403,96.92990115894736,16.681714763385152,10
404,97.11680116323848,16.669594251106307,10
405,97.13460117140055,16.684392080358425,10
406,97.37490116817794,16.58626441283044,10
407,97.65080117327373,16.422304957354786,10
408,97.74870117772701,16.307928985129962,10
409,97.9267011775047,16.396412809519507,10
410,98.12250117461664,16.264329079206526,10
411,98.3005011733392,16.255614571479153,10
412,98.40730118189882,16.299453784617782,10
413,98.59420118622812,16.385982743461746,10
414,98.6921011907195,16.525023222139094,10
415,98.80780120323288,16.354154791689894,10
416,99.18160121320156,16.46118849174094,10
417,99.35960121346261,16.363698929615435,10
418,99.73340122343129,16.496171438731906,10
419,100.00930122856523,16.564048163244614,10
420,100.21400123019065,16.544108328882896,10
421,100.48100123077299,16.493759743559604,10
422,100.7658012404204,16.634870275226906,10
423,101.21080124168341,16.838116530201145,10
424,101.58460125169024,16.988263989016456,10
425,101.78930125379905,17.017398588466413,10
426,102.1453012547408,17.319442374305353,10
427,102.50130125516102,17.429466059037015,10
428,102.60810125247326,17.561286209377204,10
429,102.78610125225096,17.652860968226605,10
430,102.89290126125579,17.535356804745916,10
431,103.2489012622357,17.58627657736706,10
432,103.43580126701022,17.52211904055031,10
433,103.4625012685528,17.511188413584193,10
434,103.75620128278995,17.63821453026367,10
435,103.88080128912911,17.657963057102748,10
436,104.0588012894329,17.75171649438074,10
437,104.25460128706641,18.002177457745482,10
438,104.36140129607129,18.020745756310365,10
439,104.71740129705117,18.220657295671668,10
440,104.81530130154258,18.318010183259663,10
441,104.92210129881668,18.443862537761426,10
442,105.0200013028247,18.560857200455345,10
443,105.19800130312392,18.660168455192284,10
444,105.47390130773631,18.740856429255068,10
445,105.47390130687147,18.74085643016083,10
446,105.67860130901843,18.961117805030863,10
447,105.85660130920579,19.07828270875186,10
448,106.19480131152015,19.15363284963555,10
449,106.53300131338929,19.341256298302262,10
450,106.63090131724728,19.35906078808908,10
451,106.75550132354832,19.34936576640112,10
452,106.94240132706788,19.45252201731541,10
453,107.13820132421802,19.298744941448167,10
454,107.44080133067817,19.420036801975094,10
455,107.5298013305061,19.410426634597634,10
456,107.75230132983737,19.32118076089952,10
457,107.96590133623587,19.29252575799542,10
458,108.3041013396979,19.3838220210861,10
459,108.53550134187655,19.450488197898284,10
460,108.65120135491148,19.60622420686991,10
461,108.70460135781143,19.533611368815848,10
462,108.96270136395103,19.408578892326705,10
463,109.22970137574718,19.44568221116675,10
464,109.46110137803768,19.675619339051586,10
465,109.53230137827195,19.62884664188712,10
466,109.79930137874241,19.855005109444022,10
467,110.13750138923804,19.736127940920507,10
468,110.3155013894991,19.623429518762098,10
469,110.58250139428417,19.840513796556817,10
470,110.76940139905867,19.902827243964936,10
471,110.86730140302856,19.795206716998617,10
472,111.22330140333693,19.499647754133193,10
473,111.76620140928466,19.52480541067585,10
474,112.11330140507953,19.88083090826051,10
475,112.64730140651382,19.66580291190187,10
476,113.12790139029732,19.891868596677728,10
477,113.42160139261554,19.75440071859374,10
478,113.581801383626,19.7529571599725,10
479,113.76870138843867,19.873702237977668,10
480,114.08910139234058,19.861360555974187,10
481,114.34720138829759,19.92826423276226,10
482,114.52520138833495,20.024793681322116,10
483,114.89010138194753,19.955699862777237,10
484,114.9791013817755,19.944891633829563,10
485,115.0859013789377,19.988221554630826,10
486,115.42410137051695,20.0438439866814,10
487,115.53980137238082,20.039994965549564,10
488,115.83350137481087,20.156540909608964,10
489,116.1984013801161,20.365910854563978,10
490,116.46540138069842,20.451168285647867,10
491,116.6434013810358,20.437737028590753,10
492,116.83030138581032,20.49857423032217,10
493,116.93710139481516,20.365792021841628,10
494,117.14180139692402,20.342587380072793,10
495,117.36430139648834,20.53430814532697,10
496,117.54230141654958,20.59584935654047,10
497,117.7737014209248,20.651753007254914,10
498,118.04070142154528,20.75361160600971,10
499,118.13860142599856,20.680080116890135,10
500,118.31660142625962,20.569644105288834,10
501,118.4946014261136,20.848943361992774,10
502,118.58360142616785,20.98782820814045,10
503,118.88620143262798,21.09368036252957,10
504,119.01080142758136,21.266336669069226,10
505,119.46470142155333,21.461944244158676,10
506,119.66050141892497,21.5585956877617,10
507,119.66940142264987,21.558756943010298,10
508,119.76730142669604,21.436052599842306,10
509,119.86520143070405,21.568046449750323,10
510,120.05210143503332,21.543330223765917,10
511,120.49710143633452,21.653759015219276,10
512,120.86200144126815,21.921438828203925,10
513,121.12900144185048,22.314382694482013,10
514,121.31590144614165,22.344946623153753,10
515,121.76980145191813,22.396223461086834,10
516,122.05460146156551,22.275111817993082,10
517,122.33050146669946,22.52867436384392,10
518,122.72210148565689,22.65276646448313,10
519,123.07810148607712,22.825929619147317,10
520,123.19380148786465,22.735849237244,10
521,123.48750150150397,22.862560700520135,10
522,123.85240150643764,22.691420611850877,10
523,124.11940150657475,22.61087412612921,10
524,124.4754015070331,22.380278797795512,10
525,124.84030151148336,22.471518243013964,10
526,124.92930151097794,22.390613072000857,10
527,125.05390150562448,22.284720787360357,10
528,125.25860150777143,22.337373098731497,10
529,125.51670151438987,22.318565074442944,10
530,125.97950151294904,22.54663768438442,10
531,126.175301522237,22.651740749381204,10
532,126.26430152217684,22.764447835359995,10
533,126.5313015227592,22.818278531987986,10
534,126.62920152721244,22.758947551247086,10
535,126.78050153527946,22.719253908206824,10
536,127.02080154208343,22.587920556130573,10
537,127.27000155340082,22.56223661246607,10
538,127.45690155817533,22.496820675477593,10
539,127.79510156060162,22.4033607056809,10
540,128.1600015660568,22.520889086979587,10
541,128.44480157574236,22.536273449356198,10
542,128.72960158535162,22.316441481454426,10
543,129.09450159080683,22.296715846315504,10
544,129.2903015884022,22.39151715004048,10
545,129.45050159943645,22.352263653297225,10
546,129.72640160404887,22.358914994144826,10
547,130.1803016097872,22.189241118431475,10
548,130.46510160774199,22.12172569181571,10
549,130.84780161053146,22.13744906892297,10
550,131.05250161267844,22.04132543450255,10
551,131.45300161280224,22.13928573776217,10
552,131.6844016051043,22.10261070600987,10
553,131.7823016095576,22.236588898286875,10
554,131.87130160949738,22.143302443408405,10
555,131.8891016181429,22.139263863662233,10
556,132.17390162779026,22.2292417473346,10
557,132.4231016310429,22.32114391020481,10
558,132.63670163808388,22.48604399257531,10
559,132.78800163457814,22.43478806104781,10
560,132.96600164653643,22.359261352601855,10
561,133.08170165957134,22.339691722494187,10
562,133.19740166135887,22.457302497072874,10
563,133.4110016674978,22.426391332653573,10
564,133.52670166880193,22.381216686744846,10
565,133.66020166781186,22.551811202156703,10
566,134.04290168225586,22.667874953631582,10
567,134.39000169034324,22.617988356479433,10
568,134.5680017023015,22.548813768212824,10
569,134.7549017071142,22.472708821348984,10
570,134.80830171042822,22.5025942373249,10
571,134.9062017143981,22.429169648845402,10
572,135.0842017145473,22.363307418894518,10
573,135.36010171915967,22.47729050194785,10
574,135.45800172264617,22.395484651421654,10
575,135.72500172278328,22.52538278082163,10
576,136.0009017274338,22.687706550391933,10
577,136.1878017316131,22.799979161319087,10
578,136.4103017305728,22.768661556589777,10
579,136.51710173905613,22.903952358955582,10
580,136.7841017391551,23.061266808134945,10
581,137.06000174380563,23.343915925109485,10
582,137.26470175664028,23.58845368442436,10
583,137.5406017611408,23.61422716184423,10
584,137.656301762445,23.641301624088527,10
585,137.86100176452723,23.836386976700943,10
586,137.96780177349396,23.98475448895148,10
587,138.14580177330978,24.25608089748038,10
588,138.4128017738921,24.170626349571663,10
589,138.85780177511703,24.469364782423213,10
590,139.21380177602063,24.268631967163724,10
591,139.40070178031175,24.349595360496036,10
592,139.57870178008946,24.350101380978792,10
593,139.77450178937744,24.37196594486043,10
594,140.04150178999794,24.559745195734575,10
595,140.29960178365198,24.837049850720973,10
596,140.56660178427245,25.021092779677577,10
597,140.7535017890852,25.28815825753538,10
598,141.12730179901567,25.270987450508745,10
599,141.39430179963614,25.148937745934344,10
600,141.75030180057792,25.273634163508287,10
601,142.00840181640876,25.48748984401157,10
602,142.373301821864,25.769118289267762,10
603,142.55130182171797,25.90217916659623,10
604,142.7471018310441,26.101557405114573,10
605,142.84500183557367,26.10127248974107,10
606,142.86280184381204,26.10959303787427,10
607,143.04970184817944,26.26088438924371,10
608,143.18320184507812,26.34008456701983,10
609,143.3701018498526,26.440921904648665,10
610,143.54810184966846,26.7135265487442,10
611,143.65490185818993,26.621051029302052,10
612,143.9575018533671,26.815491734347425,10
613,143.9931018705561,26.837446567722342,10
614,144.2690018751685,26.898588834323164,10
615,144.38470187598926,26.89757613759875,10
616,144.58940188979074,26.849044981981812,10
617,144.9187018964325,27.012801151673617,10
618,145.02550189353465,27.076299073097275,10
619,145.31920189589098,27.077097063866105,10
620,145.43490189771668,26.94028871719204,10
621,145.65740190885242,26.740487703270887,10
622,145.65740190798755,26.740487702453223,10
623,145.66630191115277,26.732977529256853,10
624,145.76420191489893,26.63051628690172,10
625,146.03120191548126,26.691949560817307,10
626,146.4762019167443,26.85647191316037,10
627,146.77880192357597,26.873769403896375,10
628,147.2327019292024,26.643575728417314,10
629,147.51750192641197,26.478734401574815,10
630,147.62430193526677,26.60903412498662,10
631,147.84680194591914,26.68255070564415,10
632,148.02480195672973,26.936902462718592,10
633,148.12270194937855,26.859200037393915,10
634,148.22060195338656,26.73992825967152,10
635,148.30960195332634,26.839832325522714,10
636,148.53210195228607,26.93048634274542,10
637,148.7279019609788,27.001506226082792,10
638,148.90590196075647,27.048011679433102,10
639,148.93260196177752,27.067422263917926,10
640,149.03940195912793,27.082960216750088,10
641,149.06610197180345,27.094437305274816,10
642,149.29750197606683,27.219817795756043,10
643,149.5467019782481,27.217386209453657,10
644,149.73360198302265,27.032054801351922,10
645,149.9205019878353,27.31825687839992,10
646,150.12520198998226,27.422779751423967,10
647,150.3922019906028,27.608649019783257,10
648,150.57020199090198,27.71536191327055,10
649,150.84610198408146,27.91712032868187,10
650,151.11310198425673,27.769440920576578,10
651,151.11310198342997,27.769440919710437,10
652,151.22880198521756,27.67621166575887,10
653,151.23770198934955,27.689445372694063,10
654,151.52250199884693,27.786575494101236,10
655,151.6115019981915,27.773903017565942,10
656,151.79840200248262,27.709149880261634,10
657,151.89630200600723,27.843966469848734,10
658,151.94080200488412,27.878548594021225,10
659,151.94970200804931,27.888025722009125,10
660,152.03870200758203,27.92026013163155,10
661,152.12770200659776,27.830339787797303,10
662,152.1455020148361,27.838503951975888,10
663,152.23450201433528,27.934447873794102,10
664,152.26120202749416,27.934528215009234,10
665,152.35020202751025,27.847024440985273,10
666,152.61720201569287,27.888491207899,10
667,152.97320201652278,28.010103908278417,10
668,153.27580201121657,27.99004998976424,10
669,153.55170200357927,27.811517047194823,10
670,153.81870200404973,27.733559705970723,10
671,154.08570200370346,27.885343100043713,10
672,154.24590199471388,27.68910846210756,10
673,154.4328019994884,27.70859721648233,10
674,154.69980199947548,27.717203693191177,10
675,154.7888019989319,27.633025028229284,10
676,155.04690199440554,27.639383134470812,10
677,155.31390199480228,27.68907667071709,10
678,155.49190199495152,27.752891981404744,10
679,155.58980199880955,27.875549331993078,10
680,155.91020199082962,27.643533483760336,10
681,156.22170199063214,27.705714547705607,10
682,156.4353019968092,27.669159062367317,10
683,156.59550199566743,27.58247904666517,10
684,156.70230199249627,27.59788009671845,10
685,156.82690199921598,27.524095194059054,10
686,157.02270199673762,27.67523379941396,10
687,157.34310200143415,27.6661816496447,10
688,157.67240200981138,27.623289948799993,10
689,157.9394020185012,27.575616324508967,10
690,158.2331020209313,27.53739402108709,10
691,158.420002025744,27.81496462385501,10
692,158.7226020210712,28.183808421596016,10
693,159.08750202648827,28.435751900280614,10
694,159.36340203051728,28.477070694812692,10
695,159.82620202907646,28.60743034140133,10
696,159.92410203356786,28.739160188573003,10
697,160.18220203774425,28.774275309076053,10
698,160.38690205154572,29.00964565556628,10
699,160.56490205184494,29.30119054722494,10
700,160.6539020518229,29.453501274669556,10
701,160.92090205240527,29.45565265671805,10
702,161.2057020620145,29.633423289153193,10
703,161.56170206291813,29.65889489477272,10
704,161.96220206300376,29.497494139065573,10
705,162.07790206479132,29.41247544090086,10
706,162.17580206928272,29.495405477837977,10
707,162.4784020762263,29.5589655176611,10
708,162.85220208623312,29.64137436973186,10
709,163.03910209100763,29.850961010496327,10
710,163.3239021006169,29.86899945939716,10
711,163.62650210756044,29.862127266034957,10
712,163.70660211353635,29.782502865759355,10
713,163.92910213640286,29.761639741212047,10
714,164.1071021367402,29.78386958037072,10
715,164.10710213591352,29.78386958055601,10
716,164.3207021429545,29.66088299322745,10
717,164.5966021480503,29.628289180179717,10
718,164.69450215250353,29.77017890758176,10
719,165.06830216243407,30.030934193300805,10
720,165.09500216390038,30.037760438383817,10
721,165.41540215600222,29.79757018572198,10
722,165.84260216796213,29.88716687764027,10
723,166.1096021680611,29.92727730269765,10
724,166.2876021683603,30.175104431487743,10
725,166.75040216691946,30.129336180255834,10
726,166.85720217544096,30.261565112247478,10
727,167.13310218005336,30.221130981669685,10
728,167.23100218454482,30.14448709108548,10
729,167.5069021891572,30.238541161867314,10
730,167.51580219328918,30.251733318272578,10
731,167.6404021991068,30.272074063742675,10
732,167.89850219506383,30.230559360359177,10
733,168.1655021951628,30.386205926677345,10
734,168.3613022044508,30.406641961807587,10
735,168.79740220056692,30.464942931282724,10
736,169.16230219410582,30.636347793751113,10
737,169.44710219153905,30.450906710482535,10
738,169.4827021975188,30.491245400321123,10
739,169.7586021908101,30.26748012977907,10
740,169.85650219478,30.187849108869205,10
741,169.91880219091485,30.238143878539763,10
742,170.1057021956894,30.522431846907086,10
743,170.2036022000308,30.466762893973858,10
744,170.31930219001387,30.42290452803872,10
745,170.60410219962313,30.525932192331965,10
746,170.69310219911767,30.68283410506243,10
747,171.04910220005948,30.563102308242772,10
748,171.42290219829738,30.630526990162025,10
749,171.6810021942544,30.537968450354878,10
750,171.77000219419423,30.694206699304743,10
751,171.9569021872024,30.76607733755521,10
752,172.04590218706852,30.690262410378633,10
753,172.1349021869346,30.625555774590293,10
754,172.28620219330543,30.72157200301127,10
755,172.37520219328343,30.667580403057983,10
756,172.6600021907929,30.930740806482934,10
757,172.7579021947628,31.07496497410356,10
758,173.0160021907961,31.295310694462728,10
759,173.13170220431442,31.259406845755738,10
760,173.23850222169546,31.23352726079988,10
761,173.34530223021693,31.289293276934114,10
762,173.54110222785047,31.319555819101083,10
763,173.64790223681717,31.3928418240419,10
764,173.74580224127044,31.460428329496914,10
765,173.932702246045,31.457134074189053,10
766,174.11960224992902,31.46158648618551,10
767,174.29760225022827,31.548521928618776,10
768,174.5023022528702,31.518206968352033,10
769,174.68920225764472,31.523337561958872,10
770,174.84050226420374,31.627095189343134,10
771,175.1431022711854,31.677734562960875,10
772,175.32110227148465,31.788175032199025,10
773,175.51690228084894,32.005932979800825,10
774,175.64150227553358,32.0880697220095,10
775,176.0865022767585,32.178454777006316,10
776,176.4247022821565,32.23045614104659,10
777,176.61160228700732,32.24566655043752,10
778,176.709502291575,32.30819228596886,10
779,176.97650230274505,32.6181530655575,10
780,177.2524023079553,32.674280477491315,10
781,177.4304023082164,32.70545737585295,10
782,177.69740230887498,32.89856017531751,10
783,177.9644023094574,33.256881614853405,10
784,178.14240230983287,33.31896121495715,10
785,178.4183023032005,33.47289008187364,10
786,178.69420230833447,33.656982207761956,10
787,179.237102314394,33.805644227738185,10
788,179.38840232087674,34.04296777863196,10
789,179.49520232984347,33.96318516332765,10
790,179.61090233163102,33.90536529490068,10
791,179.7177023284599,33.84799138142512,10
792,179.98470232904225,33.93643819935934,10
793,180.07370232898205,33.90275901919096,10
794,180.2695023383082,34.129466578283754,10
795,180.3763023356204,34.039111606543166,10
796,180.50090233022883,34.010513324189034,10
797,180.71450232515846,34.02145261421796,10
798,180.83020232694608,34.09028716051891,10
799,181.13280233392774,34.09067441853177,10
800,181.32860234333015,34.071006695211594,10
801,181.4443023451177,34.210363854431186,10
802,181.6045023444594,34.1328187731215,10
803,181.8092023466445,34.23756517947017,10
804,182.01390234875328,34.10357131933003,10
805,182.04950234311676,34.110971964745836,10
806,182.156302340429,34.28250191179705,10
807,182.33430234084267,34.50783178335888,10
808,182.4411023498475,34.64973877122748,10
809,182.4500023540558,34.665370360754046,10
810,182.8327023684998,34.52124464090652,10
811,183.20650236677585,34.84213963015246,10
812,183.30440237078386,34.97196005409154,10
813,183.59810238490655,34.741515245132895,10
814,183.9541023859246,34.59411844605084,10
815,184.31010238694267,34.518067839126495,10
816,184.64830239055473,34.705411985099644,10
817,184.8975023938455,34.87433120703024,10
818,185.10220239599246,35.106481394642195,10
819,185.28910240076704,35.33685992822859,10
820,185.47600240565598,35.560026934361105,10
821,185.65400240595523,35.64086758429815,10
822,185.92100240657572,35.84241706586899,10
823,186.0990024069131,36.07469154677034,10
824,186.11680240390405,36.060484868381565,10
825,186.21470240847177,36.12905692995958,10
826,186.40160241328445,36.08252700265235,10
827,186.71310241304886,36.09935938526498,10
828,186.89110241334805,36.315259081056546,10
829,187.00680241517375,36.2202864204938,10
830,187.27380241579428,36.424767175631644,10
831,187.59420241840604,36.65608869508797,10
832,187.7900024277322,36.57783355219622,10
833,188.07480242572507,36.71733495530304,10
834,188.1015024271914,36.73313850016565,10
835,188.3774024322872,36.711471439208296,10
836,188.3774024319439,36.711471439162615,10
837,188.59990244311774,36.88082087848856,10
838,188.697802447571,36.81904222035658,10
839,188.89360244520458,36.733209176340985,10
840,188.99150244965784,36.67208663591279,10
841,189.1695024499952,36.7294006127253,10
842,189.44540244336284,36.825361806553964,10
843,189.64120245265082,36.705467925658255,10
844,189.8192024528,36.826188734452764,10
845,190.10400246244743,36.97561794175309,10
846,190.4600024633536,37.22503591610754,10
847,190.5490024632934,37.36273806630263,10
848,190.74480247258143,37.57383346584789,10
849,190.93170247724407,37.61880897368372,10
850,191.10970247758146,37.69135867040833,10
851,191.36780247357666,37.884968074061966,10
852,191.47460247077703,37.88971622404491,10
853,191.6615024751063,38.10475807198356,10
854,191.848402479919,38.38516389835388,10
855,191.98190249065973,38.355649408784046,10
856,192.17770249995027,38.30514860595921,10
857,192.26670249992827,38.45516588916185,10
858,192.47140250200147,38.57668866825679,10
859,192.81850249831794,38.52744732279169,10
860,193.0054025029806,38.40822296414589,10
861,193.53940250452675,38.5316263617695,10
862,193.72630249749676,38.54098672107567,10
863,193.9043024972745,38.620282108142725,10
864,194.1802025018869,38.56645726473425,10
865,194.37600251117485,38.53185023034748,10
866,194.84770251424752,38.3582101238012,10
867,194.99900253408887,38.46370053579571,10
868,195.11470253587643,38.53283351650958,10
869,195.5864025506417,38.74469446996164,10
870,195.94240255154529,38.91075349343572,10
871,196.3162025497832,38.64248912666676,10
872,196.42300255878806,38.559067233106845,10
873,196.52090256324135,38.68952997888239,10
874,196.69890256350243,38.77333400214333,10
875,196.78790256348037,38.66431692994838,10
876,196.97480256825492,38.65829226836222,10
877,197.09940257459408,38.58615557251936,10
878,197.62450257973427,38.71062986428964,10
879,197.68680258593383,38.79458227586823,10
880,197.8648025861949,38.802884626731945,10
881,197.90040260390543,38.807429753597646,10
882,198.05170261035713,38.885250462637934,10
883,198.15850261936197,38.894081077576956,10
884,198.42550262002064,39.12241035614596,10
885,198.65690262224197,39.245747841972964,10
886,198.88830261454407,39.08317504851502,10
887,199.07520261931862,39.024283098725846,10
888,199.08410262285534,39.017892205094064,10
889,199.19090263133867,38.88700224955634,10
890,199.22650262514236,38.86189014614566,10
891,199.4223026344304,38.88244380174572,10
892,199.68930263501275,39.098552448730594,10
893,199.7872026390208,39.05354580709521,10
894,200.10760264240116,39.303804137717584,10
895,200.22330264374344,39.26755295787994,10
896,200.32120264823487,39.218252221524,10
897,200.58820264881723,39.25371598538496,10
898,200.6861026528252,39.40185621951201,10
899,200.79290266138483,39.3436929547014,10
900,200.9887026702276,39.42895482543187,10
901,201.1756026745569,39.443977641249255,10
902,201.38920268125545,39.47637610206102,10
903,201.4337026916839,39.51900828067409,10
904,201.61170269105452,39.47854419690371,10
905,201.70070268991566,39.63411315707976,10
906,201.78970268989363,39.79106456980161,10
907,201.90540269175744,39.80564117350539,10
908,202.17240269185646,40.02958463819572,10
909,202.35930269603574,39.97900238190707,10
910,202.43940270108297,40.113463270653135,10
911,202.56400270697685,40.077745721016925,10
912,202.67970270828104,40.0491225842143,10
913,202.77760271277248,40.21373785259537,10
914,203.14250271801754,40.1682563608851,10
915,203.2938027138876,40.200288959839604,10
916,203.69430272566586,40.35888211064311,10
917,203.81000272749162,40.287049856742556,10
918,203.988002726824,40.252081071639765,10
919,204.16600272712324,40.220583171678534,10
920,204.2550027266178,40.17274231603191,10
921,204.70890273191088,40.2549988522944,10
922,204.7979027308839,40.247870749304916,10
923,204.91360273267145,40.322778446198605,10
924,204.95810274271943,40.326537903627134,10
925,205.1005027336953,40.31799920361439,10
926,205.23400273233378,40.32984527139315,10
927,205.3052027333128,40.28540697529931,10
928,205.49210273663715,40.27305394740836,10
929,205.59000274060708,40.39961796219886,10
930,205.78580273771905,40.47974700200359,10
931,205.87480273717543,40.642983025009435,10
932,206.09730272485226,40.497250955649534,10
933,206.36430272551087,40.714732036816535,10
934,206.64020273004957,40.660216483503625,10
935,206.72920272950597,40.82540414821194,10
936,206.90720272976705,40.672790580066874,10
937,206.91610273393718,40.667199804269224,10
938,207.26320273840133,40.72114623716217,10
939,207.36110274293088,40.61134727047717,10
940,207.6459027515733,40.3782944577997,10
941,207.823902751351,40.475782120455044,10
942,207.9574027500658,40.604493051106026,10
943,208.22440275020284,40.64992056236721,10
944,208.26000275622073,40.69185422508603,10
945,208.42910276255606,40.646418360841096,10
946,208.78510276286443,40.77438019559042,10
947,209.13220275865933,40.83540578133583,10
948,209.42590276097752,40.8504392062427,10
949,209.72850276780918,40.79112231825026,10
950,209.91540277258378,40.896836332513594,10
951,210.09340277224956,41.07414487605309,10
952,210.34260278360512,41.00081923314093,10
953,210.5206027833828,40.95876783632704,10
954,210.78760278389146,40.9905788260018,10
955,210.98340279321755,40.981946566670004,10
956,211.09020279000833,40.968492048998385,10
957,211.25040279060195,41.018739203870936,10
958,211.4462027880855,41.162899765579894,10
959,211.570802782582,41.218431981937954,10
960,211.74880278273122,41.271053329731444,10
961,212.09590277904763,41.27492686124961,10
962,212.27390277919685,41.48945588300469,10
963,212.4519027794961,41.32319555747346,10
964,212.46080278314471,41.33448953931115,10
965,212.57650278433698,41.23167793577209,10
966,212.87020278665523,41.12103554192667,10
967,213.30630278314294,40.90985085790203,10
968,213.50210278073828,40.71612413757884,10
969,213.59110277971135,40.89225769601458,10
970,214.0450027731618,40.787211519090704,10
971,214.0717027863207,40.77370245440491,10
972,214.43660277944986,40.536440890733985,10
973,214.65910277878112,40.52102813789663,10
974,214.73920278542127,40.43532541448665,10
975,214.76590278688758,40.46634405983834,10
976,215.0329027863912,40.5647266401636,10
977,215.37110278936993,40.69058783532368,10
978,215.4957027830115,40.64876977766761,10
979,215.7627027716775,40.5453383669686,10
980,215.86060277516404,40.735200945034336,10
981,215.98520278091686,40.65621182638537,10
982,216.1899027824305,40.67111673931993,10
983,216.30560279542723,40.596103833077926,10
984,216.34120280092355,40.6214524776352,10
985,216.43020280075152,40.70904102236276,10
986,216.45690280210596,40.71430829565195,10
987,216.55480280655925,40.79786533428658,10
988,216.6705028071944,40.72344682657755,10
989,216.9553028046658,40.92942331852412,10
990,217.06210280197806,41.01222127699065,10
991,217.42700280728323,41.22819308106861,10
992,217.62280281613056,41.13331893630396,10
993,217.71180281610856,41.22742030954506,10
994,217.81860281289923,41.32099641698875,10
995,218.014402808126,41.215152087557634,10
996,218.12120281709267,41.138967228829294,10
997,218.3882028174513,41.17480731249295,10
998,218.64630281292494,41.16429482289464,10
999,218.65520281661165,41.15900816451233,10
1000,218.84210281997417,41.104159004646135,10
1001,218.90440282565223,41.18045848693397,10
1002,219.09130281813881,40.99991444234322,10
1003,219.10020282230894,41.009717948392414,10
1004,219.198102826317,40.963844005561654,10
1005,219.20700283048714,40.973931084178126,10
1006,219.30490283445707,41.16261431947826,10
1007,219.39390283391344,41.04214671826942,10
1008,219.57190283372924,40.94097751740135,10
1009,219.83890283431165,40.8642039860713,10
1010,220.0169028345727,40.7692858562954,10
1011,220.11480283809732,40.770394366178046,10
1012,220.39070284274786,40.88099113390368,10
1013,220.7645028526784,40.631427497547016,10
1014,221.1294028580955,40.755094950291934,10
1015,221.39640285867782,40.83420746367719,10
1016,221.50320286764455,40.79767124363541,10
1017,221.7079028804792,40.94774856361541,10
1018,221.9037028781127,40.8209468146551,10
1019,222.0817028783738,40.79644698369951,10
1020,222.19740289185398,40.88527835604761,10
1021,222.4110028988949,40.890590717231746,10
1022,222.775902924074,41.05108793383289,10
1023,222.96280292836508,41.18724572661687,10
1024,223.07850292966924,41.282939329608425,10
1025,223.26540293396042,41.16951458650622,10
1026,223.27430293809238,41.157559482108304,10
1027,223.34550294876726,41.22047002862935,10
1028,223.46120296224746,41.17252018400224,10
1029,223.6036029642167,41.16042804498049,10
1030,223.9596029646369,41.194497587743626,10
1031,224.2533029665836,41.45054594391488,10
1032,224.65380296618588,41.55125286059963,10
1033,224.93860296410253,41.525666396439036,10
1034,225.29460296441084,41.45137719260876,10
1035,225.7485029696658,41.35155083076215,10
1036,226.104502970086,41.48563315977292,10
1037,226.28250296938026,41.526345679477764,10
1038,226.54950296947928,41.76894464870779,10
1039,226.73640297425382,41.655934736854334,10
1040,227.00340297483612,42.038226160814276,10
1041,227.1191029766237,41.947648538853606,10
1042,227.56410297725333,41.90083438510635,10
1043,227.75100298202787,42.1737732125136,10
1044,227.96460298865014,42.171961778934104,10
1045,228.14260298891128,42.269768426862385,10
1046,228.24050299288115,42.460706705076596,10
1047,228.4274029971723,42.54516979377163,10
1048,228.6232030064602,42.68479391329373,10
1049,228.8902030065592,42.64004818943932,10
1050,228.99700300387144,42.621162091933584,10
1051,229.21060299824057,42.76125021486811,10
1052,229.48650300289114,42.72867815633763,10
1053,229.49540300657787,42.73961309527743,10
1054,229.67340300676523,42.91363523478919,10
1055,229.95820300419845,42.938845563844644,10
1056,230.26970300393629,42.82950425221661,10
1057,230.37650301290302,42.77789882950893,10
1058,230.5545030127188,42.87879801688591,10
1059,230.7325030124965,42.73734889285092,10
1060,231.10630301066067,42.71874479647382,10
1061,231.3911030086536,42.59545483251306,10
1062,231.60470301516398,42.45974907609575,10
1063,231.88950301308068,42.4839774923458,10
1064,231.89840301676742,42.492945676328446,10
1065,231.92510302996448,42.49932965427597,10
1066,232.20990303909034,42.57350605141377,10
1067,232.4769030392274,42.75075726563826,10
1068,232.5659030387601,42.934287839249244,10
1069,232.83290303885906,43.12985413241523,10
1070,233.18890303980083,43.50807528127518,10
1071,233.36690303917143,43.70582652970404,10
1072,233.45590303862787,43.81531607541169,10
1073,233.58940304933049,43.884836696166026,10
1074,233.5894030480203,43.88483669690036,10
1075,233.87420304545358,44.074140837028864,10
1076,233.98100304261584,44.252684363929525,10
1077,234.24800304316258,44.33643434152733,10
1078,234.4260030435381,44.51809348618229,10
1079,234.51500304344236,44.60904024123601,10
1080,234.69300304370344,44.60923753694272,10
1081,234.96000304432397,44.88508873021436,10
1082,235.0668030417125,44.83087489303584,10
1083,235.35160303974357,45.028688319972055,10
1084,235.59190304647376,45.20805741564666,10
1085,235.60970305515738,45.23695041180975,10
1086,235.90340305410933,45.49184263737505,10
1087,236.16150305010456,45.59652353426772,10
1088,236.43740304336023,45.56499125245875,10
1089,236.60650304074844,45.81993909067791,10
1090,236.78450304911703,45.79728722081774,10
1091,236.98030304667682,45.8866538272542,10
1092,237.1672030510061,46.174941158322696,10
1093,237.36300305932727,46.194363402717336,10
1094,237.49650307017993,46.33844595586111,10
1095,237.5944030741879,46.531393149442486,10
1096,237.62110308734682,46.53275969231554,10
1097,237.79910308768422,46.46693094236311,10
1098,237.90590308499645,46.670739307491615,10
1099,238.02160308678398,46.579259657594,10
1100,238.19960308712137,46.59233310530364,10
1101,238.31530308894708,46.61959889806775,10
1102,238.43100310242727,46.72020654184553,10
1103,238.62680310009895,46.820839544280005,10
1104,238.91160309798002,47.01902239375849,10
1105,239.17860309845045,46.87284942921617,10
1106,239.32100309105982,46.94153635250551,10
1107,239.730403084633,47.13243017167904,10
1108,239.92620309399726,47.26170638988607,10
1109,240.13980310657757,47.32178027647858,10
1110,240.31780310665303,47.31912061868558,10
1111,240.31780310634787,47.319120618642806,10
1112,240.56700310948872,47.26457783484588,10
1113,240.74500309783338,47.35091879480119,10
1114,240.99420310108604,47.43476111161688,10
1115,241.15440310409372,47.58557801281609,10
1116,241.43920310201028,47.6221033714995,10
1117,241.70620310251897,47.71949184015375,10
1118,241.83970310144718,47.728293156524884,10
1119,242.00880310840867,47.707077802098524,10
1120,242.40930311856354,47.88459308725415,10
1121,242.83650312249694,47.87792441609859,10
1122,243.0234031273523,47.97167385092298,10
1123,243.21920313664026,47.88991833618429,10
1124,243.43280314330073,48.04034325747378,10
1125,243.53070314783025,48.132227621573456,10
1126,243.5396031518504,48.126268992403624,10
1127,243.65530316525684,48.230611575167735,10
1128,243.77100316697064,48.266326966052844,10
1129,243.77990317069558,48.258311333422114,10
1130,243.79770317941734,48.28585306091582,10
1131,243.89560318391327,48.2303405867596,10
1132,244.17150318900912,48.39009433772323,10
1133,244.26940319350055,48.31107551365524,10
1134,244.376203202022,48.488291770862034,10
1135,244.65210320711782,48.51519588768246,10
1136,244.84790320471316,48.64516487805792,10
1137,244.936903204653,48.82654747238528,10
1138,245.212803208782,49.04202093325585,10
1139,245.51540321501844,49.18787422097369,10
1140,245.87140321532678,49.31146587810977,10
1141,245.97820322429348,49.32057822771954,10
1142,246.0761032287468,49.44043199896783,10
1143,246.25410322900785,49.72465178153119,10
1144,246.43210322830208,49.83571722349135,10
1145,246.54780322960633,49.80623973241318,10
1146,246.58340323566236,49.84440088814981,10
1147,246.6635032427859,49.724011036692055,10
1148,246.78810324912507,49.76585727197492,10
1149,246.9750032534543,49.63828278196562,10
1150,247.14410324868305,49.65869435608389,10
1151,247.25980325054684,49.68788208768737,10
1152,247.5357032551974,49.80645615977387,10
1153,247.80270325574415,49.86404677655787,10
1154,247.97180325093467,50.05389730915959,10
1155,248.23880325159334,50.0946563140479,10
1156,248.39010324875176,50.09985031396428,10
1157,248.58590325807785,50.22286251834777,10
1158,248.6037032666496,50.21679179581642,10
1159,248.88850327629697,50.34438190986424,10
1160,249.07540328062623,50.61731897640348,10
1161,249.26230328547712,50.65645799916133,10
1162,249.3958032846371,50.54635584422208,10
1163,249.48480328461505,50.56346890084455,10
1164,249.7518032851974,50.862300911772145,10
1165,250.0366032831903,51.03601818527384,10
1166,250.06330328469477,51.043809689089244,10
1167,250.2680032868036,50.925389487045805,10
1168,250.36590329125687,50.86426743176896,10
1169,250.570603293442,50.92305977245678,10
1170,250.76640330276808,51.09730423229011,10
1171,251.0512033002395,51.12219749044421,10
1172,251.1402033002556,51.30430928469329,10
1173,251.5852033015186,51.491041693753004,10
1174,251.7810033108066,51.43510512521052,10
1175,251.87000331063456,51.44939090821333,10
1176,252.06580330830622,51.37118626276691,10
1177,252.0747033124764,51.357431389415744,10
1178,252.09250332115994,51.34533468031086,10
1179,252.47520333564208,51.5253520093796,10
1180,252.65320333582946,51.496545171898,10
1181,252.8223033315415,51.53321299136303,10
1182,253.11600334566418,51.60484091335835,10
1183,253.56100334692724,51.73114780428478,10
1184,253.73900334722643,51.703238667666035,10
1185,253.94370334933524,51.689211180704355,10
1186,254.0327033493132,51.870944164508245,10
1187,254.47770335057626,52.15690370403007,10
1188,254.84260335599333,51.83469183572449,10
1189,254.9494033649982,51.8487656716458,10
1190,255.30540336590178,51.856335779242286,10
1191,255.49230337060263,51.917040859165276,10
1192,255.85720337601975,52.19798908686155,10
1193,255.86610338018986,52.191204612819256,10
1194,256.0530033848907,52.154236650369306,10
1195,256.07080339357424,52.16123600090767,10
1196,256.2577033979035,52.10583394268263,10
1197,256.444603402678,52.08414412145743,10
1198,256.6315033956481,52.214029025379325,10
1199,256.88070338701795,52.11838231666148,10
1200,257.01420339772056,52.168929453415764,10
1201,257.28120339834106,52.42155946087541,10
1202,257.3880033956151,52.368263895231394,10
1203,257.744003396445,52.61667526925207,10
1204,257.9398034019979,52.562449004676026,10
1205,258.1178034103283,52.65718549105599,10
1206,258.56280341147954,52.785126009001885,10
1207,258.9277034167847,52.882047429715165,10
1208,259.0434034185722,52.82210147147492,10
1209,259.4973034125442,53.104461541421266,10
1210,259.57740340789684,53.03496024791613,10
1211,259.8444034084055,53.050772859821684,10
1212,259.95120340564404,53.17494620688272,10
1213,260.04020340551017,53.12568346968926,10
1214,260.28940339676814,53.254950983965635,10
1215,260.64540339755985,53.487547505692135,10
1216,260.8501034113994,53.549614916645545,10
1217,260.9658034013825,53.7183275854311,10
1218,261.1438034015317,53.772465198326714,10
1219,261.2328034014716,53.95453799088258,10
1220,261.5799033978262,53.90944314384008,10
1221,261.83800339367133,54.07197466040802,10
1222,261.8558034023168,54.085625805881904,10
1223,261.8736034109622,54.091229785250334,10
1224,261.9715034153036,54.02662923947635,10
1225,262.09610342109465,54.04239922680143,10
1226,262.2118034228085,54.05984396290629,10
1227,262.3809034185206,54.25879204148238,10
1228,262.6390034144039,54.387844704791746,10
1229,262.8170034147412,54.26504553279935,10
1230,263.101803412546,54.47494486582914,10
1231,263.1107034166043,54.493396232885694,10
1232,263.28870341652976,54.406662113724614,10
1233,263.6358034128462,54.37594634074798,10
1234,263.7604034191853,54.46514362122027,10
1235,263.8138034203499,54.37996023066623,10
1236,263.9918034200539,54.355354269645744,10
1237,264.1698034202794,54.173085212606445,10
1238,264.3389034153199,54.05974062774741,10
1239,264.54360340502893,54.26174010349728,10
1240,264.71270340074096,54.3072798033377,10
1241,264.84620338790296,54.26606411392933,10
1242,264.9441033922087,54.18129951149912,10
1243,265.38910339324804,54.142869263605746,10
1244,265.5671033935091,54.26062498201619,10
1245,265.75400338607204,54.111707735330555,10
1246,265.9053033843781,54.07523079001267,10
1247,266.0833033846773,54.37446130578928,10
1248,266.17230338465527,54.48745245905691,10
1249,266.4393033853521,54.557735318593956,10
1250,266.80420339076915,54.47370085940654,10
1251,266.919903392633,54.3204764796216,10
1252,267.1157033902283,54.31142841861542,10
1253,267.3827033909251,54.45491150455861,10
1254,267.57850340021315,54.589944116952786,10
1255,267.6764034047045,54.7826345824856,10
1256,267.7832034135594,54.722670976556486,10
1257,267.87220341298024,54.59519245948662,10
1258,267.96120341292004,54.647833316782766,10
1259,267.97900340991106,54.68541301227055,10
1260,267.99680341863274,54.69009297116757,10
1261,268.29050342106285,54.76547472776936,10
1262,268.39730343006767,54.763173364434955,10
1263,268.6732034350898,54.84430106959417,10
1264,268.77110343961937,54.95093940751629,10
1265,268.8868034414832,55.103177339972376,10
1266,268.98470344597456,55.2126409199026,10
1267,268.9847034454813,55.21264091995313,10
1268,269.18050345469555,55.2501868894982,10
1269,269.1805034543522,55.25018688948083,10
1270,269.29620345606605,55.203693641415384,10
1271,269.55430345161597,55.30067327581407,10
1272,269.59880346151385,55.27518347760308,10
1273,269.75900346396185,55.18700200765511,10
1274,270.0171034712445,55.12642214922919,10
1275,270.27520347856546,55.13606994939315,10
1276,270.80030348733345,55.14145305200156,10
1277,271.0762034924293,55.322245855854774,10
1278,271.2542034925785,55.568586234980394,10
1279,271.55680349789867,55.87817009535158,10
1280,271.8327035030327,56.04585464056456,10
1281,272.2866035082876,56.150140546960166,10
1282,272.7138035121873,56.15098067054855,10
1283,272.80280351164373,56.0597308026344,10
1284,272.81170351581386,56.06067669112452,10
1285,273.12320352730904,56.188883311971466,10
1286,273.31900352486883,56.25867071017853,10
1287,273.57710353267305,56.44108838354397,10
1288,273.9242035289559,56.53807970945627,10
1289,274.10220352910517,56.51934988288999,10
1290,274.2802035293663,56.51567481080795,10
1291,274.61840353294014,56.754267641352186,10
1292,274.9655035399225,56.73041301933708,10
1293,275.0901035344573,56.69112128156175,10
1294,275.2770035392745,56.73213117375679,10
1295,275.5351035471169,57.069869048638104,10
1296,275.544003551287,57.07553699506951,10
1297,275.65080356025373,57.256448913502844,10
1298,276.0246035584917,57.20538390858067,10
1299,276.122503562833,57.10458493621761,10
1300,276.3005035747913,57.13099544960277,10
1301,276.4607035878722,57.110376560548694,10
1302,276.665403589981,57.09055725581712,10
1303,276.790003596282,57.04606152297922,10
1304,276.9146035908904,57.00964271630301,10
1305,277.1816035914773,57.152988977655134,10
1306,277.359603591743,57.24783104816763,10
1307,277.4842035862777,57.24119844820579,10
1308,277.5376036013224,57.23725297341297,10
1309,277.5465036050138,57.242896659087954,10
1310,277.7423036026473,57.197965491694845,10
1311,277.9381035997593,57.40050740876828,10
1312,278.0271035986205,57.40841859102315,10
1313,278.22290359610395,57.36523109843524,10
1314,278.329703604142,57.22783944134091,10
1315,278.43650361314695,57.10626484798672,10
1316,278.52550361264144,57.29551656393633,10
1317,278.7836036081532,57.1600567990876,10
1318,278.99720361481366,57.06663580961938,10
1319,279.2820036126184,56.911323298593246,10
1320,279.4600036128795,57.160685014286386,10
1321,279.56680362143913,57.213239010832275,10
1322,279.92280362223084,57.0618083731911,10
1323,280.19870362732667,57.32714825258274,10
1324,280.3055036363315,57.506769707817554,10
1325,280.39450363623575,57.69791107420681,10
1326,280.65260363208097,57.65907638212388,10
1327,280.8573036342279,57.528556097153334,10
1328,281.1154036302231,57.64310797617847,10
1329,281.2756036320449,57.85913106965631,10
1330,281.3735036366126,57.77662790613149,10
1331,281.60490364142606,57.88685838605738,10
1332,281.68500364699486,58.03612949379858,10
1333,281.836303647275,58.178339103353714,10
1334,282.1834036554386,58.014488201279384,10
1335,282.4860036628389,58.00788561629453,10
1336,282.5928036713224,58.20859822320265,10
1337,282.6907036757756,58.38861392619225,10
1338,282.86870367596293,58.68846657297109,10
1339,283.0467036867736,58.947899388656936,10
1340,283.1357036862727,58.886234767196505,10
1341,283.38490368911823,59.13980594938062,10
1342,283.48280369364784,59.340569151329,10
1343,283.5629036875167,59.28937311828192,10
1344,283.7409036995131,59.371553772395245,10
1345,283.99900370635055,59.38499075026085,10
1346,284.00790370996356,59.4044090180589,10
1347,284.09690370994156,59.51400252438036,10
1348,284.26600371746264,59.42977603426994,10
1349,284.52410372530505,59.594130759601626,10
1350,284.61310372520927,59.788697205625134,10
1351,284.72880372711126,59.783255567684584,10
1352,284.81780372716554,59.89243504965805,10
1353,284.8534037331834,59.8920735476706,10
1354,284.9691037350472,60.04692347344018,10
1355,284.9691037347802,60.0469234734137,10
1356,285.1560037389595,60.16056275199392,10
1357,285.15600373861616,60.160562751970204,10
1358,285.2450037386704,60.176141012351685,10
1359,285.2539037429214,60.177771012024685,10
1360,285.43190374329697,60.251553722679795,10
1361,285.6366037453702,60.11543176791358,10
1362,285.74340374268246,60.14335907155121,10
1363,285.9392037403541,60.44907601551037,10
1364,285.94810374411713,60.468344697395395,10
1365,286.2151037447376,60.549186827545554,10
1366,286.3931037449987,60.60776552006495,10
1367,286.4821037449385,60.47498136680463,10
1368,286.5177037509946,60.465107602560266,10
1369,286.6957037513319,60.6231795094872,10
1370,286.82030375770927,60.753075687828385,10
1371,286.83810375458836,60.75567455811715,10
1372,287.0161037548875,60.96510091203649,10
1373,287.07840376116343,60.96905272301288,10
1374,287.2208037632089,61.17311037204912,10
1375,287.4700037628337,61.10737148149096,10
1376,287.6480037594715,61.21595777817582,10
1377,287.7370037594494,61.148707651153096,10
1378,288.0129037645834,60.919450638013934,10
1379,288.20870377387143,61.21529713610498,10
1380,288.52910377810565,61.3871579964681,10
1381,288.73380378021443,61.3602321235078,10
1382,288.9296037890191,61.42974937038686,10
1383,289.1165037937936,61.57189686459439,10
1384,289.21440379832313,61.50224479252068,10
1385,289.3034037983392,61.61589179211987,10
1386,289.4102038073441,61.63826478474973,10
1387,289.4992038073602,61.832533782873384,10
1388,289.6772038077357,61.895898601409975,10
1389,289.86410381254836,61.95785838899183,10
1390,289.98870380723304,62.120513678072115,10
1391,290.16670380716334,62.43063780362588,10
1392,290.25570380621264,62.447721542450886,10
1393,290.44260381061827,62.74933048991404,10
1394,290.46040380764737,62.75282282237799,10
1395,290.46930381185564,62.76429216265983,10
1396,290.5583038118717,62.96069224630207,10
1397,290.73630381176383,63.17554233660654,10
1398,290.9232038166148,63.18125039916525,10
1399,291.1190038142863,63.233997786605926,10
1400,291.2080038140406,63.10812046079621,10
1401,291.3148038224502,62.981597484830864,10
1402,291.4216038196124,63.001024077298524,10
1403,291.54620381404413,62.93009585402717,10
1404,291.90220381487404,62.999817084414794,10
1405,292.00010381936556,63.06854931256274,10
1406,292.0980038238569,63.13844594118343,10
1407,292.3650038244774,63.00441589152601,10
1408,292.64980382243215,63.02294727611577,10
1409,292.74770382692355,62.99649564220234,10
1410,293.0147038275441,63.005939192052004,10
1411,293.20160383231865,63.04703776711151,10
1412,293.47750383745256,63.070095505777424,10
1413,293.58430384645743,63.01179181147424,10
1414,293.5843038461141,63.011791811434556,10
1415,293.7623038459299,63.14944386150029,10
1416,294.18060385462843,63.0614982571678,10
1417,294.35860385488945,62.939149466985754,10
1418,294.7324038531656,63.00401357971491,10
1419,294.830303857657,62.97139910086165,10
1420,295.27530385892,63.027838308382854,10
1421,295.54230385950234,62.92769381341027,10
1422,295.9339038667671,62.81945203134358,10
1423,296.1297038760552,62.849070949557586,10
1424,296.4056038811891,63.00552220946256,10
1425,296.539103879935,62.99197451302187,10
1426,296.6370038844264,62.94975924818641,10
1427,296.72600388436615,63.065207733581886,10
1428,297.0909038897833,63.30419695801984,10
1429,297.1176039029423,63.295573100858746,10
1430,297.3223039156006,63.29091275106456,10
1431,297.420203920092,63.49767072312517,10
1432,297.5181039245834,63.467636872070706,10
1433,297.96310392584644,63.6717096277188,10
1434,298.0610039302997,63.63208921390939,10
1435,298.1500039303158,63.82798391040563,10
1436,298.4259039354879,63.938659569514506,10
1437,298.4259039351827,63.938659569420494,10
1438,298.4971039458576,64.06493822174315,10
1439,298.6929039435292,64.29233480101334,10
1440,298.8798039483419,64.33919435960748,10
1441,298.9065039616152,64.35773322012923,10
1442,299.0133039706201,64.321357599722,10
1443,299.37820397592526,64.50950800972662,10
1444,299.4672039757533,64.54806559327965,10
1445,299.8410039740675,64.52725798877142,10
1446,300.05460398076605,64.84444213981646,10
1447,300.13470397567346,64.88652881664325,10
1448,300.3928039717067,64.9002370304279,10
1449,300.6509039671067,65.02349308398989,10
1450,300.7666039689323,64.97615312839328,10
1451,300.78440396588974,64.97657302573336,10
1452,300.9001039788866,65.1754790610768,10
1453,301.1671039795452,65.27004449176833,10
1454,301.3629039771787,65.26575638823644,10
1455,301.46080398122484,65.3972426301869,10
1456,301.6388039815241,65.53297297921854,10
1457,301.8168039818233,65.84188812325975,10
1458,301.9325039836109,65.87607813807988,10
1459,302.1995039843076,66.04819859514714,10
1460,302.3864039891203,66.04242783082233,10
1461,302.50210399090787,65.97773955127099,10
1462,302.5466039897084,65.9834186028013,10
1463,302.72460398960055,65.96263415159663,10
1464,302.8136039896929,65.91753418802999,10
1465,302.9204039863718,65.8513165560407,10
1466,302.9293039905445,65.8538939710577,10
1467,303.00050399319275,65.79162824895789,10
1468,303.2764039865222,65.92639912410384,10
1469,303.3654039859786,65.92571827185121,10
1470,303.56120398350026,66.21223637803021,10
1471,303.9350039818527,66.48427811564437,10
1472,303.96170398324523,66.50102259625976,10
1473,304.09520399394773,66.70673659783603,10
1474,304.36220399456823,66.86001684160097,10
1475,304.7093040107251,66.90164328576466,10
1476,304.8072040147757,67.10096159155376,10
1477,304.9941040192195,67.32145877897119,10
1478,305.1365040328859,67.39764327054131,10
1479,305.2255040329402,67.42727951487734,10
1480,305.2344040371484,67.43030703268435,10
1481,305.34120403431064,67.39038953246032,10
1482,305.4391040388402,67.35482655910235,10
1483,305.6349040477211,67.52031012564278,10
1484,305.6438040514078,67.5400334101096,10
1485,305.7328040508688,67.50253294439523,10
1486,305.74170405503895,67.5135395480916,10
1487,305.83070405405016,67.54380251545949,10
1488,306.05320405127003,67.66089163589507,10
1489,306.2401040555993,67.75533495844104,10
1490,306.5249040651348,67.73917403740893,10
1491,306.90760406788627,67.84382367916302,10
1492,306.93430408108327,67.8561835061426,10
1493,307.1123040814588,68.01987803803554,10
1494,307.13900408296325,68.07070877848079,10
1495,307.51280408127747,68.20163234784341,10
1496,307.5395040828581,68.23782579515071,10
1497,307.65520408472196,68.4487326181845,10
1498,307.7442040846999,68.47864655544423,10
1499,307.9400040823335,68.25805606547881,10
1500,308.2070040829539,68.34625767951803,10
1501,308.2159040871241,68.34220702184922,10
1502,308.3049040869902,68.22109800050215,10
1503,308.5897040849449,68.29742325983297,10
1504,308.7855040937877,68.11552336845135,10
1505,308.87450409328227,68.01803031590327,10
1506,308.8834040974142,68.01751209120675,10
1507,309.07920409504777,68.0686374550975,10
1508,309.1860040923218,68.07527267925184,10
1509,309.27500409214974,68.0423616942884,10
1510,309.37290409611956,68.06841311788536,10
1511,309.6399040966283,68.1618573057316,10
1512,309.9247040945831,68.37199506861334,10
1513,309.9247040937564,68.37199506802115,10
1514,310.1383041003902,68.57333177248873,10
1515,310.24510410935693,68.52589665414796,10
1516,310.36970410352006,68.58835942546948,10
1517,310.485404116555,68.51308730008118,10
1518,310.8236041213196,68.35214489285752,10
1519,311.01940411891496,68.27331039111677,10
1520,311.2330041128779,68.24534151539599,10
1521,311.4377041149867,68.26241471095057,10
1522,311.4555041227035,68.25673121296444,10
1523,311.56230411889885,68.30779609293131,10
1524,311.76700412004095,68.42120078148903,10
1525,311.9539041290182,68.63742862834454,10
1526,312.3010041253346,68.67092017697591,10
1527,312.514604131995,68.60686232925826,10
1528,312.6303041338207,68.58844929043396,10
1529,312.89730413395785,68.69299984465535,10
1530,312.9952041284353,68.76514290443242,10
1531,313.1732041282511,68.77069735807197,10
1532,313.2800041255634,68.9834663334775,10
1533,313.45800413006526,68.99159288836948,10
1534,313.61820414057803,69.21620343315254,10
1535,313.707204140556,69.1893305959076,10
1536,313.80510414489737,69.11315303257378,10
1537,313.92080414672307,69.13840509380147,10
1538,313.92970415093134,69.1589764204698,10
1539,314.11660415567036,69.13478214357713,10
1540,314.232304157346,69.08479548168685,10
1541,314.5260041598143,69.22869138660693,10
1542,314.6239041642675,69.43856462816471,10
1543,314.8108041689683,69.68022214682986,10
1544,315.07780416958883,69.84850007623244,10
1545,315.1668041695287,70.05613399569285,10
1546,315.26470417387003,70.26174202730812,10
1547,315.46940417597887,70.25888786689131,10
1548,315.60290417510066,70.32687801052201,10
1549,315.77200417460574,70.39558139386449,10
1550,315.86100417581457,70.46454814820898,10
1551,316.0479041806273,70.49541012389777,10
1552,316.163604181448,70.7017510828008,10
1553,316.4039041876948,70.84644121986203,10
1554,316.51070419666155,70.91146462561598,10
1555,316.6086042006314,70.95134553898367,10
1556,316.69760420008777,70.98831351770049,10
1557,316.7955042040959,71.04708100520632,10
1558,316.9468042105048,71.21033141583648,10
1559,317.1248042107659,71.39469153832583,10
1560,317.12480420993916,71.39469153781666,10
1561,317.30280420923344,71.41350068144773,10
1562,317.4986042068289,71.72184350672241,10
1563,317.5965042113202,71.7621926593108,10
1564,317.8813042204461,71.61210252251192,10
1565,318.0593042197404,71.54356539355507,10
1566,318.6734042283463,71.56782217848587,10
1567,318.95820423795556,71.38989604367752,10
1568,319.2163042440906,71.26208891410523,10
1569,319.4833042446729,71.29794528621039,10
1570,319.56340425179644,71.1892359074295,10
1571,319.6524042517363,71.17005834337047,10
1572,319.92830425683206,71.09174701840915,10
1573,319.9283042560054,71.0917470188474,10
1574,320.0351042649721,71.13568716066368,10
1575,320.382204272576,71.20925618162761,10
1576,320.6759042632017,71.18006508224171,10
1577,320.9607042606349,71.27414182824643,10
1578,321.07640427411513,71.33313157890747,10
1579,321.1654042852687,71.2533956114717,10
1580,321.4502042827065,71.04832663348432,10
1581,321.65490428433196,71.05878896345004,10
1582,321.8329042845929,71.30925656203733,10
1583,322.0821042878456,71.27068918665319,10
1584,322.3402042956117,71.22964645687249,10
1585,322.51820430757004,71.36413773490328,10
1586,322.7051043123446,71.4684656292647,10
1587,322.88310431260555,71.49976269177141,10
1588,323.0344043152262,71.43418257923061,10
1589,323.14120432370953,71.42623043489193,10
1590,323.230204323166,71.51793320262381,10
1591,323.23910432733607,71.52163295564362,10
1592,323.5150043324319,71.33997639810464,10
1593,323.61290433688515,71.40804893880842,10
1594,323.94220434649503,71.27091579128006,10
1595,324.2982043473987,71.11586834318472,10
1596,324.5830043453153,71.03356167632101,10
1597,324.8500043458977,71.13242762049205,10
1598,325.02800434615875,71.0715271117823,10
1599,325.12590437037403,71.01170780560493,10
1600,325.31280436338227,71.2495491478761,10
1601,325.4997043562404,71.26266939928394,10
1602,325.5976043606199,71.35967812038305,10
1603,325.8646043612022,71.23849773855554,10
1604,325.9714043584763,71.32527182892447,10
1605,326.2295043544761,71.13449695839306,10
1606,326.4609043503759,71.02957754617097,10
1607,326.46980435454606,71.02023862417276,10
1608,326.72790436120727,70.88680390210341,10
1609,326.8169043612233,70.92582820133096,10
1610,326.8703043744947,70.88457647634293,10
1611,327.2352043798381,70.83248104078868,10
1612,327.4043043754784,70.77348935819832,10
1613,327.5289043817794,70.83297371397443,10
1614,328.0629043832138,70.99889137804671,10
1615,328.2320043788876,70.94233694771523,10
1616,328.49900437946997,70.96100553684333,10
1617,328.5880043792242,70.84326784377231,10
1618,328.7037043810499,70.9129540721093,10
1619,328.82830437577275,71.00419176977373,10
1620,329.00630437603377,71.13949281006784,10
1621,329.18430437637113,71.27651268979623,10
1622,329.3178043755311,71.30812540967868,10
1623,329.34450438876627,71.31024147878672,10
1624,329.46020439051824,71.4500694737394,10
1625,329.75390439246496,71.37021318966293,10
1626,329.9675043981204,71.26232606338309,10
1627,330.1455043980126,71.35119281402488,10
1628,330.2434044024659,71.54624900262102,10
1629,330.4570043973955,71.68323786653768,10
1630,330.5727043992975,71.56848442283511,10
1631,330.7507043990752,71.81933126645981,10
1632,330.87530440537614,71.88803396737548,10
1633,330.9732044093842,71.93364536698027,10
1634,330.98210441355434,71.93782534978645,10
1635,331.08890442255915,71.92605496279997,10
1636,331.2224044338686,72.0152484028402,10
1637,331.4271044364007,72.01240387108471,10
1638,331.5250044404468,71.92176661202805,10
1639,331.6496044463027,71.84924015027327,10
1640,331.7475044507203,71.88763241313518,10
1641,331.8365044502149,71.93842239166162,10
1642,332.0234044550275,71.88142439726907,10
1643,332.2014044548815,71.9211816872207,10
1644,332.4862044640455,72.16207794382716,10
1645,332.6820044616408,71.96613675466408,10
1646,332.87780445882913,72.1377056019607,10
1647,332.88670446284925,72.12830150180926,10
1648,333.1626044679832,71.98121661663976,10
1649,333.21600447077026,71.94290916026486,10
1650,333.4830044713526,72.0454137475102,10
1651,333.580904475844,72.25738589433658,10
1652,333.8746044783123,72.13086572148794,10
1653,334.06150448312496,72.07000353520583,10
1654,334.337404488297,72.23875688167071,10
1655,334.51540448855815,72.33552544906082,10
1656,334.8714044894617,72.35056237845423,10
1657,334.96930449346974,72.3606807532566,10
1658,335.2452044986418,72.33482707475756,10
1659,335.2452044978914,72.33482707533967,10
1660,335.3431045018612,72.3992680225709,10
1661,335.5211045021604,72.4470510375455,10
1662,335.61900450661375,72.43560093224518,10
1663,335.7970045069511,72.40412492929588,10
1664,336.1530045078929,72.46341967795809,10
1665,336.2420045078708,72.6714786133548,10
1666,336.3399045123622,72.88364655489315,10
1667,336.6603045048657,72.79398588594773,10
1668,336.66920450899767,72.78472099391202,10
1669,336.7671045135272,72.98457666903876,10
1670,337.0341045141477,72.94884956846423,10
1671,337.21210451396354,72.77082174794164,10
1672,337.30110451405596,72.76545168764196,10
1673,337.3990045067047,72.71767880114288,10
1674,337.4257045192683,72.72583645964873,10
1675,337.62150451694,72.67532066550852,10
1676,337.79950451723914,72.7717747818794,10
1677,338.0665045178597,72.86508162712771,10
1678,338.24450451812083,72.83705379260358,10
1679,338.3691045244218,72.83959366620462,10
1680,338.37800452870636,72.86060939614113,10
1681,338.3958045374281,72.88995398374817,10
1682,338.5916045467542,73.01848741151063,10
1683,338.76960454697974,72.986527216637,10
1684,338.9565045518687,72.95361263307781,10
1685,339.22350455248915,73.02837102167143,10
1686,339.3303045498014,72.95260890291277,10
1687,339.43710454711356,72.9933791603333,10
1688,339.552804548494,73.18793567874316,10
1689,339.81980454863117,73.45368261056518,10
1690,339.9177045530845,73.4723389910164,10
1691,340.2025045510392,73.63075804869058,10
1692,340.3004045551235,73.83743420842855,10
1693,340.56740456581014,73.95499878910977,10
1694,340.7543045696942,74.0517691200808,10
1695,341.039104578413,74.07024099686784,10
1696,341.13700458242096,74.13224622094546,10
1697,341.2260045823989,74.34415849431689,10
1698,341.44850459399146,74.45285261975387,10
1699,341.6443045911798,74.33604937040182,10
1700,341.8312045959542,74.19528203390308,10
1701,342.11600459364723,74.41778015074085,10
1702,342.22280459043793,74.52039760493906,10
1703,342.33850459174204,74.7149840206725,10
1704,342.52540459640466,74.9808467090834,10
1705,342.8013046010171,75.16437579220073,10
1706,343.0683046006709,75.40010947609119,10
1707,343.08610459755,75.41547364627839,10
1708,343.35310459817043,75.72070767008657,10
1709,343.45990460643003,75.66758297418177,10
1710,343.54890460499587,75.88192310767631,10
1711,343.7269046042902,75.82922474802054,10
1712,343.8426046061159,75.80271960758814,10
1713,343.9672046119336,75.86973626095377,10
1714,344.25200462109757,76.04909908834789,10
1715,344.35880461844795,75.99585421595822,10
1716,344.4656046152386,76.19146567051098,10
1717,344.7326046152638,76.26066124410292,10
1718,345.02630461773214,76.55389060755054,10
1719,345.2132046219114,76.58085406559776,10
1720,345.23100463055687,76.56596053245936,10
1721,345.6048046404873,76.54126341497313,10
1722,345.6938046404271,76.60428384604762,10
1723,345.9697046337566,76.73807486765952,10
1724,346.23670463422707,77.01096539754552,10
1725,346.5215046320319,77.28010446158521,10
1726,346.7885046326524,77.46233475278328,10
1727,347.0644046377909,77.72221966621474,10
1728,347.16230464228687,77.67798593272508,10
1729,347.26020464674014,77.61674160191025,10
1730,347.37590464856584,77.51729724322294,10
1731,347.56280465341666,77.4909219943647,10
1732,347.5717046575486,77.4981025099504,10
1733,347.66960466204,77.59184128609486,10
1734,347.6963046635444,77.63771910978195,10
1735,347.714104659902,77.68056238062142,10
1736,347.9010046646028,77.9591578589216,10
1737,347.99000466450707,78.0248908263595,10
1738,348.02560465875865,78.02427270432881,10
1739,348.30150466393064,78.3684442515082,10
1740,348.49730467281154,78.45095345392004,10
1741,348.49730467254454,78.45095345389407,10
1742,348.5952046765907,78.67141203608129,10
1743,348.6842046766068,78.88565683049063,10
1744,348.7821046806148,78.82606428240067,10
1745,348.9601046808403,78.86024480494086,10
1746,349.07580468262785,78.9718629009216,10
1747,349.16480468264393,79.18602835431236,10
1748,349.4407046877398,79.28262368619683,10
1749,349.4763046942145,79.35411477595886,10
1750,349.698804705807,79.436641077695,10
1751,349.7077047100153,79.44395592525484,10
1752,349.79670471006955,79.51185959135442,10
1753,349.9035047073818,79.48603380281413,10
1754,350.0103047046559,79.54067786738254,10
1755,350.0192047083426,79.52984180276245,10
1756,350.2150047176307,79.5495619329055,10
1757,350.3218047266355,79.51994779301538,10
1758,350.3752047304064,79.5367137410237,10
1759,350.5710047397325,79.52329241842867,10
1760,350.6778047370111,79.75102873541329,10
1761,350.69560473396393,79.76587482791949,10
1762,350.873604734225,80.04665122421666,10
1763,350.98930474770515,79.98388762196883,10
1764,351.1050047607402,79.94681834669174,10
1765,351.211804769745,80.04898873956226,10
1766,351.4076047790711,80.09847579774832,10
1767,351.59450478340034,80.11638456004647,10
1768,351.71020478474276,80.19214310975886,10
1769,351.7102047843613,80.19214310975887,10
1770,351.88820478462236,80.33594071898447,10
1771,351.9861047885922,80.29591785525336,10
1772,352.27090479823954,80.21129938611894,10
1773,352.29760479974397,80.19480342132705,10
1774,352.38660479972197,80.14870755399647,10
1775,352.5112048060993,80.19788285731597,10
1776,352.52010481023126,80.21901263698604,10
1777,352.6981048105305,80.02339627136553,10
1778,353.0808048132819,80.17601919118482,10
1779,353.3033048244557,80.12201769870758,10
1780,353.41010482176796,80.17178900125883,10
1781,353.76610482270974,80.32154023685878,10
1782,354.1310048281268,80.25733246421686,10
1783,354.3980048287473,80.45300357665786,10
1784,354.66500482940586,80.48466703418033,10
1785,354.93200483002636,80.64323439330688,10
1786,355.29690483548166,80.58834685055301,10
1787,355.5639048361021,80.46617850853019,10
1788,355.8932048432274,80.3096654411195,10
1789,356.1691048483613,80.48940673275834,10
1790,356.29370484297425,80.50243521542946,10
1791,356.3471048441769,80.6306003182529,10
1792,356.61410484427586,80.39665062211085,10
1793,357.0591048453889,80.55376331413179,10
1794,357.2638048475359,80.41526238544277,10
1795,357.29940485355377,80.4168537097374,10
1796,357.58420485135855,80.18811519426757,10
1797,357.8067048508398,80.119820760753,10
1798,357.8957048508559,80.07797919790278,10
1799,358.1271048532227,80.1790121015773,10
1800,358.2428048667791,80.12471714483151,10
1801,358.4386048760672,80.11230835837232,10
1802,358.61660487632827,80.01713533055384,10
1803,358.9103048787964,79.94765562758019,10
1804,359.08830487905755,79.83226836666589,10
1805,359.3642048841915,80.09137297533852,10
1806,359.649004893727,80.16294647249353,10
1807,359.9427048961953,80.18381544735611,10
1808,360.12960490104615,80.26422113363883,10
1809,360.24530491460257,80.34264795933845,10
1810,360.3521049236455,80.3107685117744,10
1811,360.38770492966347,80.34509076082776,10
1812,360.5123049360789,80.41905191967405,10
1813,360.6725049370866,80.47856779298779,10
1814,360.86830493472013,80.4476655588843,10
1815,360.9662049392497,80.44125163032632,10
1816,361.1442049395489,80.42860279099664,10
1817,361.4290049491964,80.42078052405708,10
1818,361.7138049588819,80.68336264622931,10
1819,361.98080495950234,80.76119881537383,10
1820,362.15880495980156,80.65745148102853,10
1821,362.5148049605933,80.74243079853679,10
1822,362.60380496042126,80.64659359260584,10
1823,362.7017049649127,80.71561449828673,10
1824,362.79070496496695,80.70952991990822,10
1825,363.01320496444816,80.7213033806223,10
1826,363.11110496882765,80.6876238174195,10
1827,363.2446049679877,80.70086188529999,10
1828,363.5917049761514,80.84637663017462,10
1829,363.68960498060466,80.94196805693453,10
1830,363.6896049802232,80.94196805693454,10
1831,363.9032049985381,80.90928265794108,10
1832,364.0812049988373,80.95032488677478,10
1833,364.3482050111549,80.94085462418148,10
1834,364.62410501632706,80.82837320280717,10
1835,364.6953050189753,80.84315427313729,10
1836,364.88220502382615,80.93747291256646,10
1837,364.96230502987834,80.93835641869926,10
1838,365.06910503895944,81.16431919040156,10
1839,365.3183050422121,81.2178210919564,10
1840,365.50520504706293,81.50104392967035,10
1841,365.5942050470791,81.57203652715307,10
1842,365.68320504705696,81.57092521443103,10
1843,365.7989050489208,81.47202948866959,10
1844,366.07480505405476,81.33834924336969,10
1845,366.1727050585081,81.40299960974984,10
1846,366.35070505880725,81.29496150509186,10
1847,366.457505067774,81.29518019300302,10
1848,366.7067050705814,81.28022578780596,10
1849,366.893605075394,81.36087846669871,10
1850,367.169505080528,81.43385274464616,10
1851,367.3564050853025,81.40483921671174,10
1852,367.5878050892592,81.41538625430198,10
1853,367.9527051064116,81.51152075466803,10
1854,368.41550510497535,81.8582345319243,10
1855,368.86050510620476,81.5746955279312,10
1856,369.26990511451805,81.57754594963545,10
1857,369.4568051193353,81.70741714152139,10
1858,369.69710511982225,81.72822125418601,10
1859,369.8039051171391,81.71954117875767,10
1860,370.0709051177214,81.79534763717574,10
1861,370.26670511483337,82.05774417904264,10
1862,370.81850511375205,82.09792496712842,10
1863,371.0232051158989,82.16406965508999,10
1864,371.5483051091965,82.04999998084651,10
1865,371.9221051191271,81.9106449616325,10
1866,372.3760051247917,81.77131237436569,10
1867,372.55400512509084,81.86919781403084,10
1868,372.7320051254664,81.95075129546368,10
1869,372.82990512999595,81.8663860522597,10
1870,372.85660514323115,81.8960925927407,10
1871,373.0168051457173,82.03542942804786,10
1872,373.1236051429913,82.02144266120519,10
1873,373.3728051463203,81.85501492322443,10
1874,373.39950514782475,81.89855407405047,10
1875,373.50630515630803,81.90608477624386,10
1876,373.5152051598829,81.92688249427471,10
1877,373.71990516139647,82.08501894038119,10
1878,373.78220516926666,82.14801139256502,10
1879,374.0492051699253,82.19150830952303,10
1880,374.15600516671606,82.16281856626134,10
1881,374.33400516697714,82.18788034396943,10
1882,374.4319051709851,82.1607345652268,10
1883,374.7078051761572,82.23645914342626,10
1884,375.0015051787017,82.0982037368763,10
1885,375.09940517566963,82.1078079599988,10
1886,375.1439051743977,82.11532430700633,10
1887,375.3575051809428,82.01930788564142,10
1888,375.4465051809635,81.91042798320132,10
1889,375.571105187379,81.93219620041569,10
1890,375.7491051871948,82.11430609815993,10
1891,376.10510518817466,82.3244767372178,10
1892,376.2030051927042,82.35246627626326,10
1893,376.3988052020303,82.3389224475857,10
1894,376.39880520153696,82.33892244750206,10
1895,376.40770520566895,82.32802173178585,10
1896,376.58570520548494,82.23147448477893,10
1897,376.75480522110894,82.36591813440822,10
1898,376.95060523043503,82.53944115442023,10
1899,377.1019052364343,82.5034059690251,10
1900,377.26210524063004,82.49750659150199,10
1901,377.2888052411677,82.53686708746035,10
1902,377.5647052463016,82.79492216228367,10
1903,377.7249052476401,82.84257767759475,10
1904,377.7427052441476,82.84442196543151,10
1905,377.9296052489222,83.06082113422852,10
1906,378.1076052491096,83.14874246221164,10
1907,378.19660524912564,83.12599265835378,10
1908,378.3746052494249,82.91261002820633,10
1909,378.48140524669896,82.90097525778914,10
1910,378.757305251871,83.18767316295019,10
1911,378.9798052746994,83.07652926095135,10
1912,379.2557052798335,83.01603944768237,10
1913,379.45150527742874,83.01849051677794,10
1914,379.6473052867549,83.07807859826174,10
1915,380.0033052876966,82.96138027455989,10
1916,380.1813052879958,82.85008417111779,10
1917,380.5462052929296,82.95051361933123,10
1918,380.8132052931048,82.85264160521356,10
1919,381.1692052940465,83.00671736300272,10
1920,381.26710529857604,83.07736245671286,10
1921,381.3650053025841,83.1457765390273,10
1922,381.54300530243813,83.02279190480388,10
1923,381.70320530663383,82.98939043722724,10
1924,381.80110531060825,83.19911339508867,10
1925,381.98800531545913,83.41612651375385,10
1926,382.26390532059304,83.29536320480652,10
1927,382.4597053182266,83.29299212791288,10
1928,382.7000053304108,83.40983796618823,10
1929,382.9670053309977,83.55714605017855,10
1930,383.0471053381976,83.60268326117345,10
1931,383.24290533586924,83.55540227414711,10
1932,383.5188053410031,83.67144408682957,10
1933,383.6256053382818,83.71021108379382,10
1934,383.89260533886414,83.68469024006299,10
1935,383.9727053459877,83.73965344182979,10
1936,384.15070534632514,84.01680825353174,10
1937,384.3287053464743,83.93468274708768,10
1938,384.5957053470948,83.90831764081663,10
1939,384.98730535273626,83.99097190906086,10
1940,385.10300536621645,84.05579866703238,10
1941,385.28990537099554,83.96761596024663,10
1942,385.47680537580817,84.06889421693887,10
1943,385.65480537606925,84.06895703407866,10
1944,385.92180537657794,84.16531009545496,10
1945,386.1265053786868,84.03012354066288,10
1946,386.40240537197803,84.14055906248754,10
1947,386.5092053808329,84.02896670450043,10
1948,386.86520538162466,84.07405523163065,10
1949,386.9809053834504,84.08085567256123,10
1950,387.0877053802792,84.03532673465462,10
1951,387.3458053781004,84.1763414108911,10
1952,387.62170538323437,84.19845463322854,10
1953,387.7196053876877,84.41371813759858,10
1954,387.91540538535935,84.40369800094274,10
1955,388.11120538299286,84.69597872587578,10
1956,388.3782053836515,84.85897749387387,10
1957,388.582905385165,84.97813084707072,10
1958,388.6808053891349,84.87330964655371,10
1959,388.68970539230014,84.8639686167711,10
1960,388.8855054009929,84.82977112202502,10
1961,389.01010540684865,85.0507949444041,10
1962,389.27710540743095,84.97613193360236,10
1963,389.5441054080133,85.11033756867397,10
1964,389.900105408805,85.0365030838531,10
1965,390.09590541798116,85.03992880489166,10
1966,390.29170541509313,84.93079279344461,10
1967,390.4964054167186,84.83346405381067,10
1968,390.5409054272117,84.8623445349281,10
1969,390.9770054238114,84.84039190035287,10
1970,391.1639054285859,84.88103110743647,10
1971,391.3775054234037,84.70636380808332,10
1972,391.55550542306946,84.528911735727,10
1973,391.9293054324047,84.33024519490526,10
1974,392.19630543291333,84.47181206085617,10
1975,392.196305432532,84.47181206085618,10
1976,392.3832054373064,84.45850335008112,10
1977,392.7570054471633,84.41876220357742,10
1978,392.85490545165464,84.3480521362291,10
1979,392.93500545515036,84.34221448145576,10
1980,393.121905459813,84.48897457830599,10
1981,393.22870545660373,84.68682605716656,10
1982,393.2465054652492,84.69545350803575,10
1983,393.42450546539834,84.816977819356,10
1984,393.6381054603662,84.75283867900555,10
1985,393.9140054536956,84.92393195282793,10
1986,394.02970545548317,85.1211389743428,10
1987,394.3145054533261,85.1415384532034,10
1988,394.483605468912,85.08546172332704,10
1989,394.76840547852123,85.26455281906884,10
1990,394.78620547555033,85.26777945293537,10
1991,394.7951054796823,85.26947891030511,10
1992,395.0888054820387,85.32688185545511,10
1993,395.186705486492,85.52733978319698,10
1994,395.364705486753,85.75511306125051,10
1995,395.54270548705233,85.83598900625461,10
1996,395.8186054921481,85.76805536354858,10
1997,396.0411055032838,85.57578770198397,10
1998,396.0589055002366,85.55591558665465,10
1999,396.1568055046899,85.46399688303786,10
2000,396.2458055046297,85.36593423416082,10
2001,396.47720550866256,85.33222462613647,10
2002,396.68190551080954,85.53695458803416,10
2003,396.95780551590536,85.82571190159484,10
2004,397.1358055162045,86.10659835749954,10
2005,397.32270552105535,86.13418346929552,10
2006,397.43840552288106,86.02609345693443,10
2007,397.5452055318478,86.11279218607221,10
2008,397.56300554049324,86.13589956933637,10
2009,397.8389055456272,86.2752732905204,10
2010,398.11480555076116,86.18509194790832,10
2011,398.2928055510603,86.2212956457738,10
2012,398.56870555619423,86.32947156192431,10
2013,398.6844055579818,86.28606293731836,10
2014,398.7734055579598,86.35477285500025,10
2015,398.8802055552339,86.41775155363474,10
2016,399.06710556004657,86.6105980853715,10
2017,399.4320055654636,86.59940475942203,10
2018,399.59220557649786,86.71578253645905,10
2019,399.7791055854751,86.74899153733563,10
2020,399.9660055902878,86.97546337088451,10
2021,400.17070559285344,86.99287706483602,10
2022,400.26860559734496,87.06268855884574,10
2023,400.3042056037433,87.07225714761738,10
2024,400.5000056130313,87.29780617272012,10
2025,400.686905617844,87.40152015268,10
2026,400.8738056226947,87.47481076970283,10
2027,401.04290561833045,87.32999569155342,10
2028,401.04290561794903,87.32999569155344,10
2029,401.1764056153692,87.29159765957519,10
2030,401.37220562469537,87.27085162322886,10
2031,401.4790056214124,87.29985277667366,10
2032,401.74600562188283,87.60087067367837,10
2033,401.9329056261739,87.71839451540757,10
2034,402.03080563062724,87.74480188944918,10
2035,402.2444056250735,87.85965849024524,10
2036,402.36900563137453,87.82620256646858,10
2037,402.9208056409808,87.78565604964115,10
2038,403.18780564107976,87.8520911662967,10
2039,403.3658056413789,87.94096688044596,10
2040,403.46370564583225,88.15659709100343,10
2041,403.8286056508041,88.40358375442611,10
2042,404.02440566009204,88.47340471580803,10
2043,404.4783056658685,88.77652901120095,10
2044,404.75420567096427,88.78950272448068,10
2045,405.0390056683976,88.90151280526527,10
2046,405.4039056732194,89.1019611223605,10
2047,405.5285056795204,89.1144731673788,10
2048,405.7065056792981,89.20331456371424,10
2049,405.89340568411075,89.12906848617132,10
2050,406.07140569495954,89.11368259345993,10
2051,406.1693056989294,89.14174506748932,10
2052,406.53420570442273,89.1788579754588,10
2053,406.53420570411754,89.17885797542034,10
2054,406.62320570394553,89.08526007658837,10
2055,406.6232057036022,89.08526007655848,10
2056,406.8902057037012,89.38224440814086,10
2057,406.9881057075592,89.45127835173894,10
2058,407.23730570966416,89.46180152923765,10
2059,407.4153057100015,89.73797602847907,10
2060,407.522105718523,89.95986661388258,10
2061,407.7891057192197,90.08156774917717,10
2062,407.9849057167033,90.17644464246622,10
2063,408.07390571668117,90.19990434182532,10
2064,408.082805720368,90.22074703705051,10
2065,408.26080572018384,90.35941631650151,10
2066,408.5278057208042,90.48409144299916,10
2067,408.6168057207822,90.50882305098263,10
2068,408.723605718099,90.40618015040816,10
2069,408.91050572291164,90.3777497503507,10
2070,409.09740572772444,90.52505491096863,10
2071,409.2843057325752,90.62099081327193,10
2072,409.33770573588924,90.66492695714683,10
2073,409.426705735829,90.59687269578247,10
2074,409.43560574003726,90.58714932526019,10
2075,409.55130575355565,90.67235273609866,10
2076,409.66700575538135,90.8852376426315,10
2077,409.8450057556805,90.97467161533662,10
2078,410.02300575597985,91.06556410211616,10
2079,410.316705758448,90.89203587531655,10
2080,410.52140576055683,90.86136596896765,10
2081,410.87740576149855,91.09398514943578,10
2082,410.97530576599,90.99043975058699,10
2083,411.24230576661046,91.15167400242355,10
2084,411.52710577621974,91.36803163166344,10
2085,411.65170578244704,91.4430541637046,10
2086,411.91870578302934,91.74607634326246,10
2087,412.13230577807343,91.86847686813194,10
2088,412.2391057753475,91.77961083856086,10
2089,412.3548057771733,91.69688754691066,10
2090,412.56840579552636,91.70040420533354,10
2091,412.99560579949775,91.8727126257121,10
2092,413.28040579745254,92.09002927910409,10
2093,413.6364057983562,92.14053412037063,10
2094,414.06360580225135,92.0404529562026,10
2095,414.2505058070641,92.01124578262005,10
2096,414.3395058070802,91.90730839715883,10
2097,414.6421058124003,92.0100711623302,10
2098,414.9981058133802,92.12205185730517,10
2099,415.2740058185142,92.25351845358455,10
2100,415.2918058149836,92.29554080779616,10
2101,415.54990581276934,92.39859047555618,10
2102,415.73680581709857,92.22598913867782,10
2103,415.9237058213897,92.11990797549164,10
2104,416.20850581882297,92.03542357001533,10
2105,416.24410582431926,92.0128737729153,10
2106,416.24410582393784,92.01287377291531,10
2107,416.4933058267071,92.27402794177046,10
2108,416.60010582342403,92.4896156701275,10
2109,416.7781058237233,92.5867398570706,10
2110,417.04510582382227,92.76241150739322,10
2111,417.4100058282726,92.88523087791603,10
2112,417.50790583175893,92.96207609289235,10
2113,417.61470582851416,93.0607745886612,10
2114,417.7927058288134,93.2992112396062,10
2115,418.14870582930996,93.58552267652935,10
2116,418.15760583351823,93.60661568039298,10
2117,418.2733058343771,93.7059149996644,10
2118,418.3712058389448,93.64709859105052,10
2119,418.3890058353023,93.6350512420871,10
2120,418.5848058441832,93.91220278341517,10
2121,418.78060585347123,94.13946553717297,10
2122,418.88740585030007,94.33846398671315,10
2123,418.923005856318,94.36564377557734,10
2124,419.0387058697981,94.36948671874737,10
2125,419.4036058747318,94.61937988354047,10
2126,419.59050587954454,94.77161799600478,10
2127,419.7952058811699,94.68071890646924,10
2128,419.9020058902129,94.69597356323514,10
2129,419.928705892136,94.67774659800922,10
2130,420.12450590094056,94.94858638482681,10
2131,420.2224059049486,95.15094253096655,10
2132,420.41820591412477,95.33445029780404,10
2133,420.52500591143706,95.40989247817683,10
2134,420.7030059116981,95.56179176210358,10
2135,420.74750592174604,95.55183768212464,10
2136,420.9344059265205,95.83820551779662,10
2137,421.1124059268197,95.8325851726708,10
2138,421.37940592695685,96.0575731101085,10
2139,421.57520593628294,96.33877121112046,10
2140,421.68200594524967,96.33714687968411,10
2141,421.8867059469132,96.22276390777476,10
2142,422.10920595007576,96.30210310459482,10
2143,422.2783059495426,96.29129326754442,10
2144,422.4741059466927,96.34858823793262,10
2145,422.6521059469539,96.42119965401588,10
2146,422.9102059547199,96.45605552136885,10
2147,423.0170059515487,96.53379394500608,10
2148,423.13270595337445,96.75815240845816,10
2149,423.2306059578658,96.77962702211728,10
2150,423.3285059623954,96.9993974835094,10
2151,423.3463059593864,97.01399361609873,10
2152,423.4353059611167,97.09618741623758,10
2153,423.5332059652011,96.99475679004162,10
2154,423.6133059604417,96.9426614517228,10
2155,423.7468059596017,96.89148732174826,10
2156,423.853605956914,96.83977402564096,10
2157,424.0316059572515,96.91283475688189,10
2158,424.21850596146885,96.77185180553951,10
2159,424.3253059704736,96.7933474745844,10
2160,424.5033059702895,96.72090624892759,10
2161,424.59230596982223,96.62839296708096,10
2162,424.77920597448485,96.74490547410825,10
2163,424.966105978776,96.70809697358101,10
2164,425.10850598030004,96.69499836385386,10
2165,425.3132059819635,96.82603697838692,10
2166,425.5090059912515,96.74195973271313,10
2167,425.517905995348,96.73928911983494,10
2168,425.6425060016871,96.64359518381072,10
2169,425.8294060060546,96.64764717042884,10
2170,425.91840600603246,96.67094761602468,10
2171,426.11420601535866,96.79275421017098,10
2172,426.2210060244398,96.86431669772283,10
2173,426.4079060174098,96.72733395158762,10
2174,426.585906017709,96.77370896607349,10
2175,426.67490601776336,96.68366763746636,10
2176,426.8796060315647,96.73824973675966,10
2177,427.0843060340185,96.78916480576898,10
2178,427.16440604069686,96.75109507236917,10
2179,427.2623060451882,96.79583890398011,10
2180,427.29790605116796,96.79914304187609,10
2181,427.50260605335313,96.75562509819872,10
2182,427.55600605508187,96.88179664734555,10
2183,427.55600605477673,96.88179664725534,10
2184,427.75180606417916,97.12905593837823,10
2185,427.8586060736073,97.15265220536338,10
2186,427.9565060781033,97.16863151082761,10
2187,428.07220607944555,97.38702255706117,10
2188,428.17010608394156,97.42191502005223,10
2189,428.29470609035707,97.48563459307259,10
2190,428.3036060941201,97.48842559581198,10
2191,428.49050609897085,97.42181385487099,10
2192,428.59730609579975,97.46196001613168,10
2193,428.70410609311205,97.54181298541019,10
2194,428.79310609312813,97.61726947708408,10
2195,428.98890610200897,97.9026215422489,10
2196,429.0423061047659,97.89651378656777,10
2197,429.1847060962633,98.05822216258535,10
2198,429.3627060966007,98.34442470780901,10
2199,429.36270609621926,98.34442470780904,10
2200,429.4606061007107,98.36957924208613,10
2201,429.72760610121924,98.51355613106666,10
2202,429.90560610159474,98.45271529695657,10
2203,430.0035061060481,98.47709948866715,10
2204,430.2705061028597,98.691680634969,10
2205,430.3061061083205,98.70676124178516,10
2206,430.35060613050626,98.71623671874828,10
2207,430.3595061342312,98.72097121930548,10
2208,430.35950613340447,98.72097121974787,10
2209,430.377306129762,98.70429672587531,10
2210,430.47520613373456,98.90434177623911,10
2211,430.58200613100854,98.81782012018908,10
2212,430.7689061353379,99.06233186926565,10
2213,430.7778061390627,99.06998417128142,10
2214,431.05370614404666,99.25529650217324,10
2215,431.15160614805484,99.45433414520066,10
2216,431.3563061619325,99.68659727271947,10
2217,431.35630616166543,99.68659727263471,10
2218,431.3652061656856,99.69122124184264,10
2219,431.3919061665947,99.72296875545702,10
2220,431.48090616657265,99.93336000018246,10
2221,431.74790616659783,100.09925149207714,10
2222,432.0950061627688,100.07131901892726,10
2223,432.2819061679311,100.16766802155728,10
2224,432.3709061669041,100.06212314616745,10
2225,432.54890616672003,100.1696185768411,10
2226,432.72690616680904,100.2920937343893,10
2227,432.8337061640831,100.37372161106086,10
2228,432.9316061680912,100.26060017470468,10
2229,432.9583061700143,100.24284769281628,10
2230,433.06510617853576,100.4544140315902,10
2231,433.1007061850104,100.44434329204755,10
2232,433.21640618679794,100.49996025864088,10
2233,433.50120619544043,100.57514532087512,10
2234,433.62580621374553,100.57989687316174,10
2235,433.8216062108575,100.68688672057743,10
2236,433.92840620804725,100.66006554503683,10
2237,434.0441062094277,100.58978997584781,10
2238,434.07080621078205,100.59119296292965,10
2239,434.0797062145069,100.58120285122544,10
2240,434.18650622299026,100.80574799893213,10
2241,434.28440622748167,100.88322950476446,10
2242,434.3912062359651,100.82919217862572,10
2243,434.5692062357809,101.11904086897098,10
2244,434.66710624027235,101.01947054519363,10
2245,434.9430062454062,101.19841542747943,10
2246,435.0320062448626,101.41313118941737,10
2247,435.04090624806594,101.43462072822325,10
2248,435.3079062486865,101.66716562097103,10
2249,435.42360625047405,101.87764314776817,10
2250,435.5215062539986,102.09582734270758,10
2251,435.7262062561075,102.34853790265467,10
2252,436.01100625406224,102.49624394831233,10
2253,436.1267062552546,102.40745311818976,10
2254,436.32250625236645,102.36634047999425,10
2255,436.5984062574624,102.41808490621865,10
2256,436.77640625776155,102.534183565808,10
2257,436.9633062625743,102.65272176294538,10
2258,437.1502062669036,102.94893285205909,10
2259,437.50620626769535,103.19739203396034,10
2260,437.6041062721867,103.26762230770169,10
2261,437.60410627184336,103.2676223076872,10
2262,437.79100627669413,103.56330521567973,10
2263,437.9868062738443,103.51044765228814,10
2264,438.2627062666904,103.52230177469691,10
2265,438.28050627492877,103.53520819312375,10
2266,438.3873062838955,103.57357107970628,10
2267,438.47630628339004,103.6189205335088,10
2268,438.663206287236,103.73893326415795,10
2269,438.8501062916415,103.69326836215002,10
2270,438.96580629354355,103.90810011362191,10
2271,439.0103062927627,103.95680230790832,10
2272,439.0281063014845,103.96963955131004,10
2273,439.1972062971965,103.79201195562608,10
2274,439.295106301538,103.69791948331121,10
2275,439.38410630151594,103.91400064070172,10
2276,439.50870631962397,103.93762478364478,10
2277,439.5977063196019,104.01492294648382,10
2278,439.7757063194178,104.17027656040992,10
2279,439.7935063281014,104.16389922775903,10
2280,439.8113063251305,104.17938393574764,10
2281,439.9893063254297,104.44209073412911,10
2282,440.0783063255602,104.65850233134695,10
2283,440.1673063251692,104.73573904201858,10
2284,440.1762063293821,104.75737285346052,10
2285,440.1851063335904,104.77900975790185,10
2286,440.18510633336155,104.77900975785126,10
2287,440.1940063369746,104.80064975312241,10
2288,440.220706338479,104.7908745006623,10
2289,440.23850633543896,104.78958277114852,10
2290,440.2563063324299,104.7775616607852,10
2291,440.36310634143484,104.79213766682282,10
2292,440.45210634156535,105.0085654110027,10
2293,440.5589063506465,105.07075321322782,10
2294,440.6479063504389,105.02894682493638,10
2295,440.8348063552897,104.91533499612983,10
2296,440.93270635925956,104.90278674627103,10
2297,440.93270635843294,104.90278674581194,10
2298,441.1463063651314,104.79829874346724,10
2299,441.24420636966096,104.76040577815156,10
2300,441.4311063627455,104.6863286365746,10
2301,441.53790637160034,104.73100299014615,10
2302,441.63580637612984,104.74016538324408,10
2303,441.7426063851347,104.76980124788878,10
2304,441.83160638518905,104.79164848544895,10
2305,442.0185063900017,104.76943204498441,10
2306,442.1253063990447,104.84005441884986,10
2307,442.23210640760436,104.80589378653791,10
2308,442.34780640939186,104.86362228729439,10
2309,442.5258064096529,105.02259781404356,10
2310,442.6237064141824,105.09497995547261,10
2311,442.65040641527975,105.1429557715879,10
2312,442.8640064219402,105.41436416549331,10
2313,443.1310064226371,105.72661583903837,10
2314,443.31790642704266,105.97042665859313,10
2315,443.60270642499745,106.10345642277812,10
2316,443.7896064293267,106.08555588742998,10
2317,443.7896064286144,106.08555588723293,10
2318,443.798506432899,106.1071160469233,10
2319,443.8964064368689,106.14530517220622,10
2320,443.99430644136027,106.04978353069373,10
2321,444.3503064417805,106.15837892287597,10
2322,444.5372064461479,106.1323662117151,10
2323,444.5550064548696,106.1392173238278,10
2324,444.67070645673357,106.11650338407085,10
2325,445.0000064663817,106.11107866504247,10
2326,445.42720647020303,106.31797426500279,10
2327,445.6853064779692,106.40237120277496,10
2328,445.78320648242254,106.34513124358745,10
2329,445.80990648381504,106.33301161535245,10
2330,446.0947065051979,106.3723578468099,10
2331,446.290506514524,106.46213447969397,10
2332,446.52190651929925,106.63910722783905,10
2333,446.72660652140814,106.69547595802477,10
2334,446.82450652589944,106.70454967838312,10
2335,447.1004065310334,106.7701181065912,10
2336,447.2962065403596,106.77253000582563,10
2337,447.4920065496475,106.71169850708543,10
2338,447.6077065632039,106.73231582737806,10
2339,447.96370656418395,106.70615641234382,10
2340,448.1417065644831,106.94338528143344,10
2341,448.319706564787,106.92203532991194,10
2342,448.4176065693165,106.87356770895744,10
2343,448.62230657146347,106.73782398837922,10
2344,448.8003065717245,106.80406460683616,10
2345,448.8448065701493,106.82798182834011,10
2346,448.8982065735396,106.89042027123021,10
2347,449.08510657835666,107.07467854615726,10
2348,449.11180657986125,107.0920398151723,10
2349,449.20080657983925,107.30806921946379,10
2350,449.29870658433055,107.27754012074963,10
2351,449.3966065883386,107.24773187737476,10
2352,449.53900657983166,107.48415683829352,10
2353,449.7170065796901,107.6595051735237,10
2354,449.8060065767016,107.68131374138126,10
2355,450.06410658446765,107.82174113676135,10
2356,450.1709065934726,108.04567944128858,10
2357,450.3667066022772,107.90202029795581,10
2358,450.5625066115652,108.13511351484216,10
2359,450.61590660314295,108.15777986469041,10
2360,450.83840660250445,108.03233386184648,10
2361,450.9363066065124,108.2403792279935,10
2362,451.0342066110419,108.26365397916025,10
2363,451.2211066154094,108.14010422826738,10
2364,451.345706633403,108.10136234760876,10
2365,451.63940664752573,108.32872922931865,10
2366,451.675006651844,108.31307065950767,10
2367,451.7551066590057,108.28961310652979,10
2368,451.8530066634971,108.5124199995981,10
2369,451.8619066675172,108.5342473449609,10
2370,451.87970667616275,108.5467475639806,10
2371,451.9687066755835,108.49956420752473,10
2372,452.0844066768876,108.45285656381455,10
2373,452.26240667622017,108.62555550877639,10
2374,452.5294066763191,108.81746596285842,10
2375,452.7252066733573,108.99569668359402,10
2376,452.8320066702243,109.218389947903,10
2377,452.8409066743945,109.20903751913978,10
2378,452.96550666863385,109.41293868935671,10
2379,453.2681066754656,109.66036561922306,10
2380,453.26810667460074,109.66036561913107,10
2381,453.4283066774584,109.79958570298324,10
2382,453.4372066815904,109.79523113179555,10
2383,453.51730668826866,109.73704610623435,10
2384,453.6953066885725,109.73893885091174,10
2385,454.0335067038436,109.6819432483094,10
2386,454.12250670378336,109.6398080419439,10
2387,454.2115067037659,109.85985620699682,10
2388,454.3806067111371,110.03949665500241,10
2389,454.6476067111242,110.07214020815543,10
2390,454.74550671517034,110.13674343054927,10
2391,454.74550671482694,110.13674343050639,10
2392,454.8434067192064,110.35838425780324,10
2393,454.9324067191107,110.57874553009798,10
2394,455.0392067281202,110.59203329484116,10
2395,455.2172067284575,110.62508662761621,10
2396,455.30620672836176,110.69982204208951,10
2397,455.4753067282048,110.6706898246666,10
2398,455.4842067314509,110.66679898256015,10
2399,455.4842067301408,110.66679898234675,10
2400,455.5910067264863,110.90188224258881,10
2401,455.7512067295321,110.83111707043606,10
2402,455.8402067290649,111.05147547105574,10
2403,456.08940673243194,111.05645558713822,10
2404,456.18730673696143,111.0192724740168,10
2405,456.27630673642034,111.23966165535171,10
2406,456.36530673632467,111.46032572075524,10
2407,456.40090673042613,111.51040310890885,10
2408,456.56110673287424,111.44211088443689,10
2409,456.66790674143374,111.41382644516592,10
2410,456.7302067471143,111.45481206561671,10
2411,456.7480067558743,111.45852497458314,10
2412,456.7480067550476,111.45852497451534,10
2413,456.92600675493975,111.5498478794724,10
2414,456.9438067519689,111.5649464428664,10
2415,457.041706756015,111.53567721010377,10
2416,457.13070675599295,111.55242033714333,10
2417,457.22860676041057,111.56621180221654,10
2418,457.41550676514953,111.75763267766125,10
2419,457.53120676653015,111.720420594123,10
2420,457.5490067629995,111.72886685024014,10
2421,457.65580676031175,111.7024656401546,10
2422,457.80710675636084,111.59616309226004,10
2423,457.83380675742,111.59620528310671,10
2424,457.9228067573243,111.5619959900617,10
2425,458.02070676189186,111.51897890559307,10
2426,458.0385067705755,111.53149654726367,10
2427,458.12750677055357,111.54925021198808,10
2428,458.12750677009825,111.54925021193009,10
2429,458.4835067710783,111.76742895269408,10
2430,458.77720677354637,111.63187841256213,10
2431,458.9908067685524,111.6243094780055,10
2432,459.1777067733651,111.74538451864811,10
2433,459.28450678236993,111.9526330423322,10
2434,459.373506782236,111.91968867666274,10
2435,459.5604067871251,112.16674702004069,10
2436,459.56930679129516,112.1708180803934,10
2437,459.65830679131125,112.0753523572069,10
2438,459.83630679168675,112.31583138542481,10
2439,459.9520068052431,112.5259536971731,10
2440,460.04100680469963,112.56657856541781,10
2441,460.2279068095506,112.56573766695989,10
2442,460.24570681775066,112.55782179188441,10
2443,460.3347068177286,112.63045428303262,10
2444,460.5127068181042,112.81942940237039,10
2445,460.5127068173538,112.81942940216487,10
2446,460.539406830627,112.81413352580718,10
2447,460.63730683508504,112.71269160853493,10
2448,460.81530683546043,112.83908635377348,10
2449,460.904306834955,112.74473292264857,10
2450,461.1802068395674,112.83235306443457,10
2451,461.45610684466317,112.66955261616074,10
2452,461.56290685363,112.5843288569942,10
2453,461.66970685079224,112.53982058001684,10
2454,461.7587068507702,112.5001795993796,10
2455,462.02570685127887,112.26591255474477,10
2456,462.13250684859105,112.16458961278876,10
2457,462.57750684974224,112.12239833211697,10
2458,462.9246068455371,112.11866148440106,10
2459,463.09370684068944,111.99314209623444,10
2460,463.38740685481207,112.13381060672843,10
2461,463.6544068553946,112.33022642016194,10
2462,463.83240685461516,112.22464674304139,10
2463,464.14390685389606,112.08747964042625,10
2464,464.2507068629009,112.00089044126425,10
2465,464.5444068648476,112.08659825112058,10
2466,464.9004068656394,112.09230655621171,10
2467,465.0072068624302,111.9916784334938,10
2468,465.10510686680965,112.21862558035119,10
2469,465.1229068744884,112.20556650934228,10
2470,465.2208068784963,112.17899936742589,10
2471,465.32760687484176,112.19345316251017,10
2472,465.43440687155874,112.20855298015888,10
2473,465.7192068694018,112.07755701806506,10
2474,465.8082068693416,112.30291488421531,10
2475,465.89720686920754,112.29895717097473,10
2476,465.99510687354905,112.20318199866985,10
2477,466.1820068783998,112.33185454961645,10
2478,466.3778068877641,112.23245437011829,10
2479,466.49350688910647,112.13626764561725,10
2480,466.6804068934357,111.96927413733493,10
2481,466.9563068867271,111.91040747486149,10
2482,467.0542068911803,111.98015696330923,10
2483,467.2322068914058,111.89558795098122,10
2484,467.24110689561405,111.89702457044903,10
2485,467.3390069001055,111.79770816224148,10
2486,467.436906904597,111.77530474221889,10
2487,467.4458069072788,111.79792702624496,10
2488,467.46360690334114,111.84317908426767,10
2489,467.5704069123079,111.85629619627801,10
2490,467.74840691208544,112.05399175088421,10
2491,467.83740691161813,112.28050998781855,10
2492,467.9353069160023,112.30107516400389,10
2493,468.12220692021964,112.43347295147585,10
2494,468.30020691996185,112.63231210313668,10
2495,468.30020691913967,112.63231210277213,10
2496,468.39810691178855,112.86623699093269,10
2497,468.49600691579656,113.08963839976643,10
2498,468.69180692415586,113.206468443962,10
2499,468.86980692453125,113.33844728265541,10
2500,468.9766069335363,113.56539806686223,10
2501,469.09230693525006,113.77537010202569,10
2502,469.09230693487314,113.77537010202056,10
2503,469.1012069389696,113.77132241954601,10
2504,469.3593069343695,113.87986760015214,10
2505,469.6352069271775,114.13125637853658,10
2506,469.742006924416,114.34868948239097,10
2507,469.83100692428195,114.31548865565962,10
2508,469.9200069238148,114.54495701314698,10
2509,470.01790692830616,114.44643043775744,10
2510,470.0179069275176,114.4464304376544,10
2511,470.1514069378867,114.65320693791101,10
2512,470.28490694821784,114.59559917717569,10
2513,470.39170695726096,114.81790507145742,10
2514,470.569706957522,114.75774754321138,10
2515,470.74770695782126,115.00002560545494,10
2516,470.91680695301164,115.00913821798775,10
2517,471.01470695739124,114.9663391973782,10
2518,471.2906069503136,114.7961117442245,10
2519,471.37960695032973,114.70385154003894,10
2520,471.47750695478305,114.61336041760683,10
2521,471.7356069508163,114.7302432768419,10
2522,471.74450695498643,114.72106094046282,10
2523,471.9403069642008,114.91742619406179,10
2524,472.0204069591081,114.94715433358489,10
2525,472.14500696534003,114.9241269336456,10
2526,472.32300696548907,114.93155513716357,10
2527,472.58110696156064,115.10262675655318,10
2528,472.67010696142677,115.01264031264257,10
2529,472.6701069600047,115.01264031227721,10
2530,472.69680696150937,115.06231863408266,10
2531,472.77690695641667,115.04110333578778,10
2532,472.8659069563565,115.27247904360534,10
2533,473.0795069502075,115.16692042563284,10
2534,473.16850694970196,115.20130450827229,10
2535,473.2575069496062,115.43278607484416,10
2536,473.3465069494723,115.66448919862745,10
2537,473.5423069587603,115.78744742483094,10
2538,473.72030695890965,115.88406261262847,10
2539,473.83600696073535,116.09689209420816,10
2540,474.1208069580566,116.0144879946429,10
2541,474.29880695772255,116.2218842775351,10
2542,474.3878069575886,116.45415616672865,10
2543,474.71710695413014,116.58143666455891,10
2544,474.83280695591765,116.79509324909755,10
2545,474.93960695230123,117.00972150804918,10
2546,475.20660695236467,117.01162448398597,10
2547,475.3134069495651,117.00276374587486,10
2548,475.34010695099585,116.99578486860213,10
2549,475.52700695580853,117.22988342471953,10
2550,475.7050069561077,117.1515533425633,10
2551,475.9008069655483,117.09855359764396,10
2552,476.00760697406974,117.1291727274118,10
2553,476.00760697361466,117.12917272753143,10
2554,476.10550697717724,117.35320729881121,10
2555,476.28350697743844,117.6205662081795,10
2556,476.390306985998,117.67993189028137,10
2557,476.4882069895228,117.67991505757121,10
2558,476.6929069911481,117.76250236875475,10
2559,476.87980699592725,117.9566289610696,10
2560,476.97770699989707,118.19546437027084,10
2561,477.1735069970183,118.48941275122998,10
2562,477.43160700433907,118.50508392227644,10
2563,477.62740700100574,118.59787490270121,10
2564,477.7164070009838,118.83058338391129,10
2565,477.8944070006877,118.87773821242918,10
2566,478.0012069969213,118.89046857960474,10
2567,478.09020700859645,118.85870673115858,10
2568,478.4284070122085,118.84909061568561,10
2569,478.5441070139962,118.87949466491305,10
2570,478.63310701345256,119.1116307798605,10
2571,478.7399070107266,119.06959494833646,10
2572,479.0069070230443,119.02070445992422,10
2573,479.1226070252932,119.06337662648069,10
2574,479.23830701531443,119.12322790998333,10
2575,479.3985070283954,119.19208266860053,10
2576,479.50530703736206,119.19491660374203,10
2577,479.692207041208,119.00911173427231,10
2578,479.71000704896295,118.99999442303323,10
2579,479.9058070465583,118.89523579204553,10
2580,479.97700704872324,118.86067040167481,10
2581,480.0660070481059,118.87470121651138,10
2582,480.08380704450167,118.87659506534342,10
2583,480.27960704210153,119.10583582199027,10
2584,480.3686070410746,119.33830602765156,10
2585,480.4576070400858,119.35343104112053,10
2586,480.60890703746315,119.22890971090683,10
2587,480.79580704131365,119.25794094830049,10
2588,480.92040702341035,119.2544974395737,10
2589,481.0272070318938,119.28387846634594,10
2590,481.205207032193,119.20072565836477,10
2591,481.2942070316494,119.21812714986206,10
2592,481.49890703286775,119.07812448432843,10
2593,481.5879070313955,118.9791468918206,10
2594,481.7748070356867,118.91214908075526,10
2595,482.13970704114655,119.04550778916942,10
2596,482.26430703527603,119.09135074344076,10
2597,482.29990704032707,119.10970221300823,10
2598,482.64700704830267,119.3748638216605,10
2599,482.8250070592941,119.39038229090812,10
2600,483.1009070634277,119.61292174858775,10
2601,483.27890706373154,119.42623620565327,10
2602,483.59040706349595,119.3894475448966,10
2603,483.6794070625071,119.41007933635753,10
2604,483.86630706728164,119.65431506507167,10
2605,483.8841070637512,119.70088363639971,10
2606,483.9197070693238,119.73506532886215,10
2607,484.04430706341316,119.79428826351989,10
2608,484.16000705239384,119.85357702929666,10
2609,484.168907056414,119.84472407960286,10
2610,484.1778070606223,119.84057000663105,10
2611,484.3914070663159,120.06884257624061,10
2612,484.42700706011976,120.07474165833516,10
2613,484.52490706416586,120.13029119111286,10
2614,484.7207070734539,120.38442538185426,10
2615,484.7474070620751,120.38148018213329,10
2616,484.8364070615697,120.61432292954426,10
2617,484.8631070625908,120.63884716717989,10
2618,484.8631070611306,120.63884716792724,10
2619,484.9610070651387,120.65312017298756,10
2620,485.058907056897,120.87723026025142,10
2621,485.20130704887777,121.07476056995691,10
2622,485.2369070427197,121.10225229367427,10
2623,485.3615070361895,121.12292511700083,10
2624,485.4683070324969,121.03393010127196,10
2625,485.55730703251766,120.93891107874012,10
2626,485.66410702971797,120.95175050262374,10
2627,485.75310702962224,120.97565887336636,10
2628,485.9400070343967,121.21821194001345,10
2629,486.1180070347342,121.47605034109142,10
2630,486.2159070387803,121.52434736756594,10
2631,486.2515070550406,121.54213886327265,10
2632,486.3583070635621,121.56411247367234,10
2633,486.5541070607113,121.60384141005187,10
2634,486.8122070609876,121.58304150565351,10
2635,486.81220706019906,121.58304150530799,10
2636,486.8122070594105,121.58304150493912,10
2637,486.8745070655764,121.61389248037068,10
2638,487.0436070772622,121.87609288943473,10
2639,487.22160707712055,122.11727874842389,10
2640,487.4085070814118,122.04696083374897,10
2641,487.5865070816374,122.08214666382244,10
2642,487.77340708645,122.28816198574216,10
2643,487.8802070954168,122.29154166332681,10
2644,487.9959071088971,122.25117986359227,10
2645,488.01370711657563,122.23875052024994,10
2646,488.0315071252592,122.25769353235589,10
2647,488.1383071332592,122.27804865703601,10
2648,488.25400714673935,122.24836169828394,10
2649,488.43200714651704,122.38442605079955,10
2650,488.5210071460498,122.41164234234458,10
2651,488.71680714316165,122.67893780113911,10
2652,488.8236071399906,122.65886588941025,10
2653,489.1084071491547,122.88292447958156,10
2654,489.2953071539672,123.09590000852077,10
2655,489.38430715342366,123.12376677637023,10
2656,489.6602071584078,123.3614770594212,10
2657,489.7670071559886,123.3526243742048,10
2658,489.86490715995853,123.35274887781246,10
2659,489.9628071629615,123.38252890757869,10
2660,489.9806071589857,123.3845504384027,10
2661,490.16750716379846,123.390421172769,10
2662,490.2565071637764,123.3665241951151,10
2663,490.35440716782267,123.39741069525498,10
2664,490.4612071650229,123.62148766684169,10
2665,490.76380716027387,123.6760600747007,10
2666,490.7638071598925,123.67606007470071,10
2667,490.78160715643827,123.67816220116086,10
2668,490.8706071554875,123.91086166991094,10
2669,490.97740716449243,123.87922185807275,10
2670,491.07530716850044,123.91469603959231,10
2671,491.28000718181846,123.95260334484034,10
2672,491.4669071861097,123.94444793311924,10
2673,491.59150719241063,123.96554846827419,10
2674,491.7962072062884,124.17538221486667,10
2675,491.8852072058592,124.1545924063632,10
2676,491.98310719810087,124.12984743432723,10
2677,492.1700071906257,124.33294126809771,10
2678,492.2679071950053,124.23833042537056,10
2679,492.4459071953046,124.1787959330735,10
2680,492.53490719513246,124.2105011406792,10
2681,492.7129071953198,124.42379422200158,10
2682,492.85530719728905,124.5954740084158,10
2683,492.9443071968218,124.62816074927171,10
2684,493.05110720519315,124.64266079273793,10
2685,493.06000720940153,124.63361910728574,10
2686,493.1668072182565,124.86699648619503,10
2687,493.25580721775094,124.90077484349973,10
2688,493.5762072134506,124.77688556571655,10
2689,493.67410721786825,125.01222619388037,10
2690,493.8521072176103,124.96429436604276,10
2691,494.10130721675176,125.04537129602402,10
2692,494.2526072226772,125.12914973335366,10
2693,494.34160722217183,125.16481214748173,10
2694,494.35050722638016,125.16757589568833,10
2695,494.41280723257967,125.31078498754025,10
2696,494.5107072370712,125.33734652274303,10
2697,494.61750723445977,125.56606146044754,10
2698,494.87560723321246,125.68319942507556,10
2699,495.0625072380252,125.83150470204548,10
2700,495.2316072332537,125.7889294646999,10
2701,495.3295072372619,125.82143941286142,10
2702,495.4986072324906,125.97598787928791,10
2703,495.7122072322193,126.20785792102733,10
2704,495.8991072365867,126.34777104034364,10
2705,495.97920724215555,126.53932661733819,10
2706,495.997007250394,126.55301518302778,10
2707,496.00590725355914,126.55743433656258,10
2708,496.02370725006676,126.56266103714444,10
2709,496.04150724661247,126.60946084284323,10
2710,496.2195072465046,126.88124634246782,10
2711,496.22840725011764,126.88200900895139,10
2712,496.24620725772263,126.90801528240449,10
2713,496.3619072585434,126.8964377634883,10
2714,496.4687072670266,126.93026958380867,10
2715,496.5043072607567,126.92653222429026,10
2716,496.593307260811,126.9652736154206,10
2717,496.62890726638364,126.96621911835638,10
2718,496.76240726506023,127.00824518562587,10
2719,496.9404072653595,127.25088060656859,10
2720,497.13620726250963,127.50639470335612,10
2721,497.2252072620423,127.51569201652298,10
2722,497.26080726791025,127.51197178882732,10
2723,497.2697072720804,127.51589389658383,10
2724,497.35870727205827,127.55544986401046,10
2725,497.5634072742434,127.76108641169964,10
2726,497.661307278773,127.99589227572204,10
2727,497.67910728741845,128.00410481697386,10
2728,497.78590728424734,127.95404030512726,10
2729,497.88380728766,128.01721154140589,10
2730,497.8927072903419,128.00746421385287,10
2731,497.9995072989015,128.23585736817375,10
2732,498.01730729540907,128.21639728836115,10
2733,498.061807294286,128.24658106122072,10
2734,498.08850729482367,128.2388085297239,10
2735,498.18640729831014,128.27688567303352,10
2736,498.2042072950773,128.27876969770654,10
2737,498.3021072996451,128.5031154924082,10
2738,498.41780730150896,128.59476521575044,10
2739,498.5958073013629,128.73284540946725,10
2740,498.77380730166215,128.679343753813,10
2741,498.9518073018877,128.5415895196268,10
2742,499.04970730641725,128.57758717643807,10
2743,499.17430730087017,128.6259789165011,10
2744,499.183207293124,128.61620588721198,10
2745,499.2099072945547,128.66718686418375,10
2746,499.3790072900786,128.71753843586305,10
2747,499.4680072899829,128.62003239104746,10
2748,499.49470730318,128.61865049512605,10
2749,499.6015073003803,128.83872633003634,10
2750,499.66380729650973,128.94158597659919,10
2751,499.6816073051551,128.93441473768897,10
2752,499.7973073069808,129.14527506120461,10
2753,499.9842073117937,129.35892069395535,10
2754,500.082107316285,129.58420147130832,10
2755,500.1889073252899,129.48370485405508,10
2756,500.37580733014084,129.39100266709355,10
2757,500.3847073337894,129.38135203541134,10
2758,500.58940734755515,129.32247799357032,10
2759,500.6962073560385,129.30046423251312,10
2760,500.71400735295595,129.2812556260117,10
2761,500.7585073634491,129.26566669424898,10
2762,500.9365073637483,129.21077816458603,10
2763,501.0255073637263,129.44603538434143,10
2764,501.1234073558916,129.48817554570564,10
2765,501.12340735562464,129.48817554564747,10
2766,501.2302073646294,129.5572171833197,10
2767,501.3548073709686,129.59867637979022,10
2768,501.5328073707845,129.73914782702295,10
2769,501.7998073714431,129.72910078362173,10
2770,501.97780737170416,130.00632000611498,10
2771,502.244807372401,130.16976780605933,10
2772,502.24480737205766,130.1697678060213,10
2773,502.24480737171444,130.16976780601192,10
2774,502.271507373257,130.1471119083456,10
2775,502.2893073814571,130.16845105521983,10
2776,502.39610739035015,130.19918710530686,10
2777,502.67200739548423,130.50988252611154,10
2778,502.76990740001366,130.42210110662757,10
2779,502.88560741353206,130.6533972034062,10
2780,502.9746074134746,130.69637400778998,10
2781,503.0102074312231,130.70954912071383,10
2782,503.21490744502444,130.8188437022252,10
2783,503.32170745406756,130.86002156345924,10
2784,503.41960745859706,130.87653285679653,10
2785,503.50860745857517,130.92104981233538,10
2786,503.62430746043884,130.94963628913348,10
2787,503.7311074577131,130.9083387063484,10
2788,503.73110745736983,130.90833870631047,10
2789,503.8201074574241,131.14273848799147,10
2790,503.8468074706593,131.16567064833586,10
2791,503.98920747437086,131.2347780292012,10
2792,504.113807480598,131.48002273742233,10
2793,504.38080748121865,131.5457334955072,10
2794,504.55880748155585,131.56958977135568,10
2795,504.6478074816102,131.61515621922908,10
2796,504.75460747888445,131.85770041471523,10
2797,504.96820748596355,131.94523413428223,10
2798,505.25300748399457,132.23981952944922,10
2799,505.43100748437007,132.45355190135157,10
2800,505.6179074892255,132.4402250121477,10
2801,505.7603074927871,132.4411792755472,10
2802,505.8493074928032,132.39231402979533,10
2803,505.9561074901154,132.3399885500824,10
2804,506.0451075017907,132.3391239980743,10
2805,506.22310750209436,132.58659426450336,10
2806,506.37440751110006,132.6381665557801,10
2807,506.47230751495806,132.67811809365426,10
2808,506.6414075224029,132.59640322768098,10
2809,506.8372075200365,132.44021405551499,10
2810,507.11310752521314,132.4537010935664,10
2811,507.2110075297427,132.68275444974952,10
2812,507.38010753611616,132.72911539673507,10
2813,507.3890075396909,132.72431156487372,10
2814,507.4958075370796,132.72334871602172,10
2815,507.65600754172317,132.75819889868615,10
2816,507.8429075460143,133.0387678176,10
2817,507.958607547802,133.05959656855617,10
2818,508.31460754863184,133.31198808585765,10
2819,508.5816075492523,133.60770866143264,10
2820,509.01770754592826,133.67660601666495,10
2821,509.0266075501365,133.67193236334734,10
2822,509.21350755483735,133.74427253288502,10
2823,509.40040755953805,133.6136568449907,10
2824,509.4894075593661,133.8467579249288,10
2825,509.6585075551163,133.8742673765361,10
2826,509.68520755662064,133.87627609470437,10
2827,510.050107562114,134.02355697563968,10
2828,510.34380756443244,133.90635561058218,10
2829,510.5396075737202,133.96122809274152,10
2830,510.7354075830464,134.03062105845373,10
2831,510.9401075851553,134.2907383037154,10
2832,511.127007589968,134.5579028893558,10
2833,511.15370759151057,134.60663613840032,10
2834,511.1537075911291,134.60663613840035,10
2835,511.26940759299293,134.65430665722536,10
2836,511.3762076019978,134.55384625355202,10
2837,511.6521076066103,134.54879425028966,10
2838,511.6610076108185,134.54956316734655,10
2839,511.83900761115603,134.82688448821293,10
2840,512.0971076066678,134.8832228693862,10
2841,512.106007610876,134.906531705298,10
2842,512.1149076151224,134.92984238517477,10
2843,512.1238076192926,134.93058173548755,10
2844,512.2751076391339,135.14746740350503,10
2845,512.5421076396426,135.19573392719911,10
2846,512.835807642149,135.35988790776668,10
2847,512.9426076394996,135.4272605491617,10
2848,512.9604076360451,135.47401114921112,10
2849,513.138407624428,135.6234074653199,10
2850,513.3342076337924,135.75505580818,10
2851,513.33420763308,135.7550558079317,10
2852,513.3431076368431,135.75711514396423,10
2853,513.4410076408892,135.98268175713454,10
2854,513.5567076543696,135.95451201490326,10
2855,513.672407656157,135.97021694619067,10
2856,513.8593076609698,136.10885141553635,10
2857,513.9483076609141,136.1154338819537,10
2858,514.1441076583976,136.35714415352777,10
2859,514.242007662889,136.32636292336582,10
2860,514.331007662198,136.27039805483395,10
2861,514.4467076756782,136.2707729735858,10
2862,514.4823076932769,136.28356675977875,10
2863,514.5891076901058,136.19164184989683,10
2864,514.7760076948066,136.09671346290793,10
2865,514.7938076917976,136.09829006165094,10
2866,514.9006076884764,136.1212088378944,10
2867,514.9896076879353,136.02794878370628,10
2868,515.0074076966572,136.01901331159706,10
2869,515.1053077012248,136.2582880575829,10
2870,515.1053077009198,136.25828805750336,10
2871,515.2121076981937,136.28493842948237,10
2872,515.21210769696,136.2849384297146,10
2873,515.3011076968999,136.29356588146746,10
2874,515.4079076932071,136.3497600810191,10
2875,515.5058076977748,136.3614450412164,10
2876,515.7550076886614,136.3099058507956,10
2877,515.870707690487,136.31295369416665,10
2878,515.8885076873661,136.30418026348576,10
2879,516.0576076830782,136.29715458553562,10
2880,516.1466076824989,136.3084608463332,10
2881,516.1466076816724,136.3084608460622,10
2882,516.3246076817097,136.52952893353984,10
2883,516.5827076777812,136.70524432680511,10
2884,516.7696076821105,136.56240757043668,10
2885,516.7785076862807,136.56365172552412,10
2886,516.7963076949261,136.5561486011643,10
2887,516.8141076918052,136.53751082658746,10
2888,516.9565076844144,136.73517267650283,10
2889,516.9743076814055,136.73764946236014,10
2890,517.0811076785324,136.94656907170258,10
2891,517.1879076874634,136.89387947714047,10
2892,517.2146076889323,136.88674132717122,10
2893,517.2235076926571,136.89077930681802,10
2894,517.3036076875264,137.1024862336785,10
2895,517.5706076879969,137.1831924234733,10
2896,517.7486076876627,137.40376911051004,10
2897,518.1135076811636,137.57900252163603,10
2898,518.1402076943225,137.58031744688523,10
2899,518.2292076937788,137.53416763166302,10
2900,518.3182076937186,137.57554515182613,10
2901,518.4250077026497,137.775259295084,10
2902,518.5318077111713,138.0062850937857,10
2903,518.7276077205355,138.1879410187148,10
2904,518.9501077199732,138.1435375637097,10
2905,519.0391077199895,138.15504309645056,10
2906,519.2171077202504,138.403217157145,10
2907,519.4040077250631,138.54391912847106,10
2908,519.6087077272863,138.51082491085734,10
2909,519.8757077279068,138.71525054524406,10
2910,520.0092077269852,138.68012007658785,10
2911,520.178307722659,138.90649486522935,10
2912,520.2762077271504,138.83368627946444,10
2913,520.5610077246217,138.68213946435867,10
2914,520.6678077219005,138.59632942232733,10
2915,520.8725077244662,138.52718066773602,10
2916,520.8992077259325,138.53604679593448,10
2917,520.9971077176145,138.75693170116617,10
2918,521.1039077266194,138.65829105674703,10
2919,521.264107729477,138.5879256433726,10
2920,521.3620077335612,138.63020472607676,10
2921,521.4688077423425,138.82871611750187,10
2922,521.6557077343839,138.9794916696664,10
2923,521.6735077304844,139.02697350235937,10
2924,521.8426077261964,139.25678318889672,10
2925,521.9405077302426,139.21754937279206,10
2926,521.9494077343392,139.21536168125624,10
2927,522.1007077324596,139.45748907642206,10
2928,522.2431077335383,139.3886093549951,10
2929,522.3232077284456,139.60246331351507,10
2930,522.4300077251244,139.60736300796313,10
2931,522.456707726629,139.65067897662215,10
2932,522.5190077242066,139.67771262341708,10
2933,522.6169077282909,139.9063055881303,10
2934,522.7415077341086,140.13614821260316,10
2935,522.8394077376713,140.3652266736496,10
2936,522.8394077373662,140.36522667360154,10
2937,522.9284077373441,140.32314138417541,10
2938,522.9373077410308,140.3269475166832,10
2939,523.0441077379024,140.3236509924141,10
2940,523.0708077395595,140.32190955672567,10
2941,523.0975077405805,140.37335286724053,10
2942,523.0975077401635,140.37335286728364,10
2943,523.1153077371927,140.3809566589725,10
2944,523.1242077413247,140.3825099069498,10
2945,523.1331077450495,140.37334784647484,10
2946,523.1509077419668,140.42096507165562,10
2947,523.1509077412927,140.42096507149805,10
2948,523.1509077405042,140.42096507135415,10
2949,523.1509077396775,140.4209650712948,10
2950,523.1598077439238,140.42218318696294,10
2951,523.19540774998,140.4644543335024,10
2952,523.2132077465637,140.46690170296267,10
2953,523.3200077550472,140.45244118030257,10
2954,523.4802077661196,140.6050969930607,10
2955,523.4891077693611,140.600913422692,10
2956,523.5959077783278,140.60579585668384,10
2957,523.6048077824241,140.60959120831066,10
2958,523.6404077879632,140.64887754837503,10
2959,523.6404077867294,140.6488775483483,10
2960,523.7205077821966,140.86314058488472,10
2961,523.7383077787042,140.91077217817502,10
2962,523.7650077787583,140.94925368287394,10
2963,523.7739077829667,140.95301543500182,10
2964,523.8629077827592,141.1632752710626,10
2965,523.8629077820468,141.1632752708327,10
2966,523.8629077817035,141.16327527083922,10
2967,524.0320077764106,141.35603009497189,10
2968,524.1210077758697,141.57443838191935,10
2969,524.1299077796327,141.5722840025372,10
2970,524.1388077833577,141.57013518548732,10
2971,524.1388077826073,141.57013518532852,10
2972,524.1477077858488,141.5716225445223,10
2973,524.2278077807562,141.78640735342398,10
2974,524.2278077800438,141.78640735314156,10
2975,524.3168077799099,142.00259185159405,10
2976,524.4058077797761,142.22132532994357,10
2977,524.58380777963,142.370855553087,10
2978,524.6728077796487,142.61015672387927,10
2979,524.699507780558,142.60374104673474,10
2980,524.7084077847662,142.59954390110747,10
2981,524.8063077775294,142.50643405122167,10
2982,524.9042077820591,142.73711476731165,10
2983,524.9042077813085,142.73711476709752,10
2984,524.9042077799985,142.73711476679424,10
2985,524.904207779248,142.73711476653492,10
2986,524.9042077789047,142.73711476649387,10
2987,524.9932077788828,142.97681244959745,10
2988,525.1623077741494,143.22790290923103,10
2989,525.3937077682278,143.48929895518475,10
2990,525.3937077678463,143.48929895518475,10
2991,525.3937077678527,143.48929895523213,10
2992,525.4115077648818,143.53727558759033,10
2993,525.5094077576068,143.51681271727296,10
2994,525.5450077517083,143.51664591149282,10
2995,525.5628077486256,143.52165482405894,10
2996,525.5984077582232,143.50834967237753,10
2997,525.6162077552524,143.5110027067757,10
2998,525.6518077612703,143.50816936481115,10
2999,525.7408077609864,143.4925297983916,10
3000,525.8298077608906,143.70969368485888,10
3001,525.9366077583173,143.69149377012872,10
3002,526.0612077646946,143.69927600071892,10
3003,526.2570077621782,143.8885213647456,10
3004,526.2748077709,143.88318634903843,10
3005,526.3549077663289,144.09914859707848,10
3006,526.5062077634517,144.14405349187945,10
3007,526.6842077636771,144.16068465999092,10
3008,526.7910077609893,144.099958169479,10
3009,526.8177077741866,144.08471909180113,10
3010,526.9957077745239,144.07924596151364,10
3011,527.0224077761046,144.08537359632854,10
3012,527.2182077735882,144.0826101774648,10
3013,527.4140077711097,144.1275132074649,10
3014,527.5119077753394,144.34456594238085,10
3015,527.7878077802877,144.57555600511822,10
3016,527.8857077841839,144.57950220482698,10
3017,527.983607788192,144.5850060185895,10
3018,527.9925077913953,144.5808487351118,10
3019,528.0815077914115,144.56295087896044,10
3020,528.0904077950245,144.5540008116622,10
3021,528.2061077968501,144.58516579182816,10
3022,528.4019077944836,144.58921977419448,10
3023,528.41080779858,144.59298360877125,10
3024,528.499807798558,144.63091776670194,10
3025,528.6244077926012,144.70947730770942,10
3026,528.6422077897067,144.71230293915283,10
3027,528.6956077909521,144.7146711740731,10
3028,528.8202077956299,144.70403145762666,10
3029,528.9359077974173,144.75459961127302,10
3030,528.9359077969623,144.75459961128647,10
3031,528.935907796657,144.75459961140504,10
3032,529.0338077889751,144.77060955352954,10
3033,529.2207077938685,144.7033274310083,10
3034,529.4610078007915,144.73601514564857,10
3035,529.5589078046876,144.7777322575014,10
3036,529.6746078065896,144.8115870927924,10
3037,529.9149078042883,144.68391427041223,10
3038,529.9950077991194,144.67049791147727,10
3039,530.0929078030894,144.71096888863474,10
3040,530.3332078013096,144.66559934400692,10
3041,530.3332078009282,144.66559934400695,10
3042,530.5112078007439,144.65710616529935,10
3043,530.6002078006101,144.63529903113422,10
3044,530.7871078054228,144.61192239192187,10
3045,530.8049078019686,144.65949506725363,10
3046,530.84050779622,144.68981340216257,10
3047,530.9651077908356,144.65441479075372,10
3048,531.0808077927376,144.87531883769137,10
3049,531.1698077920821,145.11352248926374,10
3050,531.2499078073085,145.07477813684818,10
3051,531.3478078118762,145.11774365021287,10
3052,531.383407817261,145.10113361182852,10
3053,531.6593078101449,145.34057702994468,10
3054,531.686007822785,145.35142174373902,10
3055,531.6949078269552,145.34998335683036,10
3056,531.8551078295176,145.51674248898632,10
3057,531.9530078339709,145.46798933244844,10
3058,532.1310078338249,145.66720716431345,10
3059,532.1488078425466,145.66730262685707,10
3060,532.1666078507468,145.65448350516044,10
3061,532.1844078589088,145.67971463774595,10
3062,532.193307863079,145.68292168757026,10
3063,532.3001078602058,145.71650371106952,10
3064,532.531507862051,145.72666728015048,10
3065,532.7184078668636,145.6004962499728,10
3066,532.7362078633712,145.6032683224364,10
3067,532.8252078633492,145.64434756175632,10
3068,532.8341078674813,145.6484847619372,10
3069,532.8519078761647,145.64784423356517,10
3070,532.8697078848102,145.65024680617378,10
3071,532.9676078893018,145.87960864783227,10
3072,533.1278078917878,145.8226242274175,10
3073,533.172307890105,145.78706029269105,10
3074,533.2613078900448,145.69876107606981,10
3075,533.2613078892944,145.69876107585603,10
3076,533.3859078840172,145.74925434076846,10
3077,533.4660078911409,145.6803477924313,10
3078,533.5016078853542,145.7101903974281,10
3079,533.5372079030648,145.69916428846778,10
3080,533.6262079030473,145.6609041136244,10
3081,533.6618079090697,145.646535070962,10
3082,533.7686079059366,145.68066315662568,10
3083,533.8576079060673,145.91892731712775,10
3084,534.0445079103966,145.78785837602288,10
3085,534.2403079075111,146.06544261108817,10
3086,534.329307907489,146.0283090226084,10
3087,534.3382079116974,146.05215437926833,10
3088,534.3649079127566,146.0452764336081,10
3089,534.4717079216497,146.07857752401722,10
3090,534.4895079300024,146.08124171820953,10
3091,534.5874079345319,146.14795092181419,10
3092,534.6052079432155,146.1434559879176,10
3093,534.6230079402065,146.12459431869,10
3094,534.8099079450193,146.06516786188666,10
3095,534.8366079465619,146.10342908449286,10
3096,534.9256079461709,146.34172661446877,10
3097,535.21040795578,146.3986087699674,10
3098,535.3083079597882,146.63825030249274,10
3099,535.513007949202,146.7606920816016,10
3100,535.7889079538908,146.94634971650305,10
3101,535.8067079626124,146.94062140075178,10
3102,535.9313079693703,146.95517533272002,10
3103,536.0203079688267,146.9992954895956,10
3104,536.0203079684478,146.9992954895245,10
3105,536.207207972739,147.1421744389652,10
3106,536.2962079726433,147.12552735460886,10
3107,536.3852079725832,147.03904347917586,10
3108,536.4831079771126,147.26975936233563,10
3109,536.6611079770048,147.42345831244313,10
3110,536.6789079735123,147.4713892356604,10
3111,536.7857079703793,147.512130810781,10
3112,536.7946079745495,147.51656464999454,10
3113,536.8836079745656,147.7561570215277,10
3114,537.061607974865,148.0080337817843,10
3115,537.1595079788729,148.01559768253819,10
3116,537.3375079787269,148.17017424998176,10
3117,537.5155079790643,148.45412480293334,10
3118,537.6134079835558,148.69698865376398,10
3119,537.7113079876019,148.93834496325513,10
3120,537.8982079924526,149.13215834562575,10
3121,537.9160080001695,149.1372347763274,10
3122,538.0139080036943,149.14074279127348,10
3123,538.1919080039935,149.06393644521162,10
3124,538.3877080133195,149.07756047611375,10
3125,538.4767080132594,149.08937924409912,10
3126,538.7526080183933,149.36174908766506,10
3127,538.9395080232061,149.24375300435437,10
3128,539.0552080366863,149.28246004452234,10
3129,539.3222080373449,149.2258573560535,10
3130,539.4290080463498,149.18259156165115,10
3131,539.5269080508411,149.18907178776718,10
3132,539.8117080605268,149.11274246690076,10
3133,539.9096080650182,149.14657751797364,10
3134,540.0075080695095,149.17289386664854,10
3135,540.1944080743605,149.21454132921693,10
3136,540.2834080743766,149.17748955010913,10
3137,540.3724080743546,149.22125343671604,10
3138,540.5682080718382,149.16842488751652,10
3139,540.772908073985,149.12786581203636,10
3140,540.8708080785146,149.14147662849254,10
3141,540.879708082761,149.1458626202907,10
3142,541.0577080825769,149.10551786365284,10
3143,541.2535080802104,149.11580693251688,10
3144,541.3425080801884,149.07979917390645,10
3145,541.5294080845176,149.32915424774873,10
3146,541.7964080851,149.4937765891888,10
3147,541.8053080887914,149.49478242727508,10
3148,541.9032080932873,149.41209540244998,10
3149,541.9210081018592,149.41145451534157,10
3150,542.0990081020084,149.63061549588656,10
3151,542.188008101241,149.86990539053693,10
3152,542.4550081017878,149.89871310386394,10
3153,542.4639081059961,149.89036054655782,10
3154,542.4817081146416,149.89429805885217,10
3155,542.4906081182903,149.89873776394566,10
3156,542.7665081229027,150.19385970431438,10
3157,542.8644081272821,150.11162928693,10
3158,542.9534081266268,150.15658624082138,10
3159,543.1314081263307,150.11917483480033,10
3160,543.229308130227,150.166103793397,10
3161,543.3361081391937,150.10852918302854,10
3162,543.4251081390978,150.1549348263968,10
3163,543.6921081396065,150.3021467475263,10
3164,543.959108139222,150.5056554599728,10
3165,544.1371081390761,150.45841036509276,10
3166,544.1816081490858,150.50185293711812,10
3167,544.2706081481352,150.51250148176902,10
3168,544.2973081491227,150.49934331019637,10
3169,544.4041081580157,150.73753672997728,10
3170,544.421908166066,150.7292280280023,10
3171,544.6889081660913,150.89590998418453,10
3172,544.715608167074,150.89330717249544,10
3173,544.8135081716038,150.8948706074202,10
3174,544.8402081731463,150.88898275872336,10
3175,545.018208172962,151.13966824471606,10
3176,545.2051081773295,151.2989913536442,10
3177,545.2229081733155,151.28283077733988,10
3178,545.4009081734648,151.53416570841287,10
3179,545.4988081779563,151.56281011465808,10
3180,545.6056081869995,151.8061993348375,10
3181,545.7836081864081,151.62376689522287,10
3182,545.7925081905402,151.62835273053597,10
3183,545.8815081905179,151.67449066526916,10
3184,545.9794081832813,151.91680617221866,10
3185,545.9972081914814,151.94539728053292,10
3186,546.0951081841683,152.1813114608218,10
3187,546.1841081841463,152.42116434997723,10
3188,546.273108183491,152.32739705418948,10
3189,546.379908192534,152.33583812617564,10
3190,546.3977081889298,152.34126651356624,10
3191,546.4867081884624,152.353640846428,10
3192,546.4956081927089,152.34427728482902,10
3193,546.4956081919967,152.34427728471059,10
3194,546.495608191208,152.34427728476015,10
3195,546.5935081952161,152.2470754075873,10
3196,546.6024081988646,152.24833533011986,10
3197,546.7804081982734,152.39548861362223,10
3198,546.7804081980446,152.39548861359307,10
3199,546.7982082061328,152.37725296556883,10
3200,546.9851082108719,152.438618753994,10
3201,547.1631082112093,152.39255045435925,10
3202,547.1631082103444,152.3925504542147,10
3203,547.2521082103606,152.35429013345984,10
3204,547.2521082100553,152.3542901334074,10
3205,547.4301082103163,152.32951745955765,10
3206,547.5191082103709,152.29222375223276,10
3207,547.6081082104631,152.30566533267105,10
3208,547.8039082075777,152.31998975720393,10
3209,547.901808212031,152.2515181718814,10
3210,548.0709082076739,152.31079084801087,10
3211,548.2400082033122,152.28738975030944,10
3212,548.2489082065537,152.2837571402622,10
3213,548.2578082102023,152.27560996514174,10
3214,548.3735082119254,152.26629537021003,10
3215,548.3824082160953,152.262659366711,10
3216,548.3913082202655,152.28662718262458,10
3217,548.4803082197602,152.25054847762172,10
3218,548.5960082215859,152.19506671550567,10
3219,548.693908225632,152.1106346054867,10
3220,548.6939082248434,152.1106346053103,10
3221,548.8007082221558,152.34621751591212,10
3222,548.8185082303178,152.37165867084053,10
3223,548.9965082306551,152.34352656088558,10
3224,549.041008229015,152.3951120853105,10
3225,549.1745082276916,152.63009242938386,10
3226,549.4415082282004,152.64532046727885,10
3227,549.6284082325677,152.64819147973495,10
3228,549.726308237021,152.69586482982783,10
3229,549.7530082389442,152.76772244527336,10
3230,549.9666082334286,152.65185260721495,10
3231,550.144608232204,152.6069444454473,10
3232,550.1535082359289,152.60763102671254,10
3233,550.251408240382,152.84385492633575,10
3234,550.4294082406813,152.8986520050893,10
3235,550.5540082346945,153.13048341006933,10
3236,550.643008234189,153.0386977229685,10
3237,550.732008234167,152.94737484542952,10
3238,550.8299082386584,152.8805031555061,10
3239,551.0257082358848,153.03967566483075,10
3240,551.114708234858,153.27982755407783,10
3241,551.2927082342285,153.41656060970837,10
3242,551.3817082337612,153.65709718234197,10
3243,551.6487082339364,153.59227961910253,10
3244,551.6576082376232,153.594647025709,10
3245,551.7555082421528,153.59664137959754,10
3246,551.7822082431738,153.60749679572683,10
3247,551.8089082437878,153.63421538118763,10
3248,551.9958082487149,153.85379291798867,10
3249,552.1026082572364,153.7663220010632,10
3250,552.2717082518435,154.02472333768068,10
3251,552.39630824649,153.94898159487374,10
3252,552.5743082462677,154.21365241745625,10
3253,552.5921082433349,154.2230596953863,10
3254,552.6900082476027,154.16589352920928,10
3255,552.8057082493904,154.15390474684423,10
3256,552.9303082434416,154.16484337234857,10
3257,553.126108241075,154.15061843098292,10
3258,553.2151082405696,154.1305542078449,10
3259,553.3486082374683,154.23134993021455,10
3260,553.3575082294269,154.25542376434882,10
3261,553.3664082331136,154.27949900815557,10
3262,553.3842082408305,154.304817619171,10
3263,553.4821082453981,154.19902101926246,10
3264,553.5177082513779,154.17056927736974,10
3265,553.6334082532418,154.11665930335153,10
3266,553.6334082518936,154.11665930319063,10
3267,553.7402082599317,154.14953560676418,10
3268,553.7402082595529,154.14953560666575,10
3269,553.8292082589355,154.19678559289534,10
3270,553.9360082561359,154.1979739098824,10
3271,553.9538082643361,154.19249901279667,10
3272,553.9538082639572,154.19249901246414,10
3273,554.0072082668261,154.23802968965643,10
3274,554.0250082755098,154.26021490315864,10
3275,554.1229082797391,154.26566030371433,10
3276,554.2475082744184,154.38597410772576,10
3277,554.274208275811,154.38349741096704,10
3278,554.3543082755164,154.2907187655577,10
3279,554.550108273,154.23652694677259,10
3280,554.7281082728157,154.22398411486975,10
3281,554.9061082725578,154.3575716196875,10
3282,554.9951082725358,154.33975826465243,10
3283,555.262108272673,154.24739693981306,10
3284,555.2621082722178,154.24739693981456,10
3285,555.3511082710789,154.4648302157986,10
3286,555.4579082684293,154.43089033653283,10
3287,555.4935082744473,154.41350037447316,10
3288,555.6893082721572,154.45101581588594,10
3289,555.7872082766485,154.4356566563903,10
3290,555.8139082781911,154.441302150863,10
3291,555.902908277762,154.4253108323002,10
3292,556.0097082750433,154.46063995380433,10
3293,556.0097082742166,154.46063995396617,10
3294,556.1432082734146,154.4333542625914,10
3295,556.3212082737139,154.4252843099009,10
3296,556.428008281752,154.47119192946104,10
3297,556.4280082799203,154.47119192831357,10
3298,556.4547082808297,154.51015299927838,10
3299,556.472508289068,154.50938515780598,10
3300,556.5704082925924,154.49588436601724,10
3301,556.597108294097,154.49589148621524,10
3302,556.6950082976598,154.47143689788146,10
3303,556.801808294972,154.5661173645446,10
3304,556.917508295831,154.66351486317183,10
3305,557.0243083043142,154.71283671658378,10
3306,557.1934083125402,154.69013240179504,10
3307,557.1934083117135,154.69013240049622,10
3308,557.1934083108866,154.69013240032942,10
3309,557.3180083167424,154.6577090267065,10
3310,557.415908321122,154.58139750468024,10
3311,557.4248083248089,154.57997611206432,10
3312,557.5138083243417,154.4993512885337,10
3313,557.629508337898,154.51233001219515,10
3314,557.8164083421536,154.4380808677633,10
3315,558.0122083515179,154.39597015057998,10
3316,558.1101083560094,154.4060745503551,10
3317,558.2970083603387,154.3376114808179,10
3318,558.4750083606378,154.15342469020294,10
3319,558.4928083693214,154.15048892930224,10
3320,558.49280836894,154.15048892930224,10
3321,558.6975083709842,154.05140679222862,10
3322,558.7064083751162,154.07543965634994,10
3323,558.7331083883133,154.0671181666792,10
3324,558.7420083924453,154.09115200735152,10
3325,558.848808401412,154.11598873022817,10
3326,558.9467084059036,154.04795493085385,10
3327,558.9912084047421,154.07616854673478,10
3328,559.0980084015711,154.04585214924023,10
3329,559.1870084015109,153.9406628350814,10
3330,559.2849084050355,153.86362959677845,10
3331,559.3739084040848,153.88693140991853,10
3332,559.4718084085381,153.81167885312757,10
3333,559.6676084060598,153.90485862958354,10
3334,559.8011084163907,153.93764666833988,10
3335,559.8812084117434,154.15392595224358,10
3336,559.9880084084223,154.3640231950304,10
3337,560.3440084092141,154.42074298518673,10
3338,560.5309084017389,154.39236543286626,10
3339,560.9759083910856,154.41986780439814,10
3340,561.073808395427,154.62689527060544,10
3341,561.260708400166,154.60280695930038,10
3342,561.3497084001058,154.52674484038212,10
3343,561.5277083998835,154.44757953211317,10
3344,561.6790083966846,154.50446205251444,10
3345,561.9015083964346,154.47796749113266,10
3346,562.1685083846553,154.56110325897149,10
3347,562.2753083935484,154.4993583202569,10
3348,562.2842083972351,154.49551168461792,10
3349,562.3732083966939,154.70524061156155,10
3350,562.3732083953457,154.70524061193163,10
3351,562.5334083858729,154.90886447176038,10
3352,562.6313083893975,155.14009190873747,10
3353,562.7470084023943,155.03431635266793,10
3354,563.1208084000369,155.09402449022014,10
3355,563.2276083973492,155.34513297104237,10
3356,563.2365084014812,155.36934581630902,10
3357,563.3967084031913,155.29476316487657,10
3358,563.4857084031693,155.53703511950104,10
3359,563.5747084029971,155.5479104460384,10
3360,563.6459084040143,155.55254099744673,10
3361,563.6548084077011,155.55314272188267,10
3362,563.8239084134032,155.50763856523722,10
3363,563.823908412093,155.50763856582992,10
3364,563.9307084078431,155.7404451477453,10
3365,563.9396084116444,155.76468751275638,10
3366,564.0464084084376,155.9982636723321,10
3367,564.0820084137102,156.02829660952946,10
3368,564.1710084136882,156.01371467758153,10
3369,564.2689084181796,156.25699226157295,10
3370,564.3668084217805,156.4957744939421,10
3371,564.3846084177666,156.54433127799072,10
3372,564.4024084147195,156.5457199355399,10
3373,564.4113084189278,156.54632627524168,10
3374,564.5893084187817,156.77495422773887,10
3375,564.767308418712,157.00414616085033,10
3376,564.7762084224369,157.02844340692874,10
3377,564.7762084216102,157.0284434069852,10
3378,564.802908422148,157.0540980805409,10
3379,564.8207084191054,157.0554743854615,10
3380,564.8385084277535,157.04847056752348,10
3381,564.8474084319616,157.05081837769637,10
3382,564.8741084334662,157.0980598993072,10
3383,564.9898084470226,157.0258932174061,10
3384,565.1055084487365,157.03182558940532,10
3385,565.1945084481192,157.0204757273145,10
3386,565.3725084468945,157.05743684469357,10
3387,565.3903084546113,157.0460148538207,10
3388,565.3992084576646,157.07030002062487,10
3389,565.417008465903,157.08712694094157,10
3390,565.4615084629638,157.04989963307085,10
3391,565.5149084640167,157.0034589570025,10
3392,565.6039084635493,156.99030747900338,10
3393,565.7285084617981,156.9554714841832,10
3394,565.7374084660064,156.9562225931246,10
3395,565.7374084657013,156.95622259308308,10
3396,565.8264084652722,157.19916439484217,10
3397,565.835308468997,157.18986943176174,10
3398,565.8709084750196,157.21764043104076,10
3399,565.8709084747145,157.21764043095698,10
3400,565.8709084744472,157.21764043091866,10
3401,566.0667084836998,157.1787157732075,10
3402,566.084508479167,157.17911445752705,10
3403,566.1735084791449,157.22328763607297,10
3404,566.2892084809706,157.26220768728172,10
3405,566.2892084801438,157.26220768730985,10
3406,566.2892084787957,157.26220768725847,10
3407,566.2892084774855,157.2622076870637,10
3408,566.2981084816938,157.26448906726145,10
3409,566.2981084809053,157.26448906730445,10
3410,566.4761084807211,157.55222650925728,10
3411,566.5562084878829,157.51295289725627,10
3412,566.5740084961595,157.5049300882367,10
3413,566.6808084929883,157.55918306056722,10
3414,566.7876085014716,157.59485286188942,10
3415,566.9033085028902,157.585033922963,10
3416,567.0101085002407,157.58899028430454,10
3417,567.019008504487,157.59354494652894,10
3418,567.1347084940248,157.63674805537312,10
3419,567.2415084912634,157.6409420694031,10
3420,567.3394084952332,157.6878488538781,10
3421,567.3483084989582,157.69249721511204,10
3422,567.4373084984909,157.73924945907206,10
3423,567.4551084949246,157.73594857745755,10
3424,567.6420084992922,157.74093419229453,10
3425,567.6598084958381,157.78928852015093,10
3426,567.7577084988436,157.79777904124475,10
3427,567.864508507327,157.78825913326304,10
3428,567.9535085067478,158.02998309917797,10
3429,568.0425085057971,158.03867091688272,10
3430,568.2116085010259,158.0116978642086,10
3431,568.2205085047508,158.03586415125736,10
3432,568.220508503517,158.03586415115282,10
3433,568.2294085072419,158.02840115291173,10
3434,568.2383085113764,158.0269801329942,10
3435,568.3540085126806,157.97138772360285,10
3436,568.5498085103524,157.8852637662287,10
3437,568.7278085106178,158.13460919040153,10
3438,568.93250851311,158.2243646336363,10
3439,569.0482085144522,158.28321276207748,10
3440,569.2351085187433,158.4857673331655,10
3441,569.3330085227515,158.51953056472277,10
3442,569.6000085228503,158.59638031190846,10
3443,569.6890085228282,158.60489837999552,10
3444,569.8047085246541,158.5504750442228,10
3445,569.8047085238273,158.55047504426477,10
3446,570.0806085289231,158.5955934120797,10
3447,570.2230085207922,158.6257726399344,10
3448,570.3476085154768,158.6119799616508,10
3449,570.4366085154167,158.62175115567817,10
3450,570.6324085242975,158.60553765143518,10
3451,570.7214085360108,158.53077978445938,10
3452,570.7392085445446,158.53396419426784,10
3453,570.8638085507336,158.45995567864975,10
3454,570.8727085544585,158.48408249079193,10
3455,570.961708554403,158.40899506878338,10
3456,571.1575085519983,158.39337765119768,10
3457,571.3889085541769,158.39066718268214,10
3458,571.3978085578636,158.39178599767615,10
3459,571.4067085620002,158.38773661162116,10
3460,571.5046085547253,158.42331289875855,10
3461,571.5313085679223,158.41438977359405,10
3462,571.6203085677931,158.45134787862165,10
3463,571.8072085726059,158.36183336203766,10
3464,571.8962085725836,158.28777218995523,10
3465,572.1187085698037,158.5771175150191,10
3466,572.172108584327,158.56455391766355,10
3467,572.4391085843141,158.774634041918,10
3468,572.5459085815882,158.70354389766646,10
3469,572.6438085845914,158.6236298412482,10
3470,572.8307085888825,158.63600927791467,10
3471,573.0977085895793,158.5549102144806,10
3472,573.106608593228,158.54543549465538,10
3473,573.284608593489,158.60394503038748,10
3474,573.6495085984227,158.69227923035336,10
3475,573.8364086027137,158.74088794940133,10
3476,573.9521086045395,158.7866899444489,10
3477,573.9877085988649,158.7858008884829,10
3478,574.1746086032322,158.8087581631919,10
3479,574.2725086075736,158.79658229694314,10
3480,574.3704086110981,158.80697918821704,10
3481,574.4594086105928,158.8544616414046,10
3482,574.4683086142414,158.85577387180894,10
3483,574.5662086181376,158.82702672010885,10
3484,574.6641086221457,158.87615205451198,10
3485,574.762008614311,158.87898582377875,10
3486,574.7798086225113,158.87854709459288,10
3487,574.8688086220441,158.9268609945922,10
3488,574.9845086234244,158.92272113441413,10
3489,575.082408627654,158.91125682215562,10
3490,575.2515086228827,158.94554705400537,10
3491,575.3405086228605,158.9582267082115,10
3492,575.4473086319036,158.96904957056964,10
3493,575.474008645139,158.9647973045814,10
3494,575.6431086403339,158.96451742317555,10
3495,575.8211086400381,159.00096572800754,10
3496,575.9101086400159,159.01450439201093,10
3497,576.1415086448676,159.0523290444396,10
3498,576.150408649114,159.0537508639753,10
3499,576.2394086607509,159.04523471539284,10
3500,576.2483086649257,159.04650663553306,10
3501,576.435208657934,159.0571240129938,10
3502,576.6132086573045,159.00058574769272,10
3503,576.6488086632105,158.99174568195892,10
3504,576.6577086674189,158.99667919120535,10
3505,576.7645086642477,159.0571541680521,10
3506,576.782308672448,159.06338897257135,10
3507,576.7823086721426,159.06338897262833,10
3508,576.8090086727949,159.07457066509718,10
3509,576.8980086728491,158.9996680004533,10
3510,577.0760086730364,158.99845022704233,10
3511,577.2540086734501,158.99811810377707,10
3512,577.4320086738256,158.90980465281197,10
3513,577.4409086775125,158.91119174768838,10
3514,577.5210086722698,158.89932559174002,10
3515,577.5299086759567,158.9007127781127,10
3516,577.6189086748178,158.80377726023613,10
3517,577.8058086785137,158.7420888560852,10
3518,577.8236086871591,158.73323105760156,10
3519,578.0105086912647,158.72217502231175,10
3520,578.1796086869388,158.72584547729647,10
3521,578.2953086877594,158.7238096769952,10
3522,578.3843086873303,158.64947922992442,10
3523,578.5801086843801,158.72514267469063,10
3524,578.6780086889479,158.67498996057657,10
3525,578.8649086813609,158.66518016804952,10
3526,579.0429086816218,158.60780302231,10
3527,579.2209086809543,158.5512932680293,10
3528,579.4879086813128,158.53999112991931,10
3529,579.4968086848497,158.53882728401402,10
3530,579.6036086937427,158.52434525798452,10
3531,579.6926086931254,158.50722227123444,10
3532,579.8795086974549,158.67392084273632,10
3533,579.977408701501,158.91311216647665,10
3534,579.9952087102226,158.9195619623379,10
3535,580.1821087031929,158.85965979819392,10
3536,580.3601087029349,158.7800108215108,10
3537,580.5470086954216,158.67319282746777,10
3538,580.7339086879463,158.83874423566243,10
3539,580.7873086886275,158.79597151874987,10
3540,580.8674086839802,158.78730933688433,10
3541,580.9564086833675,158.80287803946672,10
3542,580.9653086874994,158.82670672458374,10
3543,580.9653086871988,158.82670672454947,10
3544,580.965308686372,158.8267067245561,10
3545,581.0632086894134,158.75688586534886,10
3546,581.0721086921334,158.75808137366673,10
3547,581.1878086933258,158.77046751633293,10
3548,581.1967086970124,158.77166070516114,10
3549,581.4726087011798,158.8478297026123,10
3550,581.5794087095892,158.73757242637132,10
3551,581.7396087201021,158.70062550938144,10
3552,581.9621087311641,158.63219444202616,10
3553,582.0600087346504,158.58957662836903,10
3554,582.0689087382254,158.59137719145215,10
3555,582.1579087374963,158.52101545909525,10
3556,582.4249087261622,158.35862466180043,10
3557,582.513908726102,158.28904909430554,10
3558,582.5495087316367,158.26560464301326,10
3559,582.6207087423496,158.23043757856217,10
3560,582.7275087513544,158.23314190131725,10
3561,582.8165087508489,158.16432355864305,10
3562,582.8165087505822,158.16432355862736,10
3563,582.8254087543831,158.1655363442847,10
3564,582.9233087583558,158.17136142556834,10
3565,582.9322087624904,158.17035845855693,10
3566,583.021208773094,158.112400967378,10
3567,583.0390087699732,158.11265813461583,10
3568,583.0390087685512,158.11265813481006,10
3569,583.1280087685675,158.04465048766932,10
3570,583.1725087672943,158.04761444365698,10
3571,583.3238087644906,158.146819622856,10
3572,583.3327087682158,158.1485573329911,10
3573,583.4217087677102,158.08149489707372,10
3574,583.6531087694482,158.20113534442086,10
3575,583.6709087665156,158.192211654843,10
3576,583.9112087615197,158.33997936818906,10
3577,584.0091087660537,158.35858573235635,10
3578,584.0536087749617,158.3653034750032,10
3579,584.0714087837216,158.36231908185977,10
3580,584.1604087832162,158.31795783028548,10
3581,584.3117087897751,158.28624451164217,10
3582,584.4007087893078,158.30399183691827,10
3583,584.4986087937993,158.23339746555666,10
3584,584.5253088071107,158.22985352794814,10
3585,584.614308807015,158.16413880004833,10
3586,584.6143088067481,158.16413880011012,10
3587,584.8012088111154,158.12859267705633,10
3588,584.8190088197255,158.11895353754545,10
3589,584.9970088195413,158.09434931802195,10
3590,585.0949088240327,158.10683810747992,10
3591,585.299608825701,158.07117331019228,10
3592,585.3886088252336,158.0055206984936,10
3593,585.4865088178824,158.232891586409,10
3594,585.8514088232994,158.4652731222278,10
3595,586.0383088281884,158.62832511017385,10
3596,586.1006088343499,158.57927728678467,10
3597,586.3320088366786,158.51820358572084,10
3598,586.4388088340671,158.5015841194095,10
3599,586.4477088381635,158.5027848864249,10
3600,586.5545088355138,158.45853071998744,10
3601,586.5723088437142,158.4463820899769,10
3602,586.5723088434854,158.44638208995278,10
3603,586.5812088476555,158.4477082531693,10
3604,586.5812088473886,158.4477082531224,10
3605,586.6702088474428,158.45991120783793,10
3606,586.670208846616,158.45991120778535,10
3607,586.6702088456775,158.45991120768159,10
3608,586.8749088514425,158.38950580228672,10
3609,586.9995088503284,158.28518915264212,10
3610,587.1241088683603,158.23272581589325,10
3611,587.1241088675336,158.23272581581736,10
3612,587.3466088712161,158.13762790869055,10
3613,587.6136088718747,158.07830550844017,10
3614,587.7382088817938,158.061449363192,10
3615,587.8628088812013,158.0660764348687,10
3616,587.9696088902443,158.02558858629968,10
3617,588.0586088902222,157.9628700227089,10
3618,588.058608889841,157.9628700227089,10
3619,588.0764088985245,157.9661293964727,10
3620,588.2277089050833,157.9180613298845,10
3621,588.3345089140884,157.89611916887299,10
3622,588.3434089182585,157.88590700817005,10
3623,588.6193089234308,157.8301974518222,10
3624,588.708308923485,157.81841982845745,10
3625,588.7083089231796,157.81841982856767,10
3626,588.8863089236315,157.74526960119326,10
3627,588.9753089236476,157.68387398976097,10
3628,589.064308923702,157.62295699319552,10
3629,589.1889089183485,157.61393578519497,10
3630,589.3046089201741,157.59752224378016,10
3631,589.3135089238228,157.59340106974824,10
3632,589.5004089286356,157.60332449310124,10
3633,589.6873089334482,157.52884999988228,10
3634,589.8030089348287,157.53010679669387,10
3635,589.8920089343234,157.57599681747166,10
3636,589.9810089342657,157.58853534752907,10
3637,589.9988089425041,157.616953073981,10
3638,590.0077089468268,157.6182331698742,10
3639,590.1857089472785,157.57112106294053,10
3640,590.28360895177,157.51413406501854,10
3641,590.3815089558544,157.5337899658515,10
3642,590.479408960384,157.54156074437418,10
3643,590.5684089720974,157.53331481814848,10
3644,590.7286089746215,157.51268132119938,10
3645,590.7286089742781,157.5126813211511,10
3646,590.7998089763694,157.47996612877276,10
3647,590.9956089856954,157.4252229454734,10
3648,591.1825089900249,157.42110845806383,10
3649,591.1825089892744,157.42110845804572,10
3650,591.2982089900944,157.44601661487766,10
3651,591.4851089949452,157.48270263628757,10
3652,591.5207090008478,157.45783466586548,10
3653,591.7076090046555,157.4881835772901,10
3654,591.9835089980231,157.52604649148827,10
3655,592.0013089949023,157.5178936103734,10
3656,592.197109003707,157.56811273269517,10
3657,592.3128090051636,157.6095040730337,10
3658,592.4997090094548,157.60714894341893,10
3659,592.6866090137842,157.6397637756961,10
3660,592.953609013883,157.6980568156306,10
3661,592.9803090030615,157.74121343795284,10
3662,593.1850090042418,157.82446467646392,10
3663,593.2918090016302,157.86556273275582,10
3664,593.3185089913684,157.89908454034025,10
3665,593.4075089911606,157.81008913651667,10
3666,593.4431090083879,157.81009582862424,10
3667,593.4698090089256,157.8436511928717,10
3668,593.6923090061499,157.8945295093926,10
3669,593.710109002584,157.89758071185523,10
3670,593.7991090016332,157.90926325242563,10
3671,593.977109001449,157.97174124798866,10
3672,594.0750090054953,158.02363263659078,10
3673,594.0839090092202,158.02474903845663,10
3674,594.0928090009905,158.04829128450575,10
3675,594.1017090052035,158.07183506658907,10
3676,594.1996090091732,158.11261471333233,10
3677,594.1996090089826,158.1126147131914,10
3678,594.37760900917,158.18341404605908,10
3679,594.3776090082696,158.18341404598115,10
3680,594.3776090080407,158.18341404598934,10
3681,594.4666090080187,158.19465822051285,10
3682,594.4755090121914,158.18420438918974,10
3683,594.5645090122076,158.19594365303809,10
3684,594.6624090167371,158.2166101477999,10
3685,594.7603090212286,158.11340430369472,10
3686,594.8671090185836,158.1724764980465,10
3687,595.0540090229509,158.1119400697387,10
3688,595.2498090323153,158.13386897046735,10
3689,595.6058090328501,158.0966974767483,10
3690,595.8105090232307,158.06140734013076,10
3691,595.9084090277602,158.08256465419686,10
3692,596.0063090322898,158.10819412101438,10
3693,596.1131090412945,158.1498951695864,10
3694,596.148709046829,158.15580291219274,10
3695,596.4335090559932,158.4526431872626,10
3696,596.6115090558089,158.7398791597913,10
3697,596.7895090561844,158.98652248015702,10
3698,596.789509055396,158.98652248046778,10
3699,596.878509055412,159.03976756877313,10
3700,596.9764090595727,159.09477034068482,10
3701,596.9853090632976,159.09677208119518,10
3702,596.9853090629161,159.09677208119524,10
3703,597.0031090595382,159.10757223961906,10
3704,597.0031090591567,159.1075722396191,10
3705,597.0921090587658,159.34163898478917,10
3706,597.1010090630502,159.3354943323183,10
3707,597.2078090715337,159.3929010740934,10
3708,597.2167090757039,159.39489575728535,10
3709,597.3146090802715,159.42054777050893,10
3710,597.4926090795684,159.70897467671057,10
3711,597.5015090837386,159.6984932171951,10
3712,597.5104090879851,159.69234245505206,10
3713,597.6083090925147,159.9252663380301,10
3714,597.6083090922141,159.92526633795765,10
3715,597.7062090967055,159.982076084122,10
3716,597.8219090985313,160.02903195423715,10
3717,597.9109090980257,160.0847561772566,10
3718,597.9109090971991,160.08475617757225,10
3719,598.1156090988245,160.12755480708122,10
3720,598.2135091026871,160.03772014408923,10
3721,598.3203091112085,160.09193392498958,10
3722,598.3381091074544,160.0753107184613,10
3723,598.3737091134341,160.08431965971414,10
3724,598.3915091102751,160.08830661231892,10
3725,598.5161091159808,160.14778136273912,10
3726,598.5250091201891,160.17112258795896,10
3727,598.5339091239568,160.17685605561724,10
3728,598.542809128165,160.20019743967853,10
3729,598.5428091268932,160.2001974400282,10
3730,598.6318091259805,160.2577788115088,10
3731,598.649609134219,160.24765371839814,10
3732,598.6763091352044,160.28255199406053,10
3733,598.7742091393602,160.34180949717788,10
3734,598.7742091390934,160.34180949711927,10
3735,598.9789091412023,160.51903075906617,10
3736,599.0679091412565,160.75240011075778,10
3737,599.2459091415556,161.04404885044173,10
3738,599.343809146047,161.10378343138933,10
3739,599.5307091508596,160.9574681910312,10
3740,599.5841091425575,160.9388016390345,10
3741,599.7799091397077,161.16282581369362,10
3742,600.0647091377004,161.05629880197884,10
3743,600.162609142192,160.95340078449536,10
3744,600.1626091414034,160.95340078455058,10
3745,600.2872091477045,160.9157571970051,10
3746,600.3050091559046,160.91092874427852,10
3747,600.3317091690636,160.9018274173105,10
3748,600.3317091687966,160.90182741727446,10
3749,600.5186091735711,161.14968472995423,10
3750,600.6699091801681,161.21958842882327,10
3751,600.7678091846979,161.23795911117293,10
3752,600.8657091892275,161.2974303587259,10
3753,600.8657091889603,161.29743035866275,10
3754,600.8835091971988,161.28793148889196,10
3755,600.9013092058824,161.31258221226767,10
3756,601.0971092151705,161.3962240392242,10
3757,601.2217092214713,161.31070537901877,10
3758,601.2306092256035,161.31658220471755,10
3759,601.2395092298163,161.31791368815277,10
3760,601.3374092343076,161.25938436301726,10
3761,601.4264092342858,161.27296809664637,10
3762,601.5243092381819,161.27661269319452,10
3763,601.6311092467415,161.3031726588469,10
3764,601.898109247362,161.31729282756316,10
3765,601.9960092518916,161.39976610039602,10
3766,602.0138092488826,161.4027968428702,10
3767,602.1918092485486,161.23015337146157,10
3768,602.3787092524325,161.51157934159636,10
3769,602.4677092518889,161.52957164568792,10
3770,602.5656092558968,161.57136333337064,10
3771,602.7525092607477,161.79282016624416,10
3772,602.7614092644345,161.7869013441577,10
3773,602.9483092692092,161.8231917317461,10
3774,603.046209274012,161.80495874683012,10
3775,603.1530092830551,161.75371864383837,10
3776,603.4467092854113,161.9874067161154,10
3777,603.4467092850298,161.9874067161154,10
3778,603.4645092820208,161.98497914063344,10
3779,603.4645092817539,161.98497914057157,10
3780,603.5535092813248,162.2181167743335,10
3781,603.6514092853329,162.45321664725864,10
3782,603.6692092939782,162.48252122000156,10
3783,603.7582092939944,162.4244280854327,10
3784,603.8739093074746,162.65808646526457,10
3785,603.8739093062026,162.6580864654839,10
3786,603.9718093107704,162.71871594725997,10
3787,604.0697093152237,162.95094018532475,10
3788,604.1854093283349,162.89984416865758,10
3789,604.2744093278294,163.13344931631255,10
3790,604.2744093264813,163.13344931669118,10
3791,604.3634093264973,163.12135858517016,10
3792,604.470209335464,163.35724166925593,10
3793,604.568109339434,163.35153955292117,10
3794,604.7550093442085,163.57492026964354,10
3795,604.8529093486618,163.4591045757816,10
3796,604.9597093577047,163.68988782498988,10
3797,604.9953093631656,163.74435009066832,10
3798,605.0843093621768,163.97851796948515,10
3799,605.1911093702149,164.0340025631973,10
3800,605.2712093764479,163.967159173911,10
3801,605.3602093754209,164.20143273981398,10
3802,605.3691093790696,164.2027440466584,10
3803,605.547109389466,164.03818755400923,10
3804,605.7340093943167,164.1580393015497,10
3805,605.8497093961805,164.20769437581313,10
3806,606.1879093975328,164.07279531721932,10
3807,606.2858094006122,163.97590276184278,10
3808,606.4549094080569,163.7852609366832,10
3809,606.5439094074443,163.6830990530722,10
3810,606.6418093996479,163.91977245017262,10
3811,606.6596094078479,163.94492181617065,10
3812,606.7575094118561,164.02848576237037,10
3813,606.8465094118721,164.26354520703245,10
3814,606.8554094155588,164.26956177734561,10
3815,606.9444094149417,164.2823930286872,10
3816,607.042309419395,164.313226002511,10
3817,607.3004094154664,164.4581686594894,10
3818,607.4784094156537,164.36408236434053,10
3819,607.7454094153456,164.38650072618108,10
3820,607.8344094147285,164.39261477895434,10
3821,607.8522094117193,164.40453492556253,10
3822,607.8611094153681,164.41050190550345,10
3823,607.9590094079812,164.40275333484098,10
3824,607.9946094139991,164.39016277017936,10
3825,608.2794094236083,164.48588751266274,10
3826,608.3773094280261,164.51735640092483,10
3827,608.493009428885,164.4424492456916,10
3828,608.582009428863,164.50208749673646,10
3829,608.6710094288028,164.50896230132824,10
3830,608.7511094241936,164.5217719381029,10
3831,608.8579094330865,164.43398443438275,10
3832,608.9558094370948,164.48274449318825,10
3833,609.0537094415479,164.53316385684363,10
3834,609.0715094503079,164.53251767903149,10
3835,609.1694094542778,164.52848409152,10
3836,609.4364094544148,164.4970111900761,10
3837,609.4631094670904,164.48923297955153,10
3838,609.4720094707773,164.47927285460622,10
3839,609.5343094651387,164.4581250316457,10
3840,609.6411094731768,164.4692848416204,10
3841,609.7301094727095,164.47723656381018,10
3842,609.7301094724425,164.47723656384233,10
3843,609.8280094764125,164.56179505704313,10
3844,610.0416094830347,164.5799255615172,10
3845,610.1306094827888,164.63037797778819,10
3846,610.406509487961,164.57943384299867,10
3847,610.4065094876559,164.5794338429245,10
3848,610.6735094877929,164.4192476221721,10
3849,610.8515094874971,164.4632528375559,10
3850,610.9494094914668,164.42253396771912,10
3851,611.1363094962059,164.47845442980707,10
3852,611.2253094960765,164.5297991934094,10
3853,611.332109504598,164.48830731702668,10
3854,611.688109505316,164.68734689794132,10
3855,611.8750095100906,164.57069418764834,10
3856,612.0530095102397,164.6433510507294,10
3857,612.3378095197373,164.6780817852636,10
3858,612.5959095152491,164.57463262070385,10
3859,612.8807095131682,164.63743367545905,10
3860,612.8985095096377,164.62537963116444,10
3861,612.9074095132863,164.62411766776424,10
3862,612.9964095132643,164.56411718247924,10
3863,613.4147095125343,164.7485771320305,10
3864,613.5927095127979,164.8175191449952,10
3865,613.6105095214814,164.8420926704034,10
3866,613.7084095255658,164.7363706869672,10
3867,613.788509520435,164.79441813677985,10
3868,613.8864095248147,164.7352754589125,10
3869,613.9754095247924,164.6758499261664,10
3870,613.984309527996,164.68231585339547,10
3871,613.9843095272075,164.682315853342,10
3872,614.1623095275829,164.57681771536892,10
3873,614.2780095411395,164.54905508971598,10
3874,614.4738095387348,164.7009276625365,10
3875,614.4827095424597,164.6996839123726,10
3876,614.5806095469893,164.93980131823042,10
3877,614.6696095468554,164.8816345036633,10
3878,614.6785095509874,164.88038571120813,10
3879,614.6874095546386,164.87459374378773,10
3880,614.6963095579183,164.87577265168972,10
3881,614.7853095578963,164.81810121097524,10
3882,614.794209562069,164.84148162342427,10
3883,614.8921095661533,164.90712204376757,10
3884,614.9900095700115,164.8563461798557,10
3885,615.0879095621029,164.79829116673588,10
3886,615.2748095546278,164.9744845821248,10
3887,615.2837095588743,164.99787217211917,10
3888,615.3816095629205,165.05254351787607,10
3889,615.4884095719253,165.0206799095199,10
3890,615.6753095765882,165.09838356426314,10
3891,615.7732095805579,165.03282134471604,10
3892,615.7732095798076,165.03282134462447,10
3893,615.7999095812785,165.01878256100767,10
3894,615.7999095809733,165.0187825610184,10
3895,615.9868095858288,164.9914271703655,10
3896,616.1470095886909,165.26946754937094,10
3897,616.2716095950302,165.260809423366,10
3898,616.4496095951484,165.33139033858748,10
3899,616.5564095923107,165.3097283561121,10
3900,616.7344095925718,165.3123796913455,10
3901,616.9124095924639,165.31588279661474,10
3902,616.9747095905251,165.361697720813,10
3903,617.1527095902289,165.25939199577272,10
3904,617.3396095950417,165.1943912900724,10
3905,617.5265095998163,165.1306222994741,10
3906,617.5354096039864,165.13201843225028,10
3907,617.6333096084397,165.16150447995489,10
3908,617.7312096130074,165.17468072874084,10
3909,617.8202096130617,165.18180460348967,10
3910,617.8202096127184,165.1818046035895,10
3911,618.0605096115365,165.24531150503626,10
3912,618.1495096114407,165.19055024340588,10
3913,618.3364096162916,165.1831707313685,10
3914,618.5945096240222,165.25209148317717,10
3915,618.7725096243214,165.21374077481573,10
3916,618.7814096285297,165.2150669534892,10
3917,618.7992096255587,165.19468755139502,10
3918,618.7992096252536,165.19468755137584,10
3919,618.8971096298594,165.18007109612645,10
3920,618.9327096341042,165.19880182480262,10
3921,618.9327096337989,165.19880182490644,10
3922,619.0395096311112,165.14590745854323,10
3923,619.1285096301605,165.09910962594506,10
3924,619.2442096315028,165.05921732485092,10
3925,619.2442096312359,165.05921732490395,10
3926,619.3688096259204,165.06494921577703,10
3927,619.3688096250582,165.06494921580367,10
3928,619.4578096247817,165.0738692602611,10
3929,619.5557096293112,165.01021476834492,10
3930,619.5557096290062,165.01021476845003,10
3931,619.6625096380491,165.00399664639667,10
3932,619.7604096425787,164.94077781416047,10
3933,619.8494096425567,164.95048357157975,10
3934,619.938409642461,164.8979141202291,10
3935,620.1253096468283,164.9274153309573,10
3936,620.3211096561927,164.88604485900632,10
3937,620.4190096605342,164.8945772074117,10
3938,620.5258096578082,164.89790132076132,10
3939,620.54360966653,164.88747401835857,10
3940,620.7572096614542,164.9161325606169,10
3941,620.9619096635631,165.16086716541267,10
3942,621.1577096727773,165.1764031188484,10
3943,621.3357096726313,165.13587101890434,10
3944,621.353509681315,165.13711921126082,10
3945,621.3802096828194,165.16264885796332,10
3946,621.4959096841999,165.12457932881102,10
3947,621.495909683971,165.1245793287714,10
3948,621.5938096883505,165.00735992337462,10
3949,621.5938096880836,165.00735992345938,10
3950,621.6205096897025,164.98671400900162,10
3951,621.7184096941938,165.00306298616346,10
3952,621.8074096940983,164.95179083230542,10
3953,621.8163096983064,164.9531772741869,10
3954,621.8341096948903,164.9995172262267,10
3955,621.9320096872083,164.95009303911073,10
3956,621.9498096842375,164.93998599839276,10
3957,622.0477096882883,164.85968846537597,10
3958,622.0655096853554,164.84958335625964,10
3959,622.0744096895638,164.87276819930366,10
3960,622.0922096865548,164.86268204264294,10
3961,622.1100096830244,164.8649999810546,10
3962,622.2346096765657,164.88188011388797,10
3963,622.2346096757391,164.881880113951,10
3964,622.2524096726921,164.8838604366072,10
3965,622.3058096642699,164.90070876002707,10
3966,622.3147096679949,164.89037157278582,10
3967,622.3325096644669,164.89178707796543,10
3968,622.3592096659713,164.89065845859304,10
3969,622.5283096694193,164.7165479276848,10
3970,622.6351096783123,164.65545542860914,10
3971,622.6618096793358,164.64124923626926,10
3972,622.7864096738626,164.6568438388477,10
3973,622.8843096779088,164.65699804065383,10
3974,622.8932096820051,164.65833297934117,10
3975,622.9911096860131,164.7175919777746,10
3976,623.0979096828421,164.7145784049911,10
3977,623.2225096774504,164.7263374016032,10
3978,623.3471096837898,164.82039416858322,10
3979,623.3738096853324,164.8618011249709,10
3980,623.4094096796194,164.8844154990289,10
3981,623.5162096769318,164.81179335419577,10
3982,623.605209676986,164.76333552153224,10
3983,623.6942096768902,164.7153443240467,10
3984,623.6942096765852,164.71534432400085,10
3985,623.6942096761682,164.7153443239677,10
3986,623.7031096798166,164.71663550878822,10
3987,623.9701096803253,164.5751995094275,10
3988,624.0680096841834,164.588330715964,10
3989,624.1659096767585,164.57362191608937,10
3990,624.2727096857633,164.51693909698173,10
3991,624.3706096898095,164.47134905494076,10
3992,624.4596096893067,164.4820403102301,10
3993,624.6376096890107,164.4943359955003,10
3994,624.6376096885555,164.49433599516476,10
3995,624.7088096912801,164.5038893998292,10
3996,624.8690096937306,164.52704404509936,10
3997,624.8690096924586,164.5270440439134,10
3998,624.8779096965952,164.5220554387166,10
3999,624.9847097050787,164.73652483376972,10
4000,625.011409694585,164.73979523557009,10
4001,625.2695097022776,164.9761674310777,10
4002,625.3496096971085,164.9865163100086,10
4003,625.4297097036749,165.0198630884585,10
4004,625.6255097011583,165.03650341556389,10
4005,625.7145097006912,165.0503148604397,10
4006,625.839109695226,165.08107555856537,10
4007,626.1951096842513,165.32710101546724,10
4008,626.3464096825955,165.34839213047925,10
4009,626.6045096904379,165.4001907749,10
4010,626.7024096950057,165.41910594729285,10
4011,626.8092096922061,165.43592636342564,10
4012,626.9160097011727,165.49581392100768,10
4013,627.0050097010769,165.72637589336853,10
4014,627.4322097048984,166.05799447125275,10
4015,627.5212097047646,166.0711221112204,10
4016,627.5301097085323,166.0774637640623,10
4017,627.6280097131,166.11525772170344,10
4018,627.6458097218217,166.10460164391242,10
4019,627.6458097213666,166.10460164395093,10
4020,627.654709725575,166.0995162942843,10
4021,627.7526097300307,166.3248344435404,10
4022,627.7704097382309,166.3158544880091,10
4023,627.9573097312391,166.5610381054105,10
4024,628.0552097357688,166.79295985056342,10
4025,628.0552097354637,166.7929598504968,10
4026,628.135309730371,166.80531867076792,10
4027,628.2154097256856,166.8180611870695,10
4028,628.3044097252898,166.83246370466307,10
4029,628.3845097324515,166.8394590269263,10
4030,628.4913097409349,167.0661585496716,10
4031,628.6515097437925,167.0274719131774,10
4032,628.6693097519927,167.0182599347645,10
4033,628.6871097607192,167.0144784608671,10
4034,628.9541097604109,166.97277963224815,10
4035,628.9541097595868,166.97277963302997,10
4036,628.9541097578697,166.97277963296642,10
4037,629.0431097568808,166.98857076130253,10
4038,629.1499097658477,166.98780653264797,10
4039,629.2567097625646,167.00109612394837,10
4040,629.3457097620592,166.89619889001722,10
4041,629.363509770519,166.90369328732154,10
4042,629.3813097664314,166.92814737371123,10
4043,629.6572097714535,166.90471388880363,10
4044,629.7551097754997,166.96931653982082,10
4045,629.8441097745109,166.98674187328882,10
4046,629.8441097741295,166.98674187328885,10
4047,630.0221097742788,166.93055895447426,10
4048,630.191209769431,167.20145942141318,10
4049,630.3870097669527,167.29320923283458,10
4050,630.4760097664473,167.17440246189918,10
4051,630.4849097701341,167.1755841043415,10
4052,630.6718097744252,167.1227052948252,10
4053,630.8854097679002,167.32263710544004,10
4054,631.0634097680921,167.33561819449966,10
4055,631.1702097770591,167.30821156776983,10
4056,631.3482097769131,167.32190913619124,10
4057,631.6152097769383,167.30550769868026,10
4058,631.7932097767159,167.33519534680045,10
4059,631.9089097780202,167.37418867214583,10
4060,631.9979097775147,167.43961072331436,10
4061,632.149209785214,167.47214583216424,10
4062,632.1581097893841,167.46026140271985,10
4063,632.184809802543,167.44877400967894,10
4064,632.4518098032017,167.29927387662278,10
4065,632.4696098109184,167.29566184026967,10
4066,632.6565098152478,167.1299749389866,10
4067,632.7455098146687,167.19610316733977,10
4068,632.7633098106928,167.18643196904432,10
4069,632.763309809828,167.186431969122,10
4070,632.7722098135146,167.1746067243467,10
4071,632.8612098135309,167.40412882776437,10
4072,632.8701098162128,167.42708976509354,10
4073,632.8790098199757,167.4282333531018,10
4074,632.9769098234623,167.6590641792378,10
4075,633.0036098244834,167.65844869999074,10
4076,633.1193098258257,167.66949761282885,10
4077,633.1193098249253,167.6694976134446,10
4078,633.2172098283381,167.6882029949759,10
4079,633.3062098278326,167.70067821305062,10
4080,633.3062098274157,167.70067821307518,10
4081,633.3952098267603,167.71320497867686,10
4082,633.4931098307301,167.72786462130452,10
4083,633.5020098339717,167.72917931799915,10
4084,633.6088098428264,167.60771372335594,10
4085,633.6978098428045,167.67366928502128,10
4086,633.7067098464913,167.69661221030887,10
4087,633.8847098462735,167.54043600354453,10
4088,633.9737098452848,167.606780363008,10
4089,634.0983098506572,167.50992307562754,10
4090,634.2229098569582,167.3924815113394,10
4091,634.231809860645,167.41544246913026,10
4092,634.3297098767953,167.36669858517314,10
4093,634.3564098777047,167.39758014862693,10
4094,634.3831098782041,167.3886170017617,10
4095,634.4810098943927,167.37921853546524,10
4096,634.4810098930826,167.37921853622626,10
4097,634.4988098895521,167.38175191164135,10
4098,634.570009891567,167.34129745911758,10
4099,634.5700098912237,167.34129745909652,10
4100,634.6679098950816,167.40290735267072,10
4101,634.685709890844,167.4046717485254,10
4102,634.6857098894958,167.40467174909207,10
4103,634.6946098921776,167.39298495335845,10
4104,634.7569098994119,167.3511450837886,10
4105,634.75690989814,167.35114508358495,10
4106,634.8548099016264,167.4075724689956,10
4107,634.9527099050392,167.47683484345524,10
4108,635.0417099040502,167.54483282237695,10
4109,635.0417099037452,167.5448328223343,10
4110,635.1574099046043,167.49573723814336,10
4111,635.2464099036152,167.56413198061273,10
4112,635.3443099061732,167.63140072535222,10
4113,635.4956099059318,167.70936573196548,10
4114,635.5134099024037,167.72326666922928,10
4115,635.6202099108872,167.61178848529633,10
4116,635.798209910146,167.690375898924,10
4117,635.8961099019423,167.5723110663968,10
4118,635.9228099034468,167.5768034140835,10
4119,636.0207099079382,167.64862600866917,10
4120,636.029609911625,167.65028570628706,10
4121,636.2254099091111,167.90608616581622,10
4122,636.3589099085041,168.04211181891475,10
4123,636.3589099077155,168.04211181898336,10
4124,636.4924099189869,168.1686571141365,10
4125,636.5013099227499,168.1758051461128,10
4126,636.590309922359,168.12601881547224,10
4127,636.5903099220538,168.12601881557495,10
4128,636.7683099222031,168.14834911690068,10
4129,636.8662099261729,168.20881212460145,10
4130,636.9552099256294,168.1598677381586,10
4131,637.0531099300827,168.18340579037715,10
4132,637.0620099338076,168.18457040160865,10
4133,637.2578099430218,168.29764281656298,10
4134,637.3468099430381,168.31481036426857,10
4135,637.4358099430923,168.33244671881187,10
4136,637.6138099428345,168.36217283971203,10
4137,637.7028099423671,168.43478266327202,10
4138,637.8897099468489,168.54892711534308,10
4139,637.8986099509455,168.55009755493893,10
4140,637.8986099506783,168.55009755490056,10
4141,637.9876099506945,168.5620599520133,10
4142,637.9965099543431,168.55038500225731,10
4143,638.1834099587869,168.64368025270002,10
4144,638.2724099581695,168.65604304612364,10
4145,638.3347099545995,168.66351481791648,10
4146,638.4237099546157,168.7371372488122,10
4147,638.5305099513328,168.8348971303114,10
4148,638.5483099600544,168.8586024808331,10
4149,638.6373099595871,168.9330568213869,10
4150,638.7263099586364,169.0079470387989,10
4151,638.7263099583313,169.00794703873058,10
4152,638.7530099598358,169.01208670414618,10
4153,638.8509099643652,168.90294345858842,10
4154,638.9399099643814,168.97834703182727,10
4155,639.0467099733862,169.0651158775401,10
4156,639.0556099770349,169.08769251014684,10
4157,639.1001099870828,169.10211121115452,10
4158,639.2158099888704,168.9919735675483,10
4159,639.2247099930787,168.98032415407528,10
4160,639.2247099927735,168.98032415415076,10
4161,639.3226099963364,168.89534473551635,10
4162,639.3493099978026,168.914540143025,10
4163,639.3849100033754,168.92576503632048,10
4164,639.3938100071002,168.9269807970366,10
4165,639.482810006671,169.0032016653754,10
4166,639.7053100061522,168.98690221854307,10
4167,639.8032100101985,169.06497926554775,10
4168,639.9011100139828,168.95296450844117,10
4169,639.9990100183624,169.03145711337572,10
4170,640.105810015153,168.9270641638834,10
4171,640.1236100116607,168.91666154637915,10
4172,640.1325100149021,168.92443023020076,10
4173,640.1325100140398,168.9244302300465,10
4174,640.2215100130129,169.002355170497,10
4175,640.399510012867,168.97464801044862,10
4176,640.488510012733,169.05343484432615,10
4177,640.5953100217379,169.14344434760358,10
4178,640.8089100283603,169.10961611849265,10
4179,640.8178100325302,169.10454879310873,10
4180,640.826710036217,169.10278053941568,10
4181,641.0314100378425,168.97019958207895,10
4182,641.1204100378205,168.98769462307368,10
4183,641.2094100378366,168.8826607229743,10
4184,641.3162100468414,168.98332807227555,10
4185,641.3162100455695,168.9833280709406,10
4186,641.3162100451881,168.98332807094064,10
4187,641.3340100417338,168.98554782158567,10
4188,641.4497100541735,168.96574011665157,10
4189,641.4586100583817,168.95397898064542,10
4190,641.4675100624783,168.95494293670907,10
4191,641.5743100714831,169.02828118072665,10
4192,641.7701100686332,169.09443942857538,10
4193,641.7790100723199,169.10253043785735,10
4194,641.7968100693491,169.10474654221767,10
4195,641.8146100663783,169.14964215758107,10
4196,641.9303100798966,169.23629327338745,10
4197,642.1083100800458,169.1672479229969,10
4198,642.2596100767589,169.25525916449953,10
4199,642.2774100854426,169.24443781292499,10
4200,642.3753100900103,169.32796342421844,10
4201,642.4821100873226,169.27781094293462,10
4202,642.6690100916519,169.27234414308882,10
4203,642.7936100980291,169.28810376302803,10
4204,642.8470101008979,169.3424172534197,10
4205,642.8470101005929,169.34241725340217,10
4206,642.8470101002113,169.34241725340212,10
4207,642.88261011796,169.33176363530904,10
4208,642.8826101176167,169.33176363528665,10
4209,643.0072101241084,169.37058283482628,10
4210,643.1229101253007,169.4089518013854,10
4211,643.1229101244741,169.40895180127265,10
4212,643.3810101205837,169.42002523929403,10
4213,643.5590101207711,169.43729723425068,10
4214,643.692510118153,169.4538883733446,10
4215,643.7192101078531,169.46492252270517,10
4216,643.808210107424,169.45020877717772,10
4217,643.8883101027766,169.46083131450862,10
4218,643.888310101988,169.46083131451792,10
4219,643.9951100992646,169.48666436815756,10
4220,644.1642100944935,169.48368029431572,10
4221,644.2443100894008,169.49537559292952,10
4222,644.2621100859084,169.51165029894995,10
4223,644.3511100860007,169.49771428894147,10
4224,644.4312100812415,169.50973104842276,10
4225,644.449010089518,169.50971651035485,10
4226,644.6270100897054,169.60525016205133,10
4227,644.7160100893145,169.5916799256489,10
4228,644.7338100862316,169.59470439123893,10
4229,644.8317100906495,169.57742899366224,10
4230,644.9563100969887,169.5320465248936,10
4231,644.9830100862097,169.53084704290436,10
4232,644.9919100903824,169.52020137287008,10
4233,645.1521100815835,169.4853869365944,10
4234,645.2411100810807,169.50653088134726,10
4235,645.2411100806637,169.50653088133961,10
4236,645.250010084722,169.50750467572615,10
4237,645.3390100846999,169.58918373011704,10
4238,645.5348100817381,169.68117051099034,10
4239,645.6327100860441,169.6910939648905,10
4240,645.641610089769,169.71329691630044,10
4241,645.7306100891517,169.66752544456892,10
4242,645.7395100816318,169.66229167311465,10
4243,645.8285100811264,169.8844275923675,10
4244,646.0065100809803,169.75226970521885,10
4245,646.0065100806371,169.7522697052255,10
4246,646.1934100848543,169.70450664290044,10
4247,646.1934100838778,169.70450664269197,10
4248,646.300210080671,169.78296827314253,10
4249,646.389210080499,169.72556417420327,10
4250,646.5850100780943,169.82104480842926,10
4251,646.6829100826623,169.83292520019165,10
4252,646.6829100814282,169.83292520005375,10
4253,646.7808100860342,169.8519809629936,10
4254,646.8787100901566,170.07244214723232,10
4255,646.9677100892061,170.29441516512318,10
4256,647.0122100996343,170.308672264619,10
4257,647.1991101039256,170.5299179364047,10
4258,647.3949101015972,170.66811577641113,10
4259,647.5017100984643,170.6772720472406,10
4260,647.5106101017439,170.67876306690525,10
4261,647.5996101012767,170.69109189947213,10
4262,647.6085101054468,170.69933151124818,10
4263,647.6263101024377,170.70218167685132,10
4264,647.7420101038298,170.78147511375406,10
4265,647.8132101065544,170.69584891490518,10
4266,647.9200101155974,170.71192050516873,10
4267,648.0980101159394,170.6844599115961,10
4268,648.1870101160364,170.64365271742045,10
4269,648.2760101154928,170.59142406004761,10
4270,648.2760101151114,170.59142406004753,10
4271,648.3828101124617,170.71806988681365,10
4272,648.4006101084478,170.69680481553675,10
4273,648.5875101132606,170.7262277752246,10
4274,648.783310110894,170.66521551619357,10
4275,649.0681101200199,170.91424010296691,10
4276,649.2639101172083,171.12900124148143,10
4277,649.3351101198946,171.0439977082865,10
4278,649.4330101242742,171.06557951283577,10
4279,649.6110101246497,170.97418210759506,10
4280,649.7267101264754,170.9773841611734,10
4281,649.9314101281773,170.9940260863163,10
4282,650.109410127993,170.90407354572216,10
4283,650.2340101220061,170.93969982627203,10
4284,650.3497101115439,171.04716010004105,10
4285,650.4387101110767,170.99596570603177,10
4286,650.5188101177931,170.9197928835722,10
4287,650.5544101226942,170.89347501447645,10
4288,650.6612101311085,170.8017824834072,10
4289,650.679010127466,170.8043805159422,10
4290,650.6790101267155,170.80438051584144,10
4291,650.6968101231851,170.82097051025482,10
4292,650.7057101274315,170.84313531992356,10
4293,650.7858101346313,170.76747671214335,10
4294,650.8036101315104,170.7434549611661,10
4295,650.812510134752,170.75175905262327,10
4296,650.8837101364716,170.6680363063063,10
4297,650.9638101436333,170.58586129815149,10
4298,650.9816101401409,170.63023310077656,10
4299,650.9994101482293,170.63283787358114,10
4300,651.0973101522372,170.57858259380865,10
4301,651.3020101543842,170.65625220330102,10
4302,651.3198101625846,170.63911803226398,10
4303,651.4088101625625,170.72266833596663,10
4304,651.506710166049,170.80791035452228,10
4305,651.6135101750158,170.89198687690015,10
4306,651.7025101862075,170.81835030806488,10
4307,651.8182101875117,171.05792267471665,10
4308,651.8538101812417,171.06393720655424,10
4309,651.8983101791135,171.0333028718103,10
4310,651.9962101830836,171.04065484046416,10
4311,652.1030101799124,171.1045783214572,10
4312,652.298810177546,171.3270007444971,10
4313,652.4857101822085,171.34633157321664,10
4314,652.503510190447,171.37692769070938,10
4315,652.5925101899413,171.46184829435018,10
4316,652.7883101991176,171.52137955157565,10
4317,652.7883101984053,171.52137955138096,10
4318,652.7972102026135,171.51623672291456,10
4319,652.8951102069932,171.50309814550673,10
4320,652.9930102114845,171.51716139085218,10
4321,652.993010210658,171.51716139090863,10
4322,652.9930102098313,171.51716139094256,10
4323,653.0019102017134,171.5120117718609,10
4324,653.0998101944003,171.5201211271379,10
4325,653.2867101991749,171.61371124081688,10
4326,653.3935102081417,171.692538839736,10
4327,653.6694102132756,171.80472226133153,10
4328,653.7673102177671,171.81614994843926,10
4329,653.8652102218132,171.8514998512887,10
4330,654.0432102220744,171.88045351024155,10
4331,654.0699102352332,171.87800922898498,10
4332,654.0966102361042,171.88269321306134,10
4333,654.3547102320257,171.93664805931508,10
4334,654.3547102315324,171.93664805929842,10
4335,654.4526102240693,171.89350720188546,10
4336,654.5416102240854,171.90897431576613,10
4337,654.6306102230967,171.92490076325683,10
4338,654.6395102267834,171.91924425117196,10
4339,654.6662102282255,171.9235267728431,10
4340,654.7730102366734,171.9686578862403,10
4341,654.8620102366133,171.98367814389354,10
4342,654.9688102455846,172.02969185619864,10
4343,654.9866102538228,172.02079175492608,10
4344,655.0578102516527,171.99044221855218,10
4345,655.0578102507878,171.99044221736153,10
4346,655.0756102476024,171.98740973178255,10
4347,655.1735102521319,172.02519199072913,10
4348,655.1735102513815,172.02519198956043,10
4349,655.2714102441448,172.03216491777462,10
4350,655.5384102448795,172.1199683374606,10
4351,655.6363102488878,172.14520526273657,10
4352,655.6452102531342,172.1538338565672,10
4353,655.6452102528672,172.1538338564455,10
4354,655.6452102526002,172.15383385640556,10
4355,655.7342102526161,172.1708929334341,10
4356,655.743110256303,172.16571787445378,10
4357,655.7520102604733,172.16727983987846,10
4358,655.8677102623751,172.22975727330794,10
4359,655.983410264201,172.31446775716566,10
4360,656.0724102642552,172.33244041933895,10
4361,656.1614102642712,172.31803281306082,10
4362,656.2504102639184,172.40467987652696,10
4363,656.348310268186,172.29172140622063,10
4364,656.5263102684853,172.3970522064443,10
4365,656.5530102807537,172.385314826913,10
4366,656.6420102807317,172.2798797865621,10
4367,656.9090102809453,172.14140628384826,10
4368,657.0870102812062,171.9849370112346,10
4369,657.1760102801792,171.88048528839954,10
4370,657.1760102793526,171.88048528721868,10
4371,657.2650102793688,171.75849769417394,10
4372,657.4163102858513,171.61430617854134,10
4373,657.5943102861886,171.64802739267256,10
4374,657.6299102922065,171.66699472187608,10
4375,657.7189102916631,171.60917461018062,10
4376,657.8969102914052,171.71544687957785,10
4377,657.8969102906929,171.71544687837533,10
4378,657.9948102951844,171.80412602463676,10
4379,658.092710299714,171.88165300967452,10
4380,658.3597103002605,171.855004133996,10
4381,658.5288102959346,171.8532001662415,10
4382,658.6178102953174,171.84103665430385,10
4383,658.8047102996109,171.88175030395792,10
4384,658.8937102991438,171.90178031929224,10
4385,658.9115103078655,171.898566046688,10
4386,658.9115103070768,171.89856604546011,10
4387,659.0183103160844,171.8993074070888,10
4388,659.125110325089,171.90341046166122,10
4389,659.134010328776,171.90484169562168,10
4390,659.2408103378191,172.01636914343487,10
4391,659.3298103378733,172.03674671094743,10
4392,659.5256103350233,172.14829400927223,10
4393,659.7036103353227,172.1829124985722,10
4394,659.7926103353032,172.19676919037752,10
4395,659.9439103443088,172.18968636120732,10
4396,659.9528103485933,172.2113331058672,10
4397,659.9706103456225,172.1903444518219,10
4398,660.0596103457149,172.27854747040885,10
4399,660.059610345486,172.2785474703176,10
4400,660.1486103449805,172.49497238772193,10
4401,660.1575103491889,172.48915598577796,10
4402,660.255410353235,172.56532305437577,10
4403,660.2732103619949,172.55851215971074,10
4404,660.2732103612444,172.55851215854395,10
4405,660.2821103649694,172.56061681067425,10
4406,660.3889103619127,172.65368241139925,10
4407,660.3978103651541,172.6431982060755,10
4408,660.4868103652467,172.73245398274122,10
4409,660.4868103649035,172.73245398269626,10
4410,660.4957103691879,172.75405768006922,10
4411,660.5847103691278,172.69603074183922,10
4412,660.6559103716642,172.70692833253366,10
4413,660.6559103708375,172.70692833135388,10
4414,660.8339103706533,172.73886698185783,10
4415,660.8339103698647,172.73886698168423,10
4416,660.9318103743942,172.70325078688225,10
4417,661.0386103833656,172.75317708128154,10
4418,661.0475103875357,172.7545681615665,10
4419,661.0564103916323,172.77615737798342,10
4420,661.0653103956904,172.77822983573103,10
4421,661.0653103952353,172.77822983575177,10
4422,661.0742103994818,172.7796242799085,10
4423,661.0831104036519,172.77392749126918,10
4424,661.2522104111348,172.7161536024288,10
4425,661.3590104084116,172.66259551955613,10
4426,661.456910412903,172.62828456364656,10
4427,661.5548104173944,172.57487847323904,10
4428,661.554810417051,172.57487847321602,10
4429,661.6438104165502,172.51985729947887,10
4430,661.6438104156498,172.51985729919346,10
4431,661.6527104198199,172.5212359766534,10
4432,661.7506104238662,172.46127389589643,10
4433,661.8574104212166,172.4503219898636,10
4434,661.8752104182075,172.49352639922895,10
4435,661.8752104174572,172.49352639803163,10
4436,661.8752104171903,172.49352639794853,10
4437,661.9019104182138,172.4947185404807,10
4438,661.9731104209002,172.5662780582705,10
4439,661.9731104203712,172.56627805800218,10
4440,662.0087104265036,172.57386484253846,10
4441,662.1066104310714,172.66515534473083,10
4442,662.1244104391978,172.67619556030556,10
4443,662.160010432928,172.69598460884959,10
4444,662.1778104299568,172.68520966980464,10
4445,662.1956104269859,172.67443201980106,10
4446,662.1956104261594,172.67443201972088,10
4447,662.2846104136638,172.62453087148367,10
4448,662.3113104029612,172.63717370804844,10
4449,662.3647104182746,172.69693787781716,10
4450,662.3647104174862,172.69693787654714,10
4451,662.3914104190287,172.7211952179539,10
4452,662.3914104186117,172.72119521796827,10
4453,662.4092104262904,172.70526371668652,10
4454,662.5160104235049,172.654684331318,10
4455,662.6851104187336,172.4832840170384,10
4456,662.7652104136029,172.43602936707833,10
4457,662.8097104101423,172.40993198690092,10
4458,662.8275104188639,172.42631340872416,10
4459,662.845310415743,172.42900742339194,10
4460,662.8542104195441,172.4303689614547,10
4461,662.8720104167257,172.41996740460291,10
4462,662.9699104211436,172.37021954635048,10
4463,663.0589104211597,172.318917689637,10
4464,663.1568104256894,172.26941091224018,10
4465,663.3170104282517,172.29103154089438,10
4466,663.3170104279845,172.29103154080394,10
4467,663.3259104321548,172.2930107343117,10
4468,663.3971104338744,172.3653075722068,10
4469,663.5840104381701,172.43427973505246,10
4470,663.584010437903,172.43427973498146,10
4471,663.5840104374862,172.4342797350702,10
4472,663.6730104375023,172.45466916282268,10
4473,663.7709104419936,172.47047607055558,10
4474,663.7976104435743,172.4899364104603,10
4475,663.7976104426358,172.4899364104647,10
4476,663.8955104472082,172.5125030674876,10
4477,663.9934104517376,172.5235476864364,10
4478,664.0023104560222,172.5248324692665,10
4479,664.0112104601924,172.52612183379716,10
4480,664.1091104641622,172.5465802325912,10
4481,664.1180104684088,172.56808122740537,10
4482,664.1180104676964,172.56808122734907,10
4483,664.1358104640922,172.55798175272798,10
4484,664.1358104637133,172.55798175263607,10
4485,664.2337104682048,172.55861546951948,10
4486,664.2337104673807,172.5586154683212,10
4487,664.3227104674347,172.43443821839148,10
4488,664.429510464597,172.42312323214747,10
4489,664.4384104687699,172.42534846832538,10
4490,664.4740104751728,172.44698322755733,10
4491,664.6787104777766,172.36423327216158,10
4492,664.9991104937473,172.51991165153603,10
4493,665.1771104936009,172.74964269518472,10
4494,665.2750104978687,172.7838226078855,10
4495,665.3640104978467,172.66043430291086,10
4496,665.372910489729,172.64968595295832,10
4497,665.4619104893,172.66275588528148,10
4498,665.4975104837396,172.68116017488566,10
4499,665.5954104883454,172.6968316905664,10
4500,665.6933104922415,172.71377012844204,10
4501,665.7912104968475,172.72342508431484,10
4502,665.7912104965806,172.72342508432175,10
4503,665.9069104984061,172.7499382050322,10
4504,665.9959104981605,172.76554769839015,10
4505,666.0137104945944,172.76928480072672,10
4506,666.102710494127,172.75182119878724,10
4507,666.1294105068025,172.75735467272912,10
4508,666.1383105109371,172.74500950489883,10
4509,666.1561105196587,172.76808462066333,10
4510,666.1650105237908,172.76967170508635,10
4511,666.1739105279992,172.7640907383618,10
4512,666.2807105251612,172.69094972654,10
4513,666.3697105249919,172.64284271725967,10
4514,666.369710524127,172.64284271609213,10
4515,666.4053105298831,172.66606198029245,10
4516,666.4142105330864,172.66820151139697,10
4517,666.4231105372565,172.6771653391569,10
4518,666.4409105444518,172.6737809898689,10
4519,666.521010539283,172.57668491982284,10
4520,666.6100105390371,172.66659693482526,10
4521,666.690110534428,172.67866381141775,10
4522,666.7969105428757,172.70177632570417,10
4523,666.8859105428537,172.5941838385535,10
4524,666.9749105422745,172.6085021077041,10
4525,667.1084105414345,172.6318164590729,10
4526,667.2063105453307,172.64868480828355,10
4527,667.3754105409665,172.67830067066382,10
4528,667.4644105397158,172.69024211808494,10
4529,667.5712105359494,172.68852256972806,10
4530,667.5801105396743,172.69749043784145,10
4531,667.5890105433992,172.71893188176676,10
4532,667.606810552121,172.74934399332943,10
4533,667.6246105482214,172.72457878245794,10
4534,667.6513105498403,172.70467910591725,10
4535,667.6513105495734,172.70467910590904,10
4536,667.6691105464523,172.72055971115375,10
4537,667.6869105433697,172.7364470086809,10
4538,667.704710540325,172.75234099648858,10
4539,667.8204105422652,172.87431533401477,10
4540,668.0162105398251,172.85324526883656,10
4541,668.1052105398412,172.94388881213666,10
4542,668.220910541743,172.80032278911017,10
4543,668.3188105461227,172.80530567165783,10
4544,668.4256105550894,172.83256881954392,10
4545,668.4523105683628,172.85783409449064,10
4546,668.6659105633305,172.98669549449954,10
4547,668.6659105629874,172.98669549449158,10
4548,668.763810567555,173.02504441225182,10
4549,668.7727105712798,173.0270548853507,10
4550,668.79051058004,173.03772207860905,10
4551,668.8083105769189,173.08050628953941,10
4552,668.8261105856789,173.08409320028682,10
4553,668.8261105854119,173.08409320027957,10
4554,668.924010589308,173.03365685127147,10
4555,668.9240105890791,173.03365685131774,10
4556,668.932910593102,173.0353732357168,10
4557,668.9507106013065,173.03507619534412,10
4558,668.986310600431,173.1206577316245,10
4559,669.0842106049224,173.13905884558267,10
4560,669.1287106085604,173.23371507368424,10
4561,669.2177106086145,173.25440157089798,10
4562,669.3512106125355,173.35588176769352,10
4563,669.3690106208502,173.38633139308573,10
4564,669.3690106203951,173.38633139314834,10
4565,669.458010620373,173.33452294883722,10
4566,669.5648106177234,173.35224668322164,10
4567,669.5737106218936,173.35392843578987,10
4568,669.5737106216266,173.3539284357502,10
4569,669.5826106253896,173.37531204897422,10
4570,669.582610624301,173.37531204956034,10
4571,669.671610624317,173.39724550601235,10
4572,669.8140106326753,173.42636129286512,10
4573,669.9297106345773,173.43228885961742,10
4574,669.9386106387475,173.43039168365084,10
4575,670.0543106405349,173.4436050008978,10
4576,670.0899106396212,173.52909866707094,10
4577,670.1789106395611,173.54595663314592,10
4578,670.1878106436576,173.54766744360336,10
4579,670.2768106435235,173.76145812416618,10
4580,670.3836106524548,173.77736368811537,10
4581,670.3925106567392,173.76495524634882,10
4582,670.4904106610809,173.78236742831103,10
4583,670.5883106656104,173.71822883251673,10
4584,670.6150106668222,173.72360892157076,10
4585,670.6328106638894,173.7269920683748,10
4586,670.6328106635106,173.72699206847344,10
4587,670.641710667757,173.72184107440194,10
4588,670.7307106678875,173.74525551491607,10
4589,670.7307106671752,173.7452555137105,10
4590,670.8286106717048,173.7635013390208,10
4591,670.9710106753782,173.76203653672513,10
4592,671.0600106749491,173.63787344693506,10
4593,671.0689106791193,173.65923375244964,10
4594,671.1757106760243,173.68695166634464,10
4595,671.1846106683519,173.6886296691263,10
4596,671.2914106773948,173.70287291730799,10
4597,671.3003106698368,173.69206442642158,10
4598,671.380410677075,173.70813214911092,10
4599,671.4605106841628,173.72448664904397,10
4600,671.5406106912509,173.74112784482477,10
4601,671.549510695271,173.74262752402927,10
4602,671.5495106949277,173.74262752412068,10
4603,671.6207106976904,173.75701729462148,10
4604,671.6385107063766,173.76136924819653,10
4605,671.647410710473,173.78268651997854,10
4606,671.6741106999584,173.78077344880265,10
4607,671.861010704402,173.82617346891078,10
4608,672.0390107047012,173.68242131677994,10
4609,672.1369107087856,173.70260064637324,10
4610,672.3238107136747,173.59894084702992,10
4611,672.4217107182043,173.62319432181565,10
4612,672.4662107282903,173.63651410993765,10
4613,672.4751107325749,173.65780971115984,10
4614,672.4840107368594,173.65927209950306,10
4615,672.5908107459024,173.70912326391033,10
4616,672.599710750187,173.70386533861654,10
4617,672.688710750165,173.73098037927653,10
4618,672.8667107505787,173.77749976883317,10
4619,672.8667107503499,173.7774997688442,10
4620,672.8667107500829,173.7774997687645,10
4621,672.9023107559508,173.76043128091186,10
4622,672.9112107600828,173.7816970101851,10
4623,673.0892107603819,173.829063553474,10
4624,673.1960107693487,173.85393772452204,10
4625,673.3829107742376,173.76782313031578,10
4626,673.5787107835638,173.69121328181092,10
4627,673.5965107923619,173.68239224200747,10
4628,673.6855107923398,173.70255916426686,10
4629,673.7033108010617,173.73260152106675,10
4630,673.7122108051581,173.73544220010754,10
4631,673.8012108052885,173.7640971380891,10
4632,673.8902108052665,173.7846445363446,10
4633,673.979210805359,173.8136964458185,10
4634,674.0771108098147,173.84526799130353,10
4635,674.1750108143444,173.86041238760697,10
4636,674.2729108184668,173.8990701734297,10
4637,674.3708108229964,173.7835202559074,10
4638,674.4687108275642,173.80140303141556,10
4639,674.4776108314724,173.80445729109437,10
4640,674.5043108329768,173.8214953959114,10
4641,674.5221108417369,173.82819604656407,10
4642,674.6289108391634,173.891746696726,10
4643,674.8069108395389,173.94401152626176,10
4644,674.9048108435114,173.99625231939714,10
4645,675.0027108480026,173.94582089321855,10
4646,675.0027108476977,173.94582089319945,10
4647,675.1985108454076,173.90146810224965,10
4648,675.2074108495775,173.88902245825216,10
4649,675.3053108541118,173.90548545178032,10
4650,675.3053108538448,173.90548545174136,10
4651,675.4121108628495,173.80385091476228,10
4652,675.599010867629,173.72141037422347,10
4653,675.7859108725559,173.63060223098591,10
4654,675.963910872448,173.6852259326971,10
4655,676.0529108724642,173.57798951753946,10
4656,676.1508108768818,173.5264683076516,10
4657,676.1508108765767,173.52646830757257,10
4658,676.266510878821,173.48302929434033,10
4659,676.5246108832662,173.55561110308918,10
4660,676.5602108776295,173.5352323581277,10
4661,676.6937108767895,173.44533043157756,10
4662,676.7827108767676,173.65706276188774,10
4663,676.871710876748,173.70705236983525,10
4664,676.9607108767261,173.7199819564999,10
4665,677.1298108724001,173.7624409198273,10
4666,677.236610881443,173.67965059320997,10
4667,677.3345108858963,173.88079785475202,10
4668,677.6104108910685,174.01897944034778,10
4669,677.9575108873848,174.17849277587501,10
4670,678.0554108918026,174.23143410579763,10
4671,678.0732108887935,174.23404363501064,10
4672,678.1533108841843,174.26373905045605,10
4673,678.2334108796133,174.29379752153406,10
4674,678.4915108756084,174.16506158746995,10
4675,678.6962108777936,174.21228627392853,10
4676,678.7941108704804,174.24768494838833,10
4677,678.9721108701463,174.3005297671141,10
4678,679.167910867518,174.21050621963056,10
4679,679.3459108677789,174.30999207134315,10
4680,679.6307108657719,174.3918472724012,10
4681,679.8087108660332,174.37309255939707,10
4682,680.1647108670129,174.72810059400584,10
4683,680.2893108733522,174.8455498914405,10
4684,680.2982108773723,174.83290364326442,10
4685,680.3071108810971,174.82026101001063,10
4686,680.4050108845099,174.87375593101027,10
4687,680.4228108810556,174.87663368409522,10
4688,680.6898108817143,174.99762453568877,10
4689,680.7788108815424,175.01262622130292,10
4690,680.8856108782594,175.1302837257709,10
4691,681.0636108779634,175.24483190200755,10
4692,681.1526108779793,175.27923548256211,10
4693,681.2594108752535,175.3561533412124,10
4694,681.3484108752316,175.39142828882783,10
4695,681.5353108793752,175.5097467913845,10
4696,681.6243108793176,175.59176647481777,10
4697,681.6332108835642,175.59333906445286,10
4698,681.6510108804431,175.60167519921714,10
4699,681.6866108860157,175.61519299037462,10
4700,681.77561088592,175.71494038862184,10
4701,681.8023108991171,175.746967651425,10
4702,681.8112109032518,175.75573990502062,10
4703,681.8201109075362,175.7592734708947,10
4704,681.820110907193,175.75927347084044,10
4705,681.8201109063689,175.75927347147277,10
4706,681.8468109077232,175.77386141385858,10
4707,682.0159109023567,175.69571205763086,10
4708,682.1227109113996,175.73810859937677,10
4709,682.2562109104479,175.7009584651719,10
4710,682.371910923928,175.63068441941326,10
4711,682.3986109370131,175.61554383251467,10
4712,682.5588109387232,175.70081818636908,10
4713,682.5677109310889,175.7023522297308,10
4714,682.6122109298458,175.7185847286186,10
4715,682.6478109240593,175.73426104785815,10
4716,682.905910919571,175.79564401096974,10
4717,682.9860109133235,175.81578153199447,10
4718,683.0750109122228,175.85319643793727,10
4719,683.1106109164674,175.84962397201434,10
4720,683.1996109159619,175.7950670212224,10
4721,683.2797109104241,175.87438075324798,10
4722,683.4577109107279,175.8311791629151,10
4723,683.6357109104318,175.76471447704316,10
4724,683.8226109147612,175.74271666973993,10
4725,683.9828109177687,175.70652848834473,10
4726,684.0718109177468,175.60202503827634,10
4727,684.0985109186179,175.63557416933259,10
4728,684.2587109215492,175.69250401887703,10
4729,684.3655109188614,175.6132838025204,10
4730,684.4545109184323,175.6280174185199,10
4731,684.4545109176819,175.62801741862287,10
4732,684.4723109258869,175.65037508135353,10
4733,684.6236109360782,175.6422935691241,10
4734,684.8016109480365,175.85348771178343,10
4735,684.9173109611095,175.87575690664448,10
4736,685.015210965601,175.8310427750221,10
4737,685.1042109655789,176.0397307262648,10
4738,685.3000109628053,175.96480322747527,10
4739,685.4958109716099,175.96184624558143,10
4740,685.5937109759896,176.1721040405287,10
4741,685.691610979476,176.1407387139863,10
4742,685.8518109824838,176.10716112101434,10
4743,685.8518109816234,176.1071611211513,10
4744,686.0476109903161,176.27083804469072,10
4745,686.047610989861,176.27083804467725,10
4746,686.0476109886654,176.27083804548255,10
4747,686.1544109970749,176.31338780950978,10
4748,686.2523110015281,176.35408004808147,10
4749,686.3769110190767,176.37668796657667,10
4750,686.4748110221941,176.42541984415013,10
4751,686.7596110201108,176.61621141828954,10
4752,686.7685110242808,176.6099476907293,10
4753,686.973211037599,176.61628417951357,10
4754,687.0800110456371,176.83589203410622,10
4755,687.1156110394408,176.88217798375277,10
4756,687.1245110431275,176.8862632307945,10
4757,687.151211044632,176.8948834575884,10
4758,687.2491110486019,176.85330295042692,10
4759,687.3915110501259,176.80490879074762,10
4760,687.4449110518501,176.81871287128,10
4761,687.7208110451414,176.7498029538605,10
4762,687.818711048666,176.69207336274877,10
4763,687.9967110485583,176.50276198309822,10
4764,688.1747110484123,176.32367977715998,10
4765,688.2726110410993,176.38580315616082,10
4766,688.6464110393371,176.36429127303202,10
4767,688.9134110399194,176.25335689473164,10
4768,689.118111053721,176.35204088783226,10
4769,689.2160110581742,176.37254901716122,10
4770,689.3050110581903,176.34702296514072,10
4771,689.4029110626818,176.3913328893542,10
4772,689.4207110596346,176.39608086878937,10
4773,689.6254110617816,176.31798516188223,10
4774,689.6521110633622,176.3202725496584,10
4775,689.8301110636615,176.24349580285792,10
4776,690.0081110639607,176.2615322033262,10
4777,690.1861110641862,176.32813905081022,10
4778,690.4887110594374,176.4004864431078,10
4779,690.6934110616603,176.34219282233065,10
4780,690.7824110616384,176.36669158647098,10
4781,690.7824110611834,176.3666915866382,10
4782,690.8803110657891,176.37890151475992,10
4783,690.9693110658435,176.35493843654987,10
4784,691.236311066202,176.40041659911128,10
4785,691.3253110661418,176.37725483547428,10
4786,691.3431110748636,176.3775063280077,10
4787,691.7258110776912,176.2234715926809,10
4788,691.9038110780286,176.1221882540854,10
4789,692.0996110756622,175.95986258990388,10
4790,692.1975110801535,176.00133764736768,10
4791,692.3043110775039,176.0445114751954,10
4792,692.3132110817121,176.0456550775455,10
4793,692.4467110809485,176.08942505159544,10
4794,692.4912110796699,176.10489721109835,10
4795,692.6870110772654,175.94499068005368,10
4796,692.6870110769602,175.94499068003134,10
4797,692.9273110838406,175.89968523492036,10
4798,692.9273110835353,175.89968523484643,10
4799,693.034111080814,175.76307912961656,10
4800,693.1320110852673,175.77710196180914,10
4801,693.2210110853215,175.75454409920377,10
4802,693.3100110852995,175.79943163843248,10
4803,693.3545110838004,175.77315266590412,10
4804,693.4435110838929,175.81846094738114,10
4805,693.6215110842302,175.71941843452905,10
4806,693.6393110924306,175.72917395109658,10
4807,693.7283110919632,175.6036101221737,10
4808,693.8173110918675,175.4987545257415,10
4809,693.9953110920928,175.43533449672506,10
4810,694.0487110954184,175.42536095852861,10
4811,694.0665111040641,175.41778610618945,10
4812,694.2712110947516,175.21080642745204,10
4813,694.5382110947767,175.21593499612695,10
4814,694.5649110964762,175.2004466123955,10
4815,694.6717110938264,175.32643771793673,10
4816,694.849711081726,175.31471097688322,10
4817,694.9387110816683,175.21082776960068,10
4818,695.0544110835323,175.22132157917088,10
4819,695.1790110896478,175.14616257108278,10
4820,695.3125110888459,175.02659311381998,10
4821,695.3214110930542,175.02923277621656,10
4822,695.5083110860269,175.02690387594274,10
4823,695.6774110817007,174.80519635693076,10
4824,695.9444110822831,174.81288434639194,10
4825,696.0334110822229,174.70560963777632,10
4826,696.1402110913041,174.60444690113533,10
4827,696.3271110961548,174.74008539935954,10
4828,696.4250111006463,174.61856606336778,10
4829,696.6030111009838,174.54219045187185,10
4830,696.692011101038,174.41878456985836,10
4831,696.7899111048961,174.50270123744133,10
4832,696.7899111045526,174.50270123741302,10
4833,696.8077111015817,174.54408158536967,10
4834,696.8967111016361,174.59178571685933,10
4835,697.083611106375,174.54992127654012,10
4836,697.2794111152178,174.33302345066662,10
4837,697.2794111149509,174.33302345071633,10
4838,697.297211123151,174.34296659396085,10
4839,697.4841111280018,174.22291359411878,10
4840,697.77781113047,174.08465273318157,10
4841,697.8668111294812,173.97745510748658,10
4842,697.9647111340108,174.05269934700607,10
4843,698.062611138057,173.93365787278202,10
4844,698.169411147062,173.8069589451346,10
4845,698.3741111603443,173.72575449251332,10
4846,698.5699111579042,173.87668892546594,10
4847,698.8458111630001,174.05889226547356,10
4848,698.9615111643425,174.09214730656183,10
4849,698.9704111685124,174.08540802831047,10
4850,699.0861111703764,173.99978127036223,10
4851,699.175111169909,174.08810391284507,10
4852,699.2018111710065,174.12263670956213,10
4853,699.3264111650578,173.97910118850916,10
4854,699.3620111588258,173.998013708963,10
4855,699.3709111625128,173.99240638384373,10
4856,699.4599111620454,173.87179421078986,10
4857,699.575611163871,173.73545452434325,10
4858,699.6735111679553,173.66549702783868,10
4859,699.7091111738995,173.64771402453383,10
4860,699.7981111737274,173.5277346333709,10
4861,699.9761111735434,173.51049954216018,10
4862,699.9850111777516,173.53117612966184,10
4863,700.0829111817596,173.43215419007413,10
4864,700.1808111862512,173.3335270762624,10
4865,700.1897111899378,173.3343762968149,10
4866,700.1986111941461,173.32246474931452,10
4867,700.2876111931574,173.20355580833933,10
4868,700.3677111985761,173.3542587683434,10
4869,700.3766112023011,173.35510737821522,10
4870,700.4656112018719,173.23662727543672,10
4871,700.5635112054347,173.18239086625934,10
4872,700.5635112044962,173.18239086631968,10
4873,700.5902112060387,173.18144842207414,10
4874,700.599111210209,173.20218512484706,10
4875,700.6169112067548,173.18052680795725,10
4876,700.6169112059658,173.1805268068303,10
4877,700.6436112073968,173.16134992567046,10
4878,700.6614112160804,173.16451636258915,10
4879,700.7593112205335,173.1942406796812,10
4880,700.8572112249869,173.2244115761107,10
4881,700.955111228588,173.2590063046809,10
4882,700.9551112283208,173.25900630482806,10
4883,700.9640112320078,173.2638297103389,10
4884,701.0797112329046,173.2048051085111,10
4885,701.0797112321161,173.20480510885545,10
4886,701.1687112320942,173.23103296114968,10
4887,701.1865112291614,173.2258364837104,10
4888,701.20431123684,173.22276160605816,10
4889,701.2132112400435,173.21089624345058,10
4890,701.2221112432087,173.20526953507618,10
4891,701.2221112429415,173.20526953520607,10
4892,701.2310112466283,173.2060751772295,10
4893,701.248811254905,173.18960489271703,10
4894,701.248811254638,173.1896048927352,10
4895,701.3645112560183,173.18772691392118,10
4896,701.3912112565561,173.1604228680353,10
4897,701.4001112597975,173.163109784221,10
4898,701.4357112648106,173.18810196753134,10
4899,701.4357112640218,173.1881019677652,10
4900,701.5247112626259,173.2152469357602,10
4901,701.5247112618756,173.21524693591905,10
4902,701.6137112614083,173.2428448709772,10
4903,701.7116112649712,173.29156822935187,10
4904,701.8807112596446,173.41858710894823,10
4905,701.9697112589893,173.44696457001243,10
4906,701.9786112631258,173.44131760982356,10
4907,702.0765112676172,173.47778375897715,10
4908,702.1744112721087,173.49465659731578,10
4909,702.2011112853057,173.47667369707133,10
4910,702.2901112849481,173.54390815903955,10
4911,702.388011289366,173.6058217232576,10
4912,702.4280612823829,173.62987584981,10
4913,702.4547612829589,173.67591910628238,10
4914,702.6327612830726,173.74982877705227,10
4915,702.7128612779417,173.82983190908266,10
4916,702.72176128215,173.82721327221034,10
4917,702.7217612812495,173.82721327199832,10
4918,702.7306612848981,173.83007746681778,10
4919,702.7573612858075,173.82772060057118,10
4920,702.7662612895323,173.84829744321212,10
4921,702.8552612885816,173.82243867671843,10
4922,702.8552612871597,173.82243867721036,10
4923,702.9531612916893,173.80183852604256,10
4924,703.0421612916672,173.77687941241498,10
4925,703.1489612889058,173.7580816191289,10
4926,703.3269612891311,173.6772179053944,10
4927,703.513861293982,173.6765636840241,10
4928,703.6028612934385,173.88222668675417,10
4929,703.7007612979298,174.09694265057894,10
4930,703.718561294959,174.07513426862835,10
4931,703.7274612991673,174.09573343340108,10
4932,703.9232612968009,174.25494745750888,10
4933,704.0122612967789,174.46126044667164,10
4934,704.1190612939411,174.67725234032156,10
4935,704.1368612899272,174.6829402093313,10
4936,704.1902612814749,174.7156928655071,10
4937,704.1902612812079,174.71569286543362,10
4938,704.1902612804193,174.71569286519005,10
4939,704.2970612889027,174.91965259641526,10
4940,704.3326612831897,174.8840882400258,10
4941,704.3415612873218,174.88693965544968,10
4942,704.3593612960052,174.86943034671634,10
4943,704.359361295105,174.86943034669133,10
4944,704.4661613034029,174.94518516886137,10
4945,704.6441613031448,174.97636318495356,10
4946,704.7242612978641,175.05605011432877,10
4947,704.8132612973969,174.94743290812735,10
4948,704.9912612971387,174.96358579546003,10
4949,705.1781613019517,175.1048245748142,10
4950,705.2760613059241,175.1821536102395,10
4951,705.4540613061496,175.32109186269184,10
4952,705.6587612964184,175.44918898353808,10
4953,705.6676613001052,175.4520267010953,10
4954,705.7566613000093,175.38470324260123,10
4955,706.0948612912554,175.6100175828515,10
4956,706.4063612879914,175.79853559516303,10
4957,706.5042612918876,175.72048309572423,10
4958,706.6911612966621,175.73373631038024,10
4959,706.7890613011534,175.63502486219275,10
4960,706.7979613053619,175.62930718914677,10
4961,706.833561311277,175.61019599132825,10
4962,706.8869613130012,175.6270270864076,10
4963,706.9136613260482,175.64479308630555,10
4964,707.0115613187733,175.76721850832274,10
4965,707.0115613179848,175.7672185089653,10
4966,707.1272613192151,175.7080814034123,10
4967,707.1272613184267,175.7080814040332,10
4968,707.2251613223965,175.90901881951203,10
4969,707.2696613094689,175.9419193960444,10
4970,707.3586613089636,175.87713541976555,10
4971,707.3586613075415,175.87713541933422,10
4972,707.3675613116736,175.87994071093337,10
4973,707.5188613090129,175.87394525363214,10
4974,707.5366613171749,175.88128878950428,10
4975,707.5633613186794,175.8743656143582,10
4976,707.7324613260123,175.96762972935474,10
4977,707.9816613163773,176.17074252449603,10
4978,707.9905613201785,176.1598943378783,10
4979,707.9905613188685,176.1598943386784,10
4980,708.0973613278777,176.1219569146728,10
4981,708.2664613347656,176.22938625135077,10
4982,708.5245613421246,176.02427814273491,10
4983,708.5245613417432,176.02427814273483,10
4984,708.6046613361673,176.21106634520592,10
4985,708.6046613348188,176.21106634532197,10
4986,708.6847613302523,176.14589817433193,10
4987,708.7470613261228,176.29134987632798,10
4988,708.8360613255817,176.46653234331202,10
4989,708.8627613261194,176.47822095141984,10
4990,708.9517613257284,176.4142874650367,10
4991,708.9695613339668,176.42150274907223,10
4992,708.9695613334736,176.42150274906672,10
4993,708.9873613421571,176.42337299742826,10
4994,709.0229613482131,176.42206396951212,10
4995,709.0229613474627,176.42206396959722,10
4996,709.1030613541791,176.3391353067319,10
4997,709.1742613569038,176.25371436749194,10
4998,709.3255613548407,176.35597915396457,10
4999,709.4145613546686,176.5329670710103,10
5000,709.5391613487528,176.72585618590193,10
