t,cum_regret_mean,cum_regret_sd,n_runs
1,0.0,0.0,10
2,0.06228137968555357,0.15076755194558597,10
3,0.07038056152362925,0.15148546917988337,10
4,0.07625949616446115,0.15027661661369823,10
5,0.08518979965737213,0.14770234501565233,10
6,0.10197636782999028,0.14561533388574185,10
7,0.20286803730941272,0.30914213411035796,10
8,0.349848603852034,0.43172096032046886,10
9,0.46656840624595136,0.467236534865037,10
10,0.6263732113088862,0.4247023821468213,10
11,0.7268658563597563,0.5820399695620122,10
12,0.830824469699397,0.6870904306419533,10
13,0.9351258696489202,0.770455136540983,10
14,1.0800068376661647,0.8287703844810987,10
15,1.147406074117217,0.8097344792347343,10
16,1.2026915176555577,0.9029895148801239,10
17,1.2185318329741093,0.8939383876684404,10
18,1.2769370240786293,0.913702180352786,10
19,1.3108668050906263,0.9394791197700356,10
20,1.3847269721138233,0.9612375477411448,10
21,1.4464572303670067,0.9503178432395232,10
22,1.503714676163328,0.9474022607392147,10
23,1.5683743366835112,0.9895012886808947,10
24,1.6277676168256447,1.0492568093496608,10
25,1.6870307029809095,1.112730183310469,10
26,1.698784022655325,1.1182166270337666,10
27,1.7455340683464757,1.183572199107205,10
28,1.750494220211852,1.1874782224885878,10
29,1.7925462875290936,1.2624540532765849,10
30,1.8884296604201154,1.3161461326787087,10
31,1.8945123736184937,1.3200027406208532,10
32,1.903526884326089,1.3264993771533766,10
33,1.9556782802204988,1.3147029304617388,10
34,2.030060332467396,1.4137592365493281,10
35,2.0824712981588975,1.520715449365336,10
36,2.1026092185147,1.5364709386295454,10
37,2.157108176180839,1.5074634099214277,10
38,2.205409305114741,1.5481012727848014,10
39,2.2680626938008794,1.6577129834286095,10
40,2.363393590368772,1.76585487035238,10
41,2.4615380401617073,1.8033038427882502,10
42,2.5686000731469694,1.7309338706996427,10
43,2.6307416561366535,1.7703181665619205,10
44,2.686814876156368,1.8813753257224568,10
45,2.835778682388761,1.8166687576099143,10
46,2.888531562375033,1.8075437390856708,10
47,2.892577979876701,1.8064131392135778,10
48,2.9465534275569127,1.8015343999165527,10
49,3.0366147575811704,1.7738580679342177,10
50,3.0964270489193195,1.8243178686049872,10
51,3.1714204692291066,1.7820650236130693,10
52,3.1794081526777354,1.776545731745933,10
53,3.184202951919336,1.7791905961552859,10
54,3.295360637572748,1.8083116473870537,10
55,3.3578329375206906,1.9126815038591922,10
56,3.4090087516586927,1.945616903380512,10
57,3.6003430501712557,2.0314739739866745,10
58,3.6121529464832944,2.0335635400041245,10
59,3.6705320591960047,1.9959780833531815,10
60,3.719288855565158,2.0176272867822926,10
61,3.769052806726227,2.0658707554501756,10
62,3.7778858210685207,2.069417421334839,10
63,3.7895100883893442,2.0725152686439396,10
64,3.8424036829700574,2.1053421279109994,10
65,3.94618855902576,2.1422963865614744,10
66,4.04386984524389,2.163020426859987,10
67,4.056165017559364,2.161430842121621,10
68,4.174913054709198,2.1133617850733137,10
69,4.273354507099556,2.2171310002275963,10
70,4.324771791494532,2.248469996484127,10
71,4.384188665841193,2.1902264002445087,10
72,4.386487429115838,2.1905787082305457,10
73,4.439002926399956,2.2820283491320716,10
74,4.542989795048301,2.327089073933474,10
75,4.631403718906202,2.2584397838760877,10
76,4.683989996776139,2.2094091638571065,10
77,4.739014449283354,2.1739461060693452,10
78,4.868400608074567,2.173729100521491,10
79,4.9229193335368935,2.231580562782687,10
80,4.934992241932883,2.2334626742666175,10
81,5.021620394037283,2.194700536834658,10
82,5.026931764840873,2.1955266832778437,10
83,5.081423410359979,2.1779948459054377,10
84,5.142706035537489,2.127654036988213,10
85,5.209122351886892,2.068384196339146,10
86,5.2610440713358075,2.022443530089318,10
87,5.280176295878931,2.03632298385394,10
88,5.336559029399581,2.044300546849413,10
89,5.386390831373592,2.077067530309142,10
90,5.48534297230568,2.068278766015022,10
91,5.540719191241989,2.08077066728103,10
92,5.636861867349121,2.1267841991461998,10
93,5.6928045908324965,2.0994070400749547,10
94,5.72012834036264,2.0882126169252095,10
95,5.727342429308125,2.0842445019628197,10
96,5.736304072179619,2.0861502536027907,10
97,5.748484483439673,2.0825784321790337,10
98,5.892730806954438,2.0858970669395296,10
99,6.037020741344704,2.109241904156703,10
100,6.099511363800883,2.1228402907405304,10
101,6.207783095167077,2.063018148311261,10
102,6.2607986194164225,2.097804779759138,10
103,6.276006984878228,2.0965600919636844,10
104,6.3825083001385945,2.050840958375218,10
105,6.392698625450635,2.0503337531321413,10
106,6.547124376557275,1.966539064818005,10
107,6.660833214222237,1.9566694670304308,10
108,6.759237742039998,1.914381903917211,10
109,6.826766001643158,1.9252444267993196,10
110,6.880297122313171,1.868208837160906,10
111,6.985422437903526,1.8679025495133643,10
112,7.048634676209092,1.8990075601260519,10
113,7.193411330975913,1.8837854104021579,10
114,7.243292576476991,1.9400105320619312,10
115,7.254027682049869,1.9451190616826224,10
116,7.353173727493418,1.9019270480669317,10
117,7.366493872390587,1.9099455215033623,10
118,7.436936506877115,1.9991015288616103,10
119,7.487515428672047,1.9425247667615035,10
120,7.636790789936322,1.929744535713002,10
121,7.69132810168248,1.9452091141775347,10
122,7.744873283161627,2.006613826934546,10
123,7.796709420478905,1.9748181122484922,10
124,7.993596698646726,1.9771576018509194,10
125,8.146493411869951,2.024101280048102,10
126,8.283289069329255,2.031273576272484,10
127,8.332260519343947,1.9930120820233894,10
128,8.384338009925731,1.9649932547649889,10
129,8.442186587537895,1.9859791774975395,10
130,8.450731983548138,1.9844284023313576,10
131,8.501388767160652,1.9733099318815568,10
132,8.514004749234768,1.972405176368346,10
133,8.627384600680793,2.0717383179153788,10
134,8.639874457203568,2.068674411129488,10
135,8.650983165721913,2.061924682036714,10
136,8.7189910539297,2.150093400373763,10
137,8.732118086559675,2.1539505946347304,10
138,8.745194748302362,2.15399659634356,10
139,8.77808202138487,2.157583786579152,10
140,8.785802218104184,2.1553035310660715,10
141,8.883724513940606,2.2335604938837905,10
142,8.889976682160336,2.2325702359578474,10
143,8.898428784105679,2.2333929144255693,10
144,8.967934361355816,2.2693631623222403,10
145,9.036569376006643,2.3029420796460647,10
146,9.098028493102172,2.332258182459597,10
147,9.20123593367328,2.3593802949011815,10
148,9.302255347357749,2.3337597323217825,10
149,9.326231909129058,2.3130294738526715,10
150,9.43646284280707,2.4129134599106026,10
151,9.517763744819316,2.4695667648900312,10
152,9.614329634477198,2.452328912196537,10
153,9.805261036730714,2.512416549063769,10
154,9.86735430566143,2.578228921133302,10
155,10.003637041548213,2.709874939868001,10
156,10.020785281576394,2.703486153610463,10
157,10.07787721283277,2.7700813186356044,10
158,10.083822448513107,2.7699065534739766,10
159,10.146499088402432,2.811145628489028,10
160,10.2116104781748,2.823528378774817,10
161,10.305562633795777,2.7323448114995306,10
162,10.400074296878588,2.7632276745806883,10
163,10.464932220803181,2.831852269486365,10
164,10.472294767131702,2.8306923226962772,10
165,10.52401570865289,2.832869486584367,10
166,10.540865283012817,2.8425155445181254,10
167,10.585226504745464,2.811677520894582,10
168,10.599702513123148,2.8174694419643385,10
169,10.603376801982915,2.81978159259583,10
170,10.645621086854149,2.8852776053165776,10
171,10.698240466670475,2.7921766105546757,10
172,10.745464760514782,2.865494972542195,10
173,10.860991643391595,2.820021611038672,10
174,10.882279213798526,2.8188387319575723,10
175,10.890989820731651,2.819175238780105,10
176,10.895972826894532,2.8170542093235946,10
177,10.89658186379178,2.816672327971946,10
178,10.952050984330581,2.8174644907391952,10
179,11.005250266286922,2.8353557516394963,10
180,11.115219625469047,2.8836509165739974,10
181,11.174436449122693,2.9042647607711065,10
182,11.238045575279697,2.9794667366204135,10
183,11.24843090414604,2.9796898852171583,10
184,11.266418854670532,2.9875258933426636,10
185,11.274408304972845,2.9946250194556363,10
186,11.340255391650366,2.9691010163847613,10
187,11.346695741793662,2.970788064146863,10
188,11.408287587860405,3.065170022726205,10
189,11.423954700763517,3.0661476862380774,10
190,11.438776859033943,3.07045761631339,10
191,11.443538501162308,3.069732207044805,10
192,11.451053143402545,3.0696291581085564,10
193,11.464740258082147,3.0821017534602677,10
194,11.571961896405687,2.986754168605605,10
195,11.575944494174218,2.985179284174312,10
196,11.6820193892457,2.8761614228201973,10
197,11.74733144184878,2.944875915143829,10
198,11.808099989328843,3.0215338884810876,10
199,11.874289424479127,3.0002968929702187,10
200,11.882911001565486,3.0027231422964054,10
201,11.936741848917404,2.9885154537480263,10
202,11.944935214331732,2.9949122063839675,10
203,11.995915175879299,2.9837487433119083,10
204,12.014178139593263,2.9860102067377032,10
205,12.066965608646655,2.9736579156762946,10
206,12.12034254939275,3.0503097547054785,10
207,12.184474283628335,3.031161004257031,10
208,12.187016440746556,3.0309274036048106,10
209,12.200009517318056,3.0309101567529373,10
210,12.303049379667149,3.0626318335525524,10
211,12.457299859954187,3.1700628541403417,10
212,12.517818810377491,3.125057886662852,10
213,12.57383877778631,3.092217150346778,10
214,12.630337749863617,3.061495775758999,10
215,12.688130667149924,3.0490496168563754,10
216,12.734719862049085,3.1211645859359853,10
217,12.893375368655082,3.152218840142034,10
218,12.933782707489794,3.1532672471211804,10
219,12.947695991414983,3.149441287289762,10
220,13.051030099647623,3.1556762757690278,10
221,13.169664847219028,3.14290122617084,10
222,13.22611105882198,3.151191962906452,10
223,13.42690502500152,3.1289335136386347,10
224,13.435071974986709,3.133625115952035,10
225,13.50747246158716,3.067015592242053,10
226,13.524316974001554,3.0660990793293883,10
227,13.5333623456211,3.0703368709979193,10
228,13.606093225246237,3.048029869254524,10
229,13.654887789609683,3.0351604737420024,10
230,13.753371396642512,3.05715997788805,10
231,13.773130418316214,3.0548696103537054,10
232,13.87372386657544,3.1341739456797733,10
233,13.943755459533145,3.161836993291036,10
234,13.998848171856505,3.194139399663419,10
235,14.09172430915641,3.2108549442901984,10
236,14.105159127799459,3.2115269083821674,10
237,14.212434854725743,3.3195857985242347,10
238,14.21839936226641,3.324736206742657,10
239,14.222777328229459,3.325619377876824,10
240,14.24089490115002,3.3235897077563843,10
241,14.367543582491937,3.3267964637721454,10
242,14.480766884879603,3.3826681212041185,10
243,14.492233809094694,3.3845058604170166,10
244,14.503408085576087,3.392120777943818,10
245,14.551986907456154,3.462816312617575,10
246,14.565020513384471,3.4684617195781122,10
247,14.70883807022559,3.3825942695045965,10
248,14.771441896360761,3.401756323843133,10
249,14.82718678900846,3.4086091761833823,10
250,14.883644158668332,3.446311217013561,10
251,14.897625536536315,3.45228889544343,10
252,14.967257829924424,3.4839937857419527,10
253,15.0190792693594,3.5195977688530866,10
254,15.086593068151,3.537652347047475,10
255,15.10911098912221,3.5423443098727874,10
256,15.208001962387282,3.653525574366677,10
257,15.2154712098174,3.6551057857586113,10
258,15.317679236510793,3.7606060595584743,10
259,15.325681805922837,3.7640173410836013,10
260,15.434518647818896,3.8018697484412063,10
261,15.442650820845458,3.809451623823751,10
262,15.492981461746169,3.8276406398322798,10
263,15.54870606766399,3.8655917987652795,10
264,15.606361407816877,3.9159414615869803,10
265,15.703403814702392,3.9880075743807426,10
266,15.767747061991894,3.8953745334920926,10
267,15.821728484619864,3.9395695474388615,10
268,15.836622865390387,3.920485746622336,10
269,15.910046799349207,3.962200319738508,10
270,15.915460017728796,3.962926260453687,10
271,15.973030576450123,3.8736346478480943,10
272,16.027064072173165,3.7858723878509495,10
273,16.141895749517598,3.754750056586863,10
274,16.19664867014509,3.673851830832355,10
275,16.202094561061877,3.6746908909691043,10
276,16.25356490496498,3.676644308395666,10
277,16.35436619662205,3.6659070970412593,10
278,16.361300232633518,3.6621711442837785,10
279,16.373808032402046,3.656663752275508,10
280,16.380262009759157,3.657346295679771,10
281,16.41532896133094,3.7066641884999405,10
282,16.427372317080575,3.712628121965768,10
283,16.433462182830933,3.715241464675348,10
284,16.4879778720317,3.643359527293068,10
285,16.49469777959869,3.645363352261976,10
286,16.50189624634346,3.6406936969582993,10
287,16.519786500910037,3.626507321214337,10
288,16.575643405346874,3.6766472007405273,10
289,16.64305198046575,3.7071553044548495,10
290,16.746921707534476,3.6913956751654986,10
291,16.798309479011998,3.6759750530743087,10
292,16.800444069149787,3.6771281081924467,10
293,16.80699471995666,3.6771377360338136,10
294,16.81813148701565,3.6766357272127124,10
295,16.871570366733604,3.6795445477277444,10
296,16.887241912569525,3.6809020896774554,10
297,16.890076677818506,3.6796135069694693,10
298,16.90279420968718,3.6857074663995713,10
299,16.908170014606092,3.684997194929324,10
300,16.912072783434834,3.6845675745063122,10
301,16.91826691401473,3.6815784783141914,10
302,16.97457009767978,3.613748867125419,10
303,17.027111470309258,3.55086861023215,10
304,17.02952946760779,3.547332000307281,10
305,17.032376315639723,3.549625330778635,10
306,17.070504153425816,3.575401010045037,10
307,17.126446862702757,3.6271676448540595,10
308,17.17317145127189,3.67382177744798,10
309,17.195021921455684,3.658344936621544,10
310,17.261117188895913,3.7120261147017226,10
311,17.31099960674692,3.702639368277458,10
312,17.31219560579253,3.702914212049295,10
313,17.330541940268212,3.70472983822188,10
314,17.380571807517025,3.7544979676186077,10
315,17.433903303516047,3.758343352121177,10
316,17.445460740374074,3.757163127933112,10
317,17.45141002396151,3.7534331074745766,10
318,17.46075146248865,3.757159200877617,10
319,17.470373146875694,3.7580084032547534,10
320,17.486283856238906,3.7702062181712037,10
321,17.493799031466867,3.7679685183189817,10
322,17.5153718953487,3.7804695902056356,10
323,17.51672697688924,3.780936519346508,10
324,17.56814766036557,3.718313879833188,10
325,17.67290057667166,3.7064455093468625,10
326,17.766828383069917,3.811276468627378,10
327,17.82619571813569,3.869892082430954,10
328,17.932689010782184,3.8688666262155222,10
329,17.95128785128106,3.8605597462519126,10
330,17.969625995639905,3.857766323512583,10
331,18.00965196143679,3.8611939336083907,10
332,18.01702471094148,3.861104432800366,10
333,18.12746312579536,3.8780664026538902,10
334,18.133741754051762,3.8848415588836844,10
335,18.195356930959054,3.9199379733650725,10
336,18.24512130887121,3.9210126960931255,10
337,18.295828738804023,3.904236381042571,10
338,18.35075255414156,3.951870503547827,10
339,18.450323036050353,4.002873544080209,10
340,18.45424266927404,4.002356575979332,10
341,18.470290714818173,4.012264474202109,10
342,18.481429837356785,4.008137649516597,10
343,18.48364939203926,4.008318293701631,10
344,18.496657748005653,4.011758259912449,10
345,18.55049868628648,4.062232718023421,10
346,18.603588902845267,4.117324231891103,10
347,18.613210225465462,4.109989367641605,10
348,18.616621861422665,4.110888643495417,10
349,18.67816570762718,4.165818797641385,10
350,18.681697108829365,4.1633711725868485,10
351,18.683488790620153,4.163904942364853,10
352,18.695837233801385,4.172058720678455,10
353,18.75430239860896,4.233092977592322,10
354,18.809675658350596,4.291310133235162,10
355,18.811805126686423,4.292510648134987,10
356,18.851732511120584,4.333399957838412,10
357,18.86870318323375,4.348374115094871,10
358,18.93578232556062,4.374730347166086,10
359,19.10166908398892,4.340384646860161,10
360,19.249789887512897,4.379340973778331,10
361,19.2618793906375,4.3719912607801685,10
362,19.31426683160545,4.438805294893294,10
363,19.320888642914493,4.441344752464678,10
364,19.41616521890456,4.459082296905174,10
365,19.41973676309077,4.457092182427228,10
366,19.523746899440347,4.395547932027842,10
367,19.57375752394355,4.323321399803133,10
368,19.682522773747426,4.303036616045047,10
369,19.69298642637266,4.302628999654425,10
370,19.69695594162368,4.299536270755784,10
371,19.746915221071568,4.23641547158892,10
372,19.768265978747028,4.2261404960825235,10
373,19.823793281468657,4.180382796410368,10
374,19.93114280278843,4.132882736600386,10
375,20.02537837473936,4.178976155232929,10
376,20.13001266064096,4.078012457520975,10
377,20.134799053357035,4.076751862731332,10
378,20.143474568766905,4.083572190673908,10
379,20.163449038380822,4.08930371973042,10
380,20.173366790636226,4.093451198541539,10
381,20.1924092762635,4.083919719672221,10
382,20.241883639433464,4.150318385357922,10
383,20.25082465238156,4.147181132701261,10
384,20.30416667576898,4.091781429690385,10
385,20.398480779244462,4.112418047309307,10
386,20.401093637671927,4.113539907540044,10
387,20.456667377517753,4.065700974332862,10
388,20.46487592381645,4.071483704954943,10
389,20.598837961048226,4.019392788829577,10
390,20.63212796679542,4.009598486530667,10
391,20.688029288999076,4.028037597573699,10
392,20.75636452491527,3.9943021929104905,10
393,20.805833622806023,3.942475535179609,10
394,20.911582332010774,4.019777698003893,10
395,21.00202030971046,4.11313915079942,10
396,21.075309508814094,4.159841648728022,10
397,21.082200165398195,4.157848488793435,10
398,21.102293368902252,4.15716129999663,10
399,21.128352528151673,4.1288217865195085,10
400,21.219027981027708,4.153524439217381,10
401,21.228829089733914,4.151505069065179,10
402,21.374472402386182,4.230414378118056,10
403,21.436466392788624,4.211451028845852,10
404,21.492205744586684,4.206427261320672,10
405,21.50175300297306,4.199264284740292,10
406,21.607100901768607,4.1719893815150355,10
407,21.63115076144692,4.131021470947646,10
408,21.685119579877682,4.051267008732621,10
409,21.786921605926977,3.9962394977888813,10
410,21.89008336154655,4.035080823797056,10
411,21.999956849245063,4.069653493323611,10
412,22.05108989942684,4.046695546059574,10
413,22.127508228666997,3.988044361887196,10
414,22.185101944665305,3.9052996943448943,10
415,22.28471525438854,3.943012333771983,10
416,22.357878032582924,3.896806183556158,10
417,22.415410401022122,3.8951813452080604,10
418,22.433879844168384,3.884475160425837,10
419,22.489717403826717,3.9486226035887992,10
420,22.591221390972983,4.049872007037985,10
421,22.59878658657261,4.055659407187441,10
422,22.745382881015647,4.097296684238132,10
423,22.848851264407642,4.003085240697103,10
424,22.88612049957598,4.03578823782579,10
425,22.99514247271295,4.027630853558258,10
426,23.09838153888635,4.013848983574065,10
427,23.15156716987878,4.003123897048874,10
428,23.203876024102037,4.067780298989877,10
429,23.20839243541383,4.069736597197616,10
430,23.214923266621668,4.069811041700866,10
431,23.276288040597336,3.9916424723051405,10
432,23.41923739733381,3.98014530312357,10
433,23.436410201005177,3.962829837843242,10
434,23.532653422345042,3.8842386223324836,10
435,23.601694229829985,3.8714122250407246,10
436,23.70319004286631,3.9473820781870064,10
437,23.767940580750857,3.8687875348598144,10
438,23.826737502160558,3.881708521463355,10
439,23.838496692222385,3.8818378238538345,10
440,23.858152545291922,3.8874734306042007,10
441,23.993443341519743,3.9620984226218643,10
442,24.049923559042803,4.004347880019508,10
443,24.102375834216012,3.95875911873367,10
444,24.16188740049875,3.9955659198290463,10
445,24.24688949485526,3.9449031306632714,10
446,24.25713497432219,3.9385449495805296,10
447,24.271917821121452,3.9317483984047046,10
448,24.350367656321584,3.9890083770404914,10
449,24.3677513564617,3.9883927347841173,10
450,24.425558805577957,3.948217879680298,10
451,24.53382575726275,3.9378770761125503,10
452,24.549679459643183,3.94539587264779,10
453,24.561665487477093,3.9520192604636235,10
454,24.578223979305296,3.957065676389512,10
455,24.591988391121,3.955063232955742,10
456,24.64948145653363,3.9037350451713473,10
457,24.73218802112742,3.890951222444184,10
458,24.73914968985257,3.8891041981792416,10
459,24.752151312408508,3.899077119172391,10
460,24.7546532389966,3.899704198411574,10
461,24.759506409063768,3.903716412824692,10
462,24.766380838372363,3.9070800285841036,10
463,24.77474594758949,3.9146808840005227,10
464,24.823375487093124,3.9134143208092533,10
465,24.87738360227901,3.9730302925515564,10
466,24.880279837610384,3.9716429500820905,10
467,24.88684278582067,3.968402606204487,10
468,24.89847156324539,3.9676803824158817,10
469,24.900639902900792,3.9683702697775103,10
470,24.90809357764058,3.9713474997000837,10
471,24.91836416411065,3.973915509329641,10
472,24.980307053491195,3.9990848809931867,10
473,25.03126573811095,3.930513375575631,10
474,25.042477665991363,3.920023900494505,10
475,25.095595890800585,3.9844140674129207,10
476,25.147892388123072,3.9694659259019542,10
477,25.15798801769369,3.9714278017209734,10
478,25.172123465316325,3.963489751658445,10
479,25.189003112180597,3.9577204045339625,10
480,25.2496652494487,3.886474040890872,10
481,25.27305352389117,3.8754983151839215,10
482,25.277691535484536,3.8763713606103978,10
483,25.280730576577767,3.8785933777327117,10
484,25.299887677301168,3.8858558923900666,10
485,25.308105870369396,3.885532014525277,10
486,25.361359655543204,3.872928718196203,10
487,25.38030846258436,3.8794602571681085,10
488,25.442379995275154,3.887665913455936,10
489,25.45781167555085,3.8940330479608596,10
490,25.466023848981603,3.894005689745734,10
491,25.52267129932168,3.9506447822730246,10
492,25.541386743276394,3.9597904463881526,10
493,25.611150592087323,4.020392334694992,10
494,25.632219440326452,4.0291570987138146,10
495,25.697355760891003,4.047203369512904,10
496,25.751267366446292,4.114447214299489,10
497,25.811823533662164,4.1506223901031065,10
498,25.87081344584456,4.212973732864853,10
499,25.917997549903312,4.2003034065614715,10
500,25.934703052824165,4.189725372971237,10
501,25.95042805382824,4.199131968612019,10
502,26.053996013031547,4.193834728285671,10
503,26.056109788856126,4.193432514387712,10
504,26.163181528898992,4.247867771222928,10
505,26.262656597640596,4.197648901955053,10
506,26.4116711714125,4.221087037986793,10
507,26.437828091205574,4.211117405141745,10
508,26.49298732277232,4.275893940936551,10
509,26.676065239372683,4.307076105832623,10
510,26.695163301215484,4.323935558166968,10
511,26.71145283098547,4.341058563479938,10
512,26.74144425988346,4.346251806461244,10
513,26.794656355233894,4.317160919480747,10
514,26.844030346076373,4.262667868532568,10
515,26.942953799470985,4.359132591922067,10
516,26.9937668460338,4.35404839623006,10
517,27.008620809724174,4.332613038097576,10
518,27.019025052147704,4.3339201121880295,10
519,27.0306094478238,4.333944007146033,10
520,27.085006492338312,4.370254281048959,10
521,27.09052235390066,4.375219132718373,10
522,27.14604755857578,4.407356015731895,10
523,27.226326986830895,4.38173752082253,10
524,27.361638711994914,4.4355383452329695,10
525,27.372197178319805,4.439919798709482,10
526,27.422841884871183,4.441071865310104,10
527,27.43468648386395,4.434196603256371,10
528,27.49867389561935,4.419127357416412,10
529,27.552044919990703,4.330782201093498,10
530,27.601815712379146,4.259857944040286,10
531,27.60744793362622,4.262377713279919,10
532,27.661000710261796,4.309137132744958,10
533,27.674527577070897,4.312786330956648,10
534,27.687709558982494,4.306461268920517,10
535,27.70730522907026,4.31487009024805,10
536,27.717754404911936,4.3106786554217535,10
537,27.781247910981012,4.338625955405056,10
538,27.83042996158803,4.388346301953748,10
539,27.885986226030713,4.3272252031356855,10
540,27.89799065188406,4.330929270091294,10
541,27.901321100467527,4.332660224589212,10
542,27.957058009188273,4.275891712413954,10
543,28.014023035706423,4.332993228200944,10
544,28.157901237712828,4.409287207959591,10
545,28.242938467941013,4.471552614565936,10
546,28.304119231034985,4.487169310201752,10
547,28.31536275267996,4.4871683977514145,10
548,28.374203824326987,4.49461441160025,10
549,28.432980347404687,4.562999978694298,10
550,28.539579174174214,4.619470865982008,10
551,28.549345764129935,4.614022829028986,10
552,28.55779993550641,4.619389954352586,10
553,28.561096357768026,4.619972477306335,10
554,28.67341192653823,4.596795478256747,10
555,28.72348901838306,4.62261550588266,10
556,28.791527705196483,4.7141108468470465,10
557,28.7972272918664,4.722525684613806,10
558,28.89766059278072,4.602821586305452,10
559,28.89961717161672,4.603424775682542,10
560,28.94838925334267,4.520769028129874,10
561,29.09405001603695,4.489909262599728,10
562,29.150713127042287,4.576617291543799,10
563,29.16537048006102,4.579936688177924,10
564,29.167605238684605,4.577471672566039,10
565,29.183408693238572,4.561455140710125,10
566,29.232356868517837,4.5246071086230515,10
567,29.23374601642403,4.523873340184458,10
568,29.234527443066344,4.523929338323888,10
569,29.28361435059744,4.449755217756425,10
570,29.389947241118715,4.501351330623732,10
571,29.445195375830387,4.5452960619720075,10
572,29.45427828891065,4.558455391347135,10
573,29.552442464922848,4.452701130264247,10
574,29.55728330245389,4.45546272230169,10
575,29.5717936971729,4.454527214213091,10
576,29.62150438030551,4.388796739676625,10
577,29.624968078743272,4.390580352630666,10
578,29.675212314060552,4.47981414136407,10
579,29.683387928188495,4.482264278247766,10
580,29.746942453806916,4.503831546273257,10
581,29.76006830904273,4.523722141342354,10
582,29.8581625990316,4.648961739077835,10
583,29.958900177513065,4.658544354455448,10
584,30.016804094109556,4.6978941694677525,10
585,30.021747826138533,4.697135207994543,10
586,30.028885191266152,4.7014111590357714,10
587,30.078767905012256,4.739656293207141,10
588,30.08122979897201,4.7414578370272356,10
589,30.15683696532032,4.64249734924409,10
590,30.163910946816156,4.644406854319254,10
591,30.22226405259745,4.70180949913359,10
592,30.27536106765761,4.793646881409438,10
593,30.32399554563016,4.789228447363201,10
594,30.333856140494664,4.792003220034598,10
595,30.43175104974439,4.78641507458645,10
596,30.44025090323304,4.794790772596221,10
597,30.45411580053287,4.798065490350573,10
598,30.54855667490163,4.8046347683955455,10
599,30.55283675296735,4.802224079138938,10
600,30.717083993866634,4.838667349532118,10
601,30.721214105707748,4.841106410306705,10
602,30.77291542240361,4.808527152102257,10
603,30.795536686415524,4.808076037834723,10
604,30.90442432123184,4.730305640391534,10
605,30.963610683140605,4.707552615188856,10
606,31.02087699496377,4.755561986594178,10
607,31.039235610816057,4.758418639591528,10
608,31.094573949852652,4.816370825977059,10
609,31.154828777370767,4.804375836275257,10
610,31.214641001596505,4.866715459918309,10
611,31.27380747260498,4.867218923015944,10
612,31.323410727002557,4.8567393850539835,10
613,31.33478703620362,4.843211110866664,10
614,31.34219171680487,4.84261185767809,10
615,31.391212352136176,4.8401770289667185,10
616,31.393244875728545,4.841217922073627,10
617,31.443427137291053,4.7894998286011115,10
618,31.497009782049457,4.731442909712072,10
619,31.50665633371425,4.729842327019627,10
620,31.55347313601323,4.76658172698201,10
621,31.55820348075732,4.769338591354966,10
622,31.657267510569955,4.805564400815011,10
623,31.710204942854062,4.822716878770224,10
624,31.71468599130468,4.823454534833604,10
625,31.738628196901818,4.803973238522344,10
626,31.745747985588302,4.804281220024766,10
627,31.76766047396875,4.8071715719006365,10
628,31.777752587102412,4.805644192603709,10
629,31.787516953498418,4.8151958971086355,10
630,31.79468319859098,4.822437927613923,10
631,31.811011614710832,4.832083384793462,10
632,31.825719949943654,4.831003275324734,10
633,31.8419075375486,4.840551732378333,10
634,31.9019034548836,4.811698714383887,10
635,31.903807549682853,4.8115202868290705,10
636,31.907011204717122,4.8093504127221856,10
637,31.921462369584514,4.827610164350897,10
638,31.982141792690395,4.808649358475033,10
639,31.98344303912909,4.808354655376879,10
640,32.12831215718508,4.766433090285157,10
641,32.23865845320883,4.772859342680205,10
642,32.338230696395016,4.726779618440636,10
643,32.408524498673216,4.760326258587842,10
644,32.52117012244524,4.837781819291798,10
645,32.57213721737576,4.834798203413777,10
646,32.67737204984746,4.702605713236075,10
647,32.73060899950265,4.705281488439041,10
648,32.83676767359583,4.751786144696362,10
649,32.93404507222064,4.766597113053772,10
650,32.99335995674195,4.831884305583556,10
651,33.0760320170586,4.88715897337988,10
652,33.16356701187961,4.889822533856709,10
653,33.16946793191609,4.888443100108664,10
654,33.25598775267191,4.835358991016186,10
655,33.26188624967263,4.837164711116514,10
656,33.33266706980317,4.914801867889935,10
657,33.38293337253663,4.986101604993418,10
658,33.43575240235478,4.99688998701386,10
659,33.49079155387258,5.018789684024906,10
660,33.54502402678265,5.046180633221183,10
661,33.59597209422064,5.068256152890441,10
662,33.662796842445914,5.1293538256139115,10
663,33.82821894113486,5.2305954039193665,10
664,33.94228936594319,5.326249420811553,10
665,34.00397558782966,5.301515297412425,10
666,34.05509831843337,5.278465946685803,10
667,34.10464022069462,5.24008281896955,10
668,34.150159534022286,5.197918788415623,10
669,34.15564129499675,5.201391061092389,10
670,34.211626545539346,5.21504943494593,10
671,34.21601360711442,5.212413930397942,10
672,34.223236503320386,5.211159994925789,10
673,34.29889184296362,5.282764257911979,10
674,34.421509391034554,5.260339187207305,10
675,34.512666104967444,5.22021855419829,10
676,34.568177920217536,5.196310578214163,10
677,34.57489809489726,5.203236809290692,10
678,34.57859647203525,5.204712393254845,10
679,34.62777718721639,5.274917960586763,10
680,34.63470973938802,5.277922966702916,10
681,34.69456620756878,5.342509254609999,10
682,34.704114941009855,5.347846467580322,10
683,34.70687932073427,5.347577049368357,10
684,34.756574654961966,5.302037845143984,10
685,34.80610697514733,5.377669109254902,10
686,34.9054294211428,5.389805706890197,10
687,34.91381240990925,5.393363813593424,10
688,34.93587456028913,5.380465949893741,10
689,35.003600082868054,5.360728463109223,10
690,35.049536821939306,5.41397718915975,10
691,35.14537426644316,5.495414108062349,10
692,35.15273043866177,5.497565311510155,10
693,35.20666958556902,5.523698043346487,10
694,35.26691219341975,5.595165598350176,10
695,35.31989364961603,5.567673698428933,10
696,35.375528729249154,5.5504343074388975,10
697,35.48811268170121,5.521981566080652,10
698,35.53798433546169,5.525675509099202,10
699,35.588667807565166,5.5098651918117385,10
700,35.65968482920588,5.490915322843621,10
701,35.66303245307316,5.490674769723695,10
702,35.71544966972673,5.518072867116412,10
703,35.73011794050202,5.521800395313251,10
704,35.781873064699695,5.532439934419984,10
705,35.84269583544651,5.574931543285611,10
706,35.9009089706005,5.59016464985575,10
707,35.915766710301405,5.575849701487939,10
708,35.922663261524264,5.578005522474318,10
709,35.92578032169703,5.58133430033439,10
710,35.93367191725235,5.577992181201055,10
711,35.95582887492367,5.5757982854039865,10
712,36.01659187354008,5.6459245520169485,10
713,36.02321089696455,5.648154993916364,10
714,36.041125280856605,5.645911897186689,10
715,36.096432682627636,5.607791228700479,10
716,36.10599410032812,5.612046515569676,10
717,36.11899920818842,5.616598733923719,10
718,36.122890782406294,5.6164715510044765,10
719,36.12979451032695,5.618498603089422,10
720,36.13211968719018,5.619197520898911,10
721,36.13923302718553,5.616986379771349,10
722,36.199275763726895,5.592889583234083,10
723,36.210393158814135,5.58143758193865,10
724,36.33303164306781,5.619640765062805,10
725,36.33683835389995,5.623054606191341,10
726,36.34461058104755,5.620009657050481,10
727,36.34925919474074,5.619416333320036,10
728,36.38698563829481,5.639061768750456,10
729,36.38930352981514,5.638292262563029,10
730,36.44291345667152,5.647206637453171,10
731,36.45325359088726,5.640727740290563,10
732,36.505709140327326,5.62364335092617,10
733,36.520924550797034,5.633244328586223,10
734,36.54118488226078,5.642257618658535,10
735,36.59238514332419,5.631328645381061,10
736,36.611774920904615,5.6453627409325815,10
737,36.62343968775798,5.636874800261469,10
738,36.64408993924857,5.635922585946518,10
739,36.73764159922172,5.738422706532848,10
740,36.786358678001875,5.804193539179229,10
741,36.84046968270722,5.869006282097303,10
742,36.89245458512425,5.831971622002195,10
743,36.90185170027196,5.83884041438275,10
744,36.90600346517535,5.8355641282519874,10
745,36.910260833614814,5.833636056410938,10
746,36.91407446267564,5.834599808067211,10
747,36.926795525944186,5.833010312054282,10
748,36.94225749834071,5.822922804334208,10
749,36.95114966259372,5.834961910120846,10
750,37.01102908642781,5.803557212706759,10
751,37.06076545411361,5.794294911269012,10
752,37.1486058586391,5.855783257601609,10
753,37.15742846025581,5.848333681569495,10
754,37.21381706023499,5.832248779867855,10
755,37.25107410713632,5.861112912773578,10
756,37.302987919156806,5.89927866807408,10
757,37.417478029181794,5.943295526041541,10
758,37.51031584325547,6.036733471663267,10
759,37.522582479354625,6.0406185521690805,10
760,37.577833414512654,6.125067636207734,10
761,37.63061068863701,6.055630802332018,10
762,37.635371398341846,6.05546770128293,10
763,37.64280118125158,6.061198143392555,10
764,37.6695208302214,6.072110196042194,10
765,37.67397041485369,6.0725492789869495,10
766,37.75698201256135,6.102276500819741,10
767,37.76873590230056,6.103793792524089,10
768,37.780605532847744,6.103307161923967,10
769,37.8109718345121,6.107625031116561,10
770,37.86258773289437,6.155355495584921,10
771,37.86919862264186,6.152142418391507,10
772,37.87446827919196,6.146528304470374,10
773,37.88468759453324,6.139265582275797,10
774,37.89146216368374,6.1428931883430185,10
775,37.94568265348203,6.191077488073634,10
776,37.94910222124076,6.194683125665659,10
777,37.95164939106282,6.1950778832715,10
778,37.96863365580179,6.209725632779557,10
779,38.018688998118165,6.258648319920825,10
780,38.02690382680047,6.267024179694078,10
781,38.06256603878342,6.301157578381089,10
782,38.0650499694536,6.300089135614286,10
783,38.07215596702049,6.29333364766428,10
784,38.16764469001624,6.271140165747201,10
785,38.2211546173859,6.325568739557518,10
786,38.2257622716356,6.329659857650022,10
787,38.27440586575996,6.3884052088125935,10
788,38.36614651782406,6.440411544044444,10
789,38.46107329031347,6.359414360409428,10
790,38.64947084393996,6.36496270020155,10
791,38.70860893591928,6.293380798759244,10
792,38.77978652830014,6.347705523415346,10
793,38.79085896630067,6.345301043898166,10
794,38.79268473064481,6.3462554459856735,10
795,38.795805485229536,6.346657511472597,10
796,38.845308303079506,6.4096402215504,10
797,38.89584557051831,6.479791872698645,10
798,38.901493166753404,6.482088217669329,10
799,38.90993427098196,6.490909776238423,10
800,38.917734591935,6.488764502605184,10
801,38.920557113347016,6.488091848203688,10
802,38.97052335645169,6.420666414972512,10
803,39.06855949170224,6.549201964050733,10
804,39.10822108200768,6.581715033195618,10
805,39.11703990519957,6.58164912089641,10
806,39.12961648929931,6.59670507601112,10
807,39.13626744043603,6.605162620338294,10
808,39.21726518870937,6.71403736147804,10
809,39.22648894673116,6.724898863673356,10
810,39.23030265737059,6.725399381846963,10
811,39.236428860073865,6.724957679434389,10
812,39.28585675831761,6.794159386687834,10
813,39.28944847993407,6.795632715735879,10
814,39.35049800173012,6.788735330183179,10
815,39.35268612982486,6.788554771725661,10
816,39.35727125751544,6.786884818096906,10
817,39.36214851204661,6.787972783202391,10
818,39.36716983878536,6.789061371585952,10
819,39.375309097365594,6.798295680587031,10
820,39.380433766648416,6.796116533772607,10
821,39.38644386160559,6.80235223522967,10
822,39.39629437007299,6.800956742894993,10
823,39.40068161203338,6.804851981825015,10
824,39.45173250945479,6.814428526721329,10
825,39.5209420606734,6.881833220927942,10
826,39.52962646319484,6.887218466193025,10
827,39.5332635638207,6.884845880597913,10
828,39.54075642761694,6.886082721327304,10
829,39.56610242465818,6.876820300496561,10
830,39.61685190068867,6.815782290530367,10
831,39.677441268271636,6.826162178083433,10
832,39.77093465115136,6.956648233279891,10
833,39.775435740015055,6.957081453165204,10
834,39.78160012452829,6.959660265626496,10
835,39.793934978844774,6.968887563536993,10
836,39.79705443391477,6.971520264008977,10
837,39.85313764680448,7.055111158268041,10
838,39.913058789567,7.133855115187995,10
839,39.92428210185598,7.13331127242898,10
840,39.933631973230675,7.128491064657356,10
841,39.95487333172729,7.151288161967217,10
842,39.957387001787914,7.151864652053664,10
843,39.992690512089624,7.194955132714318,10
844,40.04841204394255,7.203822101994489,10
845,40.05149456449222,7.203805770378743,10
846,40.056758309291496,7.202865013490988,10
847,40.11126268556481,7.282439714474433,10
848,40.1512095202093,7.23074217323097,10
849,40.15840379510267,7.235810910793715,10
850,40.162224366068784,7.234793730333433,10
851,40.25180904095687,7.263067300936651,10
852,40.25657590807755,7.263555502347706,10
853,40.25865596913765,7.263008568672493,10
854,40.31649405574586,7.265909932572207,10
855,40.326499993739276,7.25711948586507,10
856,40.34297261621769,7.25023492874696,10
857,40.364594947475965,7.241394069385581,10
858,40.36740586111838,7.241195148487173,10
859,40.37719980683524,7.238712865126787,10
860,40.41972150276703,7.206675457735109,10
861,40.42352827669297,7.205999435538623,10
862,40.468373457240524,7.154208323835507,10
863,40.62886060297602,7.159507454944564,10
864,40.682360068800264,7.225151442043962,10
865,40.78538916216053,7.24603574690649,10
866,40.857683808822934,7.292639976013526,10
867,40.87371102490364,7.297535247223299,10
868,40.933737191361175,7.369940343236327,10
869,41.02835798615288,7.341241634024619,10
870,41.04279739319402,7.356842280673232,10
871,41.150542782082034,7.400426686505068,10
872,41.160383943524806,7.398035544203187,10
873,41.175755512344715,7.420112736718604,10
874,41.19436528797483,7.4147660662035255,10
875,41.25228871900708,7.453908133609886,10
876,41.36370413024568,7.4796068237572975,10
877,41.42459027416855,7.42860916339872,10
878,41.43223721454591,7.430762598629849,10
879,41.44082064993456,7.423678248475617,10
880,41.48370973037889,7.394462450208051,10
881,41.493882584908036,7.4047144653454255,10
882,41.51539939214389,7.415309590314369,10
883,41.51903969650621,7.41777590767605,10
884,41.61324743349375,7.450486892262759,10
885,41.61814110984925,7.453100310776257,10
886,41.670584646160805,7.52815222024869,10
887,41.680494507103106,7.540985311149204,10
888,41.72255162644322,7.588946336225756,10
889,41.77714842332315,7.536066070012725,10
890,41.79139018933184,7.527550958762795,10
891,41.89235338909078,7.495153119460781,10
892,41.941966193186765,7.548626561733801,10
893,41.948617256095744,7.555466477478174,10
894,41.989324629005026,7.515699585840633,10
895,42.00106090463778,7.50950260231569,10
896,42.102197805507174,7.576230915221956,10
897,42.16680735917916,7.639003512667407,10
898,42.174074136436765,7.645939842657934,10
899,42.17678857421305,7.645601961158327,10
900,42.18377175483862,7.641650565480207,10
901,42.20261679171269,7.65847991368325,10
902,42.22343996755325,7.673907320554304,10
903,42.23465015813662,7.667159300875643,10
904,42.2497814718268,7.6794141007994074,10
905,42.257775605252554,7.6847164086138475,10
906,42.26712778991627,7.6811477039938305,10
907,42.323361612939365,7.639403694647714,10
908,42.423875326292865,7.7196397860780515,10
909,42.43166228122522,7.721534382827069,10
910,42.44551362376029,7.72695554366869,10
911,42.49595101960771,7.694183663034813,10
912,42.54596264081737,7.6667004202280395,10
913,42.59669467102303,7.741623995092721,10
914,42.697884256404436,7.873264104330808,10
915,42.75858727329868,7.929503275000408,10
916,42.81163003858164,7.881119828279901,10
917,42.86335705577574,7.840204343928939,10
918,42.92106823053639,7.801960847527077,10
919,42.971107894959005,7.874672917804713,10
920,43.11824053497488,7.896578004672664,10
921,43.22113627764624,7.951396885337547,10
922,43.320493653773724,7.888004612550446,10
923,43.376168083833875,7.855834282345604,10
924,43.42859594821401,7.931513963737625,10
925,43.43201344691384,7.93497838611572,10
926,43.576395698691584,7.8116591572882585,10
927,43.584030940505855,7.815703723928707,10
928,43.63467721262146,7.784952573471021,10
929,43.73251709511781,7.81546190817948,10
930,43.74668180709529,7.821085505352322,10
931,43.797486372328635,7.809040437923943,10
932,43.80613743163995,7.810788663631486,10
933,43.85793800621186,7.801135691786956,10
934,43.88057595311889,7.827205321613975,10
935,43.884291214278846,7.82814372033902,10
936,43.88721057530425,7.830715048489339,10
937,43.9514606655213,7.803363464524803,10
938,43.99866197190385,7.799602404689526,10
939,44.04913360556729,7.877092942053186,10
940,44.0690048791795,7.90719644325307,10
941,44.1335610792418,7.91921655369947,10
942,44.174789598671865,7.913201563574365,10
943,44.18947445049105,7.907443911355561,10
944,44.33269613669469,8.035713497538943,10
945,44.34368765452677,8.039804178782864,10
946,44.35030070674408,8.039993114624426,10
947,44.495101880550806,8.172092024980605,10
948,44.55133212542724,8.237732331783386,10
949,44.57065291209141,8.229717635662752,10
950,44.66812853352546,8.189193022504107,10
951,44.71816984271498,8.27287937835651,10
952,44.729480888771064,8.274479206568753,10
953,44.74307605964791,8.282061005512869,10
954,44.75842519270372,8.282368558378653,10
955,44.807264068420125,8.364367865453746,10
956,44.8140716000114,8.363270917112281,10
957,44.86952839194963,8.372812013435839,10
958,44.920119906329276,8.457401639791062,10
959,44.9751656272104,8.5203574084566,10
960,45.03069552166329,8.60237567590127,10
961,45.03503467935799,8.60766300591238,10
962,45.04571699396109,8.615823638216124,10
963,45.0565008167208,8.622586093575103,10
964,45.16016439151125,8.67311647680939,10
965,45.16416339646733,8.673257727269297,10
966,45.22106010586616,8.637000195735174,10
967,45.22566391685681,8.63906579362922,10
968,45.22930885832979,8.637121014594234,10
969,45.33063086467545,8.671325214532967,10
970,45.33605990433117,8.67596215477721,10
971,45.380849648946985,8.652818515731372,10
972,45.4352922180963,8.62949424955386,10
973,45.573878261122374,8.532996810758007,10
974,45.72265862203787,8.430584114519714,10
975,45.83299643871762,8.349050334956559,10
976,45.84011440943907,8.345872300791331,10
977,45.852116876493206,8.34411535199876,10
978,45.94590357114347,8.319270229977459,10
979,46.12083642274676,8.239881644720306,10
980,46.177570391566746,8.332626408197155,10
981,46.1805464509903,8.33252145172504,10
982,46.23653961614553,8.382230119781603,10
983,46.296911877456786,8.387677200008893,10
984,46.34923619208736,8.441449900212325,10
985,46.354407864065884,8.439233207169247,10
986,46.454151789967355,8.400623927762856,10
987,46.51648587537592,8.389722860839523,10
988,46.59214694254743,8.430617602175795,10
989,46.599725111016184,8.428066551995222,10
990,46.697760313795,8.509187793332059,10
991,46.70834126073373,8.509982912646098,10
992,46.715188984223126,8.50960644510645,10
993,46.77357713041654,8.599970520933525,10
994,46.82418330908408,8.655314368892853,10
995,46.82803976784102,8.655450997346945,10
996,47.02250475185642,8.731161044419666,10
997,47.075483820500196,8.657643868847208,10
998,47.12585981166499,8.71202338093618,10
999,47.225998517007895,8.789943199924735,10
1000,47.28630077643538,8.8844715535469,10
1001,47.34343100378177,8.889628395409089,10
1002,47.355382899064765,8.896723202178887,10
1003,47.502798758624174,8.825250615834365,10
1004,47.53020387496248,8.829709928023288,10
1005,47.596429141403156,8.882321368389913,10
1006,47.60700590303458,8.878272608820781,10
1007,47.6558796198018,8.855951665301577,10
1008,47.70289501798353,8.854077738264223,10
1009,47.76994975169309,8.83840050175894,10
1010,47.820155339336175,8.826608154667761,10
1011,47.82102264334754,8.825966440085752,10
1012,47.82765210509638,8.832389714330416,10
1013,47.83081160959059,8.833612457728828,10
1014,47.92646345809784,8.7620684215514,10
1015,47.954203563568115,8.74344564425236,10
1016,47.95597935491301,8.742337391433173,10
1017,47.965124882507375,8.749893684524052,10
1018,48.020168765138024,8.696486728077206,10
1019,48.032073795341944,8.703931111149465,10
1020,48.082650433860564,8.633762458695063,10
1021,48.09406316444154,8.636979540368975,10
1022,48.1431005683105,8.624679705770323,10
1023,48.14500662388095,8.623799872152912,10
1024,48.23877885997345,8.604609859655278,10
1025,48.30438670602719,8.606711095977037,10
1026,48.3592777802144,8.610008522525055,10
1027,48.454477995976696,8.604818451509589,10
1028,48.50435012117295,8.583640371503499,10
1029,48.54714106509105,8.523064692482938,10
1030,48.59874831562088,8.50365329870206,10
1031,48.65523207924748,8.49152777290306,10
1032,48.70976979567667,8.48034806646191,10
1033,48.762754325511295,8.462548729469553,10
1034,48.80078689331843,8.4697408716273,10
1035,48.81572286821533,8.473903159859796,10
1036,48.86235249585087,8.47979341520756,10
1037,48.87033316560809,8.480604003584224,10
1038,48.97223282597645,8.581723334957575,10
1039,48.978307297408506,8.584773274745586,10
1040,48.98444703112822,8.585527115552651,10
1041,49.04006030945087,8.603105174844941,10
1042,49.043696575866875,8.604941953871405,10
1043,49.09351541036408,8.693094461917175,10
1044,49.242226540535434,8.711527248627174,10
1045,49.2527736733533,8.706172392202719,10
1046,49.34937222501955,8.770539932963537,10
1047,49.3528607432876,8.771942053822782,10
1048,49.40920029116939,8.731394231248624,10
1049,49.42091503575982,8.736015673882397,10
1050,49.504084630685355,8.715744351854285,10
1051,49.55597056501873,8.678060014078932,10
1052,49.664949547164824,8.637084552454578,10
1053,49.67367124743744,8.631535308075742,10
1054,49.73433429361993,8.621321364126759,10
1055,49.746878132647836,8.622238021865805,10
1056,49.83124530653576,8.628680232055228,10
1057,49.83957772009329,8.625629196791056,10
1058,49.84443942441213,8.624970560638854,10
1059,49.850167761310885,8.622768370543094,10
1060,49.90418665989152,8.574711294175312,10
1061,50.03657512464325,8.595485760392933,10
1062,50.04009309033171,8.596463387468372,10
1063,50.093151856546505,8.643844921908231,10
1064,50.09510491086703,8.6425558629626,10
1065,50.11272202584793,8.653505806249255,10
1066,50.116492560638086,8.653111577562292,10
1067,50.122044014255685,8.650671809366957,10
1068,50.21851120833645,8.662421622378686,10
1069,50.266282726140794,8.713977721573784,10
1070,50.272839657770874,8.716431545360855,10
1071,50.32623376402442,8.76799021938166,10
1072,50.37996608083729,8.820458553972033,10
1073,50.39317260597623,8.826388840682867,10
1074,50.40034143401518,8.825964020868078,10
1075,50.453272163276054,8.791307972852346,10
1076,50.45773217652755,8.788986383488943,10
1077,50.466754768184074,8.783951767193079,10
1078,50.468736734359446,8.784270188811021,10
1079,50.52138851916982,8.751753228762844,10
1080,50.5307472968952,8.761262409068081,10
1081,50.539466771107,8.762931191321362,10
1082,50.543887377283035,8.761805408331401,10
1083,50.54972262978117,8.760703383833562,10
1084,50.566528472893495,8.780582745822285,10
1085,50.56893664058481,8.780380195893184,10
1086,50.63990314425219,8.836189367113134,10
1087,50.69349517708801,8.867729902666301,10
1088,50.80622677250468,8.843370649152437,10
1089,50.83534816269083,8.872820775409211,10
1090,50.84151988823988,8.868146275499385,10
1091,50.84625895847334,8.867094894982253,10
1092,50.85637817417636,8.863102185445754,10
1093,50.86030895761887,8.864171720770447,10
1094,50.90153492627026,8.912235150755206,10
1095,50.90478753124821,8.912544959863636,10
1096,50.90938457881022,8.910958329619236,10
1097,50.91368805380056,8.909346397765814,10
1098,50.97608849794754,8.89097244278555,10
1099,51.04230767365296,8.879081084586126,10
1100,51.09636066134182,8.854832979315912,10
1101,51.14582699989072,8.897359493585359,10
1102,51.17685422127347,8.922695483871369,10
1103,51.18903083774656,8.92293239642736,10
1104,51.20631762200907,8.920025760480083,10
1105,51.212708141251696,8.922623682200168,10
1106,51.30895096176872,9.044525551807437,10
1107,51.31678311441577,9.039461737511486,10
1108,51.37393952653895,9.1092004614471,10
1109,51.38553818410403,9.119712998542752,10
1110,51.44424353298647,9.124527400932726,10
1111,51.44745627402754,9.12483785576519,10
1112,51.452306989677176,9.123695409828828,10
1113,51.55047511770141,8.98899818586777,10
1114,51.653157389719965,8.895334246999333,10
1115,51.65758093064612,8.898756740611946,10
1116,51.71296730169903,8.949846991700449,10
1117,51.809588676812645,8.857508137285254,10
1118,51.953909408929896,8.849648862207456,10
1119,52.05362223200283,8.715115253265854,10
1120,52.12544658559375,8.755685686582336,10
1121,52.162679559610204,8.768183868671732,10
1122,52.16975828210832,8.765690147076278,10
1123,52.22634094394455,8.769312230408493,10
1124,52.234093536551846,8.765563865843816,10
1125,52.244169810170135,8.762801778368365,10
1126,52.30042659021625,8.822059752053331,10
1127,52.30334080854635,8.821709127235088,10
1128,52.35540564449589,8.761709926781052,10
1129,52.38014590667568,8.788473373911938,10
1130,52.48851686843225,8.721156014456566,10
1131,52.492356025123456,8.72157551704477,10
1132,52.547258016513716,8.719914568820803,10
1133,52.55043362582592,8.718587283380392,10
1134,52.56912760027584,8.733751961597717,10
1135,52.575353722753256,8.733548695971402,10
1136,52.673544905378186,8.796242835898852,10
1137,52.679478675666076,8.799584551913807,10
1138,52.68517984840351,8.799566386679167,10
1139,52.73970594043541,8.759191918756212,10
1140,52.74786913040161,8.767243794911897,10
1141,52.85513770551597,8.726360453697799,10
1142,52.90266085125288,8.803492740766883,10
1143,53.00078307588109,8.889908806213548,10
1144,53.0967802769991,8.873197475997992,10
1145,53.10759219458841,8.869515076649929,10
1146,53.11211640119866,8.868956794644369,10
1147,53.2091982016225,8.775537939009203,10
1148,53.22177593613443,8.762534468174792,10
1149,53.22790297536934,8.761313810454208,10
1150,53.23447643636971,8.758106164031712,10
1151,53.330089705864886,8.676454792107451,10
1152,53.33555648934596,8.674450283412098,10
1153,53.381610819862736,8.695642877483607,10
1154,53.39907093932673,8.689317332462352,10
1155,53.40887816697881,8.689056945371087,10
1156,53.459020016021256,8.707301333150399,10
1157,53.46790718595768,8.704932053158204,10
1158,53.481446805069005,8.69103240884071,10
1159,53.483994259086195,8.69274204157656,10
1160,53.49196640047668,8.694344873435863,10
1161,53.49570999586924,8.693387412685787,10
1162,53.511025478325244,8.701210321512688,10
1163,53.56827097328072,8.786859592797457,10
1164,53.65776889972661,8.873351854922713,10
1165,53.67115729875419,8.871453427140828,10
1166,53.67255089046383,8.871744270584175,10
1167,53.67806663102139,8.867562096971527,10
1168,53.719527113415175,8.915271273168624,10
1169,53.725233906463494,8.911312471986315,10
1170,53.773665680994895,8.890349208327422,10
1171,53.779706617792,8.884696522226058,10
1172,53.84300739639482,8.844564282590515,10
1173,53.84618147424177,8.844218672203787,10
1174,53.862850904227535,8.847000956267557,10
1175,53.87151731852005,8.855227329238625,10
1176,53.88907023041929,8.863789087187373,10
1177,53.9462935828485,8.877898407983444,10
1178,54.09279900517718,8.845331699252073,10
1179,54.150319481458006,8.900457031628424,10
1180,54.152053246245075,8.90052828219776,10
1181,54.20518992674007,8.861604264706973,10
1182,54.30866489207828,8.924514736318729,10
1183,54.40175980627938,8.96510370228112,10
1184,54.406058035225314,8.966503836065966,10
1185,54.453710191708794,8.985779023138472,10
1186,54.4585222815269,8.98775660477414,10
1187,54.5619286681751,8.946730296352627,10
1188,54.56646464657026,8.945913045091883,10
1189,54.66274505084542,8.91865696091323,10
1190,54.668775013404414,8.915069491089827,10
1191,54.67088056387489,8.916111127994833,10
1192,54.675168537845494,8.919260356533634,10
1193,54.67955716647295,8.92350516459723,10
1194,54.72055527324412,8.94222336248881,10
1195,54.73406981673304,8.943459135421499,10
1196,54.73674181464154,8.94437869521646,10
1197,54.743577997290444,8.939509556417079,10
1198,54.79251159644811,8.962247603471269,10
1199,54.806552468015845,8.974653398228257,10
1200,54.858520455370545,8.998204159771136,10
1201,54.86466221654823,8.996651960730185,10
1202,54.913394988882054,9.048873283215674,10
1203,54.922043299677775,9.054644351462828,10
1204,54.92787866402286,9.054513173204422,10
1205,54.93481385237069,9.045395036266441,10
1206,54.95525408467061,9.023751971126948,10
1207,55.00680387514517,8.954379835063806,10
1208,55.00864956882359,8.953431726972394,10
1209,55.062055900580674,8.879855552660569,10
1210,55.073458004771716,8.872514496619186,10
1211,55.136645310840706,8.798689241878245,10
1212,55.142645645550125,8.801943653868646,10
1213,55.16540419017724,8.803003699524554,10
1214,55.16836475276955,8.803838992736107,10
1215,55.17378031257148,8.804462677577988,10
1216,55.18529271375127,8.809633521987424,10
1217,55.18996949529749,8.810538702515258,10
1218,55.241438892228345,8.780146201487616,10
1219,55.34100301803208,8.679191572896162,10
1220,55.34616267930488,8.682239576203784,10
1221,55.357214244253136,8.679559470229114,10
1222,55.36611712919753,8.683003905931441,10
1223,55.375248728700385,8.685396279310392,10
1224,55.46106598950401,8.666276836606546,10
1225,55.46439771587211,8.665478611420655,10
1226,55.48145081730087,8.66261661748051,10
1227,55.53051684011541,8.627766087508325,10
1228,55.60424574410622,8.56593305132655,10
1229,55.61406533879866,8.561395844689516,10
1230,55.703401849458984,8.65089767861338,10
1231,55.768982865518865,8.715060013685122,10
1232,55.79649770416296,8.714374885226539,10
1233,55.804401436187916,8.7108483486618,10
1234,55.811296333361405,8.715569954527538,10
1235,55.86068133132001,8.767164515998449,10
1236,55.91119769244462,8.816840698178298,10
1237,56.019310397381446,8.8359557393054,10
1238,56.07149896956962,8.809486616981578,10
1239,56.17899076499141,8.83649644440494,10
1240,56.189018269086866,8.830434687437645,10
1241,56.19755493575819,8.837854527892544,10
1242,56.203925020792596,8.841309175564488,10
1243,56.2069611275723,8.842320641589097,10
1244,56.260057343986624,8.820427202533683,10
1245,56.365247633543106,8.759634189362828,10
1246,56.37442664890989,8.757897297366174,10
1247,56.44055898230677,8.72888824041287,10
1248,56.4464866569733,8.730013159406209,10
1249,56.46745673088749,8.71600383267764,10
1250,56.52942058885726,8.767346979521811,10
1251,56.53448119788826,8.761476166171693,10
1252,56.549882327262445,8.761169620369694,10
1253,56.552458524180096,8.761465167923017,10
1254,56.56479312510002,8.757801118784869,10
1255,56.57598827243565,8.762070281822266,10
1256,56.62528383056396,8.730348146689275,10
1257,56.62985645690927,8.733738063257489,10
1258,56.65219704097844,8.719709560726272,10
1259,56.75082863635489,8.711771897348873,10
1260,56.822863212420714,8.782756782193559,10
1261,56.82717139321121,8.784779957609947,10
1262,56.88148335830398,8.769856936636918,10
1263,56.89837552818966,8.766512439399305,10
1264,56.90220155894745,8.767727926079571,10
1265,56.95295772227534,8.787021330786617,10
1266,56.95605085812106,8.784527123006834,10
1267,56.996989756450844,8.759121906302909,10
1268,57.00928011904407,8.759128924718905,10
1269,57.11209797758418,8.68428103240222,10
1270,57.114184158764104,8.683671617663489,10
1271,57.1241153652183,8.671392893078222,10
1272,57.140111403387344,8.656339453522301,10
1273,57.15504744611754,8.661066025870639,10
1274,57.29998694706761,8.640311397512905,10
1275,57.3099260579982,8.647376533714413,10
1276,57.36871424891761,8.67094862344106,10
1277,57.42256583208035,8.637104713310592,10
1278,57.471390166125204,8.624603016966939,10
1279,57.530676844443974,8.652317494345239,10
1280,57.64037513494552,8.732576253614203,10
1281,57.740980697322684,8.819211197435799,10
1282,57.79512938692214,8.884161897715607,10
1283,57.91680732826491,8.906808126363794,10
1284,57.92565780416758,8.909248359153972,10
1285,57.927488268409505,8.909515694444002,10
1286,57.95524215254461,8.907636878218412,10
1287,58.01034672286461,8.960031152963827,10
1288,58.02330780536441,8.96082259839128,10
1289,58.07573550130767,8.9375740976393,10
1290,58.11840380960585,8.917034381054222,10
1291,58.17425400891277,8.886506383707731,10
1292,58.22670715476835,8.954133651614212,10
1293,58.23543304662129,8.953817447700143,10
1294,58.282391778820376,8.929958842166508,10
1295,58.29417873002309,8.935551742945798,10
1296,58.29990785952454,8.937381364215254,10
1297,58.3126888390773,8.928804651806555,10
1298,58.36499134359023,8.907070676229015,10
1299,58.424672607906544,8.97606502131494,10
1300,58.43264313552,8.976743323082635,10
1301,58.49098913878704,9.009106925001236,10
1302,58.50130651887154,9.008090498197827,10
1303,58.557809847826945,9.038695579491622,10
1304,58.61313363976528,9.0683970897735,10
1305,58.62145280457414,9.060311379795834,10
1306,58.622898386079875,9.06093088494782,10
1307,58.626241083323634,9.057846853154716,10
1308,58.63059522974718,9.057132372494037,10
1309,58.63360719680999,9.058154438676294,10
1310,58.72557561567523,9.0499232694603,10
1311,58.787526634108666,8.971918542664685,10
1312,58.795339313400106,8.971926792494347,10
1313,58.85153502107821,9.043225346233779,10
1314,58.910156775158086,9.107737769611605,10
1315,58.91445474663256,9.108195713555123,10
1316,58.917020247611106,9.105258017921965,10
1317,59.00774103745844,9.164391313031574,10
1318,59.05031074321886,9.15152000039974,10
1319,59.057757565979635,9.15236005602114,10
1320,59.0792996226774,9.138031756657341,10
1321,59.10177085503913,9.137551128473758,10
1322,59.11360283080866,9.137647100090225,10
1323,59.11565207497549,9.138014733637943,10
1324,59.124122594482515,9.143421752231722,10
1325,59.130422653588504,9.13701066162571,10
1326,59.13245469989122,9.13591946690798,10
1327,59.134215707917484,9.137444712952883,10
1328,59.184167104703626,9.198761278654802,10
1329,59.204100544963204,9.174540860380588,10
1330,59.20847379899332,9.177861951382347,10
1331,59.218027269032405,9.17511654760253,10
1332,59.27653278581763,9.23839166752808,10
1333,59.3328951816567,9.302923074992027,10
1334,59.37654384542981,9.338938041472206,10
1335,59.48678701856111,9.365127372400197,10
1336,59.50507355523175,9.365760873246915,10
1337,59.563465595872515,9.386518488694012,10
1338,59.660851246377185,9.473050883022998,10
1339,59.73630289610285,9.431093406148044,10
1340,59.784330580806966,9.488583628165662,10
1341,59.86805736695842,9.398172453292315,10
1342,59.87717777716716,9.410503190160101,10
1343,59.884071420881526,9.412578756315368,10
1344,59.96969243922568,9.345578909945887,10
1345,60.02492351299249,9.422950792440957,10
1346,60.07285001809536,9.389668032427334,10
1347,60.078397504366855,9.38753121712114,10
1348,60.16058180940816,9.417755357896127,10
1349,60.223664488868124,9.458241937472248,10
1350,60.275206026848295,9.503818134161323,10
1351,60.33240799999769,9.574046973821648,10
1352,60.33979037509543,9.569130943831974,10
1353,60.34329556023929,9.568919276034645,10
1354,60.439440395215684,9.480516287288731,10
1355,60.450918071286836,9.48484408373104,10
1356,60.53707266243426,9.455674455246296,10
1357,60.540866740719046,9.457140192890881,10
1358,60.59531091150857,9.51277178002219,10
1359,60.60981399025966,9.514584553134954,10
1360,60.66256208179906,9.448977324162405,10
1361,60.66580828296928,9.448909539596558,10
1362,60.66721803539026,9.447897163073254,10
1363,60.671017412694425,9.446755712867422,10
1364,60.67859941095901,9.44245419086441,10
1365,60.68584349922129,9.435005488301377,10
1366,60.69220329932413,9.44035073795907,10
1367,60.693832895241016,9.440447880164035,10
1368,60.697362191882334,9.437764247553003,10
1369,60.73943573630466,9.42188021251464,10
1370,60.74861951046786,9.43442600493131,10
1371,60.83980653199035,9.353945372711724,10
1372,60.85087422207992,9.36759654867201,10
1373,60.85671664401629,9.368241850050442,10
1374,60.90643190920073,9.37669426021628,10
1375,60.91935657323113,9.385923047559555,10
1376,60.935433107820074,9.382553191572027,10
1377,60.941009884504204,9.38024580675592,10
1378,60.95215360754342,9.385447971623378,10
1379,60.95862690388556,9.382724001671168,10
1380,60.960424965661126,9.383169353118186,10
1381,60.97113937065999,9.379496850464438,10
1382,60.97732938193276,9.374866785849191,10
1383,61.041818775406774,9.372047778086941,10
1384,61.04586178442679,9.370828369496829,10
1385,61.061061323874,9.368119450389413,10
1386,61.10125207450329,9.379142872994082,10
1387,61.10914916144897,9.377194480670855,10
1388,61.16484045235954,9.428492877302297,10
1389,61.21966466775181,9.479550590058903,10
1390,61.2289065288886,9.47673177553441,10
1391,61.28727749890002,9.471419066242536,10
1392,61.294948183858494,9.465507401511626,10
1393,61.3000028495081,9.465393113406149,10
1394,61.3501875092706,9.518317255739978,10
1395,61.35904244648922,9.512095579098634,10
1396,61.363555649723956,9.513210617807436,10
1397,61.382547180317,9.501968375264102,10
1398,61.44299653901737,9.530560094917556,10
1399,61.547995057285775,9.599194271637737,10
1400,61.56866642419537,9.592547719196656,10
1401,61.57217087419917,9.594253408332222,10
1402,61.579227914229875,9.596112692491008,10
1403,61.58859660489363,9.608779869067718,10
1404,61.59098682019876,9.608578918620708,10
1405,61.619149411369065,9.576625677454023,10
1406,61.63068005432676,9.586958255580921,10
1407,61.642475115510265,9.591020326427085,10
1408,61.65112767704032,9.586668426641404,10
1409,61.749457796143496,9.6035415244246,10
1410,61.7580895997733,9.607666469490196,10
1411,61.76004931977466,9.608286685367117,10
1412,61.76677910144605,9.606483199415084,10
1413,61.771645816826606,9.610681460170236,10
1414,61.77335021407488,9.611397513907722,10
1415,61.82226502760891,9.686980979172166,10
1416,61.875643426014264,9.647923234839089,10
1417,61.920505721356996,9.686987194137876,10
1418,62.0496874068099,9.740981529166081,10
1419,62.09954357774059,9.765357933876686,10
1420,62.124937886743965,9.77555829145664,10
1421,62.26988061881815,9.885857218534694,10
1422,62.41506284478235,9.977283323262986,10
1423,62.52821700575422,10.109568694157202,10
1424,62.66672002302717,10.090005861752001,10
1425,62.71800283309532,10.042777235909567,10
1426,62.792036679305205,9.953147043891255,10
1427,62.798973397749045,9.95833691965533,10
1428,62.86462883711763,9.897206364672696,10
1429,62.95472405018195,9.894925304476969,10
1430,62.962241069132475,9.898665298945055,10
1431,62.982461326122845,9.920135466602929,10
1432,63.12641583089653,9.965236937440306,10
1433,63.22271521459779,10.047915676812792,10
1434,63.253805216423665,10.040712991375454,10
1435,63.26159601568749,10.038031686075788,10
1436,63.26844338940448,10.040722678377122,10
1437,63.32351141964042,9.993463254249473,10
1438,63.32697358683244,9.991218230342092,10
1439,63.34582513934657,10.012413982983132,10
1440,63.41829425918704,10.11011359283662,10
1441,63.42563870461463,10.111027625348623,10
1442,63.430985503455574,10.112583930111922,10
1443,63.5083987390113,10.049622648358785,10
1444,63.514574256979245,10.048920788834264,10
1445,63.5700442994116,9.998163218408074,10
1446,63.62312360907357,9.929295205804745,10
1447,63.62788578349365,9.931477252418492,10
1448,63.629326954383075,9.931950905291044,10
1449,63.633360114109145,9.9300587881736,10
1450,63.6368029776213,9.933556627864299,10
1451,63.63866245822228,9.932601530187279,10
1452,63.69587022028696,9.979784433783443,10
1453,63.79595345301398,9.940099654565032,10
1454,63.80658893378025,9.93830775192438,10
1455,63.86433205457772,10.002455607960895,10
1456,63.92125547898456,9.970351913336017,10
1457,63.97815144375706,10.045004709878537,10
1458,63.97978296897738,10.044762951107359,10
1459,63.99358733781139,10.048736130802862,10
1460,64.08852381899422,10.006340922740165,10
1461,64.14127504084061,9.94848696546862,10
1462,64.14630483780088,9.951276736027083,10
1463,64.1979538878907,9.9661402971545,10
1464,64.20083070308554,9.968783382336728,10
1465,64.26460503652899,9.940501148683264,10
1466,64.31590252527964,9.946898807889617,10
1467,64.36956689428163,9.952370496619773,10
1468,64.4179461450498,9.971639951280954,10
1469,64.50723063645921,9.929041022613317,10
1470,64.57074242144877,9.970644376563243,10
1471,64.58487209842126,9.975738065582881,10
1472,64.63947019342552,10.002231921143883,10
1473,64.64774297874413,9.998905169047283,10
1474,64.74690631382137,10.07633318443887,10
1475,64.80505805133014,10.10582264877281,10
1476,64.81598812097613,10.098848689056886,10
1477,64.82176382932354,10.094817252846212,10
1478,64.83563826396848,10.09608937896538,10
1479,64.88626014905117,10.10726238042333,10
1480,64.94484421326732,10.183689148997196,10
1481,65.01248430681753,10.201482296241542,10
1482,65.08218641206777,10.190214333301004,10
1483,65.09724096177236,10.205817202144036,10
1484,65.10959946232839,10.19671241148985,10
1485,65.15794828162949,10.211397739543575,10
1486,65.2062482863414,10.228710687049862,10
1487,65.25793084187217,10.24936259868413,10
1488,65.332143813459,10.266821067356993,10
1489,65.38116560883618,10.289676142430276,10
1490,65.43901293993713,10.306413656558636,10
1491,65.58050686968264,10.344568039793527,10
1492,65.63483372031945,10.374073375822189,10
1493,65.63943291923803,10.37554973640076,10
1494,65.69315954530705,10.365510117423698,10
1495,65.70569262019517,10.37094417284018,10
1496,65.75666577544155,10.402422986371096,10
1497,65.86421704475205,10.306420602617283,10
1498,65.96201153899516,10.325148464028034,10
1499,65.97673859961824,10.326466484990204,10
1500,66.02791579214527,10.307065788502031,10
1501,66.03121588362481,10.308037341769273,10
1502,66.1353948290558,10.374914244758083,10
1503,66.13858031337462,10.374369537818808,10
1504,66.28270262827778,10.41956089192392,10
1505,66.33072280953783,10.484025303269222,10
1506,66.38568182329126,10.516529937903142,10
1507,66.43477388817652,10.582430057103581,10
1508,66.48147426203425,10.620240414460167,10
1509,66.48519380339607,10.622351057405247,10
1510,66.50866242856821,10.596495875321951,10
1511,66.56542855046402,10.650363840949066,10
1512,66.56789230181482,10.649395064547575,10
1513,66.57670164583712,10.650416187352299,10
1514,66.63219892936195,10.70859307512125,10
1515,66.64282631416425,10.706966268092186,10
1516,66.68948677829948,10.74384787796588,10
1517,66.69720693577705,10.747463045264087,10
1518,66.79334597369673,10.75574336294902,10
1519,66.84136246320593,10.793276070727126,10
1520,66.94346906610303,10.778048336224053,10
1521,67.03803783796639,10.759810577488496,10
1522,67.13558425211998,10.753880067483642,10
1523,67.22117056917696,10.722037155695118,10
1524,67.22830707091991,10.724914696013025,10
1525,67.23198235915876,10.723772694050908,10
1526,67.28146556440956,10.667824292754167,10
1527,67.35774252368381,10.750259502899876,10
1528,67.40821190876383,10.800089203238104,10
1529,67.4633445685507,10.845465586825656,10
1530,67.46794688160165,10.844319422550289,10
1531,67.52798611092123,10.848170521291106,10
1532,67.5369108990102,10.853664705656886,10
1533,67.54084019460151,10.855726171633975,10
1534,67.68347909789142,10.96962886270407,10
1535,67.69367402397188,10.95623066931802,10
1536,67.75064742607088,11.003832861850997,10
1537,67.75319739773389,11.005640002303569,10
1538,67.78077544329422,10.983082744854297,10
1539,67.86362653181752,11.054767814981934,10
1540,67.96520497859083,11.043954379762837,10
1541,68.06943510329651,11.064729665058314,10
1542,68.07225803501717,11.065972626529124,10
1543,68.15005245121814,11.12456405005599,10
1544,68.15650441254557,11.127810330210758,10
1545,68.21058658493433,11.168794983556062,10
1546,68.25109406404624,11.193865450003075,10
1547,68.26293769787976,11.190304983324294,10
1548,68.26725387401422,11.190597877218528,10
1549,68.32392215617683,11.231477550886794,10
1550,68.32659910379107,11.230289213014364,10
1551,68.33513675273731,11.236945358705343,10
1552,68.34142684055269,11.238377056086762,10
1553,68.34887805155645,11.24033163873998,10
1554,68.35738026641484,11.24235006913464,10
1555,68.40736682052429,11.291304681374722,10
1556,68.45611628523551,11.258069546221524,10
1557,68.49217646673273,11.278509831332087,10
1558,68.55141846841448,11.306737346792243,10
1559,68.59463934572852,11.33779435199273,10
1560,68.5969214254068,11.3369147764972,10
1561,68.59935460528337,11.338569077555844,10
1562,68.74271814926473,11.258748079570182,10
1563,68.74948410252873,11.25535438902903,10
1564,68.8071871982474,11.306430465070031,10
1565,68.82634013499369,11.293405048339375,10
1566,68.83154835882529,11.293424924203183,10
1567,68.8401378418611,11.29891012941482,10
1568,68.84840934693115,11.301978472334316,10
1569,68.98427291434578,11.362354390175419,10
1570,68.99676455422954,11.362519244041215,10
1571,69.04994857597066,11.400299329690256,10
1572,69.05590603420498,11.402457456316002,10
1573,69.15146659740276,11.49035905682068,10
1574,69.25218417532543,11.516755754983317,10
1575,69.31059757006392,11.575150745767237,10
1576,69.31843635579278,11.579312903257195,10
1577,69.35878587297584,11.584495622720008,10
1578,69.37059392559705,11.591464702757124,10
1579,69.48001200385735,11.570408884215238,10
1580,69.48626707776302,11.571533912983853,10
1581,69.48841375983457,11.570618042171105,10
1582,69.50203380835593,11.58024968205432,10
1583,69.55748231376236,11.518759136147834,10
1584,69.62342942127052,11.551838746268002,10
1585,69.62945494595583,11.549437386506044,10
1586,69.69032736056235,11.497160935613621,10
1587,69.69216127790752,11.49598834225802,10
1588,69.73799843926727,11.455805975365983,10
1589,69.74217915938081,11.458358814562063,10
1590,69.75768289518547,11.466555308352982,10
1591,69.77002034441018,11.478176854931005,10
1592,69.8218170456533,11.537828183527376,10
1593,69.8240425026705,11.539722249396075,10
1594,69.82655931827965,11.540422797753832,10
1595,69.8797636058692,11.603185697436732,10
1596,69.88134149340178,11.601448000274683,10
1597,69.93787472745052,11.573801364784952,10
1598,69.9917677775708,11.551337697726105,10
1599,70.0882015945957,11.499126770088619,10
1600,70.09890314091619,11.493929258837316,10
1601,70.10070432970694,11.493828698955152,10
1602,70.11569141716755,11.502659582949743,10
1603,70.13035050573994,11.502789897601243,10
1604,70.13367005066235,11.502970648137206,10
1605,70.23566232171395,11.511499148797064,10
1606,70.24524919003292,11.508495818969939,10
1607,70.31180296690275,11.552801829292527,10
1608,70.41190647987386,11.663635819014509,10
1609,70.46626843308883,11.627841389369534,10
1610,70.47552852900267,11.614458743392053,10
1611,70.52672407762577,11.57940575191914,10
1612,70.53134800934134,11.578791256615288,10
1613,70.54321400157599,11.588421756279049,10
1614,70.5524820866651,11.583926350633957,10
1615,70.600493427555,11.551584250184046,10
1616,70.65897873214321,11.501233699345576,10
1617,70.71539243365017,11.48137970751183,10
1618,70.72026663224526,11.484468044908853,10
1619,70.72501270416076,11.488666204891802,10
1620,70.7330304574957,11.489589458275134,10
1621,70.78287288360005,11.468923277062032,10
1622,70.78883149763116,11.464747213184285,10
1623,70.79282879898612,11.466524224125836,10
1624,70.80238725031215,11.473010326788598,10
1625,70.85108214219039,11.435729435226387,10
1626,70.86320404875926,11.443931770616706,10
1627,70.87156815135758,11.441584140962576,10
1628,70.87391404661453,11.443561772369007,10
1629,70.87564254577367,11.444908532652112,10
1630,70.92695885824094,11.494799384348214,10
1631,71.02427054505412,11.47575788940175,10
1632,71.02986941419495,11.47294313880749,10
1633,71.03093712915117,11.473066877420793,10
1634,71.04136781259032,11.477053412099533,10
1635,71.08913177414563,11.391782016134547,10
1636,71.09456936663979,11.385964257355388,10
1637,71.09654972438514,11.386153984024366,10
1638,71.10873720253215,11.372233026684833,10
1639,71.1307517968691,11.370830204711071,10
1640,71.1326330522523,11.369565606539002,10
1641,71.13615343952921,11.370564197220387,10
1642,71.18671552122667,11.285133891484532,10
1643,71.31549110210207,11.227294017835701,10
1644,71.31839894423696,11.229059447365456,10
1645,71.32716475128146,11.231218841401471,10
1646,71.33643117622681,11.229712237003335,10
1647,71.39705859497465,11.150733270062188,10
1648,71.48919087307438,11.107707953748346,10
1649,71.55426918850569,11.165362530677328,10
1650,71.69748337379832,11.102346973976633,10
1651,71.75870310586016,11.069746016872228,10
1652,71.76361939415473,11.071024599025119,10
1653,71.7777624247529,11.056331397538244,10
1654,71.83779273275655,10.980811680540143,10
1655,71.839782666833,10.980823240836406,10
1656,71.8927961329757,10.907767653108518,10
1657,71.94319240166173,10.953273486036183,10
1658,71.94553218205895,10.954696470524139,10
1659,71.95708303737484,10.961382226690475,10
1660,71.96745447338535,10.947266189034965,10
1661,71.97025583105115,10.948033710151284,10
1662,71.99771612713762,10.958387719669835,10
1663,72.00144955739977,10.957302285380003,10
1664,72.01937368812129,10.929652919247381,10
1665,72.06702245424631,10.986813435563285,10
1666,72.1666043620268,11.092057899631863,10
1667,72.17373147165813,11.09623066013416,10
1668,72.2246986288699,11.161075761849858,10
1669,72.2787227670895,11.212786690945,10
1670,72.3267611446856,11.172970644227226,10
1671,72.42293008411359,11.213528982229462,10
1672,72.52436646411635,11.328968982954086,10
1673,72.54172113110312,11.340470048011301,10
1674,72.54561880022757,11.343299273072043,10
1675,72.59917100039998,11.409912011052963,10
1676,72.6215473127604,11.396322515854733,10
1677,72.72118872289825,11.409160361522503,10
1678,72.72407767907444,11.410801170080997,10
1679,72.7324140577518,11.407710527581926,10
1680,72.78358910377109,11.47682283648518,10
1681,72.78567214689556,11.477033260349856,10
1682,72.80521584192509,11.455002525145108,10
1683,72.81926169102373,11.439433825957428,10
1684,72.82172651232705,11.43774617572128,10
1685,72.83935611779434,11.431081518407327,10
1686,72.84297535507805,11.429911012212505,10
1687,72.85339425451829,11.440052891217974,10
1688,72.9112798444335,11.41423793213465,10
1689,72.9151932429896,11.412233028915772,10
1690,73.06065813888313,11.486864380423421,10
1691,73.11719460964406,11.55007252724796,10
1692,73.16736565571337,11.527987700939612,10
1693,73.17650426388337,11.534159912744819,10
1694,73.22466375041422,11.60474618828369,10
1695,73.24073701502606,11.619587648574866,10
1696,73.25127849006331,11.613371242941199,10
1697,73.25654447441669,11.615527111651446,10
1698,73.26839592283648,11.614482006571725,10
1699,73.31986034902266,11.664043994154301,10
1700,73.36952277292532,11.60394255730267,10
1701,73.42009617778824,11.582792838290926,10
1702,73.42624035498173,11.581077400698366,10
1703,73.43204823511425,11.581973041386417,10
1704,73.44365036066294,11.580612855713436,10
1705,73.49239454840402,11.628630748414196,10
1706,73.50134801848183,11.627939743649913,10
1707,73.50914599804835,11.623005415250736,10
1708,73.55415965097816,11.564387975925529,10
1709,73.56160021610678,11.564919527686222,10
1710,73.57521358950336,11.568989936723003,10
1711,73.57814139333519,11.567130071082873,10
1712,73.57970790019841,11.567360974105167,10
1713,73.60571951319388,11.578320007195947,10
1714,73.61133179169704,11.578146810974403,10
1715,73.67794521792064,11.631846266400368,10
1716,73.69130682457487,11.640920032519542,10
1717,73.71163371759904,11.647617357489715,10
1718,73.76141602097465,11.698821069071299,10
1719,73.8160679351911,11.750551579929244,10
1720,73.87062527937155,11.774340477727359,10
1721,73.9320393944594,11.806427084678,10
1722,74.03815487785506,11.897410630755868,10
1723,74.05200381716574,11.896564365570393,10
1724,74.06496837414183,11.883567131597685,10
1725,74.11992499822443,11.955775572688871,10
1726,74.1769785151447,12.010657134123674,10
1727,74.18596650800824,12.00578873335672,10
1728,74.2619809762945,12.010802001385445,10
1729,74.36365054408834,12.100226278952727,10
1730,74.42003707376152,12.081146005879212,10
1731,74.48898906142543,12.15237626103644,10
1732,74.53544007280394,12.119249295194571,10
1733,74.63573948169154,12.186838033482124,10
1734,74.63993030290104,12.188470976499996,10
1735,74.68952086189469,12.244540614682583,10
1736,74.74257785680486,12.295857954172932,10
1737,74.84155965147968,12.387316387584704,10
1738,74.90510320260154,12.458159072909886,10
1739,74.9246262790077,12.445954243361212,10
1740,74.92698652139347,12.446332388549948,10
1741,74.93665136253784,12.450402288767092,10
1742,74.95367723283906,12.446006276377583,10
1743,74.96170774647547,12.448741292247112,10
1744,74.99518594946359,12.479963756345473,10
1745,75.13873111608568,12.548198748816397,10
1746,75.20220217871528,12.563987931694198,10
1747,75.25089074121338,12.49027194887677,10
1748,75.32443806486131,12.526043175359701,10
1749,75.3367450119784,12.53663437164076,10
1750,75.36839124116057,12.534865374832991,10
1751,75.38196090348998,12.537602654440825,10
1752,75.43416022414222,12.467339012241196,10
1753,75.43875426139599,12.467237320943513,10
1754,75.45509172626723,12.457170138523697,10
1755,75.4589658374641,12.45732713546138,10
1756,75.5488221863899,12.458588350234319,10
1757,75.59979943920389,12.52412460929734,10
1758,75.65212091458281,12.467679736281564,10
1759,75.70512855658788,12.407021663763715,10
1760,75.71223405027594,12.408175183381344,10
1761,75.72324110504073,12.404640846393406,10
1762,75.72518432873395,12.403834091181,10
1763,75.7352270112448,12.401533180249459,10
1764,75.74852990603414,12.405159206259324,10
1765,75.79856828336608,12.447277069575517,10
1766,75.81327669927468,12.446076907416556,10
1767,75.81508228741123,12.447278097218813,10
1768,75.87100339249054,12.5088926923751,10
1769,75.87457854830038,12.51069749279981,10
1770,75.88113652253125,12.50455113786763,10
1771,75.93409946800965,12.574235752023968,10
1772,75.99041596691025,12.60756859595915,10
1773,76.00191196197751,12.607503149484799,10
1774,76.0237185801528,12.593786458641956,10
1775,76.0761782331667,12.55417793101782,10
1776,76.13689288841515,12.52010644834383,10
1777,76.15088622916177,12.521856030584232,10
1778,76.1678098603908,12.528782162184678,10
1779,76.1738216521577,12.53334085679732,10
1780,76.22322854826285,12.4590237001279,10
1781,76.32196862430834,12.427094005257882,10
1782,76.37685101294794,12.468041199623956,10
1783,76.37925062547318,12.468553638825883,10
1784,76.3825292141357,12.46749775879773,10
1785,76.43331322618829,12.511289590698041,10
1786,76.43583806023692,12.513251887717331,10
1787,76.49168715229975,12.566388766130883,10
1788,76.49864995534804,12.563636303380294,10
1789,76.50441942018624,12.564252182704015,10
1790,76.51479585500269,12.55857486716257,10
1791,76.54638825675282,12.573526120278382,10
1792,76.55972271837355,12.573492950185944,10
1793,76.5644103588958,12.575924883238649,10
1794,76.58283492264447,12.593251684614815,10
1795,76.5953452580035,12.579021727746841,10
1796,76.64944538983958,12.61401724880254,10
1797,76.69914050020098,12.643738802363726,10
1798,76.75211886405074,12.572489953633461,10
1799,76.81430813014116,12.597706419876902,10
1800,76.81833186954717,12.596890068732886,10
1801,76.82326349262209,12.592388634209804,10
1802,76.87568261117539,12.535425338262,10
1803,76.88348068571655,12.528725966859938,10
1804,76.90138378490563,12.532885001223306,10
1805,76.93988109344052,12.506931677367158,10
1806,76.9499917744721,12.513864788970297,10
1807,76.95620925325088,12.512115908749601,10
1808,77.01441169715851,12.536295493624632,10
1809,77.02202219967909,12.544095992218782,10
1810,77.03035100657031,12.541205066974989,10
1811,77.0410479761188,12.542599615162406,10
1812,77.04838052316697,12.545800350335961,10
1813,77.05335805099418,12.54283066243818,10
1814,77.06677299658693,12.560268359688044,10
1815,77.12255821763384,12.619975744067553,10
1816,77.135793511706,12.606300828368159,10
1817,77.14229257184391,12.61152162095955,10
1818,77.14872534990491,12.609964483354778,10
1819,77.15122443891929,12.60817284876555,10
1820,77.15819610794252,12.610868136472602,10
1821,77.1605492680537,12.610327441801827,10
1822,77.16464918287966,12.608025881176456,10
1823,77.22789569787923,12.629258811515731,10
1824,77.28176004635378,12.671575335577495,10
1825,77.3169061204257,12.711269317539,10
1826,77.32134578396645,12.708958735339678,10
1827,77.32490958423425,12.708615696605358,10
1828,77.37246148376661,12.7454060530827,10
1829,77.37958386727557,12.749434199575969,10
1830,77.38302233512034,12.748807685355338,10
1831,77.38489771456209,12.7492874241727,10
1832,77.44289678378667,12.717413445812092,10
1833,77.44700303322556,12.714621238113281,10
1834,77.50113962128934,12.685358888503664,10
1835,77.55805655478598,12.656368761912791,10
1836,77.56910349700186,12.649196309218187,10
1837,77.6238658414052,12.62511124424763,10
1838,77.6315433834846,12.620867862264983,10
1839,77.63342356397543,12.621976619820769,10
1840,77.6863471677189,12.583939754101038,10
1841,77.73432987982127,12.548613250551075,10
1842,77.7854271267407,12.517331960765087,10
1843,77.84120180618973,12.543799784651883,10
1844,77.84269019637695,12.543320282056083,10
1845,77.8505867268707,12.542881715163572,10
1846,77.94527643692712,12.543819280552322,10
1847,77.95124850576128,12.542473554363694,10
1848,77.9572602053017,12.538148737266447,10
1849,77.97816697420393,12.522872651497673,10
1850,78.0005138504978,12.539120012322082,10
1851,78.04825015284283,12.508622836829062,10
1852,78.05881984592236,12.508756468261582,10
1853,78.06867902992379,12.510644698884338,10
1854,78.15471691931627,12.444270050390623,10
1855,78.24561996177798,12.460219923411186,10
1856,78.30414041594032,12.512599581222403,10
1857,78.30718833406661,12.515019748740208,10
1858,78.37838524591297,12.482535818056007,10
1859,78.4347989906637,12.425957207865451,10
1860,78.48146156366536,12.379114346805894,10
1861,78.48238925992729,12.379805699870472,10
1862,78.4859547175632,12.377970396237028,10
1863,78.49436946701489,12.377683291928932,10
1864,78.52245398261815,12.392191996357601,10
1865,78.52633855988101,12.392169284465597,10
1866,78.52984183968664,12.393670201221369,10
1867,78.58396808949354,12.434087043655724,10
1868,78.58872412072449,12.43288487427302,10
1869,78.60128654347253,12.427125058666936,10
1870,78.60298199311501,12.428055074512459,10
1871,78.61151879671749,12.42036027965149,10
1872,78.70783575649182,12.399702729057523,10
1873,78.71260525054917,12.403288673066308,10
1874,78.71795415788657,12.406083544549972,10
1875,78.76708715718857,12.462332109132225,10
1876,78.76946761079066,12.461442040071939,10
1877,78.87301337510571,12.552715147841676,10
1878,78.92560965540855,12.521413020509724,10
1879,79.0307237477527,12.534199756248757,10
1880,79.03869479150228,12.535514792455412,10
1881,79.0730894949745,12.550009762190474,10
1882,79.08069235871463,12.54837804262501,10
1883,79.08550374952047,12.545289976273278,10
1884,79.10043660935334,12.548220834198684,10
1885,79.11354250675647,12.564034204601679,10
1886,79.16604729774147,12.490643317184158,10
1887,79.17491421093703,12.491862322182412,10
1888,79.2239621160843,12.41793978920703,10
1889,79.23152301466384,12.423685035478668,10
1890,79.23392689330701,12.42543035553653,10
1891,79.23929616989761,12.424637084549204,10
1892,79.25055068587537,12.422746484365751,10
1893,79.35206770161457,12.437794553276401,10
1894,79.35496516971763,12.435914869079179,10
1895,79.36080707034266,12.438760613492137,10
1896,79.41464308951488,12.407969083197393,10
1897,79.47909317363224,12.455064132938277,10
1898,79.52894261768016,12.492947368415093,10
1899,79.54565508460514,12.498739824378864,10
1900,79.64153071041403,12.426601859736262,10
1901,79.64553226803744,12.425496360422727,10
1902,79.77896902896376,12.473254879332249,10
1903,79.87396367841353,12.4825744566077,10
1904,79.888487953143,12.467384101651213,10
1905,79.89216789308625,12.464533394024604,10
1906,79.89433345814837,12.464634977452802,10
1907,79.94492697216985,12.530612958287373,10
1908,79.99611250642792,12.599927485635368,10
1909,80.05401051409038,12.655291921279803,10
1910,80.06205764464303,12.654624374446568,10
1911,80.11281598907121,12.72260544386842,10
1912,80.16329227690842,12.674958819190298,10
1913,80.1737903427095,12.666380510408851,10
1914,80.2301289293066,12.639740222451767,10
1915,80.34511234818163,12.574639720204658,10
1916,80.35298295653683,12.56958740860978,10
1917,80.44729532553836,12.586366908611977,10
1918,80.54219611131586,12.524547715084166,10
1919,80.61734882647512,12.497206942704617,10
1920,80.7147692471514,12.519973465365359,10
1921,80.85927364064727,12.561867731031782,10
1922,80.91690985736372,12.5889790261535,10
1923,80.92097559358619,12.590852377312014,10
1924,80.9705569097712,12.575594257194716,10
1925,81.0207981083199,12.533685629547442,10
1926,81.07791595717528,12.502144878079317,10
1927,81.12653586175632,12.4907474821016,10
1928,81.13095317501089,12.490206570806189,10
1929,81.13896542088408,12.486038506284089,10
1930,81.14643591360806,12.491482265642173,10
1931,81.14936915753381,12.491825663677558,10
1932,81.16800874199308,12.49584465815012,10
1933,81.17048559431757,12.494801254838155,10
1934,81.21227330945207,12.471107198306031,10
1935,81.26262075562052,12.442374937011087,10
1936,81.27196848051526,12.450011311049717,10
1937,81.32279299112852,12.44283444845099,10
1938,81.3254325350892,12.44434285016289,10
1939,81.32968652557763,12.444063160052442,10
1940,81.3398826285861,12.438905209686231,10
1941,81.34930047949489,12.439629173144024,10
1942,81.35287328468044,12.441010568919026,10
1943,81.42194657467084,12.386580160956234,10
1944,81.47200168246901,12.309920195627964,10
1945,81.54094994861389,12.381631116919136,10
1946,81.54387704370566,12.380388483362633,10
1947,81.59725997258946,12.305165523446435,10
1948,81.60056618706042,12.305346578688075,10
1949,81.61217664848401,12.30709408213318,10
1950,81.61694285564866,12.30965504550607,10
1951,81.62240871058924,12.312117830242885,10
1952,81.674831649762,12.359962455786375,10
1953,81.68325191162593,12.365712539740189,10
1954,81.69549836203689,12.36689276853634,10
1955,81.70558285740766,12.359350664654645,10
1956,81.71792736010288,12.346103388484227,10
1957,81.73551252340623,12.365883408007207,10
1958,81.7857087851383,12.337897726227409,10
1959,81.83720233472934,12.38648003952718,10
1960,81.83948009893594,12.385881926186045,10
1961,81.85025941620641,12.393074612715077,10
1962,81.85846425318974,12.384277137599927,10
1963,81.86163725599543,12.38484908566806,10
1964,81.9124320163481,12.415887494497662,10
1965,81.91407899773013,12.416188392094833,10
1966,81.92293440899877,12.410249949481768,10
1967,81.9321327467149,12.417333483574604,10
1968,81.97657263987718,12.355671069468782,10
1969,81.98545817251751,12.357911856965064,10
1970,82.04493131728096,12.290351438121705,10
1971,82.05101054968031,12.2943560609172,10
1972,82.0602325527632,12.288571337139102,10
1973,82.06326343075898,12.28659252609272,10
1974,82.17224587567158,12.377325220199149,10
1975,82.18158439690208,12.37594892405751,10
1976,82.19607251372668,12.386725211337277,10
1977,82.21008729319395,12.380891742156985,10
1978,82.34363515412619,12.306171323078093,10
1979,82.34774081842185,12.302318879754162,10
1980,82.34977909106684,12.302472266197967,10
1981,82.35421545908157,12.305377473982473,10
1982,82.4971830440667,12.35590272594441,10
1983,82.50576008363556,12.34859942893734,10
1984,82.55420588815258,12.38861041408177,10
1985,82.60548771357881,12.319665255668541,10
1986,82.60909855052321,12.318020064341274,10
1987,82.68841553299168,12.250829044723453,10
1988,82.70488556945034,12.261342310097564,10
1989,82.75532335632768,12.296427808071586,10
1990,82.76996337425571,12.304413622474621,10
1991,82.78047699906128,12.302316481845953,10
1992,82.83812012505017,12.37627975888949,10
1993,82.94370336573124,12.476107274330897,10
1994,82.9499423611974,12.481933818783839,10
1995,82.95391105084255,12.480299764230923,10
1996,82.95951456897299,12.482183655055593,10
1997,82.96294046695607,12.481592347287588,10
1998,82.97279579302172,12.48233466405514,10
1999,82.97733621650465,12.485486674589882,10
2000,82.98220627725068,12.48840649664254,10
2001,82.9873641303587,12.491013904261852,10
2002,83.0951688274171,12.47901387785076,10
2003,83.10096690742267,12.479488406513473,10
2004,83.1500780284965,12.46596274830428,10
2005,83.15223086611967,12.466778075108957,10
2006,83.19950787770694,12.439326212610318,10
2007,83.2050682236872,12.44168162241032,10
2008,83.25697643472151,12.392314175513699,10
2009,83.27848305750796,12.403199479122017,10
2010,83.2854948515363,12.39854255190546,10
2011,83.34102494227538,12.469620046047204,10
2012,83.35946836722019,12.478714166588567,10
2013,83.36808549904926,12.479842583814786,10
2014,83.37036447472542,12.480962318536664,10
2015,83.37546365496374,12.475200299342376,10
2016,83.43230010467684,12.40194640322006,10
2017,83.43758569663407,12.401813296995973,10
2018,83.58266241043893,12.41469040622704,10
2019,83.63330683486079,12.485698004769427,10
2020,83.65625889891237,12.493137084928613,10
2021,83.7112193158235,12.423501683574038,10
2022,83.7672250320633,12.46443881422312,10
2023,83.77918710976556,12.461426496913461,10
2024,83.83021163212958,12.504184701268052,10
2025,83.88643287267779,12.55247565102804,10
2026,83.89336458682655,12.558242514287116,10
2027,83.94240872438797,12.490524494275137,10
2028,84.05327675921532,12.49086560789545,10
2029,84.10834544124116,12.536687707747056,10
2030,84.1154657909945,12.538154998759952,10
2031,84.11864489474783,12.538169331647383,10
2032,84.2022104032238,12.626915699374555,10
2033,84.23953457615077,12.678211969002113,10
2034,84.30220761327011,12.715651807870973,10
2035,84.3728677467223,12.753647362255867,10
2036,84.3885377270932,12.739598205895529,10
2037,84.4018819887447,12.742039135228108,10
2038,84.53821019326222,12.765428689266178,10
2039,84.5873665903954,12.822684867240547,10
2040,84.64225057042611,12.877479960396483,10
2041,84.78421211271339,12.95935843924266,10
2042,84.79294355953655,12.955449825996162,10
2043,84.79915609929448,12.952973978494887,10
2044,84.8952810966235,12.961797646620433,10
2045,84.89961273445407,12.964232765239272,10
2046,84.90319729906614,12.966561032436115,10
2047,84.95137086753329,12.938667784430203,10
2048,84.96639197147604,12.94007590984603,10
2049,84.9784036547774,12.943560781525699,10
2050,84.991768885141,12.940049044032875,10
2051,84.99570873086398,12.94078750065925,10
2052,85.06391006206637,12.975936159538405,10
2053,85.0710913165944,12.967111299027737,10
2054,85.07299974505929,12.96718954771911,10
2055,85.13037412302565,12.952910338788001,10
2056,85.13335525961783,12.951423296196054,10
2057,85.19844525662545,12.980504658205248,10
2058,85.21424587406393,12.988720721317655,10
2059,85.22285247227948,12.982903557507084,10
2060,85.32493837834583,13.003895110806932,10
2061,85.42165409764765,13.01611867528135,10
2062,85.43217773530259,13.016490873203507,10
2063,85.45368868516634,12.996539574124663,10
2064,85.52140052911341,13.053717786850692,10
2065,85.53687492958863,13.0571881350629,10
2066,85.58972134011138,13.126019600761904,10
2067,85.64231640663155,13.161795487186076,10
2068,85.70077616954862,13.190490372345524,10
2069,85.70588120455525,13.18769534359555,10
2070,85.8375985146136,13.209258711762047,10
2071,85.88591378691915,13.196005183969701,10
2072,85.91319717504093,13.217553975432514,10
2073,85.92288129458687,13.210456657820881,10
2074,85.9715170457543,13.241140814999977,10
2075,85.98112902023715,13.245745801194756,10
2076,85.98690141674867,13.247309351637043,10
2077,85.99224304583437,13.246234562494262,10
2078,85.9959360251293,13.246647878279692,10
2079,86.04570080813627,13.291110991047963,10
2080,86.05210577906462,13.286458690396087,10
2081,86.06739442340522,13.302211011976341,10
2082,86.09213573973832,13.303229816056685,10
2083,86.10408545809076,13.305962119141695,10
2084,86.15798422896594,13.345049292893219,10
2085,86.16123455623192,13.346469093499232,10
2086,86.16931100844347,13.33734555611156,10
2087,86.22906843032726,13.368393057477977,10
2088,86.24181290284338,13.36296293709721,10
2089,86.24668819803507,13.362051958449124,10
2090,86.25028860353582,13.363445579113286,10
2091,86.3392980615128,13.332758926408045,10
2092,86.40635214077402,13.282249801003173,10
2093,86.42819651622185,13.28822015942993,10
2094,86.4443541925562,13.274467247872462,10
2095,86.4490618745971,13.27173201914787,10
2096,86.49241870203129,13.316496890312818,10
2097,86.54483286077286,13.29451246875836,10
2098,86.64283052966591,13.30830474581399,10
2099,86.69380310382294,13.274603366615068,10
2100,86.79685300266334,13.375341239014507,10
2101,86.90068436561585,13.37812581374265,10
2102,86.99527814651978,13.407768578919239,10
2103,87.00371657400034,13.404598557366924,10
2104,87.00677796892835,13.40585349067991,10
2105,87.03228015695571,13.428346632769438,10
2106,87.08287719345128,13.356485493849654,10
2107,87.14228223983164,13.340340423662678,10
2108,87.1980899335232,13.408386775173096,10
2109,87.2578199454014,13.461929884147837,10
2110,87.316429996906,13.410320438259758,10
2111,87.32709628989285,13.419906535713125,10
2112,87.39377151859266,13.377279991038742,10
2113,87.44497774843293,13.448360281088718,10
2114,87.44883172165123,13.450794410675583,10
2115,87.5333129648886,13.45880829290136,10
2116,87.5396421484947,13.463054419201477,10
2117,87.5473829662075,13.469019640789657,10
2118,87.67516694873498,13.4097987265908,10
2119,87.68997647373655,13.416183937679026,10
2120,87.70719370277979,13.416951804797593,10
2121,87.79557356951561,13.360129177206053,10
2122,87.84443119364406,13.35292276427094,10
2123,87.84946019370237,13.351638771896786,10
2124,87.85527825175106,13.353831018477184,10
2125,87.96542449861029,13.343963600022974,10
2126,88.01715639949332,13.38834782739298,10
2127,88.0200109335963,13.38937739673313,10
2128,88.03004664279578,13.390906609296017,10
2129,88.03896976694831,13.379826380817118,10
2130,88.09583961630419,13.430457629330542,10
2131,88.14756565748151,13.479238443176286,10
2132,88.2023528805316,13.539127025088158,10
2133,88.29676053353583,13.572150854369424,10
2134,88.30612641337396,13.56447218696378,10
2135,88.34963330311325,13.51361477887564,10
2136,88.43787911745544,13.526007860268436,10
2137,88.44389464365796,13.521771725717958,10
2138,88.49354431815155,13.571203047033766,10
2139,88.55144115867051,13.621585417580963,10
2140,88.6079120971606,13.566384358933227,10
2141,88.6366963272504,13.562371525857463,10
2142,88.71464673336109,13.484763908835689,10
2143,88.72050992298122,13.480138877693728,10
2144,88.7266669927676,13.474120974452962,10
2145,88.77883177650315,13.39819393514157,10
2146,88.83011443494924,13.324493780880953,10
2147,88.84197257030631,13.337369770791708,10
2148,88.8440096296142,13.337376286626908,10
2149,88.84955593079569,13.333594536515204,10
2150,88.8552206998759,13.328764168805048,10
2151,88.89872474220617,13.278909823704273,10
2152,88.9199094906082,13.263045037584131,10
2153,88.97292311658751,13.235373561513098,10
2154,88.98653415131395,13.231643367428912,10
2155,88.99136256461273,13.235839571092104,10
2156,89.0428191746463,13.282523694679336,10
2157,89.04936316958513,13.27630304783975,10
2158,89.09931988956126,13.332389133005618,10
2159,89.14974125853406,13.277881201653612,10
2160,89.24890433736078,13.279075921440597,10
2161,89.25433874366476,13.27967445065691,10
2162,89.27288564313577,13.275975011663366,10
2163,89.2794181098118,13.270368900632905,10
2164,89.32889812943208,13.241005837852482,10
2165,89.37587604299897,13.299285234795711,10
2166,89.38054382023672,13.297583111072777,10
2167,89.38316656190041,13.29792186799253,10
2168,89.3926798302034,13.295445923404419,10
2169,89.4004172533261,13.291873952952727,10
2170,89.41180268759221,13.29107559301312,10
2171,89.41593823426149,13.292347238739106,10
2172,89.41882418908034,13.291126301990435,10
2173,89.42121339773719,13.289237899749999,10
2174,89.4679797779985,13.315123944851209,10
2175,89.51360599151067,13.34286401759783,10
2176,89.52899440057357,13.336299850469617,10
2177,89.54286735981393,13.331924222750807,10
2178,89.55048134188202,13.33563687360033,10
2179,89.55982267193978,13.348053600068324,10
2180,89.62789362045399,13.400890437078294,10
2181,89.63847224175663,13.408811512766972,10
2182,89.6447726119869,13.413465924173662,10
2183,89.694931616889,13.385440167709552,10
2184,89.73024580840777,13.4096712615671,10
2185,89.74290340164772,13.393637454280912,10
2186,89.74706505881213,13.397664215661178,10
2187,89.77859482190487,13.415794569776104,10
2188,89.78559524305992,13.417167148929492,10
2189,89.87505175585343,13.338354929427776,10
2190,89.88246485104564,13.340595906453293,10
2191,89.89967018101622,13.336418807700452,10
2192,89.95170349881431,13.278494596252695,10
2193,89.9541596410689,13.278141647770592,10
2194,89.95758437449861,13.276762330465402,10
2195,90.0241466672465,13.200969267964684,10
2196,90.02819795600381,13.200786187040025,10
2197,90.08978688897713,13.148492135606139,10
2198,90.09222450548546,13.149438316808954,10
2199,90.17128938258459,13.158055617455517,10
2200,90.2118512161311,13.123522297878722,10
2201,90.25938350325,13.070004938251614,10
2202,90.2646280407429,13.065130882653422,10
2203,90.32221058190251,13.090823577488322,10
2204,90.32856020667606,13.092961040370227,10
2205,90.37844101462964,13.041332074144101,10
2206,90.43253438498962,12.992905881354973,10
2207,90.486091363633,12.946019910431326,10
2208,90.49294262861689,12.942634925084366,10
2209,90.54938716553245,12.87070191430734,10
2210,90.59664287187233,12.852110562798345,10
2211,90.60208296274587,12.852121535570584,10
2212,90.61124180688365,12.84934149242928,10
2213,90.61662258283539,12.849643617826949,10
2214,90.62445341141027,12.849318304195918,10
2215,90.63657017411765,12.852727846116919,10
2216,90.64082740515961,12.855731878714044,10
2217,90.69083059030375,12.92705059235878,10
2218,90.75026327298016,12.897160450977928,10
2219,90.79942424109223,12.872333633692769,10
2220,90.81114389212966,12.867261684277885,10
2221,90.94654015754801,12.96332152848737,10
2222,90.94832278349676,12.963308374649904,10
2223,90.95245375223939,12.967100201648769,10
2224,90.96390389849034,12.967314355634313,10
2225,90.96750830288231,12.967188189003245,10
2226,91.01886647393926,12.907964732841386,10
2227,91.11933549881618,12.895681879332594,10
2228,91.12594782684783,12.90242828913032,10
2229,91.13212927005864,12.90335268863331,10
2230,91.13636663032595,12.905272109332163,10
2231,91.13749428019291,12.905398152072923,10
2232,91.20129664042402,12.970485363224777,10
2233,91.24084303718378,13.00550301170724,10
2234,91.2517445428808,13.016640821824735,10
2235,91.34663911425466,12.947811040026403,10
2236,91.35256336714329,12.943412572050105,10
2237,91.36163216902088,12.937513173163175,10
2238,91.41805175690641,12.88048131956863,10
2239,91.42366195720808,12.877481469148519,10
2240,91.48007850120233,12.824046980395151,10
2241,91.48637586898757,12.821790625264866,10
2242,91.53336574149924,12.776568188748255,10
2243,91.63903047637477,12.670966338599294,10
2244,91.64659304273711,12.66462459935695,10
2245,91.79019423914731,12.605916756341015,10
2246,91.88607356668959,12.567302441981676,10
2247,91.93419732645262,12.544689271692993,10
2248,91.98734322516016,12.49597499889034,10
2249,91.99662685851486,12.49829561375385,10
2250,92.00765100835096,12.494771852684206,10
2251,92.01868498307034,12.500645325098064,10
2252,92.11634333248585,12.594874156058276,10
2253,92.22929900292971,12.609849211674135,10
2254,92.32829339941006,12.694204612346162,10
2255,92.47785535143188,12.716808682137122,10
2256,92.49394895674172,12.71713714234541,10
2257,92.50347928305975,12.717431864892458,10
2258,92.51716393951334,12.706172348663,10
2259,92.52557690582739,12.712407559050847,10
2260,92.53525796840574,12.708901694080353,10
2261,92.5892846943402,12.693211070902079,10
2262,92.60476886398621,12.702567008016453,10
2263,92.65318491716073,12.685855731832891,10
2264,92.7130650997133,12.744336901608092,10
2265,92.76634608134597,12.69523583119412,10
2266,92.77112426897881,12.69750087817452,10
2267,92.81921070095757,12.64739406551643,10
2268,92.83821959116031,12.62962647467922,10
2269,92.84974568651143,12.627675174503436,10
2270,92.90829571384003,12.539932485303055,10
2271,92.96254329157856,12.556263413904148,10
2272,92.96484905011283,12.55670987634706,10
2273,92.98320971745333,12.558654690882438,10
2274,92.9927672810695,12.55884234932759,10
2275,92.99625734007665,12.559582530698554,10
2276,93.07457879755265,12.496301463279142,10
2277,93.07792593130056,12.495944493062742,10
2278,93.13745320628865,12.561358866133544,10
2279,93.18916084866262,12.510138466981957,10
2280,93.19069972530424,12.51099053471879,10
2281,93.23867700909827,12.464320005979708,10
2282,93.30534045899694,12.49424388397091,10
2283,93.36289463154853,12.54562421731014,10
2284,93.41296699177562,12.620519056545293,10
2285,93.47275558105024,12.64847836808884,10
2286,93.52208084132631,12.602387629023015,10
2287,93.52355159200297,12.601706874699516,10
2288,93.5706045538063,12.558955640485987,10
2289,93.5802567582241,12.569556198127541,10
2290,93.62980218664613,12.525111338600627,10
2291,93.63526436350737,12.526235542596808,10
2292,93.67818339899648,12.505356168768722,10
2293,93.72968109896215,12.464702047934281,10
2294,93.73299122570275,12.465099774293286,10
2295,93.7374183722368,12.467800324486344,10
2296,93.7401070258027,12.468696661037816,10
2297,93.74569533904055,12.466827310682998,10
2298,93.75206629359857,12.471673139294122,10
2299,93.75610033015937,12.46951726870542,10
2300,93.7641858230941,12.47501349575448,10
2301,93.76799283898546,12.478253703594255,10
2302,93.77488188538628,12.485751922416929,10
2303,93.83174939543679,12.502316245650261,10
2304,93.8429128531277,12.505059991214875,10
2305,93.84408592979345,12.505520802309645,10
2306,93.84962380540975,12.511584909188677,10
2307,93.85759632219786,12.513796344989522,10
2308,93.876833487163,12.504017615884688,10
2309,93.88890186153417,12.5061845027183,10
2310,93.8972748249588,12.511955564327385,10
2311,93.90822248639027,12.515433115462843,10
2312,93.91624749858218,12.509723589902302,10
2313,93.92035989990524,12.512425432511279,10
2314,93.93658292799938,12.523191323408494,10
2315,93.94141267802749,12.52175228222372,10
2316,93.99665718239507,12.505884536470738,10
2317,94.00348459563605,12.503104746116165,10
2318,94.00731398286743,12.504805524887418,10
2319,94.01205836025214,12.50893617295394,10
2320,94.01854284489053,12.506813577712808,10
2321,94.02481465670033,12.50540058354667,10
2322,94.03129850847405,12.505413678595197,10
2323,94.03403501311132,12.506701325779805,10
2324,94.0468840017334,12.51534188565739,10
2325,94.05031630393118,12.51773820311838,10
2326,94.05567032214874,12.51414018938709,10
2327,94.0644732387518,12.51015149336459,10
2328,94.11242294114524,12.489017312677523,10
2329,94.16732586591657,12.468835842265532,10
2330,94.17082586473518,12.470189492223398,10
2331,94.22671216459368,12.41950419948723,10
2332,94.28015386812392,12.442071935548626,10
2333,94.29140333751234,12.435650262424144,10
2334,94.38834022400238,12.367331473317103,10
2335,94.4479392457896,12.383608196095038,10
2336,94.45943095187707,12.387123980156236,10
2337,94.54703972893421,12.302017082531714,10
2338,94.56138939250401,12.306453071117469,10
2339,94.56810695795858,12.304448518859736,10
2340,94.58053892517988,12.308905746814851,10
2341,94.63085072553807,12.282913282971068,10
2342,94.68063067706224,12.307446876577442,10
2343,94.77463163396799,12.379298748538274,10
2344,94.82244721599182,12.406139045785602,10
2345,94.83867302727448,12.394548940039408,10
2346,94.93564404293346,12.403123588970269,10
2347,94.94085705195141,12.401061725397023,10
2348,94.94629469193245,12.398011583417608,10
2349,95.00058325999116,12.300151128775676,10
2350,95.04550511714424,12.356659463201018,10
2351,95.10136946851863,12.264558354054145,10
2352,95.18864837866775,12.231233805246415,10
2353,95.25622797557968,12.204814425432108,10
2354,95.33159292803887,12.198317945778342,10
2355,95.34378011094662,12.20344818830144,10
2356,95.54346214662402,12.295585446005282,10
2357,95.59266162447099,12.36973619700949,10
2358,95.60560738934643,12.360203764715175,10
2359,95.65341793988301,12.408726616797567,10
2360,95.70893580452758,12.358147050620486,10
2361,95.7108047164285,12.357074868903359,10
2362,95.80696832549589,12.221029715276584,10
2363,95.81186517003721,12.223498924844634,10
2364,95.81418315885853,12.223984420643628,10
2365,95.90251389987743,12.122737904227128,10
2366,95.95090082570951,12.078004758572565,10
2367,96.00186723344545,12.032033670928861,10
2368,96.05434827541833,11.9834996716681,10
2369,96.05550153882776,11.983054169526358,10
2370,96.065863633999,11.985448698297981,10
2371,96.08311793386234,11.965967421905173,10
2372,96.0849254845644,11.964744356550899,10
2373,96.09172679620676,11.963315582124931,10
2374,96.10098194215534,11.967242529681252,10
2375,96.16013637566917,11.9432151982784,10
2376,96.26496426618117,11.923505738421238,10
2377,96.36093517019431,11.93541061457859,10
2378,96.37686688698322,11.94442197774724,10
2379,96.42685358262534,11.924355513761544,10
2380,96.53101672213157,11.957694422975505,10
2381,96.58107772596722,12.005300271048474,10
2382,96.63085404568781,11.986006219420611,10
2383,96.73246032093037,12.016029056944793,10
2384,96.78263173547188,12.037851699000823,10
2385,96.79594272615023,12.037671695824393,10
2386,96.83718821308629,12.019352887245242,10
2387,96.93587490077277,12.115797191756231,10
2388,96.93972598119402,12.118297259791309,10
2389,96.95404764632084,12.112412178859659,10
2390,97.0096056401621,12.143751861719386,10
2391,97.06806242186931,12.105035338403631,10
2392,97.07506465937675,12.105899291416694,10
2393,97.07679161089223,12.10584572364727,10
2394,97.12863822152033,12.076847883108893,10
2395,97.13661666984967,12.080359293749849,10
2396,97.14455308026817,12.071917258420031,10
2397,97.24513833143324,12.084662330420146,10
2398,97.25394791801176,12.088448853762106,10
2399,97.25935480857302,12.088701513550735,10
2400,97.27402121082544,12.081708633529853,10
2401,97.32454966126866,12.113979237309955,10
2402,97.33812539511679,12.109868002061129,10
2403,97.38937828351752,12.154835250207695,10
2404,97.4378664521524,12.106547962934558,10
2405,97.48288421623303,12.128708105826613,10
2406,97.48744992302758,12.128041875055198,10
2407,97.49395346973253,12.127312082147188,10
2408,97.54864657069092,12.178184580381794,10
2409,97.55338601344272,12.174790467382714,10
2410,97.5558939937664,12.175424020993319,10
2411,97.66295635994194,12.203385716864949,10
2412,97.68397111746616,12.221535159169754,10
2413,97.73671313914305,12.175901599081225,10
2414,97.82338060383248,12.10780748000536,10
2415,97.87600149573083,12.185265478058634,10
2416,97.88153155481157,12.186126473468557,10
2417,97.8852513554753,12.1871836320493,10
2418,97.93664644470691,12.262689174154108,10
2419,98.03363076758191,12.3008414698911,10
2420,98.08637253399496,12.383261471870215,10
2421,98.14848304161714,12.458258035190187,10
2422,98.20511446496735,12.547072668515515,10
2423,98.22484814489768,12.558936084272743,10
2424,98.33070967407876,12.662452743264524,10
2425,98.334777017636,12.66464483925221,10
2426,98.34094480170765,12.665854036627605,10
2427,98.35984211485494,12.694899013105568,10
2428,98.36141347534891,12.694444205054973,10
2429,98.42025778302943,12.778026213227328,10
2430,98.47137421324041,12.864532378113037,10
2431,98.52042442656101,12.823283930199379,10
2432,98.62605364371309,12.78627164550099,10
2433,98.63795873103162,12.783534265841633,10
2434,98.64714737765779,12.783654693678038,10
2435,98.65294843830063,12.78546355050295,10
2436,98.65628334418395,12.785456706446153,10
2437,98.69533676906715,12.75507390237043,10
2438,98.74710353089156,12.733878786110665,10
2439,98.7529065980521,12.733371713873256,10
2440,98.75730938525422,12.735152630630552,10
2441,98.82017107563065,12.686639325532024,10
2442,98.8311594035799,12.686455622396178,10
2443,98.84137090599846,12.6879140921861,10
2444,98.90333054908207,12.652235328155642,10
2445,98.96900656400933,12.62185104627363,10
2446,99.02677681554862,12.611917260751763,10
2447,99.03678836076736,12.611416373223703,10
2448,99.09397738330321,12.602262325055205,10
2449,99.10171589922791,12.603057047854362,10
2450,99.21485134220214,12.64388313544139,10
2451,99.24199879237497,12.650329878315153,10
2452,99.24341400949554,12.65027424647561,10
2453,99.28593918261771,12.616908636276948,10
2454,99.2944614420659,12.620511184198081,10
2455,99.34073230302536,12.58937245659066,10
2456,99.34445723805898,12.591404387826808,10
2457,99.35642222101828,12.607038281040824,10
2458,99.36454402404462,12.61593364612464,10
2459,99.369624042179,12.620698394146563,10
2460,99.37463875335982,12.626431209646348,10
2461,99.38092662750401,12.624625535987846,10
2462,99.39114897155596,12.625489584629486,10
2463,99.4328569157642,12.603903345197956,10
2464,99.43990967823464,12.607940519474779,10
2465,99.44785243485396,12.611389974274829,10
2466,99.45471197414714,12.610717812664324,10
2467,99.51478654560137,12.518381390674573,10
2468,99.57034073486659,12.484272963721567,10
2469,99.58271882835808,12.479620315398567,10
2470,99.63185210364917,12.562703627373272,10
2471,99.6430851333676,12.567322929950723,10
2472,99.69353371032018,12.658152809554734,10
2473,99.69777652479085,12.660069468663295,10
2474,99.74792454283049,12.68778699314297,10
2475,99.76103055571843,12.69293385403445,10
2476,99.8113637288308,12.661780331292787,10
2477,99.82812342456803,12.687009486759809,10
2478,99.82896427912604,12.687454184690441,10
2479,99.83108826482889,12.6872133119266,10
2480,99.87994787917606,12.596785848470244,10
2481,99.9308521396998,12.507857688117715,10
2482,99.99240292932333,12.476632095222898,10
2483,100.0130870589618,12.464456726932001,10
2484,100.01648055402845,12.467733766812685,10
2485,100.02686890486842,12.470031584502957,10
2486,100.07479087059423,12.49644314830473,10
2487,100.08086323609336,12.503431025898642,10
2488,100.13302564262439,12.519828252845231,10
2489,100.23108312664831,12.452106257147584,10
2490,100.28527870476049,12.359240107949164,10
2491,100.2905815766251,12.361549818391213,10
2492,100.34993846666629,12.376129305615343,10
2493,100.40549687479778,12.292143269280537,10
2494,100.45921012215449,12.214569393648638,10
2495,100.46594360045917,12.218477698359974,10
2496,100.4692641377506,12.222692097915203,10
2497,100.47857742730027,12.228973258375763,10
2498,100.53023375251321,12.150163031762723,10
2499,100.53240278935027,12.149953928894197,10
2500,100.53324175739301,12.148972837565404,10
2501,100.59110390376557,12.240070799044235,10
2502,100.64062544224018,12.334206658715207,10
2503,100.69246597776964,12.42800323095176,10
2504,100.69926081258126,12.42348882213404,10
2505,100.70317065262817,12.420357492529508,10
2506,100.74581236530608,12.38319675881382,10
2507,100.80429928315912,12.401784325951297,10
2508,100.85808532428726,12.370466939801249,10
2509,100.86163199016325,12.376232748893445,10
2510,100.91009684393795,12.395771500613389,10
2511,100.9190129390087,12.39675942160213,10
2512,100.92271163401351,12.39779037875384,10
2513,100.923634001664,12.397758760478792,10
2514,100.94137278517528,12.402692919309121,10
2515,100.94279755034049,12.40262296663337,10
2516,101.0371218333201,12.29998380312417,10
2517,101.08701533758915,12.25901207461569,10
2518,101.09048779755678,12.257881306896126,10
2519,101.14540146562624,12.221970646736382,10
2520,101.18690534470777,12.189014436421674,10
2521,101.19099859119017,12.18665857868781,10
2522,101.19458450395,12.18709802162174,10
2523,101.20262259275009,12.18804930179691,10
2524,101.2038619741506,12.188552070353108,10
2525,101.23711286235981,12.172919636385192,10
2526,101.24861796977814,12.172864642112616,10
2527,101.25351228990402,12.174184999738596,10
2528,101.28257257156747,12.159746070405482,10
2529,101.3779348351387,12.16512282963078,10
2530,101.38547732064771,12.165084492382862,10
2531,101.3911011915412,12.160479921510396,10
2532,101.46218582616741,12.126144600011456,10
2533,101.51284563832192,12.111466063483798,10
2534,101.52002515053985,12.110172173824045,10
2535,101.57106304485228,12.143213009035156,10
2536,101.59520416580116,12.130130989878737,10
2537,101.69468982481291,12.169903640963826,10
2538,101.84449421474467,12.325077872703838,10
2539,101.85310128353328,12.324633571550951,10
2540,101.90637498009869,12.243497727633796,10
2541,101.90813352897219,12.244245113980126,10
2542,101.95843688942804,12.160321114935682,10
2543,102.01263160656947,12.082346114559265,10
2544,102.06486258585865,12.004884401404178,10
2545,102.07870886511499,11.993019585813512,10
2546,102.1384971061293,12.024954785123617,10
2547,102.24104004502742,12.085538923016417,10
2548,102.25228715956112,12.087520270843006,10
2549,102.37625087926537,12.004432403721161,10
2550,102.38133991638149,12.003232302717105,10
2551,102.45078942614802,11.924426016986377,10
2552,102.50631787087676,11.953754667524262,10
2553,102.55690129375387,11.986448986429878,10
2554,102.56605131813254,11.991004862300413,10
2555,102.62130506561846,12.01668368009971,10
2556,102.64888646056458,12.036418318556244,10
2557,102.66567128123252,12.045186914102047,10
2558,102.71693381882395,12.06970825957526,10
2559,102.76562727955461,12.09493666667386,10
2560,102.86503595921761,12.089146767328138,10
2561,102.86809875217448,12.09037137798342,10
2562,102.91611156193906,12.013850839750507,10
2563,102.96390353563518,11.979868208017564,10
2564,103.02222535007843,11.955485416429951,10
2565,103.02505717181388,11.95431058773211,10
2566,103.03551180033904,11.947531483210595,10
2567,103.04915158837841,11.940442376624931,10
2568,103.05263115963763,11.938737268720887,10
2569,103.14964821534082,11.936403232478659,10
2570,103.16099708259239,11.939235712018165,10
2571,103.16558828227798,11.937465081466554,10
2572,103.1737146916453,11.930253073219756,10
2573,103.18947004935039,11.923925819115498,10
2574,103.28005446600181,11.875559412128199,10
2575,103.29125297849653,11.881703152754477,10
2576,103.30059484133479,11.881060202275343,10
2577,103.40023755648205,11.869668898526605,10
2578,103.50981968768943,11.786531420362481,10
2579,103.57011927520368,11.892481552827858,10
2580,103.6163825652691,11.922325995069606,10
2581,103.7217300583209,11.904697470215696,10
2582,103.7320136882511,11.90642221596174,10
2583,103.74216045823084,11.90143663505432,10
2584,103.74689014187315,11.904552235737462,10
2585,103.79489126715775,11.935151725249598,10
2586,103.88982269926223,11.926570529962305,10
2587,103.9963098238484,11.898635119097435,10
2588,104.091500409102,11.965550120713807,10
2589,104.09744555001517,11.968583244476738,10
2590,104.20230796677893,11.903681867700643,10
2591,104.29861201222268,11.971417797309778,10
2592,104.35380861516009,12.015172614434356,10
2593,104.40975790942659,11.984611530148127,10
2594,104.51443655881198,12.055618748483342,10
2595,104.51883142340589,12.056960804065273,10
2596,104.52185553974098,12.059334293410561,10
2597,104.53200629996907,12.05780810088361,10
2598,104.53808461933963,12.055051135433121,10
2599,104.59472694276899,12.08496830786296,10
2600,104.59837773735838,12.08735493452508,10
2601,104.60533400178936,12.085672678954445,10
2602,104.73200493049562,12.07778408620405,10
2603,104.74223316184032,12.085117653166966,10
2604,104.7774043488882,12.068424770837163,10
2605,104.79006650974998,12.057154433485008,10
2606,104.86661415233,12.066670241730016,10
2607,104.86836421579262,12.066845719784565,10
2608,104.92037194632039,12.105107873981355,10
2609,104.93995505771875,12.09861663196321,10
2610,104.99465966267469,12.140378209855335,10
2611,105.04287343428004,12.162900305598713,10
2612,105.04839759435167,12.160738272135701,10
2613,105.05073702581589,12.162092375476158,10
2614,105.0587483223463,12.15828527445381,10
2615,105.1065752980509,12.187079108521143,10
2616,105.15719634875765,12.217059498485206,10
2617,105.17084351890749,12.222405847390382,10
2618,105.22295663145512,12.244247391528315,10
2619,105.27397246014687,12.271614515014289,10
2620,105.32346276474156,12.303264109120535,10
2621,105.37816124088245,12.344658198375294,10
2622,105.38932186779125,12.35254077685635,10
2623,105.43223443381778,12.383523872832333,10
2624,105.44298835705187,12.392589159808347,10
2625,105.49386406978745,12.472678304509936,10
2626,105.50661326989761,12.487978601867603,10
2627,105.51342014574091,12.49088230510515,10
2628,105.52246740731816,12.494187036694646,10
2629,105.53002531881532,12.495702325408237,10
2630,105.54128059712177,12.486822754208742,10
2631,105.54725741412308,12.487107266916986,10
2632,105.55828972010106,12.491352568609642,10
2633,105.61843238853695,12.473146851443165,10
2634,105.62232830896714,12.474428967943698,10
2635,105.673067203352,12.451383449749333,10
2636,105.68436168185865,12.43843110450574,10
2637,105.69099282743744,12.433435456338174,10
2638,105.74119668403758,12.468373058986192,10
2639,105.80487540542904,12.495234929393368,10
2640,105.85491845137813,12.529246749722528,10
2641,105.87910479728257,12.52453316408098,10
2642,105.88157684149276,12.523895902739072,10
2643,105.94832500886064,12.505634906559157,10
2644,105.95635496080357,12.510878865451211,10
2645,105.96544347105421,12.511259985433759,10
2646,105.97267808553413,12.511005064248517,10
2647,105.9824041756048,12.517344639276912,10
2648,105.99704847256973,12.538369916121193,10
2649,106.00003505189053,12.541312686275367,10
2650,106.10313375091428,12.66716461489508,10
2651,106.111928238135,12.674408325652939,10
2652,106.12474850974209,12.677492082916187,10
2653,106.13064166743641,12.680960219092873,10
2654,106.1387993816567,12.680560553118346,10
2655,106.15371444784168,12.695493543700213,10
2656,106.21185940108055,12.62014458372986,10
2657,106.23420859759672,12.608590270466802,10
2658,106.24723200693113,12.602653812198376,10
2659,106.29627643586335,12.524409282600347,10
2660,106.30169621880566,12.52420619784725,10
2661,106.34952505513427,12.489185600377683,10
2662,106.40127533277538,12.517807341180315,10
2663,106.40656143520656,12.524047458102752,10
2664,106.49258732306853,12.412557559643345,10
2665,106.54899404249252,12.449565738297908,10
2666,106.56772168130865,12.461244564709514,10
2667,106.58110657169728,12.45922199687723,10
2668,106.63847402565958,12.497434836377677,10
2669,106.64333457987807,12.498880944146359,10
2670,106.65113108388005,12.494201839422885,10
2671,106.67138086384894,12.507200776518303,10
2672,106.67537093771662,12.505480412799841,10
2673,106.67617988692442,12.50511520586508,10
2674,106.73966367394962,12.528507371578797,10
2675,106.78089164030557,12.558340667536026,10
2676,106.78674519482888,12.56138849136495,10
2677,106.79315118418745,12.561579278770568,10
2678,106.7950418553764,12.561425909578919,10
2679,106.79816062163611,12.56074370157988,10
2680,106.79910192791274,12.561542854719342,10
2681,106.80461972183734,12.561882657097696,10
2682,106.85581451110689,12.594498499842015,10
2683,106.9153031306771,12.625632582817307,10
2684,106.98153665422952,12.587885043639643,10
2685,107.03995174003481,12.55919914794765,10
2686,107.04348295363454,12.559660248506841,10
2687,107.06580037831603,12.562648131798543,10
2688,107.18114921649203,12.577926072243732,10
2689,107.23083672417515,12.552442468763791,10
2690,107.23408792965465,12.553356474232007,10
2691,107.29012673229997,12.592576583056864,10
2692,107.29342219239383,12.591274559621446,10
2693,107.30201188978174,12.587463732414008,10
2694,107.35714755457427,12.63106858934467,10
2695,107.36502319956351,12.634311206052903,10
2696,107.41901356165988,12.679823087594809,10
2697,107.47457967873996,12.661393482430553,10
2698,107.4815376337677,12.661602347603289,10
2699,107.49622964944638,12.661999319718234,10
2700,107.56739073067608,12.609554125704541,10
2701,107.616762084361,12.651975502875105,10
2702,107.62068169702943,12.654099442356172,10
2703,107.626653768774,12.648927871414186,10
2704,107.68164285761812,12.606795752434111,10
2705,107.74625338463007,12.551552263942208,10
2706,107.75100096589301,12.549554065979462,10
2707,107.80312781075983,12.51665771111585,10
2708,107.81027046403776,12.513120794686253,10
2709,107.90732058546514,12.534861228528236,10
2710,107.96624578199844,12.614045557798292,10
2711,108.01669851487718,12.657227494469096,10
2712,108.0257380902435,12.668576345937643,10
2713,108.1287321472336,12.782268954410377,10
2714,108.13266440104651,12.782069025620332,10
2715,108.27976351728009,12.720982107529098,10
2716,108.32792388868685,12.799061491602666,10
2717,108.42456996377985,12.785852280678805,10
2718,108.47506114850599,12.729123739029683,10
2719,108.57259956138417,12.658022103695656,10
2720,108.67101486930142,12.675412016256589,10
2721,108.77569031339935,12.627122050146992,10
2722,108.83557598158468,12.67953810240357,10
2723,108.90126537095061,12.721515252979081,10
2724,108.90329473094286,12.721621107320606,10
2725,108.95078972472827,12.669212438468481,10
2726,108.96065447205471,12.682470717419028,10
2727,109.01546733274968,12.659773395660677,10
2728,109.02415371737945,12.6536238684947,10
2729,109.0801185117111,12.734391094925687,10
2730,109.08346039242488,12.735845633637416,10
2731,109.1332908593441,12.817751675492127,10
2732,109.1370561747132,12.818998875624008,10
2733,109.1967204177536,12.769280694316794,10
2734,109.29654783963365,12.77869053615011,10
2735,109.29881379944474,12.779478167444209,10
2736,109.30763936456954,12.7802112770187,10
2737,109.36335270894702,12.732602583555973,10
2738,109.36848816095915,12.736145400955252,10
2739,109.37434970598174,12.738927308768972,10
2740,109.42933165353027,12.684377568203132,10
2741,109.43099079347901,12.684535607190123,10
2742,109.44033746603368,12.68348322899895,10
2743,109.45215594089055,12.686114862334135,10
2744,109.45846157564092,12.689146016991847,10
2745,109.46825102417874,12.68405127094388,10
2746,109.47737830865019,12.687270729496644,10
2747,109.47914792911804,12.686935988894845,10
2748,109.4863901238396,12.690172810521128,10
2749,109.49222345982112,12.688028188824843,10
2750,109.49531693181036,12.68762372280313,10
2751,109.54724921857049,12.640961722468827,10
2752,109.55483590086826,12.639652187597507,10
2753,109.56413321817283,12.640618795709774,10
2754,109.56853598530172,12.642266394271154,10
2755,109.60333610324274,12.60753883440047,10
2756,109.6083097511051,12.606002429224885,10
2757,109.61255292303647,12.606716557291929,10
2758,109.62246657072414,12.6188742669967,10
2759,109.63518396663854,12.61478994965501,10
2760,109.68654813978257,12.580466609190804,10
2761,109.7238339269586,12.599091046652703,10
2762,109.72996726359652,12.604268829465056,10
2763,109.7384757061659,12.600123337663845,10
2764,109.75120433265324,12.582470379834113,10
2765,109.76026166248985,12.579460118454119,10
2766,109.76505673035547,12.579429108740392,10
2767,109.81645535338203,12.614097606401108,10
2768,109.86010905478122,12.549686048007066,10
2769,109.86814589164683,12.552881197274203,10
2770,109.91811398757068,12.572317713040079,10
2771,109.92018152308495,12.572013055376232,10
2772,109.97092112883152,12.598364720308245,10
2773,110.02103290612715,12.562692683500169,10
2774,110.07125113193982,12.513968805809142,10
2775,110.11958420091878,12.467528252935688,10
2776,110.12156326671672,12.468573860672628,10
2777,110.1248763377511,12.466906325274575,10
2778,110.17377672494543,12.38089788904816,10
2779,110.27261717241547,12.335152398051132,10
2780,110.3157004359828,12.310966220917075,10
2781,110.32695714348067,12.322810443723494,10
2782,110.34502283457894,12.33657896595495,10
2783,110.38581466091296,12.36134148976753,10
2784,110.48268528506526,12.372365105140947,10
2785,110.49071893217426,12.373232394855572,10
2786,110.59332197822414,12.502355581404407,10
2787,110.69389746950478,12.629038181245473,10
2788,110.70202921181074,12.630860814520428,10
2789,110.7173357686924,12.636531213661558,10
2790,110.81996541894493,12.690320488712507,10
2791,110.82559981039,12.689327928096397,10
2792,110.82979380897582,12.693097662963794,10
2793,110.8823465211163,12.774197717466132,10
2794,110.94289289607097,12.796165458988337,10
2795,111.00938051841442,12.852877481481956,10
2796,111.06655611840252,12.825280243186691,10
2797,111.0762506825159,12.823876346142226,10
2798,111.12995599215795,12.914216413554747,10
2799,111.13263488388118,12.913704081383726,10
2800,111.20899991151187,12.8835628149074,10
2801,111.25755347963036,12.847654308285803,10
2802,111.30611115940289,12.81426642355004,10
2803,111.35549959926627,12.779820235107037,10
2804,111.45682094821589,12.789083623968569,10
2805,111.57477437907183,12.877863472556415,10
2806,111.57920310696997,12.87637036435768,10
2807,111.58364706972368,12.874769936756868,10
2808,111.63630250185047,12.910905253127947,10
2809,111.68747030395957,12.947410982468005,10
2810,111.6932420044185,12.947278147100924,10
2811,111.70011465408295,12.946959579900943,10
2812,111.7573307998847,12.915678128962675,10
2813,111.79301468875727,12.927736461789486,10
2814,111.7993256086276,12.927125321130555,10
2815,111.85071606074396,12.963662565228828,10
2816,111.90136912085343,12.93420356623924,10
2817,111.91109682372071,12.927292982040303,10
2818,111.96993072844418,12.89109969469206,10
2819,112.12138177750424,12.884853372005196,10
2820,112.1707253562032,12.86007569381307,10
2821,112.23105679230714,12.805148550908061,10
2822,112.28732738992491,12.778903807637096,10
2823,112.38316951100774,12.776113982556625,10
2824,112.3848817011944,12.775528014132748,10
2825,112.44553212554536,12.757729434911344,10
2826,112.44821785713182,12.757857759798892,10
2827,112.45176551173759,12.75620752152514,10
2828,112.4539579313556,12.756468123997898,10
2829,112.461945289991,12.755862433806426,10
2830,112.4662326722503,12.75753550928381,10
2831,112.4735165573397,12.75961846807982,10
2832,112.48851882365155,12.742693009362936,10
2833,112.49288425653478,12.740603162575793,10
2834,112.53571176781308,12.698966697092661,10
2835,112.55093437726302,12.690398170937558,10
2836,112.55515764498821,12.683980638196447,10
2837,112.57035190487628,12.679405091749457,10
2838,112.57232498717015,12.678300316614173,10
2839,112.57720717561963,12.676930030257644,10
2840,112.5797251836993,12.67701283700431,10
2841,112.58422168898521,12.679516372228104,10
2842,112.59303138950608,12.675736528468477,10
2843,112.59830873295884,12.6740800032733,10
2844,112.60440679659166,12.670906967879645,10
2845,112.66387450368457,12.719728137350973,10
2846,112.71422659380082,12.745150456441248,10
2847,112.7217569480515,12.75338070014958,10
2848,112.72531652779193,12.752299962551099,10
2849,112.72653171605248,12.753344379104085,10
2850,112.73831483308615,12.756506406042384,10
2851,112.79166583240999,12.77630254730881,10
2852,112.80312980612453,12.790476280655069,10
2853,112.81193678644131,12.796335088117734,10
2854,112.81414732887421,12.796867905848451,10
2855,112.86644899133084,12.846416704959324,10
2856,112.86880098429017,12.84625286550972,10
2857,112.88107008192499,12.85079226090683,10
2858,112.90740273838931,12.8601222932556,10
2859,112.97493396743326,12.906922646548422,10
2860,112.9764936175358,12.906342721515017,10
2861,112.98477315423793,12.899616423236935,10
2862,112.98896040548486,12.901078561507093,10
2863,113.01996952936402,12.892655801165049,10
2864,113.07168225528122,12.9767121552454,10
2865,113.07396992568337,12.976824099757495,10
2866,113.11584278921143,13.003611030198936,10
2867,113.12337294990171,13.006634545364136,10
2868,113.12976425646684,13.006882724585994,10
2869,113.13503330919734,13.005381975503843,10
2870,113.2692902120165,13.078389370635291,10
2871,113.27725075400686,13.0757773544186,10
2872,113.33418094600802,13.044584629364893,10
2873,113.38956493970645,13.014943701787924,10
2874,113.39732241288687,13.007127323796063,10
2875,113.45058810414628,13.095530617063146,10
2876,113.45402885767342,13.097867168121784,10
2877,113.45690456715033,13.098035812690501,10
2878,113.50685262366679,13.049906629734876,10
2879,113.5104240727729,13.04967949194755,10
2880,113.53265071052199,13.04248516263285,10
2881,113.6159405676837,13.019320625871062,10
2882,113.6327128527234,13.01905329380149,10
2883,113.68088762220967,13.054458564811613,10
2884,113.72880478316536,13.00951120902483,10
2885,113.77313437027256,12.930479117358816,10
2886,113.78302082642969,12.921461339884845,10
2887,113.7849590476701,12.920656712946872,10
2888,113.78664943225098,12.920540480880812,10
2889,113.7892813652577,12.920591081640278,10
2890,113.83543660671617,12.896247452116036,10
2891,113.88215719272515,12.854396713129029,10
2892,113.88618653697282,12.856689301413647,10
2893,113.89386674630393,12.858114983866505,10
2894,113.898881632225,12.855654353266955,10
2895,114.00097342506554,12.774057019496034,10
2896,114.00623392404194,12.777615460604713,10
2897,114.01794165890176,12.762587301260895,10
2898,114.02501162482363,12.762976035133464,10
2899,114.05749791251237,12.740949696595512,10
2900,114.10747180043276,12.700130222128085,10
2901,114.10942189315126,12.70184064247046,10
2902,114.11841509309461,12.705211428731657,10
2903,114.12700830484161,12.703330278114054,10
2904,114.13900206901397,12.7108031097264,10
2905,114.14966020408374,12.70427398777628,10
2906,114.15392213705574,12.707465338506479,10
2907,114.16585007541703,12.702890913685552,10
2908,114.17797118999006,12.70234685132924,10
2909,114.18376840136575,12.706131525245032,10
2910,114.24231056174126,12.613831073391108,10
2911,114.2984881224684,12.580916791609079,10
2912,114.39684433335447,12.452837584949881,10
2913,114.40442824133125,12.45733213580946,10
2914,114.42474246799125,12.436775390431817,10
2915,114.47709551269475,12.457815372127238,10
2916,114.52767742452679,12.483387785814845,10
2917,114.53408453527871,12.482467425549618,10
2918,114.59473241727133,12.518792022037943,10
2919,114.69685096032558,12.538551349894057,10
2920,114.75455046101838,12.513496223701475,10
2921,114.80364580751657,12.537784886343585,10
2922,114.86135947446826,12.573120681631822,10
2923,114.8749134900036,12.584392495100895,10
2924,114.88041772992949,12.584730881575583,10
2925,114.88556756947044,12.587018792430513,10
2926,114.89024457777289,12.588973068826554,10
2927,114.9311539509968,12.569383597233006,10
2928,114.98488621608794,12.596906094418712,10
2929,115.03633005630661,12.642341897065897,10
2930,115.03797149587653,12.642770083417771,10
2931,115.09268879597775,12.690936566891137,10
2932,115.09737376895198,12.68799518945817,10
2933,115.15124941576991,12.773343785921831,10
2934,115.15670819949261,12.772463181139077,10
2935,115.16727497372867,12.78164169870141,10
2936,115.22350557232497,12.77086403132285,10
2937,115.27935262423156,12.805136334646996,10
2938,115.3366971018097,12.826877200488159,10
2939,115.34981548317276,12.843771625322352,10
2940,115.39879655595362,12.923974344997538,10
2941,115.46599481457181,12.951858764357654,10
2942,115.56428021462736,12.95601774060705,10
2943,115.61910455988361,12.981138399792059,10
2944,115.62545427553596,12.981050095268404,10
2945,115.63079116816193,12.988099112587243,10
2946,115.63425841469822,12.987803938924579,10
2947,115.73392691681147,12.98648371162912,10
2948,115.7594311084124,12.970509589446708,10
2949,115.80751246203552,12.99730693615819,10
2950,115.86981677373872,12.976038438003444,10
2951,115.89709868975567,12.962056493043884,10
2952,115.94947054823021,12.992317646560736,10
2953,116.08368034459538,12.9585248723443,10
2954,116.17541888686574,12.890449695697269,10
2955,116.23416745475659,12.851397950417722,10
2956,116.2901612022878,12.88221751814717,10
2957,116.38740077928853,12.877854589396277,10
2958,116.413329409728,12.87360680632289,10
2959,116.42036908452205,12.870107218399918,10
2960,116.47059516123241,12.83934697607892,10
2961,116.55745907840021,12.84786586181955,10
2962,116.56786976192139,12.845985160806718,10
2963,116.58115472987603,12.852694351728152,10
2964,116.58988140583008,12.847210560106026,10
2965,116.60569547570535,12.845698335091019,10
2966,116.70515903221087,12.78309895966754,10
2967,116.71204855743713,12.779517232824464,10
2968,116.76266509773993,12.74897868338868,10
2969,116.81587417983117,12.650016131324678,10
2970,116.86320338968565,12.672147794750224,10
2971,116.86950093060071,12.673700713507689,10
2972,116.92259741492039,12.639895916553792,10
2973,116.98073489439227,12.674484715342643,10
2974,116.98549990162303,12.675777880483745,10
2975,116.99806425631047,12.682540010896442,10
2976,117.0216119641932,12.674016923501286,10
2977,117.02866049714771,12.680448803180536,10
2978,117.08323589308483,12.722012230043307,10
2979,117.09186085523181,12.716894797149381,10
2980,117.16230349273812,12.739751253427587,10
2981,117.18791817482153,12.723106140325047,10
2982,117.22645859238688,12.704034254646851,10
2983,117.32195537292611,12.769338979844946,10
2984,117.36945521052101,12.795161988796533,10
2985,117.46531050158451,12.859311677012606,10
2986,117.47697228188443,12.863078294052047,10
2987,117.52947000601111,12.892782452465806,10
2988,117.63189048783019,13.01406492439634,10
2989,117.73492858981862,13.074130653025192,10
2990,117.78264402014,13.047848920529445,10
2991,117.88252778233814,13.104687462719266,10
2992,117.93832853132054,13.05567043187473,10
2993,118.13332889173378,13.167694004407611,10
2994,118.18752403378626,13.147616165988012,10
2995,118.19637644896886,13.152003978648178,10
2996,118.24729656225779,13.130354676927126,10
2997,118.30141728201711,13.113711632255947,10
2998,118.39803132524983,13.229882964628082,10
2999,118.4089991549475,13.229241440730636,10
3000,118.465129244475,13.318396348634828,10
3001,118.46954841550648,13.31901666521988,10
3002,118.48127727421085,13.30810448331618,10
3003,118.57594749715818,13.36990541682729,10
3004,118.6735135508432,13.360513425491117,10
3005,118.6845668676029,13.355212814236882,10
3006,118.69496660830104,13.350714141852363,10
3007,118.74932631214782,13.330995542871706,10
3008,118.85442412357118,13.343263538564184,10
3009,118.90619500007995,13.313220682599077,10
3010,118.92066055678917,13.31622664507245,10
3011,118.96509453692825,13.289993612532108,10
3012,119.02765513272084,13.300606562994943,10
3013,119.08571838863205,13.335132150252104,10
3014,119.0941969269629,13.340528447183011,10
3015,119.14747108704555,13.31471712946493,10
3016,119.19801907582443,13.348947731512242,10
3017,119.2517984939858,13.38215046278003,10
3018,119.25976238653895,13.38143622334374,10
3019,119.26189872454074,13.381355462710458,10
3020,119.35993612334032,13.38552925479291,10
3021,119.3654158713778,13.38867518766212,10
3022,119.46656459857498,13.466509177399498,10
3023,119.51644264690711,13.444926323128291,10
3024,119.51932426098995,13.446075579411504,10
3025,119.52157894642573,13.448650546869365,10
3026,119.57569514747134,13.429505657377737,10
3027,119.59376935247232,13.43849234598679,10
3028,119.61040663474498,13.42680820619993,10
3029,119.62644010610424,13.436497738248304,10
3030,119.67730639237823,13.42092489488319,10
3031,119.68269564110952,13.419559268185722,10
3032,119.77230141851935,13.43852131457668,10
3033,119.77537493246602,13.43895015726076,10
3034,119.79014806784937,13.459474576041222,10
3035,119.83451294056381,13.378310952248512,10
3036,119.85029693948256,13.374221864655995,10
3037,119.89577462554455,13.401499020935358,10
3038,119.94407622200144,13.441301480580961,10
3039,120.0249660023657,13.521538679739654,10
3040,120.02959200951148,13.52460479369208,10
3041,120.11283223697009,13.565021195692431,10
3042,120.11735988009814,13.562911771287524,10
3043,120.12175212149846,13.562340425794702,10
3044,120.12597017590106,13.564375454491262,10
3045,120.1412843671507,13.561809698338056,10
3046,120.15922558272193,13.55478990554559,10
3047,120.16269135776012,13.556581246159203,10
3048,120.2041204191682,13.589851391520495,10
3049,120.20896840725086,13.591063422157129,10
3050,120.26065146907226,13.668329989822892,10
3051,120.2863262529739,13.683695922664903,10
3052,120.28946003809497,13.683567351477004,10
3053,120.30200677023485,13.683949047126141,10
3054,120.35359975528313,13.708999499767176,10
3055,120.35663069438151,13.707534206034708,10
3056,120.35883184681545,13.70785736214757,10
3057,120.3647399788014,13.710164412050862,10
3058,120.41323532368486,13.676565751937058,10
3059,120.43294696465038,13.69290223443572,10
3060,120.53000480269472,13.653479243628887,10
3061,120.5436132784499,13.662580740820685,10
3062,120.56217199208083,13.676456582014563,10
3063,120.56785912222844,13.677183966606998,10
3064,120.57273707430758,13.6768692086671,10
3065,120.57758636977853,13.676801344145767,10
3066,120.59408941515133,13.667392773395385,10
3067,120.64324221029688,13.694428046855526,10
3068,120.65147767619297,13.696177849883927,10
3069,120.66052442937173,13.69070214402717,10
3070,120.75625523864899,13.633428715083548,10
3071,120.75944868619145,13.63581773695675,10
3072,120.81096953708325,13.673413726015445,10
3073,120.86163958751243,13.578367732267253,10
3074,120.91568106220434,13.610538733148864,10
3075,120.97112618388641,13.635371370216069,10
3076,120.97471364258335,13.63665290647316,10
3077,121.02081391159875,13.670823017131315,10
3078,121.07482422393093,13.645612870763893,10
3079,121.07945078746177,13.643507441709158,10
3080,121.09217540585891,13.646354464301595,10
3081,121.09797323654739,13.64567264597409,10
3082,121.10252202292357,13.649290105709213,10
3083,121.1081672492002,13.648744378809504,10
3084,121.15913801558084,13.687456819889999,10
3085,121.21121681281099,13.651349216415156,10
3086,121.26501996653617,13.689261344729044,10
3087,121.27103042951276,13.685098484206382,10
3088,121.27791835671151,13.684457208910883,10
3089,121.28478121011138,13.687860391602356,10
3090,121.29445557846842,13.692717365145528,10
3091,121.29870964534287,13.693439542686342,10
3092,121.41806379302537,13.556762652051018,10
3093,121.45948543832705,13.522457937930545,10
3094,121.47579283904349,13.531300767698221,10
3095,121.55374437145679,13.467941310721837,10
3096,121.60950607585755,13.491913388268724,10
3097,121.71138004363293,13.435084515836191,10
3098,121.72921782253131,13.45106020437237,10
3099,121.73697033829595,13.442383976461679,10
3100,121.8186376874078,13.345927891544104,10
3101,121.8741688971007,13.416716418468528,10
3102,121.88036526509185,13.422376475026864,10
3103,121.89048892050171,13.421869834556219,10
3104,121.90186777900487,13.431329387044343,10
3105,121.9545622371229,13.47010063589394,10
3106,122.00737640530875,13.509276086861282,10
3107,122.01354120241494,13.503777525511342,10
3108,122.01577206935372,13.501964802311656,10
3109,122.06362538664283,13.48523540399273,10
3110,122.07375712013224,13.487217386850853,10
3111,122.0816044484271,13.484321295909233,10
3112,122.08804996089623,13.483793492557092,10
3113,122.09423537714602,13.48573726352816,10
3114,122.19002906092764,13.43219990978751,10
3115,122.1945879141584,13.43570913125412,10
3116,122.21614067657102,13.417930572288212,10
3117,122.23653909277076,13.431582877010394,10
3118,122.25693952263775,13.446355427059109,10
3119,122.2781636326899,13.464675683893256,10
3120,122.375933473075,13.474292758971165,10
3121,122.43423320364707,13.438852546300799,10
3122,122.45979426723304,13.42969598745268,10
3123,122.46694891562883,13.422479826186272,10
3124,122.46791752914291,13.422750283974585,10
3125,122.47681925914928,13.414311192975843,10
3126,122.47990305460951,13.414490968308218,10
3127,122.48501640442305,13.41629637829214,10
3128,122.48730392064208,13.415349210808664,10
3129,122.6009080317915,13.473758583043871,10
3130,122.60510523341058,13.470963073860762,10
3131,122.62451747382764,13.458227488495519,10
3132,122.71542026194147,13.399685579755374,10
3133,122.76632354009753,13.44099222642944,10
3134,122.777332547696,13.439936464613746,10
3135,122.86863913922532,13.315885833944103,10
3136,122.92530805529293,13.217394903255432,10
3137,122.9797743964784,13.122190083401446,10
3138,123.0788968251239,13.181206132195532,10
3139,123.10010224966568,13.173270108659295,10
3140,123.1113995965496,13.170715006414483,10
3141,123.11831568705861,13.17283814075055,10
3142,123.12259867675164,13.175695133638873,10
3143,123.18158087157133,13.07940580068805,10
3144,123.18315865975418,13.079933735803518,10
3145,123.23866767898294,13.052180408307674,10
3146,123.24417596735762,13.054691742516814,10
3147,123.24690220934875,13.055600488043865,10
3148,123.25598408640774,13.059446419735957,10
3149,123.25863732394346,13.060033996363348,10
3150,123.26621384171499,13.064559285299161,10
3151,123.26839219170961,13.066074099681895,10
3152,123.2779555414525,13.074294658796891,10
3153,123.3036394098729,13.067375030435993,10
3154,123.33853318110587,13.074790043185184,10
3155,123.39002666898448,13.026503045204443,10
3156,123.40459027443913,13.018957057528269,10
3157,123.41463630236467,13.015371681295578,10
3158,123.4330245421886,13.028398525416701,10
3159,123.43597155784178,13.025788754031504,10
3160,123.44461570553236,13.03180605767014,10
3161,123.4633991842588,13.048026322198655,10
3162,123.4736431503929,13.050697145743294,10
3163,123.47865701462888,13.047039466937656,10
3164,123.51472014070396,13.016051689473544,10
3165,123.51853000279934,13.013634517337142,10
3166,123.53957007854751,13.017060731206863,10
3167,123.54741248910034,13.01194512189632,10
3168,123.56016597978098,12.99715852879335,10
3169,123.56247218714284,12.997032799942218,10
3170,123.5786941106453,12.994090820259325,10
3171,123.5899472651145,12.988212581637908,10
3172,123.59754604277836,12.982324645866331,10
3173,123.60666886566491,12.978103796673052,10
3174,123.66021090742834,12.947664438411756,10
3175,123.72370112848333,12.907437663623588,10
3176,123.72573970914331,12.907895485915056,10
3177,123.73095495343387,12.906488297602808,10
3178,123.73287693491378,12.906703726927079,10
3179,123.78776141252203,12.93845555396239,10
3180,123.81637256584857,12.92478216916354,10
3181,123.83222999755758,12.933643076544097,10
3182,123.88817445917341,12.89249610603685,10
3183,123.90604592989526,12.891494792970706,10
3184,123.95548911634555,12.968955367070242,10
3185,123.97088117682367,12.961062971027385,10
3186,124.024751037757,13.0352752989457,10
3187,124.02748751882334,13.035222002236976,10
3188,124.07891954190377,13.114168350603306,10
3189,124.18841447875793,13.126647464915518,10
3190,124.24166142814047,13.099295464860484,10
3191,124.24422017514026,13.099451204577969,10
3192,124.30511060125173,13.074419434283003,10
3193,124.31690103569511,13.081812236784302,10
3194,124.32141156775185,13.082000694725282,10
3195,124.32723621953267,13.080987055271741,10
3196,124.34404875720247,13.094646252995103,10
3197,124.3563467035696,13.096830722974778,10
3198,124.36265402582762,13.101707363976532,10
3199,124.4715039443216,13.101270715656005,10
3200,124.51252037648662,13.11833005764017,10
3201,124.53376042914235,13.134462278894425,10
3202,124.53943105682238,13.137335729010791,10
3203,124.62985308049247,13.095279745296505,10
3204,124.63275196864781,13.095556811104146,10
3205,124.63435516425666,13.096026168885546,10
3206,124.70194122211092,13.078701013365265,10
3207,124.84416920796991,13.00181179201129,10
3208,124.85562255148432,12.991490182454958,10
3209,124.86459207766686,12.99804864070868,10
3210,124.87165723879164,12.999719463144134,10
3211,124.88249094136344,13.002203411139098,10
3212,124.92897067440583,12.983987404644182,10
3213,124.93592376805987,12.983940165953651,10
3214,124.94231837652562,12.981802392214533,10
3215,124.95435827990136,12.97744155992065,10
3216,124.96054861260703,12.97516877332582,10
3217,125.06482915837273,13.097798963826843,10
3218,125.08507828077464,13.117921635779245,10
3219,125.09711042291215,13.121711759406884,10
3220,125.15140876401037,13.096143763712186,10
3221,125.20314843113366,13.083872985434065,10
3222,125.26208372325637,13.124781082330403,10
3223,125.31131597179937,13.108248640382637,10
3224,125.36971298692838,13.099124602602187,10
3225,125.43306827510514,13.095780961918265,10
3226,125.43469086181445,13.096265890290905,10
3227,125.44177739050392,13.094874472004486,10
3228,125.494821938209,13.001563421186484,10
3229,125.55054541134919,13.044305131553068,10
3230,125.55201684321283,13.04445686961591,10
3231,125.6217287223119,12.9561372403865,10
3232,125.67207861384,12.866289501460434,10
3233,125.72615312431078,12.90616360651365,10
3234,125.73584449933114,12.910935207837714,10
3235,125.74435738773013,12.908440043755723,10
3236,125.79407948669973,12.817628959183866,10
3237,125.81117104912084,12.79897468505297,10
3238,125.82023467631316,12.801275321354924,10
3239,125.83892814600874,12.804320582100484,10
3240,125.84262648972546,12.805336226197698,10
3241,125.84358194803474,12.805475690103025,10
3242,125.93917047554473,12.761860310150107,10
3243,125.94534414708217,12.767310500984399,10
3244,125.99362279769923,12.680150314904454,10
3245,125.99786566727019,12.680428753678198,10
3246,126.00577990775507,12.672970403494396,10
3247,126.11229755092242,12.67277505531777,10
3248,126.18741900861578,12.625052506188778,10
3249,126.20090846815955,12.617999476654054,10
3250,126.20354292601196,12.61781939173101,10
3251,126.26477458284201,12.681623414281434,10
3252,126.27262686099489,12.677178731932592,10
3253,126.28099676205088,12.672931718612269,10
3254,126.29065741880495,12.685097290968185,10
3255,126.2954990558379,12.690076194242879,10
3256,126.35549399069646,12.727191808221948,10
3257,126.45366868267331,12.674403442112444,10
3258,126.46585857451198,12.666069812418986,10
3259,126.47860003731778,12.670923024825731,10
3260,126.53493488836341,12.59783172126154,10
3261,126.53774686665695,12.59375672781062,10
3262,126.54651688178706,12.59105125047042,10
3263,126.55276069877479,12.593876721703497,10
3264,126.56659496028291,12.598824617368642,10
3265,126.66323276239557,12.532641243866674,10
3266,126.66582041587215,12.53231240478042,10
3267,126.71962296554065,12.45553279404909,10
3268,126.72721426845715,12.451355070033266,10
3269,126.73920356776284,12.444311966806573,10
3270,126.78088604729435,12.427566105065821,10
3271,126.8359633714667,12.42214607919976,10
3272,126.87894139036935,12.406584534061846,10
3273,126.92852438013642,12.3832542071281,10
3274,126.9384045083737,12.391251674342502,10
3275,126.94653579425321,12.392286539116338,10
3276,126.947811564697,12.392998817837375,10
3277,126.95402549993382,12.396043899119304,10
3278,126.95999135111428,12.3969860967372,10
3279,126.96482703732212,12.39489943990077,10
3280,126.96929600916906,12.395386453083763,10
3281,126.97390926289468,12.398482479313005,10
3282,127.03012219424659,12.365694415847257,10
3283,127.03777190008142,12.367053340818568,10
3284,127.04048370857967,12.367198064814138,10
3285,127.09436193221003,12.31296224575263,10
3286,127.10021157379144,12.309023799366608,10
3287,127.11811925614367,12.304795288527242,10
3288,127.122880490951,12.306002763359626,10
3289,127.13040071496286,12.301631753398924,10
3290,127.18218568274892,12.35017553855393,10
3291,127.18662752087388,12.35200657828477,10
3292,127.18788714390584,12.352352638895423,10
3293,127.18962719561038,12.351443749614559,10
3294,127.23208745475941,12.301716359661933,10
3295,127.23553447244781,12.300544472881546,10
3296,127.28597265799631,12.26862212125622,10
3297,127.38012476724768,12.200628222670762,10
3298,127.43304804120666,12.169791401885787,10
3299,127.48743116106141,12.248449000618317,10
3300,127.53862238598325,12.219178534653782,10
3301,127.59886097090484,12.301145320964148,10
3302,127.60500097373179,12.300058899840494,10
3303,127.60953994367462,12.30542595860344,10
3304,127.66065398517563,12.38423818032198,10
3305,127.66919441852478,12.389072445834723,10
3306,127.673063976491,12.389758197509611,10
3307,127.6802624900726,12.393673351071586,10
3308,127.69042732473144,12.39412647474369,10
3309,127.69932716459664,12.40152608019295,10
3310,127.70715879054622,12.40068355594236,10
3311,127.70895412224472,12.400590625002229,10
3312,127.7212110624425,12.40005261636234,10
3313,127.79045278928238,12.35781511764667,10
3314,127.85170023941978,12.331294271590197,10
3315,127.90831234919145,12.320256043751456,10
3316,127.97219085337797,12.312720076766004,10
3317,127.98506550483266,12.31745793769729,10
3318,127.99952690169584,12.305367810257843,10
3319,128.005250789329,12.303162543715166,10
3320,128.01004967879504,12.30311697971155,10
3321,128.0128031508064,12.301973708857417,10
3322,128.0606906689139,12.273421866419268,10
3323,128.06931509220922,12.262211772188872,10
3324,128.07291078750694,12.261397381852115,10
3325,128.11851967263786,12.291897777304863,10
3326,128.12214773549542,12.293628299278266,10
3327,128.1318281311455,12.293925367727518,10
3328,128.13697654402114,12.296921446746794,10
3329,128.18765924036921,12.312554386451765,10
3330,128.1899419950941,12.31254407084751,10
3331,128.19845940884358,12.310174031767438,10
3332,128.247605424328,12.343180286883278,10
3333,128.29870432326024,12.42651041035185,10
3334,128.305427206583,12.424354072980412,10
3335,128.31063701415485,12.426716572240718,10
3336,128.31605431375564,12.429892172136768,10
3337,128.33712512911376,12.421349968126718,10
3338,128.34504652912224,12.422208515469269,10
3339,128.38447403664972,12.417130779852826,10
3340,128.3855593347097,12.417364898503712,10
3341,128.39310292724412,12.420339701467148,10
3342,128.43423988592775,12.415400662897031,10
3343,128.50109431650907,12.388687995042604,10
3344,128.59899615713897,12.473063479939084,10
3345,128.60367023066482,12.469174491563885,10
3346,128.65904826526,12.50974381900002,10
3347,128.66324563226195,12.507347485603558,10
3348,128.76252254581613,12.54598256735801,10
3349,128.76334679693105,12.54629226708133,10
3350,128.82148462987422,12.593037029700218,10
3351,128.82349530367097,12.592994017731701,10
3352,128.85574027778915,12.572682558473742,10
3353,128.85928471802123,12.57211991883724,10
3354,128.89778232488837,12.511663036106698,10
3355,128.95744191920187,12.562187455155332,10
3356,129.00761460153996,12.615882747999164,10
3357,129.01558885223503,12.617025482179951,10
3358,129.0229547560492,12.622397489898484,10
3359,129.02497869976864,12.621760763799063,10
3360,129.05940044508412,12.611286806343596,10
3361,129.16392059500942,12.577467724820533,10
3362,129.21478604277758,12.606172132624009,10
3363,129.23002713333557,12.614722635373337,10
3364,129.32520779051876,12.703221847977805,10
3365,129.33025343198472,12.706700427449078,10
3366,129.37903010645883,12.74358509198352,10
3367,129.40825743345545,12.766915650619564,10
3368,129.46917153545883,12.830566435710859,10
3369,129.50855104094643,12.833174120244616,10
3370,129.51390877202758,12.836009014423027,10
3371,129.52014444063917,12.833345310841139,10
3372,129.54161927138415,12.81348036149437,10
3373,129.6348181281307,12.839433325790406,10
3374,129.70335525370638,12.91983747857105,10
3375,129.75797248329187,12.899003921566443,10
3376,129.76582005602432,12.902781473213322,10
3377,129.79521595965795,12.92963496477677,10
3378,129.88109058730439,12.966650142546694,10
3379,129.8928936503715,12.965090349009193,10
3380,129.9961166823676,12.992452881007111,10
3381,130.00520879586125,12.997057539739911,10
3382,130.05572061087824,12.939521593185548,10
3383,130.10576882032132,12.91852207250637,10
3384,130.11521789196192,12.914999565965138,10
3385,130.16418442886948,12.895009670930271,10
3386,130.22981049275842,12.86419915643765,10
3387,130.23539725020163,12.860055384174379,10
3388,130.23933514831864,12.860607765360482,10
3389,130.27684719489866,12.915202165124136,10
3390,130.3183177584986,12.970040606094486,10
3391,130.38121945789658,13.040330932579515,10
3392,130.4372650101948,13.109143373049621,10
3393,130.49654291789471,13.190131572493286,10
3394,130.50978988484292,13.19039176750824,10
3395,130.51197196455635,13.189310597130081,10
3396,130.55928718586821,13.255536963276615,10
3397,130.5699274963002,13.251797645441659,10
3398,130.5720617545223,13.251484481589397,10
3399,130.57684230371555,13.250218495674254,10
3400,130.61653594078211,13.215237140016557,10
3401,130.6214129165574,13.214973094143406,10
3402,130.71792727238946,13.22554874521484,10
3403,130.7755311625025,13.259328143726595,10
3404,130.78421757261881,13.25590176281635,10
3405,130.83102010675344,13.225695105732138,10
3406,130.83268638487863,13.225509896185926,10
3407,130.88245574371268,13.260723133828892,10
3408,130.89019318755723,13.261462688113962,10
3409,130.953104035556,13.317036846662434,10
3410,130.95707532682252,13.314723228182734,10
3411,130.95896289587665,13.317147283209069,10
3412,130.9728429019549,13.32591933390074,10
3413,130.99588291080727,13.316287959117025,10
3414,131.0054267181073,13.310312546964814,10
3415,131.01025147882174,13.31017156513573,10
3416,131.01096485794818,13.310364250559115,10
3417,131.01975778075334,13.31785390658528,10
3418,131.02345746636104,13.31865619193243,10
3419,131.03345424703176,13.311679541366528,10
3420,131.07956515932216,13.30041213480837,10
3421,131.1438773655771,13.331090773913608,10
3422,131.1473743781404,13.327502146961248,10
3423,131.1967731848831,13.305936354527137,10
3424,131.20764709237378,13.301620896377804,10
3425,131.25863336767884,13.218128907277725,10
3426,131.27167321683152,13.216789940751955,10
3427,131.27512653303785,13.21680317977697,10
3428,131.28311301452578,13.220623646801261,10
3429,131.33694161233998,13.200709480627594,10
3430,131.37921250112177,13.250515607288248,10
3431,131.39154961434562,13.250073928109568,10
3432,131.44187868903344,13.162724248010731,10
3433,131.44390709980138,13.163468761879813,10
3434,131.48991890373972,13.208208329365462,10
3435,131.55526681827251,13.224006502302807,10
3436,131.55721085524993,13.224405248340343,10
3437,131.5731339259113,13.235604690146173,10
3438,131.57831545926626,13.232090659493183,10
3439,131.5861774840504,13.233064181723838,10
3440,131.63315848779257,13.27333846697368,10
3441,131.6359009506417,13.271871248551824,10
3442,131.64176094864123,13.269191547570738,10
3443,131.64769395833724,13.267843879885383,10
3444,131.6971791397286,13.309697188722811,10
3445,131.70921302419976,13.305625973034417,10
3446,131.71755877681343,13.29970463999825,10
3447,131.81118688908506,13.396799879641613,10
3448,131.81729337959064,13.396028776483737,10
3449,131.83492041258506,13.376884000443939,10
3450,131.84947585176437,13.373352436231961,10
3451,131.91516782134107,13.409022677425147,10
3452,131.9226796504124,13.41260568924946,10
3453,131.92671309311564,13.412001431701578,10
3454,131.979490397109,13.444905698288482,10
3455,131.9848065100581,13.438901394873529,10
3456,131.98920843939132,13.43951851736391,10
3457,131.9907676726952,13.439178356747714,10
3458,132.01161998866954,13.423695272568027,10
3459,132.06996966653625,13.459556084694084,10
3460,132.07190886262586,13.460769742606267,10
3461,132.08789535286,13.475851958228452,10
3462,132.08925539677162,13.475711263261868,10
3463,132.09824242879208,13.475323694594833,10
3464,132.10425133506328,13.469374771398233,10
3465,132.11454712247595,13.477699174643128,10
3466,132.11861453206703,13.48005309606076,10
3467,132.1789275855514,13.454948035216587,10
3468,132.18755863351777,13.449191106280292,10
3469,132.1934425211811,13.44897401581981,10
3470,132.25543882370692,13.487576236178231,10
3471,132.30734874017355,13.527680489588633,10
3472,132.34948816045204,13.578635109726385,10
3473,132.35121256389087,13.578591817667188,10
3474,132.41433483897856,13.61555368462864,10
3475,132.41894334457908,13.61875744917126,10
3476,132.42088336895674,13.618790850256586,10
3477,132.42789349376528,13.61596923852522,10
3478,132.4576730277983,13.62092933379992,10
3479,132.46047330550545,13.619063978835646,10
3480,132.51649833916696,13.538136677899397,10
3481,132.5186074267046,13.537630513538861,10
3482,132.56740085427995,13.523347662126916,10
3483,132.63048576531935,13.571881923826185,10
3484,132.6811463132348,13.63037671954272,10
3485,132.7366591072476,13.627039091828156,10
3486,132.74429177914573,13.624912362648558,10
3487,132.75069349313293,13.628110550621278,10
3488,132.7542672699415,13.6282425164248,10
3489,132.75819332869216,13.62829197835166,10
3490,132.763498912422,13.628798036419768,10
3491,132.81139373369783,13.604381277105292,10
3492,132.82270177287683,13.613541980726069,10
3493,132.92108213396187,13.67368847490391,10
3494,132.9325833684232,13.682969897595752,10
3495,132.93782757810956,13.684890026048976,10
3496,132.9953113658408,13.720387598724681,10
3497,133.00500195963758,13.715628318899592,10
3498,133.00962433979686,13.716058644637167,10
3499,133.0164696421469,13.714160560285544,10
3500,133.11312531110735,13.795682722063422,10
3501,133.12450761500503,13.795488060991168,10
3502,133.13280343144172,13.791915725839782,10
3503,133.13753324631932,13.79372904778969,10
3504,133.1875886779158,13.835845358783754,10
3505,133.1948311557042,13.836668657034915,10
3506,133.23786004649946,13.815947750699106,10
3507,133.2879265327189,13.819191863995163,10
3508,133.34890520635432,13.806926538870455,10
3509,133.35823115070218,13.806217910162538,10
3510,133.41110704900336,13.810140244149887,10
3511,133.41640820979097,13.80603496639123,10
3512,133.42005172155262,13.806878176314708,10
3513,133.4267938177785,13.803905987888946,10
3514,133.43523459471655,13.802134596646487,10
3515,133.45953950009658,13.781132735108752,10
3516,133.4675247623329,13.78102844891472,10
3517,133.58245345881966,13.845544991886882,10
3518,133.59224445916362,13.850230015558097,10
3519,133.65204305599633,13.928465972955214,10
3520,133.66066018001305,13.93659145546111,10
3521,133.66805211837135,13.925468415111066,10
3522,133.71343881815082,13.856872398830662,10
3523,133.73121447084128,13.85361728176815,10
3524,133.75252246537,13.854660332742252,10
3525,133.8360738649436,13.872096047044701,10
3526,133.8484737896569,13.867180279001351,10
3527,133.90657140015338,13.842400299060392,10
3528,133.91304617957167,13.838297275538435,10
3529,133.97605967626754,13.872714528072608,10
3530,133.9901119748269,13.84938539620238,10
3531,133.99699582575604,13.84723440571303,10
3532,134.03405712942532,13.829509502342454,10
3533,134.0416458444442,13.826354674728286,10
3534,134.1370956780235,13.86787923207968,10
3535,134.1443212942006,13.870831175443456,10
3536,134.21021099850373,13.861080734647457,10
3537,134.21328314984436,13.85954748477863,10
3538,134.25934896905488,13.850231784629369,10
3539,134.2737086253764,13.846419705257135,10
3540,134.37829200827846,13.9260995829293,10
3541,134.4368543863372,13.938933188259572,10
3542,134.45129278879236,13.943096928864563,10
3543,134.51266118774254,13.950156744698893,10
3544,134.52347349916272,13.947477203243352,10
3545,134.53240204246023,13.947570869086595,10
3546,134.6354822234789,13.996810615720454,10
3547,134.63717980907762,13.996848632689453,10
3548,134.65316626667408,14.000384524333814,10
3549,134.65851464641324,14.000098507480807,10
3550,134.7462459597952,14.045467550847125,10
3551,134.80137312523763,14.057816567550187,10
3552,134.8617407822581,14.127709114856339,10
3553,134.91567494509047,14.128253007745474,10
3554,134.97029335670675,14.206157949879731,10
3555,134.99171754594695,14.203162839061367,10
3556,135.04703124912774,14.185074975358528,10
3557,135.06621695686698,14.179943360407266,10
3558,135.0717147207687,14.181453996456572,10
3559,135.07967990902745,14.184387505181848,10
3560,135.08339645613054,14.184452650139619,10
3561,135.08770067505196,14.182193877580978,10
3562,135.14579165150698,14.21908708928165,10
3563,135.15103784120134,14.219446090216838,10
3564,135.1596628634179,14.213210969922486,10
3565,135.26046614241358,14.05444192680586,10
3566,135.26908298834127,14.055998013581899,10
3567,135.32374239210733,14.10469409106772,10
3568,135.3750137006245,14.148095683829537,10
3569,135.42764792330277,14.19206822855577,10
3570,135.52776350679204,14.232239632050218,10
3571,135.63429399888483,14.221276795526814,10
3572,135.6534115509589,14.194236930075482,10
3573,135.67067480825096,14.185829150592609,10
3574,135.7182318762237,14.174230243686521,10
3575,135.77223910420565,14.230203116180576,10
3576,135.7760563732234,14.231115049020701,10
3577,135.87295725072212,14.22619938220286,10
3578,135.8785325765419,14.225549346975281,10
3579,135.89647425228168,14.236399051740543,10
3580,135.89947745662496,14.235317239557087,10
3581,135.9013490105564,14.23535867338815,10
3582,135.95040321101717,14.279124644530171,10
3583,135.96206808103847,14.280440163297232,10
3584,135.97022129770718,14.2798259498681,10
3585,135.99219970915237,14.288836890372872,10
3586,136.0033048910833,14.289251548078537,10
3587,136.01103900937207,14.287151155694804,10
3588,136.06036899601608,14.27194586128517,10
3589,136.07677314586866,14.277975136272433,10
3590,136.12663975056557,14.26575839106764,10
3591,136.178339814291,14.206219146217801,10
3592,136.2296734153894,14.194787547789694,10
3593,136.2356285577427,14.196558954357899,10
3594,136.24063391961866,14.198606891851046,10
3595,136.2962671279409,14.264365792593344,10
3596,136.30380021751589,14.271132456268504,10
3597,136.36703046996246,14.348651647999656,10
3598,136.37675929939311,14.35141950847282,10
3599,136.3828320599018,14.353220461401284,10
3600,136.3990791054654,14.360675461659683,10
3601,136.41574549088176,14.364314642042077,10
3602,136.46951871632402,14.349983723605718,10
3603,136.52074576827357,14.334840190817461,10
3604,136.57072259001032,14.256152640222114,10
3605,136.66830239664063,14.206603091297172,10
3606,136.72500236608752,14.119631593817209,10
3607,136.74175255988175,14.11549308870322,10
3608,136.76154195529878,14.111688532027417,10
3609,136.77121030403455,14.111552903170795,10
3610,136.90801541105026,14.10357632570551,10
3611,136.91302048023098,14.105232143013943,10
3612,136.91770466104646,14.107082170644073,10
3613,136.93303128465337,14.107148832437128,10
3614,136.9834910691714,14.117289145801333,10
3615,136.98477751373107,14.117774353392255,10
3616,137.02847922770206,14.08793894094992,10
3617,137.03514315139415,14.083867470127007,10
3618,137.09384453491006,14.087644010659387,10
3619,137.1445319203902,14.100941027255312,10
3620,137.19021467435482,14.06680831072473,10
3621,137.20238561166394,14.079647837583657,10
3622,137.25370701402576,14.061411115223693,10
3623,137.28500653111328,14.069676580121268,10
3624,137.28963464865802,14.06851515611923,10
3625,137.29420766299592,14.068225760026278,10
3626,137.34078416676343,14.122318273655946,10
3627,137.35195273908772,14.127305691665818,10
3628,137.35375239566605,14.126244458326024,10
3629,137.40211373482722,14.185707552799755,10
3630,137.45645750513842,14.120879567408764,10
3631,137.51917532412526,14.085295035214374,10
3632,137.61427432659443,14.11384850011402,10
3633,137.6635319563263,14.047297658777262,10
3634,137.73604587286945,13.985215404437449,10
3635,137.749998148084,13.985830563524111,10
3636,137.84449109941403,14.017650687960852,10
3637,137.8456568219128,14.017887257155772,10
3638,137.85113956457383,14.016937905682886,10
3639,138.0407397188309,14.159469721254217,10
3640,138.09361546140968,14.14742126979457,10
3641,138.1072866934573,14.138902328355085,10
3642,138.15849621365084,14.131531599341029,10
3643,138.17473721340045,14.122245778965468,10
3644,138.2735070909861,14.096581839121415,10
3645,138.38236755533012,14.071675797480742,10
3646,138.484520320262,14.118284073862888,10
3647,138.58095587596054,14.222613185257103,10
3648,138.63559752302484,14.187777185772154,10
3649,138.67914513756534,14.200559453786827,10
3650,138.73716094920718,14.202804745545027,10
3651,138.76760756144247,14.179747799022575,10
3652,138.78134295993385,14.168090691010365,10
3653,138.7901983554371,14.158156079482358,10
3654,138.8343955852235,14.171946200966895,10
3655,138.93226380657245,14.167472616039113,10
3656,138.93947961670153,14.162851575095702,10
3657,138.993896575074,14.182564224091145,10
3658,139.09063623117012,14.21813546293087,10
3659,139.142849100994,14.23823876041603,10
3660,139.14701969044575,14.24083404554296,10
3661,139.19816649754995,14.272802491667669,10
3662,139.2508294088749,14.267790392313644,10
3663,139.26054019791962,14.266711399020556,10
3664,139.26480331252225,14.261405096832416,10
3665,139.3167971576466,14.283284168203902,10
3666,139.36490728276,14.303876771228946,10
3667,139.37205565187705,14.299199956005467,10
3668,139.38741088060456,14.286150690725101,10
3669,139.44407934636772,14.353051266348942,10
3670,139.4931722943373,14.39366054589986,10
3671,139.5023753527512,14.379982411763354,10
3672,139.60505561655168,14.362783624573241,10
3673,139.71560936617524,14.40783652635369,10
3674,139.7207262009319,14.410848014453041,10
3675,139.7241629475596,14.411716360754967,10
3676,139.72600668031913,14.411592456853903,10
3677,139.73345895049954,14.409143768251198,10
3678,139.78094178353436,14.432102984498064,10
3679,139.87896714834392,14.417344153632834,10
3680,139.9320360762487,14.354513129510309,10
3681,139.93665420911356,14.355828704277135,10
3682,139.95280883310198,14.352815447249746,10
3683,139.9625597420296,14.352047938002848,10
3684,139.96714570439025,14.353941133090773,10
3685,140.0479931990344,14.330360830690879,10
3686,140.05681511981982,14.334191959088816,10
3687,140.09940798548732,14.386183402384297,10
3688,140.14797582199677,14.409763647693186,10
3689,140.15729866041053,14.417393868048048,10
3690,140.16250335434415,14.421434218826121,10
3691,140.17750367021523,14.426108513638662,10
3692,140.18292865934364,14.429236698736972,10
3693,140.22485853014717,14.480876489892394,10
3694,140.33412180879301,14.37086840347779,10
3695,140.38021518602002,14.42112432411038,10
3696,140.45027845109308,14.326299245928906,10
3697,140.50469267547348,14.287803623787644,10
3698,140.56429012059675,14.33145051335005,10
3699,140.56995660821093,14.336084890216116,10
3700,140.57567512925704,14.338262232232324,10
3701,140.58816511329883,14.340739760338538,10
3702,140.63502730197087,14.393018974835956,10
3703,140.6400910630776,14.393729760417699,10
3704,140.6857307708833,14.428337144334776,10
3705,140.69170168967764,14.43390963414303,10
3706,140.70019220872553,14.435419117777847,10
3707,140.7144052049063,14.433134125698272,10
3708,140.75186454866133,14.42042325634146,10
3709,140.79530666140602,14.474678578955073,10
3710,140.84688147444962,14.520208304797267,10
3711,140.85391228698285,14.522532953893792,10
3712,140.90241064164417,14.515532477282568,10
3713,140.95959125669066,14.549657036576159,10
3714,141.05809110582237,14.512932863847285,10
3715,141.06292211981173,14.507722650658282,10
3716,141.12243169617986,14.495381915215862,10
3717,141.17208543200596,14.493650512301722,10
3718,141.17434991823237,14.492498789987875,10
3719,141.17677347331136,14.49293705234959,10
3720,141.18479015963308,14.497939153402449,10
3721,141.24286135107562,14.502954809468392,10
3722,141.25200298196927,14.500587153068645,10
3723,141.26067208028488,14.502554523673583,10
3724,141.27049054065134,14.503406284393995,10
3725,141.28227622374501,14.504555712355447,10
3726,141.2925561695772,14.500187846030705,10
3727,141.34777565123775,14.562760331183583,10
3728,141.39901788104842,14.561363841540961,10
3729,141.40422555435003,14.564225272348416,10
3730,141.408725695221,14.566099265580691,10
3731,141.41136820715997,14.5666735621378,10
3732,141.42401260475245,14.558205488598164,10
3733,141.42865359376577,14.55719947379229,10
3734,141.4761624344681,14.559582277956062,10
3735,141.47762314665397,14.56053389064454,10
3736,141.48086974353356,14.556993487113463,10
3737,141.48579705580812,14.552457328610092,10
3738,141.4940021389732,14.549468669892823,10
3739,141.49695801926646,14.549665861277518,10
3740,141.53582818248148,14.487517662991298,10
3741,141.55955598477743,14.459141914527637,10
3742,141.5671866029346,14.46182510787385,10
3743,141.61278052454944,14.48497622969882,10
3744,141.61731683682459,14.482646385825307,10
3745,141.67515442933447,14.532066092503893,10
3746,141.6814082662042,14.535139708224687,10
3747,141.6929863830338,14.537828876376091,10
3748,141.7532581542426,14.55194862361298,10
3749,141.761665781252,14.551601532267334,10
3750,141.85326090721787,14.624790206865406,10
3751,141.86352182273805,14.625118010309,10
3752,141.87018938991235,14.62705149286727,10
3753,141.87533620598674,14.629538805231961,10
3754,141.92362726165285,14.685707558921806,10
3755,141.9402953006126,14.680353477198723,10
3756,141.99294192628648,14.693538207515035,10
3757,142.00464849007753,14.693160820602237,10
3758,142.01919476139955,14.692430997820434,10
3759,142.06797134719355,14.695736893093676,10
3760,142.0701966748437,14.695855083422687,10
3761,142.07408379268514,14.693423032789896,10
3762,142.13188686691112,14.745736587545823,10
3763,142.18704472471927,14.751432012658391,10
3764,142.19642211682904,14.760533718058092,10
3765,142.25408944950172,14.726815350824836,10
3766,142.32430605307698,14.70702506562238,10
3767,142.33231070011743,14.704600847383936,10
3768,142.33431669542477,14.70366311492018,10
3769,142.38323172384813,14.642019590451097,10
3770,142.48347782188108,14.626096893475385,10
3771,142.5842257195484,14.56900527481843,10
3772,142.6343484634796,14.615262151847057,10
3773,142.7815135323607,14.621775771168663,10
3774,142.79054741087228,14.628862874750546,10
3775,142.7951839468347,14.630829342385598,10
3776,142.79668928886719,14.631174465828163,10
3777,142.79980484996364,14.628183532323725,10
3778,142.8979660713155,14.578173847579802,10
3779,142.9101363604184,14.555889268074578,10
3780,142.96458998064514,14.610336086059373,10
3781,143.06151967047973,14.7125612299239,10
3782,143.06534931827827,14.711439999872258,10
3783,143.1210420581039,14.679559952901597,10
3784,143.1765984296432,14.635820964498798,10
3785,143.19732403583197,14.644698547327378,10
3786,143.2045884900373,14.646552707076673,10
3787,143.2085118450885,14.644299852731224,10
3788,143.21261641867812,14.646739337227485,10
3789,143.3231333888147,14.58336765707673,10
3790,143.3239419281718,14.583945108125965,10
3791,143.34072743032453,14.596602300450925,10
3792,143.34704342273625,14.597787586780369,10
3793,143.3632989234406,14.585086887984119,10
3794,143.39602092366277,14.601705357686182,10
3795,143.4486422562345,14.622280559786661,10
3796,143.4545667478483,14.614457888763004,10
3797,143.45679856568026,14.616442165691195,10
3798,143.46674313792988,14.605607810228701,10
3799,143.47159476302318,14.604024504252692,10
3800,143.47319621737537,14.604352265016447,10
3801,143.52538207325014,14.626885150213047,10
3802,143.53103721530587,14.62646174498238,10
3803,143.57921406881871,14.651949867721576,10
3804,143.59304583311197,14.626764965955195,10
3805,143.64401556372604,14.68331912657925,10
3806,143.6505119067721,14.686084383906648,10
3807,143.6625816775154,14.68408248821834,10
3808,143.71126119463707,14.740233966531887,10
3809,143.7181333498193,14.7370903711056,10
3810,143.7661168842656,14.796405656241113,10
3811,143.77575076113538,14.78606759028092,10
3812,143.78575134927837,14.787899155151372,10
3813,143.79841889415388,14.783663067093576,10
3814,143.85062808551416,14.84471487304633,10
3815,143.9348324489915,14.883224061344725,10
3816,143.93710648111755,14.882464450829913,10
3817,143.9492866020973,14.890107148968477,10
3818,143.9515351173464,14.89086914392166,10
3819,143.9562816009455,14.89323083650739,10
3820,144.00668297226505,14.95762758782745,10
3821,144.09643228003705,14.922142844511077,10
3822,144.15209023390423,14.903843793796952,10
3823,144.22046728657884,14.885587424946088,10
3824,144.27000312962338,14.860440989268588,10
3825,144.27345074005112,14.861082274895866,10
3826,144.3439858736014,14.83499617447757,10
3827,144.35596907065195,14.839851927864123,10
3828,144.3601201176195,14.8426429052888,10
3829,144.41112391445716,14.850207599985701,10
3830,144.42854599986595,14.84681215690172,10
3831,144.44304895091565,14.84250484361289,10
3832,144.49182578055377,14.811169968185757,10
3833,144.49554434585647,14.814210273082432,10
3834,144.51132870962397,14.814641373779015,10
3835,144.5175006126629,14.81293973066575,10
3836,144.52302587483368,14.813011127204154,10
3837,144.57048775875643,14.875132191218217,10
3838,144.618073313898,14.86143555263791,10
3839,144.6218256602663,14.85994416780755,10
3840,144.67577860968404,14.92983843456915,10
3841,144.72689897604778,14.90580871518468,10
3842,144.7350620613868,14.903752994893322,10
3843,144.7401550529093,14.90552146320602,10
3844,144.7806441259374,14.881835525469276,10
3845,144.8304717497744,14.854318643747302,10
3846,144.88525312308744,14.787692289375089,10
3847,144.93345022910867,14.842561068430575,10
3848,144.93860544809772,14.836174158930241,10
3849,144.95545191268639,14.835169145895174,10
3850,144.96077402509437,14.832852795572196,10
3851,144.97365172315105,14.835379335456068,10
3852,145.02216612678765,14.880097076267635,10
3853,145.03367806763433,14.86617413610655,10
3854,145.0381780670374,14.866475422986301,10
3855,145.0537441420006,14.844081603913605,10
3856,145.15000474575626,14.825725878891394,10
3857,145.1514963012948,14.824929602099086,10
3858,145.2538885883471,14.86393790836066,10
3859,145.3719048281233,14.795780780307497,10
3860,145.43131293376814,14.80963516393309,10
3861,145.44453420623455,14.81977871435124,10
3862,145.44614291230963,14.819894803007863,10
3863,145.50243604432316,14.857749202783122,10
3864,145.55581124715542,14.861595758355872,10
3865,145.65086436571426,14.92344360523047,10
3866,145.6811175705805,14.935953569403372,10
3867,145.69656884859026,14.920212213342818,10
3868,145.75650895288697,14.975116754984263,10
3869,145.76914540303716,14.959587520626894,10
3870,145.8245072828274,15.010882330060875,10
3871,145.8777042646817,15.060967960564987,10
3872,145.88278677289696,15.064539220590923,10
3873,145.8850449962868,15.06398140000681,10
3874,145.89996795211522,15.055914533648416,10
3875,145.9617861895035,15.069248935922444,10
3876,146.02418236519603,15.130371843604445,10
3877,146.11440086112643,15.2068387698779,10
3878,146.11822026774297,15.208942360914783,10
3879,146.12166842723056,15.20805340051957,10
3880,146.17672692242633,15.233862170886322,10
3881,146.2279469909575,15.251528006877665,10
3882,146.2702163176129,15.200162467800107,10
3883,146.3178790440766,15.25504066241943,10
3884,146.37343290044373,15.30141410084296,10
3885,146.46509199792226,15.369855563126366,10
3886,146.47549971264814,15.373283748101345,10
3887,146.47931262121045,15.37640786497549,10
3888,146.4876799721286,15.378921895573102,10
3889,146.49079079198185,15.379514983232426,10
3890,146.49309990076424,15.377845604954839,10
3891,146.54586401086178,15.282367840786481,10
3892,146.55155279822134,15.285813936919446,10
3893,146.60276573879784,15.33780873410105,10
3894,146.60857127375897,15.340890847940177,10
3895,146.69594842692464,15.331405395364664,10
3896,146.70431317085422,15.32647553395351,10
3897,146.7581102782877,15.34151416243032,10
3898,146.76851635586925,15.352225386035704,10
3899,146.795073880311,15.363423450233526,10
3900,146.89560615961653,15.473356536010716,10
3901,146.92976161438452,15.449254983873908,10
3902,146.93980509846864,15.44958041845917,10
3903,146.9479432053722,15.451130481011715,10
3904,147.00461046427867,15.412705465612715,10
3905,147.05338770653472,15.392535607909222,10
3906,147.06710589492025,15.3810840613768,10
3907,147.15575189605892,15.379740559047164,10
3908,147.20531703374553,15.39803116839998,10
3909,147.21224207854544,15.402004986633594,10
3910,147.26515126316758,15.381075735971896,10
3911,147.32378634761238,15.295523717061632,10
3912,147.37273482167362,15.199432220985198,10
3913,147.3773066007924,15.199993731027204,10
3914,147.38667776472772,15.19923549991418,10
3915,147.41489415865016,15.204575651032792,10
3916,147.46516545985165,15.229897549716428,10
3917,147.51619073110209,15.200501708825394,10
3918,147.57154336927232,15.10125011873255,10
3919,147.62044828314998,15.121620034580687,10
3920,147.6385383745225,15.10501135181118,10
3921,147.64053939451838,15.105074656711995,10
3922,147.64315167792722,15.105713819792728,10
3923,147.70403926678813,15.16969026565773,10
3924,147.70948768982083,15.170947870074968,10
3925,147.76077526968893,15.081476628974766,10
3926,147.76657698725347,15.086180917211255,10
3927,147.81910603693467,15.143059223219236,10
3928,147.8229604409785,15.14546641640154,10
3929,147.83370652349953,15.150472108569627,10
3930,147.89093902774331,15.21259260376541,10
3931,147.90070940027937,15.216235212018955,10
3932,147.9092223577581,15.207881498552286,10
3933,147.91523158884897,15.198212783836832,10
3934,147.91847240748817,15.196999301023956,10
3935,147.92985807961713,15.195764143341998,10
3936,147.9331275876417,15.197445679200003,10
3937,147.93582312239306,15.198874709829806,10
3938,148.03406844164186,15.166583463934277,10
3939,148.04649819385344,15.14692428555633,10
3940,148.15130246354755,15.26108973579549,10
3941,148.17272287810405,15.239174069066344,10
3942,148.17415852179334,15.23988378604039,10
3943,148.178728218345,15.240388702987385,10
3944,148.23527098712515,15.136289712413662,10
3945,148.25335068687474,15.128298958584313,10
3946,148.27087101774913,15.113947381389,10
3947,148.27969224196778,15.11363200141552,10
3948,148.2841242953841,15.112968222753357,10
3949,148.2954112572639,15.118006027031308,10
3950,148.33696275760272,15.09587979023936,10
3951,148.34194440721103,15.089726127626557,10
3952,148.3433346329566,15.089690948734862,10
3953,148.35302488996157,15.08432907333152,10
3954,148.45061250555537,15.029463659611705,10
3955,148.45983604398816,15.02407186692705,10
3956,148.46704687227083,15.03034828219005,10
3957,148.519725772467,15.02506391075139,10
3958,148.53036003085708,15.02915185122879,10
3959,148.53745338670268,15.03405251772334,10
3960,148.55200820183632,15.044898310810465,10
3961,148.55518105525402,15.0454555667975,10
3962,148.61249879192377,15.073082276113812,10
3963,148.62120946672434,15.074097932139273,10
3964,148.641350677007,15.092545726479063,10
3965,148.64618728904787,15.092995676819482,10
3966,148.69903811845114,15.121309362047892,10
3967,148.70794132227022,15.119079222090507,10
3968,148.71169969893313,15.118732496758627,10
3969,148.7156973187237,15.121327380172547,10
3970,148.71742306657254,15.12063303728408,10
3971,148.72150961324306,15.123086786534573,10
3972,148.72241159564373,15.122712614935448,10
3973,148.77001593773514,15.147701517726642,10
3974,148.78013809174968,15.156105431043292,10
3975,148.7880368670337,15.156192774821262,10
3976,148.78992747353496,15.153968812548113,10
3977,148.83228485897104,15.205514180849539,10
3978,148.83507488317778,15.205893804280588,10
3979,148.8849348206715,15.224957426557246,10
3980,148.9274568478827,15.265675006420866,10
3981,148.976115358658,15.31427904330628,10
3982,149.02419760807027,15.371053665070107,10
3983,149.0757594675661,15.37300982954732,10
3984,149.21851666168047,15.373110370101921,10
3985,149.22664617794584,15.378877763514064,10
3986,149.2793612997006,15.380354123107834,10
3987,149.32340437052764,15.433216232391203,10
3988,149.32650231532176,15.434981115101099,10
3989,149.32990043028298,15.436554684756748,10
3990,149.34771789286415,15.449354900516024,10
3991,149.40233120806047,15.45865350518663,10
3992,149.45007434710942,15.483737868056343,10
3993,149.47223386261572,15.492145271811577,10
3994,149.53259721728222,15.520760043833924,10
3995,149.5965679160584,15.491258389777709,10
3996,149.65012808040152,15.547002220372343,10
3997,149.6607552467139,15.539078563711525,10
3998,149.66387193765289,15.539229023321255,10
3999,149.71608475203078,15.475893755483217,10
4000,149.82313688615778,15.385614941385521,10
4001,149.83512711677372,15.367433609540624,10
4002,149.85407671977285,15.374183348441981,10
4003,149.90427026568068,15.284493222186905,10
4004,149.91221985435433,15.283900896896501,10
4005,150.00575721307317,15.325342605100643,10
4006,150.05585691690302,15.37029464218325,10
4007,150.16463475967424,15.385175762552443,10
4008,150.17301422299062,15.380160854138806,10
4009,150.3160965116084,15.391802469771589,10
4010,150.3847577230603,15.343361122250519,10
4011,150.43532233001469,15.280235817866718,10
4012,150.43942367394493,15.27766434439941,10
4013,150.49584258630634,15.329629070807137,10
4014,150.4991805712438,15.329462306301101,10
4015,150.5469467651092,15.23869055471284,10
4016,150.55481179334544,15.24553806910514,10
4017,150.563139061763,15.246066416160629,10
4018,150.57528389568978,15.243739503433975,10
4019,150.59765776130817,15.25489386436247,10
4020,150.6084536416366,15.246977274479379,10
4021,150.6174189079115,15.238677180540225,10
4022,150.6316887591607,15.242692840255192,10
4023,150.73534763348897,15.306510577904712,10
4024,150.73980822112236,15.307042090613773,10
4025,150.789383633441,15.316131912830318,10
4026,150.84057595687372,15.33024735402986,10
4027,150.84237473984206,15.330247016265501,10
4028,150.89288368718613,15.265908024859177,10
4029,150.91403036277924,15.251603237378184,10
4030,150.91541334661503,15.252252285284184,10
4031,150.93039761522817,15.22931170357097,10
4032,150.9380351572591,15.221492988337392,10
4033,150.94211873212882,15.221607691742218,10
4034,150.94751285277198,15.220937964385664,10
4035,150.94971665993722,15.220615024534297,10
4036,150.95223649937276,15.220111832135164,10
4037,150.95819677512026,15.220929495048178,10
4038,151.02009047925833,15.221252526476402,10
4039,151.04608875265671,15.223773943115162,10
4040,151.11274488931295,15.215945358141749,10
4041,151.11434559932076,15.216034047398612,10
4042,151.164197078074,15.191642770364584,10
4043,151.1728846292992,15.198612263630933,10
4044,151.17953575673945,15.198797322492055,10
4045,151.24032973465415,15.22368873374033,10
4046,151.24602079025118,15.221771441207665,10
4047,151.25374040660375,15.227528812530737,10
4048,151.31274453119997,15.197777622180698,10
4049,151.3648661548788,15.179938113779096,10
4050,151.37343602956227,15.171097430767064,10
4051,151.3860035402319,15.160950671747576,10
4052,151.40216167550835,15.154630488790332,10
4053,151.40578517812068,15.155948209282307,10
4054,151.41475496608018,15.160137745389985,10
4055,151.4163805206873,15.159561022685072,10
4056,151.4706005788287,15.208163011192754,10
4057,151.48026083591856,15.207287353181028,10
4058,151.49543712530638,15.193733169897714,10
4059,151.50820820931247,15.194656006187108,10
4060,151.5090915023997,15.19487970624741,10
4061,151.5581619167796,15.139298676226703,10
4062,151.5713971787967,15.14385716806057,10
4063,151.62527252467734,15.04634433382921,10
4064,151.6306848786025,15.042678175791469,10
4065,151.63357905558124,15.04331038690647,10
4066,151.6383595313177,15.04722360800312,10
4067,151.6477974633297,15.050447048909335,10
4068,151.75201057138935,15.021231063378279,10
4069,151.8078204956334,15.077622803447662,10
4070,151.81952870887773,15.076154590062652,10
4071,151.87176757752127,15.131439083003405,10
4072,151.8767724411783,15.126479475620204,10
4073,151.89530019585854,15.125391313465387,10
4074,151.94835472993523,15.182195215708502,10
4075,152.0015624009457,15.197988422754882,10
4076,152.01508475113138,15.18159989301228,10
4077,152.04544317998295,15.16242853084021,10
4078,152.07870553033464,15.15610796082951,10
4079,152.12461692877454,15.097029014980453,10
4080,152.17854789947484,15.11655237594204,10
4081,152.2413412434179,15.185028190939084,10
4082,152.24722111857744,15.183611120383807,10
4083,152.29849791017563,15.246128120828264,10
4084,152.3963036794921,15.18810610721069,10
4085,152.40183903121817,15.185797169852195,10
4086,152.41887236101164,15.17412045262169,10
4087,152.47190947094492,15.142621956403275,10
4088,152.58117667662898,15.182748052182019,10
4089,152.5864993036011,15.177109898707553,10
4090,152.59867996452778,15.165615943039095,10
4091,152.60718341441512,15.168258393027209,10
4092,152.65672530193194,15.145919452021722,10
4093,152.74371999612077,15.137158883317598,10
4094,152.7535582893281,15.132152929988266,10
4095,152.85019829250837,15.155875995795263,10
4096,152.90388831934553,15.135540791120386,10
4097,152.90553321890184,15.134548355793875,10
4098,152.91290884221243,15.140383247107014,10
4099,152.91971831328914,15.13953108304873,10
4100,152.92103359762646,15.13889526181666,10
4101,152.92680798330747,15.139449426795482,10
4102,152.9316045238762,15.134484668608867,10
4103,152.9805796997668,15.073298366046853,10
4104,152.9821025101927,15.073858534194729,10
4105,153.0358043130188,15.01028058552832,10
4106,153.04516957395492,15.015270573980608,10
4107,153.05064356653835,15.01836169045086,10
4108,153.05573902940668,15.020516843160191,10
4109,153.06617943331386,15.022255011017972,10
4110,153.07384226150944,15.024866666767975,10
4111,153.07849449117327,15.027333485738385,10
4112,153.12905421324794,14.991478248923872,10
4113,153.13065227209717,14.992432320852288,10
4114,153.13380161885365,14.99181722755627,10
4115,153.18252584543873,14.89393080064643,10
4116,153.18831083054548,14.89130428722859,10
4117,153.1962293882922,14.900015712584954,10
4118,153.19912128791245,14.89776333370393,10
4119,153.2092750295222,14.896798079997765,10
4120,153.22335709407167,14.905957700640228,10
4121,153.2287450996388,14.908364029235909,10
4122,153.27122618242055,14.927652301583235,10
4123,153.27478462898722,14.924001223840634,10
4124,153.27758726942687,14.92472694689213,10
4125,153.28214328010498,14.92334908661181,10
4126,153.33010481596384,14.94094164941973,10
4127,153.4157410907158,14.882266538473385,10
4128,153.41917607054043,14.882359630945379,10
4129,153.42446725549695,14.878995808283108,10
4130,153.4653290014185,14.924055534577697,10
4131,153.47400924236427,14.921723514086276,10
4132,153.53859175783288,14.989594723987846,10
4133,153.58051231666906,15.040570924857207,10
4134,153.62093995879803,15.08944828223386,10
4135,153.6289396232914,15.091125904282922,10
4136,153.63297898205064,15.08949176407241,10
4137,153.63837995237122,15.090838097956413,10
4138,153.65663070415522,15.110610755225343,10
4139,153.70669115557865,15.158604755624465,10
4140,153.7270959677334,15.133017813832218,10
4141,153.7359693476771,15.132960822233166,10
4142,153.74759961066735,15.135589433876856,10
4143,153.76974748629172,15.132735767007436,10
4144,153.78765753664487,15.11433796067276,10
4145,153.79643523379355,15.10998133441967,10
4146,153.79994387241607,15.109882568953118,10
4147,153.80141986754043,15.109960375996362,10
4148,153.8044491123118,15.108849484793017,10
4149,153.86286419825353,15.165343528587062,10
4150,153.88416693060472,15.167894279282118,10
4151,153.88553598105827,15.168097757433568,10
4152,153.89903350277018,15.170594858544455,10
4153,153.90106066016244,15.172234535531079,10
4154,153.90853209523635,15.171784332273429,10
4155,153.95330384741305,15.149956391012093,10
4156,153.95782088375586,15.148436255030216,10
4157,153.96376639031024,15.14923917421409,10
4158,153.96769060444936,15.15231348611529,10
4159,153.98219280892633,15.162233377637465,10
4160,153.99405023839745,15.154119973736712,10
4161,154.00060744400577,15.151887148017009,10
4162,154.00642487916727,15.14942953283935,10
4163,154.0167249313157,15.160298088668792,10
4164,154.01876389417157,15.160959833025322,10
4165,154.0854839642587,15.198753807088334,10
4166,154.09690202015864,15.191019891639547,10
4167,154.0997886257697,15.191992455183277,10
4168,154.1422513490496,15.206248218397125,10
4169,154.15225394149553,15.204891994147365,10
4170,154.2146087365083,15.189948077995272,10
4171,154.27118007526042,15.155020885012002,10
4172,154.27265485082927,15.154916925150658,10
4173,154.27583548884292,15.155065672033427,10
4174,154.32190384723276,15.178056925184093,10
4175,154.3226891725305,15.177887771592381,10
4176,154.33954393103835,15.166593592663515,10
4177,154.36258656788482,15.143935367718647,10
4178,154.40184405186136,15.09940140001759,10
4179,154.40786525384473,15.097543194100684,10
4180,154.41757814469418,15.102775040557578,10
4181,154.42057612266098,15.103330776857145,10
4182,154.46748781132086,15.009911738813855,10
4183,154.4777191835777,15.018155516190266,10
4184,154.49665499752692,15.025494944787088,10
4185,154.5515573497675,15.053388283131829,10
4186,154.55608151234793,15.05331095679269,10
4187,154.55978665335678,15.051648667788609,10
4188,154.56547017315427,15.050869992092982,10
4189,154.5681630980703,15.049876055199622,10
4190,154.57539951337876,15.045675261986839,10
4191,154.58435163725798,15.037049710777916,10
4192,154.59018346631157,15.033212763919291,10
4193,154.59108585442283,15.03315716834186,10
4194,154.5943319604663,15.032746632125212,10
4195,154.5961829603844,15.033376115189792,10
4196,154.64934366483095,15.0944329814623,10
4197,154.66266870889484,15.080313984671621,10
4198,154.67440598664464,15.079930162860977,10
4199,154.73036636394235,15.129467791751521,10
4200,154.734994765831,15.12975956877129,10
4201,154.79147433177428,15.08806785975088,10
4202,154.79414479782685,15.089619745535916,10
4203,154.80292981432336,15.085369706261842,10
4204,154.80470605275187,15.085219545606225,10
4205,154.82763276901022,15.070728649065023,10
4206,154.82903356645565,15.070407132315388,10
4207,154.83221448185756,15.069862012000316,10
4208,154.88564781726404,15.117241973951112,10
4209,154.93557295030845,15.03148571649034,10
4210,154.9489551322738,15.016541910145339,10
4211,154.96056666702583,15.013447364584637,10
4212,155.00824567661093,15.020956087682018,10
4213,155.06498863947198,14.95177360066283,10
4214,155.07422515512613,14.93901365582808,10
4215,155.12295766420905,14.99349527421991,10
4216,155.1774381313389,15.05072874094017,10
4217,155.18199917667127,15.052259463004845,10
4218,155.23307971897893,15.074618059223294,10
4219,155.24332612696017,15.067258332004986,10
4220,155.29069528591944,15.109192282448824,10
4221,155.29226457075146,15.108900351741845,10
4222,155.29275695555853,15.108923207207871,10
4223,155.3427250737691,15.132918439066714,10
4224,155.34602967129376,15.134339467283008,10
4225,155.405563106772,15.144674329530577,10
4226,155.49966890442917,15.232109429853745,10
4227,155.50103088145937,15.233474310831339,10
4228,155.5052204852782,15.237994498991451,10
4229,155.50849022578964,15.239604614116761,10
4230,155.59964274489255,15.307480769613843,10
4231,155.65843720986433,15.32910013537518,10
4232,155.66597416430415,15.32969141337958,10
4233,155.76565316513222,15.389832018901675,10
4234,155.77400119380462,15.389979791107608,10
4235,155.82555280090114,15.397812741678422,10
4236,155.8275926971809,15.39789768166359,10
4237,155.87628013444873,15.33761042553158,10
4238,155.92762738299126,15.381336978882484,10
4239,155.96892880492058,15.391815305784794,10
4240,155.9742420970835,15.39272179164258,10
4241,156.02988909157267,15.329306375612266,10
4242,156.03404683560763,15.327015530840965,10
4243,156.08457934428415,15.340770718352873,10
4244,156.1357008940371,15.24779319738145,10
4245,156.1851292643691,15.153769629988284,10
4246,156.19105642671707,15.15175349501256,10
4247,156.19320998368593,15.152577559072142,10
4248,156.20344743398692,15.160434820802442,10
4249,156.20629744489847,15.160077247189808,10
4250,156.20857685866292,15.160119116852357,10
4251,156.2605804569154,15.171232200044907,10
4252,156.2640990974327,15.16868702790175,10
4253,156.31512002159883,15.074199036206856,10
4254,156.32618844641738,15.077445465793291,10
4255,156.33072551362915,15.08002648225726,10
4256,156.3472676936865,15.077755797040938,10
4257,156.3535010212926,15.074253880868243,10
4258,156.363315856037,15.074771580268667,10
4259,156.46260073697553,14.993073865093582,10
4260,156.47222873039857,14.991682964940232,10
4261,156.4838440365896,14.989827195888685,10
4262,156.53507746112587,15.000548431006093,10
4263,156.5847279299338,15.016648559979052,10
4264,156.5892567654028,15.021108572442893,10
4265,156.59922681489707,15.008381157707529,10
4266,156.64822807308866,15.022076928945362,10
4267,156.65419860789234,15.023414422825878,10
4268,156.6702493041618,14.998325518048732,10
4269,156.72957552616987,14.91122334036865,10
4270,156.73555703903224,14.90837727067484,10
4271,156.7858989428757,14.973112314466483,10
4272,156.79343841333593,14.967223749537174,10
4273,156.8154683341416,14.949931982279706,10
4274,156.8289948195133,14.955019390773858,10
4275,156.84255378645514,14.931511282638082,10
4276,156.9407522587775,15.043820121552677,10
4277,156.99290074892775,14.956210725412234,10
4278,157.0019228462973,14.955512015830093,10
4279,157.05590436994015,15.004887282359318,10
4280,157.11418659975027,15.063408611855845,10
4281,157.1625462882705,15.106559279779407,10
4282,157.2253738331588,15.01069693785176,10
4283,157.22680524585172,15.011267731254048,10
4284,157.27445256033656,14.9247658589756,10
4285,157.2893156545274,14.92503190007965,10
4286,157.293020069173,14.92286371987895,10
4287,157.29981349032715,14.915081729504854,10
4288,157.30218843837966,14.91609864794595,10
4289,157.30538335077298,14.914343207339826,10
4290,157.314501694071,14.911864558511176,10
4291,157.318644421397,14.912717778432897,10
4292,157.3216304068773,14.911698130223812,10
4293,157.32460914160185,14.912181596361789,10
4294,157.4124083753943,14.872268105700126,10
4295,157.46925203053394,14.89185814738905,10
4296,157.48659311069744,14.895644708332789,10
4297,157.52543289938689,14.880478812220195,10
4298,157.56719056494347,14.87201265820562,10
4299,157.56909519521247,14.871736890507615,10
4300,157.57795480108706,14.871075503901151,10
4301,157.5865346763687,14.874799677828113,10
4302,157.59753733680586,14.876981255919508,10
4303,157.60460533148438,14.871729127117213,10
4304,157.61469337106172,14.864425791452781,10
4305,157.61938099621563,14.865848361199097,10
4306,157.6721224600777,14.878364904468107,10
4307,157.73397498929316,14.853138014911666,10
4308,157.7940201121135,14.863299249417576,10
4309,157.8001447788477,14.86565918721805,10
4310,157.80551565860742,14.868107540652465,10
4311,157.86949156205898,14.861092192057624,10
4312,157.894554368628,14.868548376588441,10
4313,157.9018219650819,14.868602832260237,10
4314,157.96257765605083,14.850890537540646,10
4315,157.97286567218129,14.852891638863733,10
4316,157.97877668204518,14.856873283922296,10
4317,157.98181408452376,14.852843837579542,10
4318,158.12425698088816,14.83824040285648,10
4319,158.1830926316863,14.808702068498642,10
4320,158.18524293754655,14.808344775501103,10
4321,158.24222737918612,14.785854325286873,10
4322,158.30913124981663,14.787411861329199,10
4323,158.3207929730077,14.784707964407858,10
4324,158.33794248057436,14.784597202183644,10
4325,158.39222366114515,14.800445164319294,10
4326,158.4033093969181,14.7994483100077,10
4327,158.42678209933226,14.791793101060431,10
4328,158.47777614414994,14.72573868026781,10
4329,158.49069901977845,14.714273414960832,10
4330,158.49415895262567,14.715422107746836,10
4331,158.52529605944378,14.739919776835427,10
4332,158.53281345346855,14.741337081159788,10
4333,158.56020736415462,14.762442577490605,10
4334,158.61833362909854,14.680039218346455,10
4335,158.62099570377237,14.680934940493609,10
4336,158.67204517519576,14.750092965472204,10
4337,158.68245136376552,14.751820023153877,10
4338,158.68903339038692,14.756598379473726,10
4339,158.69323036069665,14.759359361503092,10
4340,158.73831360074055,14.799448444616434,10
4341,158.74789031225453,14.795079201905374,10
4342,158.79773891633243,14.785025264253155,10
4343,158.80574161474124,14.78597869649155,10
4344,158.80889628024067,14.784504038188928,10
4345,158.81681008760427,14.788408653931535,10
4346,158.8187341800495,14.788953966876548,10
4347,158.83221667520075,14.78451374902382,10
4348,158.84010726881976,14.779983904441929,10
4349,158.84827089165606,14.777304794689272,10
4350,158.85265582433368,14.778766970780458,10
4351,158.85776592822194,14.777614814406668,10
4352,158.86132029943298,14.776532633646951,10
4353,158.95722834945363,14.732583993003164,10
4354,158.9596936267813,14.730299728086823,10
4355,159.007498678123,14.780123972541878,10
4356,159.01759395637814,14.77110673008398,10
4357,159.02278074997125,14.770487882100904,10
4358,159.02717338877324,14.771734857056355,10
4359,159.07969713298843,14.822994255697955,10
4360,159.08401797538824,14.823880118010576,10
4361,159.1378725380824,14.875413147363574,10
4362,159.13895684518326,14.876008190126381,10
4363,159.18832696849762,14.930188267504246,10
4364,159.23677690371392,14.887497649475401,10
4365,159.29143704259485,14.945991600238406,10
4366,159.35370447090384,14.986312596796179,10
4367,159.35571488329703,14.985966703786252,10
4368,159.3614543777061,14.987066663842093,10
4369,159.37241839003838,14.99442094282469,10
4370,159.47345740915148,15.118576295194567,10
4371,159.47914498313995,15.122088928859561,10
4372,159.48267841238015,15.122482997164733,10
4373,159.48385136698943,15.122683168627411,10
4374,159.49085848306828,15.124595320529657,10
4375,159.49386238195456,15.125723582591792,10
4376,159.5018177225648,15.132883596052608,10
4377,159.55533314516398,15.092773245061501,10
4378,159.6039298171345,15.113312347856832,10
4379,159.6125880801296,15.119071525407799,10
4380,159.6235183211009,15.117992920739049,10
4381,159.62848245711118,15.119735864224733,10
4382,159.64036002825793,15.118309417838102,10
4383,159.70618492010547,15.1198447462532,10
4384,159.76872482972323,15.106974816468735,10
4385,159.79355274824655,15.135594911138133,10
4386,159.80801535751783,15.14727211617163,10
4387,159.81129833380055,15.144901783304759,10
4388,159.91082093669132,15.266877698906752,10
4389,159.9354613109451,15.274867650959058,10
4390,159.9946873897731,15.32265205708078,10
4391,160.00571595905492,15.323790000988277,10
4392,160.0545220323465,15.38382245833198,10
4393,160.07175063221757,15.399574735670184,10
4394,160.1775187959597,15.378715644819632,10
4395,160.2302536923119,15.363830047280803,10
4396,160.28589083068945,15.349155571003479,10
4397,160.30450921789893,15.366788004141117,10
4398,160.31397565798065,15.366766462365405,10
4399,160.36083373160213,15.355909269074933,10
4400,160.37335514360316,15.341702934237983,10
4401,160.37842371804166,15.341799087665798,10
4402,160.42976301607686,15.403490619035098,10
4403,160.43847828286022,15.403364498782478,10
4404,160.5520446593878,15.362994344333105,10
4405,160.60238922926433,15.288245289655592,10
4406,160.63321238394224,15.294549862538936,10
4407,160.7373259718731,15.29984063732298,10
4408,160.7434636830962,15.305181961027431,10
4409,160.7464020289085,15.306210469222858,10
4410,160.8406847490202,15.381501457747188,10
4411,160.89906157566844,15.354834835131571,10
4412,160.9186725506732,15.355544795111216,10
4413,160.9677162848099,15.419512828862564,10
4414,161.02286828923522,15.46343798134491,10
4415,161.08597516502897,15.515763538836294,10
4416,161.09338119542863,15.520507628072384,10
4417,161.10140132126398,15.523971701623132,10
4418,161.10264385851528,15.523321429514791,10
4419,161.1125509080986,15.513361088942052,10
4420,161.20747733964956,15.598571118731988,10
4421,161.2627910180537,15.617517314203987,10
4422,161.35866301826226,15.639452124543974,10
4423,161.36639175028319,15.63633286465349,10
4424,161.46709575309666,15.635849949738237,10
4425,161.51743692715482,15.645447754507648,10
4426,161.52076622325424,15.645401325370356,10
4427,161.57775317474477,15.677561709008447,10
4428,161.58552598702036,15.674811313952944,10
4429,161.59865823836063,15.68662631215428,10
4430,161.60092616264393,15.687062140315668,10
4431,161.61274788690162,15.693905926102135,10
4432,161.6610300097657,15.714690320702397,10
4433,161.6707023024379,15.716642134892203,10
4434,161.7285840572628,15.786851206053388,10
4435,161.73503540197353,15.783571856878945,10
4436,161.75792112902403,15.787920826539398,10
4437,161.8032088699514,15.851052456524256,10
4438,161.80930530685782,15.851186766942474,10
4439,161.81559014409714,15.852803809207755,10
4440,161.81732773968346,15.85337863353129,10
4441,161.8327555177946,15.847123793346134,10
4442,161.83613053254615,15.846934231434993,10
4443,161.8853065418769,15.868981656364385,10
4444,161.89474251173243,15.866391315082181,10
4445,161.90429610542895,15.861844141639187,10
4446,161.96823228341867,15.889220298598717,10
4447,162.0166274575412,15.912969295335271,10
4448,162.07985233151643,15.940956226339956,10
4449,162.1288314451683,15.965950407419522,10
4450,162.13386546385792,15.961257642166373,10
4451,162.1471734552622,15.962918552696681,10
4452,162.15176077696802,15.961963272269752,10
4453,162.16260846706928,15.95686325522689,10
4454,162.17689557847572,15.962626196956496,10
4455,162.25076925794122,16.043169425588438,10
4456,162.26199150600402,16.046724376107743,10
4457,162.26848046229404,16.050276326865546,10
4458,162.27037216847776,16.050684423943437,10
4459,162.27380833216708,16.052625957283194,10
4460,162.2761601223847,16.05499872596329,10
4461,162.2934737915994,16.02518810117667,10
4462,162.3136067611095,16.027310004793804,10
4463,162.36645215213997,16.054359452520618,10
4464,162.38529035180545,16.066627015334234,10
4465,162.43693102004386,16.105337484467118,10
4466,162.44227144423436,16.10573475543929,10
4467,162.46053402423865,16.119852430807736,10
4468,162.467212571017,16.115716690494608,10
4469,162.47413771898047,16.121045292308068,10
4470,162.5233569325109,16.161545034399495,10
4471,162.5678820246557,16.22387893354682,10
4472,162.57139652810918,16.224108615525395,10
4473,162.57797304939993,16.224762928300073,10
4474,162.59108308854826,16.22299338345144,10
4475,162.5930162126812,16.220827411884823,10
4476,162.59399938593668,16.22080580205025,10
4477,162.59545468450256,16.221750177027733,10
4478,162.59988743974617,16.22464329099373,10
4479,162.603361152574,16.226669402282035,10
4480,162.61573795734444,16.224129609977876,10
4481,162.65693727719506,16.268649458110243,10
4482,162.66462923634774,16.267609525575896,10
4483,162.71662507534072,16.252223572878993,10
4484,162.7703468548023,16.232328697337415,10
4485,162.87617811654167,16.268960085584634,10
4486,162.9812476800486,16.300357839703494,10
4487,163.00125355341595,16.28867425228213,10
4488,163.05140850289303,16.21961027125181,10
4489,163.05527192505792,16.22105884387803,10
4490,163.06665555699036,16.215422691536812,10
4491,163.07576439107825,16.225608581997772,10
4492,163.11883372930623,16.225007371951826,10
4493,163.22160927566952,16.204721867212623,10
4494,163.23132501067033,16.206109069857014,10
4495,163.24531959838768,16.213627746258556,10
4496,163.25013918497476,16.216373589250875,10
4497,163.30222109258742,16.22380611518855,10
4498,163.35345413941573,16.13705162252881,10
4499,163.3569579664665,16.13501714092562,10
4500,163.41112617872048,16.192432137270536,10
4501,163.46401797534728,16.23716966619573,10
4502,163.46635587547678,16.236051685629437,10
4503,163.4799454881375,16.24596341410838,10
4504,163.53687901891266,16.30263963296105,10
4505,163.5457704204676,16.304653151621018,10
4506,163.56541735785106,16.317163108476095,10
4507,163.56912691520196,16.319589767259256,10
4508,163.62156434291495,16.346403420006233,10
4509,163.6233023013289,16.346117179622638,10
4510,163.67193465353998,16.411990438980197,10
4511,163.7319916595166,16.400656133449065,10
4512,163.78487656296784,16.312766866721685,10
4513,163.8430517835007,16.370016042271125,10
4514,163.84653454481332,16.3724333419458,10
4515,163.899816858797,16.284222575882048,10
4516,163.92391852252348,16.253703647981315,10
4517,163.92895285723063,16.25557490330058,10
4518,163.9803088335031,16.30483789562097,10
4519,164.03409968550034,16.331101396975953,10
4520,164.0416681404177,16.33433416995932,10
4521,164.06582150185935,16.32804393319465,10
4522,164.1157952824038,16.376107231956347,10
4523,164.1764486527074,16.420602326455523,10
4524,164.27967609154808,16.471116545085152,10
4525,164.32967626818092,16.52791867308113,10
4526,164.34123061293081,16.524784475507136,10
4527,164.3433624194991,16.524690878213605,10
4528,164.3466581636198,16.52392510817479,10
4529,164.3988846895062,16.577610772224958,10
4530,164.4557498348624,16.64729489931653,10
4531,164.4733266534185,16.634629402134667,10
4532,164.52388748430272,16.701734657807126,10
4533,164.57761838130213,16.76478489169541,10
4534,164.63449256012774,16.830952532910317,10
4535,164.6361807917539,16.831278603964304,10
4536,164.6419669749699,16.831214244137612,10
4537,164.735894980924,16.837927187770013,10
4538,164.74149982545788,16.833358817997105,10
4539,164.74495987153233,16.83614945536151,10
4540,164.7948845442292,16.907914893061324,10
4541,164.8565391801215,16.965273838455534,10
4542,164.94962219284935,16.975524441972787,10
4543,165.04277951205023,17.00984538999449,10
4544,165.0495814644581,17.014924878592446,10
4545,165.06279110304436,17.014977338651878,10
4546,165.0761263907039,17.008431328684313,10
4547,165.12667562645544,17.03146801483561,10
4548,165.1817868260097,17.092022053262255,10
4549,165.2403063447536,17.115343837526897,10
4550,165.29368157680864,17.0645959420806,10
4551,165.30714490873802,17.062512513404673,10
4552,165.35165462002018,17.027220680615933,10
4553,165.4000650664596,17.00151175660442,10
4554,165.40645101101472,17.0076134795155,10
4555,165.41225501505832,17.012530074537192,10
4556,165.45456100076896,16.978111415675777,10
4557,165.50420461034813,17.037480664759844,10
4558,165.5092875407725,17.03730546665932,10
4559,165.52219254026386,17.038794650451674,10
4560,165.526213455209,17.033842409292216,10
4561,165.57664742012543,17.059769023756495,10
4562,165.58323922066114,17.06646274890249,10
4563,165.61592290971743,17.10295740707568,10
4564,165.62873495658522,17.095489770141963,10
4565,165.63206465502736,17.09511042204265,10
4566,165.68554326785082,17.121856041347158,10
4567,165.69290831639907,17.126811093525614,10
4568,165.74730482866715,17.14176240684886,10
4569,165.75652822002297,17.149867335638703,10
4570,165.77383165675073,17.153944830918398,10
4571,165.77822504470512,17.150913822150137,10
4572,165.82621855296483,17.15777218549305,10
4573,165.91077375578496,17.166266901360537,10
4574,165.91438201021413,17.16771970399829,10
4575,165.91989617810913,17.171721066136598,10
4576,165.9220064662532,17.171194104260017,10
4577,165.93629243991217,17.18121047883588,10
4578,165.98641790138865,17.23808255039622,10
4579,166.03609779088896,17.23777788019424,10
4580,166.05782039911008,17.2569682565614,10
4581,166.20021589535023,17.35974036928115,10
4582,166.21812209211882,17.363958039235513,10
4583,166.22094057269777,17.364166841430336,10
4584,166.3294176902667,17.329597790254567,10
4585,166.37969765463987,17.246111800327924,10
4586,166.435380305503,17.157484063636502,10
4587,166.43877900782067,17.15759320122955,10
4588,166.45104865319482,17.153149488537377,10
4589,166.46260115506334,17.142509997389194,10
4590,166.47716117725412,17.150363235658833,10
4591,166.52930278021773,17.209084652775612,10
4592,166.58206865472562,17.19144509727437,10
4593,166.5857155443462,17.192223798640928,10
4594,166.59254531103565,17.190548849751064,10
4595,166.594081258778,17.190970404498994,10
4596,166.64133031577123,17.109410290720923,10
4597,166.65351478748545,17.09279195283992,10
4598,166.66139314585914,17.094069353304235,10
4599,166.67148313614786,17.093463348211323,10
4600,166.68149223115762,17.08590101448389,10
4601,166.68671565891793,17.085110145211644,10
4602,166.75559373997277,17.148683837622006,10
4603,166.7651591573554,17.14783978374502,10
4604,166.7787697953334,17.14341700940733,10
4605,166.7914847700818,17.129381744306535,10
4606,166.79371995930885,17.12903826514965,10
4607,166.85116889721257,17.191353118022977,10
4608,166.8609551256624,17.19897519750928,10
4609,166.91383492030906,17.26824472466003,10
4610,166.92465334276216,17.264987402632205,10
4611,166.98745266761793,17.24786750618719,10
4612,166.99375228545858,17.242769274726562,10
4613,166.99867908935965,17.245233814021685,10
4614,167.00723776482658,17.239551603066904,10
4615,167.03021256209462,17.233305664245503,10
4616,167.0312504434675,17.23330276713337,10
4617,167.11082700905357,17.204271067398757,10
4618,167.12387153700814,17.18898801506253,10
4619,167.12528832995463,17.18988225749978,10
4620,167.12846800807156,17.190925791952495,10
4621,167.13056037195847,17.19087569380791,10
4622,167.2912626547644,17.174664456555632,10
4623,167.29916922633302,17.180381319925946,10
4624,167.30301559235843,17.182790842900395,10
4625,167.3075380800246,17.18499754798391,10
4626,167.31450171830173,17.18449518160599,10
4627,167.3222256127503,17.174129015027063,10
4628,167.3314665172666,17.16874857197692,10
4629,167.33405032120538,17.168794493847447,10
4630,167.3352683568465,17.169196391415785,10
4631,167.34648479009152,17.16755901014073,10
4632,167.34903158018136,17.168273152413228,10
4633,167.3528028718065,17.1676392442536,10
4634,167.3662413679132,17.171449144069626,10
4635,167.37297460790074,17.169415341481262,10
4636,167.37823500994028,17.1729988410704,10
4637,167.42862942863133,17.094996963659515,10
4638,167.43261701430714,17.094636699739922,10
4639,167.47869534389775,17.031144660253105,10
4640,167.52845225882191,17.09891325252134,10
4641,167.58433919854355,17.145854735561972,10
4642,167.5940235572429,17.148471429059953,10
4643,167.5952609236215,17.148161579080806,10
4644,167.5979176718316,17.14900387181349,10
4645,167.60177255315904,17.15003823829263,10
4646,167.60716315954795,17.150058418642033,10
4647,167.6138966350762,17.158446940395155,10
4648,167.61704700531004,17.16003190317982,10
4649,167.62519258336604,17.165848629321417,10
4650,167.63096806519252,17.169791700064078,10
4651,167.63907863010687,17.16693549405881,10
4652,167.64496027757357,17.1652119247375,10
4653,167.70015522709295,17.223946459652637,10
4654,167.75729457840845,17.186480857548478,10
4655,167.80678198944074,17.25685976581279,10
4656,167.8666151911212,17.320190099235713,10
4657,167.8693037637899,17.32152683154676,10
4658,167.8722579777874,17.324405270410516,10
4659,167.87396992159944,17.32542778678275,10
4660,167.8844904912132,17.338066725345815,10
4661,167.88623325921418,17.338290373217692,10
4662,167.90566868456915,17.31190285100177,10
4663,167.9177629119696,17.304540406323873,10
4664,167.93557015218133,17.3077327099823,10
4665,167.99359108335833,17.309479995658595,10
4666,167.99923852430192,17.312296861899274,10
4667,168.0142011902788,17.30777610183726,10
4668,168.06318687524205,17.22957142050384,10
4669,168.07686881106798,17.215003441829655,10
4670,168.0896896062887,17.20409478899089,10
4671,168.13820997035026,17.2032269237072,10
4672,168.18818583561912,17.243728698143585,10
4673,168.18968324008955,17.242737222759736,10
4674,168.2401822351904,17.22825041416546,10
4675,168.3006269909477,17.24070175562598,10
4676,168.39548365743113,17.225032823985178,10
4677,168.4452282678182,17.23637576678795,10
4678,168.49822082413334,17.248906046668765,10
4679,168.56272588345945,17.233291638653807,10
4680,168.57231022918805,17.23461266870426,10
4681,168.5742896286054,17.234382424727627,10
4682,168.58942019288085,17.2404102010934,10
4683,168.6050203768889,17.230388919371105,10
4684,168.6548146089096,17.25344698555194,10
4685,168.6556592302813,17.25347155321848,10
4686,168.6565034130219,17.253063017780455,10
4687,168.67149783123233,17.24193804781556,10
4688,168.67985774569743,17.235008719492257,10
4689,168.7682481536846,17.160445916096595,10
4690,168.77022417890822,17.161227874399053,10
4691,168.8240749301053,17.079893393128266,10
4692,168.87880060195803,17.000365473915974,10
4693,168.887799968918,16.994413666737145,10
4694,168.89322703757222,16.995612200030177,10
4695,168.89925746774435,17.000056904378326,10
4696,168.95044602424042,17.009414902253248,10
4697,169.04267897016706,16.951056507866053,10
4698,169.05777175797775,16.954656920908835,10
4699,169.11991653780575,16.891273559194705,10
4700,169.1224908289097,16.890696542222976,10
4701,169.17067742244305,16.890136536904297,10
4702,169.21999937812242,16.887978795217588,10
4703,169.22635355138016,16.889632731259923,10
4704,169.23640278954022,16.89094304061745,10
4705,169.24582801079347,16.893484857453515,10
4706,169.30033799836565,16.82375201743029,10
4707,169.30229234613944,16.822541352046816,10
4708,169.30367490008743,16.822494318026223,10
4709,169.30592800233444,16.822249917369884,10
4710,169.3186952027377,16.816127622246828,10
4711,169.32224475460745,16.81425602513468,10
4712,169.32802229024784,16.810694920644355,10
4713,169.32909782368557,16.809962295451243,10
4714,169.34297097207556,16.80145820917869,10
4715,169.34566914084425,16.802212681138457,10
4716,169.35655239029796,16.81037930363273,10
4717,169.3588761779168,16.811404664976802,10
4718,169.40976253425396,16.733699272581237,10
4719,169.45962488403688,16.6547415832135,10
4720,169.47300130355384,16.650206055637803,10
4721,169.5210747756684,16.582375185089507,10
4722,169.52477302530616,16.58422861383617,10
4723,169.53554373198935,16.580592905968615,10
4724,169.62951644970246,16.526589666712788,10
4725,169.63371765547612,16.52221972031922,10
4726,169.68627626842147,16.534715902371293,10
4727,169.7001628500246,16.52292316887208,10
4728,169.7098580008068,16.533512899949635,10
4729,169.7108688105189,16.53387389086849,10
4730,169.7120062577224,16.53406441227079,10
4731,169.71459342073862,16.534052209602187,10
4732,169.7219191717836,16.541076107763132,10
4733,169.72661130404862,16.541163724557123,10
4734,169.74086691866847,16.53464382176689,10
4735,169.7419647570096,16.534525924668355,10
4736,169.74499391951846,16.53324351036502,10
4737,169.7476687500521,16.53508201709374,10
4738,169.7530957816416,16.53385436917608,10
4739,169.76604236034672,16.543942636158494,10
4740,169.7870210921344,16.531928560841045,10
4741,169.7892601196483,16.530331030012665,10
4742,169.8012464692419,16.531436618015373,10
4743,169.8077614244268,16.532709982699377,10
4744,169.81296131604418,16.537428645184242,10
4745,169.82272116352453,16.535143540530655,10
4746,169.8299732555416,16.54280730154857,10
4747,169.88108459991253,16.54240880772212,10
4748,169.97663397440846,16.55494991300228,10
4749,169.99435846488555,16.557359031864685,10
4750,169.99553553608195,16.556759940399537,10
4751,170.0096011321823,16.566520629978363,10
4752,170.0131843755648,16.563779937464144,10
4753,170.03254528364187,16.569874049527932,10
4754,170.04027372284656,16.575010056523237,10
4755,170.04445983826426,16.574838343439076,10
4756,170.13949862000976,16.55770907453633,10
4757,170.2699507531827,16.56168225638534,10
4758,170.32417781147288,16.49251903076615,10
4759,170.43005190094206,16.40738177494114,10
4760,170.48045534474605,16.3310029049996,10
4761,170.4874404210924,16.328306808131682,10
4762,170.49960572094705,16.33184133196933,10
4763,170.54966922013472,16.403724619368514,10
4764,170.55340946790844,16.405559828468736,10
4765,170.6016599336644,16.471774141620514,10
4766,170.69858942425037,16.544599745216555,10
4767,170.7582775512481,16.561115218880623,10
4768,170.85278839419917,16.503013745863004,10
4769,170.90013199572908,16.52497587791368,10
4770,170.95043880778877,16.54405351302927,10
4771,170.96413298384215,16.546448372378173,10
4772,171.01661824864146,16.56831871699925,10
4773,171.08825988245616,16.591776289325118,10
4774,171.09308163027907,16.595261293002757,10
4775,171.13958187197696,16.528594743712926,10
4776,171.2155879663806,16.545054039315474,10
4777,171.31020521834088,16.50460074294671,10
4778,171.3639417150034,16.52567180914177,10
4779,171.36683696395457,16.526054383800975,10
4780,171.36947907266304,16.52687469990516,10
4781,171.434277015698,16.596918195683863,10
4782,171.4834726890004,16.65642763286868,10
4783,171.49520512377111,16.664535071634624,10
4784,171.58779345917765,16.671614067749637,10
4785,171.64333653590552,16.607292337911417,10
4786,171.69701167713282,16.634015293066522,10
4787,171.7009109644679,16.63507747303684,10
4788,171.75086407979543,16.569593462324864,10
4789,171.79391864830274,16.50799314841635,10
4790,171.79950376057312,16.50658706692252,10
4791,171.80330956782717,16.505548386642303,10
4792,171.80705512028652,16.50390610619577,10
4793,171.81153834447312,16.507889604021607,10
4794,171.86372075560774,16.430191820306963,10
4795,171.906184602655,16.451054571388454,10
4796,171.9147815235416,16.44437020685944,10
4797,172.0127581444058,16.440224227569377,10
4798,172.02035561351607,16.44790548411504,10
4799,172.06854897848868,16.515233249681817,10
4800,172.07026096348696,16.51440710158712,10
4801,172.07321754403125,16.514142951060318,10
4802,172.07505339338792,16.514945916100082,10
4803,172.09005202991446,16.52212192603075,10
4804,172.09911190061942,16.51894186629384,10
4805,172.13977834331726,16.56639747393765,10
4806,172.15049280500892,16.56532216818873,10
4807,172.20137083664727,16.586956133012414,10
4808,172.2603281450518,16.6048268116344,10
4809,172.26361331273992,16.608516078954025,10
4810,172.26982698000646,16.609681962441137,10
4811,172.27430820561634,16.61481797365637,10
4812,172.32471420791813,16.61390884425039,10
4813,172.3656064252184,16.569242077604315,10
4814,172.37023505258472,16.569558559849227,10
4815,172.43142660092158,16.509182792815068,10
4816,172.4357876420073,16.51143927736679,10
4817,172.47187651182577,16.52432234150679,10
4818,172.5678608149696,16.61896060492649,10
4819,172.58018381965118,16.60262992619727,10
4820,172.64154411276283,16.521192314411966,10
4821,172.69835204344503,16.59753861436922,10
4822,172.75104189239204,16.672407398309264,10
4823,172.8043629165981,16.743024727806002,10
4824,172.81233639261902,16.748105073806947,10
4825,172.8165655623655,16.748266113482323,10
4826,172.8259057724894,16.745656016330123,10
4827,172.92161717336793,16.880193720763486,10
4828,172.92666085987102,16.87390094022995,10
4829,172.9757082023209,16.949424527989216,10
4830,172.9878277680396,16.944779277725523,10
4831,173.08855991708876,16.94673315744832,10
4832,173.09301053603906,16.946433296110175,10
4833,173.10021925084465,16.94826741410831,10
4834,173.10548442770158,16.943917478366227,10
4835,173.1136759507811,16.93750373612988,10
4836,173.16625718162,17.017714457931806,10
4837,173.1773446818469,17.02790779950293,10
4838,173.1873882409336,17.02464738564561,10
4839,173.18889506807372,17.024790113623805,10
4840,173.23988452362158,17.044454352136786,10
4841,173.25232034902663,17.044506360034173,10
4842,173.2561263776168,17.042838488036576,10
4843,173.26061859977625,17.04108185661571,10
4844,173.26249373909846,17.04017401143609,10
4845,173.34981665459583,16.9703717615461,10
4846,173.44896752652076,16.95592022451471,10
4847,173.45343732335635,16.952957600814866,10
4848,173.51721529460178,16.97561520319868,10
4849,173.56711550019673,17.002989052959794,10
4850,173.6197342565001,16.991032015130987,10
4851,173.63011857741316,16.99332269742802,10
4852,173.65146827826317,16.991362941761185,10
4853,173.6602352290202,16.99318691540559,10
4854,173.7104131130627,17.022896717222842,10
4855,173.86051125773764,17.061029163288136,10
4856,173.92832929305055,17.08603814781656,10
4857,173.9867000058627,17.10148210693349,10
4858,173.99065613316114,17.10136932400697,10
4859,174.04457508122528,17.12604788310842,10
4860,174.05469129543846,17.115101493860475,10
4861,174.06907251349017,17.12142652713794,10
4862,174.0784058266264,17.122407215706247,10
4863,174.0872858142277,17.120376385823985,10
4864,174.09309298887447,17.124314680452397,10
4865,174.09636632609985,17.12559874930614,10
4866,174.1021750854113,17.121422294174874,10
4867,174.15408610029738,17.071052836894136,10
4868,174.15556585340354,17.070584980149707,10
4869,174.20609574472846,17.0545073787264,10
4870,174.25357191973737,16.983169809372182,10
4871,174.35727577890268,16.998575406796053,10
4872,174.3586768083774,16.998764349194296,10
4873,174.35976676138117,16.99772009114228,10
4874,174.36302447071913,16.998994686696278,10
4875,174.3678095552952,16.997521650895514,10
4876,174.37283544945802,16.996506866244854,10
4877,174.38905736351126,16.99459918461683,10
4878,174.44113251635366,16.987251267900767,10
4879,174.53934630455237,16.913651746436138,10
4880,174.59000360031462,16.90198236312304,10
4881,174.59625985156234,16.895345021420443,10
4882,174.5979318656959,16.89484455502566,10
4883,174.60614826839586,16.896634740253408,10
4884,174.61762892413708,16.90160140627433,10
4885,174.66700527289902,16.890365705607806,10
4886,174.7190004748614,16.92697535306907,10
4887,174.7206366065745,16.9256484043513,10
4888,174.73623252552946,16.94285055183992,10
4889,174.7436287406959,16.945010935450988,10
4890,174.7974239769777,16.929758000572516,10
4891,174.85114896604938,16.92347151201518,10
4892,174.85304028240088,16.921883300153777,10
4893,174.85796862943616,16.920989967725795,10
4894,174.85961111974575,16.921904440353426,10
4895,174.87356248756856,16.92971454673014,10
4896,174.89191148827575,16.92735229061569,10
4897,174.91956645633684,16.92899443314681,10
4898,174.92194658992645,16.929992105189395,10
4899,174.9353659960596,16.922712136313734,10
4900,174.9390609810153,16.920740240044818,10
4901,174.9880533312693,16.941778524566587,10
4902,175.03957904328118,16.93545136907831,10
4903,175.13530275589892,16.991818197679798,10
4904,175.2019305292929,16.97256779305052,10
4905,175.20760946188003,16.977058311635968,10
4906,175.21922225983513,16.979997643671073,10
4907,175.3302765656433,17.030745890090152,10
4908,175.34824521544297,17.033668253417417,10
4909,175.4425607699164,17.091715569797532,10
4910,175.54692144660743,17.139336035521,10
4911,175.54871475376078,17.138891604308952,10
4912,175.55904658575744,17.134722294319797,10
4913,175.56702971423138,17.12808060159749,10
4914,175.57033777024307,17.129206493124457,10
4915,175.58360595822518,17.127102396436154,10
4916,175.59522936726177,17.111883593109415,10
4917,175.6445920089199,17.113743823231903,10
4918,175.69268985666122,17.135408976310227,10
4919,175.75139621505275,17.143120030852522,10
4920,175.75985140971295,17.14226694672228,10
4921,175.76128749906687,17.142547400605654,10
4922,175.76644426356518,17.13816863350969,10
4923,175.76958926422876,17.137721643868176,10
4924,175.818449896245,17.169494495647466,10
4925,175.86804345262985,17.165830973493772,10
4926,175.91623862791747,17.165827473571643,10
4927,175.9186838858302,17.166451841836864,10
4928,175.93469280781898,17.151393752935284,10
4929,175.94256316971027,17.152708802187416,10
4930,175.99234738047326,17.155976920709396,10
4931,176.05732364666565,17.17041663531016,10
4932,176.15686278167132,17.270039636736605,10
4933,176.21136516361025,17.272067897650405,10
4934,176.2214547501647,17.27426074519927,10
4935,176.23190456392655,17.265706712623047,10
4936,176.2867671513289,17.298556039167426,10
4937,176.34030265502514,17.35684307710464,10
4938,176.39318783136383,17.393385143458413,10
4939,176.4104778980221,17.394004623584337,10
4940,176.41862016737377,17.39412655396081,10
4941,176.4209321999691,17.392959767509993,10
4942,176.43175880066664,17.390117564281255,10
4943,176.45627999801133,17.396975604516232,10
4944,176.4584665634818,17.396191591608158,10
4945,176.47430998926393,17.39837667372454,10
4946,176.48276988737817,17.38839968296837,10
4947,176.48483706530251,17.38883008521878,10
4948,176.58323637749214,17.419365448794565,10
4949,176.59961750226793,17.421993384638682,10
4950,176.6532347565937,17.350552654990633,10
4951,176.65546165007905,17.35044331446312,10
4952,176.75360361033867,17.456017717507315,10
4953,176.84991991808155,17.557749962823646,10
4954,176.9092662357653,17.5902272605554,10
4955,176.91514737082684,17.592181321759767,10
4956,176.918228324641,17.59066332562671,10
4957,176.92176621447553,17.59180789304137,10
4958,176.9266907194335,17.593431221126117,10
4959,177.00905198917658,17.659216832951262,10
4960,177.0627276913979,17.727674169232696,10
4961,177.07667036719434,17.726375543911363,10
4962,177.12817097675642,17.787473083305212,10
4963,177.1329553266059,17.785937576685544,10
4964,177.13635662297557,17.78671082937226,10
4965,177.14559496158452,17.796955265968812,10
4966,177.1543811065398,17.797716158790124,10
4967,177.19723111170646,17.750255123871003,10
4968,177.20027241298217,17.74990481894126,10
4969,177.20277624287283,17.751462042760313,10
4970,177.2529991862093,17.754181133963446,10
4971,177.30547988091945,17.79274966116203,10
4972,177.31075293509474,17.79687097866068,10
4973,177.35924686826857,17.798573518061385,10
4974,177.36245837101285,17.79934940878527,10
4975,177.415055728111,17.83950077540251,10
4976,177.41986545075096,17.841616474940093,10
4977,177.4288758192476,17.846127056558245,10
4978,177.43049537749073,17.84655316413944,10
4979,177.43358735918233,17.843882749791952,10
4980,177.48166698531668,17.837524873827096,10
4981,177.48954587656726,17.83719072785627,10
4982,177.5007840483073,17.838991739535306,10
4983,177.50270332116625,17.837478929788503,10
4984,177.50833548816848,17.839675588661102,10
4985,177.51386799344672,17.842465453882898,10
4986,177.52416843131064,17.842420186623496,10
4987,177.52927223237077,17.840099526217777,10
4988,177.5322918725364,17.84018931537811,10
4989,177.62963275782425,17.944358040968687,10
4990,177.63281998078486,17.94415167592948,10
4991,177.63447804510707,17.94407115200296,10
4992,177.68579605449625,17.944143028229718,10
4993,177.6906836405655,17.942355808831984,10
4994,177.7182700757958,17.97546258070188,10
4995,177.81034194809618,17.96415063996463,10
4996,177.81217164921014,17.96313203579079,10
4997,177.86295303610524,17.96656193156542,10
4998,177.87141626182114,17.974164944489026,10
4999,177.8810114822752,17.971525175334076,10
5000,177.93063755097643,17.975545215582613,10
