t,Q_diff_mean,Q_diff_sd,n_runs
1,0.0,0.0,10
2,0.5,0.5270462766947299,10
3,0.7,0.8232726023485646,10
4,1.0,1.247219128924647,10
5,1.4,1.4298407059684812,10
6,1.5,1.509230856356236,10
7,1.9,1.5951314818673865,10
8,2.6,1.837873166945363,10
9,2.9,2.131770260709264,10
10,3.0,2.4037008503093262,10
11,3.5,2.6770630673681683,10
12,3.7,2.6687491868330793,10
13,4.2,2.820559440174157,10
14,4.4,2.6749870196985173,10
15,4.4,2.9888682361946524,10
16,4.4,3.0623157540948935,10
17,4.6,3.2386554137309647,10
18,4.8,3.32665998663324,10
19,4.9,3.4140233677518315,10
20,5.0,3.5901098714230026,10
21,4.8,3.4896672875473067,10
22,4.8,3.32665998663324,10
23,4.9,3.1073389830457114,10
24,4.9,3.142893217686178,10
25,5.1,3.1073389830457114,10
26,5.5,3.5355339059327378,10
27,5.9,3.2472210341220142,10
28,6.1,3.4140233677518315,10
29,5.7,3.622460796505909,10
30,6.0,3.3333333333333335,10
31,6.1,3.4785054261852175,10
32,6.3,3.497618237219913,10
33,6.2,3.8815804341359033,10
34,6.1,4.094712037087183,10
35,6.1,4.3576242252962665,10
36,6.1,4.2282121254470875,10
37,6.2,4.077035960378842,10
38,6.5,4.169998667732268,10
39,6.6,4.115013163202924,10
40,6.8,3.9944405810520647,10
41,7.1,3.842742076521226,10
42,7.3,3.831158803518562,10
43,7.4,4.005551702879947,10
44,7.6,4.115013163202924,10
45,7.7,4.164666186436128,10
46,8.0,4.216370213557839,10
47,7.7,4.001388647846033,10
48,7.6,4.1952353926806065,10
49,7.6,4.2998707990925595,10
50,7.8,4.491968140779471,10
51,7.8,4.661902329879224,10
52,7.9,4.886489310105751,10
53,7.9,4.629614814791111,10
54,7.9,4.43345864484553,10
55,8.2,4.756282395129858,10
56,8.2,4.732863826479693,10
57,8.4,4.9035134795822115,10
58,8.4,5.059644256269407,10
59,8.5,5.0387388192769915,10
60,8.7,4.922736366426028,10
61,8.9,4.954235000930462,10
62,9.0,4.9216076867444665,10
63,9.0,5.011098792790969,10
64,8.9,5.10881590977792,10
65,9.1,4.976611966656298,10
66,9.0,4.876246279442598,10
67,9.2,4.8488257455915145,10
68,9.4,4.926120853842978,10
69,9.4,4.427188724235731,10
70,9.5,4.600724580614087,10
71,9.8,4.917090377222874,10
72,9.8,4.779586221049312,10
73,10.1,5.10881590977792,10
74,10.4,5.18973345494095,10
75,11.0,5.395471352079548,10
76,10.9,5.685263601823773,10
77,10.8,5.513619500836089,10
78,10.8,5.731007280089989,10
79,11.0,5.92546294487706,10
80,10.9,5.915140648276159,10
81,11.2,5.977736472389306,10
82,11.4,6.1137368096588665,10
83,11.5,6.114645442614713,10
84,11.4,6.077280093375106,10
85,11.6,6.2574400161372346,10
86,11.4,6.603029607687671,10
87,11.5,6.485025486114573,10
88,11.9,6.573515886579351,10
89,12.0,6.5659052011974035,10
90,12.5,6.802777210652851,10
91,12.6,6.752777206453652,10
92,12.5,6.851601597031489,10
93,12.8,6.713171133426189,10
94,12.7,6.848357467305573,10
95,12.8,6.844300142778986,10
96,12.9,6.903300337922112,10
97,12.9,6.57351588657935,10
98,13.1,6.983313444681304,10
99,13.3,7.196449741983119,10
100,13.4,7.136759301905406,10
101,13.8,7.1616261343977525,10
102,13.8,7.29992389610254,10
103,13.9,7.415449338299663,10
104,13.9,7.593125545883959,10
105,14.1,7.475143997126596,10
106,14.1,7.852105167122734,10
107,14.3,7.732327520797919,10
108,14.3,7.5432088662584444,10
109,14.3,7.6019003472085105,10
110,14.7,7.732327520797918,10
111,15.1,7.264066813202275,10
112,15.6,7.604092465391398,10
113,15.7,7.616502551113018,10
114,15.8,7.685484153042453,10
115,15.8,7.284687135812126,10
116,16.2,7.495183638696105,10
117,16.5,7.663042621715099,10
118,16.5,7.863417408056966,10
119,16.7,8.111035007253323,10
120,16.6,8.140434058861151,10
121,16.8,8.189424074174365,10
122,17.0,8.192137151629671,10
123,17.1,8.372574275573792,10
124,17.3,8.794569031194449,10
125,17.4,8.783823515733655,10
126,17.6,9.057838839615355,10
127,17.7,9.333928552448974,10
128,17.6,9.39503414930817,10
129,17.9,9.23098646468031,10
130,18.3,9.522488003551267,10
131,18.8,9.50789145920377,10
132,18.9,9.409805760186787,10
133,18.8,9.589345939924973,10
134,19.0,9.775252199076787,10
135,19.2,9.78434123144391,10
136,19.4,9.709102258533827,10
137,19.3,9.452219022242577,10
138,19.4,9.299940262651631,10
139,19.5,9.312476696465996,10
140,19.6,9.323804659758448,10
141,19.6,9.406853293683753,10
142,19.8,9.211104409594133,10
143,19.8,9.566144004305555,10
144,20.0,9.368979548370131,10
145,19.8,9.271221901969318,10
146,20.1,9.194805296712076,10
147,20.4,8.896940797575061,10
148,20.4,8.971560003081342,10
149,20.4,9.155447680054877,10
150,20.6,9.155447680054875,10
151,20.7,9.03142661303665,10
152,21.0,8.931840671316175,10
153,20.9,8.862530363527362,10
154,21.1,8.530338015967871,10
155,21.1,8.372574275573792,10
156,21.2,8.337332373793858,10
157,21.4,8.834276679187973,10
158,21.4,8.846845012017939,10
159,21.6,8.796463936024395,10
160,21.6,8.83427667918797,10
161,21.6,8.821690440172011,10
162,21.6,9.276014469827246,10
163,21.7,9.333928552448974,10
164,21.6,9.430447143870397,10
165,21.4,9.131143289740765,10
166,21.6,8.909420731886994,10
167,21.8,9.174844836714012,10
168,22.0,9.297550453987569,10
169,21.9,9.397990328906612,10
170,22.1,9.338688939626971,10
171,22.5,9.431036233863406,10
172,22.7,9.250225222483325,10
173,22.9,9.527154174603595,10
174,23.0,9.752492558885196,10
175,22.9,9.689054534771584,10
176,22.9,9.386160024205852,10
177,22.9,9.182713227702486,10
178,23.5,9.131751687868483,10
179,23.6,8.946756084997759,10
180,23.6,9.09456492148531,10
181,23.6,9.070097390142328,10
182,24.0,9.213516640723501,10
183,24.1,8.774331250237188,10
184,24.1,8.786985325531797,10
185,24.2,8.841819822738856,10
186,24.0,8.906926143924924,10
187,24.1,8.685236515681845,10
188,24.1,8.67243397848096,10
189,24.1,8.305955025696255,10
190,24.5,8.07258735887489,10
191,24.4,8.0718991294215,10
192,24.5,8.003471469028646,10
193,24.7,8.028421735033328,10
194,24.8,8.024961059095553,10
195,25.0,8.406346808612328,10
196,25.2,8.36394378003317,10
197,25.4,7.947046970765655,10
198,25.6,7.904991390816875,10
199,25.7,7.972870666621068,10
200,25.8,7.757433710820723,10
201,25.7,7.601900347208511,10
202,25.6,7.290785661062569,10
203,25.9,6.935416353759881,10
204,25.9,7.156193898373012,10
205,26.0,6.944222218666553,10
206,26.2,6.876691711054733,10
207,26.0,7.0710678118654755,10
208,25.8,6.696599468718765,10
209,26.4,6.686636756330578,10
210,26.5,6.637435917246626,10
211,26.8,6.729701991090608,10
212,26.4,6.818276093624318,10
213,26.5,6.72061505121865,10
214,26.7,6.566751268490548,10
215,27.0,6.548960901462833,10
216,27.0,6.649979114420001,10
217,27.0,6.377042156569663,10
218,26.9,6.367451958550173,10
219,26.9,6.100091074001363,10
220,26.8,6.069962474714687,10
221,26.9,5.801340841181076,10
222,27.1,6.1544924874255695,10
223,27.1,6.1544924874255695,10
224,27.2,6.124631508189788,10
225,27.3,6.272515001532036,10
226,27.5,6.398784606817489,10
227,27.9,6.488451279003334,10
228,28.1,6.2441083341730135,10
229,28.3,6.395310782127793,10
230,28.6,6.51835016617617,10
231,28.9,6.707375708046246,10
232,28.6,6.65331997326648,10
233,28.9,6.2084172253839744,10
234,28.6,6.4670103001481465,10
235,28.9,6.314885412877875,10
236,28.7,6.2012543533994435,10
237,28.8,6.0147965699413115,10
238,28.9,5.971227307309239,10
239,28.9,5.971227307309239,10
240,29.2,5.827139568909908,10
241,29.2,5.788878225624643,10
242,29.2,5.788878225624643,10
243,29.3,5.888784066153027,10
244,29.6,5.641118880348316,10
245,29.7,5.755190893638735,10
246,29.7,5.638163609624049,10
247,29.8,5.940445175985458,10
248,29.8,5.996295152471696,10
249,29.8,5.88406511029766,10
250,29.7,6.290204024248074,10
251,29.6,6.310485101972924,10
252,29.6,6.801960501698512,10
253,29.8,6.679986693266852,10
254,30.0,6.749485577105529,10
255,30.2,6.828046735503663,10
256,30.2,7.0206045956804095,10
257,30.1,6.822348894951389,10
258,30.4,6.995236474439826,10
259,30.3,6.783149055645993,10
260,30.5,6.948221195225277,10
261,30.5,7.199537022151725,10
262,30.6,7.136759301905405,10
263,30.9,6.83861584435525,10
264,31.1,7.248754682319194,10
265,31.1,7.248754682319195,10
266,31.4,7.3363630105265525,10
267,31.8,7.254117604658903,10
268,31.8,7.0992957397195395,10
269,32.0,7.0710678118654755,10
270,32.0,7.118052168020874,10
271,32.0,7.272474743090476,10
272,32.2,7.714344503009385,10
273,32.2,7.997221739801615,10
274,32.0,8.192137151629671,10
275,31.7,8.287205667640798,10
276,31.9,8.238797107453113,10
277,31.9,8.075339690137568,10
278,32.2,7.997221739801614,10
279,32.2,8.175845182269809,10
280,32.5,8.263036837493694,10
281,32.5,8.436033823229176,10
282,32.6,8.48789988421426,10
283,32.9,8.438667614683677,10
284,33.0,8.666666666666666,10
285,32.9,8.86253036352736,10
286,32.9,8.987027688099479,10
287,33.1,9.024041962077378,10
288,33.3,9.310090105781887,10
289,33.6,9.240009620004612,10
290,33.9,9.011720763045819,10
291,34.0,8.919392106839767,10
292,34.5,9.00925450115972,10
293,34.8,8.916900308465443,10
294,34.7,9.117138927438928,10
295,34.9,9.060905032059436,10
296,34.9,8.812238963825001,10
297,35.0,8.73053390247253,10
298,35.2,8.879439421745298,10
299,35.6,8.859395514869448,10
300,35.8,9.089676684141313,10
301,35.8,9.437513796899408,10
302,36.0,9.104333522498441,10
303,36.4,8.656404180335697,10
304,36.6,8.617811013631401,10
305,37.1,8.438667614683679,10
306,37.1,8.438667614683679,10
307,37.0,8.640987597877148,10
308,37.0,8.768630958643937,10
309,37.1,8.710785141293394,10
310,37.2,8.323994767471257,10
311,37.1,8.438667614683679,10
312,37.1,8.786985325531797,10
313,37.3,8.756584823878415,10
314,37.5,8.74642784226795,10
315,37.6,8.796463936024395,10
316,37.8,8.978987817244336,10
317,37.9,9.1706052144883,10
318,38.0,9.498537899183338,10
319,38.3,9.603818684946802,10
320,38.5,9.571369343574153,10
321,38.5,9.5248213748197,10
322,38.7,9.416887903005842,10
323,38.6,9.191783770786218,10
324,39.0,9.345230512584124,10
325,39.0,9.345230512584124,10
326,39.2,9.461031186456957,10
327,39.3,9.67298643990917,10
328,39.2,9.829660330968828,10
329,39.3,9.88882646671934,10
330,39.2,9.840957496323437,10
331,39.3,9.911273043021936,10
332,39.4,9.979979959899719,10
333,39.5,10.036046144883064,10
334,39.6,10.469001862641921,10
335,39.5,10.222524150130436,10
336,39.8,10.019980039900279,10
337,40.0,10.011104945120804,10
338,40.1,9.870832453918633,10
339,40.2,9.986657765906136,10
340,40.1,10.12642308243362,10
341,40.1,10.12642308243362,10
342,40.0,10.263202878893768,10
343,40.2,10.315037566582102,10
344,40.2,10.538817137927134,10
345,40.0,10.466878978738388,10
346,40.1,10.27888882883532,10
347,40.3,10.165846961490441,10
348,40.4,10.52193476082755,10
349,40.4,10.44775361288519,10
350,40.7,10.52035064899349,10
351,40.7,10.698390325444082,10
352,40.7,10.853058964590991,10
353,40.8,10.932113753117973,10
354,41.0,10.913803695829934,10
355,41.0,11.16542281629615,10
356,41.0,11.16542281629615,10
357,41.1,11.29847580674294,10
358,41.3,11.499275339486978,10
359,41.5,11.900046685249228,10
360,41.6,11.964763079792077,10
361,41.7,12.092697520955914,10
362,41.8,12.24563414264674,10
363,41.7,11.916841490559111,10
364,42.2,11.773793875477105,10
365,42.3,11.547486498993814,10
366,42.6,11.393955512561133,10
367,42.5,11.247221879201993,10
368,42.7,11.470251377658062,10
369,42.8,11.525816432879903,10
370,42.9,11.386639344229515,10
371,43.0,11.671427600007732,10
372,43.0,11.841546445554409,10
373,43.1,11.911245853300898,10
374,43.1,11.704225257952315,10
375,43.1,11.685223337379757,10
376,43.1,11.911245853300898,10
377,43.4,11.899579824514813,10
378,43.1,11.704225257952315,10
379,43.2,11.970333699980502,10
380,43.3,12.055888372262098,10
381,43.6,12.149074038789953,10
382,43.6,12.149074038789953,10
383,43.6,12.130768959779736,10
384,43.9,12.296792716440786,10
385,44.0,12.463279397226612,10
386,44.0,12.631530214330944,10
387,44.3,12.901765598380539,10
388,44.2,13.045220495559967,10
389,44.4,12.971764207950539,10
390,44.7,12.987600924642619,10
391,44.6,13.251415018781957,10
392,44.9,13.127155907591797,10
393,44.8,13.079245645933357,10
394,44.6,12.851286144022923,10
395,44.8,12.761051854939092,10
396,44.8,12.308984974851139,10
397,45.0,12.364824660660938,10
398,45.0,12.156388352540313,10
399,45.0,12.274635093014645,10
400,44.8,12.263767773404712,10
401,45.1,12.556096350201985,10
402,45.1,12.476199563791674,10
403,45.1,12.077987323133677,10
404,45.2,12.145415230082136,10
405,45.6,11.843422928641308,10
406,45.7,11.557104597028905,10
407,45.3,11.372969904314546,10
408,45.5,11.4915427839588,10
409,45.6,11.393955512561131,10
410,45.8,11.350966674448676,10
411,46.0,11.254628677422755,10
412,46.3,11.284699572626842,10
413,46.5,11.207636285636285,10
414,46.9,11.149987543590452,10
415,47.0,11.00504934614612,10
416,47.1,11.090035567521364,10
417,47.4,11.157458890306918,10
418,47.7,11.005554153345583,10
419,47.8,11.053405709453434,10
420,47.8,10.881176406988356,10
421,48.1,10.867382389517726,10
422,48.5,10.731573354670166,10
423,48.8,10.881176406988354,10
424,48.8,10.87096029694607,10
425,48.9,11.189777080492314,10
426,48.9,11.259070417519675,10
427,49.3,11.25512229066294,10
428,49.5,11.404190263037334,10
429,49.7,11.25512229066294,10
430,49.9,11.415875885021796,10
431,50.0,11.15546702045434,10
432,49.9,11.039826890752309,10
433,50.3,11.13602761810113,10
434,50.3,11.245245909074445,10
435,50.5,11.167910378500636,10
436,50.4,11.087530533591929,10
437,50.4,11.345091939297411,10
438,50.4,11.087530533591929,10
439,50.5,11.207636285636285,10
440,50.5,11.721300648344828,10
441,50.7,11.70991982134046,10
442,50.9,11.85514421862697,10
443,50.9,11.836384583140243,10
444,51.1,11.75159563633807,10
445,50.9,11.939197814109809,10
446,51.3,11.785584414868868,10
447,51.4,11.815244390193543,10
448,51.2,12.145415230082136,10
449,51.3,12.25697080576328,10
450,51.5,12.231562087939182,10
451,51.5,12.231562087939182,10
452,51.7,12.202458768625279,10
453,51.6,12.348639151294725,10
454,51.7,12.365273955719703,10
455,51.7,12.365273955719703,10
456,52.0,12.400716825158849,10
457,52.0,12.400716825158849,10
458,52.0,12.823589374447563,10
459,52.2,12.813187650923474,10
460,52.3,12.901765598380539,10
461,52.6,12.86856635371633,10
462,52.9,13.186272323055434,10
463,53.0,13.274871834493252,10
464,53.3,13.292019326565013,10
465,53.4,13.30162897292408,10
466,53.2,13.09622507103139,10
467,53.3,12.96191001014554,10
468,53.3,13.047349667014116,10
469,53.4,12.903057346570575,10
470,53.4,12.946041866145807,10
471,53.6,12.833982667555349,10
472,53.9,12.931013537658643,10
473,54.0,12.823589374447563,10
474,54.1,13.02518927139086,10
475,54.5,13.006408676751114,10
476,54.4,13.133502536981096,10
477,54.3,13.0728726758888,10
478,54.3,12.953335048893349,10
479,54.2,12.89961239727768,10
480,54.3,13.157591809378424,10
481,54.5,13.167721476735787,10
482,54.4,13.268174118711453,10
483,54.6,13.492384683385085,10
484,54.8,13.620246367489507,10
485,54.6,13.639811012050147,10
486,54.8,13.579396157414363,10
487,54.9,13.486206945534308,10
488,55.4,13.558105406811906,10
489,55.4,13.451146171733223,10
490,55.6,13.517067400553683,10
491,55.8,13.774372338997278,10
492,55.9,13.868028779254182,10
493,56.0,13.77598554651455,10
494,56.4,13.890044396377332,10
495,56.2,13.878840809744242,10
496,56.2,13.798550648528272,10
497,56.0,13.968217893171309,10
498,56.2,14.405245958022066,10
499,56.1,14.263005760825216,10
500,56.3,14.18958929794814,10
501,56.5,13.938356351370048,10
502,57.0,13.808210118138652,10
503,57.3,13.41682194527121,10
504,57.3,13.57325802205695,10
505,57.1,13.502674632169073,10
506,57.1,13.502674632169073,10
507,57.2,13.079245645933357,10
508,57.2,13.028174597131146,10
509,57.3,13.013241119891862,10
510,57.4,12.816655830077778,10
511,57.3,12.67587384671281,10
512,57.4,12.53616989177937,10
513,57.6,12.491775071800022,10
514,57.4,12.58040804849615,10
515,57.4,12.518430856585466,10
516,57.9,12.862088995701022,10
517,57.9,12.76671018269346,10
518,57.9,12.476199563791674,10
519,57.8,12.407882799073965,10
520,57.7,12.702143301208833,10
521,57.7,12.702143301208833,10
522,57.4,12.518430856585466,10
523,57.6,12.677188612271692,10
524,57.5,12.721373091507589,10
525,57.5,12.518874638809281,10
526,57.7,12.614365708279678,10
527,57.7,12.3382872933537,10
528,57.6,12.167351578895238,10
529,57.7,12.175111224680181,10
530,57.9,12.096372275282462,10
531,57.8,11.735984548955972,10
532,57.6,11.90891356179153,10
533,57.5,11.872002545672085,10
534,57.6,11.983321743156194,10
535,57.3,11.907513967612589,10
536,57.2,11.612254063894936,10
537,57.1,11.580155439371271,10
538,57.3,11.585910984179593,10
539,57.4,11.635195648452921,10
540,57.5,11.937336386313323,10
541,57.6,12.249263016379574,10
542,57.5,11.993053545004013,10
543,57.6,11.899579824514815,10
544,57.6,11.90891356179153,10
545,57.6,11.90891356179153,10
546,57.9,11.976365614548234,10
547,57.8,12.007405122580723,10
548,57.7,11.944780357033686,10
549,57.8,11.858424103658217,10
550,57.6,11.720826667849746,10
551,57.9,11.62803126548562,10
552,57.8,11.458136361943373,10
553,57.7,11.363195951061577,10
554,57.8,11.242775458044157,10
555,57.5,11.207636285636285,10
556,57.5,11.207636285636285,10
557,57.4,10.854594521317793,10
558,57.6,10.57460269807912,10
559,57.8,10.80946087667856,10
560,57.8,10.80946087667856,10
561,58.0,10.83205120618128,10
562,58.0,10.862780491200215,10
563,58.2,11.14350832448102,10
564,58.4,11.276327219248097,10
565,58.5,11.027742793115513,10
566,58.5,11.217545780309226,10
567,58.6,11.127543404643374,10
568,58.5,11.197718021493884,10
569,58.4,11.236844159579087,10
570,58.7,11.255122290662941,10
571,58.9,11.149987543590452,10
572,59.2,11.390054140930733,10
573,59.4,11.413442367080435,10
574,59.4,11.635195648452921,10
575,59.5,11.683321445547923,10
576,59.6,11.616080807799735,10
577,59.7,11.776152927750971,10
578,59.9,11.73267043581961,10
579,59.9,11.589746426139882,10
580,60.1,11.73267043581961,10
581,60.2,11.877148928369413,10
582,60.1,11.73267043581961,10
583,60.2,11.242775458044157,10
584,60.4,11.442610424782158,10
585,60.2,11.419281938896159,10
586,60.3,11.605075517969619,10
587,60.4,11.86217143322044,10
588,60.5,11.740244176904216,10
589,60.7,11.643309953216338,10
590,60.9,11.901913945057556,10
591,61.0,11.962905629950907,10
592,61.1,11.976365614548234,10
593,61.0,11.990737165736633,10
594,60.9,11.464437767868658,10
595,60.6,11.432896007185192,10
596,60.4,11.187294380481617,10
597,60.5,10.895972752454103,10
598,60.9,11.445037740824139,10
599,60.9,11.637582795981874,10
600,60.9,11.666190466471907,10
601,60.7,11.225467077636953,10
602,60.9,11.169900029394473,10
603,60.8,11.242775458044157,10
604,61.0,11.372481406154654,10
605,61.1,10.877601859887234,10
606,61.0,10.944303439588001,10
607,61.1,11.425604773684606,10
608,61.3,11.372969904314548,10
609,61.4,11.587349423689037,10
610,61.4,11.345091939297411,10
611,61.4,11.157458890306918,10
612,61.4,11.177358065899712,10
613,61.4,11.51038178727747,10
614,61.4,11.51038178727747,10
615,61.1,11.100050049937211,10
616,61.3,11.025727489225673,10
617,61.5,10.803805913761234,10
618,61.6,10.926013810067136,10
619,61.8,11.033282980751167,10
620,61.8,11.033282980751167,10
621,61.9,10.979273402390726,10
622,61.8,11.113555286725806,10
623,62.0,11.30388330520878,10
624,62.1,11.37687713449228,10
625,62.0,11.055415967851333,10
626,62.0,11.055415967851333,10
627,62.1,11.069979423849189,10
628,62.1,11.209618885383907,10
629,62.1,11.209618885383907,10
630,62.1,11.029757728778796,10
631,62.5,10.762589527308627,10
632,62.6,10.895462868144296,10
633,62.7,10.853058964590991,10
634,62.9,10.877601859887235,10
635,63.0,10.842303978193728,10
636,63.2,10.982814858779246,10
637,63.3,10.770845422301404,10
638,63.2,10.347302385968367,10
639,63.2,10.347302385968367,10
640,63.4,10.490207073477839,10
641,63.7,10.306955580254208,10
642,64.0,10.1762250149825,10
643,64.1,10.492854711659739,10
644,64.1,10.429125882194857,10
645,64.2,10.282671507606052,10
646,64.5,10.40566085252531,10
647,64.5,10.178954323068314,10
648,64.6,10.156552345927015,10
649,64.7,10.17677093515751,10
650,64.8,10.019980039900279,10
651,65.0,9.763879010584539,10
652,65.3,9.832485839185216,10
653,65.4,9.822875795249011,10
654,65.5,9.98053661438658,10
655,65.6,9.92415683516181,10
656,65.9,9.689054534771584,10
657,66.0,9.752492558885196,10
658,66.0,10.0,10
659,66.5,9.74394398816231,10
660,66.3,9.638464608017191,10
661,66.3,9.638464608017191,10
662,66.4,9.512564790259717,10
663,66.6,9.743373816770726,10
664,66.9,9.982762921934768,10
665,67.1,10.407796223131111,10
666,67.1,10.429125882194857,10
667,67.4,10.330107023216707,10
668,67.8,10.422198531126828,10
669,68.1,10.577229210798912,10
670,68.3,10.625441167311594,10
671,68.4,10.585104838613761,10
672,68.5,10.69007847388305,10
673,68.6,10.71032731111011,10
674,68.6,10.71032731111011,10
675,68.5,10.91634859587521,10
676,68.9,10.969148655306949,10
677,69.1,10.908202825804482,10
678,69.0,10.708252269472673,10
679,69.3,10.583530181896355,10
680,69.5,10.65885130354632,10
681,69.4,10.543033508225019,10
682,69.5,10.51189802081432,10
683,69.7,10.656766238717385,10
684,69.8,10.622826575090288,10
685,69.9,10.74399056837511,10
686,69.9,10.74399056837511,10
687,69.8,10.643725329455327,10
688,70.0,10.624918300339484,10
689,69.8,10.485969461883606,10
690,70.1,10.629623177182195,10
691,70.2,10.443498775155128,10
692,70.4,10.490207073477837,10
693,70.4,10.490207073477837,10
694,70.5,10.309111396128076,10
695,70.4,10.265367883216744,10
696,70.4,10.21110506589109,10
697,70.4,10.340857475728662,10
698,70.7,10.285372569279582,10
699,71.0,10.327955589886445,10
700,71.5,10.8755587340503,10
701,71.9,10.72328722402272,10
702,72.1,10.979273402390726,10
703,72.2,11.163432367431723,10
704,72.3,11.175866856758807,10
705,72.3,10.975224624378107,10
706,72.4,11.403703102257813,10
707,72.5,11.433381924094997,10
708,72.9,11.347540115226147,10
709,72.7,11.23536084571089,10
710,72.9,11.219526628952657,10
711,73.1,11.110055505411903,10
712,73.3,11.175866856758807,10
713,73.4,11.027239001672179,10
714,73.5,11.088031585653264,10
715,73.6,10.946333734279355,10
716,73.6,10.915839663331244,10
717,73.7,10.781156400559883,10
718,73.7,10.781156400559883,10
719,73.7,10.729502421930956,10
720,73.8,10.485969461883606,10
721,74.0,10.519822558706334,10
722,73.6,10.319345371140985,10
723,73.5,10.319883720275147,10
724,73.9,9.960477453973335,10
725,74.0,10.0,10
726,74.2,9.908470001860922,10
727,74.8,9.886017061149213,10
728,74.7,9.672986439909169,10
729,74.8,9.772978620211502,10
730,75.1,9.848293704438799,10
731,75.0,9.797958971132712,10
732,75.3,9.809858986414298,10
733,75.5,9.87983355685262,10
734,75.9,9.791719858011552,10
735,75.9,9.643074659510258,10
736,75.5,9.82344135219425,10
737,75.5,9.69822435065077,10
738,75.4,9.766154707855994,10
739,75.6,9.617114374327098,10
740,75.7,9.345824973989426,10
741,75.6,9.311880106139206,10
742,75.6,9.179687721631202,10
743,75.4,9.070097390142328,10
744,75.5,9.058452161134127,10
745,75.7,8.994442728707543,10
746,75.8,9.101892355133874,10
747,75.8,9.016035098028896,10
748,75.7,9.117138927438928,10
749,75.8,9.089676684141313,10
750,75.9,9.32678341599551,10
751,75.9,9.32678341599551,10
752,76.0,9.47511360236793,10
753,76.2,9.738811243906746,10
754,76.4,9.968840342676664,10
755,76.7,9.82117892900621,10
756,76.7,9.82117892900621,10
757,76.5,10.047111248734357,10
758,76.7,9.922477289243627,10
759,76.8,9.840957496323437,10
760,76.9,10.159286939107051,10
761,76.9,10.159286939107051,10
762,77.0,9.921917377424812,10
763,77.1,10.00499875062461,10
764,77.2,9.908470001860922,10
765,77.2,9.727395449051212,10
766,77.5,9.732534213770956,10
767,77.4,9.628660919936433,10
768,77.3,10.03383165982855,10
769,77.3,10.306955580254208,10
770,77.4,10.373041983911952,10
771,77.7,10.56251232740898,10
772,77.7,10.56251232740898,10
773,77.7,10.59402347237976,10
774,77.7,10.708771067577164,10
775,77.8,10.674996747332319,10
776,78.0,10.540925533894598,10
777,78.0,10.349449797506683,10
778,78.4,10.265367883216742,10
779,78.6,10.511369505867867,10
780,78.6,10.511369505867867,10
781,78.5,10.617072205755324,10
782,79.0,10.509255180289632,10
783,79.0,10.656244908763854,10
784,79.0,10.873004286866728,10
785,79.4,10.823841996054615,10
786,79.5,10.92652226872251,10
787,79.8,10.654159333852254,10
788,80.3,10.853058964590991,10
789,80.4,10.895462868144296,10
790,80.4,11.027239001672179,10
791,80.6,11.197221877670273,10
792,80.5,11.306340404097753,10
793,80.5,11.501207666057411,10
794,80.8,11.458136361943373,10
795,80.8,11.735984548955974,10
796,80.7,11.518584017915474,10
797,80.7,11.479934184867476,10
798,80.8,11.802071381282563,10
799,80.9,12.041133206176605,10
800,80.6,12.139924949429371,10
801,80.7,12.25697080576328,10
802,80.8,12.38996009320091,10
803,80.8,12.505998560690786,10
804,80.9,12.178761111961357,10
805,81.1,12.14221286806212,10
806,81.4,12.48287716122458,10
807,81.5,12.545472844372542,10
808,81.7,12.649549838279269,10
809,81.7,12.52597301609739,10
810,81.9,12.582615873586153,10
811,81.9,12.688139693780522,10
812,82.1,13.050755618822317,10
813,82.1,13.353734392379618,10
814,82.5,13.753787357185171,10
815,82.7,13.711714375347492,10
816,82.8,13.774372338997278,10
817,83.3,13.93676193860444,10
818,83.4,13.82590161817867,10
819,83.4,13.841965178398622,10
820,83.6,14.00952057233461,10
821,83.8,14.022204613477234,10
822,84.1,14.137813755237326,10
823,84.2,14.109098719148104,10
824,84.2,14.482172949296434,10
825,84.4,14.253264733230614,10
826,84.3,14.213061285701652,10
827,84.2,14.312387796746021,10
828,84.4,14.222048610051461,10
829,84.6,14.135848832745143,10
830,84.6,14.48524153137331,10
831,84.7,14.14252845537569,10
832,84.5,14.19898274916591,10
833,84.4,14.400617270720648,10
834,84.6,14.439144326755962,10
835,84.9,14.417967186041789,10
836,84.8,14.535779610632824,10
837,84.8,14.505171491574995,10
838,84.9,14.578904089280664,10
839,85.3,14.825278712013777,10
840,85.4,14.96811425813033,10
841,85.3,14.892578315687613,10
842,85.4,14.773850773128403,10
843,85.5,14.90898312353253,10
844,85.6,14.803903389159075,10
845,85.4,15.137884778117304,10
846,85.5,15.174906186786716,10
847,85.7,14.847745807211124,10
848,85.9,14.760683513231282,10
849,86.0,14.749764593225057,10
850,86.1,15.021835958216146,10
851,86.2,14.972567507871782,10
852,86.2,14.733182502998687,10
853,86.2,14.97256750787178,10
854,86.5,14.811782096995922,10
855,86.8,14.612019405650647,10
856,86.8,14.612019405650647,10
857,86.9,14.402546071210233,10
858,87.0,14.414498873626435,10
859,87.0,14.666666666666666,10
860,87.3,14.765199325139877,10
861,87.4,15.064306599818437,10
862,87.7,15.166117206164243,10
863,87.7,15.355418877024778,10
864,87.9,15.516657715715283,10
865,87.8,15.569200364822851,10
866,87.8,15.569200364822851,10
867,87.9,15.898637258163562,10
868,88.1,15.81455026233753,10
869,88.0,15.923427883328248,10
870,88.1,15.884653670200752,10
871,88.0,15.874507866387544,10
872,88.1,15.996180099566827,10
873,88.2,15.873107936240954,10
874,88.0,15.874507866387544,10
875,87.9,15.975328200419266,10
876,88.0,15.91644851508443,10
877,88.0,16.186414056238647,10
878,88.2,16.321764610482532,10
879,88.3,16.255255560382107,10
880,88.6,16.351690364539618,10
881,88.8,16.410024036816306,10
882,89.0,16.34353422950835,10
883,89.2,16.19190469888511,10
884,89.4,16.487031940959607,10
885,89.3,16.646988382954504,10
886,89.4,16.453300918390543,10
887,89.7,16.539850865913714,10
888,89.7,16.553280977229594,10
889,89.7,16.55999194846825,10
890,89.7,16.54656728414957,10
891,89.6,16.847024135503048,10
892,89.7,16.983979379272558,10
893,89.8,16.738511814906897,10
894,90.0,16.73320053068151,10
895,90.5,16.75476714914959,10
896,90.6,16.567706204809674,10
897,91.2,16.70528858375894,10
898,91.3,16.779948351132273,10
899,91.1,16.855266239368632,10
900,91.0,16.990193249832878,10
901,91.1,16.80905840445694,10
902,91.3,16.693644832024482,10
903,91.6,16.601204775557708,10
904,92.0,16.619934483090546,10
905,92.2,16.53145150580822,10
906,92.1,16.53581970551606,10
907,92.4,16.439789130845526,10
908,92.6,16.560998359599783,10
909,92.7,16.432014822020797,10
910,92.9,16.649657987811974,10
911,92.8,16.538171335160097,10
912,92.7,16.746807324250064,10
913,92.9,16.716259549711868,10
914,93.1,16.91449082887215,10
915,93.2,16.758414138707888,10
916,93.2,16.90364852134986,10
917,93.0,16.865480854231357,10
918,93.0,16.666666666666668,10
919,93.0,16.792855623746664,10
920,93.1,16.642983172763497,10
921,93.4,16.807405775100715,10
922,93.4,16.853618141053406,10
923,93.9,16.68965081852956,10
924,93.9,16.70961133931939,10
925,94.1,16.622942646301293,10
926,94.1,16.5626755755893,10
927,94.2,16.416793569729478,10
928,94.4,16.534139765278923,10
929,94.6,16.412732185037868,10
930,94.7,16.268920608871927,10
931,94.8,16.389698661727195,10
932,95.2,16.019432643580803,10
933,95.5,15.785013990068766,10
934,95.6,15.868907404803338,10
935,96.0,15.888500383750648,10
936,96.3,15.979500757046337,10
937,96.2,15.859101838096354,10
938,96.3,15.881855475143114,10
939,96.6,15.721181748060658,10
940,96.5,15.960019493165484,10
941,96.5,15.820169966779048,10
942,96.5,16.12623810922918,10
943,96.4,16.056843470066656,10
944,96.5,16.27028648248771,10
945,96.5,16.494106691650675,10
946,97.0,16.3707055437449,10
947,97.2,16.565023392678928,10
948,97.6,16.667999946670932,10
949,97.7,16.983979379272558,10
950,97.8,16.988885255431633,10
951,98.1,16.953858951086428,10
952,98.2,16.910220446687134,10
953,98.2,17.01502603909589,10
954,98.1,17.064908763632786,10
955,98.1,16.96696135958875,10
956,98.3,16.970890109570302,10
957,98.3,17.062304129929878,10
958,98.5,16.95254815326855,10
959,98.4,17.04373459335978,10
960,98.5,16.95254815326855,10
961,98.4,16.87996840439381,10
962,98.4,17.289688641885178,10
963,98.6,17.443241289011247,10
964,98.7,17.467748058127647,10
965,99.1,17.432090459201323,10
966,99.2,17.561321134812154,10
967,99.5,17.4052993207369,10
968,99.5,17.4052993207369,10
969,99.7,17.499523803044852,10
970,99.8,17.95550054997075,10
971,99.6,17.858704693603435,10
972,99.7,17.720358662033654,10
973,99.8,17.64338088034402,10
974,100.0,17.575235101952092,10
975,100.1,17.502063370420707,10
976,100.3,17.14675220300075,10
977,100.2,17.080202965226537,10
978,100.3,17.09483352751156,10
979,100.4,17.25752653836065,10
980,100.7,17.21143031050393,10
981,100.7,17.26299832332469,10
982,100.6,17.218852716975334,10
983,100.8,17.26782492897637,10
984,101.1,16.993135869128647,10
985,101.1,16.868445229019905,10
986,101.1,16.868445229019905,10
987,101.0,16.666666666666668,10
988,101.0,16.666666666666668,10
989,100.9,16.75609341901228,10
990,101.2,16.328570734213763,10
991,101.3,16.2073371587617,10
992,101.2,16.328570734213766,10
993,101.2,16.328570734213766,10
994,101.2,16.348972104963938,10
995,101.4,16.056843470066656,10
996,101.6,15.98054372597434,10
997,101.9,16.05165273595076,10
998,101.9,16.07240561403993,10
999,101.8,16.05407528739458,10
1000,101.6,16.070677231114647,10
1001,101.7,16.11107279688931,10
1002,101.6,16.194649322126942,10
1003,101.6,16.174053295324583,10
1004,101.7,16.1936201429246,10
1005,101.7,16.1936201429246,10
1006,101.8,16.074825037928097,10
1007,102.0,16.24807680927192,10
1008,102.2,16.150679380275136,10
1009,102.2,16.067911431725584,10
1010,102.3,15.860853276752378,10
1011,102.2,16.05407528739458,10
1012,102.2,16.074825037928097,10
1013,102.3,16.131749233524967,10
1014,102.4,16.125893601423908,10
1015,102.4,15.952707885775661,10
1016,102.2,15.739546795677864,10
1017,102.3,15.825787675675281,10
1018,102.3,15.563846996592243,10
1019,102.5,15.378556499229699,10
1020,102.6,15.093780912091649,10
1021,102.5,15.145589750448442,10
1022,102.5,14.759177935553637,10
1023,102.9,14.917923596950228,10
1024,102.8,14.75578982411085,10
1025,103.0,14.60593486680443,10
1026,102.9,14.707896594082452,10
1027,103.1,14.670075361466658,10
1028,103.2,14.868310820892422,10
1029,103.2,15.149624124416787,10
1030,103.2,15.382529773162222,10
1031,103.2,15.396969398770224,10
1032,103.2,15.33912933933634,10
1033,103.2,15.604842553230426,10
1034,103.6,15.370968306084906,10
1035,103.9,15.573838462127583,10
1036,104.2,15.732485852881327,10
1037,104.3,15.635074529900892,10
1038,104.4,15.728247765653295,10
1039,104.5,15.770929656244816,10
1040,104.5,15.820169966779048,10
1041,104.5,15.650701084757975,10
1042,104.5,15.636495771111889,10
1043,104.6,15.728247765653293,10
1044,104.6,15.728247765653293,10
1045,104.7,15.762473015220534,10
1046,104.8,15.760710643876436,10
1047,104.8,15.611961226358888,10
1048,104.9,15.744134710354132,10
1049,105.1,15.989232488007532,10
1050,105.2,15.668794181784094,10
1051,105.4,15.882904856060389,10
1052,105.6,15.854897595941067,10
1053,105.8,15.753659186924725,10
1054,106.0,15.979153085609179,10
1055,106.0,16.165807537309522,10
1056,106.2,16.191904698885114,10
1057,106.2,16.253546621515497,10
1058,106.1,16.230629480501772,10
1059,106.2,16.778292854492413,10
1060,106.3,16.983979379272558,10
1061,106.5,16.69497595752154,10
1062,106.7,16.75344077429403,10
1063,106.8,16.784913861361737,10
1064,107.3,17.010127702179204,10
1065,107.4,17.017637908946117,10
1066,107.8,17.20981632028006,10
1067,107.9,17.11691820652564,10
1068,108.3,17.26299832332469,10
1069,108.6,16.92598265652216,10
1070,108.7,17.010127702179204,10
1071,109.0,16.885233522551918,10
1072,109.2,17.093208527885505,10
1073,109.4,16.866798418457748,10
1074,109.6,16.774318995946686,10
1075,109.6,16.774318995946686,10
1076,109.9,16.629625505237467,10
1077,110.0,16.786237749352228,10
1078,110.3,16.76007159889241,10
1079,110.2,16.731872446189506,10
1080,110.1,16.96696135958875,10
1081,110.1,16.96696135958875,10
1082,110.5,16.734860488081626,10
1083,110.7,16.59350609257864,10
1084,111.0,16.79947089113887,10
1085,111.0,16.79947089113887,10
1086,111.1,16.802446911751343,10
1087,111.1,16.576087194107863,10
1088,111.2,16.565023392678928,10
1089,111.1,16.441478711546058,10
1090,111.0,16.24807680927192,10
1091,111.0,16.254913786982144,10
1092,111.0,16.36391694484477,10
1093,111.2,16.591831993149185,10
1094,111.2,16.591831993149185,10
1095,111.4,16.249444434947446,10
1096,111.2,16.538171335160097,10
1097,111.2,16.396476586280492,10
1098,111.5,16.52103036872835,10
1099,111.8,16.61859734688153,10
1100,112.0,16.832508230603462,10
1101,112.2,16.725230441860383,10
1102,112.4,16.860209567697154,10
1103,112.5,16.761397449032835,10
1104,112.5,16.63496985937222,10
1105,112.6,16.833828375559072,10
1106,112.5,17.057093669334307,10
1107,112.5,16.98528775146303,10
1108,113.0,17.21110752456745,10
1109,113.1,17.444833682847833,10
1110,113.1,17.265572680916208,10
1111,113.1,17.18817422919995,10
1112,113.2,17.190436617814893,10
1113,113.4,17.296113885944308,10
1114,113.4,17.404980130219435,10
1115,113.7,17.58819048237892,10
1116,113.9,17.58439965171149,10
1117,114.1,17.816658871217502,10
1118,114.1,18.033610595527207,10
1119,114.4,17.864925288272424,10
1120,114.8,17.693690024035874,10
1121,115.0,17.4928556845359,10
1122,115.1,17.73540088197739,10
1123,115.2,17.787636155487327,10
1124,115.5,17.908719167551382,10
1125,115.7,18.282049483942803,10
1126,115.8,18.575970140659322,10
1127,116.2,18.528056802829834,10
1128,116.1,18.76432785899884,10
1129,116.1,18.56789343643125,10
1130,116.1,18.56789343643125,10
1131,116.1,18.45986637727009,10
1132,116.1,18.567893436431252,10
1133,116.4,18.644033898274266,10
1134,116.8,18.819611520373577,10
1135,117.0,18.844392033470093,10
1136,117.1,18.976301009416986,10
1137,117.1,19.1569540608336,10
1138,117.2,19.164782516086344,10
1139,117.4,19.328735085359313,10
1140,117.6,19.386134793254232,10
1141,117.7,19.505269943160375,10
1142,118.1,19.558743427031413,10
1143,118.3,19.567830743339947,10
1144,118.3,19.79927046916404,10
1145,118.5,19.794780456810663,10
1146,118.6,19.88969582472291,10
1147,118.8,20.043286490327212,10
1148,119.2,20.35135813103828,10
1149,119.4,20.222100121731504,10
1150,119.6,19.8952814059571,10
1151,119.4,19.923185822888197,10
1152,119.5,20.067940158925683,10
1153,119.4,20.271490653953727,10
1154,119.4,20.271490653953727,10
1155,119.5,20.271764709675487,10
1156,119.8,20.530735766433487,10
1157,119.9,20.173965621287472,10
1158,120.2,20.07098513886263,10
1159,120.4,19.91202874869582,10
1160,120.5,19.90672694788819,10
1161,121.0,20.314198646923455,10
1162,121.0,20.221001184137467,10
1163,121.0,20.221001184137467,10
1164,121.0,20.11080417199781,10
1165,121.0,20.35790864613663,10
1166,120.9,20.26737937343323,10
1167,121.1,20.26737937343323,10
1168,121.4,20.315292543084656,10
1169,121.4,20.145029715099014,10
1170,121.7,19.99472152566494,10
1171,122.0,20.077627128500794,10
1172,122.0,20.02220989024161,10
1173,121.9,20.16294731542104,10
1174,122.1,20.300246303924492,10
1175,122.1,19.99138703430944,10
1176,122.2,20.378638052845655,10
1177,122.3,20.23226246479727,10
1178,122.6,20.122955382680082,10
1179,122.7,20.210283411064662,10
1180,122.9,20.403975647461998,10
1181,123.0,20.575065816014618,10
1182,123.1,20.59368835347374,10
1183,123.1,20.738852427268004,10
1184,123.0,20.82733246908441,10
1185,123.0,20.779263167344933,10
1186,123.2,21.3843140850692,10
1187,123.2,21.233097853220674,10
1188,123.4,21.297887219158618,10
1189,123.7,21.00819945746052,10
1190,123.7,20.795565766661785,10
1191,123.9,20.797702864606094,10
1192,123.9,20.82439808387161,10
1193,124.2,21.117659803007424,10
1194,124.2,21.117659803007424,10
1195,124.4,21.109239683134017,10
1196,124.3,21.01348773208928,10
1197,124.7,20.89151874698332,10
1198,124.9,20.97326340314682,10
1199,124.7,21.092652749239484,10
1200,124.9,21.403270778084366,10
1201,124.8,21.321871921156973,10
1202,124.9,21.573903989156282,10
1203,124.9,21.743198170155804,10
1204,125.1,22.012370259570968,10
1205,125.4,22.041375234368257,10
1206,125.6,22.162029590169663,10
1207,125.8,22.46874372198954,10
1208,125.8,22.71465508334995,10
1209,126.0,22.661764175711376,10
1210,126.2,22.70486976644242,10
1211,126.6,22.594001170418863,10
1212,126.8,22.875508494651847,10
1213,126.7,22.78912996242824,10
1214,126.7,22.87672276451425,10
1215,126.9,23.043196151768726,10
1216,127.1,23.187400793438567,10
1217,127.0,23.127665011602208,10
1218,127.1,23.254390266499495,10
1219,127.2,23.174698847378078,10
1220,127.4,23.12862584187252,10
1221,127.4,23.28661990643268,10
1222,127.4,23.585306160121533,10
1223,127.6,23.49089658191492,10
1224,127.9,23.722703612081546,10
1225,127.8,23.98518060988678,10
1226,127.9,24.066805170423248,10
1227,128.0,23.883978823563808,10
1228,128.1,23.98355918355554,10
1229,128.4,23.627667397918625,10
1230,128.2,23.808495215877134,10
1231,128.1,23.713334270452613,10
1232,128.6,23.82435728409058,10
1233,128.7,23.87490546810837,10
1234,128.9,24.052950846921977,10
1235,129.0,23.893281249943232,10
1236,129.3,23.716145461595474,10
1237,129.6,23.880256838373136,10
1238,129.8,24.00370341796819,10
1239,129.8,24.293574824998025,10
1240,129.9,24.44244941353737,10
1241,130.1,24.351363183380286,10
1242,130.0,23.935097428021656,10
1243,130.3,24.0741908829075,10
1244,130.3,24.0741908829075,10
1245,130.5,24.436993814024397,10
1246,130.8,24.60261955339083,10
1247,130.9,24.524137769416754,10
1248,131.0,24.38123139721299,10
1249,131.1,24.22326705187941,10
1250,131.2,24.16517236759456,10
1251,131.0,24.23496097239138,10
1252,131.2,24.06842098869157,10
1253,131.1,23.909319428949782,10
1254,131.2,24.05456759582725,10
1255,131.6,24.042554865164487,10
1256,131.7,24.12951166794167,10
1257,132.0,24.326483054025253,10
1258,131.8,24.457673188138273,10
1259,131.8,24.457673188138273,10
1260,132.0,24.873010808236838,10
1261,132.0,24.873010808236838,10
1262,132.1,24.919648650992027,10
1263,132.0,24.662161750791885,10
1264,132.1,24.51507472737721,10
1265,132.1,24.227853575768712,10
1266,132.3,24.340409929899614,10
1267,132.3,24.253522080995438,10
1268,132.4,24.249627717646398,10
1269,132.5,24.12122163849363,10
1270,132.3,24.0741908829075,10
1271,132.6,23.801027055337105,10
1272,132.5,23.77790758012338,10
1273,132.4,23.77767393539111,10
1274,132.4,23.580594658414455,10
1275,132.7,23.6363655788655,10
1276,132.8,23.69153622897614,10
1277,132.7,23.814328086725904,10
1278,132.8,23.78982041873279,10
1279,132.9,23.6053195511332,10
1280,132.9,23.6053195511332,10
1281,133.2,23.35142156034379,10
1282,133.3,23.04608908735324,10
1283,133.2,23.001449229704345,10
1284,133.3,22.896142324272297,10
1285,133.2,23.044883741660893,10
1286,133.3,23.123100522589475,10
1287,133.4,23.210151035939234,10
1288,133.8,23.23216161559947,10
1289,134.2,23.3037908218098,10
1290,134.3,23.347852625503318,10
1291,134.3,23.65046393719253,10
1292,134.5,23.838577511625516,10
1293,134.7,23.776972987418826,10
1294,134.6,23.471969097911945,10
1295,134.9,23.182608423845092,10
1296,135.0,23.22833518691246,10
1297,135.2,23.160310878742543,10
1298,135.7,23.065366051964386,10
1299,135.6,23.171821968359183,10
1300,135.7,22.978492359402328,10
1301,136.0,23.08438625757438,10
1302,136.3,23.05090983984026,10
1303,136.4,23.08534888914034,10
1304,136.5,23.176856272296003,10
1305,136.6,23.210151035939234,10
1306,136.8,23.14591396625619,10
1307,136.7,23.395393658676582,10
1308,136.7,23.395393658676582,10
1309,136.7,23.395393658676582,10
1310,136.9,23.43999431171717,10
1311,137.3,23.494916707898987,10
1312,137.8,23.677462326487237,10
1313,138.0,23.753362335093154,10
1314,138.3,23.62696199965906,10
1315,138.1,23.43525359604865,10
1316,138.2,23.77113095051783,10
1317,138.3,23.80966190436143,10
1318,138.6,23.660562593104633,10
1319,138.9,23.406789138576393,10
1320,139.0,23.213980461973534,10
1321,139.3,23.48545649261829,10
1322,139.3,23.48545649261829,10
1323,139.5,23.305936296717768,10
1324,139.6,23.400854685246006,10
1325,139.6,23.37710180687266,10
1326,139.7,23.414383044046524,10
1327,139.8,23.455868727842457,10
1328,139.8,23.40845051590463,10
1329,140.2,23.136311047547938,10
1330,140.5,22.91166612109308,10
1331,140.5,22.935901019047748,10
1332,140.7,22.598180851072456,10
1333,140.8,22.60186816270824,10
1334,141.0,22.489503724577332,10
1335,140.9,22.38774466334452,10
1336,140.9,22.33805920148142,10
1337,141.0,22.435091560618453,10
1338,141.3,22.67671345969987,10
1339,141.6,22.687245560250613,10
1340,141.7,22.74520706532355,10
1341,141.7,22.74520706532355,10
1342,141.7,22.652201266592662,10
1343,141.9,22.60506334627021,10
1344,142.0,22.55363976538303,10
1345,142.3,22.33606948413261,10
1346,142.7,22.331094415137333,10
1347,142.6,22.618576436195095,10
1348,142.6,22.589082908933392,10
1349,142.6,22.525047786359472,10
1350,142.7,22.450191783392658,10
1351,143.0,22.67156809750927,10
1352,143.3,22.88643460412497,10
1353,143.2,22.841482730622662,10
1354,143.4,22.838563877792314,10
1355,143.5,22.88740556142905,10
1356,143.6,23.03716803583095,10
1357,143.5,23.03740919075368,10
1358,143.7,23.166306951643755,10
1359,143.7,23.166306951643755,10
1360,143.8,23.213023164690213,10
1361,143.8,23.150713931875963,10
1362,143.8,23.160310878742543,10
1363,143.7,23.195066525257285,10
1364,144.1,23.387793587444047,10
1365,144.1,23.316422443324267,10
1366,144.3,22.992994102068955,10
1367,144.5,22.926210134060778,10
1368,144.8,22.665686253306635,10
1369,144.4,22.61366351960199,10
1370,144.4,22.7508241608958,10
1371,144.5,22.906816064704895,10
1372,144.6,22.93565879682649,10
1373,144.6,22.925967809451357,10
1374,144.7,22.959142453981645,10
1375,144.8,22.962771803266453,10
1376,145.0,22.818121453499774,10
1377,145.1,22.649258020714253,10
1378,145.2,22.885220849564316,10
1379,145.1,22.93202515648755,10
1380,145.1,23.134630126957102,10
1381,145.0,23.22355126446714,10
1382,145.3,23.123100522589475,10
1383,145.2,23.16990385056538,10
1384,145.4,22.959868369734952,10
1385,145.7,23.094251328944274,10
1386,145.7,23.021970183090566,10
1387,145.7,23.021970183090566,10
1388,145.7,23.247700005711437,10
1389,145.9,23.482617684860717,10
1390,145.9,23.694584472687705,10
1391,146.3,23.692708676815414,10
1392,146.6,23.684031188404845,10
1393,146.6,23.81036189001195,10
1394,146.6,23.92674003889558,10
1395,146.8,24.03146086094458,10
1396,146.9,24.232439231557173,10
1397,146.8,24.201928297830598,10
1398,146.7,24.101867147588376,10
1399,146.7,24.101867147588376,10
1400,146.6,24.111776744524196,10
1401,146.5,24.427898440558128,10
1402,146.5,24.46880099682496,10
1403,146.3,24.35866261608885,10
1404,146.5,24.377813227969767,10
1405,146.7,24.285569560726568,10
1406,146.9,24.351363183380286,10
1407,147.0,24.454038521274967,10
1408,147.3,24.331278452048327,10
1409,147.4,24.441312930728127,10
1410,147.6,24.626995125042942,10
1411,147.4,24.721560540458515,10
1412,147.6,24.51847376072898,10
1413,147.8,24.8452991305979,10
1414,147.9,24.955293359659525,10
1415,148.1,24.906268733437816,10
1416,148.3,25.064583246751447,10
1417,148.6,24.900691645905027,10
1418,148.8,24.925667270684826,10
1419,148.8,24.925667270684826,10
1420,148.9,25.026430473046336,10
1421,149.1,25.066356381058302,10
1422,149.4,25.12723179695244,10
1423,149.5,25.131874405048087,10
1424,149.4,25.04751041077292,10
1425,149.3,25.170750220576792,10
1426,149.6,25.193473581686014,10
1427,149.7,25.289655329139357,10
1428,149.6,25.246341869224892,10
1429,149.8,24.996888695284547,10
1430,149.6,24.74851286216788,10
1431,149.8,24.616164517559504,10
1432,149.7,24.828523024045463,10
1433,150.0,24.91318258807306,10
1434,150.2,25.200529094974705,10
1435,150.1,25.374746851501353,10
1436,150.1,25.523192067869044,10
1437,150.4,25.57429264797845,10
1438,150.5,25.268557536986556,10
1439,150.5,25.149552679918582,10
1440,150.7,25.517096665220794,10
1441,151.1,25.344076669356536,10
1442,151.1,25.43597627158999,10
1443,150.9,25.514483904027703,10
1444,151.2,25.598611073433045,10
1445,151.5,25.535378508170886,10
1446,151.8,25.60295121877771,10
1447,152.0,25.337718918639855,10
1448,152.0,25.289435651187542,10
1449,152.2,25.218159242013595,10
1450,152.4,25.211108662651075,10
1451,152.3,25.302832516011588,10
1452,152.1,25.479621486810025,10
1453,152.1,25.497058653891823,10
1454,152.2,25.336841862307065,10
1455,152.2,25.31929435562268,10
1456,152.3,25.316002844051035,10
1457,152.4,25.591665309888167,10
1458,152.4,25.7949176734057,10
1459,152.3,25.798578772224385,10
1460,152.3,26.149357332234548,10
1461,152.7,26.4954922790861,10
1462,152.7,26.516451916163714,10
1463,152.9,26.375283042188485,10
1464,153.1,26.417376436311343,10
1465,153.1,26.417376436311343,10
1466,153.2,26.511213560386942,10
1467,153.3,26.612653631934815,10
1468,153.3,26.629348888439278,10
1469,153.6,26.47514557718868,10
1470,153.6,26.420530737372488,10
1471,153.7,26.524831133612647,10
1472,154.1,26.830538156693354,10
1473,154.3,26.621002568982593,10
1474,154.5,26.41653522575081,10
1475,154.2,26.60743421593964,10
1476,154.3,26.44932261262407,10
1477,154.4,26.833643890542415,10
1478,154.7,27.100840495371273,10
1479,154.5,26.858683677516456,10
1480,154.5,26.779967637520897,10
1481,154.6,26.57985870709039,10
1482,154.8,26.511213560386942,10
1483,155.0,26.482698754721607,10
1484,154.9,26.793241270473,10
1485,155.0,26.662499674428293,10
1486,155.1,26.647701589442942,10
1487,155.5,26.78826442887092,10
1488,155.4,26.659165611682432,10
1489,155.5,26.580067720004024,10
1490,155.2,26.64916092070776,10
1491,155.1,26.526506659482237,10
1492,154.9,26.42158208737698,10
1493,155.0,26.541372316525845,10
1494,154.9,26.697690287114103,10
1495,155.1,26.834679055282177,10
1496,155.2,26.914680009244027,10
1497,155.3,26.92396701825346,10
1498,155.2,27.12850079815609,10
1499,155.0,27.10883414846328,10
1500,155.1,27.212946265416477,10
1501,155.3,27.21947831976212,10
1502,155.3,27.21947831976212,10
1503,155.4,27.423428750694985,10
1504,155.5,27.171267504070872,10
1505,155.6,27.15060875110456,10
1506,155.7,27.154087067041022,10
1507,155.5,27.435783608678324,10
1508,155.7,27.56426833581637,10
1509,155.7,27.49565622259471,10
1510,155.9,27.61018330656684,10
1511,155.9,27.626275737259828,10
1512,156.2,27.68794362574119,10
1513,156.1,27.75467928516239,10
1514,156.3,27.704993533055855,10
1515,156.3,27.616621404106944,10
1516,156.3,27.616621404106944,10
1517,156.5,27.653611377580003,10
1518,156.7,27.353854085545848,10
1519,156.5,27.27330807462368,10
1520,156.5,27.27330807462368,10
1521,156.8,27.320322106446696,10
1522,156.9,27.327031793933763,10
1523,157.1,27.54571957068224,10
1524,157.3,27.471399268653528,10
1525,157.6,27.56487297671118,10
1526,157.8,27.943593978664314,10
1527,157.7,27.852987073003302,10
1528,157.9,27.630297380472282,10
1529,157.9,27.84261322345859,10
1530,158.2,28.094285698143114,10
1531,158.3,28.27268017794642,10
1532,158.4,28.41048319820618,10
1533,158.4,28.53925172265189,10
1534,158.2,28.801234541441296,10
1535,158.1,28.90001922336923,10
1536,158.2,28.843639776483755,10
1537,158.4,28.682941116822576,10
1538,158.5,28.810684746384553,10
1539,158.9,28.745820952309263,10
1540,159.0,28.74021572639983,10
1541,159.1,28.86539643086703,10
1542,159.3,28.821481186395985,10
1543,159.7,28.875402835092864,10
1544,160.0,28.90982147606204,10
1545,160.3,28.898481313422376,10
1546,160.7,28.836897660231532,10
1547,160.7,29.040393324547868,10
1548,160.7,28.87925052890243,10
1549,160.5,28.972208905930678,10
1550,160.8,28.71623621267631,10
1551,160.7,28.844602807303676,10
1552,160.8,28.611574969271132,10
1553,161.0,28.840557861764356,10
1554,161.0,28.686039965266886,10
1555,161.2,28.681391567046084,10
1556,161.1,28.769003381340056,10
1557,161.0,29.139511168019123,10
1558,161.1,29.27057680789134,10
1559,161.1,29.278167823672145,10
1560,161.3,29.238673020504883,10
1561,161.4,29.033314198233267,10
1562,161.5,29.06792810718446,10
1563,161.4,29.11357071882458,10
1564,161.4,29.11357071882458,10
1565,161.4,29.390852696412576,10
1566,161.7,29.47334011912762,10
1567,161.7,29.231071748322115,10
1568,161.5,29.49670414733747,10
1569,161.6,29.42863307128696,10
1570,161.7,29.428066723981566,10
1571,161.8,29.30604791582182,10
1572,162.0,29.158570304838715,10
1573,161.9,29.022787981553773,10
1574,161.9,29.022787981553773,10
1575,162.2,28.8821359628712,10
1576,162.5,28.741182222649705,10
1577,162.6,28.899058039243346,10
1578,162.6,28.899058039243346,10
1579,162.8,28.866743648858087,10
1580,162.9,29.228790981192198,10
1581,162.9,29.221187138406574,10
1582,162.7,29.52230794952635,10
1583,162.8,29.913950665942544,10
1584,163.0,30.12566274052001,10
1585,162.9,30.057167753022462,10
1586,163.3,30.125847152680482,10
1587,163.3,30.081555810828668,10
1588,163.2,29.693994903571554,10
1589,163.2,29.78739479862059,10
1590,163.3,29.926019893508503,10
1591,163.3,29.926019893508503,10
1592,163.5,30.211292958465418,10
1593,163.9,30.06825568602209,10
1594,164.1,30.134697609234443,10
1595,164.4,29.963681720079432,10
1596,164.5,30.108138434649195,10
1597,164.6,30.015551524723534,10
1598,164.6,30.471115648904107,10
1599,164.5,30.3982821152044,10
1600,164.5,30.383657888191582,10
1601,164.2,30.213315681077514,10
1602,164.4,30.29191311224829,10
1603,164.5,30.361708340166455,10
1604,164.7,30.250987128062818,10
1605,164.7,30.250987128062818,10
1606,164.8,30.253741733691204,10
1607,164.8,30.253741733691204,10
1608,164.9,30.504826576206664,10
1609,164.8,30.42586618871077,10
1610,165.1,30.384389266712457,10
1611,165.3,30.528857022677922,10
1612,165.5,30.317761570846002,10
1613,165.6,30.200073583427645,10
1614,165.4,30.558504908163002,10
1615,165.6,30.728922315412667,10
1616,165.7,31.12001856611843,10
1617,165.8,31.261620061808838,10
1618,165.8,30.8357656698264,10
1619,165.8,30.91134275813833,10
1620,166.1,30.838107738460366,10
1621,166.1,30.838107738460366,10
1622,166.3,30.72837993343179,10
1623,166.3,30.72837993343179,10
1624,166.4,30.551232017347154,10
1625,166.4,30.551232017347154,10
1626,166.4,30.602105955128135,10
1627,166.5,30.685682510107398,10
1628,166.4,30.53668103918448,10
1629,166.7,31.044949490841322,10
1630,166.9,31.192769817521636,10
1631,167.2,31.190454380217744,10
1632,167.6,31.213245051847245,10
1633,167.4,30.991755175996225,10
1634,167.4,31.102697274959574,10
1635,167.3,31.08786830188837,10
1636,167.4,31.116983572747966,10
1637,167.6,31.191879285053236,10
1638,167.7,31.202029848499706,10
1639,167.7,31.266062538584332,10
1640,167.3,30.937391975120047,10
1641,167.3,30.937391975120047,10
1642,167.1,31.103590360814188,10
1643,167.2,31.243843838071168,10
1644,167.3,31.38665675445893,10
1645,167.4,31.46144024392752,10
1646,167.5,31.5392172100422,10
1647,167.3,31.513841756000204,10
1648,167.5,31.683328949675307,10
1649,167.4,31.728711147966774,10
1650,167.5,31.81980515339464,10
1651,167.6,31.96247800155676,10
1652,167.4,31.676138934184788,10
1653,167.8,31.82521711543292,10
1654,167.8,32.002777657224975,10
1655,167.5,32.11178392220941,10
1656,167.4,32.17728667519649,10
1657,167.4,32.321991137785915,10
1658,167.3,32.649825590822246,10
1659,167.4,32.731907640371006,10
1660,167.6,32.69794420992787,10
1661,167.8,32.86605814176349,10
1662,167.9,32.94254257204673,10
1663,168.0,33.15619600215521,10
1664,167.8,33.23251419919956,10
1665,168.0,33.456439340332274,10
1666,168.1,33.53754115415539,10
1667,168.4,33.18701218515728,10
1668,168.4,33.18701218515728,10
1669,168.7,33.163065131089574,10
1670,169.0,33.373309362090204,10
1671,169.1,33.20793077965965,10
1672,169.2,33.35599229856942,10
1673,169.3,33.11277027908652,10
1674,169.4,33.24722210618171,10
1675,169.4,33.24722210618171,10
1676,169.4,33.3273327932361,10
1677,169.5,33.33749973961588,10
1678,169.7,33.67178178963639,10
1679,169.7,33.618943072817345,10
1680,169.8,33.61811680891388,10
1681,170.0,34.016335944823794,10
1682,169.7,34.15015861358968,10
1683,169.9,33.72256086229382,10
1684,170.2,33.6577545959983,10
1685,170.3,33.70806036148229,10
1686,170.3,33.89542742022883,10
1687,170.4,33.751378572668045,10
1688,170.5,33.59315406448165,10
1689,170.7,33.466567064924824,10
1690,170.6,33.55989670226454,10
1691,170.8,33.42919549003702,10
1692,170.9,33.580583013931665,10
1693,171.2,33.47569599309658,10
1694,171.3,33.31682924756063,10
1695,171.2,33.41589774676452,10
1696,171.1,33.564034984555185,10
1697,170.8,33.72700862974822,10
1698,170.8,33.986271738257294,10
1699,171.0,34.32847862117464,10
1700,170.9,34.04392587362522,10
1701,170.9,33.955690081176215,10
1702,170.9,33.64339129424645,10
1703,171.1,33.81797681050059,10
1704,171.2,33.52876045692381,10
1705,171.4,33.55327438898061,10
1706,171.5,33.44730515635336,10
1707,171.5,33.394111257325996,10
1708,171.6,33.39727201101578,10
1709,171.6,33.39727201101578,10
1710,171.6,33.3273327932361,10
1711,171.6,33.3273327932361,10
1712,171.8,33.558572344153404,10
1713,172.0,33.59894178227774,10
1714,172.1,33.82783206506474,10
1715,172.2,33.8913296024547,10
1716,172.1,33.85738061667237,10
1717,172.3,33.79694266251511,10
1718,172.2,33.894607896307704,10
1719,172.5,33.97139319420909,10
1720,172.9,34.34934901534202,10
1721,173.1,34.42366756882376,10
1722,173.4,34.66730768638116,10
1723,173.6,34.63203398268398,10
1724,173.6,34.390567182166556,10
1725,173.9,34.59752720771947,10
1726,174.1,34.57503916604193,10
1727,174.4,34.458348448203054,10
1728,174.4,34.458348448203054,10
1729,174.2,34.489289802938984,10
1730,174.3,34.61229710826935,10
1731,174.6,34.782498792096895,10
1732,174.6,34.79846739920213,10
1733,174.9,35.224517976356566,10
1734,174.8,35.09922442954482,10
1735,175.2,35.1055551159642,10
1736,175.3,35.11900403548547,10
1737,175.1,34.89810564740983,10
1738,175.2,34.752457946645066,10
1739,175.5,34.81458825773408,10
1740,175.3,34.81075823490332,10
1741,175.6,34.596724315075456,10
1742,175.9,34.33317152065429,10
1743,175.7,34.286537688525314,10
1744,175.6,34.19291674536637,10
1745,175.8,34.324594357075476,10
1746,175.5,34.22880528313998,10
1747,175.8,34.2370819109599,10
1748,175.9,33.9622339273101,10
1749,176.0,34.30257521916783,10
1750,176.1,34.394605520181344,10
1751,176.3,34.49653766845466,10
1752,176.5,34.51006294466071,10
1753,176.6,34.50346198410949,10
1754,176.5,34.60972888269039,10
1755,176.2,34.49251126452427,10
1756,176.3,34.53194977923424,10
1757,176.2,34.38604368053993,10
1758,176.2,34.16560973974983,10
1759,176.3,34.26384553886372,10
1760,176.4,34.157153147051226,10
1761,176.5,34.0040847219533,10
1762,176.5,34.07589568399732,10
1763,176.7,34.3189290172186,10
1764,176.8,34.64037464513852,10
1765,176.9,34.923567337194456,10
1766,176.9,35.14240869503524,10
1767,177.1,35.391304644565516,10
1768,177.3,35.35863873699514,10
1769,177.5,35.58167443439889,10
1770,177.5,36.10247760042085,10
1771,177.6,36.11463230695651,10
1772,177.7,35.89196753221162,10
1773,177.7,35.89196753221162,10
1774,177.8,35.93450832958326,10
1775,178.0,35.9783885748715,10
1776,178.2,36.32813418458666,10
1777,178.2,36.11955456843595,10
1778,178.3,35.993980978306176,10
1779,178.4,35.71243169790847,10
1780,178.4,35.67196222369733,10
1781,178.3,35.60914364473135,10
1782,178.4,35.737313211202036,10
1783,178.5,35.76854608296078,10
1784,178.6,35.886240012325366,10
1785,178.5,36.00077159666937,10
1786,178.6,35.886240012325366,10
1787,178.7,35.90434823558593,10
1788,178.8,35.94687438120007,10
1789,179.3,35.90744274442897,10
1790,179.4,36.04996532591952,10
1791,179.8,36.057978004566166,10
1792,179.9,35.93651810252815,10
1793,180.0,36.07091780245009,10
1794,179.9,36.07538403583992,10
1795,180.0,36.279777042068794,10
1796,179.7,36.46322348156656,10
1797,179.6,36.420995166097384,10
1798,179.9,36.23518854496122,10
1799,180.0,36.03085097832442,10
1800,180.1,35.99830242911154,10
1801,180.2,35.94687438120007,10
1802,180.4,36.13616225088411,10
1803,180.2,36.19637796489834,10
1804,180.3,36.511946294633795,10
1805,180.4,36.37520523042524,10
1806,180.4,36.10232371714843,10
1807,180.6,36.27120069697169,10
1808,180.8,36.49901064108146,10
1809,180.8,36.45636661361999,10
1810,181.1,36.48881107042724,10
1811,180.9,36.29034153723121,10
1812,181.0,36.55437350334734,10
1813,181.1,36.51316353195257,10
1814,181.3,36.30136208035297,10
1815,181.4,36.2681372250875,10
1816,181.5,36.176266007179656,10
1817,181.5,36.231508693707774,10
1818,181.5,36.29279083601407,10
1819,181.3,36.13570102943748,10
1820,181.1,36.17995147714946,10
1821,181.2,35.962325966056326,10
1822,181.4,36.08693207612233,10
1823,181.3,35.98471897903331,10
1824,181.3,36.0433381115321,10
1825,181.2,36.17488385913938,10
1826,181.2,35.999382710757075,10
1827,181.3,36.120323611199524,10
1828,181.4,35.969740369124466,10
1829,181.4,35.86765797886571,10
1830,181.5,35.93280766467695,10
1831,181.7,36.08647022546446,10
1832,181.9,36.29340313488267,10
1833,181.9,36.363748737200105,10
1834,182.1,36.552701678535335,10
1835,181.8,36.78405451641603,10
1836,181.6,36.74597483625474,10
1837,181.6,36.836576026190784,10
1838,181.6,36.96605049080695,10
1839,181.6,36.5884013194224,10
1840,181.6,36.3813138850152,10
1841,181.7,36.26461391249357,10
1842,181.7,36.13570102943748,10
1843,181.7,36.07415202668587,10
1844,181.8,36.20865458238771,10
1845,181.8,36.46246167102697,10
1846,181.8,36.46246167102697,10
1847,181.8,36.46246167102697,10
1848,182.1,36.204511689382954,10
1849,182.4,36.451489833902684,10
1850,182.6,36.53978045302894,10
1851,182.6,36.72782777858409,10
1852,182.6,36.72782777858409,10
1853,182.4,36.98408065941645,10
1854,182.5,36.812588426605735,10
1855,182.6,36.70059036764032,10
1856,182.6,37.089081951431474,10
1857,182.7,37.38404294169729,10
1858,182.8,37.21051225423029,10
1859,182.7,37.12456509285103,10
1860,182.5,36.68862978574637,10
1861,182.4,36.670302850005356,10
1862,182.6,36.551941732888075,10
1863,182.7,36.639535416753795,10
1864,182.7,36.66075709953507,10
1865,182.7,36.718296983021055,10
1866,182.8,36.835369476149474,10
1867,182.9,36.72253319754024,10
1868,183.2,36.82631909080485,10
1869,183.2,37.069903935372935,10
1870,183.3,37.09462374942104,10
1871,183.4,36.99008876262217,10
1872,183.5,37.107202056264555,10
1873,183.5,37.28046852352225,10
1874,183.4,37.244537257906096,10
1875,183.4,37.49133233162033,10
1876,183.3,37.59151795581315,10
1877,183.6,37.72767919946544,10
1878,183.5,37.710151889849975,10
1879,183.7,37.962115618366454,10
1880,183.9,38.21707006619483,10
1881,183.9,38.21707006619483,10
1882,183.9,38.21707006619483,10
1883,184.1,38.10351398201717,10
1884,184.4,38.15523846370537,10
1885,184.4,38.335362265146266,10
1886,184.7,38.415997824980266,10
1887,184.7,38.46224700202062,10
1888,184.8,38.412382262899435,10
1889,184.8,38.44129723790982,10
1890,184.9,38.512479939769015,10
1891,185.2,38.412382262899435,10
1892,185.2,38.432625029610804,10
1893,185.4,38.488670771770984,10
1894,185.7,38.77012022450049,10
1895,186.1,38.73686157195036,10
1896,186.0,38.62066228789397,10
1897,186.2,38.78659562271481,10
1898,186.0,38.704004960727254,10
1899,186.0,38.75277767822299,10
1900,186.2,38.645971473248174,10
1901,186.2,38.87244096614807,10
1902,186.2,39.145881009373134,10
1903,186.4,39.04185787928985,10
1904,186.4,39.10157712079314,10
1905,186.4,39.34519595127777,10
1906,186.6,39.58170172075869,10
1907,186.7,39.874943399472194,10
1908,186.7,39.791260905435564,10
1909,186.7,39.54758034458128,10
1910,186.7,39.54196083487346,10
1911,186.9,39.77841402346532,10
1912,186.9,39.739289262782634,10
1913,187.0,39.57552554574888,10
1914,187.4,39.51989653607689,10
1915,187.5,39.567803971298574,10
1916,187.7,39.54477068954742,10
1917,187.9,39.57117357089347,10
1918,187.8,39.61144615722414,10
1919,187.9,39.686129678880114,10
1920,187.7,39.5953139763898,10
1921,187.7,39.911151323909465,10
1922,187.9,39.75047169531451,10
1923,188.1,39.674929111467854,10
1924,188.1,39.644111234274824,10
1925,188.1,39.59643642776175,10
1926,188.2,39.61144615722414,10
1927,188.3,39.5166631519751,10
1928,188.4,39.64621321415479,10
1929,188.5,39.84762644541495,10
1930,188.8,39.88817702862174,10
1931,189.0,39.704463784874925,10
1932,189.0,39.74362282877035,10
1933,189.3,39.82754490717867,10
1934,189.6,40.12812812313411,10
1935,189.5,40.25543441574069,10
1936,189.5,40.283026477937604,10
1937,189.3,40.27695784606048,10
1938,189.4,40.21939830479815,10
1939,189.3,40.13048162625955,10
1940,189.3,39.85543319994848,10
1941,189.4,40.14750580325286,10
1942,189.6,40.16134127906255,10
1943,189.6,40.15304056564916,10
1944,189.8,40.15746782632369,10
1945,189.9,40.62689311828366,10
1946,190.0,40.59556626036888,10
1947,190.0,40.92540639857946,10
1948,190.2,40.943864009152826,10
1949,190.4,41.0208619011243,10
1950,190.4,41.123661747898325,10
1951,190.4,40.96665310550359,10
1952,190.8,40.85965138264289,10
1953,190.9,40.722502651755356,10
1954,191.0,40.89281382128432,10
1955,191.3,41.06647727229054,10
1956,191.5,40.74650632603706,10
1957,191.3,40.775946068457785,10
1958,191.4,40.811763010191065,10
1959,191.8,40.68524165946282,10
1960,191.8,40.616909450785805,10
1961,191.8,40.76163773833322,10
1962,192.1,40.932057526263364,10
1963,192.0,40.718546143004666,10
1964,191.9,41.186432501762305,10
1965,192.0,41.43535795536089,10
1966,192.0,41.63331998932265,10
1967,192.0,41.697322056298376,10
1968,192.4,41.71916692467491,10
1969,192.3,41.87826272529568,10
1970,192.3,41.87826272529568,10
1971,192.7,41.668133307520904,10
1972,192.7,41.84375700149306,10
1973,192.7,41.70011990390435,10
1974,192.7,41.6921255554731,10
1975,192.7,41.72675667029756,10
1976,192.9,41.5142545800034,10
1977,192.9,41.863402208187104,10
1978,192.9,42.02234855142889,10
1979,193.0,42.129430198958175,10
1980,192.8,42.2763395871602,10
1981,193.0,42.3923473177779,10
1982,193.0,42.5022875201376,10
1983,193.2,42.57490131782131,10
1984,193.3,42.63553551779184,10
1985,193.3,42.58860045703415,10
1986,193.5,42.70896340998638,10
1987,193.4,42.65416483507534,10
1988,193.4,42.76603013296106,10
1989,193.4,42.76603013296106,10
1990,193.4,42.64895465698231,10
1991,193.3,42.59120931731231,10
1992,193.4,42.64895465698231,10
1993,193.6,42.549840057148145,10
1994,194.1,42.406629460760286,10
1995,193.9,42.48516080808555,10
1996,194.1,42.312199449121316,10
1997,194.1,42.312199449121316,10
1998,194.2,42.642701602970696,10
1999,194.3,42.70063751800954,10
2000,194.4,42.76083358505642,10
2001,194.8,42.61142256875888,10
2002,194.8,42.61142256875888,10
2003,194.9,42.45114839436031,10
2004,194.9,42.45114839436031,10
2005,195.0,42.674478451541866,10
2006,195.3,42.43963032617299,10
2007,195.6,42.30891684319565,10
2008,195.8,42.281595681020995,10
2009,195.9,42.341075407536195,10
2010,196.0,42.258463977974614,10
2011,196.3,42.31640081313365,10
2012,196.3,42.45271879789719,10
2013,196.4,42.45049404240715,10
2014,196.7,42.258595443872586,10
2015,196.7,42.525939796265,10
2016,196.5,42.518623370628234,10
2017,196.6,42.79459986701334,10
2018,196.6,42.80757980648858,10
2019,196.6,42.80757980648858,10
2020,196.8,43.00077518681107,10
2021,197.1,43.21123825014867,10
2022,197.0,43.17149265172306,10
2023,197.3,43.16389952520767,10
2024,197.5,43.24927745061182,10
2025,197.4,43.23630162002502,10
2026,197.4,43.23630162002502,10
2027,197.3,43.30268146688173,10
2028,197.3,43.292416579966215,10
2029,197.4,43.52062091060334,10
2030,197.4,43.52062091060334,10
2031,197.5,43.77277185140959,10
2032,197.5,44.09396532154687,10
2033,197.6,44.14672505784923,10
2034,197.6,44.030797302696115,10
2035,197.6,43.899379899442266,10
2036,197.7,44.017799430079044,10
2037,197.7,44.017799430079044,10
2038,198.1,44.076826867036004,10
2039,198.3,44.09094137247595,10
2040,198.3,44.171509168492555,10
2041,198.3,44.085900996425906,10
2042,198.4,44.2548176912852,10
2043,198.4,44.05350282453271,10
2044,198.4,43.84112731721716,10
2045,198.3,44.25946226514732,10
2046,198.4,44.30500347966732,10
2047,198.5,44.14936768139117,10
2048,199.0,44.15628808876237,10
2049,198.7,44.14383057435974,10
2050,199.0,44.261847127194216,10
2051,199.3,44.532260466118515,10
2052,199.4,44.45522091573347,10
2053,199.5,44.82620761216466,10
2054,199.4,44.90533252174945,10
2055,199.6,44.81616771756471,10
2056,199.4,44.52265340999643,10
2057,199.4,44.412710893266684,10
2058,199.6,44.282426913317806,10
2059,199.8,44.03988091617768,10
2060,199.8,44.03988091617768,10
2061,200.1,44.16245262915345,10
2062,200.0,44.464717598463515,10
2063,200.4,44.58001545286607,10
2064,200.4,44.58001545286607,10
2065,200.3,44.66430342006914,10
2066,200.3,44.66430342006914,10
2067,200.4,44.46771612954479,10
2068,200.2,44.53912138034757,10
2069,200.6,44.68457352499978,10
2070,200.5,44.67226333096534,10
2071,200.8,44.63381876758673,10
2072,201.1,44.752281133665875,10
2073,201.0,44.8998886412873,10
2074,201.2,45.121564196684886,10
2075,201.2,45.160946747284996,10
2076,201.4,44.9325420306189,10
2077,201.6,45.068343164083096,10
2078,201.8,45.037761933737336,10
2079,201.6,45.1447056081269,10
2080,201.6,45.15208866831202,10
2081,201.6,44.922649570616876,10
2082,201.8,45.249432163410745,10
2083,202.2,45.33039206144642,10
2084,202.1,45.39811547728484,10
2085,202.1,45.43725832886977,10
2086,202.1,45.76619324834047,10
2087,202.1,46.042130465235616,10
2088,202.2,46.307666751845744,10
2089,202.2,46.307666751845744,10
2090,202.3,46.4232939613533,10
2091,202.4,46.43083266776747,10
2092,202.8,46.098445382319206,10
2093,202.9,46.059020108262544,10
2094,202.8,45.99468568336032,10
2095,202.6,45.82381719392463,10
2096,202.8,45.895533551752074,10
2097,203.0,45.86937976471886,10
2098,203.0,46.01449047129973,10
2099,203.2,46.06710081802172,10
2100,203.3,46.002536161969736,10
2101,203.7,46.05323007129902,10
2102,203.4,46.128323427393525,10
2103,203.5,46.133261078941494,10
2104,203.4,46.0028984594087,10
2105,203.3,46.44722213915967,10
2106,203.1,46.68202128347819,10
2107,203.0,46.8187996428785,10
2108,203.0,47.038990918882035,10
2109,203.2,46.936836990435,10
2110,203.2,46.851538573099894,10
2111,203.0,46.960976707616865,10
2112,203.0,46.960976707616865,10
2113,203.4,47.10083745422037,10
2114,203.7,47.14056993008605,10
2115,203.6,47.336150150927054,10
2116,203.5,47.20699100768868,10
2117,203.6,47.336150150927054,10
2118,203.9,47.15800862820416,10
2119,204.0,47.2275813952445,10
2120,204.3,47.52321070335584,10
2121,204.2,47.52262619005814,10
2122,204.3,47.593300182086786,10
2123,204.5,47.486255321350036,10
2124,204.6,47.64265129295622,10
2125,204.7,47.76342161575576,10
2126,205.2,47.950900814154565,10
2127,205.4,47.57730551428906,10
2128,205.3,47.50216369341039,10
2129,205.3,47.50216369341039,10
2130,205.2,47.73957128700117,10
2131,205.1,47.771330314321375,10
2132,205.1,47.861954271285946,10
2133,205.1,47.861954271285946,10
2134,205.2,47.994907137227706,10
2135,205.2,47.8070194752937,10
2136,205.3,47.84709442008411,10
2137,205.6,48.05598586833671,10
2138,205.6,47.82886157959439,10
2139,205.6,48.05598586833671,10
2140,205.6,47.93328697262478,10
2141,205.7,47.77970280359642,10
2142,205.6,47.71256531448387,10
2143,205.7,47.56527678417898,10
2144,205.7,47.4319395438231,10
2145,205.8,47.54600111704687,10
2146,205.8,47.753533900644456,10
2147,205.8,47.88365529535568,10
2148,205.8,47.779121428134744,10
2149,205.9,47.83408826349678,10
2150,205.8,48.07355475380062,10
2151,206.0,48.0323964747868,10
2152,206.1,47.96399112297104,10
2153,206.2,47.97406706868943,10
2154,206.0,47.779586529070016,10
2155,205.6,47.69393159628498,10
2156,205.7,47.403820755527946,10
2157,205.6,47.56329116731375,10
2158,205.5,47.51432532522283,10
2159,205.9,47.58722984629852,10
2160,205.7,47.69125240078683,10
2161,205.6,47.85208691606064,10
2162,205.7,47.71454471938067,10
2163,206.0,47.51140214025822,10
2164,206.2,47.609056094636266,10
2165,206.1,47.68752457404347,10
2166,205.9,48.02649731600718,10
2167,206.0,48.06939428229428,10
2168,206.4,48.039798315794606,10
2169,206.9,47.99641190292828,10
2170,206.9,47.88052259995127,10
2171,207.1,47.9454551200285,10
2172,207.1,47.8247959860898,10
2173,207.3,47.809924585685025,10
2174,207.2,47.66037254482083,10
2175,207.3,47.58162577204683,10
2176,207.2,47.54600111704687,10
2177,207.2,47.43603880782814,10
2178,207.4,47.43931796399363,10
2179,207.5,47.47689496539928,10
2180,207.4,47.34084447446576,10
2181,207.2,47.39854662563212,10
2182,207.2,47.30938361232133,10
2183,207.4,47.23981371682154,10
2184,207.5,47.25169015201702,10
2185,207.6,47.09375990746781,10
2186,207.6,47.12206371636209,10
2187,207.6,46.83351126893837,10
2188,207.6,46.66714285471334,10
2189,207.7,46.514155551473436,10
2190,207.5,46.447700576981084,10
2191,207.5,46.652974181717504,10
2192,207.5,46.47639783326108,10
2193,207.5,46.64582868095853,10
2194,207.6,46.90936888180109,10
2195,207.6,47.19981167570716,10
2196,207.7,47.098124520338736,10
2197,207.7,46.99420768089995,10
2198,207.6,46.97564380730839,10
2199,207.5,46.95920215108713,10
2200,207.5,47.08679928245991,10
2201,207.7,47.06508495925852,10
2202,208.0,47.279311895725954,10
2203,207.7,47.30057551916725,10
2204,207.8,46.972332281886956,10
2205,207.8,46.68047414783474,10
2206,208.0,46.54507970177347,10
2207,208.1,46.37396300128386,10
2208,208.0,46.35610950984658,10
2209,208.1,46.27802454249268,10
2210,208.0,46.26733909213568,10
2211,207.7,45.91308213473705,10
2212,207.8,45.9245758463447,10
2213,207.9,45.97450984573469,10
2214,208.1,45.91163009279651,10
2215,208.3,45.83557570272244,10
2216,208.4,45.89892276634726,10
2217,208.3,46.17851833434628,10
2218,208.3,45.94453177473898,10
2219,208.4,45.954566935422456,10
2220,208.4,46.24379838301444,10
2221,208.4,46.24379838301444,10
2222,208.7,46.48309131047308,10
2223,208.7,46.48309131047308,10
2224,208.7,46.81417164349559,10
2225,208.8,46.86576575710675,10
2226,209.0,46.95387807909658,10
2227,208.7,47.11463561239638,10
2228,208.6,47.39245134453845,10
2229,208.5,47.390224027043104,10
2230,208.6,47.453368923841666,10
2231,208.5,47.282249429475236,10
2232,208.6,47.17390992675695,10
2233,208.6,47.46975645374408,10
2234,208.8,47.77214437072904,10
2235,208.8,47.64171841289243,10
2236,208.7,47.69358214453783,10
2237,209.0,47.47865017270628,10
2238,209.4,47.48847813475976,10
2239,209.6,47.56329116731375,10
2240,209.7,47.401476770244194,10
2241,209.8,47.35633244057464,10
2242,209.8,47.60672221441001,10
2243,209.7,47.66328659344516,10
2244,209.7,47.6236402547213,10
2245,209.7,47.62830624277495,10
2246,209.8,47.39151353940445,10
2247,209.9,47.71780473669015,10
2248,209.8,47.72094811389322,10
2249,210.2,47.98101476394364,10
2250,210.1,47.987151058034975,10
2251,210.1,47.987151058034975,10
2252,209.8,48.09435171271848,10
2253,209.8,48.163610052957345,10
2254,210.0,48.24704942043376,10
2255,210.1,48.151266280799355,10
2256,210.1,48.151266280799355,10
2257,210.3,48.313904140871635,10
2258,210.6,48.60086876223968,10
2259,210.6,48.60086876223968,10
2260,210.6,48.40385659566119,10
2261,210.8,48.593095074186095,10
2262,210.9,48.61286980945593,10
2263,210.7,48.497537165418116,10
2264,210.9,48.356201486698914,10
2265,210.9,48.43426243660347,10
2266,210.9,48.5556953977137,10
2267,211.1,48.66312772520895,10
2268,211.1,48.66312772520895,10
2269,211.2,48.6547930721002,10
2270,211.1,48.63572075474294,10
2271,211.2,48.5015463671005,10
2272,211.2,48.46946346813516,10
2273,211.5,48.6672374395753,10
2274,211.5,48.63983278480029,10
2275,211.4,48.52994493666313,10
2276,211.4,48.321147889235135,10
2277,211.4,48.22677909856952,10
2278,211.4,48.22677909856952,10
2279,211.3,48.366770043537585,10
2280,211.3,48.26098032802714,10
2281,211.5,48.012151239729576,10
2282,211.8,48.080488072952555,10
2283,211.8,48.01110982540048,10
2284,211.9,48.25959893004592,10
2285,211.9,47.936184430738514,10
2286,211.8,47.99953703480436,10
2287,211.9,48.05425174853013,10
2288,212.0,47.925868681630476,10
2289,211.8,47.99027679297825,10
2290,212.0,48.21710162264929,10
2291,212.0,48.272375353013466,10
2292,212.2,48.30182881285828,10
2293,212.2,48.334022983585555,10
2294,212.2,48.44882752852631,10
2295,212.2,48.55649630413353,10
2296,212.1,48.6197262207201,10
2297,212.2,48.55649630413353,10
2298,212.0,48.55924216871593,10
2299,212.1,48.49845358359378,10
2300,212.3,48.723824881787664,10
2301,212.2,48.72097426502607,10
2302,212.1,48.66084440058329,10
2303,212.5,49.033435304675294,10
2304,212.5,49.033435304675294,10
2305,212.7,49.20264220547511,10
2306,212.6,49.144232169762866,10
2307,212.6,49.24586841102059,10
2308,212.8,49.42289168211652,10
2309,212.6,49.390057478988396,10
2310,212.9,49.44233453675549,10
2311,212.9,49.5657812070653,10
2312,212.8,49.494780869636486,10
2313,213.2,49.188526214058406,10
2314,213.2,49.188526214058406,10
2315,213.2,49.05280601329324,10
2316,213.4,49.31801563999374,10
2317,213.6,49.441772711836386,10
2318,213.6,49.441772711836386,10
2319,213.6,49.441772711836386,10
2320,213.8,49.682995078799344,10
2321,213.9,49.793908596668054,10
2322,213.9,49.543359236576244,10
2323,213.8,49.580013894489554,10
2324,213.8,49.43413125901307,10
2325,213.7,49.50432079907548,10
2326,213.8,49.44312108091703,10
2327,213.6,49.43727788263068,10
2328,213.7,49.51105376019021,10
2329,214.0,49.647647365095644,10
2330,214.0,49.43458078893537,10
2331,214.2,49.74780843860807,10
2332,214.3,49.50656522119061,10
2333,214.3,49.12354040805917,10
2334,214.2,49.19530239542977,10
2335,214.4,49.39230709331161,10
2336,214.3,49.582815123342435,10
2337,214.4,49.43952534831485,10
2338,214.6,49.14197119910162,10
2339,214.5,49.09231666519269,10
2340,214.6,49.27068093704409,10
2341,214.5,49.08778983730181,10
2342,214.4,49.03105591810608,10
2343,214.4,48.940326475776146,10
2344,214.4,48.783421591993964,10
2345,214.2,48.928065111503805,10
2346,214.4,48.92897346608086,10
2347,214.6,48.997052065518304,10
2348,214.8,48.74377453127276,10
2349,214.9,48.738417427459964,10
2350,214.9,48.601440307875656,10
2351,215.2,48.68675384537359,10
2352,215.1,48.75893080588759,10
2353,215.0,48.449286200452256,10
2354,215.3,48.637091470056745,10
2355,215.3,48.51586223998177,10
2356,215.3,48.38973720394302,10
2357,215.4,48.38089613795006,10
2358,215.2,48.739215331302894,10
2359,215.4,48.47267271360225,10
2360,215.7,48.45857337286492,10
2361,215.8,48.39375533636087,10
2362,216.2,48.382274072685384,10
2363,216.1,48.13049391440363,10
2364,216.0,47.88411938094809,10
2365,216.1,47.80620601274832,10
2366,216.0,47.88411938094809,10
2367,216.0,47.88411938094809,10
2368,216.1,47.89444412223383,10
2369,216.2,48.02730704736861,10
2370,216.4,48.146074029399784,10
2371,216.5,48.16464816993199,10
2372,216.7,48.541047921664536,10
2373,216.8,48.39834707921336,10
2374,217.0,48.32298739845366,10
2375,217.2,48.10128203419669,10
2376,217.2,48.24889175468754,10
2377,217.6,48.03748536299543,10
2378,217.6,48.13222528733853,10
2379,217.7,48.26558470242194,10
2380,217.6,48.55054639811539,10
2381,217.7,48.72382488178767,10
2382,217.8,48.58623490477753,10
2383,217.8,48.58623490477753,10
2384,217.8,48.6570766806958,10
2385,217.9,48.72017606244415,10
2386,218.0,48.522617864707634,10
2387,218.1,48.69736474731803,10
2388,218.2,48.61138412621746,10
2389,218.2,48.41670969590744,10
2390,218.3,48.419578225709024,10
2391,218.2,48.313329193689164,10
2392,218.4,48.54596905110775,10
2393,218.4,48.54596905110775,10
2394,218.4,48.54596905110775,10
2395,218.4,48.68538452828186,10
2396,218.5,48.674086192415224,10
2397,218.6,48.8130219420096,10
2398,218.9,49.135752993336965,10
2399,218.9,49.446828906299835,10
2400,218.9,49.39286948088312,10
2401,219.0,49.26571943157951,10
2402,219.0,49.56477243634502,10
2403,218.8,49.582254890232655,10
2404,219.0,49.64540932117154,10
2405,219.0,49.64540932117154,10
2406,219.1,49.704571665435815,10
2407,219.3,49.90001113337663,10
2408,219.3,49.90001113337663,10
2409,219.5,49.81131062988271,10
2410,219.6,49.587632866807965,10
2411,219.8,49.50375967764693,10
2412,220.1,49.603875296638314,10
2413,220.3,49.45941096832163,10
2414,220.5,49.710830476533644,10
2415,220.6,49.71965853105233,10
2416,220.6,49.589873518245184,10
2417,220.7,49.893330660965546,10
2418,220.7,49.893330660965546,10
2419,220.8,50.02843635817978,10
2420,221.0,50.34547314969506,10
2421,221.2,50.6596486367602,10
2422,221.2,50.53447668011745,10
2423,221.4,50.403262680990096,10
2424,221.2,50.39797174049324,10
2425,221.4,50.46715103246203,10
2426,221.5,50.53106855083206,10
2427,221.6,50.52436156064826,10
2428,221.8,50.59161107447668,10
2429,221.7,50.528429841250976,10
2430,221.9,50.58205654621453,10
2431,222.1,50.72463788819876,10
2432,222.7,50.62509259250791,10
2433,222.7,50.502035162511575,10
2434,222.6,50.5441501176062,10
2435,222.4,50.686838089937666,10
2436,222.7,50.62509259250791,10
2437,222.7,50.62509259250791,10
2438,222.8,50.68596123845997,10
2439,222.9,50.748727406047664,10
2440,222.9,50.82967199929147,10
2441,223.2,50.66622806827707,10
2442,223.1,50.45448994445941,10
2443,223.0,50.27701042999452,10
2444,222.8,50.43543727711036,10
2445,222.5,50.62333673536566,10
2446,222.6,50.618837073432125,10
2447,222.7,50.6887013489638,10
2448,222.7,50.6887013489638,10
2449,222.8,50.39797174049324,10
2450,222.9,50.32880774356659,10
2451,223.0,50.19517462421618,10
2452,222.8,50.34503175311564,10
2453,222.8,50.86321526080185,10
2454,222.6,50.63200568810207,10
2455,222.6,50.65833264791358,10
2456,222.6,50.65833264791358,10
2457,222.7,50.528429841250976,10
2458,222.8,50.400176366534446,10
2459,222.8,50.303081416549425,10
2460,222.9,50.43686923053192,10
2461,222.8,50.534476680117436,10
2462,222.7,50.39411341284483,10
2463,222.8,50.56524937587517,10
2464,222.9,50.70053692461693,10
2465,223.1,50.41924235844883,10
2466,223.1,50.7114933279977,10
2467,223.1,50.502915207386245,10
2468,223.0,50.54151209099748,10
2469,223.0,50.56349144063003,10
2470,223.2,50.48608169034753,10
2471,223.2,50.54766727225567,10
2472,223.3,50.394113412844824,10
2473,223.4,50.56173344426483,10
2474,223.3,50.394113412844824,10
2475,223.2,50.34282471216727,10
2476,223.3,50.38749844951623,10
2477,223.5,50.462857628160535,10
2478,223.6,50.418691419397675,10
2479,223.5,50.226708255889335,10
2480,223.5,50.226708255889335,10
2481,223.7,50.14656297073387,10
2482,223.8,50.07727362120799,10
2483,223.9,49.95208815566283,10
2484,224.0,50.12207320355197,10
2485,224.2,50.21907561430771,10
2486,224.4,50.3481214479084,10
2487,224.4,50.31942412671716,10
2488,224.7,50.30142476444711,10
2489,224.8,50.08614800743038,10
2490,224.9,50.10311589334761,10
2491,225.1,50.2028108996122,10
2492,225.1,50.2028108996122,10
2493,225.3,50.21077794878528,10
2494,225.4,50.228809794114504,10
2495,225.3,50.389703533779816,10
2496,225.2,50.22350047537507,10
2497,225.2,50.139361339725454,10
2498,225.1,49.97655005655707,10
2499,225.1,50.12085394324403,10
2500,225.0,49.73708654291863,10
2501,224.8,49.68746767993358,10
2502,225.1,49.54784444240626,10
2503,224.9,49.5074629615464,10
2504,224.9,49.68892118861999,10
2505,224.8,49.667337803071796,10
2506,224.7,49.82870658566205,10
2507,224.8,49.763440395535355,10
2508,224.9,50.10755099450248,10
2509,225.0,50.272590278732736,10
2510,224.9,50.10755099450248,10
2511,225.3,50.10444646491523,10
2512,225.2,50.23013703611276,10
2513,225.2,50.23013703611276,10
2514,225.3,50.133266843927544,10
2515,225.4,50.007110605504,10
2516,225.6,49.90257174401602,10
2517,225.7,50.037874544078,10
2518,225.8,50.14157733635608,10
2519,225.9,50.01655281559851,10
2520,225.9,50.10533349299698,10
2521,226.2,49.95286667338411,10
2522,226.1,49.87640279285942,10
2523,226.6,50.30175609923243,10
2524,226.6,50.044868756835484,10
2525,226.8,50.143793235055526,10
2526,226.9,50.07871581598092,10
2527,226.9,50.25590070385323,10
2528,227.1,50.11642001934651,10
2529,226.8,49.906134114177014,10
2530,227.1,49.85412052512143,10
2531,227.2,49.84821405471258,10
2532,227.4,49.708483514721436,10
2533,227.5,49.871501548145375,10
2534,227.5,49.871501548145375,10
2535,227.6,49.71071871895995,10
2536,227.6,49.71071871895995,10
2537,228.0,49.79513586240684,10
2538,228.1,49.84966287638151,10
2539,228.4,49.9381840100561,10
2540,228.6,49.91815523656921,10
2541,228.9,49.780518277735915,10
2542,229.0,49.71697675621254,10
2543,229.2,49.375657520235166,10
2544,229.2,49.375657520235166,10
2545,229.2,49.5217124098107,10
2546,229.1,49.467048516046404,10
2547,229.2,49.364404629696935,10
2548,229.4,49.19620581576049,10
2549,229.5,49.03796715018091,10
2550,229.6,48.88126203135285,10
2551,229.8,48.928065111503805,10
2552,229.8,48.686753845373595,10
2553,229.9,48.53051731757154,10
2554,230.0,48.646114381771994,10
2555,230.3,48.739785254621985,10
2556,230.3,48.830887310753994,10
2557,230.3,48.78307994467845,10
2558,230.7,48.94679651303944,10
2559,230.6,48.79936247306698,10
2560,231.0,49.23639123882072,10
2561,231.1,49.32083174931709,10
2562,230.9,49.33659899101275,10
2563,231.0,49.1844600571269,10
2564,231.2,48.90307874879772,10
2565,231.4,49.11483143274205,10
2566,231.6,48.767475500241616,10
2567,231.4,48.84715390321574,10
2568,231.6,48.53910222124472,10
2569,231.6,48.53910222124472,10
2570,231.6,48.71276355672436,10
2571,231.5,48.573541037162286,10
2572,231.6,48.64657119354754,10
2573,231.8,48.83714433365926,10
2574,231.9,48.674542741674635,10
2575,232.2,48.41441474969572,10
2576,232.3,48.21030318649047,10
2577,232.3,48.06026309633447,10
2578,232.4,48.229082973289515,10
2579,232.4,48.21295353832711,10
2580,232.3,48.336896420390445,10
2581,232.4,48.332643673240604,10
2582,232.5,48.371823754468195,10
2583,232.5,48.5209004221663,10
2584,232.6,48.660273552685894,10
2585,232.5,48.78809053219626,10
2586,232.5,48.78809053219626,10
2587,232.6,48.95621626628339,10
2588,232.7,48.98083525443623,10
2589,232.7,48.76941208950089,10
2590,232.6,48.84260435316692,10
2591,232.7,48.76941208950089,10
2592,233.0,48.78296606170824,10
2593,233.1,48.7110528182944,10
2594,233.1,48.60372642320979,10
2595,233.3,48.67591236376001,10
2596,233.4,48.34183833216662,10
2597,233.6,48.50475348984995,10
2598,233.7,48.49753716541811,10
2599,233.6,48.330344735189115,10
2600,233.5,48.196933973484704,10
2601,233.5,48.23380557244058,10
2602,233.4,48.065233450662305,10
2603,233.3,47.923666155437,10
2604,233.2,47.89061610703199,10
2605,233.3,47.937575148427264,10
2606,233.4,47.78470234057944,10
2607,233.4,47.96572850599803,10
2608,233.4,47.96572850599803,10
2609,233.1,48.003356364135854,10
2610,233.1,48.091232742223056,10
2611,233.1,47.808530154728196,10
2612,233.2,48.03193382185093,10
2613,233.3,47.89351614664441,10
2614,233.2,47.96711836711108,10
2615,233.3,47.81921975291711,10
2616,233.4,47.917057969416746,10
2617,233.4,48.04904901359767,10
2618,233.5,48.090770655316206,10
2619,233.6,48.16453282470643,10
2620,233.4,48.09065513289574,10
2621,233.4,48.18529051715079,10
2622,233.7,48.08799804062918,10
2623,233.5,48.36033728399981,10
2624,233.4,48.44974486803597,10
2625,233.5,48.532348891114765,10
2626,233.6,48.447451486693865,10
2627,233.8,48.36160092929559,10
2628,234.0,48.21940595974935,10
2629,233.9,48.08661167333609,10
2630,233.8,48.0157381606397,10
2631,233.8,48.08048807295257,10
2632,233.8,48.08048807295257,10
2633,233.6,48.31884840423157,10
2634,233.6,48.31884840423157,10
2635,233.9,48.118949836143905,10
2636,233.9,48.118949836143905,10
2637,234.0,48.053211246607766,10
2638,234.1,47.90372288942339,10
2639,234.2,48.20281227388202,10
2640,234.4,48.28204175007055,10
2641,234.5,48.31666379211214,10
2642,234.6,48.21295353832711,10
2643,234.6,48.21295353832711,10
2644,234.5,48.27985547248919,10
2645,234.4,48.152996906850056,10
2646,234.5,48.06303731096856,10
2647,234.6,48.009721237821545,10
2648,234.5,48.15541967883204,10
2649,234.6,48.21295353832711,10
2650,234.6,48.34643500587999,10
2651,234.7,48.419578225709024,10
2652,235.0,48.51574772976067,10
2653,235.1,48.55111853614818,10
2654,234.8,48.684471628824085,10
2655,234.5,48.605555238058955,10
2656,234.8,48.28802474043987,10
2657,234.7,48.25407294266004,10
2658,235.0,48.3160888777687,10
2659,235.3,48.09030856396929,10
2660,235.3,48.09030856396929,10
2661,235.2,48.05737311912826,10
2662,235.2,47.92308652645635,10
2663,235.2,47.92308652645635,10
2664,235.1,47.89444412223382,10
2665,235.2,47.74888014975383,10
2666,235.2,47.674358353778025,10
2667,235.3,47.628306242774954,10
2668,235.5,47.8034168932166,10
2669,235.3,47.63063906539338,10
2670,235.2,47.588047051987985,10
2671,235.2,47.60672221441001,10
2672,235.5,48.00289343131076,10
2673,235.4,47.90778178496219,10
2674,235.4,47.88690380005326,10
2675,235.4,47.68927202911224,10
2676,235.2,47.77679585554291,10
2677,235.2,47.87437263876734,10
2678,235.3,48.12495310243025,10
2679,235.3,48.046389620402856,10
2680,235.3,47.95843107432844,10
2681,235.4,48.15530431150169,10
2682,235.2,48.25119457358313,10
2683,235.2,48.1659169491826,10
2684,235.1,48.22274705295555,10
2685,235.1,48.22274705295555,10
2686,235.4,48.09527581328082,10
2687,235.2,48.163610052957345,10
2688,235.2,48.47634016255307,10
2689,235.4,48.54139127246629,10
2690,235.3,48.646228585118045,10
2691,235.3,48.664497668560536,10
2692,235.6,48.87898889661646,10
2693,235.9,48.77032339901433,10
2694,236.0,48.9603013788836,10
2695,236.0,48.93079012464669,10
2696,235.9,48.85227164057414,10
2697,235.9,48.85227164057414,10
2698,236.1,48.72473704392873,10
2699,236.4,48.79025403591263,10
2700,236.3,49.14615391304232,10
2701,236.6,49.12614149083742,10
2702,236.8,49.05733606936094,10
2703,236.9,49.23063635131639,10
2704,236.8,49.18400824116175,10
2705,236.8,49.18400824116175,10
2706,237.0,49.2454171584637,10
2707,236.8,49.260757426395934,10
2708,236.9,49.18773559875809,10
2709,237.0,49.1166412170503,10
2710,236.9,49.11087229705636,10
2711,237.0,49.21156142389487,10
2712,237.4,49.16909598518159,10
2713,237.3,49.09186400118772,10
2714,237.5,48.92000272553822,10
2715,237.7,48.81723284069082,10
2716,238.0,48.63012326623169,10
2717,237.9,48.57399853145027,10
2718,237.7,48.60281198997989,10
2719,237.8,48.72325477177767,10
2720,237.7,48.71926381490864,10
2721,237.6,48.64885518808342,10
2722,237.7,48.8240605530602,10
2723,237.8,48.70272636676057,10
2724,237.7,48.26788672491151,10
2725,237.6,48.270533915054685,10
2726,238.0,48.14330459968217,10
2727,238.2,48.35930336783422,10
2728,238.3,48.31620386118466,10
2729,238.4,48.35103124259319,10
2730,238.2,48.366195724792014,10
2731,238.2,48.61138412621746,10
2732,238.1,48.683672827756126,10
2733,238.1,48.749814814463086,10
2734,238.2,48.61824074700084,10
2735,238.0,48.951222887913865,10
2736,238.0,49.055524097133485,10
2737,237.9,49.00668888586083,10
2738,238.1,49.09503256157615,10
2739,238.2,49.08903475658625,10
2740,238.4,49.26617049817811,10
2741,238.3,49.57609190818584,10
2742,238.3,49.60297930120282,10
2743,238.3,49.37396975015164,10
2744,238.3,49.66789707648191,10
2745,238.2,49.79915215699516,10
2746,238.3,49.94452478055583,10
2747,238.3,49.92004718658738,10
2748,238.4,49.8201208794644,10
2749,238.4,49.67270656787063,10
2750,238.5,50.053859880022124,10
2751,238.7,49.842083958571926,10
2752,238.5,49.74658000528501,10
2753,238.4,49.82904106375452,10
2754,238.5,49.74658000528501,10
2755,238.7,49.790784511013904,10
2756,239.1,49.630747638043005,10
2757,239.1,49.630747638043005,10
2758,239.0,49.562530650123634,10
2759,239.3,49.35371200719242,10
2760,239.4,49.14649303640879,10
2761,239.5,49.324886664283824,10
2762,239.4,49.25714838139401,10
2763,239.5,49.437390258341466,10
2764,239.6,49.35630095990222,10
2765,239.5,49.42165517260627,10
2766,239.5,49.42165517260627,10
2767,239.6,49.32252133773284,10
2768,239.6,49.32252133773284,10
2769,239.5,49.592226093299026,10
2770,239.7,49.443682890514715,10
2771,239.6,49.44177271183638,10
2772,239.8,49.20433585230744,10
2773,240.1,49.37486990137572,10
2774,240.2,49.55984037280364,10
2775,240.3,49.80863378973569,10
2776,240.3,49.80863378973569,10
2777,240.4,49.80896840262136,10
2778,240.3,49.743899681825866,10
2779,240.3,49.743899681825866,10
2780,240.4,49.81342969298317,10
2781,240.5,49.684001449158664,10
2782,240.4,49.69507017803677,10
2783,240.4,49.68836215184933,10
2784,240.4,49.60107525716218,10
2785,240.6,49.53158363890436,10
2786,240.6,49.77996026961497,10
2787,240.6,49.64361881338718,10
2788,240.9,50.03432155364289,10
2789,240.9,50.1297206145106,10
2790,240.9,50.1297206145106,10
2791,241.3,50.21520354102597,10
2792,241.2,50.05064102153605,10
2793,241.1,49.99877776283914,10
2794,241.1,49.99877776283914,10
2795,241.1,50.13415336208774,10
2796,241.0,49.94886273869395,10
2797,241.0,49.84197249529981,10
2798,241.0,49.835284242748685,10
2799,240.8,49.80584526159778,10
2800,240.8,50.285407646972715,10
2801,240.5,50.34381789256751,10
2802,240.6,50.24650347149651,10
2803,240.4,50.29954715943718,10
2804,240.3,50.15542509705871,10
2805,240.3,49.891103638045756,10
2806,240.2,49.66733780307179,10
2807,240.2,49.71429483670779,10
2808,240.2,49.71429483670779,10
2809,239.9,49.87640279285942,10
2810,239.7,49.85100021285653,10
2811,239.7,50.080047035831655,10
2812,239.8,50.16151690068571,10
2813,239.9,50.454489944459404,10
2814,239.9,50.454489944459404,10
2815,240.1,50.24042197275019,10
2816,240.0,50.20402816950493,10
2817,239.9,50.16960124307237,10
2818,240.2,50.24783024613545,10
2819,240.0,50.1021179414825,10
2820,240.0,50.11542233240737,10
2821,240.3,50.33233994604706,10
2822,240.3,50.25943803019599,10
2823,240.3,50.000111110987646,10
2824,240.3,50.000111110987646,10
2825,240.2,50.161516900685704,10
2826,240.3,50.017885689909846,10
2827,240.4,49.90034513352031,10
2828,240.4,49.99377739056909,10
2829,240.5,49.670581501193105,10
2830,240.6,49.81566018833837,10
2831,240.6,49.81566018833837,10
2832,240.9,49.898675110445346,10
2833,241.1,49.98766514518024,10
2834,241.1,50.15409587793736,10
2835,241.0,50.13315602805526,10
2836,241.1,49.86749108052928,10
2837,241.1,50.18731579459761,10
2838,241.2,50.23677272012338,10
2839,241.2,50.07949236519431,10
2840,240.9,50.18288774295698,10
2841,240.9,50.24705629852028,10
2842,240.9,50.40822243333809,10
2843,241.0,50.603030212297234,10
2844,241.1,50.505115252483755,10
2845,241.0,50.49752469181039,10
2846,241.2,50.5586568035364,10
2847,241.0,50.624982853220686,10
2848,241.0,50.624982853220686,10
2849,241.3,50.61850781417142,10
2850,241.2,50.65306835062742,10
2851,241.1,50.53810443615787,10
2852,241.0,50.71269838785724,10
2853,240.8,50.604786774024106,10
2854,240.7,50.675547467305286,10
2855,240.6,50.52875968748447,10
2856,240.7,50.600944216047544,10
2857,240.5,50.45404950161197,10
2858,240.6,50.52875968748447,10
2859,240.6,50.52875968748447,10
2860,240.5,50.23555624367179,10
2861,240.5,50.32174259480466,10
2862,240.6,50.39885360248231,10
2863,240.6,50.39885360248231,10
2864,240.5,50.49367397121259,10
2865,240.6,50.25755885657622,10
2866,240.6,50.120299724207996,10
2867,240.6,50.120299724207996,10
2868,240.4,49.933733865772325,10
2869,240.7,49.508809541557575,10
2870,240.7,49.663422712853325,10
2871,240.7,49.672371037070945,10
2872,240.7,49.866599821702074,10
2873,240.9,49.62850883200994,10
2874,241.1,49.523170783426664,10
2875,241.1,49.523170783426664,10
2876,241.2,49.398155611093195,10
2877,241.2,49.28105337979518,10
2878,241.2,48.98480490020463,10
2879,241.1,48.90228351859792,10
2880,240.9,48.97720558246118,10
2881,241.0,48.87853425698352,10
2882,241.1,48.76804509330082,10
2883,241.3,49.014850357371856,10
2884,241.6,49.1397101244107,10
2885,241.9,49.09276932502382,10
2886,242.0,49.08722395446249,10
2887,242.2,48.898534402031586,10
2888,242.0,49.00793586530428,10
2889,242.1,49.16514121927354,10
2890,242.2,49.143327793981015,10
2891,242.2,49.224655069047124,10
2892,242.2,49.224655069047124,10
2893,242.5,49.3136221883298,10
2894,242.6,49.42828699798887,10
2895,242.5,49.47333737591503,10
2896,242.4,49.28646422249779,10
2897,242.7,49.405465284723306,10
2898,242.8,49.33513510223272,10
2899,242.9,49.53887362465966,10
2900,243.1,49.54560189024518,10
2901,243.1,49.467048516046404,10
2902,242.9,49.48501456670157,10
2903,243.4,49.598835111768956,10
2904,243.5,49.98722058908879,10
2905,243.4,50.093689999617496,10
2906,243.4,50.093689999617496,10
2907,243.3,49.87773941237603,10
2908,243.1,49.78275024767337,10
2909,243.2,49.63153119629585,10
2910,243.1,49.635224947163834,10
2911,243.0,49.92438727159748,10
2912,243.1,50.06318230218912,10
2913,243.1,50.16517162777821,10
2914,243.3,50.19528530317033,10
2915,243.3,50.41836085307724,10
2916,243.3,50.23732565422735,10
2917,243.2,50.32074897870438,10
2918,243.3,50.30805104553346,10
2919,243.5,50.107107502052266,10
2920,243.5,50.107107502052266,10
2921,243.6,50.30838233667759,10
2922,243.7,50.09113915875963,10
2923,243.6,50.10477910228613,10
2924,243.7,50.28596004629699,10
2925,243.6,49.96265271847229,10
2926,243.8,50.09058461094926,10
2927,244.0,50.25048369031995,10
2928,244.0,50.02221728614418,10
2929,244.1,50.162956673448015,10
2930,244.2,50.30749888877845,10
2931,244.1,50.162956673448015,10
2932,244.2,50.07949236519431,10
2933,244.2,50.07949236519431,10
2934,244.3,49.97121393584733,10
2935,244.1,49.912033730465346,10
2936,244.5,50.04497976820452,10
2937,244.5,50.26209086158054,10
2938,244.8,50.31191597314585,10
2939,245.0,50.54151209099748,10
2940,245.5,50.89040512054638,10
2941,245.7,50.92489022515851,10
2942,245.6,50.79851266414096,10
2943,245.7,50.53282761400421,10
2944,245.8,50.46406862533205,10
2945,245.7,50.57458738229002,10
2946,245.9,50.77280549445518,10
2947,246.1,50.266954022167155,10
2948,246.3,50.0201070681692,10
2949,246.2,50.03731940595272,10
2950,246.2,50.030657267985866,10
2951,246.2,50.14379323505552,10
2952,246.4,50.26419092046433,10
2953,246.6,50.39885360248231,10
2954,246.7,50.00677731845732,10
2955,246.7,50.00677731845732,10
2956,246.8,50.139361339725454,10
2957,246.7,50.16207066433096,10
2958,246.7,50.22405355559779,10
2959,246.7,50.06007502102959,10
2960,246.9,50.096462505406066,10
2961,246.9,50.096462505406066,10
2962,247.0,50.30352318122901,10
2963,247.4,50.20668392864749,10
2964,247.4,50.52875968748447,10
2965,247.6,50.618837073432125,10
2966,247.8,50.508085161354785,10
2967,247.7,50.447001893075864,10
2968,247.9,50.397200098594546,10
2969,247.9,50.397200098594546,10
2970,248.0,50.3189825016365,10
2971,248.0,50.3189825016365,10
2972,247.9,50.18067357060884,10
2973,248.1,50.10976839787716,10
2974,248.2,50.32074897870438,10
2975,248.0,50.43147165543886,10
2976,248.0,50.43147165543886,10
2977,247.9,50.73120889113087,10
2978,248.0,50.7652549595795,10
2979,247.9,51.2324766790233,10
2980,248.0,51.44576432192126,10
2981,247.8,51.583373721039656,10
2982,248.0,51.514830658537335,10
2983,247.8,51.26575638550335,10
2984,247.7,51.053457821733836,10
2985,247.6,50.842239656936165,10
2986,247.6,50.728471076682155,10
2987,247.5,50.370295479247154,10
2988,247.7,50.338962157667794,10
2989,247.9,50.2183012235358,10
2990,247.9,50.14301768164958,10
2991,247.9,50.28905337037961,10
2992,248.2,50.27656843235558,10
2993,248.1,50.357499717299085,10
2994,247.9,50.231574842036466,10
2995,248.0,50.42926839753985,10
2996,247.9,50.37955934702089,10
2997,247.9,50.30672585914001,10
2998,247.8,50.17037638553918,10
2999,248.0,50.35871324805669,10
3000,248.1,50.397200098594546,10
3001,248.3,50.62070283545612,10
3002,248.4,50.65833264791358,10
3003,248.4,50.65833264791358,10
3004,248.3,50.74128277623436,10
3005,248.4,50.80069990768938,10
3006,248.4,50.80069990768938,10
3007,248.5,51.010347534157766,10
3008,248.4,51.09511827083984,10
3009,248.6,50.97101572898508,10
3010,248.7,50.86594582276481,10
3011,248.7,50.86594582276481,10
3012,248.8,50.83699440368205,10
3013,248.9,50.72682831708593,10
3014,248.6,50.73504158315478,10
3015,248.7,50.77411851633774,10
3016,248.8,50.5960033555572,10
3017,249.0,50.622788017519014,10
3018,249.1,50.66546051195912,10
3019,249.0,50.77182070575939,10
3020,248.9,50.56887492431596,10
3021,249.1,50.68519398097327,10
3022,249.0,50.77182070575939,10
3023,249.1,50.68519398097327,10
3024,249.0,50.61839806060858,10
3025,249.0,50.70393366287165,10
3026,249.3,50.809119916277496,10
3027,249.4,50.88374549456393,10
3028,249.5,50.796434695535254,10
3029,249.5,50.94495940609717,10
3030,249.6,50.929581013613515,10
3031,250.0,50.82431614012245,10
3032,250.0,50.79807520412997,10
3033,250.1,50.78593418566908,10
3034,249.9,50.88865841772168,10
3035,250.3,51.099141110416156,10
3036,250.5,51.286233803797465,10
3037,250.3,51.32045292949867,10
3038,250.3,51.409143155668325,10
3039,250.1,51.67946078150068,10
3040,250.2,51.87763380194676,10
3041,250.1,51.67946078150068,10
3042,250.3,51.70654375092833,10
3043,250.4,51.69182183328853,10
3044,250.4,51.69182183328853,10
3045,250.2,51.56829344557457,10
3046,250.1,51.589081532174355,10
3047,250.2,51.4841939066955,10
3048,250.3,51.55590277660853,10
3049,250.5,51.42038074105982,10
3050,250.6,51.49153112675693,10
3051,250.4,51.325107566050626,10
3052,250.2,50.99193836066421,10
3053,250.0,51.19027685453991,10
3054,250.1,51.34729247433057,10
3055,249.9,51.33863608974781,10
3056,249.9,51.438096560601636,10
3057,249.8,51.53596371036012,10
3058,249.7,51.30962656049815,10
3059,249.9,51.44241656670322,10
3060,249.9,51.6579562550092,10
3061,249.9,51.773974586122364,10
3062,249.8,51.89048296385593,10
3063,250.0,51.81162460726786,10
3064,250.2,51.785454843356675,10
3065,250.2,51.64149924667607,10
3066,250.2,51.92901137343386,10
3067,250.0,51.74510175422941,10
3068,249.9,51.853318762319034,10
3069,250.0,52.191953402799555,10
3070,249.9,52.06075510614711,10
3071,249.7,51.929546288965184,10
3072,250.1,52.22696195984939,10
3073,250.2,52.208556131474595,10
3074,250.5,52.47486170645056,10
3075,250.6,52.52343392345089,10
3076,250.8,52.60502722068385,10
3077,250.9,52.49645490676278,10
3078,251.0,52.69619425431868,10
3079,251.2,52.659915179068285,10
3080,251.3,52.64144965920128,10
3081,251.3,52.64144965920128,10
3082,251.6,52.65231872070466,10
3083,251.7,52.50830622122773,10
3084,251.8,52.685228796440974,10
3085,251.7,52.491374952885785,10
3086,251.9,52.28012156748596,10
3087,252.1,52.06075510614711,10
3088,252.2,51.856211456937984,10
3089,252.4,51.62083989157006,10
3090,252.6,51.59069683576682,10
3091,252.4,51.521732200003605,10
3092,252.9,51.27149955547104,10
3093,253.0,51.31817958146563,10
3094,253.2,51.42156918820912,10
3095,253.1,51.425134364865244,10
3096,252.9,51.141307505120885,10
3097,253.1,51.108707672959206,10
3098,253.2,50.81294673167022,10
3099,253.4,51.09294363108167,10
3100,253.4,51.01023862367676,10
3101,253.4,51.01023862367676,10
3102,253.4,51.0233062215472,10
3103,253.5,50.91223384959214,10
3104,253.4,50.522162353653165,10
3105,253.3,50.61850781417142,10
3106,253.3,50.651423145521456,10
3107,253.3,50.43598803323763,10
3108,253.6,50.215535444720686,10
3109,253.6,49.90925097948609,10
3110,253.7,49.7997099500701,10
3111,253.7,49.895557584485076,10
3112,253.6,50.00933246238479,10
3113,253.6,49.69730598555844,10
3114,253.5,49.5002805828187,10
3115,253.5,49.61686541220972,10
3116,253.6,49.686125941867424,10
3117,253.6,49.37655764069063,10
3118,253.9,49.45132286737467,10
3119,253.9,49.45132286737467,10
3120,254.1,49.24417619261072,10
3121,254.1,49.210319604281736,10
3122,254.0,49.31756504757937,10
3123,253.9,49.51419549538854,10
3124,253.8,49.678522074992884,10
3125,253.9,49.66655480971745,10
3126,254.3,49.493097161792846,10
3127,254.6,49.692834269920425,10
3128,254.5,49.68176504289856,10
3129,254.7,49.743899681825866,10
3130,254.8,49.91949073814311,10
3131,255.0,50.033322229623465,10
3132,255.0,50.035542922562115,10
3133,255.0,50.05108501432423,10
3134,255.1,49.90090179545856,10
3135,255.3,49.98233021111894,10
3136,255.3,49.98233021111894,10
3137,255.3,50.042315427379386,10
3138,255.4,50.02266153121669,10
3139,255.2,49.90168111173989,10
3140,255.3,49.78632119144552,10
3141,255.3,49.670134107149565,10
3142,255.4,49.542798557296784,10
3143,255.5,49.66610737940132,10
3144,255.5,49.46659928117602,10
3145,255.4,49.34054001415964,10
3146,255.6,49.324774032258205,10
3147,255.7,49.56040085928819,10
3148,255.9,49.419856558090316,10
3149,255.8,49.13202169212616,10
3150,255.9,49.131230167560204,10
3151,255.9,49.08371533524241,10
3152,255.7,49.15519640214383,10
3153,255.7,49.26357680883515,10
3154,255.8,49.45884933738125,10
3155,255.7,49.564884522994475,10
3156,255.7,49.871055956558834,10
3157,255.9,49.99877776283914,10
3158,255.9,49.99877776283914,10
3159,256.1,49.7849821175467,10
3160,256.1,49.480523665602234,10
3161,256.1,49.183217553235465,10
3162,256.3,49.16423722811351,10
3163,256.1,49.39511896713862,10
3164,256.0,49.398605468395786,10
3165,256.2,49.53292956318161,10
3166,256.3,49.425701815958064,10
3167,256.3,49.13484846148743,10
3168,256.4,49.22104337690446,10
3169,256.4,49.22104337690446,10
3170,256.4,49.32702662390624,10
3171,256.2,49.31035500897465,10
3172,256.1,49.095032561576154,10
3173,256.3,49.10091648839153,10
3174,256.3,49.069225476757715,10
3175,256.3,49.069225476757715,10
3176,256.3,49.069225476757715,10
3177,256.4,49.15779580991085,10
3178,256.5,49.05835527432837,10
3179,256.6,49.18265276836268,10
3180,256.6,49.18265276836268,10
3181,256.9,49.16740112445779,10
3182,257.1,49.41086250343474,10
3183,257.2,49.29232529850193,10
3184,257.3,49.19586703508063,10
3185,257.2,49.10940167965125,10
3186,257.2,49.2945793729448,10
3187,257.3,49.198125528881235,10
3188,257.3,49.198125528881235,10
3189,257.6,49.132926276016214,10
3190,257.8,49.21336765103111,10
3191,257.8,49.129760159533994,10
3192,258.0,48.92397730720138,10
3193,258.3,48.90819063419859,10
3194,258.5,48.94043999257328,10
3195,258.7,49.13258705900913,10
3196,258.8,49.30359464019276,10
3197,259.1,49.44233453675549,10
3198,259.1,49.44233453675549,10
3199,259.1,49.15157960613044,10
3200,259.3,49.035248093137604,10
3201,259.6,49.09899297451131,10
3202,259.8,49.150110206726225,10
3203,259.9,49.27349975166953,10
3204,259.9,49.208061670150485,10
3205,260.0,48.973915959870354,10
3206,260.0,48.973915959870354,10
3207,260.2,48.86443833027587,10
3208,260.1,48.99988662118402,10
3209,260.1,48.69280120191166,10
3210,260.1,48.76576668114632,10
3211,260.2,48.76428565615983,10
3212,260.1,48.567135664630946,10
3213,260.2,48.64794160313694,10
3214,260.4,48.96756295980251,10
3215,260.4,48.96756295980251,10
3216,260.4,48.772032058456524,10
3217,260.5,48.77442408111494,10
3218,260.6,48.956216266283406,10
3219,260.7,48.93544500439101,10
3220,260.9,48.76576668114632,10
3221,261.2,48.71869365152468,10
3222,261.1,48.63800525880513,10
3223,261.2,48.64108916909196,10
3224,261.2,48.83031845073304,10
3225,261.2,48.83031845073304,10
3226,261.3,49.15519640214382,10
3227,261.2,49.034681603942325,10
3228,261.2,49.034681603942325,10
3229,261.2,49.01201666711723,10
3230,261.2,49.19981933119493,10
3231,261.1,49.140275402837,10
3232,261.1,49.140275402837,10
3233,261.4,49.11483143274205,10
3234,261.6,49.10578151071193,10
3235,261.6,49.10578151071193,10
3236,261.8,49.1365444450462,10
3237,261.9,49.32984221881652,10
3238,261.9,49.19451188903088,10
3239,262.1,49.3973683509557,10
3240,261.8,49.2585018042571,10
3241,261.7,49.05337229318014,10
3242,261.9,49.183217553235465,10
3243,262.0,49.05778905196061,10
3244,261.8,48.9280651115038,10
3245,261.9,48.936353221982806,10
3246,262.2,48.868985847649604,10
3247,262.1,48.89546672920371,10
3248,262.1,48.834072804412564,10
3249,262.2,48.84624402710566,10
3250,262.5,48.726561316983755,10
3251,262.4,48.80846921044202,10
3252,262.6,48.894898620521865,10
3253,262.9,48.63115142466698,10
3254,262.8,48.8553420256623,10
3255,262.9,48.91364272311401,10
3256,262.9,48.81359100359926,10
3257,262.9,48.97720558246118,10
3258,262.8,48.99160925891063,10
3259,262.8,49.06413036923093,10
3260,263.0,49.3400896274464,10
3261,263.0,49.22284925610147,10
3262,263.2,49.29232529850193,10
3263,263.2,49.51498089804068,10
3264,263.2,49.611378623143395,10
3265,263.5,49.35866466769313,10
3266,263.7,49.42120552511397,10
3267,263.5,49.11041980408367,10
3268,263.7,49.53124715212049,10
3269,263.8,49.42738781957495,10
3270,263.8,49.76567313140878,10
3271,264.0,49.84197249529981,10
3272,263.9,49.81621779657259,10
3273,263.8,49.92394215203764,10
3274,264.0,49.964431793471284,10
3275,263.9,50.052083983697536,10
3276,263.9,50.052083983697536,10
3277,264.0,49.917710061437894,10
3278,264.1,49.97210332886851,10
3279,264.3,50.10001108893202,10
3280,264.3,50.46682078356036,10
3281,264.5,50.427615890942576,10
3282,264.5,50.52227231627651,10
3283,264.7,50.78068311649399,10
3284,265.0,50.84398795443874,10
3285,264.9,50.86026608922398,10
3286,265.0,50.91823510950342,10
3287,265.0,50.91823510950342,10
3288,265.2,51.105120421865095,10
3289,265.3,51.012090070230734,10
3290,265.3,50.785059045178066,10
3291,265.3,51.10783805945142,10
3292,265.5,51.130008583783535,10
3293,265.7,51.0447516074539,10
3294,265.9,51.2324766790233,10
3295,266.0,51.432804058629095,10
3296,265.8,51.57260254566695,10
3297,265.7,51.691499408617574,10
3298,265.5,51.70052653933463,10
3299,265.4,51.812053509669816,10
3300,265.3,51.75809115491026,10
3301,265.2,51.64795360041975,10
3302,265.4,51.706866081788405,10
3303,265.3,51.822453306136204,10
3304,265.4,51.721905954397656,10
3305,265.4,51.904185230523034,10
3306,265.5,51.987712223392,10
3307,265.5,51.987712223392,10
3308,265.5,51.987712223392,10
3309,265.6,51.89776274347265,10
3310,265.5,51.86146074987776,10
3311,265.4,51.848497245982614,10
3312,265.3,51.79242758893964,10
3313,265.1,51.763243072022966,10
3314,265.0,51.78588396250254,10
3315,264.8,51.53596371036012,10
3316,264.8,51.53596371036012,10
3317,264.9,51.64720063404534,10
3318,265.1,51.773974586122364,10
3319,265.2,51.78974587481365,10
3320,265.1,51.67731073154295,10
3321,265.1,51.49638606521605,10
3322,265.0,51.70428737864331,10
3323,265.0,51.387417396349726,10
3324,264.9,51.191253593211066,10
3325,265.1,51.40568494285865,10
3326,265.2,51.42589058268434,10
3327,265.4,51.53467009909176,10
3328,265.4,51.53467009909176,10
3329,265.5,51.44414446756793,10
3330,265.7,51.21425582784543,10
3331,265.8,50.96578372899912,10
3332,265.9,50.94103344936073,10
3333,265.9,50.943214573789035,10
3334,265.9,50.94103344936073,10
3335,266.2,51.094248426043244,10
3336,266.2,51.22889809472774,10
3337,266.1,51.34296446447167,10
3338,266.1,51.34296446447167,10
3339,266.3,51.20557695321,10
3340,266.3,51.11435980013618,10
3341,266.3,51.65279383645294,10
3342,266.4,51.83135044438731,10
3343,266.5,52.13923666491484,10
3344,266.5,52.113657838740636,10
3345,266.4,51.957675082705535,10
3346,266.5,51.98557492228012,10
3347,266.6,51.81419796842475,10
3348,266.5,51.79071130789553,10
3349,266.4,51.970504455251664,10
3350,266.5,52.169062777771956,10
3351,266.4,52.256206436279996,10
3352,266.5,52.34553997768631,10
3353,266.8,52.253229565262274,10
3354,266.8,52.348829977373896,10
3355,266.7,52.23674738895768,10
3356,266.9,52.1652289471743,10
3357,266.8,52.11909438967641,10
3358,266.9,52.23121671950597,10
3359,266.5,52.2733201547405,10
3360,266.4,52.313584384088145,10
3361,266.3,52.115363484399786,10
3362,266.4,52.209407411138294,10
3363,266.4,52.209407411138294,10
3364,266.3,52.01292574393835,10
3365,266.4,52.03033303329468,10
3366,266.2,52.04656035171243,10
3367,266.2,52.04656035171243,10
3368,266.0,52.11738886611859,10
3369,266.1,52.314115367333386,10
3370,266.3,52.22185579067659,10
3371,266.3,52.51042224591652,10
3372,266.3,52.63933890162376,10
3373,266.5,52.77467827155999,10
3374,266.6,52.795622714177526,10
3375,266.6,52.95742524791862,10
3376,266.8,52.72949838562851,10
3377,266.8,52.56699429194035,10
3378,266.9,52.44987024663539,10
3379,267.1,52.45198862875564,10
3380,267.1,52.45198862875564,10
3381,267.5,52.73887455083668,10
3382,267.7,52.82265927926512,10
3383,267.8,52.8389586910601,10
3384,268.0,52.71938289977732,10
3385,268.1,52.62962832642634,10
3386,268.4,52.555156211778545,10
3387,268.5,52.52988567367046,10
3388,268.7,52.537922811368674,10
3389,268.7,52.571749912751514,10
3390,268.8,52.80740688788101,10
3391,269.1,52.545112892531584,10
3392,269.4,52.56572605372778,10
3393,269.6,52.69450740932219,10
3394,269.7,52.77636255412497,10
3395,269.7,52.92982775965426,10
3396,269.7,52.92982775965426,10
3397,270.1,52.730868041825794,10
3398,270.0,52.847789820283765,10
3399,269.9,53.033427613576364,10
3400,269.9,53.03971258511033,10
3401,269.9,53.34468629165941,10
3402,270.0,53.72564047495799,10
3403,269.8,53.65279323783825,10
3404,270.0,53.41452153779075,10
3405,270.1,53.29675829208043,10
3406,270.7,53.13724368714157,10
3407,270.9,53.02295100551584,10
3408,271.0,53.124591501697424,10
3409,271.1,53.23417866162469,10
3410,271.3,53.65745262516869,10
3411,271.3,53.78981729328001,10
3412,271.4,54.340899268721465,10
3413,271.3,54.46109722647085,10
3414,271.3,54.630170744338294,10
3415,271.3,54.630170744338294,10
3416,271.4,54.821325939617495,10
3417,271.6,54.90233753372134,10
3418,271.6,55.11845829161448,10
3419,271.8,55.1055552755094,10
3420,271.6,54.896265811073164,10
3421,271.4,54.90638497580324,10
3422,271.6,54.92661771248375,10
3423,271.5,54.94492191681088,10
3424,271.6,55.05593115692037,10
3425,271.8,55.413195380001525,10
3426,271.7,55.53587429160842,10
3427,271.9,55.61065045874257,10
3428,272.0,55.723523857623285,10
3429,272.2,55.971818305683485,10
3430,272.2,55.971818305683485,10
3431,272.0,56.065437957206164,10
3432,272.0,56.08129020547861,10
3433,272.2,55.92812848250472,10
3434,272.4,56.23008289360974,10
3435,272.3,56.360052834925156,10
3436,272.4,56.46867371482273,10
3437,272.2,56.258925217841366,10
3438,272.2,56.258925217841366,10
3439,272.1,56.15148162683589,10
3440,272.0,55.98809397243905,10
3441,271.7,55.78739403604844,10
3442,271.5,55.43214069673137,10
3443,271.3,55.41169150599497,10
3444,271.1,55.35832768829315,10
3445,270.9,55.49664654533441,10
3446,270.9,55.54067578510966,10
3447,271.0,55.40758070878027,10
3448,271.3,55.52987184089899,10
3449,271.5,55.548277301020875,10
3450,271.5,55.548277301020875,10
3451,271.4,55.86929190331463,10
3452,271.8,55.96387723840759,10
3453,271.7,56.09723700860854,10
3454,271.8,56.11456535022297,10
3455,271.9,56.25230859460101,10
3456,271.9,56.16928777266887,10
3457,271.8,56.27274848647632,10
3458,272.0,56.26327003965869,10
3459,272.2,56.07494984393656,10
3460,272.1,56.15939616642773,10
3461,272.3,56.26139390776276,10
3462,272.3,56.26139390776276,10
3463,272.5,56.198556723262726,10
3464,272.8,55.94997765861931,10
3465,273.0,56.178287620752556,10
3466,273.2,56.14623762996057,10
3467,273.2,56.14623762996057,10
3468,273.5,56.17680422855445,10
3469,273.5,56.17680422855445,10
3470,273.5,55.88529919993868,10
3471,273.4,55.682033807044874,10
3472,273.5,55.65419021860698,10
3473,273.3,55.8948417417326,10
3474,273.4,55.666067861050784,10
3475,273.4,55.4300359813061,10
3476,273.4,55.259388342615594,10
3477,273.4,55.42602677844087,10
3478,273.9,55.29205287481295,10
3479,274.1,55.19953703509559,10
3480,274.1,54.718369858759495,10
3481,274.4,54.59995929994413,10
3482,274.3,54.68708968100037,10
3483,274.3,54.41415257081562,10
3484,274.3,54.246454057180344,10
3485,274.3,54.35694783353622,10
3486,274.3,54.23416307498849,10
3487,274.4,54.41854259145294,10
3488,274.6,54.432833228974346,10
3489,274.7,54.41211058007012,10
3490,274.8,54.70283356463356,10
3491,274.8,54.82862188472165,10
3492,275.0,54.92216714992631,10
3493,274.8,54.909622714663286,10
3494,274.9,55.030193732370435,10
3495,274.7,54.89191399671013,10
3496,274.8,55.30280282228017,10
3497,274.7,55.1826260903033,10
3498,274.7,54.97484273131969,10
3499,274.9,54.752879173407656,10
3500,275.0,54.64227097932312,10
3501,275.0,54.55883674224247,10
3502,275.0,54.45283382075823,10
3503,275.2,54.31963017383515,10
3504,275.2,54.31963017383515,10
3505,275.4,54.12372656957185,10
3506,275.3,54.2321143071356,10
3507,275.3,54.2321143071356,10
3508,275.3,54.48761327127478,10
3509,275.4,54.78685973844458,10
3510,275.3,54.77844263738955,10
3511,275.4,54.76048859452507,10
3512,275.5,54.85789723356965,10
3513,275.2,54.83267476808169,10
3514,275.1,54.84209656418649,10
3515,275.2,54.531947822660186,10
3516,275.0,54.50382249591919,10
3517,275.1,54.41905303598487,10
3518,275.2,54.436099133652924,10
3519,275.0,54.70730197047638,10
3520,274.9,54.624882405162005,10
3521,274.7,54.72567952981488,10
3522,274.8,55.16802616653156,10
3523,274.7,55.13024981300597,10
3524,274.6,54.912455579565716,10
3525,274.7,55.09799351055254,10
3526,274.9,55.06047180651066,10
3527,275.2,55.23042639705038,10
3528,275.1,55.213625532511855,10
3529,274.9,55.1612786895542,10
3530,274.6,54.90638497580323,10
3531,274.6,54.71786220645361,10
3532,274.6,54.697552250738084,10
3533,274.8,54.56861124614895,10
3534,274.8,54.63576362298478,10
3535,275.0,54.56290966500148,10
3536,275.0,54.56290966500148,10
3537,274.7,54.573192442199435,10
3538,274.5,54.75653182751605,10
3539,274.5,54.882197072963066,10
3540,274.6,54.74222420683243,10
3541,274.6,54.74222420683243,10
3542,274.6,54.473642964077385,10
3543,274.5,54.559345874215005,10
3544,274.8,54.68861348072782,10
3545,274.7,54.50800145136696,10
3546,274.7,54.67489775431176,10
3547,274.9,54.13655573331819,10
3548,275.0,54.04936015655813,10
3549,275.0,53.929995776417826,10
3550,275.4,54.03537935669761,10
3551,275.3,54.01861818957526,10
3552,275.2,54.23774823251176,10
3553,275.3,54.35081518350126,10
3554,275.2,54.49322078122297,10
3555,275.0,54.49158956511852,10
3556,275.2,54.49322078122297,10
3557,275.1,54.60453786596454,10
3558,275.1,54.92712343541112,10
3559,275.0,54.74790711372749,10
3560,274.9,54.71024685660915,10
3561,274.7,54.64033918879592,10
3562,274.7,54.64033918879592,10
3563,274.8,54.476906422201814,10
3564,274.8,54.4156840135881,10
3565,274.8,54.39730385475614,10
3566,274.7,54.49169151755563,10
3567,274.7,54.53041964506294,10
3568,274.7,54.60779350157916,10
3569,274.5,54.4431405739562,10
3570,274.7,54.47333700485445,10
3571,274.7,54.56504782774816,10
3572,274.7,54.56504782774816,10
3573,274.9,54.54956971008622,10
3574,275.0,54.59751724106957,10
3575,274.8,54.54009738002145,10
3576,274.8,54.54009738002145,10
3577,274.8,54.02838760010025,10
3578,274.8,54.10442577912541,10
3579,275.0,53.700817291525254,10
3580,275.0,53.48935511960404,10
3581,275.2,53.414105502822636,10
3582,275.3,53.4499766136525,10
3583,275.3,53.4499766136525,10
3584,275.3,53.655381836307896,10
3585,275.4,53.51469164838962,10
3586,275.3,53.59529415494942,10
3587,275.2,53.436982616078836,10
3588,275.1,53.280077577521105,10
3589,275.1,53.280077577521105,10
3590,275.1,53.42793692858115,10
3591,275.0,53.27288240746881,10
3592,274.9,53.119257859608275,10
3593,275.1,53.00618412558629,10
3594,275.2,52.85367642000991,10
3595,275.3,52.84789494388589,10
3596,275.5,52.99737939013798,10
3597,275.7,53.001153027290094,10
3598,275.7,52.9634045565636,10
3599,275.7,52.98647626202998,10
3600,275.7,53.028399100021026,10
3601,275.8,52.89990548195715,10
3602,275.9,52.91177142711776,10
3603,276.0,52.54204665471899,10
3604,275.9,52.439277052394395,10
3605,275.9,52.40960471771054,10
3606,275.8,52.3021138302374,10
3607,275.8,52.3021138302374,10
3608,275.8,52.14893202272805,10
3609,275.9,52.11621628629615,10
3610,275.9,52.124743537871616,10
3611,276.1,52.51338453723542,10
3612,276.2,52.39762505220166,10
3613,276.3,52.54426705169652,10
3614,276.3,52.556953234879714,10
3615,276.3,52.556953234879714,10
3616,276.5,52.343417287499804,10
3617,276.6,52.489575684659094,10
3618,276.6,52.61643173846825,10
3619,276.7,52.63933890162375,10
3620,276.9,52.695034554184204,10
3621,276.9,52.39264155288306,10
3622,276.9,52.39264155288306,10
3623,276.9,52.0799598907509,10
3624,276.8,51.93542999618747,10
3625,276.9,52.090626156088135,10
3626,277.0,52.14083492490954,10
3627,277.1,52.13753180025137,10
3628,277.1,52.28224682751625,10
3629,277.1,52.50703656548224,10
3630,277.1,52.50703656548224,10
3631,277.1,52.48587111467873,10
3632,277.4,52.66286906139636,10
3633,277.4,52.41543453771778,10
3634,277.4,52.41543453771778,10
3635,277.6,52.17534539096667,10
3636,277.9,52.28012156748596,10
3637,278.0,52.330148523049736,10
3638,278.1,52.20355458310392,10
3639,278.1,52.411724727286824,10
3640,278.0,52.41501057267215,10
3641,278.1,52.331103986486326,10
3642,278.2,52.35519713138961,10
3643,278.2,52.35519713138961,10
3644,278.3,52.13667934701378,10
3645,278.5,52.16480294860383,10
3646,278.2,51.90118816880143,10
3647,278.2,51.90118816880143,10
3648,278.1,51.85974675346316,10
3649,278.2,51.980338163151224,10
3650,278.2,51.86478145674148,10
3651,278.0,51.83306537980044,10
3652,278.0,51.61395160225576,10
3653,278.2,51.542431279696366,10
3654,278.5,51.60157189681553,10
3655,278.6,51.659569405010636,10
3656,278.5,51.758520500922785,10
3657,278.7,51.955215757847114,10
3658,278.8,51.74252495664363,10
3659,278.7,51.60760064607194,10
3660,278.6,51.59931093424493,10
3661,278.6,51.38568758797423,10
3662,278.8,51.74896671002771,10
3663,278.8,51.95681967856685,10
3664,278.9,52.01805242199844,10
3665,279.0,52.14722747503777,10
3666,279.0,51.940136482086544,10
3667,279.1,52.07142530537582,10
3668,279.1,51.81902267614772,10
3669,279.0,51.69139193328034,10
3670,279.3,51.76023784935906,10
3671,279.5,51.47869030536379,10
3672,279.6,51.508791051193924,10
3673,279.7,51.50199564633933,10
3674,279.5,51.45494253335739,10
3675,279.5,51.45494253335739,10
3676,279.6,51.30345450790272,10
3677,279.6,51.07336770655416,10
3678,279.6,51.01023862367676,10
3679,279.7,50.913979743615926,10
3680,279.7,50.70623454982851,10
3681,280.1,50.46990302260458,10
3682,279.9,50.46549976634203,10
3683,280.0,50.1109879279097,10
3684,279.9,50.19617072601809,10
3685,279.9,50.19617072601809,10
3686,279.9,50.33101539916626,10
3687,280.0,50.50412524404978,10
3688,280.2,50.94397794527719,10
3689,280.0,50.89640895431076,10
3690,279.9,50.77280549445518,10
3691,279.9,51.069560405392174,10
3692,280.0,51.333333333333336,10
3693,280.0,51.248848225540094,10
3694,280.0,51.248848225540094,10
3695,280.0,51.248848225540094,10
3696,280.1,51.09131259051995,10
3697,280.1,51.09131259051995,10
3698,280.2,51.0333224472011,10
3699,280.3,50.9096148962933,10
3700,280.3,50.62509259250792,10
3701,280.3,50.62509259250792,10
3702,280.3,50.62509259250792,10
3703,280.3,50.62509259250792,10
3704,280.3,51.02297957238919,10
3705,280.1,51.089137788770714,10
3706,280.2,50.985400960579994,10
3707,280.3,50.907432332289815,10
3708,280.3,50.747851623930295,10
3709,280.3,50.73033280658296,10
3710,280.2,50.6771918892294,10
3711,280.3,50.57019324112223,10
3712,280.6,50.370185184844765,10
3713,280.8,50.42442089129257,10
3714,281.0,50.45349894264575,10
3715,281.0,50.45349894264575,10
3716,281.0,50.50412524404978,10
3717,280.8,50.5938072626812,10
3718,281.0,50.98583681333038,10
3719,281.2,51.09207374926173,10
3720,281.5,51.1234888393888,10
3721,281.4,51.14076434487245,10
3722,281.6,51.11251205809483,10
3723,281.6,50.907759722855616,10
3724,281.6,50.91648936139342,10
3725,281.6,50.71751834097038,10
3726,281.5,50.79205974690664,10
3727,281.5,50.87511943747924,10
3728,281.4,50.57271991894444,10
3729,281.4,50.702180536058904,10
3730,281.2,50.898155391155605,10
3731,281.2,50.91125175789292,10
3732,281.2,50.91125175789292,10
3733,281.3,50.791622231317724,10
3734,281.3,50.74128277623436,10
3735,281.5,50.708864007083505,10
3736,281.7,51.01644615001889,10
3737,281.6,50.892479252286826,10
3738,281.6,50.890295953376246,10
3739,281.6,50.914307092080385,10
3740,281.7,51.04039794341559,10
3741,281.5,50.796434695535254,10
3742,281.6,50.914307092080385,10
3743,281.7,51.01644615001889,10
3744,281.8,51.08337411635131,10
3745,281.8,51.23974152072892,10
3746,281.8,51.23974152072892,10
3747,282.0,51.170738165913185,10
3748,281.9,51.27583359742785,10
3749,282.1,51.15651365064755,10
3750,282.3,51.18170245963558,10
3751,282.2,51.11599010529332,10
3752,282.2,51.1789887442971,10
3753,282.3,51.16867531345064,10
3754,282.2,51.04420741975637,10
3755,282.1,50.92576296270222,10
3756,282.0,50.85491345211613,10
3757,282.0,51.066405569393446,10
3758,282.2,51.09207374926173,10
3759,282.3,50.98594577593581,10
3760,282.5,50.87293539354256,10
3761,282.5,50.89258841477368,10
3762,282.7,50.87468263619276,10
3763,282.6,50.951392958823455,10
3764,282.7,50.85065278724442,10
3765,282.8,50.991938360664214,10
3766,282.9,50.91485266817751,10
3767,283.0,50.81557066709201,10
3768,283.0,50.81557066709201,10
3769,283.0,50.81557066709201,10
3770,283.1,50.89520824421708,10
3771,283.4,50.95357363980143,10
3772,283.7,51.33560601029703,10
3773,283.9,51.4877547470162,10
3774,283.9,51.4877547470162,10
3775,284.1,51.50285860459053,10
3776,284.2,51.376172600838146,10
3777,284.1,51.390552525623704,10
3778,284.2,51.53596371036013,10
3779,284.3,51.41130442054765,10
3780,284.4,51.63160100386412,10
3781,284.3,51.430751717452296,10
3782,284.4,51.307785850579144,10
3783,284.3,51.15998870645345,10
3784,284.3,51.15998870645345,10
3785,284.5,50.96676476990776,10
3786,284.6,51.086419156388544,10
3787,284.6,51.086419156388544,10
3788,284.7,50.924890225158514,10
3789,284.8,51.14858529595689,10
3790,284.9,51.07826239104938,10
3791,285.1,51.23464539634181,10
3792,285.3,51.415626677758844,10
3793,285.3,51.415626677758844,10
3794,285.5,51.05389309347525,10
3795,285.6,50.93176262848601,10
3796,285.6,50.86845781031699,10
3797,285.7,50.747851623930295,10
3798,285.7,50.98594577593581,10
3799,285.8,50.91561646489218,10
3800,285.8,50.91561646489218,10
3801,285.9,51.03473762492019,10
3802,286.2,51.421569188209126,10
3803,286.2,51.397795024040995,10
3804,286.4,51.66602150134823,10
3805,286.6,51.754119535442676,10
3806,286.7,51.790282228747635,10
3807,286.9,51.52658429285691,10
3808,287.0,51.45656204778724,10
3809,287.1,51.35378380519892,10
3810,287.2,51.39130925231101,10
3811,287.0,51.15119201391542,10
3812,287.0,50.795887847563236,10
3813,287.1,50.652300594894555,10
3814,287.1,50.80999464234921,10
3815,287.0,50.73241348268164,10
3816,287.1,50.531508322365895,10
3817,287.0,50.69735912473373,10
3818,286.8,50.823878902211575,10
3819,286.8,50.92870834149766,10
3820,286.9,50.849341741615056,10
3821,287.0,50.994553086035026,10
3822,287.1,50.97809987305006,10
3823,287.0,50.791512851831634,10
3824,286.9,50.93448951567319,10
3825,286.9,50.75310608995057,10
3826,286.9,50.75310608995057,10
3827,287.1,50.691770096886096,10
3828,287.3,50.627287328299765,10
3829,287.6,50.669298177276715,10
3830,287.4,50.64736474443222,10
3831,287.5,50.528869635750475,10
3832,287.3,50.47782791593861,10
3833,287.3,50.535026356863504,10
3834,287.4,50.653945771501576,10
3835,287.3,50.535026356863504,10
3836,287.1,50.555689865511454,10
3837,286.9,50.47650718678718,10
3838,286.8,50.43764026553538,10
3839,286.5,50.40778158622381,10
3840,286.2,50.11719598434587,10
3841,286.3,50.239537329787495,10
3842,286.2,50.04620087701186,10
3843,286.3,50.0400950349928,10
3844,286.4,49.92038105267672,10
3845,286.4,49.92038105267672,10
3846,286.6,49.74423473015631,10
3847,286.9,49.61731328657143,10
3848,286.9,49.48950506027628,10
3849,286.9,49.54560189024518,10
3850,287.2,49.75450845010039,10
3851,287.0,49.59838707054898,10
3852,287.0,49.562530650123634,10
3853,287.1,49.682212332204195,10
3854,287.3,49.71932331710792,10
3855,287.3,49.71932331710792,10
3856,287.3,49.71932331710792,10
3857,287.2,49.52844300668725,10
3858,287.4,49.871390150621984,10
3859,287.4,49.62571018243579,10
3860,287.6,49.5472838138816,10
3861,287.8,49.36890609370324,10
3862,288.0,49.40535283639708,10
3863,287.9,49.720217215937424,10
3864,287.9,49.69562913934741,10
3865,287.8,49.47457259374085,10
3866,287.9,49.473786549601755,10
3867,287.8,49.47457259374085,10
3868,287.6,49.248124611783716,10
3869,287.7,49.10770475869002,10
3870,287.8,48.93260671576776,10
3871,287.9,49.140275402837,10
3872,288.1,48.79310060517437,10
3873,288.1,48.79310060517437,10
3874,288.3,48.73750552135844,10
3875,288.3,48.89455775214433,10
3876,288.4,49.144232169762866,10
3877,288.4,49.132926276016214,10
3878,288.3,48.992176246144986,10
3879,288.7,49.20715846748768,10
3880,288.8,49.47681836532696,10
3881,288.8,49.22239779251357,10
3882,288.7,49.13484846148742,10
3883,289.0,49.35585071701227,10
3884,289.0,49.35585071701227,10
3885,288.8,49.34189114963291,10
3886,288.9,49.34560658142616,10
3887,288.8,49.34189114963291,10
3888,288.7,49.414460321740734,10
3889,288.6,49.29322694064797,10
3890,288.8,49.4700807447177,10
3891,289.1,49.467048516046404,10
3892,289.5,49.42165517260627,10
3893,289.7,49.1371097598908,10
3894,289.8,49.29007112097842,10
3895,290.0,49.26571943157951,10
3896,289.9,49.135752993336965,10
3897,289.9,49.135752993336965,10
3898,290.0,49.27248499698161,10
3899,290.0,49.27248499698161,10
3900,290.0,49.23413450036468,10
3901,290.1,49.37036898113415,10
3902,290.4,49.0559770964649,10
3903,290.3,48.953606154762035,10
3904,290.2,49.0709237283705,10
3905,290.1,49.02709001720942,10
3906,290.1,49.02709001720942,10
3907,290.0,49.43907586335147,10
3908,289.9,49.39061989217521,10
3909,289.8,49.49927047722802,10
3910,289.8,49.440873778686395,10
3911,289.9,49.55232924225998,10
3912,289.8,49.669574858928144,10
3913,290.0,49.60062723617739,10
3914,290.3,49.53797645353624,10
3915,290.6,49.58315126016991,10
3916,290.7,49.59401845653029,10
3917,290.6,49.48220780127832,10
3918,290.7,49.647759264643554,10
3919,290.7,49.36496733514568,10
3920,290.5,49.309115677416976,10
3921,290.6,49.06956513178227,10
3922,290.6,49.06956513178227,10
3923,290.6,49.06956513178227,10
3924,290.7,49.11222975096031,10
3925,290.7,48.99217624614499,10
3926,290.9,49.09955872171019,10
3927,291.1,49.17643970665447,10
3928,291.1,49.210319604281736,10
3929,291.3,49.55143231476205,10
3930,291.4,49.81789058382764,10
3931,291.7,49.835395720979946,10
3932,291.3,49.69697062084256,10
3933,291.2,49.685231429693694,10
3934,291.2,49.627053553928064,10
3935,291.3,49.76176577788748,10
3936,291.5,49.56533286705762,10
3937,291.6,49.36530495533613,10
3938,291.4,49.338288039479714,10
3939,291.3,49.1212784849906,10
3940,291.2,48.98934124435187,10
3941,291.2,48.8189398583059,10
3942,291.0,48.680363369409825,10
3943,290.8,48.85079323818601,10
3944,290.8,48.757449573258945,10
3945,290.8,48.757449573258945,10
3946,290.9,48.63800525880513,10
3947,291.0,48.56610615096362,10
3948,291.0,48.56610615096362,10
3949,291.2,48.64794160313694,10
3950,291.6,48.81757424898901,10
3951,291.9,49.03388850807391,10
3952,291.8,49.01881724852655,10
3953,292.1,48.74753555024317,10
3954,292.3,48.46315897439804,10
3955,292.4,48.291246043609654,10
3956,292.3,48.46315897439804,10
3957,292.5,48.51403004401006,10
3958,292.7,48.874101298926995,10
3959,292.8,49.11618877722497,10
3960,293.0,49.400854693460964,10
3961,293.0,49.360352961100716,10
3962,293.0,49.52216114472837,10
3963,293.1,49.57250582059912,10
3964,293.1,49.57250582059912,10
3965,293.2,49.402653999782466,10
3966,293.5,49.23695540727288,10
3967,293.4,49.3608031629236,10
3968,293.3,49.477379792296105,10
3969,293.4,49.3608031629236,10
3970,293.4,49.12614149083742,10
3971,293.7,49.37171930029039,10
3972,293.7,49.432445485396194,10
3973,293.8,49.90613411417701,10
3974,293.8,49.90613411417701,10
3975,293.7,49.98455316950984,10
3976,294.0,49.84420171338331,10
3977,293.7,49.93340008896295,10
3978,293.8,50.185876720669356,10
3979,293.6,50.24650347149652,10
3980,294.1,50.53370712262811,10
3981,294.2,50.45305849114711,10
3982,294.3,50.40513642256886,10
3983,294.4,50.636394465289925,10
3984,294.5,50.51127486897246,10
3985,294.7,50.55920621739757,10
3986,294.9,50.80562086138808,10
3987,294.9,50.84060057342622,10
3988,295.0,50.9683997961264,10
3989,295.1,51.023850632163516,10
3990,295.0,50.89640895431076,10
3991,295.1,51.01731732134361,10
3992,295.1,51.191253593211066,10
3993,295.3,51.12740078579304,10
3994,295.5,50.92750839292171,10
3995,295.4,51.0494313821853,10
3996,295.6,50.986272662354914,10
3997,295.6,50.986272662354914,10
3998,295.6,50.986272662354914,10
3999,295.4,51.09729281804794,10
4000,295.4,50.99716767734372,10
4001,295.8,50.985400960579994,10
4002,295.9,51.267165147121425,10
4003,296.0,51.09685791600975,10
4004,295.9,50.997712366994136,10
4005,296.2,51.0724974913113,10
4006,296.4,51.06901648205539,10
4007,296.4,51.06901648205539,10
4008,296.5,50.81611730325112,10
4009,296.7,50.999019598419736,10
4010,296.8,51.22239093729746,10
4011,297.0,51.37227959815596,10
4012,297.0,51.4263227021597,10
4013,297.3,51.34642690154356,10
4014,297.1,51.2541597227863,10
4015,297.3,51.48689153561322,10
4016,297.2,51.65655815092601,10
4017,297.3,51.5343466912009,10
4018,297.6,51.678923277397246,10
4019,297.6,51.7304982041005,10
4020,297.6,52.00470064223896,10
4021,297.7,52.1238908754901,10
4022,297.7,51.97873496814721,10
4023,297.9,52.01164399546616,10
4024,297.9,52.01164399546616,10
4025,298.0,52.13231030539293,10
4026,298.1,52.532423849995304,10
4027,298.1,52.43715815674563,10
4028,298.1,52.20142611930146,10
4029,298.2,52.214940390658306,10
4030,298.4,51.970504455251664,10
4031,298.8,52.08497330751399,10
4032,298.8,51.809051118291855,10
4033,298.7,51.708692585375715,10
4034,298.6,51.640208279122106,10
4035,298.7,52.0364188707187,10
4036,298.8,51.896906351813385,10
4037,298.8,52.048695148549754,10
4038,298.7,52.000106837497086,10
4039,298.8,51.80905111829185,10
4040,299.0,52.0,10
4041,298.9,51.876884169262816,10
4042,299.1,52.04154323444129,10
4043,299.4,52.38150649057568,10
4044,299.4,52.38150649057568,10
4045,299.6,52.60798418491247,10
4046,299.7,52.49137495288578,10
4047,299.8,52.55853879247405,10
4048,299.8,52.67890153246048,10
4049,299.8,52.672573508420875,10
4050,299.7,52.647781424186235,10
4051,299.7,52.784783160806235,10
4052,299.7,52.807932905746064,10
4053,299.8,52.857880732730436,10
4054,300.0,53.028294334251406,10
4055,300.0,53.028294334251406,10
4056,300.0,53.028294334251406,10
4057,300.0,53.028294334251406,10
4058,300.1,52.85294063089899,10
4059,300.0,52.75309364282713,10
4060,300.0,52.75309364282713,10
4061,300.0,52.80361940456565,10
4062,299.8,52.828443517147505,10
4063,299.8,53.00062892708602,10
4064,299.9,53.02714189712451,10
4065,299.9,53.2675636136414,10
4066,300.1,53.49028987686561,10
4067,300.0,53.83720316328147,10
4068,300.1,53.88764030626854,10
4069,300.2,53.93988423338625,10
4070,300.3,54.041239396923125,10
4071,300.4,54.14425177246427,10
4072,300.4,54.14425177246427,10
4073,300.4,54.14425177246427,10
4074,300.5,54.171025465649066,10
4075,300.6,54.285664160377856,10
4076,300.9,54.046173674820764,10
4077,301.1,54.17758864245539,10
4078,301.1,54.17758864245539,10
4079,301.0,54.25044802682381,10
4080,301.4,53.953066023473895,10
4081,301.4,53.96542102741965,10
4082,301.6,54.20373090890002,10
4083,301.8,53.886300052363346,10
4084,301.9,53.97417077742938,10
4085,301.9,53.97417077742938,10
4086,302.0,54.00617248673217,10
4087,302.1,53.93916326133854,10
4088,302.3,53.70505873130885,10
4089,302.3,53.69885163266219,10
4090,302.3,53.69885163266219,10
4091,302.3,53.66573498156073,10
4092,302.3,53.58492739982433,10
4093,302.3,53.837306354939,10
4094,302.4,54.209880198273,10
4095,302.4,54.209880198273,10
4096,302.7,54.42436137531713,10
4097,302.8,54.29098554190291,10
4098,302.9,54.34141044257951,10
4099,302.8,54.30940168249979,10
4100,302.8,54.37891748340221,10
4101,303.1,54.42109476623523,10
4102,303.2,54.38300388091036,10
4103,303.2,54.38300388091036,10
4104,303.2,54.235699600089156,10
4105,303.2,54.11879936255464,10
4106,303.4,54.11140771080017,10
4107,303.5,53.97993454361846,10
4108,303.6,54.080598287288865,10
4109,303.6,54.320448369938106,10
4110,303.6,54.320448369938106,10
4111,303.5,54.216131260805476,10
4112,303.6,54.46956336646488,10
4113,303.6,54.46956336646488,10
4114,303.6,54.46956336646488,10
4115,303.6,54.46956336646488,10
4116,303.7,54.58744259341052,10
4117,303.8,54.654063587867526,10
4118,304.0,54.5995522977168,10
4119,304.0,54.5995522977168,10
4120,304.1,54.66758129316172,10
4121,304.0,54.83713259381011,10
4122,304.0,54.77428431501613,10
4123,304.0,54.77428431501613,10
4124,304.1,54.71227772020951,10
4125,304.1,54.781282285913036,10
4126,304.2,54.812407354539715,10
4127,304.3,54.93238267785831,10
4128,304.4,54.873997080179564,10
4129,304.1,55.205575402811945,10
4130,304.2,55.07328450952119,10
4131,304.3,54.950583861017044,10
4132,304.2,55.12168357370808,10
4133,304.1,55.19148485047309,10
4134,303.9,54.90689088508533,10
4135,303.9,55.13307134157824,10
4136,303.9,54.9655447631615,10
4137,303.9,54.752879173407656,10
4138,304.1,54.734612246528044,10
4139,304.1,54.728521916009306,10
4140,304.3,55.142341061817255,10
4141,304.4,55.401965468544326,10
4142,304.2,55.31284761347142,10
4143,304.4,55.53417366310986,10
4144,304.5,55.63621921813962,10
4145,304.5,55.644207045996964,10
4146,304.5,55.42412230548476,10
4147,304.4,55.4641025048334,10
4148,304.4,55.56417710879715,10
4149,304.5,55.44617009115939,10
4150,304.6,55.2754717553616,10
4151,304.8,55.20627983602349,10
4152,304.9,55.03423177138632,10
4153,304.9,54.97160883381328,10
4154,305.0,54.705270922157645,10
4155,304.9,54.58825677540709,10
4156,305.0,54.47119524217466,10
4157,304.9,54.894747775477875,10
4158,304.9,54.894747775477875,10
4159,304.8,55.03291944120557,10
4160,304.9,54.89069947531083,10
4161,305.2,55.1357919645266,10
4162,305.3,54.99505028232591,10
4163,305.4,55.11241037894984,10
4164,305.6,55.11845829161448,10
4165,305.7,55.14032603780608,10
4166,306.0,55.385517561502986,10
4167,306.0,55.54977747730209,10
4168,306.1,55.1532209193423,10
4169,306.2,55.22439074660157,10
4170,306.4,55.18695498032121,10
4171,306.5,55.211210616846444,10
4172,306.6,54.84159005718197,10
4173,306.7,55.05361023584193,10
4174,306.8,55.15191142048781,10
4175,306.9,55.227710435975894,10
4176,306.7,55.315358526261846,10
4177,306.7,55.315358526261846,10
4178,306.7,55.315358526261846,10
4179,306.7,55.315358526261846,10
4180,307.0,55.385517561502986,10
4181,307.0,55.385517561502986,10
4182,307.0,55.385517561502986,10
4183,307.1,55.46460332700688,10
4184,307.5,55.815668847456166,10
4185,307.6,55.915014878732606,10
4186,307.5,55.89126347948607,10
4187,307.4,55.64810069635001,10
4188,307.3,55.70766952982726,10
4189,307.4,55.64610398661248,10
4190,307.6,55.81755996100152,10
4191,307.5,55.761894595582824,10
4192,307.4,55.70796870985135,10
4193,307.3,55.82323291724811,10
4194,307.5,55.94491338212379,10
4195,307.6,55.78171743501629,10
4196,307.6,56.030150613556074,10
4197,307.8,55.854573074488115,10
4198,308.2,55.73907466440796,10
4199,308.2,55.73907466440796,10
4200,308.3,55.855070395523526,10
4201,308.1,55.953254299161785,10
4202,308.1,55.953254299161785,10
4203,308.0,55.850992232308045,10
4204,308.1,55.96913832143965,10
4205,307.9,56.03659518564632,10
4206,308.0,56.15256994217728,10
4207,308.0,56.15256994217728,10
4208,308.1,56.27205740369233,10
4209,308.3,56.217929129020355,10
4210,308.3,56.30877176584283,10
4211,308.2,56.389124246908935,10
4212,308.4,56.344574815248286,10
4213,308.5,56.28943062422998,10
4214,308.5,56.28943062422998,10
4215,308.5,56.47073971929573,10
4216,308.6,56.48834688086856,10
4217,308.6,56.48834688086856,10
4218,308.9,56.61262128614863,10
4219,309.0,56.543002317803314,10
4220,308.9,56.44161191492989,10
4221,309.0,56.543002317803314,10
4222,309.3,56.51754889707561,10
4223,309.4,56.46080252903091,10
4224,309.5,56.51007776396073,10
4225,309.5,56.523839611658055,10
4226,309.5,56.6220412521092,10
4227,309.6,56.39976359288515,10
4228,309.8,56.225340273660315,10
4229,309.8,56.39700543665614,10
4230,309.9,56.49670590200616,10
4231,309.8,56.71723234118925,10
4232,309.9,56.769416648990386,10
4233,310.0,56.82331289962676,10
4234,310.1,57.11674204838913,10
4235,310.4,57.17264303065856,10
4236,310.4,57.18235936215139,10
4237,310.3,57.30241414344309,10
4238,310.4,57.44214480675317,10
4239,310.1,57.76667628389995,10
4240,310.2,57.80003844673846,10
4241,310.1,57.92226591638909,10
4242,310.2,57.9977011038656,10
4243,310.3,57.84279461513671,10
4244,310.4,57.720013860012195,10
4245,310.3,57.66579960812513,10
4246,310.1,57.70509317016807,10
4247,310.1,57.5469856339631,10
4248,310.0,57.499758453598936,10
4249,309.9,57.67042376970866,10
4250,309.9,57.67042376970866,10
4251,310.0,57.79273310719956,10
4252,310.0,57.688820407423826,10
4253,309.9,57.85892805397932,10
4254,309.8,57.849997599154854,10
4255,309.5,57.53694465297927,10
4256,309.3,57.37217676423535,10
4257,309.4,57.227033238962626,10
4258,309.3,57.19566805663209,10
4259,309.6,57.347285124154844,10
4260,309.8,57.597839465652804,10
4261,309.8,57.667244698451746,10
4262,309.9,57.84164205445378,10
4263,309.9,57.79744323449304,10
4264,309.7,57.61760919101806,10
4265,309.8,57.4104133024276,10
4266,309.7,57.29853595182186,10
4267,309.6,57.1998445996335,10
4268,309.3,57.182067896228524,10
4269,309.2,57.086289461169606,10
4270,309.1,57.16341098601058,10
4271,309.1,57.01549496993485,10
4272,309.2,57.1076955312407,10
4273,309.3,57.18595398638842,10
4274,309.2,57.05903375744575,10
4275,309.3,57.172351515201626,10
4276,309.4,57.01111002836787,10
4277,309.4,56.93309914081419,10
4278,309.5,56.87852553175642,10
4279,309.5,56.87071107149776,10
4280,309.5,56.87852553175642,10
4281,309.3,56.932806398810555,10
4282,309.3,57.02445869001203,10
4283,309.4,57.1512612867526,10
4284,309.3,57.06536213462205,10
4285,309.2,56.981088480691945,10
4286,309.2,56.7426940965384,10
4287,309.1,56.66558822503203,10
4288,309.1,56.66558822503203,10
4289,309.0,56.866314965696326,10
4290,309.3,56.81167720342946,10
4291,309.4,56.888194440205844,10
4292,309.5,56.72203177680511,10
4293,309.4,56.3800595167397,10
4294,309.3,56.43491826874564,10
4295,309.2,56.57796979979634,10
4296,309.2,56.57796979979634,10
4297,309.2,56.56029231419041,10
4298,309.6,56.73172735682291,10
4299,309.6,56.68666313850003,10
4300,309.6,56.46473825908225,10
4301,309.6,56.46473825908225,10
4302,309.6,56.46473825908225,10
4303,309.6,56.46473825908225,10
4304,309.6,56.513911758276144,10
4305,309.8,56.45411115823778,10
4306,309.7,56.576496886958275,10
4307,309.7,56.51361684487102,10
4308,309.6,56.69058318823526,10
4309,309.4,56.533569181897974,10
4310,309.3,56.46050733821729,10
4311,309.4,56.409613049944284,10
4312,309.3,56.23571423531096,10
4313,309.3,56.23571423531096,10
4314,309.3,56.23571423531096,10
4315,309.2,56.162067071803705,10
4316,309.5,56.17680422855445,10
4317,309.5,55.99851188498971,10
4318,309.6,55.950772013341236,10
4319,309.5,55.8236309977932,10
4320,309.6,55.77773351038526,10
4321,309.7,55.845123133338845,10
4322,309.9,55.67854164756832,10
4323,310.4,55.58217140214817,10
4324,310.6,55.65608681896348,10
4325,310.5,55.77982510629528,10
4326,310.9,55.99692451872295,10
4327,310.9,55.99692451872295,10
4328,311.0,56.01785429664367,10
4329,310.9,56.06038411094475,10
4330,311.0,56.14069627086734,10
4331,311.1,56.127731311912314,10
4332,311.2,56.0055552800097,10
4333,311.2,56.17195820771151,10
4334,311.4,56.17274942334386,10
4335,311.2,56.029357384222145,10
4336,311.1,55.953254299161785,10
4337,311.4,55.795658931099254,10
4338,311.4,55.74983806653114,10
4339,311.4,55.74983806653114,10
4340,311.4,56.032133637761824,10
4341,311.4,56.032133637761824,10
4342,311.4,56.032133637761824,10
4343,311.6,56.232058867201765,10
4344,311.7,56.115060367070804,10
4345,311.8,56.1956898307651,10
4346,311.9,56.33520706942999,10
4347,312.0,56.17433182117573,10
4348,312.1,56.101990457855706,10
4349,312.0,55.98015521394861,10
4350,312.1,56.10595135792439,10
4351,312.5,56.11545637740501,10
4352,312.5,56.11545637740501,10
4353,312.5,56.11545637740501,10
4354,312.6,56.19845786733536,10
4355,312.7,56.24559241991027,10
4356,312.7,56.19618413300952,10
4357,312.8,56.3220896076999,10
4358,312.8,56.041254645325544,10
4359,312.9,56.125751665345206,10
4360,313.1,56.1989521452333,10
4361,313.0,56.31656555184767,10
4362,312.8,56.10862480740174,10
4363,312.7,56.025886873837166,10
4364,312.7,56.025886873837166,10
4365,313.0,55.727511657668295,10
4366,313.0,55.841044243658466,10
4367,312.9,55.961196873865696,10
4368,313.0,56.13673782233283,10
4369,313.3,56.013986348649276,10
4370,313.3,56.41916538041149,10
4371,313.4,56.543395330980566,10
4372,313.5,56.38606998974914,10
4373,313.6,56.43915110787704,10
4374,313.7,56.2910097420341,10
4375,313.8,56.22138778476074,10
4376,313.8,56.22138778476074,10
4377,313.8,56.35364525328715,10
4378,313.7,56.28113952885697,10
4379,313.7,55.9961308187152,10
4380,313.6,56.200434952844354,10
4381,313.8,56.11258523916201,10
4382,313.7,55.87694813904329,10
4383,313.6,55.807606012880434,10
4384,313.6,55.807606012880434,10
4385,313.7,55.65978001313975,10
4386,313.7,55.65978001313975,10
4387,313.8,55.50335325205336,10
4388,313.9,55.23374572366667,10
4389,313.9,55.23374572366667,10
4390,314.1,55.44256287165825,10
4391,313.9,55.574674487975585,10
4392,314.0,55.64370784034995,10
4393,313.8,55.50535509700343,10
4394,313.9,55.38240795695968,10
4395,313.8,55.375084650048166,10
4396,313.9,55.434545987938684,10
4397,314.2,55.38110387728532,10
4398,314.1,55.32017915934674,10
4399,314.1,55.32017915934674,10
4400,314.0,55.44166103011144,10
4401,314.0,55.50175172410727,10
4402,314.1,55.630627056205896,10
4403,314.2,55.50935857032478,10
4404,314.2,55.691212153365015,10
4405,314.2,55.85855151879412,10
4406,314.1,55.798148117418144,10
4407,314.0,56.00991975633523,10
4408,314.2,56.136341962127254,10
4409,314.4,55.966656740122204,10
4410,314.2,55.5453768453225,10
4411,314.3,55.2067829971,10
4412,314.1,55.25788028266497,10
4413,314.0,55.126118028470756,10
4414,314.1,55.25788028266497,10
4415,314.2,55.38712245037951,10
4416,314.1,55.32017915934675,10
4417,314.2,55.38712245037951,10
4418,314.0,55.25898619731958,10
4419,314.2,55.254562405892486,10
4420,314.2,55.42722956975008,10
4421,314.1,55.43254158584709,10
4422,314.0,55.36745935615572,10
4423,313.9,55.55667776644356,10
4424,314.0,55.7713586390402,10
4425,313.9,55.99692451872295,10
4426,313.9,56.113872319299674,10
4427,313.9,56.113872319299674,10
4428,314.0,56.18026541608915,10
4429,313.8,55.98372779458133,10
4430,314.0,56.1288200877628,10
4431,314.2,56.203598144998196,10
4432,314.1,56.360841410011304,10
4433,314.0,56.29880598694395,10
4434,314.1,56.22860086784621,10
4435,314.0,56.17037574301165,10
4436,313.7,56.13287806624563,10
4437,313.6,55.881223242795166,10
4438,313.8,55.96189179551862,10
4439,313.7,56.008035137826425,10
4440,313.7,55.902792615595,10
4441,313.7,56.008035137826425,10
4442,313.8,56.07891265390624,10
4443,313.8,56.07891265390624,10
4444,314.0,56.15256994217728,10
4445,314.0,56.04759881862321,10
4446,314.0,56.09119558560169,10
4447,314.2,56.16800196236684,10
4448,314.2,56.16800196236684,10
4449,314.3,55.735586078873844,10
4450,314.4,55.86730309900018,10
4451,314.3,56.069500522912534,10
4452,314.5,56.263763748180864,10
4453,314.7,56.170474648361505,10
4454,314.6,56.10941691611727,10
4455,314.7,56.24361692178451,10
4456,314.8,56.25695018790518,10
4457,314.8,56.44820634882919,10
4458,315.0,56.1288200877628,10
4459,315.1,56.002876910228665,10
4460,315.2,55.67325310336294,10
4461,315.3,55.81527071012417,10
4462,315.3,56.02985315387186,10
4463,315.3,55.73957301594622,10
4464,315.4,55.3899308940212,10
4465,315.4,55.46610576639474,10
4466,315.7,55.50385372005963,10
4467,315.6,55.55617777429337,10
4468,315.7,55.40367015520422,10
4469,315.8,55.461297817086425,10
4470,315.8,55.565376909646815,10
4471,315.9,55.62463483026203,10
4472,315.9,55.700488727159694,10
4473,315.9,55.42051365093374,10
4474,315.9,55.49864863219644,10
4475,316.0,55.56777643362903,10
4476,316.0,55.56777643362903,10
4477,316.0,55.56777643362903,10
4478,316.1,55.63861568690899,10
4479,316.1,55.430537111275086,10
4480,316.4,55.215134801167615,10
4481,316.3,55.34146526590869,10
4482,316.1,55.430537111275086,10
4483,316.2,55.445268308285584,10
4484,316.4,55.46009576463263,10
4485,316.4,55.46009576463263,10
4486,316.2,55.254562405892486,10
4487,316.2,55.336947673121415,10
4488,316.3,55.47381764800801,10
4489,316.3,55.48182885714325,10
4490,316.5,55.47622113222125,10
4491,316.5,55.54627700295393,10
4492,316.5,55.54627700295393,10
4493,316.6,55.68003831416306,10
4494,316.9,55.88768498813789,10
4495,316.8,55.846615335617656,10
4496,317.0,55.81716183715861,10
4497,317.2,55.62932879535958,10
4498,317.3,55.67973898406253,10
4499,317.3,55.67973898406253,10
4500,317.2,55.53737480291988,10
4501,317.2,55.663273349669254,10
4502,317.1,55.708467339654334,10
4503,317.2,55.7689678744172,10
4504,317.2,55.7689678744172,10
4505,317.1,55.718438998633516,10
4506,317.3,55.69769594277068,10
4507,317.1,55.58267116047351,10
4508,317.0,55.56777643362903,10
4509,317.2,55.75103387182858,10
4510,317.0,55.405575331168414,10
4511,317.1,55.468609741606706,10
4512,317.2,55.31686501922859,10
4513,317.0,55.20668236525156,10
4514,317.3,55.3113410110842,10
4515,317.4,55.18292811690546,10
4516,317.6,55.17084576315848,10
4517,317.5,55.299688566533135,10
4518,317.5,55.1971215030478,10
4519,317.6,55.150702624717304,10
4520,317.6,55.150702624717304,10
4521,317.9,54.92510051576298,10
4522,317.9,55.1088821233827,10
4523,318.0,54.96867794986119,10
4524,317.9,54.91093799154327,10
4525,317.8,54.84888330677298,10
4526,317.8,54.93389967345603,10
4527,317.8,54.729232489492205,10
4528,317.8,55.00262619992694,10
4529,317.9,55.15926435735383,10
4530,318.2,55.018784670934586,10
4531,318.0,54.90800386909807,10
4532,318.2,54.71298850466049,10
4533,318.1,54.478232146223114,10
4534,318.1,54.478232146223114,10
4535,317.9,54.376158991479585,10
4536,317.8,54.46466744596904,10
4537,317.8,54.46466744596904,10
4538,317.8,54.574719422091405,10
4539,317.8,54.34417069832688,10
4540,318.0,54.26887792382584,10
4541,318.1,54.32300515333158,10
4542,318.5,53.92020853899666,10
4543,318.4,53.88093870336295,10
4544,318.2,54.065392504509454,10
4545,318.2,53.88630005236334,10
4546,318.1,53.98240454073902,10
4547,318.1,53.98240454073902,10
4548,318.1,53.88970217026626,10
4549,318.2,53.75003875967595,10
4550,318.3,53.709196398547775,10
4551,318.5,53.81707700886195,10
4552,318.7,53.731947872957505,10
4553,318.6,53.684676067239565,10
4554,318.7,53.69678244033291,10
4555,318.6,53.8685643230096,10
4556,318.6,53.4710721377041,10
4557,318.8,53.57818793335794,10
4558,318.7,53.53513903139798,10
4559,318.5,53.668219439234036,10
4560,318.6,53.5229960961745,10
4561,318.5,53.75923693241521,10
4562,318.7,53.68850487353466,10
4563,318.8,53.90485445053472,10
4564,318.9,53.825747659564485,10
4565,318.9,53.527666781871886,10
4566,318.9,53.540119951718864,10
4567,319.0,53.58067645046009,10
4568,319.1,53.59612340873586,10
4569,319.1,53.59612340873586,10
4570,318.8,53.551221585817565,10
4571,318.7,53.69885163266219,10
4572,318.9,53.782380427463835,10
4573,318.9,53.782380427463835,10
4574,319.2,53.90279316613482,10
4575,319.1,53.862891781922656,10
4576,319.0,53.713230317223626,10
4577,319.2,53.73349875905057,10
4578,319.2,53.73349875905057,10
4579,319.2,53.621720308927884,10
4580,319.1,53.47366953308266,10
4581,319.1,53.47366953308266,10
4582,319.1,53.58368325443027,10
4583,319.2,53.7045415004893,10
4584,319.3,53.56626218474129,10
4585,319.3,53.7319478729575,10
4586,319.1,53.734842824124215,10
4587,319.0,53.71736735503291,10
4588,319.0,53.55371135598354,10
4589,319.0,53.55371135598354,10
4590,319.0,53.723572314415414,10
4591,318.9,53.38216514488294,10
4592,318.9,53.26964947843711,10
4593,318.9,53.26964947843711,10
4594,318.9,53.46120088437969,10
4595,319.0,53.33541662597815,10
4596,319.0,53.33541662597815,10
4597,319.0,53.33541662597815,10
4598,318.8,53.25994951389104,10
4599,318.9,53.29675829208043,10
4600,319.1,53.21121435687532,10
4601,319.1,53.104613735531494,10
4602,319.2,53.27872204006232,10
4603,319.4,53.460681294241326,10
4604,319.4,53.460681294241326,10
4605,319.4,53.460681294241326,10
4606,319.5,53.606073453584635,10
4607,319.5,53.606073453584635,10
4608,319.5,53.444155693375656,10
4609,319.7,53.49776734697544,10
4610,319.7,53.49776734697544,10
4611,319.6,53.65155066620991,10
4612,319.5,53.80675298386501,10
4613,319.5,53.80675298386501,10
4614,319.8,54.036613102188,10
4615,319.9,53.881454240871335,10
4616,320.1,53.767916910448456,10
4617,320.2,53.91928123490603,10
4618,320.2,53.989299351301504,10
4619,320.4,53.891248516495395,10
4620,320.6,53.72605409751296,10
4621,320.6,53.891248516495395,10
4622,320.4,53.86856432300959,10
4623,320.7,53.79188290687236,10
4624,320.9,53.78238042746383,10
4625,320.9,53.78238042746383,10
4626,321.0,53.74011537017761,10
4627,320.9,53.697610126832764,10
4628,320.8,53.656934935445825,10
4629,320.8,53.656934935445825,10
4630,320.8,53.83885420606778,10
4631,320.9,54.046173674820764,10
4632,321.0,54.004115069543026,10
4633,321.0,54.21971761064214,10
4634,320.9,54.34549966035213,10
4635,320.9,54.34549966035213,10
4636,321.0,54.21971761064214,10
4637,321.1,54.24112830684849,10
4638,321.2,54.305309746530924,10
4639,321.4,54.49607529191641,10
4640,321.6,54.50626875262453,10
4641,321.6,54.496075291916405,10
4642,321.5,54.62447558863457,10
4643,321.6,54.774690018900756,10
4644,321.5,54.904462478017216,10
4645,321.6,54.774690018900756,10
4646,321.7,54.839260064705876,10
4647,321.8,55.073284509521194,10
4648,321.6,55.142643309068085,10
4649,321.6,55.339758663088595,10
4650,321.8,55.33092364230974,10
4651,321.8,55.33092364230974,10
4652,321.9,55.35230598428378,10
4653,321.8,55.50335325205336,10
4654,321.9,55.64660317076366,10
4655,321.9,55.885696838378166,10
4656,321.9,56.01279615706873,10
4657,322.1,55.95722572743498,10
4658,322.2,55.916207151614124,10
4659,322.4,55.94282795855068,10
4660,322.2,56.23126848609727,10
4661,322.5,56.14119105730955,10
4662,322.6,56.010316510046216,10
4663,322.6,56.010316510046216,10
4664,322.5,56.16493568054717,10
4665,322.5,56.16493568054717,10
4666,322.5,56.16493568054717,10
4667,322.5,56.16493568054717,10
4668,322.6,56.31301408693691,10
4669,322.7,56.46247524782377,10
4670,322.7,56.46247524782377,10
4671,322.6,56.25378999577618,10
4672,322.7,56.00009920626133,10
4673,322.8,55.97777336685616,10
4674,322.6,55.795658931099254,10
4675,322.7,55.84711272751707,10
4676,322.6,55.694005262884644,10
4677,322.7,55.673752044088666,10
4678,322.6,55.514162357205954,10
4679,322.6,55.514162357205954,10
4680,322.7,55.477823397181766,10
4681,322.9,55.59866105502102,10
4682,323.2,55.78888778242492,10
4683,323.3,55.74156637754471,10
4684,323.4,55.783709290636295,10
4685,323.1,55.44657087883995,10
4686,323.0,55.190578906186516,10
4687,322.9,55.277984365889786,10
4688,322.9,55.092750077583815,10
4689,322.7,54.90405773306337,10
4690,322.6,54.85374493444667,10
4691,322.3,54.92226830308045,10
4692,322.3,54.90405773306336,10
4693,322.0,54.636170355462426,10
4694,322.2,54.71908056407543,10
4695,322.1,54.673678412112636,10
4696,322.1,54.85425132921686,10
4697,322.1,54.85425132921686,10
4698,322.0,54.7905101272109,10
4699,322.0,54.92823600946158,10
4700,322.2,54.91973941833462,10
4701,322.5,54.76464796441831,10
4702,322.5,54.65497842526943,10
4703,322.7,54.66067040284897,10
4704,323.0,54.69105147198316,10
4705,323.1,54.72446131910909,10
4706,323.0,54.74790711372749,10
4707,323.1,54.79547832115753,10
4708,323.1,54.79547832115753,10
4709,323.1,54.79547832115753,10
4710,323.0,54.82092058086341,10
4711,323.1,54.95543649176122,10
4712,323.1,54.95543649176122,10
4713,323.1,54.95543649176122,10
4714,323.2,54.97837958890951,10
4715,323.2,54.85090903733704,10
4716,323.2,54.85090903733704,10
4717,323.2,54.75156009953811,10
4718,323.2,54.75156009953811,10
4719,323.3,54.61389729526522,10
4720,323.4,54.815245243555296,10
4721,323.4,54.815245243555296,10
4722,323.3,54.95664958249669,10
4723,323.3,55.07177135338939,10
4724,323.3,55.25104322795885,10
4725,323.4,55.22519553810763,10
4726,323.6,55.261399025198614,10
4727,323.6,55.261399025198614,10
4728,323.6,55.261399025198614,10
4729,323.9,55.408483105026434,10
4730,324.1,55.422518488025744,10
4731,324.0,55.46169849544819,10
4732,324.0,55.44566910248466,10
4733,324.4,55.188968301846536,10
4734,324.3,55.1504004216349,10
4735,324.3,55.1504004216349,10
4736,324.3,55.32941753212702,10
4737,324.3,55.32941753212702,10
4738,324.4,55.576173951713436,10
4739,324.6,55.618142523620634,10
4740,324.6,55.606154735284875,10
4741,324.8,55.445268308285584,10
4742,324.9,55.58267116047351,10
4743,324.8,55.52136725822071,10
4744,324.8,55.6013588962636,10
4745,324.4,55.49214158579373,10
4746,324.1,55.430537111275086,10
4747,324.1,55.23575733968793,10
4748,323.9,55.32419603271851,10
4749,323.9,55.27396413422066,10
4750,323.9,55.265922793546316,10
4751,323.9,55.265922793546316,10
4752,323.9,55.265922793546316,10
4753,324.2,55.37107146837196,10
4754,324.1,55.40647776007583,10
4755,324.0,55.421616320309134,10
4756,324.0,55.44767303002394,10
4757,324.0,55.52176750308537,10
4758,323.9,55.35632052640622,10
4759,324.0,55.499749749185554,10
4760,324.1,55.366355608197054,10
4761,323.9,55.0786306615874,10
4762,323.8,55.05108738455783,10
4763,323.8,54.93996723697603,10
4764,323.9,54.79547832115753,10
4765,323.8,54.80227083697252,10
4766,323.8,54.80227083697252,10
4767,323.9,54.85020004014976,10
4768,324.0,54.70120859928254,10
4769,323.9,54.25136967036971,10
4770,323.8,53.94812322963608,10
4771,323.7,54.086453428233256,10
4772,324.0,54.13973689547365,10
4773,324.0,53.762853760235274,10
4774,324.2,53.824405864502275,10
4775,324.0,53.839266958853244,10
4776,323.9,53.78857788704877,10
4777,323.9,53.78857788704877,10
4778,323.9,53.895887288982145,10
4779,324.0,53.87640176057293,10
4780,323.9,53.827811894348194,10
4781,324.1,53.712092575963645,10
4782,324.2,53.76037367595,10
4783,324.0,53.564084152640106,10
4784,324.1,53.54634545056377,10
4785,324.3,53.46452614169095,10
4786,324.2,53.61757589116133,10
4787,324.5,53.48156484039877,10
4788,324.5,53.48156484039877,10
4789,324.4,53.33583327474233,10
4790,324.4,53.33583327474233,10
4791,324.6,53.04128371163143,10
4792,324.3,53.172779167958154,10
4793,324.4,53.308744331696865,10
4794,324.7,53.0095379258404,10
4795,324.6,53.15010191272763,10
4796,324.5,53.08954699373503,10
4797,324.4,53.018235856479926,10
4798,324.4,53.118734924694884,10
4799,324.4,53.118734924694884,10
4800,324.5,53.16483800407935,10
4801,324.5,53.14811588591097,10
4802,324.5,52.76836173314461,10
4803,324.5,52.76836173314461,10
4804,324.5,52.58485206470269,10
4805,324.5,52.78309914693865,10
4806,324.4,52.72823405602227,10
4807,324.5,52.57005907463973,10
4808,324.6,52.907046369605204,10
4809,324.8,53.08023277182487,10
4810,324.8,53.08023277182487,10
4811,324.9,53.06275111182566,10
4812,325.0,53.25619421459087,10
4813,325.1,53.286333457401,10
4814,325.2,53.33916634769113,10
4815,325.2,53.524241652212545,10
4816,325.2,53.524241652212545,10
4817,325.3,53.560039000898584,10
4818,325.4,53.414937569518464,10
4819,325.4,53.414937569518464,10
4820,325.4,53.583164851990176,10
4821,325.5,53.72202114175858,10
4822,325.5,54.0149156355086,10
4823,325.3,54.01244712512519,10
4824,325.1,53.937103288099465,10
4825,324.8,53.72315867275283,10
4826,324.9,53.486135275103464,10
4827,325.0,53.559935275041795,10
4828,325.1,53.21747833184132,10
4829,325.2,52.9125063981412,10
4830,325.2,53.11580639403763,10
4831,325.4,53.15219238710249,10
4832,325.6,53.15219238710249,10
4833,325.8,53.15553697509895,10
4834,325.6,52.95113050938783,10
4835,325.8,52.84736932378417,10
4836,325.8,52.659915179068285,10
4837,325.9,52.705576344233044,10
4838,325.9,52.68659960348341,10
4839,325.9,52.494338319056425,10
4840,325.7,52.79109773437184,10
4841,325.8,52.640921977741485,10
4842,325.8,52.94399556764361,10
4843,325.8,52.77794152021383,10
4844,325.9,52.81718996269638,10
4845,325.9,52.92436951810469,10
4846,325.9,52.92436951810469,10
4847,326.0,52.78888771954441,10
4848,325.8,52.611363369100744,10
4849,325.8,52.611363369100744,10
4850,325.7,52.62456122804678,10
4851,325.7,52.75109266904125,10
4852,325.8,52.77583622159756,10
4853,325.7,52.757411275046884,10
4854,325.8,52.88309958977653,10
4855,325.8,52.771625372395384,10
4856,325.8,52.65780516167043,10
4857,325.8,52.65780516167043,10
4858,325.7,52.50830622122773,10
4859,325.8,52.55642470505178,10
4860,325.7,52.63089502479614,10
4861,325.6,52.60587208456654,10
4862,325.6,52.60587208456654,10
4863,325.6,52.48322483316826,10
4864,325.7,52.47020318449531,10
4865,325.7,52.47020318449531,10
4866,325.7,52.47020318449531,10
4867,326.0,52.40653055149181,10
4868,326.0,52.40653055149181,10
4869,325.9,52.38203678531198,10
4870,326.1,52.4541069253241,10
4871,326.3,52.423595196565195,10
4872,326.6,52.56149837201287,10
4873,326.6,52.719804417104754,10
4874,326.5,52.80835371626559,10
4875,326.6,52.846107814210036,10
4876,326.9,53.18615107964353,10
4877,327.0,53.239500790714075,10
4878,327.0,53.239500790714075,10
4879,327.0,53.239500790714075,10
4880,327.3,52.99696008053459,10
4881,327.4,52.86502729698634,10
4882,327.3,53.01792149830093,10
4883,327.2,52.84316417475395,10
4884,327.3,52.696299680338086,10
4885,327.2,52.54796750483209,10
4886,327.3,52.68997374580228,10
4887,327.2,52.784256912244,10
4888,327.2,52.956585992678946,10
4889,326.9,53.02295100551584,10
4890,326.7,52.942421553986364,10
4891,326.7,52.77636255412497,10
4892,326.9,52.65284628794746,10
4893,326.9,52.49010488759868,10
4894,327.1,52.21845140050274,10
4895,327.1,52.21845140050274,10
4896,327.4,52.16469644841764,10
4897,327.4,52.16469644841764,10
4898,327.6,52.2306848935034,10
4899,328.0,52.34713193883904,10
4900,328.0,52.34713193883904,10
4901,328.3,52.226110966322835,10
4902,328.3,52.15372576442752,10
4903,328.4,52.02606184510904,10
4904,328.5,52.08379999790935,10
4905,328.7,52.11749546297609,10
4906,328.6,51.981193180269,10
4907,328.7,52.1238908754901,10
4908,328.8,51.971787218323236,10
4909,328.7,51.92098697914832,10
4910,328.7,51.609753600135186,10
4911,328.9,51.79114038348859,10
4912,328.9,51.79114038348859,10
4913,328.9,51.79114038348859,10
4914,328.8,51.956819678566845,10
4915,328.9,52.10768763926405,10
4916,329.0,51.95938584873553,10
4917,329.1,51.8233109281485,10
4918,329.2,51.87335004069473,10
4919,329.2,51.87335004069473,10
4920,329.5,51.88073930767671,10
4921,329.7,51.878169247231966,10
4922,330.0,51.9251598189377,10
4923,330.0,51.92087997884645,10
4924,330.0,52.05125678918169,10
4925,329.9,52.18226603827098,10
4926,330.0,51.95510882803859,10
4927,330.1,52.01164399546616,10
4928,330.0,52.14083492490954,10
4929,329.9,52.088493077752894,10
4930,329.9,52.088493077752894,10
4931,330.0,51.95938584873553,10
4932,330.0,51.95938584873553,10
4933,330.1,52.14179385739108,10
4934,330.2,52.15958418375497,10
4935,330.2,51.888341657832925,10
4936,330.1,51.558919909383505,10
4937,330.2,51.30042235043815,10
4938,330.2,51.30042235043815,10
4939,330.1,51.44241656670322,10
4940,330.1,51.46185210641201,10
4941,330.0,51.07075701634177,10
4942,329.9,51.06085693670946,10
4943,330.0,51.21197776562302,10
4944,330.1,51.223800891556046,10
4945,330.4,51.40514457609169,10
4946,330.5,51.344695712193854,10
4947,330.3,51.21642531671087,10
4948,330.3,51.21642531671087,10
4949,330.3,51.21642531671087,10
4950,330.3,51.079567561033855,10
4951,330.6,50.80288705706924,10
4952,330.8,51.06379452323447,10
4953,330.6,51.18202809580722,10
4954,330.7,50.959788068633095,10
4955,330.6,50.85535042320195,10
4956,330.6,51.13859164618787,10
4957,330.6,51.231934485349186,10
4958,330.9,51.17822887821647,10
4959,330.7,51.06433850219414,10
4960,330.9,50.897391332409605,10
4961,331.0,50.86802095182744,10
4962,331.0,50.86802095182744,10
4963,331.1,50.74215867172648,10
4964,330.9,50.93230801760313,10
4965,330.8,51.094248426043244,10
4966,331.0,51.01198116347004,10
4967,331.0,51.1946177726613,10
4968,331.1,51.260662847407225,10
4969,331.1,51.176057770102695,10
4970,331.3,51.46962426735037,10
4971,331.4,51.47858238573052,10
4972,331.5,51.629556565121796,10
4973,331.8,51.63289218662417,10
4974,331.8,51.81548460107697,10
4975,331.8,51.81548460107697,10
4976,331.9,51.88330924081248,10
4977,331.9,52.050082719541486,10
4978,332.0,52.085399958998956,10
4979,332.1,52.05435193675507,10
4980,332.0,52.04271749672998,10
4981,331.9,52.178007287021266,10
4982,332.0,52.330148523049736,10
4983,331.9,52.31623924642223,10
4984,332.0,52.28979080300687,10
4985,332.2,52.21068430460911,10
4986,332.1,52.33322717611314,10
4987,332.3,52.02574149185937,10
4988,332.3,52.07057176990133,10
4989,332.5,51.878597599481125,10
4990,332.4,52.319955827368375,10
4991,332.2,52.3021138302374,10
4992,332.2,52.482377994904155,10
4993,332.3,52.52523203185304,10
4994,332.3,52.83317560439127,10
4995,332.5,52.99947588839388,10
4996,332.7,52.81634847910888,10
4997,332.6,52.95113050938783,10
4998,332.6,52.95113050938783,10
4999,332.6,52.95113050938783,10
5000,332.6,52.976304975799216,10
