t,cum_regret_mean,cum_regret_sd,n_runs
1,0.0,0.0,10
2,0.10921812268604358,0.2776690621573846,10
3,0.23960176561779817,0.5498455128579333,10
4,0.5033953219546325,0.8254311257889672,10
5,0.5910218901143098,0.9109685144180149,10
6,0.7658540378529779,1.0761118224824784,10
7,0.766350024427011,1.0763468937723546,10
8,0.9192376220294631,1.243215676545103,10
9,1.0518004820466273,1.2600962826914055,10
10,1.2911026235165721,1.409192495238857,10
11,1.4657462886376627,1.661939049494212,10
12,1.7276410768248762,1.9287996116645807,10
13,2.0762342525278363,1.8640297747664922,10
14,2.3598663149525083,1.8687490056665754,10
15,2.8182881038790835,2.1231393137777594,10
16,3.234061510774096,2.266513018458518,10
17,3.5826744534115997,2.2045592112867505,10
18,3.8443214673016675,2.185745672566538,10
19,4.149329685509315,2.124147455315545,10
20,4.259775469803413,2.276345782001864,10
21,4.566181432791411,2.2892107861750386,10
22,5.024586339208307,2.460525551542803,10
23,5.352656222377795,2.443593405322017,10
24,5.81033770229797,2.757071280782752,10
25,6.269524560191153,3.0270133007459816,10
26,6.597119979867242,3.2557939869069816,10
27,7.1228237683297895,3.3589160835987917,10
28,7.625544971537542,3.408354632551173,10
29,8.084260505629828,3.518887475004813,10
30,8.41102872579411,3.6780154393850983,10
31,8.825168225411396,3.7604670617559735,10
32,9.260669488038726,3.9102241499349937,10
33,9.718448472838741,3.948075599378989,10
34,9.937809324658,4.028880457348857,10
35,10.462142639794195,4.219589307194245,10
36,10.876346586546031,4.354950430251701,10
37,11.552652548707226,4.602205503811728,10
38,12.012004892733938,4.79709848042172,10
39,12.341523359439243,4.845972592365187,10
40,12.952696582718739,5.174268993780856,10
41,13.737927860605575,5.19502627173582,10
42,14.065357183179657,5.360986451433019,10
43,14.58890452259513,5.687061317063166,10
44,15.199358612258985,5.652170392644083,10
45,15.635602443019229,5.784455361784345,10
46,15.942184632709811,6.0530472461379485,10
47,16.22706040591452,6.245505699307777,10
48,16.423909485098484,6.348509206303228,10
49,16.859911041204505,6.552958961131184,10
50,17.319301793335132,6.671899480040149,10
51,17.691117863308147,6.73690567099595,10
52,18.12797001903439,6.697405591762358,10
53,18.455694059924546,6.886434715956038,10
54,18.86946636675968,6.790936151655011,10
55,19.523455920561357,6.809138953093498,10
56,19.98266950259362,6.632514120021342,10
57,20.485088310643306,6.755294730255519,10
58,20.943667217008475,6.853878157029832,10
59,21.292995886108237,6.990800397250926,10
60,21.839760891858297,7.099508186550316,10
61,22.189840595520515,7.132307997347592,10
62,22.6263922739444,7.221100835695644,10
63,23.12884391472091,7.29475570862736,10
64,23.52214252268221,7.4727688612986976,10
65,23.871748500474038,7.4634418257752015,10
66,24.26386743559579,7.462457586735118,10
67,24.48342715784215,7.57814635656255,10
68,24.92034100674606,7.825856135427667,10
69,25.31265381156995,7.558881993491203,10
70,25.83559744229923,7.632587095023206,10
71,26.29480925695996,7.663463017809194,10
72,26.57835536011397,7.754189235369433,10
73,27.14491490504657,7.744801546535949,10
74,27.536912103384413,7.879367313418986,10
75,27.929910462895215,7.723321239043458,10
76,28.301297828347266,7.70741229270457,10
77,28.912278701195373,7.7446448798507825,10
78,29.610832197123663,7.7198576425921726,10
79,30.069187234842605,7.750543260161778,10
80,30.46213383236095,7.7670809435636885,10
81,30.85518590921793,7.8114530518299,10
82,31.22581866684642,7.649820366822904,10
83,31.815287809024277,7.58590885593619,10
84,32.51314396858007,7.497497503214501,10
85,32.99280661062225,7.4308647397612955,10
86,33.4509352947965,7.229954038065299,10
87,33.954419914465745,7.210626355970519,10
88,34.412617546864965,7.167835774228196,10
89,35.02478788684321,7.201688356453072,10
90,35.701456337355786,7.130506210154029,10
91,36.290976582030154,7.1291668212648425,10
92,36.55248034421418,7.067165898896548,10
93,37.12026826946182,7.116315727457255,10
94,37.51363583518018,7.187778595515022,10
95,37.84162651424138,7.368063951343236,10
96,38.34331386007246,7.23141503132105,10
97,38.8468011272642,7.255146772783793,10
98,39.261600002068164,7.229053637606153,10
99,39.653869095849835,7.208172775640327,10
100,40.04647688283156,7.330332258009773,10
101,40.678610223505515,7.383687442643352,10
102,41.225338131403525,7.269966342405372,10
103,41.83638643594416,7.0721157021288565,10
104,42.03304959891435,6.978971889124281,10
105,42.579606050884806,6.727870546960494,10
106,42.95196484467909,6.646496106061856,10
107,43.60593801907001,6.340424023554714,10
108,43.868058378159134,6.649593528138379,10
109,44.4576920026076,6.47347240749904,10
110,45.003271966887056,6.521389201810498,10
111,45.46248959937212,6.471918703226645,10
112,46.09435971852871,6.385769314836126,10
113,46.35617321227236,6.239906756153279,10
114,46.901844126097885,6.111388999966698,10
115,47.49012971684044,6.297113094887364,10
116,47.92617968353015,6.15708224858616,10
117,48.58013570123247,6.250715576325105,10
118,49.2790971382062,6.23670398554317,10
119,49.78074525933331,6.532390776492694,10
120,50.044648900903,6.759974645018784,10
121,50.61146603550008,6.621826200296201,10
122,51.09143817116238,6.729741652764409,10
123,51.85503883474447,6.750102569462311,10
124,52.37930434095233,6.6381646342459275,10
125,52.794726048205746,6.505546580887449,10
126,53.31781438354314,6.325337936001522,10
127,53.71056549995425,6.50564232140831,10
128,54.12481063948378,6.277646922876713,10
129,54.75799655108905,6.524065810198163,10
130,55.4567392105464,6.6113825574146565,10
131,56.13579668409534,6.703631244480653,10
132,56.54972693253808,6.728348167519874,10
133,57.07327652447175,7.073368297104354,10
134,57.74918966356951,6.99142197881984,10
135,58.46923098290347,6.942951817040473,10
136,58.79753382332505,6.964094772468873,10
137,59.387220959299135,6.906056983053859,10
138,59.889677942815794,6.880189845359528,10
139,60.587560063742124,6.807824277923411,10
140,61.11082910201726,6.917490685481199,10
141,61.5703686050086,6.897148807259715,10
142,62.26975135148173,7.045340568047605,10
143,62.70657275754237,7.031482992622267,10
144,63.231122990501504,7.278013935491118,10
145,63.90740529220405,7.038514033032605,10
146,64.3221049860289,7.114408165831686,10
147,64.93302423445985,7.30622944709105,10
148,65.32620319594866,7.200929825377847,10
149,65.80686539510613,7.052330935195635,10
150,66.41856998892295,6.994265373959186,10
151,67.00731357108106,7.02247198387041,10
152,67.59629776733448,7.072579621556495,10
153,67.90270450856903,7.1709931543778005,10
154,68.4697787015181,7.096693535402312,10
155,69.01693223950367,7.1584104288600985,10
156,69.67127949860522,6.880071127569059,10
157,70.28226325320325,6.842723219646869,10
158,70.69677344332395,6.762616286316508,10
159,71.1770533845288,7.022111750119424,10
160,71.5262471978052,7.426778049159978,10
161,72.04975023548018,7.253368960489175,10
162,72.8140105912722,7.273497886868919,10
163,73.3379726138073,7.361296923638425,10
164,73.81823482366296,7.341018496740102,10
165,74.25454545958794,7.41520509754355,10
166,74.75954414508655,7.4695737549237124,10
167,75.32713379137597,7.36123060538394,10
168,75.85098193527959,7.195736662762489,10
169,76.59252527307896,7.147785523529785,10
170,76.94164978197836,6.947028008528175,10
171,77.35659962050946,6.96471114918918,10
172,77.94581765895855,6.759198177709834,10
173,78.55656749233812,6.729338836440378,10
174,79.1028886349059,6.461913584580509,10
175,79.5401586960025,6.5324925258503574,10
176,80.12907776459181,6.440575532833848,10
177,80.50043976101901,6.592419340258899,10
178,81.1112055724908,6.557325202903649,10
179,81.76571409617858,6.544960529194028,10
180,82.28947236979688,6.451469915072267,10
181,82.89983832308272,6.69916966377265,10
182,83.33624000443176,7.043140968233344,10
183,84.01315894567662,6.934650724675045,10
184,84.79827298699664,6.85790670867888,10
185,85.32159127908898,7.007570047923844,10
186,85.78145882314853,6.979907708986889,10
187,86.28310241091873,6.911344398280531,10
188,86.63222320719356,7.035187337660191,10
189,87.48353678180821,7.064849508832103,10
190,88.1164036934767,7.116307541382398,10
191,88.59697731415478,7.013548900696498,10
192,89.05540535152254,7.2154397272111455,10
193,89.60061851899515,7.332496564907851,10
194,90.03738401693136,7.244430235679594,10
195,90.58241687114278,7.066063659054996,10
196,91.10623826740206,7.079475033025501,10
197,91.6090911010415,6.948155911254809,10
198,92.11121712471555,6.7638203443390745,10
199,92.67825987758627,6.863990051511565,10
200,93.37667978959834,6.924235772326766,10
201,93.98750520793433,6.954615311641465,10
202,94.66456678056598,6.882907812091183,10
203,95.29705040036113,6.97646747885831,10
204,95.82037538125134,6.983890766288817,10
205,96.2789526310462,6.970893151095144,10
206,96.7821082923829,7.015357126517856,10
207,97.392634370448,7.219516216228174,10
208,97.82937162152425,7.289523560632121,10
209,98.37416087157854,7.318718409451378,10
210,98.8336186026563,7.308256063207439,10
211,99.53178583687111,7.194951172681032,10
212,99.9686838887977,7.364843758545563,10
213,100.49238679522935,7.292976827139908,10
214,100.95050819896666,7.28272923464734,10
215,101.32113457783373,7.377903941600525,10
216,101.93300828386302,7.297084111964466,10
217,102.69756819309634,7.144074243977161,10
218,103.02461808814164,7.441792452883897,10
219,103.72331931225192,7.640688994531051,10
220,104.05017917152684,7.827374146462319,10
221,104.48921163623409,7.820365167054312,10
222,105.36162695695339,7.819877565211314,10
223,105.82073833924001,7.662641703683508,10
224,106.41062370954906,7.444357306858151,10
225,106.84743294363966,7.369195321912012,10
226,107.37059262208052,7.740061357534048,10
227,107.84980421528772,7.73855076162667,10
228,108.37459149346994,8.01878946620686,10
229,109.00780857528036,8.078270425442918,10
230,109.57677158791998,8.199267470385157,10
231,109.90522957390878,8.32328507142253,10
232,110.3852268676153,8.568245700640567,10
233,110.9956597158164,8.42818646397434,10
234,111.60744390340065,8.443197531943813,10
235,112.17484818574387,8.685349521082774,10
236,112.54569686681111,8.694040601967359,10
237,113.06927812163562,8.872206741160403,10
238,113.39679536216548,8.769880248912779,10
239,113.98507912281555,8.73260737097155,10
240,114.35708130813202,8.748441309159565,10
241,114.79375624902664,8.879561386450128,10
242,115.36051389198272,8.90786600606537,10
243,115.62265415860354,8.819292984400652,10
244,116.07995542437338,8.933665992633113,10
245,116.6035341660159,8.982772573556534,10
246,117.01911462071746,8.846533495988686,10
247,117.54360642460006,8.601947360560736,10
248,118.15454113661102,8.883188840929297,10
249,118.52608353857121,8.758208797393428,10
250,119.13620361841802,8.948266260384722,10
251,119.65916254122753,8.799189793452685,10
252,120.2490447268334,8.977424753107638,10
253,120.72827434460544,8.92657659657831,10
254,121.31779554092618,9.200115154553371,10
255,121.81959859438398,9.181286525650199,10
256,122.3866079625036,9.164238765533115,10
257,122.71423382512243,9.19607132539652,10
258,122.9764146978775,9.381662994303692,10
259,123.58753455860969,9.547666145501278,10
260,124.15530705036375,9.57627809546174,10
261,124.65721595074638,9.787771616710211,10
262,125.26788225121004,9.723650783575579,10
263,125.8802032251928,9.734885809541359,10
264,126.5568481755607,9.671676999163545,10
265,126.84150358325647,9.74113163685651,10
266,127.38602789703995,9.720456913487087,10
267,127.80041820350331,9.698833682497273,10
268,128.10660424219628,9.674991209795717,10
269,128.630500514306,9.458724065531387,10
270,129.08863928854916,9.498949726433565,10
271,129.50419235020553,9.308711176631439,10
272,130.20183381498242,9.176223019989152,10
273,130.81345868795336,9.112843903263391,10
274,131.18566213932039,9.187051568892496,10
275,131.62210154717738,9.332333351210242,10
276,132.32043545283486,9.382353110681594,10
277,132.99667458436664,9.279619294526379,10
278,133.6522218578903,9.158774905394127,10
279,134.1756052214723,9.252236426777209,10
280,134.56900062044915,9.391609450690382,10
281,135.11567733958677,9.430964697838673,10
282,135.77108243116598,9.4330361292462,10
283,136.2517253571429,9.387863472077433,10
284,136.64420374635986,9.560167372185292,10
285,137.18974265765837,9.66479543637147,10
286,137.5396673646824,9.501093132685803,10
287,137.976525426201,9.714669155979664,10
288,138.69658204007914,9.699003661384925,10
289,139.17712282106808,9.913557407681562,10
290,139.72260503856407,10.106493697353288,10
291,140.13797044478878,9.72403773624834,10
292,140.8791747435107,9.815045926001854,10
293,141.4024774699956,9.756193143443866,10
294,142.10073907261204,9.783688893162001,10
295,142.60266903167522,9.91348310407682,10
296,143.10482833666367,9.973419409183597,10
297,143.4755957295618,10.103349319103636,10
298,144.02218651204007,10.134238790506476,10
299,144.71992570035633,10.063867494931982,10
300,145.24367950886352,9.948528853608956,10
301,145.54951816836606,10.146637371009957,10
302,146.00827612307415,10.343657722124012,10
303,146.6190079952431,10.518315160248664,10
304,147.05602833754406,10.522082468950586,10
305,147.44880477910013,10.378899364238706,10
306,147.97256556839676,10.70532839066506,10
307,148.47503655639986,10.789060507422793,10
308,148.97651876683074,10.877988903851106,10
309,149.4138850543925,10.883384564930186,10
310,150.22035663577256,11.021229655046948,10
311,150.54807138612142,11.166888494985884,10
312,151.09410089046065,11.050117437018017,10
313,151.74812242546076,11.174374122357131,10
314,152.18424171046604,11.359545700707356,10
315,152.7090146199676,11.508568076188812,10
316,153.14578399672357,11.60471323032648,10
317,153.6275717426453,11.566577684668292,10
318,154.1527647534942,11.61168111604857,10
319,154.4805434852303,11.453504968766962,10
320,155.13599803683687,11.454545582198678,10
321,155.83372954572297,11.402969026649913,10
322,156.3569091239907,11.623224054046027,10
323,156.7070236542938,11.4788193086548,10
324,157.27569415726632,11.388196740355278,10
325,157.90881914159297,11.303704222983322,10
326,158.41119604401368,11.380317561619957,10
327,158.84769515523337,11.383268583739186,10
328,159.350112261121,11.425578336534475,10
329,159.5701114186215,11.319485086859999,10
330,160.28985397930282,11.371220720589589,10
331,160.66169964281806,11.536278170169389,10
332,161.29423291295748,11.614654805897997,10
333,161.68694047150356,11.568967315124185,10
334,162.34197915501335,11.540827300629003,10
335,162.64749332704864,11.513154906295995,10
336,163.12704043087015,11.677803573735773,10
337,163.58813459301464,11.766623939342706,10
338,164.13334874282933,11.811483680109266,10
339,164.63610307282167,11.764855630581433,10
340,164.98520299716333,11.609868735411789,10
341,165.509565125359,11.547601844709675,10
342,166.03372474372344,11.54654007981713,10
343,166.64463619130115,11.517147739569358,10
344,167.10369058600546,11.682418603081135,10
345,167.45350830051908,11.764426389682026,10
346,167.86700854040254,11.870271208001185,10
347,168.23802059903204,12.047113937387374,10
348,168.67433656314455,12.313470609206094,10
349,169.02392651910912,12.34228016828722,10
350,169.3735494547117,12.167907058220502,10
351,170.0498607986982,12.240823674847434,10
352,170.39818517132275,12.525995097286192,10
353,170.5525248249924,12.568519243758532,10
354,170.92367964484066,12.69348925533661,10
355,171.3599263512447,12.671281156539777,10
356,171.75341577769217,12.63326356050599,10
357,172.25511411120976,12.829084109065443,10
358,172.8658548017107,12.944370286562032,10
359,173.30322369235301,12.96441580829885,10
360,174.06638909315933,12.937511035929356,10
361,174.28577071266557,12.87921614577568,10
362,174.89691879564037,12.82854192731036,10
363,175.42036025651106,12.7741338745006,10
364,175.8575112252195,12.976279655236455,10
365,176.31636118095264,13.154736185891071,10
366,176.66620008072152,13.251631402675839,10
367,177.19000180888483,13.517104079972084,10
368,177.38709709973804,13.500093823291511,10
369,177.845047253038,13.78765715691833,10
370,178.23809778993217,13.766780555693018,10
371,178.6751652856687,13.615408062185738,10
372,179.24379271817966,13.513569502425067,10
373,179.76761252330476,13.336849957096513,10
374,180.0949144134742,13.397431300579035,10
375,180.6636705454863,13.510004898372683,10
376,181.3832335745939,13.454428358459747,10
377,181.7119345747073,13.562526041076497,10
378,182.4102309386803,13.509951641714437,10
379,182.99853458903402,13.645355431054142,10
380,183.5664708238136,13.589808320338033,10
381,184.22098086361603,13.731581246733688,10
382,184.89774864358606,13.834401185959418,10
383,185.50894913115934,13.818019942270562,10
384,185.988852314924,13.7290484219404,10
385,186.60025522620532,13.683747357574152,10
386,187.08034952333335,13.650203773055201,10
387,187.53866458371155,13.627130567919812,10
388,188.1066766325801,13.766759109647781,10
389,188.56545909618907,13.912305371308253,10
390,189.22091513463397,13.936455469278298,10
391,189.87601145716314,13.8807154980369,10
392,190.18121746703065,13.72070159407298,10
393,190.77027547479457,14.018263497795536,10
394,191.35944525968506,14.008949638427401,10
395,191.753178285889,13.846268363880236,10
396,192.34333048100413,13.929857371462074,10
397,192.8890740284414,13.895270889182498,10
398,193.43574923536568,14.024438051882173,10
399,193.95965962440795,14.170999285624628,10
400,194.54812994491382,14.417393095293711,10
401,195.00710084404116,14.394981710023274,10
402,195.53086003471947,14.556369605322857,10
403,196.03318117235898,14.595055345257341,10
404,196.491074706218,14.706720156614228,10
405,197.10155173964932,14.525165658475956,10
406,197.42892320694983,14.38631927864934,10
407,197.84364517975533,14.40405849784451,10
408,198.28102910999874,14.51760033710022,10
409,198.71705113648517,14.539026851491439,10
410,199.15544136536494,14.405792518897924,10
411,199.70193323643366,14.515395463642959,10
412,200.509664113822,14.628467508223908,10
413,201.05538342807438,14.47293768426829,10
414,201.60126843729034,14.51355755691768,10
415,202.19088975383474,14.573396755067233,10
416,203.0198613221542,14.59696779343826,10
417,203.43498737140914,14.40956748101554,10
418,203.93648191016862,14.407419091601811,10
419,204.3957632331289,14.35715263692542,10
420,204.940702558601,14.469863268299788,10
421,205.3770529687999,14.718464371500138,10
422,205.74817375467939,14.73019240968675,10
423,206.16403857680626,14.736307904195094,10
424,206.7536110132206,14.711658833891665,10
425,207.34207735500166,14.933253210734698,10
426,207.6914048333384,15.151278687513793,10
427,208.21487489266934,15.187429643110498,10
428,208.73859870424016,15.22203898476748,10
429,209.2195243935726,15.469651641495272,10
430,209.56861257318013,15.63021329369208,10
431,210.20106164808408,15.809956615478018,10
432,210.55011287274806,15.837529425782833,10
433,210.81172856282114,15.910934989229355,10
434,211.33499288518425,16.0187694618053,10
435,211.7709499568231,15.940452877930245,10
436,212.44844273258968,16.027762810119523,10
437,212.97275728562423,15.963977086473918,10
438,213.54037524050986,16.05225020643151,10
439,214.1085119570842,16.127562386867968,10
440,214.5662717214422,16.435859233635558,10
441,214.87160703443087,16.42746233810931,10
442,215.54793408353686,16.54064303903712,10
443,216.05058214128775,16.679505281335665,10
444,216.42142860504686,16.78783937517518,10
445,217.20739317829467,16.866807374807767,10
446,217.68732872219272,17.02706629634848,10
447,218.34139607335572,17.242938103812303,10
448,218.75620565067078,17.01252397617729,10
449,219.30253162084924,17.21035113476236,10
450,219.6737832685234,17.05155376235848,10
451,220.13143707742148,17.107596494753448,10
452,220.52441267614412,17.106773102027933,10
453,220.87347419977317,17.284323329330416,10
454,221.63717693187755,17.4202388695831,10
455,222.07429630503393,17.63331686636271,10
456,222.5338179648482,17.625180597288217,10
457,222.99232228431657,17.713649291764806,10
458,223.69028206436332,17.964940898888287,10
459,224.14834645174204,18.02417621513918,10
460,224.86854352286642,18.167418199489834,10
461,225.26189913419915,18.1426327357571,10
462,225.63220404182897,18.263660763402473,10
463,226.22202382985338,18.378852946424637,10
464,226.7457994578671,18.447733885712708,10
465,227.1177869867447,18.48897686670841,10
466,227.6223878050825,18.44248339559688,10
467,228.0381254182095,18.260710326128045,10
468,228.64880803203377,18.136827467189256,10
469,228.97621842469485,18.405259691711898,10
470,229.58713556782791,18.461718849994096,10
471,229.95807528107238,18.53574064301542,10
472,230.37196633115596,18.422984380697113,10
473,230.87395526117092,18.60859927915085,10
474,231.33269031117484,18.57238644986556,10
475,231.8775838105024,18.533142613724117,10
476,232.0961431530806,18.769152223748886,10
477,232.44597086565017,18.94297041405863,10
478,232.796202178083,18.913619340070078,10
479,233.12390247035802,19.145941776711165,10
480,233.51698223424168,19.24727336397106,10
481,233.93087651505442,19.533429813704938,10
482,234.12745805214004,19.45592558752505,10
483,234.34547769347765,19.506859747679812,10
484,234.8690894942174,19.62943984622327,10
485,235.26300727503576,19.541550967620886,10
486,235.78730507992742,19.758832119732666,10
487,236.2461793527992,19.89025497401474,10
488,236.85764829855043,20.017261198289027,10
489,237.40366757204455,19.986167741060523,10
490,237.970631793669,20.04967847927283,10
491,238.27715702609163,20.10790345029958,10
492,238.73464109819733,20.262439967854917,10
493,239.17021804391874,20.393851251288687,10
494,239.89067077782585,20.614146230420417,10
495,240.6102922887012,20.588702980427357,10
496,241.00359815676356,20.582497729008526,10
497,241.54939774283503,20.329571457949946,10
498,241.94343016071412,20.528905828788083,10
499,242.2491925474585,20.775258090837323,10
500,242.66464481041788,20.965287734575256,10
501,243.2310232423775,21.14228770856579,10
502,243.4940080774747,21.186041082079658,10
503,244.213564739697,21.15333033319157,10
504,244.49878181532077,21.275255837266002,10
505,244.93555299925816,21.253330385341485,10
506,245.41509103772947,21.42714002550928,10
507,245.72207420088915,21.335073587391232,10
508,246.20288416851946,21.44732266168472,10
509,246.57355554824775,21.36137855237983,10
510,247.07648446372178,21.409877573691997,10
511,247.44891430869401,21.406061927811965,10
512,247.95150469019094,21.374583585047834,10
513,248.56253644408062,21.44135412498614,10
514,248.91229547539587,21.496251018897315,10
515,249.30492216869735,21.679057529577705,10
516,249.65443797914858,21.787545678075258,10
517,249.89483227621298,21.895749226707593,10
518,250.31048383036887,21.79100977262836,10
519,250.76911825930625,21.900927794047295,10
520,251.14012949366096,22.03203984731751,10
521,251.66497042524847,21.90765143459866,10
522,252.16699270510998,21.998265959859708,10
523,252.5603104231865,22.187750118360476,10
524,252.90964874631368,22.21801205101492,10
525,253.1714761875308,22.283708614275945,10
526,253.65181266704212,22.15997864225084,10
527,254.26208948575612,22.069467816895,10
528,254.56837396992228,21.90906618749076,10
529,255.24452273540996,21.907714702243084,10
530,255.6593218877778,22.122640518969465,10
531,256.20501821955355,22.24001570546923,10
532,256.75080696346123,22.27147064579317,10
533,257.1874207958526,22.16165654348328,10
534,257.51483767776915,22.136263123504584,10
535,258.0380849225283,21.97906122471659,10
536,258.6280238624905,22.272872069290003,10
537,259.0861164831763,21.964378702368787,10
538,259.4136841426315,21.778807385218574,10
539,259.9789579185153,21.81449178629383,10
540,260.2190567418462,21.628622395165323,10
541,260.63286428251445,21.746440472716813,10
542,261.13489194987903,21.778250333653336,10
543,261.5501134274147,21.748625857900397,10
544,262.1395951164484,21.911135526726255,10
545,262.7067096437844,21.7935640626687,10
546,263.3834223724542,21.772013360389227,10
547,263.8640601333162,21.506593373846975,10
548,264.38740541612725,21.652143561186627,10
549,264.8457422107968,21.502778740245663,10
550,265.30325400500885,21.421172677859992,10
551,265.80531973794194,21.54542471514609,10
552,266.3937745702294,21.416101392026246,10
553,267.0264748937347,21.457982679195997,10
554,267.59404616012085,21.305842874989704,10
555,268.13945129261253,21.21834132003958,10
556,268.5981987447796,21.21958607459521,10
557,269.20990559322274,21.262079927447015,10
558,269.668521311137,21.297516292390096,10
559,270.2352326938003,21.297361962929415,10
560,270.51982079480945,21.101083698807873,10
561,271.15182674858215,20.873635425074937,10
562,271.5678745358803,20.8376374078429,10
563,272.11342325648343,20.930975436695764,10
564,272.61577746854107,20.870576720977994,10
565,273.09696722759577,20.95915701815049,10
566,273.88272100610277,20.924610294065285,10
567,274.4065343383587,21.130972021042506,10
568,274.92988281043614,21.058833396645486,10
569,275.45315387672116,21.154892930536498,10
570,275.67199638907397,21.09886992872001,10
571,276.1527285744187,20.909266381251534,10
572,276.72063022066294,20.976612028958737,10
573,277.3541986176374,21.003325649836068,10
574,277.85579052348487,21.075366585557468,10
575,278.3139251838582,21.21820097866532,10
576,278.816922583999,21.096588140855328,10
577,279.1892812001493,21.17926521151543,10
578,279.7344569649216,21.22583001812556,10
579,280.34532711678054,21.42870650908861,10
580,280.8261143536385,21.661795334912416,10
581,281.48119744094186,21.699055568175403,10
582,281.9420548971649,21.710481465446122,10
583,282.48711346217794,21.704634487564817,10
584,282.94530588130846,21.74018776439586,10
585,283.5779171058139,21.75689152743374,10
586,283.9280933649503,21.738861020900725,10
587,284.71297035665515,21.799303499663406,10
588,285.2155876526552,21.733564555458546,10
589,285.7398879584452,21.44736072940647,10
590,286.11140356487977,21.428829655057058,10
591,286.83155559737105,21.29442293873019,10
592,287.1812398517701,21.16150784984376,10
593,287.61849861059045,20.96562827143313,10
594,288.010447566272,21.135550648708126,10
595,288.5572400527073,20.99394438993444,10
596,289.03834456125765,20.886252276301537,10
597,289.7802025943852,20.84686736512007,10
598,290.21685388124706,20.987615192923524,10
599,290.7839540322889,20.809126511127,10
600,291.0899636502596,21.053753572259993,10
601,291.4836523238816,21.141165478186757,10
602,292.0951115181309,21.065077502981197,10
603,292.8803977637017,21.096242939136992,10
604,293.49215272275893,20.77436204559968,10
605,294.01508172166285,20.711897258244562,10
606,294.56175772714056,20.490150120656036,10
607,294.890122216323,20.548868652996394,10
608,295.3259405930452,20.38919679470445,10
609,295.80662045424526,20.306142783349024,10
610,296.15582095545614,20.26527964588479,10
611,296.72352400561994,20.25075851132613,10
612,297.42202956697975,20.293812225832212,10
613,297.903094906669,20.473125022559117,10
614,298.2754683991967,20.387523474661638,10
615,298.7124334758863,20.45207214414365,10
616,299.2583669217706,20.42113686219917,10
617,299.7168901805557,20.67228375981284,10
618,300.2847245246496,20.635575570068553,10
619,300.59111378714107,20.7847089303993,10
620,300.9621167687715,21.100177959834664,10
621,301.4218102032024,21.282437221090387,10
622,301.7058466184118,21.436421219885784,10
623,302.2517870025889,21.611985432918495,10
624,302.53584177343663,21.77101381091696,10
625,303.2553394720321,21.636892596994315,10
626,303.80205296522195,21.486548660332566,10
627,304.2601518812473,21.32080599831946,10
628,304.6536875264964,21.23943197440062,10
629,305.17700564864634,21.462154005395682,10
630,305.7460208527068,21.347473328120476,10
631,306.24817428524386,21.49625502185921,10
632,306.6195909132383,21.452236876723962,10
633,307.10067219119344,21.537408893532227,10
634,307.6906096360984,21.727356920991284,10
635,308.3020509764475,21.81130052245653,10
636,308.73820865167795,21.581006105117805,10
637,309.524028617613,21.491816718428176,10
638,310.20028088023366,21.680507469963917,10
639,310.7251360164058,21.863322347169646,10
640,311.1612401681064,21.990178481131675,10
641,311.5756917790942,22.014367415845452,10
642,311.96915886571367,22.193671797816283,10
643,312.4272046160118,22.294157470308267,10
644,313.1693867553084,22.41135515373555,10
645,313.56426278607057,22.364618293832006,10
646,314.1534491316112,22.445089770904175,10
647,314.69876998440964,22.229185288690758,10
648,315.28831899989075,22.213754090790786,10
649,315.9421233100067,22.364478884786838,10
650,316.4874704377632,22.380861062033205,10
651,317.01180035793345,22.509435198251246,10
652,317.447196820936,22.563920917575043,10
653,318.14606255710794,22.652129205707574,10
654,318.56235319130235,22.50567323826235,10
655,319.1082419877922,22.76271337827257,10
656,319.6314975159767,22.85335999624169,10
657,319.9158936073382,22.99789163506484,10
658,320.43908705867386,23.01662608155194,10
659,320.963235308343,22.787977994273074,10
660,321.4870519752189,22.64671115588045,10
661,321.90233090881975,22.670864602760236,10
662,322.2290654780226,23.016075455152972,10
663,323.01487346729493,22.929931089702915,10
664,323.47397405993905,23.23859874418391,10
665,324.0636552249066,23.33166841598555,10
666,324.523024592641,23.458199997227666,10
667,325.2211847879363,23.4256122918156,10
668,325.4399407542359,23.403911420784436,10
669,325.89826311727404,23.158404911203256,10
670,326.2691619476633,23.23916849348138,10
671,326.9448646282482,23.16697949508135,10
672,327.31587036518414,23.09762287486351,10
673,327.86139099412014,23.376553911280922,10
674,328.4717034892729,23.305545204886037,10
675,328.8212969258231,23.241172853636918,10
676,329.4545512384633,23.239958975076302,10
677,329.8263021847741,23.337087780919514,10
678,330.17573884144156,23.28041311647503,10
679,330.853174295368,23.388243075548775,10
680,331.15914379516977,23.28550306785441,10
681,331.5966485749348,23.37819840126408,10
682,332.09869018302635,23.495401224516932,10
683,332.42653227186196,23.717776985116174,10
684,333.0814363060598,23.72587193632518,10
685,333.60468251068403,23.815549300340614,10
686,334.1072279489666,23.769990937866822,10
687,334.56550708864853,23.8342372934999,10
688,335.3066302979288,23.927002418979384,10
689,335.4822816552165,23.93527290834791,10
690,336.04971972289815,23.91645297290189,10
691,336.5739456014265,24.22658520908603,10
692,336.9889624662789,24.26505166026426,10
693,337.2941134100077,24.204935729025948,10
694,337.79612548435773,24.261346251806415,10
695,338.5160961512299,24.26854378787551,10
696,338.84359348421805,24.389843832352202,10
697,339.21538906816284,24.49839662501608,10
698,339.825479392226,24.416275052281332,10
699,340.284500186605,24.509249729973547,10
700,340.7223170095822,24.708451762189807,10
701,341.31181446480366,25.01557844821352,10
702,341.74866750254824,24.96075462632892,10
703,342.35978504913805,24.86758140263008,10
704,342.7751914414504,24.982885202837636,10
705,343.3207032527601,24.91004305665885,10
706,343.6916283495362,25.091659122293496,10
707,344.17256679508307,25.242625512089486,10
708,344.61053027413965,25.13803464590869,10
709,345.1782953299836,25.065952217223607,10
710,345.5497399573343,25.067559078149102,10
711,346.0299262841214,25.026161812762467,10
712,346.5533591467656,25.180821732615094,10
713,347.1208981253602,25.14372626692102,10
714,347.55766007517934,25.328092357889435,10
715,348.2562582299808,25.416081659635598,10
716,348.71413776339034,25.61479406735339,10
717,349.25956405588323,25.904296392179663,10
718,349.6958054790163,26.15302108834213,10
719,350.1763931369021,26.217852323719473,10
720,350.5918418462128,26.270270823767753,10
721,351.1369598806135,26.360278137595913,10
722,351.595487729249,26.432856363823397,10
723,352.05445755830243,26.466254151282584,10
724,352.5344024984849,26.406271715034947,10
725,352.9277835577913,26.229428618807034,10
726,353.4512545438707,25.906493280463508,10
727,354.17188174617274,25.8430914164753,10
728,354.761871462017,25.914643399115533,10
729,355.1108810783197,26.076979482015815,10
730,355.6344918752311,26.219451775931695,10
731,356.26773015430314,26.301509351264805,10
732,356.8360268491096,26.354232053508856,10
733,357.49221390596324,26.249688164038453,10
734,357.7545385669321,26.27387854666672,10
735,358.300138875862,26.356429892547606,10
736,358.91122546075087,26.270205260052556,10
737,359.45638864485215,26.23869996007145,10
738,359.9796669512985,25.981636435141848,10
739,360.54667659921085,26.09388796970038,10
740,361.00515656670365,26.037341386856596,10
741,361.5298754672225,26.101504056990446,10
742,362.18520144596977,26.11491248966611,10
743,362.64381503460123,26.4001448771725,10
744,362.99353057666036,26.41028461046719,10
745,363.6057572323281,26.52279289520081,10
746,364.26039894338146,26.56206744549087,10
747,364.71984147308626,26.464724419985703,10
748,365.2654523557884,26.418738904187947,10
749,365.68166090621116,26.250869401647343,10
750,366.22743549285923,26.1919671131722,10
751,366.8609354430608,26.24649818365616,10
752,367.55876134303605,26.30851110591066,10
753,368.0835905130826,26.5329658761289,10
754,368.49811720742946,26.58115654246313,10
755,368.97758039654417,26.720270142356103,10
756,369.58976696581504,26.835415713848555,10
757,369.9836815570935,26.849608103453555,10
758,370.48514642116237,27.00134096931402,10
759,371.03046295606134,26.67560527920482,10
760,371.51069572670434,26.617154953311182,10
761,372.0999594343424,26.498969304338438,10
762,372.53639033944285,26.426863362075128,10
763,372.9083414504455,26.461358588853003,10
764,373.323494439747,26.569609479362295,10
765,374.0216447893352,26.649652628534742,10
766,374.58951702793274,26.616853995270517,10
767,375.07006589588815,26.880922510246922,10
768,375.39807272670294,26.896140760380906,10
769,375.8566830005042,26.79779279201818,10
770,376.314843606879,26.94684870964114,10
771,376.55577833197964,26.91114569639963,10
772,376.92590039073383,27.03906421115812,10
773,377.25356672856645,27.173615661684984,10
774,377.97467736053153,27.26095637440809,10
775,378.4764636257151,27.219455406473706,10
776,378.7821658441376,27.06307729992513,10
777,379.21878165075987,26.86548125404545,10
778,379.45928916059745,26.89138410255047,10
779,379.8315336806881,26.820651441066076,10
780,380.42125286385306,26.70635115630808,10
781,380.90082206065625,26.669167223247367,10
782,381.4906110376302,26.657106294926624,10
783,381.92671055957857,26.836299541297535,10
784,382.42854965142595,26.677842385784,10
785,383.12610632455846,26.73725160544052,10
786,383.5625878564162,26.995183188558094,10
787,384.0856620537038,27.12086812566838,10
788,384.43497808591604,27.226922906596798,10
789,384.8065321869704,27.36588131219142,10
790,385.35214285911684,27.19057379596548,10
791,386.0499763660643,27.067616478537598,10
792,386.5731966745719,27.250959332359454,10
793,387.09791989646436,27.18785033522377,10
794,387.424798029884,27.331090222841553,10
795,388.12296783941053,27.39170277903039,10
796,388.60351780132135,27.62805039194546,10
797,389.14914868995527,27.61448552719966,10
798,389.5849320093529,27.772342849353652,10
799,390.1739354934074,27.870767485061524,10
800,390.56747588381927,27.9178283799607,10
801,391.22177074604116,28.07509848599849,10
802,391.5927831860847,27.96884847234018,10
803,392.11674070944974,28.15667138954972,10
804,392.4670821382832,28.11868750840661,10
805,392.92572151391977,28.321101243161454,10
806,393.5584859158261,28.344773888933574,10
807,394.14749161753855,28.421061014519594,10
808,394.6283973584554,28.417064163724138,10
809,395.02170622420624,28.356918123789054,10
810,395.52509314746146,28.514710075123922,10
811,396.1365341471852,28.763557691693027,10
812,396.59487482266684,28.80864970827059,10
813,397.03092237462215,28.75860469748195,10
814,397.6633079321738,28.746710578584764,10
815,398.1658800194312,28.76096400369121,10
816,398.64534980218434,28.723041746224375,10
817,398.99553200484814,28.617756924601025,10
818,399.6501411269329,28.726777817500068,10
819,400.1083172107021,28.64059511180422,10
820,400.5222250159889,28.59443856405523,10
821,400.9587207633426,28.638697409045438,10
822,401.48279534304464,28.988505046718014,10
823,401.83199805793845,28.97638172603279,10
824,402.1601361443605,29.104877757628614,10
825,402.6842083017259,29.127451598588383,10
826,403.1646764161423,29.30271576498469,10
827,403.5575927400625,29.460123497656802,10
828,404.21255234945727,29.54990268033572,10
829,404.9330817534359,29.697066926624185,10
830,405.4350785183261,29.846847640223288,10
831,405.9800101516058,29.872238266008388,10
832,406.4601961038089,29.915936250475237,10
833,407.02733726738995,29.895221250159874,10
834,407.31075536034183,29.980120594730913,10
835,407.79207482209176,29.94114256897882,10
836,408.38129879775704,30.059746573720474,10
837,408.8843328048624,30.232361441598684,10
838,409.407459322263,30.279546711699798,10
839,410.0184523159037,30.062894831749357,10
840,410.5423173816218,30.20635189219655,10
841,411.08782392763203,30.13504146373938,10
842,411.7419985161702,30.209212310520154,10
843,412.136268520608,30.079309198525433,10
844,412.61811347030834,30.04020339646129,10
845,413.1641979819631,30.15843843881422,10
846,413.797317884907,30.011596482789866,10
847,414.0588786858906,30.270955794018104,10
848,414.4517400347205,30.277623840837173,10
849,414.9091429321228,30.47121722731152,10
850,415.43305199188944,30.56466478441249,10
851,415.8477526669573,30.564716629202138,10
852,416.06680203131026,30.818447667354256,10
853,416.4592195767117,30.826122236435747,10
854,416.9175551874847,30.87603935957387,10
855,417.42009589930814,30.99671933816128,10
856,418.09766590339314,31.031322195229272,10
857,418.81926555199834,30.926136053913453,10
858,419.34295002181295,30.810348988257463,10
859,419.9115348752359,30.72681177194382,10
860,420.52284174246324,30.625667860494378,10
861,421.09101786199,30.813091204233785,10
862,421.68044988285146,31.022899032933847,10
863,422.16083159017614,31.02853839343838,10
864,422.576203432262,31.053949780109456,10
865,422.9697520652559,30.952606256143724,10
866,423.4717853003861,31.146817098935305,10
867,424.08288694047013,31.29741511325575,10
868,424.8250568352834,31.186873051251386,10
869,425.3257937757562,31.101598903489478,10
870,425.54527261016955,31.097958908358713,10
871,426.02424414748896,30.974367461023867,10
872,426.3515627159517,31.049726599727926,10
873,426.7885713366025,31.06101674910023,10
874,427.42126730399707,30.990178519656943,10
875,427.901620052191,31.06531059994212,10
876,428.27306245518355,31.223767081388274,10
877,428.75295051124306,31.293434056020654,10
878,429.3860511720368,31.454257598312818,10
879,429.9091868853071,31.44047578831493,10
880,430.62961385602523,31.384017645509154,10
881,431.35075272960637,31.374062866848636,10
882,431.98271435480075,31.50231711161007,10
883,432.3097908036727,31.196484833942215,10
884,432.8557648431732,31.16734537975883,10
885,433.3147909665886,31.285124796868097,10
886,433.70794336843693,31.281383230811805,10
887,434.3629164662017,31.21098051999501,10
888,434.9095382280631,31.339949033332587,10
889,435.5207615934643,31.348226165583505,10
890,435.9580412019962,31.337340392847697,10
891,436.67793348985833,31.47351934516186,10
892,437.1153799355554,31.437927187784314,10
893,437.6599084546303,31.508431385283266,10
894,438.20465749482594,31.588276030254114,10
895,438.7281762411491,31.783924893976593,10
896,439.25242120539616,31.857171349165693,10
897,439.8641555627661,31.750999607328023,10
898,440.08304849820286,31.671276568164878,10
899,440.5195913482692,31.95954127572011,10
900,441.1314795068785,31.98163271806735,10
901,441.5249653188031,32.07224946373245,10
902,442.13613425926826,32.19640395032984,10
903,442.37638777528053,32.26693234787952,10
904,442.7692535462335,32.22326288322642,10
905,443.1189062735422,32.0370123901427,10
906,443.77406849764657,32.13832499872081,10
907,444.2997143012867,31.9938251352308,10
908,444.6278713179455,32.19313573333407,10
909,445.0211881078655,32.17142262809056,10
910,445.32688695560546,32.19922583141411,10
911,446.0042205362806,32.26927668268447,10
912,446.57250607848954,32.212140829020036,10
913,447.18272854732515,32.28357418509752,10
914,447.51046733858965,32.33348691740618,10
915,448.07752877373315,32.29035212509747,10
916,448.68812535456607,32.221886599833795,10
917,449.36489027111764,32.20234506117903,10
918,449.67085531962505,32.38660603620509,10
919,450.1952310969053,32.595731515188184,10
920,450.8508233597064,32.71648909118745,10
921,451.13479264250554,32.835040246047626,10
922,451.7241046891674,32.73786515688507,10
923,452.18336654210844,32.71174270508968,10
924,452.6638898300098,32.81174216582369,10
925,453.0139441010048,32.86087856421448,10
926,453.4507841508753,32.82247281174982,10
927,453.8004958563899,32.705249965077684,10
928,454.21501224098154,32.81737231358203,10
929,454.6726732670107,33.01258983640745,10
930,455.2171860424495,32.88617674931907,10
931,455.87161853300256,32.79319372059569,10
932,456.3958610663597,32.96217459229671,10
933,457.00710241283394,32.876999031256304,10
934,457.37879774294754,32.66288761396161,10
935,457.74992675832345,32.68722616473755,10
936,458.09979671649626,32.78735609467186,10
937,458.7103369572793,32.738214781893724,10
938,458.7987889212627,32.708488349204366,10
939,459.17019351237343,32.715846339090234,10
940,459.5631275162383,32.5624979053406,10
941,460.2173972742853,32.68037006963905,10
942,460.9152074759835,32.660187341593215,10
943,461.30792089316174,32.71945417620712,10
944,461.78858667797147,32.47393682630059,10
945,462.31304622343293,32.48377170660734,10
946,462.923002716035,32.3865045931101,10
947,463.11993428922534,32.574397329695785,10
948,463.7089174869702,32.65391153570852,10
949,463.8843443365569,32.521426395776224,10
950,464.47336445534063,32.36732338268463,10
951,464.7361033365922,32.52620613221463,10
952,465.49996295260314,32.41187948705007,10
953,465.9584918413264,32.50089832453349,10
954,466.35136376845475,32.4951714423271,10
955,466.74452244215206,32.20168702971113,10
956,467.2263974659527,32.243499558370026,10
957,467.7936108161149,32.25501423346579,10
958,468.1876082133729,32.52157782300523,10
959,468.55893876735934,32.58050723343543,10
960,469.03901438510394,32.635266926068894,10
961,469.4319829874623,32.9394663012428,10
962,469.84649130717116,32.726901775890376,10
963,470.5441264528139,32.86818274322099,10
964,471.17694858123804,32.892290471440965,10
965,471.8970784900172,32.97953916948657,10
966,472.44404601525173,33.00256055648432,10
967,472.9035583326589,33.01731442515922,10
968,473.4477547287062,32.87545284153469,10
969,473.9069705548835,32.723858346805926,10
970,474.5397197104929,32.83304289341425,10
971,475.08563180617796,32.82063287873312,10
972,475.60948300660357,32.73546530938738,10
973,476.1349560197151,32.738988644727435,10
974,476.6809886158897,32.73322078666223,10
975,477.3350685544459,32.869828948780885,10
976,477.9459179749858,32.87759259576921,10
977,478.4910650024167,32.67953218866713,10
978,479.0613596430844,32.891834431328746,10
979,479.5854098014236,32.86295598241305,10
980,479.892810222501,33.17048089279898,10
981,480.45963960016707,33.368216830670825,10
982,481.1800823653399,33.3760022628328,10
983,481.8133300142284,33.199274590057776,10
984,482.1418053499745,33.24311446441405,10
985,482.6876142163354,33.15489836999017,10
986,483.2772646035884,33.01632605707919,10
987,483.6478862097185,32.97505443412975,10
988,484.10619636919466,33.06625768872553,10
989,484.4343303112313,32.88319762271875,10
990,485.0890818892466,32.79184087666652,10
991,485.5265234872171,32.90015124300204,10
992,486.22472926615774,32.977609758369226,10
993,486.70425143860814,32.983224802129364,10
994,487.1839668642039,32.8935918447844,10
995,487.8395330701063,32.9695227397033,10
996,488.429103823384,32.934659577824476,10
997,489.12770482890676,32.86926229519061,10
998,489.5859543509715,32.6758929187262,10
999,490.1097734144332,32.706167046475485,10
1000,490.48154200519895,32.57579688327387,10
1001,491.0921959287745,32.6351537236904,10
1002,491.70350232357686,32.69941099803354,10
1003,492.1405271933362,32.57471882126033,10
1004,492.5991406591801,32.593601494748874,10
1005,493.2317823577573,32.52045068944606,10
1006,493.7564377471141,32.48073784143287,10
1007,494.4987933363066,32.54434454759969,10
1008,495.11021172666824,32.55788593866636,10
1009,495.61245625636457,32.38061478409351,10
1010,496.2676092347809,32.551424768201166,10
1011,496.6391658675493,32.46427374265438,10
1012,497.1638855413652,32.61150900988121,10
1013,497.6886016583765,32.67863126736364,10
1014,498.23448466368757,32.805475715067296,10
1015,498.4974664643781,32.59053578662611,10
1016,499.17417661020954,32.56342946258989,10
1017,499.65365992069655,32.57794798934097,10
1018,500.24264860767573,32.698164295022366,10
1019,500.83181746069585,32.756600800609405,10
1020,501.33417614015116,33.10962071616817,10
1021,501.6830162523537,33.24576494191382,10
1022,502.1423935346687,33.346966308514084,10
1023,502.5792556314776,33.56454806354834,10
1024,502.8855554799282,33.60495259819399,10
1025,503.5188794900572,33.48667802368353,10
1026,504.06502845606474,33.2400691661275,10
1027,504.4805996129473,33.17724986683444,10
1028,505.0049334281424,33.3819901857679,10
1029,505.4635036603444,33.65786811933027,10
1030,505.81307979408365,33.82068271710079,10
1031,506.44602827691887,33.77065408944095,10
1032,507.01341141118064,33.87211333831357,10
1033,507.40693058783097,33.92675000209576,10
1034,507.92998600282664,33.92235568213176,10
1035,508.21336375582985,33.7557763933501,10
1036,508.80265228301613,33.97428725136178,10
1037,509.26116582439835,34.26501325322984,10
1038,509.67686004480055,34.35683817588417,10
1039,510.31009539479066,34.54749932661018,10
1040,510.7905316756267,34.75702418798849,10
1041,511.24936827833,34.70382074106073,10
1042,511.6858413110291,34.618007194737274,10
1043,512.1671495640189,34.5983797326177,10
1044,512.5826782126599,34.7759773877023,10
1045,513.1063655882848,34.97477411706006,10
1046,513.5433874944556,34.9514086254845,10
1047,514.1538407555148,35.03647798981471,10
1048,514.6122017743512,34.9291318933433,10
1049,514.9184870654989,34.82553068001751,10
1050,515.5300382432423,34.97232895059624,10
1051,516.0538196929449,34.99571599445762,10
1052,516.513042572188,35.14649513988901,10
1053,517.0149516761478,35.036696030680226,10
1054,517.3868906857795,34.82577594279331,10
1055,517.7812314552846,34.611064333373875,10
1056,518.3257368333395,34.6430997055669,10
1057,518.8500669334977,34.75869078849603,10
1058,519.5703730077948,34.743711106572654,10
1059,519.9630645855522,34.55315487275254,10
1060,520.6181832182186,34.58158510812487,10
1061,521.0766198838991,34.59833330650084,10
1062,521.5360277654537,34.74820118402776,10
1063,522.1478385166085,34.713367048843345,10
1064,522.673036550758,34.77728133716655,10
1065,523.284764083027,34.75152152649771,10
1066,523.8965652234137,34.767641998106306,10
1067,524.4861441754747,34.959185919336136,10
1068,525.0759550410971,34.890332241757434,10
1069,525.795755270057,34.77152805923772,10
1070,526.4947511826538,34.81826124985981,10
1071,526.9321920058586,34.54957745138387,10
1072,527.346675411904,34.766254719662896,10
1073,528.1097715344835,34.68787117355787,10
1074,528.7881729836147,34.86270008250563,10
1075,529.2903928484591,34.91328901391828,10
1076,529.9890468817562,34.95847430907389,10
1077,530.3618616862275,34.98508145181019,10
1078,530.7326665545336,35.029480005914984,10
1079,531.3870944209332,34.83400158744549,10
1080,531.8660681232874,34.7527209493996,10
1081,532.1501311752339,34.755493865382775,10
1082,532.6747825301095,34.85698579229957,10
1083,533.2212032612986,35.20860561011945,10
1084,533.7668221639046,35.225683652471716,10
1085,534.3123451303345,35.221023827256985,10
1086,535.0540701711116,35.15167215001114,10
1087,535.621169738459,34.935475503766064,10
1088,536.123689327903,34.94431273438717,10
1089,536.7342066007963,34.98252883296545,10
1090,536.9748384865995,35.197527948222366,10
1091,537.7602023066424,35.30641103064895,10
1092,538.5895220228706,35.2317848142287,10
1093,539.3098305587553,35.1846320071986,10
1094,539.7032519627851,35.00389439467143,10
1095,540.1404198976668,34.96023345945532,10
1096,540.7731839593034,34.86189651609984,10
1097,541.2535577669622,34.99554978306257,10
1098,541.886254165436,34.78995769129339,10
1099,542.3234308705305,34.66791249835656,10
1100,542.9341282072852,34.920065427788764,10
1101,543.1089676587496,34.82521452979666,10
1102,543.7195640068226,34.89576716156875,10
1103,544.1347106184329,34.55211870906677,10
1104,544.5278559488273,34.573016356729354,10
1105,545.1397705600568,34.52179743299756,10
1106,545.5984651150989,34.59727230402945,10
1107,545.8605710514023,34.80969523993445,10
1108,546.5596611815863,34.86611394201217,10
1109,547.1920756753718,34.70550327899983,10
1110,547.7164440628462,34.47323950897029,10
1111,548.2403081483832,34.45794487886418,10
1112,548.5893875352579,34.653514096055495,10
1113,549.2436041203983,34.56584597556527,10
1114,549.74520871437,34.59953693190082,10
1115,550.2030566500764,34.6255069967676,10
1116,550.7932714248963,34.64437123263366,10
1117,551.3395942143634,34.635520726786844,10
1118,551.7105563349035,34.657928360718415,10
1119,552.3003729396476,34.81387743247971,10
1120,552.868248276691,34.78780701005714,10
1121,553.5013988971723,34.84155426537129,10
1122,553.9380574396819,34.967564672099215,10
1123,554.3307284755227,34.98144755094823,10
1124,554.8756326036467,35.34010738135683,10
1125,555.2476335610261,35.30460013861115,10
1126,555.8583812701698,35.364655342756826,10
1127,556.3821011501943,35.44403629561259,10
1128,557.0584940207603,35.691275177176,10
1129,557.2993513267581,35.8219980441186,10
1130,557.8450772407793,35.68456828136281,10
1131,558.3912382255663,35.592923117473426,10
1132,558.8713019534584,35.76980390035603,10
1133,559.1553965712542,35.87406235677238,10
1134,559.6574014864877,35.8532072277978,10
1135,560.0940945940042,36.02178026400905,10
1136,560.6175520617163,35.89361272884321,10
1137,561.4030067351249,35.89474780045565,10
1138,561.9275064754096,35.96143680958475,10
1139,562.3649796321113,36.041408715164216,10
1140,562.7145767620093,36.30512564736754,10
1141,563.1730072013868,36.07377196967102,10
1142,563.7407485827978,36.19248813346284,10
1143,564.4835238491712,36.104111647860854,10
1144,564.9414718082884,36.29344285668242,10
1145,565.466011176332,36.43977335909924,10
1146,566.1415757090724,36.43557744840614,10
1147,566.4910493738228,36.481019066169836,10
1148,567.1676190985165,36.68999434232464,10
1149,567.4304494774685,36.64355637996259,10
1150,568.1278612864045,36.595268418320956,10
1151,568.5479376694173,36.756035797908886,10
1152,569.2248154226122,36.759028511517144,10
1153,569.7927162086654,36.610478432817516,10
1154,570.4041827428634,36.7028694155042,10
1155,570.9716038378045,36.75777024550423,10
1156,571.2775651989058,36.74749878117933,10
1157,571.9534174483431,36.780269036659774,10
1158,572.5859014983978,36.82589646555295,10
1159,573.1544438097095,36.9201617466313,10
1160,573.4386806997716,37.2019915978399,10
1161,573.7882010547087,37.40475914299609,10
1162,574.3345027556327,37.54671482641856,10
1163,574.8360978352856,37.7061760493606,10
1164,575.5130385167847,37.85990781004874,10
1165,575.9939859259646,37.7198567681128,10
1166,576.5396034279571,37.7068141980293,10
1167,577.1291456248999,37.783763001335224,10
1168,577.7173885691442,37.74571476308206,10
1169,578.1761352907395,37.54147501899384,10
1170,578.7433321083861,37.79467841984813,10
1171,579.3329175074234,37.56789525154015,10
1172,579.7488558353919,37.736430383413136,10
1173,580.2506295312079,37.73336904809448,10
1174,580.5354348786948,37.91030389327272,10
1175,581.0590977110638,37.83945773829723,10
1176,581.6718740907936,37.726124170208294,10
1177,582.0430069427273,37.96168103192494,10
1178,582.5013140341913,38.09048664857609,10
1179,582.7630472349105,38.031447552721716,10
1180,583.373864702836,37.769668085604906,10
1181,584.0294024114954,37.67332790686083,10
1182,584.6199151415373,37.65971578068472,10
1183,585.339654819329,37.72217239142743,10
1184,585.7107038495362,37.80607421559883,10
1185,586.2565457356425,37.83134892180708,10
1186,586.9339006165276,37.75841502339199,10
1187,587.6539135897683,37.78027174332138,10
1188,588.1766847674759,37.827650484918536,10
1189,588.3517585058596,37.81221669390792,10
1190,588.7008986361338,37.928623366557794,10
1191,589.159917781101,37.7656122186386,10
1192,589.5755028898318,37.72881217680501,10
1193,590.1022630474015,37.72224664775927,10
1194,590.58284551063,38.01570857454982,10
1195,590.8676274857787,37.7755817206619,10
1196,591.4997545867994,37.8856077361256,10
1197,591.9144995376275,37.56228217412885,10
1198,592.4384956378778,37.61720126521032,10
1199,592.8314383652921,37.79927990679807,10
1200,593.1580088923417,37.875931048313376,10
1201,593.8566416354504,37.70065251514351,10
1202,594.3149734691493,37.678843888533024,10
1203,594.9477607883256,37.82339191078491,10
1204,595.3407438960608,37.67415948863953,10
1205,595.6462735220848,37.83711064233053,10
1206,596.1710491112724,37.86255049062803,10
1207,596.7821661189699,37.859953770773465,10
1208,597.4807508257264,37.81313224058472,10
1209,597.851927425367,37.56280710630108,10
1210,598.2876489234384,37.635096131674835,10
1211,598.7465034730096,37.605934075839826,10
1212,599.4006754033906,37.57678681685212,10
1213,599.8151959230452,37.60827112008938,10
1214,600.4489324247786,37.676890025489165,10
1215,600.9303092486958,37.98142838675904,10
1216,601.6719810416072,38.0916866375755,10
1217,602.0660912495362,38.119911430594335,10
1218,602.6115558187596,38.39949189452952,10
1219,603.2229915714236,38.47040982627421,10
1220,603.7470497353858,38.18971913924292,10
1221,604.2263086890155,38.261897323252335,10
1222,604.7508222743791,38.33735543893445,10
1223,605.2960148155487,38.34150411988548,10
1224,605.9069113804356,38.29040789109493,10
1225,606.5183595527108,38.46104551423935,10
1226,607.1517957000164,38.58062375501706,10
1227,607.6306551900504,38.31113721375041,10
1228,608.1984942948477,38.47718524660116,10
1229,608.6359371941713,38.47324129709288,10
1230,609.3347339839177,38.574588722533186,10
1231,609.8157851110452,38.36356737327366,10
1232,610.3395744540278,38.51436374734478,10
1233,610.75543759218,38.454128548223565,10
1234,611.16958104022,38.465417286652325,10
1235,611.6711504840958,38.45052063415933,10
1236,612.2166808414468,38.290797020892064,10
1237,612.7411587791156,38.26330870905357,10
1238,613.1557948098107,38.53087386878287,10
1239,613.5280028376258,38.423929768390074,10
1240,614.2264873821913,38.49097319395512,10
1241,614.8813375901241,38.67076652345429,10
1242,615.5152090870283,38.81675903180787,10
1243,616.1268290567211,38.84410774713507,10
1244,616.6290502143727,38.99387182256819,10
1245,617.2403208097496,39.07940553386271,10
1246,617.5892000565079,39.19892862870842,10
1247,618.1573205616655,39.26646364758231,10
1248,618.6388972061941,39.24847570502754,10
1249,619.1632253886685,39.297168075914286,10
1250,619.6655152762305,39.464677436491264,10
1251,620.2990143118203,39.70031004662974,10
1252,620.7138603819051,39.82245462000217,10
1253,621.3257719130604,39.74738102970059,10
1254,622.089387226747,39.68357637684642,10
1255,622.612748476223,39.936513436376735,10
1256,623.0277473370013,40.11368353330966,10
1257,623.5946191591587,39.9061549402664,10
1258,624.228448819449,40.067581460636866,10
1259,624.5995106672622,40.09955412677665,10
1260,625.2758220327744,40.17287150999515,10
1261,626.0620648518759,40.140514862792955,10
1262,626.8474839774799,40.07195196394923,10
1263,627.5459457476004,39.91372582805649,10
1264,628.0694644654042,39.797155321435405,10
1265,628.702547843239,39.97931743393672,10
1266,629.0083577373937,40.056037883374,10
1267,629.3797903039343,40.293916075295996,10
1268,629.9034216743523,40.08253064461578,10
1269,630.3837920775807,40.232911943704984,10
1270,630.8859303928964,40.46367937370013,10
1271,631.3225295529844,40.489980181967894,10
1272,631.933990972237,40.7140451049079,10
1273,632.4572207164476,40.68129495647768,10
1274,633.1122777013192,40.58898284803735,10
1275,633.8977876223121,40.71138513771436,10
1276,634.5743314713197,40.94185216485413,10
1277,635.0339472460985,40.92658338753462,10
1278,635.5797604582733,40.842356547408976,10
1279,636.1034222120518,40.72452577659238,10
1280,636.6715898097159,40.70967010414136,10
1281,636.9564235723938,40.74814234284684,10
1282,637.4578912253891,41.111833963293485,10
1283,637.8076572766887,41.174960301281125,10
1284,638.4620054695904,41.11984685829457,10
1285,639.0074409211068,41.14198433308211,10
1286,639.5324768145761,41.18272498560191,10
1287,640.1216125067194,41.38315696564324,10
1288,640.6034079909601,41.53255996399937,10
1289,641.2796164371996,41.52538004876586,10
1290,641.7591130617905,41.561247986858476,10
1291,642.3482595392302,41.67962708981796,10
1292,642.6995086609642,41.73632886178664,10
1293,643.223997042567,41.91049661162547,10
1294,643.7693689025439,41.66212369265254,10
1295,644.315943594105,41.80369135219549,10
1296,644.817911874509,41.774963039365254,10
1297,645.626331551047,41.74028178120399,10
1298,646.1277156100516,41.674144519281306,10
1299,646.6077010503566,41.863934865095494,10
1300,647.1316774272562,41.96830240224979,10
1301,647.8299042203307,41.859657177887506,10
1302,648.3973773547759,41.941336001432106,10
1303,648.8556894680677,41.81002824979035,10
1304,649.5976718788918,41.863668783682094,10
1305,650.0133606245092,42.010781138296274,10
1306,650.5802984937643,42.053936492656696,10
1307,651.2788207199194,41.97747726731375,10
1308,651.672343985779,41.992148427095174,10
1309,652.1956185413462,42.177578865483284,10
1310,652.5665859596995,42.200150292800956,10
1311,653.2860845184119,42.3196483584727,10
1312,653.8320683512854,42.16461163536822,10
1313,654.2697226211778,42.33238539798696,10
1314,654.6845691022064,42.38354181066682,10
1315,655.2081670154546,42.546658785673934,10
1316,655.6689073483036,42.63622609467704,10
1317,656.302014538041,42.54685964078428,10
1318,656.8690529503581,42.509271901862164,10
1319,657.3495256321888,42.53886656075768,10
1320,657.9610978365375,42.705263385679686,10
1321,658.4194960695652,42.86540658910608,10
1322,659.0302474113662,42.66253072957684,10
1323,659.5093162368754,42.53790872795737,10
1324,660.1206412833174,42.48346765893801,10
1325,660.4046303935725,42.490004495284694,10
1326,660.7541314695216,42.63227773568611,10
1327,661.6050942478699,42.61941423414601,10
1328,662.1944962638605,42.668711962548024,10
1329,662.7404142305558,42.70898908613526,10
1330,663.2863873051116,42.57971764761171,10
1331,663.919394006361,42.740857850653946,10
1332,664.2033310568327,42.6174783709448,10
1333,664.7694657404461,42.52178335568319,10
1334,665.2059488689309,42.64127417997545,10
1335,665.8822531504889,42.64480387754194,10
1336,666.4070337293288,42.46493252157721,10
1337,666.9527972657896,42.545778874551345,10
1338,667.2370769633246,42.594970582519586,10
1339,667.6729960357951,42.66878964725802,10
1340,668.2403116352205,42.614240252842514,10
1341,668.677811872599,42.4954655163159,10
1342,669.2020465542994,42.646764584225,10
1343,669.8137563687999,42.88415742320224,10
1344,670.4239564494771,42.81700337497882,10
1345,670.9263084293199,42.56007449227708,10
1346,671.3847528139021,42.55860378026608,10
1347,671.8435329052472,42.53794706962248,10
1348,672.4116087216178,42.67842779275571,10
1349,672.7615804145835,42.77739083143402,10
1350,673.3948804178406,42.77345275427031,10
1351,674.1801729569928,42.929867039463645,10
1352,674.6825181137976,42.8850759300266,10
1353,675.119273398093,42.93808034065318,10
1354,675.6218564759845,42.882102382086146,10
1355,676.2112010990919,42.83766940563004,10
1356,676.7564446105254,42.62050428832589,10
1357,677.3016679748603,42.7176008459868,10
1358,677.7388114312491,42.73925555230064,10
1359,678.2190621360787,42.91156513981538,10
1360,678.7425750643988,42.89554259244928,10
1361,679.2662437368906,43.023510284588546,10
1362,679.8775216423888,43.02967898756588,10
1363,680.4237735424709,43.095971424297225,10
1364,681.0997083101968,43.16468309847986,10
1365,681.4943673970829,43.25342751417483,10
1366,681.996261232761,43.38804042475244,10
1367,682.4120468314507,43.41679330026712,10
1368,683.1975711785428,43.34077048166252,10
1369,683.8528671154542,43.385346106457376,10
1370,684.2672265086294,43.45715228056098,10
1371,684.6613179334643,43.414183695615854,10
1372,685.2071851308494,43.42921172342742,10
1373,685.8188081473045,43.47469709986165,10
1374,686.3867358963171,43.33071998606283,10
1375,687.106650794555,43.43541711682883,10
1376,687.4563245056385,43.42867538803217,10
1377,688.1323033778996,43.4593034822231,10
1378,688.7859264265803,43.41605678046423,10
1379,689.2437772565829,43.34058044734504,10
1380,689.5941747408813,43.29621780628959,10
1381,690.0526320335487,43.45421537521428,10
1382,690.7729269856557,43.55944244100698,10
1383,691.2316688143958,43.54948394283734,10
1384,691.8868735641342,43.64534658292098,10
1385,692.3447481680307,43.44090777566243,10
1386,692.694330026264,43.64741628798858,10
1387,692.9572135095477,43.72629592297973,10
1388,693.7424651534578,43.715363298763236,10
1389,694.1354068219738,43.79067683318307,10
1390,694.6595932309568,43.934797527963774,10
1391,695.0527820707895,43.99803033598253,10
1392,695.5988913730397,44.17267243973649,10
1393,696.0136740123769,44.12108342463439,10
1394,696.4505505868178,44.10047639828928,10
1395,696.8224073390874,44.05872072767224,10
1396,697.0188188041145,44.00491564431194,10
1397,697.3457030677331,43.968355493838416,10
1398,697.6521613313487,43.904267175878395,10
1399,698.4811325700099,43.83388706241807,10
1400,699.1137275875751,43.944142865870845,10
1401,699.8558130292516,44.02252473456489,10
1402,700.5323320929172,44.08887266270433,10
1403,701.2297535350534,44.23873034535967,10
1404,701.4700957975517,44.21971714774859,10
1405,702.0165106558541,44.22400713073072,10
1406,702.5613537758143,44.2121061684972,10
1407,703.152980054903,44.19563257254599,10
1408,703.7197170948441,44.24897028390024,10
1409,704.1350133817612,44.46085671128447,10
1410,704.8980994358819,44.449114597463826,10
1411,705.2909303831964,44.411023209574765,10
1412,705.7703486126985,44.59207274412956,10
1413,706.2942542037663,44.4753681670651,10
1414,707.0578293926178,44.400691610812174,10
1415,707.6487465074318,44.4833628250645,10
1416,708.1295129280521,44.657859905912176,10
1417,708.8061285535017,44.615786348367095,10
1418,709.2869502863265,44.349631128811176,10
1419,709.6799340121192,44.4314059665073,10
1420,710.2040361146742,44.6237779966367,10
1421,710.8799288931837,44.71749964131062,10
1422,711.381883672959,44.91172816904425,10
1423,711.8403662858597,44.92101231468143,10
1424,712.473495974603,45.04097331424264,10
1425,713.0628483693887,44.952150207695006,10
1426,713.4794555851239,44.71760657021465,10
1427,714.1776287780219,44.81560963538268,10
1428,714.8980749970074,45.0477591778507,10
1429,715.3790750238915,44.93528109710084,10
1430,715.9682723499126,44.78112346790938,10
1431,716.4925345770081,44.97286377343781,10
1432,716.9277969544557,44.82264448629246,10
1433,717.4075374891887,44.96934120209439,10
1434,718.0833398872788,45.07308675032974,10
1435,718.7175768908724,45.00519366054942,10
1436,719.1549259083511,45.0549707876074,10
1437,719.7890138584102,44.79857523689702,10
1438,720.4217215822302,44.735893257805,10
1439,720.7498404121555,44.60164550776813,10
1440,721.5150718890452,44.54075570177384,10
1441,722.0041042031573,44.40435332498557,10
1442,722.5059483103975,44.36551830486151,10
1443,723.2474233972218,44.24056176696501,10
1444,723.7929095551939,44.432976450134845,10
1445,724.3824630157017,44.24163732156043,10
1446,724.9495205102846,44.427080203974604,10
1447,725.3202243391672,44.70761891405224,10
1448,725.930994562487,44.829944726966424,10
1449,726.520411436261,44.85655245817738,10
1450,726.8480000915713,45.00656633482211,10
1451,727.393651969991,44.88810488097096,10
1452,727.9392199306943,45.02375830924825,10
1453,728.5090574491338,45.25618926381716,10
1454,729.2943699707256,45.21608950456172,10
1455,729.861899595556,45.218773692706456,10
1456,730.6044234419367,45.273996194792,10
1457,731.0212479134914,45.00289603814298,10
1458,731.5448090337861,45.3098336756759,10
1459,732.0690743072894,45.46886103627106,10
1460,732.6579249309069,45.47456852236479,10
1461,733.2040578924261,45.44432349907978,10
1462,733.6409547713675,45.565982147283684,10
1463,734.0555387720243,45.43306529317964,10
1464,734.5810494594134,45.46609458161778,10
1465,735.1483910238107,45.511330847961666,10
1466,735.5407594924898,45.4482750873183,10
1467,736.152191917309,45.620952331591944,10
1468,736.6767443706728,45.34477847698049,10
1469,737.1572697206379,45.157997544078626,10
1470,737.6594921156227,45.483043538896965,10
1471,738.0308752470631,45.60446187152574,10
1472,738.8167549150154,45.56222982212106,10
1473,739.3414274682491,45.364725658882826,10
1474,739.7120414110512,45.46869801908616,10
1475,739.9313247773762,45.55103544444588,10
1476,740.6512562810116,45.51524057787634,10
1477,741.0441946289855,45.53671990399929,10
1478,741.5470047325618,45.300665397735635,10
1479,742.3103211663191,45.32916744404778,10
1480,742.877081445732,45.359906892777545,10
1481,743.5106050002096,45.36657455346532,10
1482,744.0562473218145,45.35837695295771,10
1483,744.7768986585304,45.334302651161906,10
1484,745.278997591204,45.093236401549966,10
1485,745.9771313198997,45.29706239984091,10
1486,746.5452281754017,45.16867511667757,10
1487,747.1551283240558,45.24071405708646,10
1488,747.7222720928328,45.41972921179936,10
1489,748.3340868251664,45.423623212649225,10
1490,748.7708609538865,45.26539584049867,10
1491,749.2070313302208,45.39650154713167,10
1492,749.4913287301218,45.35184278794394,10
1493,750.3425939110364,45.34284195194586,10
1494,750.7803896006183,45.226652709591015,10
1495,751.5017868425182,45.128279241553,10
1496,752.1338234762138,45.21914813873073,10
1497,752.4840804222124,45.172924688103144,10
1498,753.094315675118,45.09054939484555,10
1499,753.6617863463997,44.8171784095363,10
1500,754.3811856537859,44.89321484390458,10
1501,754.9709627292041,45.040661511052996,10
1502,755.6249927072297,45.13069235695503,10
1503,756.105269332362,45.363103619403184,10
1504,756.8034214211381,45.49255873980739,10
1505,757.305222225189,45.70446185243052,10
1506,757.7198234298369,45.60823864664951,10
1507,758.1564909671629,45.50067616017404,10
1508,758.5704576631039,45.4635670600158,10
1509,759.1809428543041,45.4025549486638,10
1510,759.48662374066,45.319994107737415,10
1511,759.858288180312,45.582741656901874,10
1512,760.2742235201416,45.7125783770076,10
1513,760.7110846447998,45.69263505903136,10
1514,760.9735510411349,45.7296978716792,10
1515,761.5189365536224,45.55941793300505,10
1516,762.1951949535635,45.499849513766755,10
1517,762.6803502927696,45.403185215356594,10
1518,763.2908259658421,45.44315934761844,10
1519,763.575017535381,45.51711270611403,10
1520,764.1424489829208,45.54798968656997,10
1521,764.6663575267332,45.642757599158415,10
1522,765.342650833482,45.66057756419589,10
1523,765.8659807633228,45.422389725060135,10
1524,766.5645633366802,45.349466789146454,10
1525,767.1973355709661,45.26564946330002,10
1526,767.6996656940371,45.21928402140537,10
1527,768.4202181809047,45.166235940553385,10
1528,768.9235942345593,45.03802988802308,10
1529,769.3374671609406,45.3552631229088,10
1530,769.7085727749043,45.34748113015362,10
1531,770.2972533230219,45.44091360979639,10
1532,770.8862179255564,45.4809380576055,10
1533,771.3887599476363,45.39702737039257,10
1534,771.8690386301596,45.46185028075519,10
1535,772.3056579094641,45.44842459755861,10
1536,772.8517492741084,45.64268175005248,10
1537,773.4412039909214,45.87245276194651,10
1538,774.1184105062764,45.773606200078724,10
1539,774.8162872548456,45.71720255109304,10
1540,775.3610209666474,45.77897398066813,10
1541,775.7098557434629,45.9981311340813,10
1542,776.3197854756464,45.89047875378421,10
1543,776.9962283711018,45.81071764067357,10
1544,777.6075397570482,45.81610676277627,10
1545,778.2181051546052,45.618606891388694,10
1546,778.720308374662,45.83032211355377,10
1547,779.0918008138603,45.7706272324903,10
1548,779.6364979868484,45.8758998086395,10
1549,780.2483587763375,45.757436462299765,10
1550,780.6418510436084,45.66240244666458,10
1551,781.2521147294025,45.75631461218347,10
1552,781.776122593258,45.842554456892174,10
1553,782.4955039844181,45.78400535549874,10
1554,783.1066383442397,46.01340372239183,10
1555,783.6957422131428,46.25283324254727,10
1556,784.1333954837821,46.28007927562883,10
1557,784.569718164397,46.340080170587136,10
1558,784.942206036273,46.4847298344779,10
1559,785.5315653143706,46.71846539124124,10
1560,786.2296636011242,46.646113140786426,10
1561,786.8196206737824,46.564853835049526,10
1562,787.4523838720688,46.649617586190665,10
1563,787.8013539830773,46.70362482333856,10
1564,788.2162799293336,46.68688492341881,10
1565,788.7617006613203,47.028444688323916,10
1566,789.2638978539761,47.006755807201074,10
1567,789.8965837900193,47.03592786776955,10
1568,790.3552494273849,47.32906441841505,10
1569,790.9027761001422,47.59485356585227,10
1570,791.5350673774349,47.36692752011833,10
1571,792.1025433251127,47.2639842510404,10
1572,792.7580010233497,47.171073317057164,10
1573,793.3251963836503,46.99409534382497,10
1574,793.9148490374125,47.02098271252035,10
1575,794.459457097305,46.90969045873077,10
1576,794.7222266295555,46.844393426843006,10
1577,795.2681292577383,47.06906835344488,10
1578,795.8783930949987,47.03871710913415,10
1579,796.3807178198866,46.7785852823023,10
1580,796.7953290581211,46.84104852531674,10
1581,797.5154801626053,46.879406255510055,10
1582,798.0610942451643,46.883416836639746,10
1583,798.7244588958683,47.07500435378636,10
1584,799.2036625784444,46.94430035153704,10
1585,799.7281765858913,47.10575808611839,10
1586,800.3825651215863,47.08836634174424,10
1587,801.0375064810576,47.26074756984454,10
1588,801.6481714329254,47.31661153588215,10
1589,801.9982061400158,47.44201340383986,10
1590,802.3472354437929,47.521251721374234,10
1591,802.5222176377841,47.646010455596006,10
1592,803.0678540720555,47.86767871739448,10
1593,803.9404283573908,47.86775329946605,10
1594,804.4867203045366,47.929308832673144,10
1595,804.9891673226879,47.746865927163654,10
1596,805.2948946024968,47.845609729113534,10
1597,805.8973514548701,47.96385643178645,10
1598,806.333771884259,48.090910744224225,10
1599,806.9659179623629,47.934645581650784,10
1600,807.4032543935289,47.88564888326292,10
1601,807.9045569862409,48.00182880154369,10
1602,808.4729605656769,48.05062656808272,10
1603,808.8436228478461,48.057503507380574,10
1604,809.3252947509369,47.97864796647785,10
1605,809.7413536711875,48.01114880424248,10
1606,810.090666569512,48.11014884079311,10
1607,810.4640919069948,48.28673300675402,10
1608,811.1178653566642,48.247461105354674,10
1609,811.8168067104482,48.12455315451274,10
1610,812.340898918333,48.1371750090707,10
1611,812.7122802781721,48.10379866587148,10
1612,813.2573051023744,48.155331056648066,10
1613,813.6501211661022,48.02419996332109,10
1614,814.1965647046981,48.17699956275322,10
1615,814.3924328242035,48.31113085769332,10
1616,814.8512419707256,48.39432809149212,10
1617,815.549209704856,48.54902034875796,10
1618,815.8982073963529,48.389252113772216,10
1619,816.7271631221064,48.35214141141833,10
1620,817.1853449628068,48.22121416130764,10
1621,817.3172951095181,48.12455803589903,10
1622,817.9294904914399,48.042474857272104,10
1623,818.5839944890504,48.157685486875515,10
1624,819.1314810018783,48.11204068157799,10
1625,819.830685087761,48.353612970703,10
1626,820.5508359883781,48.463493958420216,10
1627,821.0537913480518,48.559979899504164,10
1628,821.3597640871583,48.774188127582114,10
1629,821.6873692829191,48.694340832165715,10
1630,822.2109660040976,48.766308224084696,10
1631,822.8212921927773,48.57442665424968,10
1632,823.3448640940087,48.41650265592041,10
1633,823.9563304650012,48.38373192499426,10
1634,824.2840161039596,48.5996365322552,10
1635,824.8079671436114,48.81438299881228,10
1636,825.3753035136226,48.8879604835523,10
1637,825.9869007049513,49.00153634349507,10
1638,826.4689788506564,48.69297740627159,10
1639,826.9056814093881,48.834899495704015,10
1640,827.1896442341689,48.933347569981095,10
1641,827.5826162375024,48.77512440343607,10
1642,828.1729303276663,48.53103579776877,10
1643,828.7616691805175,48.365154089882104,10
1644,829.1992253445503,48.57987737781672,10
1645,829.7881517398898,48.49331943500322,10
1646,829.9850844695735,48.54278173215675,10
1647,830.4435857269555,48.72398493236035,10
1648,830.9029955148293,48.61300220288613,10
1649,831.2097460809746,48.715893648534276,10
1650,831.6901733860907,48.72964740607083,10
1651,832.1919355439215,48.9642805279875,10
1652,832.8904102329095,49.084325639997786,10
1653,833.5008596171286,49.02526793878126,10
1654,834.0907138678274,49.14557139827075,10
1655,834.461749438446,49.31852788891799,10
1656,834.9209447869541,49.593464543251464,10
1657,835.5536630919138,49.64797237896207,10
1658,836.2525044509317,49.86059244193853,10
1659,836.6232951795303,49.870371235715695,10
1660,837.016956032423,50.025222167280226,10
1661,837.6060106599265,50.16017581279488,10
1662,838.2832760324745,50.39717776288464,10
1663,838.7855854467723,50.23403792072163,10
1664,839.2012642770148,50.34314061772973,10
1665,839.551184028908,50.237191333478165,10
1666,839.9015347837172,50.219017243975415,10
1667,840.5781096409446,50.28009402998907,10
1668,840.8836512432492,50.30383003608459,10
1669,841.5817754123985,50.584972925569026,10
1670,841.9530760592363,50.57009117586731,10
1671,842.4124435545082,50.47430726059686,10
1672,843.0675240054668,50.36101303634722,10
1673,843.3728384892304,50.2268032879299,10
1674,844.0484166139333,50.33243769427664,10
1675,844.616115395064,50.347575553016306,10
1676,845.467224763687,50.3375152024457,10
1677,845.9473984442423,50.2180750942513,10
1678,846.4703943065444,50.47209952943182,10
1679,847.1466132343892,50.31552263788332,10
1680,847.6265476644097,50.512949730892345,10
1681,848.2591908241096,50.75965789881139,10
1682,848.935978451784,50.65547855284474,10
1683,849.5032046707402,50.70789737230858,10
1684,849.91878652433,50.76164855187756,10
1685,850.3981705576846,50.77679543142564,10
1686,850.9535742531527,50.78066495885273,10
1687,851.4345939280762,50.80088934408513,10
1688,851.9583149928224,50.90864190866133,10
1689,852.3945923220903,50.914393503969116,10
1690,852.7451563937655,51.11262741853226,10
1691,853.3775575551936,51.321638300619206,10
1692,853.8137300258746,51.26768069652471,10
1693,854.3376160258446,51.13826678523499,10
1694,854.948994250641,50.87426292659554,10
1695,855.5174523202957,50.92328500198187,10
1696,856.280732457981,50.8682354261235,10
1697,856.8929077275359,50.8104588158992,10
1698,857.4165664788759,51.01764868405699,10
1699,857.8540902427643,50.865862096811725,10
1700,858.3996980406913,50.889913529785446,10
1701,858.858736218768,51.18011202396073,10
1702,859.4046466521746,51.0419846720681,10
1703,859.9501894547202,51.023296983272076,10
1704,860.387678331804,51.164964433009395,10
1705,861.2601226417753,51.165258890622766,10
1706,861.5877420810082,51.20913198488417,10
1707,862.0670243204698,51.29370394479989,10
1708,862.5470862192758,51.06299316435489,10
1709,863.0059158063298,51.18101156089089,10
1710,863.4209587869345,51.14730681859549,10
1711,863.8576129639632,50.86660310698529,10
1712,864.3825845274938,50.82691221128273,10
1713,864.8846219028965,50.642818781691176,10
1714,865.3864135131423,50.61204167561506,10
1715,865.7802671069719,50.54705891408184,10
1716,866.3912718021569,50.76742655802598,10
1717,866.8273984508203,50.59340703218338,10
1718,867.5906753238999,50.540345029311894,10
1719,868.2225500490355,50.5007224135368,10
1720,868.856030720301,50.34437746239982,10
1721,869.4228948830198,50.384629048039756,10
1722,869.9255646882441,50.42353008906129,10
1723,870.449618045538,50.56590020935199,10
1724,871.1912546735641,50.583685675623855,10
1725,871.7802888532351,50.39787943052016,10
1726,872.2172295780138,50.39461639655063,10
1727,872.8720676968051,50.36136281754437,10
1728,873.3309619378366,50.48028768633569,10
1729,873.854505158661,50.350396707364155,10
1730,874.399627014667,50.40269372233451,10
1731,874.8359637469982,50.46530676956941,10
1732,875.447078126919,50.731042061419835,10
1733,876.0795656262392,50.72883961424523,10
1734,876.4299713231367,50.96918880454757,10
1735,876.8880242841024,51.157477288884564,10
1736,877.4123103938707,51.31503315273024,10
1737,877.8482064415828,51.392426609527796,10
1738,878.2850633987358,51.47445723684738,10
1739,878.6781524012398,51.752589150688245,10
1740,879.3326510551991,51.90188237165179,10
1741,879.8995614142232,51.88820356506294,10
1742,880.4674164811373,51.804243956620326,10
1743,880.8614558001367,51.58739373672637,10
1744,881.4937858206906,51.63714215043074,10
1745,882.0619373462314,51.961073079893545,10
1746,882.5637192004999,52.20855057735835,10
1747,883.0008072316383,52.23118911045579,10
1748,883.438677010542,52.030204032102766,10
1749,884.1147417227203,51.94536289047183,10
1750,884.4209231460948,51.88466937481534,10
1751,885.1405613931632,51.96394888047782,10
1752,885.5986519594705,51.99857482022796,10
1753,886.2318270384321,52.16317829849521,10
1754,886.6257418845398,52.02162763085923,10
1755,886.9964784920328,52.14810864650779,10
1756,887.4119608873989,52.42384289460866,10
1757,888.0881956041769,52.53527507139436,10
1758,888.5899701290122,52.52450914900654,10
1759,889.1349935844868,52.583611334296776,10
1760,889.5716646702382,52.50858925797784,10
1761,890.160282949897,52.50339561950392,10
1762,890.9022755529656,52.45837606101963,10
1763,891.3597421344733,52.2908791572571,10
1764,891.7094439659616,52.070740163127766,10
1765,892.3001059119312,51.92438374563575,10
1766,892.6276329380246,52.16207002851497,10
1767,893.0869769721996,52.24407665207518,10
1768,893.8069654261775,52.260795257939414,10
1769,894.48376047424,52.16362839747937,10
1770,894.8988558835723,52.11634932848733,10
1771,895.4879485242506,52.194247395525096,10
1772,895.9683505206622,52.077325661912816,10
1773,896.6660322817406,52.14763418133272,10
1774,897.1900558010741,52.31492063925173,10
1775,897.7797848099596,52.26920825955,10
1776,898.1959672083598,52.26139143002268,10
1777,898.6338378913973,52.25772836516527,10
1778,898.9195786621021,52.38515902294037,10
1779,899.5744056346364,52.322831829110775,10
1780,900.2731089086814,52.36593179724654,10
1781,900.7760695662328,52.41909929343377,10
1782,901.2776133638123,52.3495855647047,10
1783,901.7362063325623,52.52241113289901,10
1784,902.542666075267,52.51821907139963,10
1785,903.1760260276817,52.58724636626023,10
1786,903.5698382189719,52.846180931320156,10
1787,904.2030529390597,52.87251402784983,10
1788,904.7051599545678,52.9381966714888,10
1789,905.2302590699712,53.141780454750865,10
1790,905.6659977077319,53.260517077376505,10
1791,906.0156218992136,52.89480617546008,10
1792,906.6270778012338,52.787735656191366,10
1793,907.063280924207,52.60626093972359,10
1794,907.4354199341931,52.69979195225482,10
1795,908.0681750483407,52.68921490645011,10
1796,908.4387473943995,52.897654894494096,10
1797,908.9847516201211,52.93889644995022,10
1798,909.508400518411,52.95237636267299,10
1799,910.0545261380233,53.105975652638946,10
1800,910.3617333131773,53.07910779796349,10
1801,910.9728283074304,52.912832679426714,10
1802,911.4313652434419,52.76192011317223,10
1803,911.9547430772066,52.64051343754427,10
1804,912.4780085402148,52.73130522754292,10
1805,913.1767827430189,52.95573208942832,10
1806,913.7661894278732,53.19048084974063,10
1807,914.1149959978923,53.180836309004526,10
1808,914.6832239612964,52.90553819427078,10
1809,914.9675910741101,52.86866801567601,10
1810,915.4261306643306,52.76447629209403,10
1811,915.8853181494493,52.766568487313144,10
1812,916.2735950195545,52.65514425757135,10
1813,916.9072311710155,52.72423478890814,10
1814,917.3013985657669,52.737922964607144,10
1815,917.7382413577458,52.671950139986016,10
1816,918.0662991830637,52.82291038514304,10
1817,918.7199997586631,52.62508244661992,10
1818,919.3531722854235,52.488019721821644,10
1819,919.8545460630108,52.53173997879537,10
1820,920.4006210252073,52.4706978027709,10
1821,920.7279772995025,52.5861471547003,10
1822,921.0347682585368,52.72253124716415,10
1823,921.580492546108,52.63761363526992,10
1824,922.2571332366597,52.67459505665254,10
1825,922.9332331874942,52.583814746453584,10
1826,923.6529956341913,52.79161353410118,10
1827,923.9148906781631,52.94997766601741,10
1828,924.6783126078486,52.87342040949514,10
1829,925.2021208242222,52.84923692160289,10
1830,925.7053244208798,53.037534809184514,10
1831,926.3389235430905,52.788361160279074,10
1832,926.8194750315508,52.94246270891464,10
1833,927.0608246999955,53.147594973345306,10
1834,927.7157827468143,53.20704527336164,10
1835,928.3047703278247,53.22866225521014,10
1836,928.7420436931898,53.19288101108334,10
1837,929.2651741939155,53.04258339695275,10
1838,929.5490759502269,52.99055236464533,10
1839,930.334213149152,53.108142278807414,10
1840,930.72675550729,52.83293677758198,10
1841,931.1632433259452,53.02756364395826,10
1842,931.3613526839974,53.01567569390368,10
1843,931.863285855807,52.99680708236565,10
1844,932.3223984800637,53.04898520284991,10
1845,932.8682110331504,53.08357864109542,10
1846,933.4360423552422,52.92717285608893,10
1847,934.0691472181536,52.81679351050979,10
1848,934.5704196984458,52.82172654241076,10
1849,935.202758884255,52.68878409894427,10
1850,935.5214398921562,52.93147322781815,10
1851,936.1772721127894,52.77125713367967,10
1852,936.723138141753,52.688047784768116,10
1853,937.0950807520409,52.94080342993505,10
1854,937.5107057914959,53.152385682067475,10
1855,938.0136859145011,53.281399631869014,10
1856,938.6245043610563,53.20181136960409,10
1857,939.0821389884939,53.046694123765285,10
1858,939.6063992026975,53.04069180560299,10
1859,940.1087569532323,52.93468618246321,10
1860,940.457183961031,52.80813772047277,10
1861,941.0246870123126,52.79249290228633,10
1862,941.5488890910832,52.80381247026474,10
1863,942.0078730554094,52.77640220528155,10
1864,942.5315498764097,52.707026153923465,10
1865,943.0769339317134,52.72473881237909,10
1866,943.4497438151677,52.719199254425256,10
1867,943.9295706761862,52.579039971664464,10
1868,944.5840821164084,52.69289206104801,10
1869,945.0434096787324,52.51819761167614,10
1870,945.4798421956957,52.71491302372652,10
1871,946.0248718181692,52.793078792820396,10
1872,946.6139983010211,52.68867543048862,10
1873,947.0955418781184,52.949016083414456,10
1874,947.5318786232772,52.87522225855187,10
1875,948.077842326303,52.88111744692051,10
1876,948.7322689737945,53.011478595507114,10
1877,948.9945388722884,53.26359479434428,10
1878,949.4972082121152,53.08509431864956,10
1879,950.129655256946,52.87657991120649,10
1880,950.7194000221438,52.99513222902859,10
1881,951.2434112913728,53.03249622303354,10
1882,951.7663664401225,52.92458096032133,10
1883,952.2895922024011,52.888972904708446,10
1884,952.8585958694878,52.81837210932099,10
1885,953.4039144611683,52.74385471148702,10
1886,953.7753486247881,52.757326508916336,10
1887,954.3429451079683,52.77111341308674,10
1888,954.7141598153291,53.0629987401335,10
1889,955.2599230698319,53.167850899417815,10
1890,955.871504752084,53.02451312475236,10
1891,956.1563166171538,53.09939834227278,10
1892,956.7844223003985,53.22779074432536,10
1893,957.2859528066049,53.18607685056238,10
1894,958.0054040741795,53.248227697622525,10
1895,958.3771085365692,53.24214196154539,10
1896,958.9660047579306,53.336362940763685,10
1897,959.402815015798,53.17977534941673,10
1898,959.513265150575,53.18355013384402,10
1899,959.9715712664977,53.07521017092137,10
1900,960.4955275644897,53.18654513319595,10
1901,961.0633622930023,53.01161596211672,10
1902,961.5003058426537,53.33261511765422,10
1903,962.2423199572492,53.369466777843186,10
1904,962.832515796842,53.22749497873194,10
1905,963.4870208229124,53.23421731281049,10
1906,964.2063841154362,53.28117537549446,10
1907,964.7085021416248,53.23600571477214,10
1908,965.2115961447877,53.40550014678168,10
1909,965.9534500283077,53.32640497319124,10
1910,966.6300678125211,53.58141830891784,10
1911,967.111422815761,53.71025347893428,10
1912,967.6356682269867,53.46385098208472,10
1913,968.1605376209706,53.39262305656315,10
1914,968.7498014934802,53.14649227970364,10
1915,969.1431804943899,53.45678310185167,10
1916,969.9938244914205,53.49890756385157,10
1917,970.6698440919902,53.41268121680196,10
1918,971.1070597984011,53.456724689468246,10
1919,971.5656983304373,53.44039815496175,10
1920,972.0905279479312,53.769485907929194,10
1921,972.5927412664854,53.86741829224923,10
1922,972.8994339684793,53.664393868555834,10
1923,973.5324165621241,53.61441516468463,10
1924,974.2089516755293,53.472580318092696,10
1925,974.7980286991015,53.565766734413735,10
1926,975.453196948031,53.682804442388566,10
1927,976.1073398345745,53.69611990542769,10
1928,976.566758826211,53.8006618343326,10
1929,977.1134941402076,53.90020890497277,10
1930,977.4635456815034,53.77302612931512,10
1931,978.07559534664,53.82460869932256,10
1932,978.6000049790728,53.887848090442695,10
1933,979.2113698598826,54.09054899182851,10
1934,979.7354121713586,54.32152641198362,10
1935,980.1718039168521,54.13114410510322,10
1936,980.6516616107253,54.06679292183432,10
1937,981.0010644341735,54.35664004114215,10
1938,981.4366620257528,54.16442896349892,10
1939,982.0703400146585,54.38393322098366,10
1940,982.6594405943749,54.619161098908975,10
1941,983.0306437175981,54.75046110207258,10
1942,983.5113270523982,54.7598988229873,10
1943,983.7302244778481,54.92985408902847,10
1944,984.124077789745,55.08910762312786,10
1945,984.6917295995285,55.21084468689464,10
1946,985.1507638379171,55.260773077162355,10
1947,985.6518348118818,55.33418472984913,10
1948,986.1750686149957,55.41237728351671,10
1949,986.5240354938251,55.48671153108646,10
1950,987.0473666008186,55.580169690705944,10
1951,987.7451575184274,55.5101635986275,10
1952,988.268960006674,55.715209148524245,10
1953,988.946520741345,55.835992356800524,10
1954,989.3620319788988,55.984681950006035,10
1955,989.8647490610541,56.063278988687614,10
1956,990.4114213269283,56.14026118607335,10
1957,990.8481364739567,55.92189763615807,10
1958,991.3494297664436,55.68106371222984,10
1959,991.9159974360615,55.47723912864264,10
1960,992.3738869718736,55.559925899225746,10
1961,992.8541215241123,55.681947075320615,10
1962,993.398820766686,55.796277034402316,10
1963,993.9880652089536,55.662762290985015,10
1964,994.2935097031854,55.657505088486396,10
1965,994.8171684668862,55.37968970527491,10
1966,995.3411321031383,55.41765883212474,10
1967,995.9527732563632,55.32629314173776,10
1968,996.4777705758859,55.56476664127411,10
1969,997.000778481987,55.54936945997501,10
1970,997.5895894024112,55.32599173367777,10
1971,998.1118295727099,55.13136974224727,10
1972,998.7885243208755,55.11520366682864,10
1973,999.3560824640148,55.170136849085026,10
1974,1000.0757845903963,55.009885983014556,10
1975,1000.6426607753823,55.02235299741781,10
1976,1000.9269505616345,54.92589602780041,10
1977,1001.4963034242348,55.024182770547974,10
1978,1001.9544354854252,55.15674847225473,10
1979,1002.5876822015013,55.04271807212319,10
1980,1003.1338773625827,55.19535211322649,10
1981,1003.5713502666619,55.50077337985882,10
1982,1004.1387588597647,55.335871215587936,10
1983,1004.6839237016973,55.18452501734106,10
1984,1005.2946026845241,54.93553899449807,10
1985,1005.9060076948581,55.02986353941681,10
1986,1006.5169038797683,54.782945362473505,10
1987,1006.9536718730621,54.83782906458302,10
1988,1007.3473473778183,54.70956298265222,10
1989,1007.7404262353606,54.71180899356695,10
1990,1008.1123748442126,54.61061556876918,10
1991,1008.483533313406,54.780993566089364,10
1992,1009.203561654751,54.75759378453255,10
1993,1009.7263299981257,54.533352448262704,10
1994,1010.1627035103463,54.813074790120886,10
1995,1010.6426290010382,54.53925607628601,10
1996,1011.2102678687752,54.695114239780104,10
1997,1011.8217695858627,54.62821037187594,10
1998,1012.2153313662293,54.69988067722034,10
1999,1012.544645169356,54.87833485066066,10
2000,1013.1132989035207,54.95640105718248,10
2001,1013.7029473947816,54.96673886688845,10
2002,1014.2922428641574,55.03854246848281,10
2003,1014.7501321740772,55.052296307997636,10
2004,1015.3174612642372,55.103495491809845,10
2005,1015.906815204548,55.169804399562395,10
2006,1016.3873618702049,55.14670881430017,10
2007,1017.0645163684987,55.113951964083824,10
2008,1017.5663084528708,54.88707473947804,10
2009,1018.0679695206269,55.1284898925145,10
2010,1018.6813504430505,55.21937844487364,10
2011,1019.2055909223876,55.110370655506436,10
2012,1019.7097105009898,55.19482799057564,10
2013,1020.3208917943379,55.372777684500775,10
2014,1020.8452396659719,55.30149394313693,10
2015,1021.3686110302958,55.3884305948059,10
2016,1021.8934672723815,55.577074690864244,10
2017,1022.3301851120057,55.22774895559856,10
2018,1023.0066589143164,55.192379585875955,10
2019,1023.6177150616052,55.0398967543836,10
2020,1024.163716941905,55.08261940102163,10
2021,1024.7753475761042,55.09026872216023,10
2022,1025.3658441162054,55.05917829241782,10
2023,1025.715464844368,54.95105218327647,10
2024,1026.1965817121804,55.05372034548586,10
2025,1026.8956405133188,55.17403432722361,10
2026,1027.2669413873662,55.294128978841826,10
2027,1027.7474307805246,55.3127545119187,10
2028,1028.2278542517017,55.452257985716045,10
2029,1028.5776452047714,55.70133350312883,10
2030,1029.1880024027178,55.60983929042488,10
2031,1029.7766068806902,55.390903613881406,10
2032,1030.30069243555,55.31265932311689,10
2033,1030.8240276330257,55.43846458082307,10
2034,1031.0854674596276,55.310332641440446,10
2035,1031.6107954556392,55.199309112585354,10
2036,1032.1572084685345,55.368379347770045,10
2037,1032.9421936037047,55.226587037824956,10
2038,1033.6403775274978,55.162503112847155,10
2039,1034.0563706105024,55.3508065160733,10
2040,1034.5144059174313,55.573438138142244,10
2041,1035.0600648725895,55.53124325207092,10
2042,1035.518917484588,55.69116335564172,10
2043,1036.1087864573178,55.85444888094696,10
2044,1036.3279205877739,55.60648716496649,10
2045,1036.9397393936795,55.82329759620304,10
2046,1037.4850915236125,55.70687434952452,10
2047,1038.0088287617766,55.61322620190574,10
2048,1038.4960957504259,55.63006368993765,10
2049,1038.9544525200374,55.67288588107436,10
2050,1039.4124233270684,55.76699555667486,10
2051,1039.9585278589989,55.79548728181537,10
2052,1040.2649644746243,55.67591416631212,10
2053,1040.72340280171,55.75804371678166,10
2054,1041.1810577628935,55.66168788924762,10
2055,1041.5526108979732,55.734249967770765,10
2056,1041.7286473779343,55.638394066991985,10
2057,1042.2312193856792,55.60497452638746,10
2058,1042.821830762478,55.667883314882395,10
2059,1043.1283543570985,55.93551246673219,10
2060,1043.7838730591898,55.982358930676426,10
2061,1044.5038713167326,56.21668257608447,10
2062,1045.1588810271955,56.15306598970237,10
2063,1045.8351649654705,56.06457827971492,10
2064,1046.141761316018,55.98992417072192,10
2065,1046.7518016018976,55.98773761989026,10
2066,1047.3632410100543,55.974268635565814,10
2067,1047.5385838596549,56.142068542299114,10
2068,1048.1721684780864,56.39087556245845,10
2069,1048.5449249655937,56.26197770375539,10
2070,1048.9815852756624,55.918864629134966,10
2071,1049.5277665811302,55.948497413082585,10
2072,1050.2062491784118,56.06265467063903,10
2073,1050.7309740345931,56.08160732334222,10
2074,1051.4078331960477,56.16913706517384,10
2075,1052.0624772146446,56.09187581149556,10
2076,1052.5854504248011,56.35039886513387,10
2077,1053.0662686593537,56.52260848440168,10
2078,1053.4163264849076,56.48992333784291,10
2079,1053.8091679999839,56.69314037384705,10
2080,1054.2040604076458,56.649199766496494,10
2081,1054.5966148452949,56.59926000553763,10
2082,1055.1423210434953,56.44764018950848,10
2083,1055.645431075158,56.31593647419145,10
2084,1056.104482676634,56.01568720632373,10
2085,1056.8245826449497,55.94502891808009,10
2086,1057.3270933857789,55.95667751009663,10
2087,1057.7855662716204,56.01449696131774,10
2088,1058.2217103908133,56.1352789030678,10
2089,1058.6581979755488,56.04841652333356,10
2090,1059.2699448577707,56.262199126160496,10
2091,1059.6411680923673,56.28631333188004,10
2092,1060.295476106923,56.46034077804448,10
2093,1060.8645534228458,56.35699094090606,10
2094,1061.4323506662868,56.549739529723354,10
2095,1061.7391583060992,56.20972201582416,10
2096,1062.2196938820805,56.320376615892435,10
2097,1062.8316068933414,56.305037836900155,10
2098,1063.4644572643224,56.43894907986879,10
2099,1064.053472849056,56.39781069237427,10
2100,1064.6415314326284,56.177666383648365,10
2101,1065.1013429218478,56.0380597644312,10
2102,1065.5602484752571,56.23975820323697,10
2103,1065.8220646651976,56.49796665853673,10
2104,1066.2591820253485,56.491846054562856,10
2105,1066.6306221520247,56.254148716062744,10
2106,1066.82875574284,56.20530462044374,10
2107,1067.221923396795,56.23211639931355,10
2108,1067.6161386982167,56.49456575424002,10
2109,1068.2493104390378,56.35149788501259,10
2110,1068.5114626715338,56.454539731736546,10
2111,1069.1449085287463,56.55933071543388,10
2112,1069.930166358628,56.53501190301614,10
2113,1070.3024387788548,56.5091982235911,10
2114,1070.542567230483,56.444228894810934,10
2115,1070.9813777411405,56.42731898616529,10
2116,1071.4612945486529,56.22628978476154,10
2117,1071.920550793722,56.24825691667737,10
2118,1072.356991432765,56.03942801548744,10
2119,1072.9465063543919,56.14684386983606,10
2120,1073.2959397173017,55.91120935828081,10
2121,1073.8203134870998,56.100164699520455,10
2122,1074.2357496451355,56.32267800420048,10
2123,1074.760079138939,56.370060698743046,10
2124,1075.2840938827333,56.1547291330127,10
2125,1076.0485077475464,56.09157865677221,10
2126,1076.2457397062212,55.94156974479321,10
2127,1077.031292268757,55.89814461239902,10
2128,1077.6432741167105,55.91711646388871,10
2129,1078.210033162357,55.86344391678496,10
2130,1078.6681318701621,55.826660869651064,10
2131,1079.1930790713977,55.80479476117437,10
2132,1079.6086870869935,55.647046742002395,10
2133,1079.9370254109904,55.6264028660536,10
2134,1080.244082074352,55.806107414853955,10
2135,1080.5490798649166,55.81791442482844,10
2136,1081.0529344561069,56.12469829225887,10
2137,1081.512767582256,56.026199310335784,10
2138,1082.0143149959354,56.087030484120966,10
2139,1082.8005083283492,56.128848570827344,10
2140,1083.3234672632611,56.02962857362589,10
2141,1083.7600367012246,56.01418010027452,10
2142,1084.4376614557275,56.05721093333125,10
2143,1084.8319501013168,56.10320973137456,10
2144,1085.1816462096708,56.286101263536274,10
2145,1085.6190938605503,56.18137911191959,10
2146,1086.2301090178596,56.24252727728769,10
2147,1086.8207176705778,56.2898832338917,10
2148,1087.2367906177155,56.49280353962837,10
2149,1087.7389322010993,56.506036764586185,10
2150,1088.023069233254,56.53956469279123,10
2151,1088.5465558083495,56.62329963832533,10
2152,1088.9832038991078,56.57445245366465,10
2153,1089.57268920316,56.435974077883124,10
2154,1090.1621463733495,56.61070825712819,10
2155,1090.6210874363421,56.72323702249346,10
2156,1091.1152734144666,56.599792943110685,10
2157,1091.5314847068244,56.83934102023539,10
2158,1091.902623438162,56.63864662304372,10
2159,1092.5786303937775,56.70358685016517,10
2160,1093.299263325917,56.723969881159306,10
2161,1093.8228896610744,56.711455335788074,10
2162,1094.1938169512578,56.784480338690315,10
2163,1094.763634745709,56.528798010915246,10
2164,1095.157394265402,56.578599653991155,10
2165,1095.8547705976257,56.72625139621218,10
2166,1096.5747248604096,56.560984072451916,10
2167,1096.771398939685,56.78502361249144,10
2168,1097.20855849868,57.0116003633321,10
2169,1097.4501222760503,57.01831701426547,10
2170,1097.865417351172,57.06744388606212,10
2171,1098.4120912324784,56.798779949042185,10
2172,1099.0016628482754,56.786309891142956,10
2173,1099.39487356818,56.92264336149335,10
2174,1099.9406580378904,56.88091011000348,10
2175,1100.6394041446767,56.93211368245539,10
2176,1101.1633917399386,57.00889381070837,10
2177,1101.6214078179773,56.87040104940139,10
2178,1101.9497612133582,56.92064833648391,10
2179,1102.4297224225256,56.76139709294884,10
2180,1103.063714815035,56.80788806145369,10
2181,1103.5229458644187,56.94746562269977,10
2182,1103.896109716345,56.93640599315407,10
2183,1104.3765632001232,56.73539785386137,10
2184,1104.8141880260214,56.83835470664682,10
2185,1105.2289892207232,56.62963189958828,10
2186,1105.7310477553376,56.879251683470486,10
2187,1106.1023612105469,56.77885005459928,10
2188,1106.6481171196676,56.88019907958478,10
2189,1107.1302924983825,57.01079272945403,10
2190,1107.7197761381228,56.761411270357776,10
2191,1108.2439091238684,56.699331367250174,10
2192,1108.8558044540748,56.74532566190687,10
2193,1109.2488962432337,56.83950164574353,10
2194,1109.5996112999765,57.07758902725671,10
2195,1109.9287226245613,57.07780043119996,10
2196,1110.2369611266693,57.000704776686376,10
2197,1110.8263980299093,57.273433990354604,10
2198,1111.328855440576,57.148760238233336,10
2199,1111.6565552985003,57.22816574926906,10
2200,1112.2673797002044,57.269453465796595,10
2201,1112.6830081721641,57.35044114682027,10
2202,1113.054282437429,57.24838925992094,10
2203,1113.4686517257112,57.13769089149976,10
2204,1114.080012236652,56.93274056625745,10
2205,1114.5825420124768,57.135552640877286,10
2206,1115.1730697097669,57.351839254668135,10
2207,1115.7182774737885,57.122087543202305,10
2208,1116.1999425843892,57.07610755731946,10
2209,1116.7679118440326,57.04436525050564,10
2210,1117.334786692753,56.84498273451245,10
2211,1117.836163010516,56.58603326723555,10
2212,1118.448180887707,56.6233829325488,10
2213,1119.0174375271213,56.39306511454095,10
2214,1119.4544272293708,56.61872646988215,10
2215,1120.0215388916124,56.40209525152623,10
2216,1120.5012776393137,56.37351601520538,10
2217,1121.00228143083,56.30443748739038,10
2218,1121.3519530108206,56.39646270730672,10
2219,1121.6801891099901,56.48089682067652,10
2220,1121.8996461526474,56.346546061148835,10
2221,1122.3579714974262,56.318314156734225,10
2222,1122.8601346613937,56.261041651256484,10
2223,1123.4493605796706,56.07407123982743,10
2224,1123.9079414545263,55.99044748875375,10
2225,1124.38865860869,55.954160227444106,10
2226,1124.890137453499,55.91175340639841,10
2227,1125.4573679693885,55.873184109109594,10
2228,1126.1336721730534,55.686557279493286,10
2229,1126.527818955652,55.901957121222345,10
2230,1127.1610126943363,56.01122548392324,10
2231,1127.6630550468294,55.99817052122095,10
2232,1128.2308487038486,55.95609607120301,10
2233,1128.647048710055,56.09833701222163,10
2234,1129.1071502596835,56.13264730466177,10
2235,1129.4781463660208,56.0888461416135,10
2236,1130.132808324655,56.239470574416174,10
2237,1130.6145456115567,56.107380855945465,10
2238,1131.2472108548957,56.25561528883876,10
2239,1131.880301952532,56.249785179180414,10
2240,1132.3609571095917,56.29538008410073,10
2241,1132.798171673743,56.31883777335838,10
2242,1133.3444095183556,56.16000600212367,10
2243,1133.7160131054939,56.41652812289274,10
2244,1134.0878441033476,56.43404418699607,10
2245,1134.3938855772244,56.3721623415236,10
2246,1134.8751494708035,56.22186711683011,10
2247,1135.2460756328176,56.07107896227044,10
2248,1135.7053906084561,56.18839815424965,10
2249,1136.361480145772,56.058517046597,10
2250,1136.929821208337,56.00900301149906,10
2251,1137.4539239055189,56.06407077602691,10
2252,1138.1515374806036,56.00530247719928,10
2253,1138.5223287640301,55.80139994257307,10
2254,1139.2207278745,55.9293847093894,10
2255,1139.8528593269543,55.759975900633954,10
2256,1140.1807002715889,55.67347483221133,10
2257,1140.8575902316757,55.57540809148156,10
2258,1141.0764508501454,55.46110231077909,10
2259,1141.6229634845088,55.323194762430894,10
2260,1141.907083471442,55.19223276142868,10
2261,1142.4526007435768,55.27655537207811,10
2262,1143.0856670022,55.4168388853831,10
2263,1143.7404100512417,55.46419182003286,10
2264,1144.241943837354,55.58216050447279,10
2265,1144.7010765105692,55.69008460604034,10
2266,1145.4423420504295,55.653275903381825,10
2267,1145.8780829005564,55.79162157217342,10
2268,1146.336028641139,55.771106685915946,10
2269,1146.7945778490055,56.04760144493376,10
2270,1147.2325663379931,56.005748547054736,10
2271,1147.496010755925,56.02242164492283,10
2272,1148.0853047585078,55.897020141897094,10
2273,1148.7406965743055,55.663354613539745,10
2274,1149.0677991119258,55.65911121478922,10
2275,1149.5709051545746,55.86110006306765,10
2276,1150.2041935397503,55.96002703236046,10
2277,1150.8069497422312,56.08089638743992,10
2278,1151.3305602370165,56.13282077023171,10
2279,1151.8546181801114,56.12820297773745,10
2280,1152.313582115647,55.992069240413045,10
2281,1152.7488196788609,56.12355145398138,10
2282,1153.251170646386,55.88948219182721,10
2283,1153.667631786033,55.80971714069871,10
2284,1154.1702620865644,56.07295636360707,10
2285,1154.7161780823828,55.803311717268606,10
2286,1155.2401627328213,55.701090230299926,10
2287,1155.9398073502794,55.60649690450479,10
2288,1156.5508709968885,55.59353640364687,10
2289,1156.9242825764034,55.56777202583801,10
2290,1157.296052264135,55.66034119847238,10
2291,1157.7769040549833,55.59417903752197,10
2292,1158.36767895227,55.6808257269517,10
2293,1158.8472420522833,55.622584741667886,10
2294,1159.2622618586465,55.67016487939979,10
2295,1159.9605939712344,55.730655911633804,10
2296,1160.5720882298633,55.78917424594794,10
2297,1161.0982241501163,55.59866960986727,10
2298,1161.689711656621,55.643666232613505,10
2299,1162.0818813828964,55.61619730524129,10
2300,1162.6062972959446,55.59582183137474,10
2301,1162.9995079676457,55.51401880643956,10
2302,1163.5454595628967,55.32247468900763,10
2303,1163.8735941997697,55.31471516520086,10
2304,1164.35487132696,55.630909655202146,10
2305,1165.031856007812,55.55490585486716,10
2306,1165.6663276365796,55.57173819146924,10
2307,1166.1249995955884,55.29899226777657,10
2308,1166.7358105568062,55.14208567294466,10
2309,1167.324877418087,54.99795381842283,10
2310,1168.0235327725948,54.91793267172966,10
2311,1168.416059791145,55.1380093481422,10
2312,1168.9173476976,55.18390507081777,10
2313,1169.2674908719764,55.26241616837937,10
2314,1169.880676217769,55.07222208919878,10
2315,1170.4051812686557,55.23065755678572,10
2316,1170.9723562164677,55.17135470803637,10
2317,1171.4100239684208,55.195162484425815,10
2318,1171.803383094502,55.47971817837388,10
2319,1172.3054028569763,55.52302759601965,10
2320,1172.7643632718657,55.81341230591844,10
2321,1173.3544108344004,55.81408572121629,10
2322,1173.6825031963858,55.70917917428194,10
2323,1174.3369328239453,55.91624107282818,10
2324,1174.970182973589,55.7280182377304,10
2325,1175.7554709909382,55.704689105919506,10
2326,1176.2153009274266,55.7593889763353,10
2327,1176.6749449256138,55.70139786850286,10
2328,1177.0247167186562,55.52630218988709,10
2329,1177.504771799103,55.43285555970901,10
2330,1177.9431784163935,55.575510977807134,10
2331,1178.4891719435914,55.73040073313523,10
2332,1179.0790818742544,55.88980938952594,10
2333,1179.559645179075,55.89831097955741,10
2334,1179.9102037198393,55.76899207308321,10
2335,1180.3483729254142,55.90130807780019,10
2336,1180.9817906801873,55.772002519471876,10
2337,1181.5710642562285,55.64126970708957,10
2338,1182.095756088988,55.583042602986566,10
2339,1182.7065649295487,55.82181072609583,10
2340,1183.2522868703359,55.677715386096594,10
2341,1183.7325981861693,55.64633427135254,10
2342,1184.2570515378247,55.619462639795984,10
2343,1184.8463069591587,55.601429388473825,10
2344,1185.3046748133502,55.56008838700847,10
2345,1185.915230438186,55.47169265788949,10
2346,1186.3519931523817,55.423812368551204,10
2347,1186.8990775846505,55.31049140430899,10
2348,1187.5969014591496,55.40824891602347,10
2349,1188.0338446725507,55.48568305775418,10
2350,1188.383676969485,55.33756545308291,10
2351,1188.755351517268,55.31458432820149,10
2352,1189.257806838028,55.35239381205054,10
2353,1189.804557835116,55.16601145503335,10
2354,1190.5259946216754,55.12971125118305,10
2355,1190.8113824504226,55.34653798403496,10
2356,1191.3783908583116,55.13510322084021,10
2357,1191.946413713181,55.250136289448925,10
2358,1192.448948291334,55.59860806877242,10
2359,1192.9724318891517,55.4627410460637,10
2360,1193.6497627464819,55.401682626944876,10
2361,1194.0206346335385,55.50552745246745,10
2362,1194.4794188940095,55.44803826148146,10
2363,1194.8077376779565,55.301926742171375,10
2364,1195.3538274319721,55.362384639073866,10
2365,1195.7693353275195,55.316052995416385,10
2366,1196.2940287880504,55.60925589534067,10
2367,1196.9057241691014,55.48959435042632,10
2368,1197.3873003049532,55.68723252347839,10
2369,1197.8903205598228,55.8290537139127,10
2370,1198.3713982517968,56.10128777065895,10
2371,1198.6342570266554,55.97643155710712,10
2372,1199.2021901286116,55.936693491177536,10
2373,1199.7695587471544,55.914417080105,10
2374,1200.4247874030032,55.845884559992975,10
2375,1201.03577434663,55.95820831371764,10
2376,1201.5375191429648,56.02853516685177,10
2377,1202.1481143595029,55.79019142091221,10
2378,1202.6741814324407,55.85241462242245,10
2379,1203.0243640054337,55.82615394505714,10
2380,1203.4846228211666,56.08115779562599,10
2381,1203.9224270661657,56.111067852603725,10
2382,1204.4465389321715,56.09423328758549,10
2383,1204.7103374800445,56.0863782984834,10
2384,1205.3216533905875,56.26579660743981,10
2385,1206.041784274029,56.100754741244145,10
2386,1206.4136490084206,56.03244052148597,10
2387,1207.0493409077935,56.229704381403714,10
2388,1207.4220621994996,56.17272320441441,10
2389,1208.032344782886,56.41176525021051,10
2390,1208.4486909594943,56.544738038465375,10
2391,1208.9068652715641,56.64091140347429,10
2392,1209.4307345058653,56.61056688920926,10
2393,1210.1289506071487,56.904482059925726,10
2394,1210.436095767813,56.80413938587279,10
2395,1211.047431883242,56.74644695106256,10
2396,1211.506962823109,56.8711481690212,10
2397,1212.1181410957452,56.8501106201305,10
2398,1212.8376821837428,56.813422001805115,10
2399,1213.4052376139557,56.832121187739325,10
2400,1214.0167039811454,56.670839946334326,10
2401,1214.5411609240582,56.708362723878224,10
2402,1215.1515487809836,56.64661160536075,10
2403,1215.7413342346863,56.72582018388252,10
2404,1216.0923593843104,56.962853463557906,10
2405,1216.412823546871,56.9179540835274,10
2406,1216.5878742177897,56.83616950457913,10
2407,1217.0034789778333,56.69741940031247,10
2408,1217.221229159885,56.79690003903223,10
2409,1217.791260213312,56.95298561930853,10
2410,1218.272101316085,57.297849643253755,10
2411,1218.9919621996532,57.24649454885634,10
2412,1219.581234368818,57.24507367998098,10
2413,1220.2145231419722,57.061525135423665,10
2414,1220.5849441779135,57.03849923235218,10
2415,1220.9994833142762,56.769544770739,10
2416,1221.3272576004506,56.65249973681101,10
2417,1221.6765019007905,56.47498384692528,10
2418,1222.2231113202204,56.28690500654313,10
2419,1222.6601398173925,56.555471078930914,10
2420,1223.250197711533,56.655585127764084,10
2421,1223.7309839136103,56.775802354383934,10
2422,1224.3875302327726,56.86079577282248,10
2423,1224.9988817245323,57.08414788577306,10
2424,1225.6545381645046,57.214492133095554,10
2425,1226.2022235444167,57.05392201648314,10
2426,1226.8360817393823,57.08400137122609,10
2427,1227.5343194693028,57.24796799701883,10
2428,1227.9507504218113,57.374181229612745,10
2429,1228.4327890270501,57.42285965088147,10
2430,1228.804339028641,57.6493392328491,10
2431,1229.459349400613,57.71847580832623,10
2432,1229.7444582283151,57.66185922632862,10
2433,1230.355745711929,57.59419341842178,10
2434,1230.8357474084446,57.78082046150935,10
2435,1231.3832827601973,57.91863260109135,10
2436,1231.9076235491589,57.91736813098334,10
2437,1232.5417203353659,57.86125385474709,10
2438,1233.0885368849251,57.904610488258726,10
2439,1233.4164624473688,58.03239081620882,10
2440,1233.9395301007116,58.03146811579698,10
2441,1234.2476713415094,57.86743473517897,10
2442,1234.7285949519205,57.965965926580544,10
2443,1235.4262741182374,57.928092035501386,10
2444,1236.1240281307978,58.02546122974375,10
2445,1236.517625413384,57.87303554858821,10
2446,1237.0207748361577,58.14153696734468,10
2447,1237.2625223109114,58.2686742637806,10
2448,1237.5031849702432,58.318630894425745,10
2449,1237.7681259522856,58.31918577045231,10
2450,1238.381116121196,58.50898452358638,10
2451,1238.9493867579592,58.55741137698163,10
2452,1239.5174852322405,58.52102289934099,10
2453,1239.9783282440317,58.592088246754436,10
2454,1240.4373610845744,58.69223466277977,10
2455,1240.8964915868532,58.835278482511605,10
2456,1241.50882052966,58.82162866650064,10
2457,1241.8147105009675,58.77812021770577,10
2458,1242.273512504725,58.79118311522399,10
2459,1242.7323156401083,58.78648925240009,10
2460,1243.278541003319,58.95349568563389,10
2461,1243.6513467740033,59.2154478426319,10
2462,1244.2855397357312,59.32099147021414,10
2463,1244.524912929341,59.47361808628197,10
2464,1244.8110558385215,59.548466115482285,10
2465,1245.2038662593106,59.70330875667609,10
2466,1245.641712030041,59.60696407707427,10
2467,1245.9053292820686,59.70548402401956,10
2468,1246.6046650549476,59.83192136149178,10
2469,1246.845279229094,59.92875268645753,10
2470,1247.2821472130831,60.017823107234996,10
2471,1247.6322446045604,60.00636910145975,10
2472,1248.0689403279075,59.99037596965111,10
2473,1248.6148334544562,60.04413329496807,10
2474,1249.0317774756115,60.07174805927007,10
2475,1249.621252055906,60.14230618065793,10
2476,1250.145093655829,60.27862787282643,10
2477,1250.4729636035916,60.40792978852401,10
2478,1250.9532582773304,60.44019480064291,10
2479,1251.3900480138607,60.48109168426693,10
2480,1252.0014997316762,60.46922892777897,10
2481,1252.3714923871944,60.57419962802413,10
2482,1252.9832253098068,60.811391307283515,10
2483,1253.5079685262813,60.887075536606865,10
2484,1253.8806277291108,60.76175730982054,10
2485,1254.2526797824196,60.9793650322767,10
2486,1254.6024356919531,61.066173530883965,10
2487,1255.1047014404035,61.0405419345241,10
2488,1255.7810995470848,60.879110936978755,10
2489,1256.2614299882507,60.80465134419962,10
2490,1256.785295126456,60.99911477807266,10
2491,1257.1144187913205,60.946994117117995,10
2492,1257.7475924498842,60.98363380520344,10
2493,1258.1839795437295,60.776588430159634,10
2494,1258.6204709528952,60.921378384742354,10
2495,1259.05733905182,60.84657499092508,10
2496,1259.5170120626476,60.834245822641435,10
2497,1259.9764983447917,60.63847635855753,10
2498,1260.6321848455068,60.7340940304429,10
2499,1261.0486861896748,60.7490698003926,10
2500,1261.6607700233806,60.92240852406768,10
2501,1262.118787305818,61.017683514608756,10
2502,1262.5997491627966,61.13586566139822,10
2503,1262.970790066253,61.20155767914448,10
2504,1263.386103472474,61.37954002900005,10
2505,1263.7581915895005,61.34503115467775,10
2506,1264.1095011969,61.428977105826604,10
2507,1264.5679615704955,61.33804229378094,10
2508,1265.0037417628387,61.42435642775126,10
2509,1265.5496481221273,61.63271084342837,10
2510,1266.2692628688735,61.8137436302049,10
2511,1266.8153143919185,62.03905948629854,10
2512,1267.2970331525978,61.99546208155915,10
2513,1267.7786324079418,61.69171778005473,10
2514,1267.9543743233428,61.66246309060815,10
2515,1268.4991260293052,61.78274359052495,10
2516,1268.9802532796261,61.841000648031184,10
2517,1269.39506740304,62.10289957894096,10
2518,1269.940926686776,62.18224049046315,10
2519,1270.1155415106537,62.306263302673756,10
2520,1270.5964409117764,62.345573360182044,10
2521,1271.0779508698317,62.335103577663766,10
2522,1271.602337159014,62.39912691178808,10
2523,1272.1472343581358,62.470306730269435,10
2524,1272.4097121915868,62.5665383779227,10
2525,1272.9996933199334,62.52493475680054,10
2526,1273.3942861548644,62.51834682911954,10
2527,1273.941590799057,62.532966712695114,10
2528,1274.22581148265,62.50625682547119,10
2529,1274.6628443408324,62.59982449267688,10
2530,1274.9038861412528,62.74120082503713,10
2531,1275.2110015827388,62.901374342353336,10
2532,1275.8231078261954,62.949762745918946,10
2533,1276.21733652399,63.00407014151602,10
2534,1276.6550802436477,63.11351648696596,10
2535,1277.113537676323,63.295890339209635,10
2536,1277.877234858291,63.152622734547855,10
2537,1278.1398137776976,62.948950620773836,10
2538,1278.6211861384961,62.953313450625636,10
2539,1278.971075537383,62.958420234353945,10
2540,1279.3662679678123,62.9995019443957,10
2541,1279.977587326749,63.24062675987294,10
2542,1280.175097834696,63.15772781726886,10
2543,1280.8302366670384,63.375675455081534,10
2544,1281.158344984324,63.541985180933175,10
2545,1281.5746228436958,63.643800104496236,10
2546,1282.033166414631,63.5643326042951,10
2547,1282.3182758937726,63.7436720398645,10
2548,1283.1058350193784,63.685495625128,10
2549,1283.6964588104456,63.62656647566572,10
2550,1284.1779011657666,63.74768483360749,10
2551,1284.6582248173268,63.71598367534014,10
2552,1285.0299841765993,63.57929794486268,10
2553,1285.227195122003,63.32968845722788,10
2554,1285.861766771564,63.385408102454136,10
2555,1286.2128447958758,63.37510781847812,10
2556,1286.7591264303057,63.58108584412156,10
2557,1287.044499877333,63.75444560088752,10
2558,1287.720812693044,63.619783993215144,10
2559,1288.3317160429872,63.624180227095316,10
2560,1288.7909359074768,63.8091667962122,10
2561,1289.2080111586836,63.61173550939658,10
2562,1289.8412958623242,63.66281382804655,10
2563,1290.4959529483474,63.79263400227676,10
2564,1291.1955304992873,63.76164593646893,10
2565,1291.6332026876175,63.678157736073,10
2566,1292.2233064589802,63.54165319074848,10
2567,1292.6610093725596,63.772697054283995,10
2568,1293.0976237968368,63.941108893063785,10
2569,1293.709301440492,64.1484465812956,10
2570,1294.1047669689049,63.98117247833617,10
2571,1294.5430179239338,64.00561315472683,10
2572,1295.0029396727045,63.917765330954694,10
2573,1295.3543071195613,63.64535920933787,10
2574,1295.7493049973987,63.65284157091152,10
2575,1296.2948935918157,63.675720764464074,10
2576,1296.8411390029073,63.973077965782124,10
2577,1297.2555439769178,63.90641700660127,10
2578,1297.6696439410816,64.17909381331889,10
2579,1298.128055119599,64.28482347454916,10
2580,1298.8486719670389,64.38261145181808,10
2581,1299.4814609778814,64.50600411305939,10
2582,1300.094462881982,64.34197408401542,10
2583,1300.6403959518163,64.34775454556846,10
2584,1301.0769803577557,64.4864391176547,10
2585,1301.2094886759664,64.42129455515035,10
2586,1301.4505618133949,64.51173006713219,10
2587,1301.7350899539808,64.56135910444054,10
2588,1302.1064543972407,64.73265065073502,10
2589,1302.6090084469272,64.7933294299451,10
2590,1302.917401786793,64.95580896340263,10
2591,1303.4195315852885,65.02689402945784,10
2592,1304.0089997600812,65.36001738737835,10
2593,1304.446271727948,65.42649594964807,10
2594,1304.8830468342435,65.44821517366549,10
2595,1305.3644052901184,65.48456500673178,10
2596,1305.9110398284345,65.58966449766542,10
2597,1306.3491797775678,65.80930645109413,10
2598,1306.8749625251855,65.92201465169465,10
2599,1307.530617624138,66.1661995571621,10
2600,1308.0101866380107,66.13124206488287,10
2601,1308.2729950876956,66.093993798089,10
2602,1308.776483536701,66.28749037998968,10
2603,1309.1708368600837,66.29314920823407,10
2604,1309.7168348586085,66.38481336019828,10
2605,1310.2401884497115,66.61151913473482,10
2606,1310.7636277887002,66.8829856883113,10
2607,1311.1770757789727,67.00551308882244,10
2608,1311.6349966583393,66.90538062763335,10
2609,1312.0309875936748,66.74296414013267,10
2610,1312.4239585628902,66.9047703586225,10
2611,1312.8387971018885,66.74691246355087,10
2612,1313.1890387165124,66.47711654413166,10
2613,1313.4300836690431,66.29051347481622,10
2614,1314.0207232074122,66.18541376355697,10
2615,1314.393300874931,66.08247605542067,10
2616,1314.9393179397764,66.31543127688056,10
2617,1315.508198850158,66.32361856191588,10
2618,1316.0326651185944,66.52846231716802,10
2619,1316.428680644567,66.5556823771332,10
2620,1317.1926024611275,66.67145532791366,10
2621,1317.6954707042155,66.74920013786767,10
2622,1318.2196880569804,66.77268409771335,10
2623,1318.3755062706118,66.7815137476947,10
2624,1318.9859344468412,67.06977092795762,10
2625,1319.2924937159846,67.19218836656681,10
2626,1319.7719973291025,67.02511789346461,10
2627,1320.07914909853,66.89856876795488,10
2628,1320.7339181863977,66.91267476176495,10
2629,1321.2789219990998,66.82130236074525,10
2630,1321.5413824380119,66.60856337421862,10
2631,1321.9794212630263,66.67977287073967,10
2632,1322.2198742842766,66.33823682723762,10
2633,1322.5692716644762,66.4239390638716,10
2634,1322.9413176453716,66.57225650618554,10
2635,1323.5093392062445,66.59744089462619,10
2636,1324.012509782489,66.4742643952918,10
2637,1324.8850109393065,66.4743383240696,10
2638,1325.3866770339725,66.79940574915378,10
2639,1325.8028160703157,66.91053818731434,10
2640,1326.0861157775928,66.89266014647481,10
2641,1326.6537366731466,66.94784792047126,10
2642,1326.916834880221,67.01927346105607,10
2643,1327.3110219567589,67.18790397689217,10
2644,1327.7262383693846,67.28920992731113,10
2645,1328.119633929185,67.49241271889483,10
2646,1328.5566251732025,67.61869280964287,10
2647,1328.928121918199,67.75748718560098,10
2648,1329.2136542031935,67.70332181062498,10
2649,1329.6945588012825,67.63215629645464,10
2650,1330.1761495828125,67.74606855170005,10
2651,1330.5690883587356,67.86569344317294,10
2652,1330.9195288470628,67.92649038967863,10
2653,1331.3127594791683,68.08536639969091,10
2654,1331.727403924117,68.27408593470626,10
2655,1332.034172909755,68.341605227364,10
2656,1332.5148330320333,68.4815061313704,10
2657,1332.9969241603037,68.79319559087631,10
2658,1333.5646478174176,68.76653337339991,10
2659,1334.2631453330455,68.66434989041753,10
2660,1334.5043370430155,68.7649205679094,10
2661,1335.0936175449756,68.88447654263142,10
2662,1335.444119759021,69.03933568845675,10
2663,1336.0332191722384,69.21969055937011,10
2664,1336.470564751014,69.49808712555942,10
2665,1336.8629509922134,69.66039704762711,10
2666,1337.2345452945933,69.81741622699356,10
2667,1337.715240414039,69.78494073258089,10
2668,1338.0638885925052,69.84790656499806,10
2669,1338.4792636814504,69.65967392813587,10
2670,1339.0686358895068,69.95281873698038,10
2671,1339.1132961703838,69.90566053810325,10
2672,1339.573274213481,70.21327101297062,10
2673,1340.1195985645925,70.1876102353965,10
2674,1340.5791752464243,70.44559217752006,10
2675,1341.060029112309,70.53237309850037,10
2676,1341.6935551839028,70.63135578582835,10
2677,1341.97738750887,70.50847499504435,10
2678,1342.5238668600045,70.49759073920016,10
2679,1343.1140267256455,70.62706230291317,10
2680,1343.3766420055792,70.40330946496097,10
2681,1344.0318596462505,70.23334715108018,10
2682,1344.4040492919316,70.37673045869715,10
2683,1344.9277965123974,70.30927125140562,10
2684,1345.386863162637,70.23159572510941,10
2685,1346.064133781169,70.11466781248961,10
2686,1346.8066372952003,70.02322564671137,10
2687,1347.11287403713,70.19057120543803,10
2688,1347.5936394110354,70.00147002331188,10
2689,1348.162490357203,69.82381512237042,10
2690,1348.6217255401293,69.7363364127864,10
2691,1349.2324165873838,69.6301477845566,10
2692,1349.583016364172,69.74970013748222,10
2693,1350.0636206654012,69.58550281743176,10
2694,1350.6754182025093,69.57557458138731,10
2695,1351.046255394732,69.39836476913683,10
2696,1351.6788909035722,69.43972427351028,10
2697,1352.3337752205425,69.48939997582902,10
2698,1352.83754479246,69.1964698270538,10
2699,1353.4486971428626,69.24513514189778,10
2700,1353.8633589487938,69.15067729737088,10
2701,1354.4517612244015,69.24260111252082,10
2702,1354.8879256771816,69.23249942962177,10
2703,1355.1071373168502,69.31433545460143,10
2704,1355.5024659830642,69.23924030490582,10
2705,1356.1793295773655,69.02174495589098,10
2706,1356.7034545782112,69.12348188335464,10
2707,1357.227166699642,68.97813662698121,10
2708,1357.6422599646498,69.11978462961032,10
2709,1358.0798230543185,69.04046486476693,10
2710,1358.4960440017362,69.29136454590702,10
2711,1358.9124217053952,69.08887903781171,10
2712,1359.5249986248505,68.86879087139371,10
2713,1360.1360090427922,68.8000848666249,10
2714,1360.6390231136374,68.92282337821675,10
2715,1361.09875975539,68.8393207694493,10
2716,1361.4079763135005,68.80366447025362,10
2717,1362.0842163490559,68.73293165783316,10
2718,1362.7170282768147,68.58168260942655,10
2719,1363.1323546641502,68.35343404286864,10
2720,1363.76605795651,68.24002181959119,10
2721,1364.2891980200015,68.39974235981533,10
2722,1364.5965504501128,68.48860312097614,10
2723,1365.0540282063862,68.3359994008701,10
2724,1365.665104602294,68.29164360902742,10
2725,1365.9928957597062,68.33087526668359,10
2726,1366.3431418451528,68.45084227799403,10
2727,1366.6924450699328,68.46124763290499,10
2728,1367.0439696344897,68.55099370703316,10
2729,1367.4378004111197,68.58165029559316,10
2730,1368.135314972815,68.42305336584215,10
2731,1368.530789916325,68.27140276489877,10
2732,1369.2064198272096,68.24568642426385,10
2733,1369.621347640074,68.15047800134637,10
2734,1370.0154110908861,68.14252792607718,10
2735,1370.6933143811277,68.34511850456778,10
2736,1371.1964157279303,68.42069104889283,10
2737,1371.829144709331,68.47360364040023,10
2738,1372.1784406312902,68.26569093362355,10
2739,1372.7251361112021,68.32630064906179,10
2740,1373.0087303453713,68.30754917407313,10
2741,1373.5553179161213,68.22986732465694,10
2742,1374.0356369782694,68.16695236963827,10
2743,1374.407180879129,68.4471498043163,10
2744,1374.8224380412908,68.59465799541161,10
2745,1375.303645509512,68.70708238070087,10
2746,1375.8511884438847,68.5192766253688,10
2747,1376.4421740095518,68.54790175801716,10
2748,1377.055351000924,68.65855306403157,10
2749,1377.53614030158,68.60476604947421,10
2750,1377.7784290531497,68.72812508285644,10
2751,1378.3479416470614,68.93486954361862,10
2752,1378.8082141983264,68.78825720399401,10
2753,1379.3545942940152,69.0283269193799,10
2754,1380.1840789725502,69.02859455870642,10
2755,1380.6649826719424,69.21965638154938,10
2756,1381.2542981941365,69.35657320910249,10
2757,1381.7790315364389,69.31822086553892,10
2758,1382.2381191215554,69.32012146103492,10
2759,1382.9157094095387,69.30681347260429,10
2760,1383.5266955374034,69.3479483639921,10
2761,1383.9644727310672,69.50645195139732,10
2762,1384.5756954783371,69.57372760142894,10
2763,1384.9935339833223,69.76314826981191,10
2764,1385.4693864598469,69.84760104513674,10
2765,1385.9506452709938,69.85439822594196,10
2766,1386.4972559408004,69.61965347846194,10
2767,1387.0215011134958,69.77461710637814,10
2768,1387.2843160120497,69.81903486769883,10
2769,1387.9166766900914,70.068172137295,10
2770,1388.3319691556524,70.07002916435418,10
2771,1388.702823303769,70.00154874876786,10
2772,1389.2699469315007,70.04913872826012,10
2773,1390.0116998445399,69.97065151872988,10
2774,1390.5138595793674,69.76394482319594,10
2775,1391.0590797786026,69.80006899889332,10
2776,1391.5195381489987,69.72963193003908,10
2777,1391.9349966403267,69.79125012021836,10
2778,1392.2000774289136,69.60285055944709,10
2779,1392.6807699817437,69.6859974760705,10
2780,1393.3363801428914,69.68701452775058,10
2781,1393.6865900064593,69.83269561476018,10
2782,1394.1227888672463,69.79886620190238,10
2783,1394.5818360059343,69.77880931800611,10
2784,1395.0408142598485,69.54140586146418,10
2785,1395.7175016262813,69.57569545911726,10
2786,1396.4382015956228,69.55511971009388,10
2787,1396.9836575487043,69.43099837540466,10
2788,1397.595478491801,69.30547538649635,10
2789,1398.1200074574722,69.21423551280189,10
2790,1398.5575020812498,69.31988993622525,10
2791,1399.2778777225176,69.36031380932289,10
2792,1399.5393772518978,69.12872218552272,10
2793,1399.975624969825,68.95745535048813,10
2794,1400.565298752217,68.7675257888723,10
2795,1401.1340673704162,68.90317937046419,10
2796,1401.5917578622489,68.86683435375998,10
2797,1402.225625445313,68.84044078039359,10
2798,1402.5977193310741,69.04385755723558,10
2799,1403.142444870502,69.08098779952307,10
2800,1403.5369613979444,69.09889372847003,10
2801,1404.1496413524371,68.83730994561083,10
2802,1404.7396712274794,68.84696651778782,10
2803,1405.2867501453609,69.03890069089644,10
2804,1405.897777834885,68.81442320877271,10
2805,1406.2914701743953,69.11316538160057,10
2806,1406.9895371657792,68.96166304256577,10
2807,1407.492302102644,69.10439633416588,10
2808,1408.0381389090019,68.98688489931712,10
2809,1408.8239439936926,69.04871169082367,10
2810,1409.5240268215,69.09572871202685,10
2811,1409.917455525842,69.29030784492588,10
2812,1410.4003886529276,69.33614334465676,10
2813,1410.8365487406436,69.18405935040273,10
2814,1411.2298265713234,69.22020275653325,10
2815,1411.7761425498936,69.25945930452306,10
2816,1412.2348311229282,69.24970296514883,10
2817,1412.606515092667,69.29560468806962,10
2818,1413.1748860613516,69.39457583829561,10
2819,1413.5259840277533,69.49495111883346,10
2820,1414.0285170777179,69.67058303538353,10
2821,1414.5749918557171,69.65490973325585,10
2822,1415.0336507938218,69.69400202777607,10
2823,1415.4489768502967,69.70486742845715,10
2824,1416.0170588650467,69.65771272160907,10
2825,1416.6725661945034,69.55215846463011,10
2826,1417.00004710299,69.33585339256791,10
2827,1417.3287534143888,69.15979700912676,10
2828,1417.8328847704504,69.0751458400439,10
2829,1418.160291875941,68.97260866549716,10
2830,1418.2701623071302,68.9128511852046,10
2831,1418.8164766285886,68.75301393561347,10
2832,1419.473060307584,68.8584087264148,10
2833,1419.7580717251958,68.91639717762241,10
2834,1420.4349753163315,68.91092757356962,10
2835,1420.8503985839072,68.7448410808628,10
2836,1421.3522410542412,69.08274548073612,10
2837,1421.745585336139,68.92135544299887,10
2838,1422.3998448539448,68.82891046901581,10
2839,1422.8802940719709,68.71378268325452,10
2840,1423.4705272006472,68.81167602334818,10
2841,1424.0158046978286,68.62556341678405,10
2842,1424.4748925453885,68.51940962255776,10
2843,1424.73745951647,68.27858160115458,10
2844,1425.3280020354255,68.26490825807959,10
2845,1425.8728426758705,68.5325600077753,10
2846,1426.6147275035073,68.6029347518266,10
2847,1427.2037978659584,68.43118995622403,10
2848,1427.923633954062,68.35326213257078,10
2849,1428.3838228458224,68.54807884396664,10
2850,1428.7344047507295,68.6529310444107,10
2851,1429.4546941913834,68.68158880735123,10
2852,1430.2405274280784,68.61422806081139,10
2853,1430.5258540850086,68.44077229820142,10
2854,1430.83186318473,68.32277446557862,10
2855,1431.1165205824384,68.48020739489202,10
2856,1431.6852934439607,68.44226049461489,10
2857,1432.3188580803303,68.41215144639567,10
2858,1432.8436456190686,68.61742201294533,10
2859,1433.4321835543105,68.46836585917426,10
2860,1433.978373132613,68.48408403102177,10
2861,1434.5023043985727,68.70706666723687,10
2862,1434.916600721725,68.65433189224969,10
2863,1435.3319736080834,68.93768483349541,10
2864,1435.986579776234,68.88730739355353,10
2865,1436.3820198320514,68.849905542697,10
2866,1436.7539474561104,68.84440308484298,10
2867,1437.2125376745778,68.6708365091107,10
2868,1437.4987604264807,68.62344120645398,10
2869,1438.175863782314,68.71077665501387,10
2870,1438.6778869683408,68.59653714609713,10
2871,1439.028104663967,68.87142739079431,10
2872,1439.5302518468445,68.7179700352236,10
2873,1440.0334872698108,68.79333445434744,10
2874,1440.6674853333782,68.908284891476,10
2875,1441.1481181106142,68.83593543574536,10
2876,1441.6494264263074,68.9387264134291,10
2877,1442.2396539452157,68.86155129007814,10
2878,1442.6978988800192,68.8524256625778,10
2879,1443.440152905951,68.8138691854452,10
2880,1443.965242742537,68.92801326237434,10
2881,1444.5123799995704,69.06443615747423,10
2882,1444.907072751247,69.19478968262878,10
2883,1445.2810075554742,69.20828855623962,10
2884,1445.8266263034925,69.04737450073291,10
2885,1446.2638773960539,68.88833521380029,10
2886,1447.0495653143994,68.98584536637766,10
2887,1447.4652734104573,68.96209644765213,10
2888,1448.0115992607007,68.95962492695338,10
2889,1448.207636600313,68.97156794086693,10
2890,1448.5566744304983,69.01848072038341,10
2891,1449.0370622468402,69.28364882580082,10
2892,1449.7141760296195,69.17239219239055,10
2893,1450.1524415258975,69.17632816127782,10
2894,1450.7857707442492,68.96774034321776,10
2895,1451.397952190248,68.97514145667296,10
2896,1452.0531438192427,69.01265410758339,10
2897,1452.6668613433872,68.86380813443164,10
2898,1453.125612812937,69.0043249400757,10
2899,1453.4978172175902,68.8997884015283,10
2900,1454.0884381291212,68.9308750760691,10
2901,1454.7210898598419,68.99594830206418,10
2902,1455.1791305804593,69.23189936885937,10
2903,1455.615761221224,69.28226151289256,10
2904,1456.099603705048,69.16308910424966,10
2905,1456.6684001591984,69.18412413859167,10
2906,1457.2379594673284,69.2529484917511,10
2907,1457.6532311584128,69.36724245107406,10
2908,1458.3516661314313,69.54448154147639,10
2909,1459.008752208701,69.59621877440088,10
2910,1459.42593773941,69.54685579020637,10
2911,1459.820114821246,69.57606276304642,10
2912,1460.281819189786,69.56839314270063,10
2913,1460.9155542266112,69.57137838832583,10
2914,1461.3964101202532,69.73422558897859,10
2915,1462.1823251385083,69.7000125633214,10
2916,1462.555026529614,69.54233862592444,10
2917,1463.4061607163665,69.53389846677254,10
2918,1463.8220705971883,69.47428734365722,10
2919,1464.389096596848,69.6343467546748,10
2920,1464.9788162501595,69.39838371196774,10
2921,1465.6776186076845,69.37059545936752,10
2922,1466.092659533168,69.3487253477808,10
2923,1466.4871154073567,69.36455954367058,10
2924,1467.208132841092,69.4024725943901,10
2925,1467.6890001852958,69.46832897534615,10
2926,1468.3003896867335,69.74061385538435,10
2927,1468.9358636876004,69.57488444818667,10
2928,1469.3945992350205,69.63313828627635,10
2929,1469.962212250846,69.6163450883291,10
2930,1470.400774298594,69.63053388886209,10
2931,1471.013916294189,69.70130431620298,10
2932,1471.7338411294936,69.6748121181904,10
2933,1472.4318731510543,69.73840647951671,10
2934,1472.693383493505,69.5484031975475,10
2935,1473.0224606612524,69.49739911114273,10
2936,1473.7654310352532,69.46257512187087,10
2937,1474.399246627047,69.3938145662431,10
2938,1474.727640709595,69.55248150870545,10
2939,1474.9463371326947,69.53327243323815,10
2940,1475.4493189870955,69.62344174536037,10
2941,1475.8865155732503,69.80986744883131,10
2942,1476.3884245393883,69.93977351757975,10
2943,1476.6079927339874,69.91761440165838,10
2944,1477.2190973392994,69.6732317446237,10
2945,1477.591047366,69.54678555368316,10
2946,1477.8972968370495,69.39335417730896,10
2947,1478.2456520619714,69.3259770586081,10
2948,1478.5076846342308,69.30308252867567,10
2949,1478.966412010171,69.58378760319536,10
2950,1479.3594724426748,69.65532590361047,10
2951,1479.7750754367376,69.5875905529493,10
2952,1480.1905098485436,69.72020609346521,10
2953,1480.692568018998,69.9234958184638,10
2954,1481.2174518263705,70.23023478000412,10
2955,1481.8509622381275,70.4772219823111,10
2956,1482.3099859162812,70.28499047924728,10
2957,1483.0742891731645,70.20591796447597,10
2958,1483.2714656037692,70.08585601187535,10
2959,1483.8606223017916,70.20352078418549,10
2960,1484.4718910959307,70.08002434550312,10
2961,1484.9531065508886,70.06663149445178,10
2962,1485.476609437495,70.19266349552005,10
2963,1485.8921861709082,70.4969560344016,10
2964,1486.3512502542292,70.42197894710274,10
2965,1486.6145362252398,70.40889825650932,10
2966,1487.0089292560556,70.26790161955198,10
2967,1487.555279551362,70.5986844745075,10
2968,1487.9060686451278,70.72672356063985,10
2969,1488.5397961079714,70.82488291753207,10
2970,1488.847051266392,70.99145682588481,10
2971,1489.241923520502,71.08217704716414,10
2972,1489.961963586982,71.05677234795598,10
2973,1490.6605278045154,70.84590127754049,10
2974,1491.1182819509063,70.59759921903088,10
2975,1491.446582869665,70.71094687865069,10
2976,1491.8863070294333,70.73325987108313,10
2977,1492.541100699716,70.62379579800637,10
2978,1492.9125696875028,70.68197046386422,10
2979,1493.3057216382572,70.81423830990394,10
2980,1493.8512830210582,70.92687247388943,10
2981,1494.5725836310992,70.92584894229793,10
2982,1494.9448164356995,70.9206018981802,10
2983,1495.3160622208622,71.02717079202988,10
2984,1495.79707674622,70.95114645373808,10
2985,1496.1699525445542,71.07177846143065,10
2986,1496.6509989987312,71.07058088750071,10
2987,1497.2851034607631,71.04062373708291,10
2988,1497.788829259831,70.96073339718257,10
2989,1498.1832739577103,71.05405150523579,10
2990,1498.6417279440348,71.09202728966832,10
2991,1499.0361544839427,70.87126003008548,10
2992,1499.4957124257082,71.02256310271419,10
2993,1499.933167922169,71.04704603165483,10
2994,1500.4137683257904,71.23581192262755,10
2995,1500.9605884175548,71.1396610770844,10
2996,1501.4631178944414,71.29844043554503,10
2997,1501.900252773207,71.25475104997835,10
2998,1502.4460775276093,71.22454137646805,10
2999,1503.1018303473816,71.54536472820122,10
3000,1503.6463351611212,71.34574287423631,10
3001,1504.1701390112971,71.25303292270077,10
3002,1504.4770307965941,71.12787019817962,10
3003,1505.2624300772216,71.32691333388182,10
3004,1505.7438275154343,71.48803113581174,10
3005,1506.1367784322563,71.35466388615045,10
3006,1506.6815809442992,71.45988267499183,10
3007,1507.1631987424614,71.47281984294314,10
3008,1507.7088800081779,71.7092483587951,10
3009,1508.059309826926,71.93386925893104,10
3010,1508.7147888287145,71.97511428611055,10
3011,1508.8918500532156,72.00833506855054,10
3012,1509.5250674054187,72.03926857744634,10
3013,1510.0060729621493,71.81609491598202,10
3014,1510.4649570113845,71.75603664304748,10
3015,1511.076664814234,71.67951764665023,10
3016,1511.559700807266,71.86362552241042,10
3017,1512.0844391579478,72.01684025863135,10
3018,1512.5206689376128,71.96811190980506,10
3019,1512.8493816901891,72.17813433838081,10
3020,1513.3734088668912,72.27644359803253,10
3021,1513.7896151365753,72.32688401711627,10
3022,1514.161400170149,72.21884802242468,10
3023,1514.750723179804,72.11735315803882,10
3024,1515.2299870426089,71.9683179883957,10
3025,1515.6889886212907,71.80679813851144,10
3026,1516.169337984102,71.73078900004752,10
3027,1516.4749407082456,71.79930870090276,10
3028,1516.8685026248797,71.65738783459575,10
3029,1517.3517963373556,71.54710731383628,10
3030,1517.6587307989307,71.6287459232998,10
3031,1518.1385849222263,71.40284797332917,10
3032,1518.7284296828707,71.20969084671916,10
3033,1519.2533438115333,71.20122659351819,10
3034,1519.7775470379786,71.05200920895373,10
3035,1520.3454178656389,71.02370154175588,10
3036,1520.9567717594146,70.91049962673223,10
3037,1521.4592377914291,71.0792331201219,10
3038,1522.004734715643,70.94927150814146,10
3039,1522.4637915545231,70.71623638111299,10
3040,1523.1410939105433,70.65423879500975,10
3041,1523.6006021661003,70.46060529612511,10
3042,1524.2985921876614,70.31127256216935,10
3043,1524.6706190489601,70.15747666318241,10
3044,1525.1074576573947,70.22168139348669,10
3045,1525.436722880444,70.18985560683352,10
3046,1525.8963695745138,69.99253623189081,10
3047,1526.3329012022364,70.086017423606,10
3048,1526.856452809196,70.01213952322249,10
3049,1527.4238096611032,69.91769377168437,10
3050,1527.990993434571,70.09013545067856,10
3051,1528.4730037782397,69.8932637455635,10
3052,1528.9539587613197,69.99102947557412,10
3053,1529.3691144673753,70.0489888279408,10
3054,1529.80636036163,69.95897730580484,10
3055,1530.3957618687687,70.23990508257472,10
3056,1531.0073367574491,70.24424311316622,10
3057,1531.4886023039746,70.25592632426593,10
3058,1532.0778733671152,70.13910369336017,10
3059,1532.7114912140537,70.17280517307199,10
3060,1533.1275254287627,69.97594328226671,10
3061,1533.629290900858,69.89488054175658,10
3062,1534.0241575158689,69.92902631884073,10
3063,1534.5711341636156,69.75075968683971,10
3064,1535.0948427708347,69.49372565408333,10
3065,1535.533465471067,69.52691835706618,10
3066,1536.4069479506845,69.52683375836723,10
3067,1536.6924352826213,69.67812713503292,10
3068,1536.8893200291564,69.49889362841137,10
3069,1537.4582244635985,69.58281825651693,10
3070,1537.852107646763,69.35529283618624,10
3071,1538.2028351106521,69.44465163021313,10
3072,1538.59642561769,69.23534215551867,10
3073,1538.9691123019654,69.01603025503313,10
3074,1539.6238544526088,68.92162391927847,10
3075,1540.0843835283054,68.82453713809055,10
3076,1540.4557734256596,69.01213676086253,10
3077,1540.8698398275362,69.21596618265433,10
3078,1541.1778699210258,69.00224063954288,10
3079,1541.7895569888328,68.98091828238707,10
3080,1542.1610736614853,68.79329344819591,10
3081,1542.7064323418992,68.9497150009764,10
3082,1543.2974227007467,68.95115526077618,10
3083,1543.8217156509456,68.9275186057715,10
3084,1544.2380186613,68.9742541902965,10
3085,1544.6524475304261,68.85052895251478,10
3086,1545.0676319333368,68.72173038253337,10
3087,1545.4385003622995,68.49043809631172,10
3088,1545.8540969870014,68.28076618984538,10
3089,1546.3352445991477,68.14443911072564,10
3090,1546.706582673441,68.01939650814568,10
3091,1546.9915794336825,68.07696761572117,10
3092,1547.5157956190062,67.94520160019128,10
3093,1547.97463681229,67.98430172302454,10
3094,1548.5422860545264,67.78073910685012,10
3095,1549.0661122124561,67.83539753709344,10
3096,1549.4799891686782,67.76691857107119,10
3097,1549.9191554476747,67.91559196823766,10
3098,1550.3127301494524,67.87004280957618,10
3099,1550.8367373025628,67.7004719546827,10
3100,1551.120190820935,67.61846893564726,10
3101,1551.5139536123656,67.5362814045825,10
3102,1552.1903320469976,67.64911870742907,10
3103,1552.6924324659535,67.80208730575984,10
3104,1553.2387916431899,67.56234600827494,10
3105,1553.5671527706259,67.53989616747462,10
3106,1554.0270436836959,67.56239102472696,10
3107,1554.8132032390185,67.49121967944843,10
3108,1555.3382167479685,67.44431431045622,10
3109,1555.7746420110832,67.49390799370666,10
3110,1556.3211428299824,67.77044155814936,10
3111,1556.6496852057546,67.83795554718732,10
3112,1557.0432124117438,67.67769432316743,10
3113,1557.3278282713716,67.93450622975438,10
3114,1557.7439281440322,67.85496411337176,10
3115,1558.3569318328814,67.8084698196604,10
3116,1558.8390030201008,67.76490653434468,10
3117,1559.3630272338692,67.78575033590957,10
3118,1559.9757659863849,67.99730350774372,10
3119,1560.4129608653489,68.14351965258427,10
3120,1560.9170746317166,68.24062303109537,10
3121,1561.464107426002,68.32528408776083,10
3122,1561.835108706983,68.12699925401078,10
3123,1562.293917452139,67.96426853349271,10
3124,1562.883478450809,67.99432689519746,10
3125,1563.3858347882283,68.04877041675877,10
3126,1564.0617430594095,67.97149597989021,10
3127,1564.2158377964834,67.88115165513868,10
3128,1564.7637662236016,67.75333066192924,10
3129,1565.353409245487,67.9986850852743,10
3130,1565.9010323542223,68.06931121882663,10
3131,1566.3390813074898,68.08443406322785,10
3132,1566.754908279413,68.01749101097302,10
3133,1567.323728996946,68.03562060461017,10
3134,1567.8268704703846,68.03833080074779,10
3135,1568.3940113605754,67.93089699899814,10
3136,1568.9841610568933,67.88181047519126,10
3137,1569.5723147158424,67.84202367891442,10
3138,1570.2276639403383,67.65764452678047,10
3139,1570.490958645573,67.4394629579532,10
3140,1570.9501938577755,67.37403763768519,10
3141,1571.388562346578,67.33930508052246,10
3142,1571.8474474202797,67.43597749059181,10
3143,1572.263903624583,67.68681334189985,10
3144,1572.876517022515,67.72707660311728,10
3145,1573.2907661100621,67.83960057508217,10
3146,1573.989511993877,67.79351174431702,10
3147,1574.47042302461,67.64629743006903,10
3148,1575.0820842670905,67.56138824590062,10
3149,1575.53924320556,67.54935206218063,10
3150,1576.1727531172914,67.64924323761004,10
3151,1576.6093885543191,67.59215152353433,10
3152,1577.1977874530387,67.62326123593094,10
3153,1577.8086933138688,67.67701819311311,10
3154,1578.3325062718463,67.573421611718,10
3155,1578.5955548545767,67.80153983193446,10
3156,1579.2294668911445,68.10843583024923,10
3157,1579.842012035963,68.1342041546259,10
3158,1580.257258234027,68.21706675251242,10
3159,1580.7383609490098,68.3396993295936,10
3160,1581.0874778653174,68.38773223166751,10
3161,1581.698973376317,68.4309353541753,10
3162,1582.2226849367576,68.35693195152054,10
3163,1582.638971828528,68.44590137397479,10
3164,1583.05372644543,68.60088448864268,10
3165,1583.4480489918499,68.54869248506533,10
3166,1584.1462924170926,68.61797030010688,10
3167,1584.6925927886525,68.80852021637196,10
3168,1585.26163376926,68.71849732887563,10
3169,1585.5682566644684,68.74037208128442,10
3170,1586.1568348538708,68.88186779082119,10
3171,1586.7906231045458,68.85170199332318,10
3172,1587.1399372626984,68.67784959702232,10
3173,1587.7085453666941,68.78026024465,10
3174,1588.1887200575989,68.9537959995376,10
3175,1588.605484375712,69.10415168108776,10
3176,1589.0637534135035,69.10257075360255,10
3177,1589.328602537846,69.03417630696613,10
3178,1589.7661424590983,69.15161508583273,10
3179,1590.4651696934493,69.06196642269647,10
3180,1590.7501238955028,68.7865414247943,10
3181,1591.3626790214864,68.8924934971022,10
3182,1591.8226047177106,68.80764114379419,10
3183,1592.4776729189168,68.89140271559958,10
3184,1592.957539144168,69.03755573539122,10
3185,1593.4385727004026,69.02620304614331,10
3186,1594.072246377866,69.20754867122996,10
3187,1594.5521702380418,69.29989785566812,10
3188,1595.0758646121838,69.25954376299713,10
3189,1595.600424316213,69.39173900158633,10
3190,1596.0595924055278,69.41406289425649,10
3191,1596.56368278779,69.23452145861869,10
3192,1597.261231024227,69.21245822661272,10
3193,1597.6986772547912,69.14874518813595,10
3194,1598.1790104521438,69.00006520489906,10
3195,1598.5303534717875,68.80348961953432,10
3196,1599.0113199855264,68.76101888346014,10
3197,1599.4939017782376,68.74035846827945,10
3198,1600.2790301324344,68.5911351807319,10
3199,1600.760843345175,68.577187022198,10
3200,1601.2850502125407,68.6545456052956,10
3201,1601.7874729076198,68.62331454777966,10
3202,1602.3557170334243,68.80448003257652,10
3203,1603.0111896418935,68.77137398173944,10
3204,1603.360636332381,68.80224148332394,10
3205,1604.0817853541928,68.90842424474961,10
3206,1604.824688752295,68.8244744813957,10
3207,1605.3493429482012,68.78043931935284,10
3208,1605.6563047126676,68.80774252199306,10
3209,1606.1577724988424,68.93393022744468,10
3210,1606.5074118004127,69.08408815138051,10
3211,1606.9443883934446,69.14263475029134,10
3212,1607.4696929873821,69.02708528229009,10
3213,1607.9072452754128,68.99017613925473,10
3214,1608.4112415848158,68.92596301531256,10
3215,1608.8045396601851,68.73319264709512,10
3216,1609.3286156362442,68.83269516163709,10
3217,1609.7876311913308,68.74020013813112,10
3218,1610.2899273675473,68.72701051495325,10
3219,1610.6393497768272,68.98254610629012,10
3220,1611.1209960749256,69.17353773867661,10
3221,1611.5805984476253,69.04104523321256,10
3222,1612.1064955568224,69.00841836145291,10
3223,1612.5869996083718,69.12678285539931,10
3224,1612.980135565796,69.29302609414083,10
3225,1613.5052022766222,69.37289085352415,10
3226,1614.0299583383264,69.61738528654276,10
3227,1614.490215464322,69.40088376951788,10
3228,1614.7310388070057,69.5006005504902,10
3229,1615.4741630063622,69.48140999402702,10
3230,1615.9326801933573,69.40517156490911,10
3231,1616.3709698794835,69.30941101053652,10
3232,1616.6333228912963,69.11511120242504,10
3233,1617.0274330691545,69.14365629202472,10
3234,1617.291319035791,69.15348207938642,10
3235,1617.7737401184277,69.27499145411504,10
3236,1618.42883271682,69.31986718389773,10
3237,1618.7347109966227,69.20967753252526,10
3238,1619.1057525112092,69.15240469654952,10
3239,1619.3021644372325,69.24363586109638,10
3240,1619.8270159321041,69.28502869573114,10
3241,1620.264935609455,69.13220295673922,10
3242,1620.614457034737,69.04276565433278,10
3243,1621.1384565759288,69.13507922044812,10
3244,1621.574740901663,68.94351016703949,10
3245,1621.991591454094,69.18345377432522,10
3246,1622.4507089517415,69.10257562869069,10
3247,1622.8658734738374,69.03341168588278,10
3248,1623.237192695479,69.01384467178404,10
3249,1623.5213667532585,68.93719496309043,10
3250,1623.9593163348939,68.99099970284834,10
3251,1624.548609354319,69.09310901549402,10
3252,1625.1816063536774,69.00068428267602,10
3253,1625.6412382533344,69.06088904909052,10
3254,1626.3178221519886,69.1775054771256,10
3255,1626.8853537665902,69.08516667317187,10
3256,1627.3232286652637,69.11693312952987,10
3257,1627.8261688528153,69.11111668496248,10
3258,1628.352247020342,68.89887696139955,10
3259,1628.9644285055906,68.92914313416689,10
3260,1629.4008734825807,68.77837919862425,10
3261,1629.8826862915485,68.95084552534932,10
3262,1630.1478604456122,69.10809414651797,10
3263,1630.8014852885335,69.13695637749689,10
3264,1631.1517290540367,69.39433740963622,10
3265,1631.6543078433856,69.48397769318885,10
3266,1632.134459367107,69.38840903243253,10
3267,1632.463573213378,69.4628168265304,10
3268,1632.9223078237453,69.3850685017978,10
3269,1633.4465439175654,69.63449187635575,10
3270,1634.1024630965733,69.57922269707265,10
3271,1634.5390116315189,69.84718190278738,10
3272,1634.9547379507417,70.1182558920384,10
3273,1635.3270032629055,69.98125081453253,10
3274,1636.0472300715608,70.03838470530414,10
3275,1636.5057636443191,70.18672178303532,10
3276,1637.051969677502,70.36762464194518,10
3277,1637.5754765777926,70.3380890647703,10
3278,1637.9686763320208,70.25219743894901,10
3279,1638.5791951837286,70.14351856217237,10
3280,1639.1905774053516,70.22762792366152,10
3281,1639.779989607468,70.33561170438222,10
3282,1640.085708728233,70.12517975037579,10
3283,1640.7835174509996,70.04626865694341,10
3284,1641.329462271958,70.14308286232252,10
3285,1641.8330919464156,70.14011877957205,10
3286,1642.26906178967,70.2442410546195,10
3287,1642.510033824675,70.21648960888655,10
3288,1642.9908228311028,70.36611139267221,10
3289,1643.5147268624464,70.41434570297936,10
3290,1643.930377624561,70.28902005522303,10
3291,1644.1929320879917,70.20389279864564,10
3292,1644.803727558667,70.30984791726256,10
3293,1645.3064001340256,70.18932271401039,10
3294,1645.9182376771382,70.10885666461505,10
3295,1646.5295104532863,70.22528002838112,10
3296,1647.1407977342983,70.34690448481149,10
3297,1647.6863070437626,70.13799851213614,10
3298,1648.233305864401,69.96271733209997,10
3299,1648.603600569378,69.9014396608292,10
3300,1648.9978207423633,69.8141599289564,10
3301,1649.2413464048295,69.78917861018866,10
3302,1649.6789824306168,69.96835212737528,10
3303,1650.1160240516886,70.04269231936144,10
3304,1650.6828410275582,70.05588679696844,10
3305,1650.9906906863991,69.98034034681835,10
3306,1651.4270340939547,70.11772677471579,10
3307,1651.856233468551,70.24905819579699,10
3308,1652.4892901941544,70.21793134884001,10
3309,1653.036401600523,70.23434153511968,10
3310,1653.5166787404178,70.04130525856837,10
3311,1653.9960838487732,70.17039146047229,10
3312,1654.3674490382687,70.42543295391376,10
3313,1654.739162703517,70.56490784303544,10
3314,1655.0680031331067,70.50400866268825,10
3315,1655.4836956673364,70.76870095516317,10
3316,1655.7690964992191,70.98214388070171,10
3317,1656.2505726033505,71.0352392818136,10
3318,1656.6665367404544,71.20877398667967,10
3319,1657.299152104706,71.17776755593913,10
3320,1657.5629988758305,71.31687592651225,10
3321,1657.8686572142662,71.30580369380631,10
3322,1658.3052232727125,71.33631661214767,10
3323,1658.786579711401,71.47476171920721,10
3324,1659.1805779381652,71.57350645977837,10
3325,1659.662523997853,71.69676335255218,10
3326,1659.925849886005,71.76215925083704,10
3327,1660.18856577074,71.9265004425989,10
3328,1660.539145051327,71.95236249823425,10
3329,1661.1288254748597,72.0594966196799,10
3330,1661.6749637956102,72.19226469462686,10
3331,1662.0913748452888,72.27709056692714,10
3332,1662.5296731443498,72.44272390448107,10
3333,1663.3148849181405,72.29492976806266,10
3334,1663.773229004873,72.32358945381415,10
3335,1664.2762464647853,72.35175560535708,10
3336,1664.6491536389135,72.23636177063257,10
3337,1665.217140872648,72.53677113115587,10
3338,1665.69776334175,72.52122582910795,10
3339,1666.0484729671723,72.48643553672042,10
3340,1666.5076214484354,72.72197511663019,10
3341,1666.8563218578342,72.75527239201456,10
3342,1667.3370250816442,72.84222312594298,10
3343,1667.752901758436,72.79434225013301,10
3344,1668.1687074097663,73.0076457709233,10
3345,1668.6059088060697,73.11745269410957,10
3346,1669.2179115126196,72.96362598131478,10
3347,1669.6332355664567,72.88641900514428,10
3348,1670.1145451220007,73.16755039210504,10
3349,1670.4415095107954,73.09726803209632,10
3350,1671.0762637521984,73.30567469830271,10
3351,1671.4047676456553,73.24374996147607,10
3352,1671.7998723107871,73.22771011070222,10
3353,1672.2376072514737,73.092433225445,10
3354,1672.6733014986817,73.03623421150077,10
3355,1673.220129279574,73.01120572846021,10
3356,1673.5696482784253,73.2723097656846,10
3357,1673.809937343618,73.31379925883375,10
3358,1674.2893648680142,73.47274400955693,10
3359,1674.59830960922,73.41237069157623,10
3360,1675.319083401822,73.52524568667624,10
3361,1675.9094154169659,73.52316395536413,10
3362,1676.2600087685164,73.8234322694953,10
3363,1676.7185711781015,73.91272169498396,10
3364,1677.1125895958871,74.11655756556588,10
3365,1677.6614880958161,74.3468338650579,10
3366,1678.22885772517,74.38105036680038,10
3367,1678.9064592986433,74.17986655669877,10
3368,1679.3886894902757,74.1283382983568,10
3369,1680.086556729723,74.01612877536316,10
3370,1680.4371508554407,74.15889141225918,10
3371,1680.8740677919789,74.09922297133672,10
3372,1681.5277049122749,74.24676454281757,10
3373,1681.9647166844202,74.17108047057496,10
3374,1682.3806612956746,74.24966261611053,10
3375,1682.9910246402135,74.30577128838551,10
3376,1683.3629635157135,74.28717737054627,10
3377,1683.9747358098095,74.25724141833625,10
3378,1684.411988564325,74.10812567429807,10
3379,1684.8933331520384,74.14596191657353,10
3380,1685.5072042937124,74.07694306663869,10
3381,1686.0524500932765,74.05013853014957,10
3382,1686.5974418987867,74.17797535849712,10
3383,1687.2310292541993,74.36582556954151,10
3384,1687.8870808300035,74.37571547074192,10
3385,1688.6081064348612,74.40373783712272,10
3386,1688.9363882702933,74.22708364030599,10
3387,1689.74324973998,74.22383225933834,10
3388,1690.0710955328864,74.19676802502069,10
3389,1690.5508839891113,74.29754247490393,10
3390,1690.9004046913287,74.26521047226645,10
3391,1691.4022551805756,74.30785272662986,10
3392,1691.8410951856197,74.34106106525947,10
3393,1692.5396584561263,74.36189381335898,10
3394,1693.0670279962237,74.34861539050293,10
3395,1693.5917662403826,74.52274775541053,10
3396,1694.2249882745666,74.56066197930396,10
3397,1694.5317945496292,74.3943339717615,10
3398,1694.9272481747298,74.11298597571181,10
3399,1695.3861607374497,74.07497331556101,10
3400,1695.976114552022,74.05927650809505,10
3401,1696.3915319967364,73.99085077233245,10
3402,1696.850475730343,73.80461865453732,10
3403,1697.2434788972266,73.96789380957838,10
3404,1697.745156370866,73.86260711058183,10
3405,1698.2053070175916,73.87855440385621,10
3406,1698.5981744971257,73.91011891524872,10
3407,1699.0362605142807,73.78765218460315,10
3408,1699.4953922549084,73.75095763585884,10
3409,1699.69227915281,73.76084992990769,10
3410,1700.239240022654,73.52544673673151,10
3411,1700.872435411071,73.70869885103876,10
3412,1701.2879799040807,73.4021753686235,10
3413,1701.5060098244583,73.53494808149155,10
3414,1701.9417710311543,73.33029630701436,10
3415,1702.2926456815699,73.33087928216334,10
3416,1702.8825400484027,73.42693406115153,10
3417,1703.0571536636319,73.52888913832044,10
3418,1703.5403673986916,73.68577521698404,10
3419,1703.7591479664875,73.74096546214888,10
3420,1704.2177440306182,73.668131981478,10
3421,1704.6778937529955,73.63411799995535,10
3422,1704.9402230142064,73.62398655643489,10
3423,1705.4194912972896,73.90945613358032,10
3424,1705.87856785545,74.18774440115648,10
3425,1706.055209825249,74.01449639727558,10
3426,1706.6230282888166,73.97577816597178,10
3427,1707.0389811512928,74.0004936505492,10
3428,1707.6069587873978,74.04653299706396,10
3429,1708.0655126768092,74.2621081107119,10
3430,1708.6767818125495,74.34349314364914,10
3431,1709.025763093075,74.30489491064266,10
3432,1709.6290582427107,74.52774375761803,10
3433,1710.088011554227,74.48255134377986,10
3434,1710.7857376281186,74.49161181468088,10
3435,1711.44016587954,74.5740102921482,10
3436,1712.1824601311455,74.70738279382917,10
3437,1712.3804155453502,74.70522240481105,10
3438,1712.817696339996,74.84006467539763,10
3439,1713.037191303442,74.83133343879058,10
3440,1713.3250048930945,74.95069030190623,10
3441,1713.9571136454203,74.99722045777331,10
3442,1714.2856998996353,75.11914734984595,10
3443,1714.787539282599,75.19651067587156,10
3444,1715.3101430294046,75.22976274360182,10
3445,1715.8136543335354,75.15254624821297,10
3446,1716.2077033885812,75.03791588986292,10
3447,1716.819642199712,75.22591510156792,10
3448,1717.1910018863487,75.30116691639223,10
3449,1717.6938892387261,75.27665230098731,10
3450,1718.3493329109,75.18284856477993,10
3451,1718.7221425961816,75.2326425571402,10
3452,1719.2251238486756,75.30693605596935,10
3453,1719.4657917580826,75.3569281992832,10
3454,1719.883634882914,75.64806921643836,10
3455,1720.472488571742,75.66567705744718,10
3456,1720.996673987928,76.00815850764222,10
3457,1721.6295676691566,76.05437271542628,10
3458,1721.935715960018,75.92760972265839,10
3459,1722.442146531746,76.16543443949865,10
3460,1722.7913073334373,76.18691600793701,10
3461,1723.294006520247,76.29249124429306,10
3462,1723.5801708234328,76.52508181407643,10
3463,1724.0189865788184,76.56339898068065,10
3464,1724.4579434619875,76.58860619580783,10
3465,1725.0273013148442,76.45293393402824,10
3466,1725.617033196631,76.44018303632896,10
3467,1726.3375931513772,76.4467266652833,10
3468,1726.8408111700508,76.5305028126078,10
3469,1727.452673727124,76.58605170069387,10
3470,1727.5854062743226,76.74936211680624,10
3471,1728.045789499288,76.68406712235831,10
3472,1728.4832059472028,76.80301261581705,10
3473,1728.9637207418473,76.92615425668254,10
3474,1729.379798591715,77.00525467739807,10
3475,1729.8605922327417,77.1007960087754,10
3476,1730.299087675706,77.12570949186554,10
3477,1730.6269683735331,77.27392851553685,10
3478,1730.912805518909,77.41467859392341,10
3479,1731.349568859249,77.39344159937187,10
3480,1731.8089132835096,77.55439760533142,10
3481,1732.4648355424822,77.72617161337952,10
3482,1732.9453925855657,77.81465298141427,10
3483,1733.4685282068222,77.86351015682415,10
3484,1733.7970383509135,77.85762662300723,10
3485,1734.2126416677886,77.90378517181048,10
3486,1734.801350322216,78.16741136746501,10
3487,1735.305028101823,78.24743566563687,10
3488,1735.742211822857,78.31113871278806,10
3489,1736.3763283689514,78.4604098457582,10
3490,1736.9221992507978,78.53257176845057,10
3491,1737.2512815851292,78.60312405165374,10
3492,1737.8189833832591,78.52692525281944,10
3493,1738.3221197543796,78.55700756836218,10
3494,1738.9109560570173,78.59477051240916,10
3495,1739.2389923214491,78.47337161573861,10
3496,1739.8943688889826,78.3755919836893,10
3497,1740.354250569687,78.26524797505384,10
3498,1740.9012184951928,78.15164997706087,10
3499,1741.3607432678982,77.99065340731823,10
3500,1741.7767359157133,77.88543663966352,10
3501,1742.3685572271079,78.112218945646,10
3502,1742.7623494475465,77.91407446312074,10
3503,1743.5481337967722,78.12054637485005,10
3504,1744.1371746995112,78.29832026362115,10
3505,1744.6834106416468,78.38566543120724,10
3506,1744.9695120636945,78.16125923487145,10
3507,1745.6467464874277,78.07248759474946,10
3508,1746.2147419147227,77.93685747372213,10
3509,1746.7831282872187,78.12674594222206,10
3510,1747.17795720088,78.17761561684196,10
3511,1747.7020393938114,78.11038438067492,10
3512,1748.3137262615,78.23432107835794,10
3513,1748.7520366999386,78.10947206698503,10
3514,1749.2762049421242,78.07283458106093,10
3515,1749.932006639017,78.06032258198174,10
3516,1750.5872110279604,77.83900168350803,10
3517,1751.1993627455909,77.96656248244172,10
3518,1751.7241874904817,78.14882322440106,10
3519,1751.9871907202444,78.0595197206496,10
3520,1752.6426417048358,78.28723270263318,10
3521,1753.2551280611103,78.15002259566901,10
3522,1753.5626236321482,78.30082488963042,10
3523,1754.065022933047,78.24306860923194,10
3524,1754.5021596801848,78.4131633484628,10
3525,1755.1363511459724,78.43060226954637,10
3526,1755.4424720915529,78.38009240025224,10
3527,1755.8369344853174,78.25405703969811,10
3528,1756.5356349434696,78.45497645880418,10
3529,1757.0399252029092,78.31911828944888,10
3530,1757.6102129539759,78.31832899040461,10
3531,1757.937968733002,78.36380940566184,10
3532,1758.3317293927048,78.22248882167582,10
3533,1758.9431479594666,78.23412663791899,10
3534,1759.5554613780128,78.43080048231695,10
3535,1760.0374234779506,78.38636417796246,10
3536,1760.713805629864,78.44955512160858,10
3537,1761.1942124702557,78.38251778198219,10
3538,1761.8930023252065,78.30456530175351,10
3539,1762.418874508866,78.23211879095176,10
3540,1762.7251812521238,78.22963300740854,10
3541,1763.0769723191975,78.24671523195146,10
3542,1763.6442841438159,78.1666342510614,10
3543,1764.2558061686261,78.22924414012617,10
3544,1764.6927738593545,78.43656685580893,10
3545,1765.3049008089197,78.50806229783886,10
3546,1765.851274230922,78.50626652909857,10
3547,1766.2008127279782,78.48268511850742,10
3548,1766.7681281962439,78.43020002884055,10
3549,1767.2914207766958,78.54801561262066,10
3550,1768.0556628659474,78.51203513245623,10
3551,1768.4417623156776,78.40294441112573,10
3552,1769.1621417135734,78.32877939209193,10
3553,1769.7953436073226,78.48275985463071,10
3554,1770.406683864286,78.46695263652774,10
3555,1770.9086417984865,78.4890049019198,10
3556,1771.3449293983626,78.18433877620444,10
3557,1771.8470574224361,78.37367059436573,10
3558,1772.2188133189404,78.25175655857355,10
3559,1772.5252532610878,78.27713991439988,10
3560,1772.9711168896308,78.27729055095497,10
3561,1773.6048694676992,78.34561549613635,10
3562,1774.1508010112855,78.08298949848813,10
3563,1774.6964677168392,78.19724287936538,10
3564,1775.265269572033,78.43328165004304,10
3565,1775.6598853320654,78.33204543397004,10
3566,1775.8576411407746,78.36454039367827,10
3567,1776.3810931678017,78.35317935398162,10
3568,1776.9480965665523,78.44989192350909,10
3569,1777.2316409946422,78.46533643880741,10
3570,1777.8434463769147,78.64738818766855,10
3571,1778.4550117275655,78.52227007688444,10
3572,1779.001106008503,78.75918714467282,10
3573,1779.5697906900452,78.63570872591819,10
3574,1780.1389327971708,78.77976517411696,10
3575,1780.6398721997089,78.68781847908062,10
3576,1781.0549670492776,78.40783318130109,10
3577,1781.5568678007057,78.41662593350428,10
3578,1782.1685581463985,78.63691834181621,10
3579,1782.800985332599,78.52889681463111,10
3580,1783.3268412949008,78.27159700772827,10
3581,1783.5899324867266,78.38997151064457,10
3582,1784.2461730081002,78.30335363661891,10
3583,1784.661387044036,78.4656092382978,10
3584,1785.2942799096004,78.73215373245166,10
3585,1785.8395384312025,78.92840610949564,10
3586,1786.1675153824647,78.96378429408017,10
3587,1786.7808233099695,79.08880552146857,10
3588,1787.3490666831335,79.02034518383677,10
3589,1787.808652188378,79.076507060465,10
3590,1788.4423560376567,79.03438025013415,10
3591,1788.8144657099024,79.07591730944011,10
3592,1789.0999701660464,79.00937138444584,10
3593,1789.7118927803342,78.9385468852789,10
3594,1790.3247064116763,78.87250600799653,10
3595,1790.914412310065,78.92047888268765,10
3596,1791.3733563123228,78.71081503588945,10
3597,1791.7013087207329,78.45739063625513,10
3598,1792.3125825307282,78.73467580389877,10
3599,1792.7712812570153,78.81018350584408,10
3600,1793.4921735325092,78.87816537221512,10
3601,1794.0817691505345,78.83244934546455,10
3602,1794.585178301845,78.99641745658056,10
3603,1794.9776255209442,79.21021133054863,10
3604,1795.3059063759943,79.3908897162662,10
3605,1796.0268286177452,79.4361205083895,10
3606,1796.6602837410187,79.54668438612124,10
3607,1797.0322209490866,79.5311086749984,10
3608,1797.708335905533,79.36704320117768,10
3609,1798.2116437496825,79.1788831130063,10
3610,1798.6265171118898,79.22903273076412,10
3611,1798.9983647206896,78.94309874699665,10
3612,1799.6541779732986,79.0963714633948,10
3613,1800.1359826301716,79.01381759681544,10
3614,1800.8565933702914,78.98713083334773,10
3615,1801.206592494333,78.98458960238197,10
3616,1801.9704287431487,79.02618333877601,10
3617,1802.2549632965358,78.71970755217647,10
3618,1802.6917523591976,78.55056579612013,10
3619,1803.216250356429,78.42310898680017,10
3620,1803.8501644673113,78.48182899558988,10
3621,1804.6356345639542,78.56212942744783,10
3622,1805.292285494394,78.67053050280454,10
3623,1805.884192336313,78.84555348044478,10
3624,1805.9500598449279,78.8343244161297,10
3625,1806.30056106193,78.75518419590547,10
3626,1806.628612408722,78.5175987234884,10
3627,1806.8259523809884,78.43348228882395,10
3628,1807.4162315313893,78.45738923295617,10
3629,1808.138423416031,78.36189775992784,10
3630,1808.6846197174557,78.33139081331845,10
3631,1809.2530672245193,78.46246259816043,10
3632,1809.7770913852448,78.20347202581912,10
3633,1810.389243759912,78.1898156461556,10
3634,1810.9134659429067,78.17566267385638,10
3635,1811.3075127369873,78.38739940583007,10
3636,1811.7444693371958,78.56946838962895,10
3637,1812.1392123151068,78.534598810855,10
3638,1812.598275810185,78.71930309682718,10
3639,1813.0570360329784,78.8719249990744,10
3640,1813.692176540185,78.92358278149773,10
3641,1814.0207290738222,78.83606563048136,10
3642,1814.4156546458198,78.87396596704961,10
3643,1814.7647294196922,78.66779072109192,10
3644,1815.3337437311288,78.64083896353925,10
3645,1815.8578465297257,78.6042273176496,10
3646,1816.4473271101383,78.7431931566325,10
3647,1817.1672711869167,78.76132379646157,10
3648,1817.6042038236035,78.83215395271924,10
3649,1817.9975612267215,78.89724827671104,10
3650,1818.217467225315,78.70587136069992,10
3651,1818.6105495042398,78.46837288565176,10
3652,1819.1347865412456,78.44886000932478,10
3653,1819.4853406013597,78.56558048469276,10
3654,1820.0309891320571,78.42506469087972,10
3655,1820.5337017190377,78.73379828393745,10
3656,1821.16683744425,78.79669612345043,10
3657,1821.45038623506,78.74274949897209,10
3658,1821.8230586417808,78.7915722024876,10
3659,1822.085206776527,78.91716268254105,10
3660,1822.631727458988,78.73084008065541,10
3661,1822.9817235547737,78.89175820884846,10
3662,1823.5931994311989,78.98471685433712,10
3663,1824.292382235212,78.87553909312467,10
3664,1824.8158261927815,78.86448298003805,10
3665,1825.515563567945,78.72927981576028,10
3666,1826.0406118040773,78.83118807872518,10
3667,1826.520626386815,78.99741851504254,10
3668,1827.175395821721,79.02460711877697,10
3669,1827.6122166051525,79.32241729837729,10
3670,1828.2240845874417,79.42370391095741,10
3671,1828.487282995406,79.46714692696254,10
3672,1828.9694934756203,79.37748127868227,10
3673,1829.254504843011,79.41592598847642,10
3674,1829.7780370070261,79.55559593468432,10
3675,1830.1724968368212,79.33275816102335,10
3676,1830.6780318206784,79.45270921461406,10
3677,1831.3118772459516,79.47759159752347,10
3678,1831.7058582161535,79.6188431176779,10
3679,1832.2523637768911,79.64084016302863,10
3680,1832.7554527146447,79.62597408932109,10
3681,1833.2794513784625,79.60084699449365,10
3682,1833.8396287508585,79.64228818134397,10
3683,1834.278698599405,79.65631076172846,10
3684,1834.607467583562,79.69391554404075,10
3685,1835.1746845607154,79.45436155805713,10
3686,1835.502857617185,79.46573539005847,10
3687,1835.9407325871132,79.33731220788312,10
3688,1836.4864450797838,79.45687213256811,10
3689,1836.9240250212183,79.42280801036046,10
3690,1837.4253818514894,79.35604395690062,10
3691,1837.9714134987923,79.40027171657871,10
3692,1838.495056251577,79.4944625330909,10
3693,1839.0637362589907,79.5123785891506,10
3694,1839.4131427440007,79.50253341575268,10
3695,1839.7631869665172,79.65248710534563,10
3696,1840.2652999104987,79.85520755508759,10
3697,1840.745890464399,79.96210787561532,10
3698,1841.0299931383652,80.11394438485918,10
3699,1841.5336094518166,80.43596126629474,10
3700,1841.7976910358782,80.5246323852651,10
3701,1842.1470112619172,80.53589280254675,10
3702,1842.6496268979342,80.65155406252218,10
3703,1843.2179374970572,80.6264893860258,10
3704,1843.6122278143273,80.45700955893486,10
3705,1844.1143848046595,80.39451753445482,10
3706,1844.5748253504535,80.29234640408902,10
3707,1845.2289875029524,80.5776412140219,10
3708,1845.6662683373524,80.64266341970492,10
3709,1846.1461056390847,80.53842309162128,10
3710,1846.583903861981,80.56082776590529,10
3711,1847.1523481994877,80.34280597579058,10
3712,1847.5888340671493,80.36476706954093,10
3713,1847.9399146378328,80.42122173057923,10
3714,1848.2244548964798,80.37158977902,10
3715,1848.6619328484826,80.51947323592844,10
3716,1849.29482830578,80.70874917256639,10
3717,1849.8190710961494,80.83489290292177,10
3718,1850.2144560049085,80.66944733591204,10
3719,1850.739126864203,80.78872742800966,10
3720,1851.0676016468897,80.91835608048473,10
3721,1851.461752441317,80.72675519638503,10
3722,1851.7898033382594,80.71940238419879,10
3723,1852.4028470827245,80.59292282163088,10
3724,1852.86075128145,80.4752482394003,10
3725,1853.3857868532245,80.6209718242152,10
3726,1853.910372545673,80.75660929168085,10
3727,1854.345865810475,80.63707508612147,10
3728,1854.7605350598199,80.78089408411162,10
3729,1855.2422875275945,80.67652537381178,10
3730,1855.8756009622066,80.57880763352581,10
3731,1856.531466693395,80.78860852115763,10
3732,1857.1209342653099,80.79098302332534,10
3733,1857.8429594468755,80.80173626495768,10
3734,1858.2806235733212,80.55118714403824,10
3735,1858.8480580498733,80.61305147473708,10
3736,1859.285338359039,80.68799228775124,10
3737,1859.6345442186089,80.8029128802186,10
3738,1860.1153943344355,81.01920583301637,10
3739,1860.5520498858925,80.74302273930549,10
3740,1861.0785131176096,80.61153836339717,10
3741,1861.4289867909927,80.73015649095247,10
3742,1862.1278391869491,80.62402955608262,10
3743,1862.6746000442417,80.38368266735365,10
3744,1863.2419435445422,80.41453679569659,10
3745,1863.7444507302603,80.48710123717782,10
3746,1864.4003236222502,80.35381510746424,10
3747,1865.032590924154,80.26169121488022,10
3748,1865.8182878760508,80.2236418163723,10
3749,1866.3214811836638,80.15574659528633,10
3750,1866.6927312889638,80.0644491954219,10
3751,1867.3034923155633,79.99944631342373,10
3752,1867.828332033948,79.8939026831614,10
3753,1868.504209876734,79.86501523607755,10
3754,1868.9414295105682,79.83844960742026,10
3755,1869.4649242991068,79.71892681058006,10
3756,1870.1413353267337,79.64974881881453,10
3757,1870.5562534642092,79.62252504509281,10
3758,1870.8837222065272,79.74144115271214,10
3759,1871.366254320932,79.85872629695655,10
3760,1871.8908371316363,80.07972193440294,10
3761,1872.1981782832343,80.12732877977913,10
3762,1872.7015903451083,80.34815586258442,10
3763,1872.8771637502873,80.33170906280715,10
3764,1873.511409949732,80.38918702894023,10
3765,1874.0356104743678,80.58142988777851,10
3766,1874.3424409409658,80.66732403205243,10
3767,1874.7796511776269,80.58562626110059,10
3768,1875.0430218704928,80.63169253601518,10
3769,1875.5449534130487,80.75159622218182,10
3770,1876.0267453506524,80.9442499742181,10
3771,1876.4873705255782,81.22161665236874,10
3772,1876.9259999040228,81.24366836447219,10
3773,1877.4499603421023,81.37198698925258,10
3774,1877.625450732722,81.41417745915045,10
3775,1878.1496294701396,81.52625030317334,10
3776,1878.6311438698272,81.63296376098039,10
3777,1879.1556492091834,81.79622471038398,10
3778,1879.7893180520216,81.73593163091002,10
3779,1880.4686413625197,81.84533301657959,10
3780,1880.731289970703,81.74929478034453,10
3781,1881.2774419066832,81.70291617519149,10
3782,1881.824058269191,81.54979813286089,10
3783,1882.305004068033,81.58314638979326,10
3784,1882.9167556182342,81.55611475043762,10
3785,1883.352549161132,81.52344980381079,10
3786,1884.1377925374443,81.48641380947353,10
3787,1884.5965342244156,81.65271548899608,10
3788,1885.0781445872683,81.62925797137973,10
3789,1885.427703281955,81.73240946331869,10
3790,1885.8425195063908,81.70456029667845,10
3791,1886.5415623691472,81.63760397100017,10
3792,1887.1527840166975,81.83682270942222,10
3793,1887.7640554917841,81.69906781343337,10
3794,1888.1356153266915,81.8296655021313,10
3795,1888.574094078158,81.63642523266545,10
3796,1889.0751600448882,81.55300680791935,10
3797,1889.3387353611292,81.249647392458,10
3798,1889.8193781782356,81.3638080015774,10
3799,1890.3655918241056,81.34029587409769,10
3800,1890.760746510651,81.32288446736514,10
3801,1891.3729436545686,81.344824471781,10
3802,1891.9836734284079,81.61194775123782,10
3803,1892.4193257876682,81.69187028488197,10
3804,1893.0970242266649,81.86659286056884,10
3805,1893.751701320917,81.91534897624257,10
3806,1894.2104556635998,81.7453602310127,10
3807,1894.843271531766,81.88659264962094,10
3808,1895.410727647788,82.06893107966653,10
3809,1895.847119497912,81.91270371760547,10
3810,1896.1545423246512,81.81926793625611,10
3811,1896.61381161888,81.96604296022227,10
3812,1897.203972196971,82.01813639889995,10
3813,1897.8363208291364,81.84716053139077,10
3814,1898.5569494919496,81.8665511605104,10
3815,1898.9079881830971,81.84909470488961,10
3816,1899.497091421524,81.98864053402424,10
3817,1900.0642608302164,81.8642041293292,10
3818,1900.4799241168516,82.14477925862982,10
3819,1900.7215330070517,81.87892725793425,10
3820,1901.1581849327072,81.85739441357788,10
3821,1901.5079262944478,81.81524830244769,10
3822,1902.0966967068725,81.87494306135274,10
3823,1902.4246540524152,82.02454727252596,10
3824,1902.9708710927066,82.14278307259455,10
3825,1903.582018315056,82.15034074442302,10
3826,1903.801059454785,82.2872273611844,10
3827,1904.4567272650402,82.35377095242984,10
3828,1904.9168040243487,82.26364909727242,10
3829,1905.4628913094894,82.15133022496278,10
3830,1906.0515846839558,82.1260880705389,10
3831,1906.6404582424773,82.15508398064648,10
3832,1906.9022373170878,82.02590199274731,10
3833,1907.3172762649676,82.05474923208962,10
3834,1907.8643949234506,81.9222673630268,10
3835,1908.301104813813,82.10998018569795,10
3836,1908.8258212544752,82.25928604683742,10
3837,1909.5038868662748,82.23349244406786,10
3838,1910.2894782173873,82.20316956844214,10
3839,1910.8574266037626,82.14471718335248,10
3840,1911.2300355583714,82.14295681432141,10
3841,1911.732497981903,82.27304978184523,10
3842,1912.1917948441574,82.15092200675747,10
3843,1912.7153504116977,81.96081530528897,10
3844,1912.97839686603,82.1362940317129,10
3845,1913.677132976858,82.06423480809421,10
3846,1914.0925975745336,81.94728078652494,10
3847,1914.702808294162,81.8760611024249,10
3848,1915.3146101340506,81.8702469520326,10
3849,1915.9484765814464,81.93391607509781,10
3850,1916.3431879775294,81.80295756011742,10
3851,1916.9764296328522,81.87410756594481,10
3852,1917.5436937545546,81.86015608478912,10
3853,1918.1344533014858,81.77582222929767,10
3854,1918.7030955024316,81.55082292159206,10
3855,1919.2716026748433,81.44834517978802,10
3856,1919.816925670049,81.69970002605862,10
3857,1920.362806854038,81.61686085989659,10
3858,1920.9761845013368,81.46247745153964,10
3859,1921.4347668643063,81.37066861276128,10
3860,1921.9165290374615,81.36384437430554,10
3861,1922.4411191994564,81.46933424210542,10
3862,1923.0517618885249,81.48304595033854,10
3863,1923.6846596772552,81.40270942824222,10
3864,1924.2519344944108,81.43686752669505,10
3865,1924.7113327402308,81.31430072255709,10
3866,1925.0836845853562,81.53670224415758,10
3867,1925.4777134635283,81.58658732326658,10
3868,1925.7633934277867,81.42296187561698,10
3869,1926.2226079355114,81.50492735198155,10
3870,1926.5299952274504,81.67747418706921,10
3871,1927.0557191415962,81.73530293598982,10
3872,1927.6231037579025,81.62178961174766,10
3873,1928.1919518741474,81.59616148170915,10
3874,1928.7812554351744,81.83910865853689,10
3875,1929.5013329898018,81.75699576947859,10
3876,1929.8952913539247,81.65205147844578,10
3877,1930.5286001509526,81.69214824462574,10
3878,1930.9870866981535,81.9768045944877,10
3879,1931.5980983521708,82.06057357010758,10
3880,1932.123321275801,81.96225807684218,10
3881,1932.6916482857705,82.07096855738179,10
3882,1933.106906609286,81.89114477001884,10
3883,1933.6977203498961,81.72910597857715,10
3884,1934.0701828980934,81.72495884701922,10
3885,1934.3984175183946,81.75020539364463,10
3886,1934.8577403726333,81.86382364861491,10
3887,1935.3606554640216,81.89536698480822,10
3888,1935.8624311073502,82.01117488815416,10
3889,1936.2783868730808,82.01483368699917,10
3890,1936.65073070125,81.95521638953727,10
3891,1937.1102529978366,81.91897684351771,10
3892,1937.5256563418857,81.97640605033482,10
3893,1937.8534766567257,81.85665701479482,10
3894,1938.203293841725,81.97988817431002,10
3895,1938.5739080917635,82.1413697694451,10
3896,1939.0111362937962,82.44653684199862,10
3897,1939.5572561568752,82.5910413304115,10
3898,1940.212007516166,82.63139431804828,10
3899,1940.648986658869,82.77809996847863,10
3900,1941.1732197267636,82.61907887090607,10
3901,1941.6535395180897,82.84672994813822,10
3902,1942.0046872410635,82.94350792694793,10
3903,1942.4199276574902,83.16137672718804,10
3904,1942.8796429103852,83.20621574449066,10
3905,1943.3820794270341,83.3826424256955,10
3906,1944.0155360906654,83.5095729007345,10
3907,1944.5622474714844,83.615566223579,10
3908,1944.9777172026436,83.76018229558214,10
3909,1945.5022490579165,83.72427262336477,10
3910,1945.7000070754475,83.73921047494612,10
3911,1946.0060659580354,83.7196115572316,10
3912,1946.5953901112293,83.70194378210434,10
3913,1947.1853763972188,83.79521837218932,10
3914,1947.5341629701622,84.0615739090298,10
3915,1947.7101583192155,84.14766747279768,10
3916,1948.1682914229586,84.0936880356281,10
3917,1948.5182948641716,84.03747904924009,10
3918,1949.0855322995435,84.03078136452012,10
3919,1949.7186504764345,84.10306733327606,10
3920,1950.11198142941,84.14147314178338,10
3921,1950.505525356321,84.04202878990976,10
3922,1950.7682031167253,84.11818435272994,10
3923,1951.204950284145,83.84097075328275,10
3924,1951.8161506560732,83.8613687186193,10
3925,1952.1886097353974,83.65181698219558,10
3926,1952.3627292582376,83.77997638369585,10
3927,1952.7779387712665,83.99190352301198,10
3928,1953.2160100776382,84.0813186379971,10
3929,1953.7621332947965,84.06053850040524,10
3930,1954.2850923526644,84.19613083014531,10
3931,1954.8525715730993,84.07103479924302,10
3932,1955.137634243671,84.0691835729112,10
3933,1955.661704442057,84.05300428159869,10
3934,1956.185073987459,84.06457444588663,10
3935,1956.7110723574074,84.15390707931677,10
3936,1957.2586231236426,84.27225320681023,10
3937,1957.979929615501,84.16954753690071,10
3938,1958.2861544317893,84.3057355906174,10
3939,1958.7252892732915,84.29818776972142,10
3940,1959.248899031222,84.29125657681087,10
3941,1959.5328821411,84.38114149669363,10
3942,1960.0594719508797,84.54619096115074,10
3943,1960.5620479192035,84.46689024748545,10
3944,1961.1951485097118,84.66807613854355,10
3945,1961.6107868042861,84.87335313603253,10
3946,1961.8523030604902,84.97710953673696,10
3947,1962.049183001025,85.0633654622286,10
3948,1962.443226227148,85.07503721610529,10
3949,1962.7276617101415,85.03280656338983,10
3950,1963.2732551542395,85.04722958035298,10
3951,1963.7103250130167,85.08888115053607,10
3952,1964.1931103274048,85.00164153354525,10
3953,1964.8057648684414,85.07139986188537,10
3954,1965.1987861655161,85.29969607520658,10
3955,1965.461823948784,85.4237988729826,10
3956,1966.008245217993,85.40433556035997,10
3957,1966.6198396334748,85.37892062145603,10
3958,1967.2086000809068,85.370737322297,10
3959,1967.7339449145516,85.46180383996006,10
3960,1968.1704719234253,85.5240561952912,10
3961,1968.6300592741434,85.79451248388582,10
3962,1969.1769666411933,85.75478464048442,10
3963,1969.526400392619,85.78139682335134,10
3964,1969.7668383427704,85.85058985499965,10
3965,1970.3355245824746,85.75554921294601,10
3966,1971.0134799612886,86.02395546273908,10
3967,1971.493106035064,86.1434484319588,10
3968,1972.23529287741,86.13046487390218,10
3969,1972.5200615903373,86.16711298633332,10
3970,1973.0229637676941,86.08093095685871,10
3971,1973.3081862365107,86.27565870079182,10
3972,1973.593999472391,86.29430626325097,10
3973,1974.140960037127,86.43110816267543,10
3974,1974.6670198161996,86.46508072679578,10
3975,1975.1685908128402,86.43250946135149,10
3976,1975.6055133249106,86.40890681009726,10
3977,1976.1525017085708,86.58965700729782,10
3978,1976.4372794225444,86.67098651430545,10
3979,1976.832542296741,86.49753959614704,10
3980,1977.2477133773532,86.38281844765761,10
3981,1977.7953929324074,86.20664983570198,10
3982,1978.1019288847983,86.06153779256161,10
3983,1978.5608953807628,86.06062940276908,10
3984,1979.020925702384,86.16769467951369,10
3985,1979.5014937226456,86.14458961416209,10
3986,1980.0262850650647,86.3489242896179,10
3987,1980.7243731275037,86.35064353561997,10
3988,1981.2274026904302,86.42919826219493,10
3989,1981.9045108329562,86.38584599191573,10
3990,1982.3863150925433,86.6451042308234,10
3991,1982.7813022515998,86.53701886384447,10
3992,1983.3271341070354,86.73694105460575,10
3993,1983.938089425987,86.63613992806906,10
3994,1984.5065536648774,86.60808038506683,10
3995,1984.8803575093548,86.57970051095246,10
3996,1985.317681369844,86.81923166772233,10
3997,1985.88530778286,87.04465482153317,10
3998,1986.628350682165,86.89373573607826,10
3999,1987.1537946568958,86.85676284408126,10
4000,1987.874447101292,86.9589352079495,10
4001,1988.4858040504557,87.11325563999037,10
4002,1989.0540745286974,87.4158963368742,10
4003,1989.4909527314708,87.33923138742348,10
4004,1990.0810018007749,87.41505843929752,10
4005,1990.5401714946518,87.22443323135079,10
4006,1991.1088528557339,87.39581789099225,10
4007,1991.5673973731107,87.22626252934796,10
4008,1991.9166741877111,87.26656281359772,10
4009,1992.551280010891,87.53592122088897,10
4010,1992.9006520950775,87.53823094407352,10
4011,1993.3388410736145,87.6824365293443,10
4012,1993.8184556981419,87.7145715370472,10
4013,1994.3423159022077,87.82929469337023,10
4014,1994.6916018677784,87.89602098383416,10
4015,1995.2604602212164,87.97286181947283,10
4016,1995.6975584780516,88.02706795422358,10
4017,1996.1993262418341,87.9383852551867,10
4018,1996.7680684021375,87.8373044212157,10
4019,1997.3137473487816,87.94935557474417,10
4020,1997.7295142744333,88.10126436981562,10
4021,1997.9916075398455,88.0915726030548,10
4022,1998.516424461998,88.19242498301062,10
4023,1998.9750104591235,88.02200105987241,10
4024,1999.4347958982366,88.29173039852833,10
4025,1999.7836863980156,88.37192652752745,10
4026,2000.3301985220173,88.48838802649504,10
4027,2000.9206426929813,88.41351856349189,10
4028,2001.4680320343218,88.42724314792667,10
4029,2001.8395800537164,88.52469427924498,10
4030,2002.3639050385602,88.25817261878342,10
4031,2002.932057374233,88.18918915350002,10
4032,2003.1510419745064,88.19090547659444,10
4033,2003.7632925839102,88.26708367008946,10
4034,2004.2007444520182,88.45474179088463,10
4035,2004.725917608547,88.47303950647039,10
4036,2004.9874361448328,88.58173366775856,10
4037,2005.381146556517,88.62449668391693,10
4038,2005.665657878201,88.65081746993542,10
4039,2006.1042312718896,88.77472208753669,10
4040,2006.4979973052118,88.81239995332564,10
4041,2006.9582518160992,88.92020131567524,10
4042,2007.5043798556385,88.7868267587332,10
4043,2007.9859934629858,88.90562901001265,10
4044,2008.467523549392,88.92524547106508,10
4045,2008.7511344739578,88.96023452126873,10
4046,2009.056354330121,88.82253825939138,10
4047,2009.6476914433792,88.87893788682494,10
4048,2009.9851068432476,88.8931463127744,10
4049,2010.4440724037202,88.95499797202953,10
4050,2010.9250974998893,89.09406166116852,10
4051,2011.471598011854,88.9707389969773,10
4052,2011.931013347306,88.88977844300055,10
4053,2012.319992663072,88.89831571115354,10
4054,2012.93155208547,89.00438541577785,10
4055,2013.3029462383176,88.83666186269724,10
4056,2014.0890166366341,88.86435832599092,10
4057,2014.5915893443696,89.02545508008677,10
4058,2014.8550555860625,89.15121472680445,10
4059,2015.4676357152962,89.13450714852628,10
4060,2016.1009557094094,89.3649195851972,10
4061,2016.581983504388,89.32944389161672,10
4062,2016.9540121112507,89.30378518735272,10
4063,2017.391799557036,89.4356720175261,10
4064,2017.8727673896344,89.30636474729629,10
4065,2018.2671043670398,89.30399291270723,10
4066,2018.5511412954584,89.19407136635152,10
4067,2019.0105169231308,89.04854413879701,10
4068,2019.5125415554987,89.176919345583,10
4069,2020.0155032667085,89.22121726019296,10
4070,2020.5614404664782,89.13580962803682,10
4071,2021.0426465273104,89.14692058778049,10
4072,2021.6987663161067,89.23443947399372,10
4073,2022.418880128086,89.2253877229083,10
4074,2022.791243980319,89.27059453899197,10
4075,2023.2073238964379,89.43622550068157,10
4076,2023.7530083851077,89.55288090098603,10
4077,2024.2797394736303,89.75263406883853,10
4078,2024.5416932733042,89.76038977335287,10
4079,2025.1095491413278,89.76923327852228,10
4080,2025.5689729263158,89.70291724349111,10
4081,2025.9205290803416,89.65215747421821,10
4082,2026.3784097325247,89.56852841096062,10
4083,2026.9895375900232,89.44645187914249,10
4084,2027.6007220179854,89.32085405469255,10
4085,2028.3867283902175,89.38331803710894,10
4086,2028.7368040146182,89.49314350969428,10
4087,2029.369341650714,89.67868124879193,10
4088,2029.9826769681974,89.77070192014502,10
4089,2030.3350231417862,89.67545657072402,10
4090,2030.6840814630784,89.66253303944822,10
4091,2031.2082509197849,89.49899884676212,10
4092,2031.8419160520837,89.42644772445487,10
4093,2032.2793151856713,89.56248154292473,10
4094,2032.6514557775147,89.28174331497637,10
4095,2033.1097702157417,89.34044768062616,10
4096,2033.546525949178,89.44162861437769,10
4097,2034.0045644815953,89.45811056542269,10
4098,2034.4403516230407,89.4083117149286,10
4099,2034.8560932327302,89.25147793811928,10
4100,2035.3365551480151,89.08508304034368,10
4101,2035.773034179007,89.1306047482221,10
4102,2036.2752673129028,88.92284929779312,10
4103,2036.6462969843003,89.08786363264569,10
4104,2037.0619463546434,89.10326491796603,10
4105,2037.49858849956,89.38279619320507,10
4106,2037.9580809755466,89.56664428009746,10
4107,2038.2653410313549,89.57688354657381,10
4108,2038.812302946702,89.40043674898989,10
4109,2039.2500767407237,89.54307129624046,10
4110,2039.7297420201533,89.56317733696132,10
4111,2040.1468416219238,89.4793940409307,10
4112,2040.6714318527934,89.69842046934184,10
4113,2041.1534303276646,89.80126261879188,10
4114,2041.6771936982193,89.76097152451304,10
4115,2042.336451356333,89.7204117217061,10
4116,2042.7065332948991,89.62756676080113,10
4117,2043.2754799374682,89.5821391786099,10
4118,2043.6681443759194,89.51171526819654,10
4119,2044.280363857029,89.4145698199234,10
4120,2044.8914298654029,89.44582070801877,10
4121,2045.32856333624,89.72374877369911,10
4122,2045.8100823688314,89.9072238452424,10
4123,2046.0081823323314,89.85279735657943,10
4124,2046.2052228638447,89.95465803362157,10
4125,2046.8824695406988,89.96879501898985,10
4126,2047.4710501524162,89.89445526781739,10
4127,2048.0160292803735,89.7358408087393,10
4128,2048.5419693692656,89.685558333406,10
4129,2049.000456795689,89.54383172010901,10
4130,2049.5691163840806,89.42000751520767,10
4131,2050.027316103721,89.47609323737895,10
4132,2050.507871490746,89.21425841769432,10
4133,2051.163894474031,89.02470526791343,10
4134,2051.6239936403344,89.13198648431059,10
4135,2051.9962572251025,89.26617389343951,10
4136,2052.3240484606795,89.45290686865972,10
4137,2052.84834248323,89.77677838763913,10
4138,2053.154712174207,89.76727307079199,10
4139,2053.549219433594,89.56751954272768,10
4140,2053.8981552780087,89.86120173544852,10
4141,2054.291871625343,89.90773936297587,10
4142,2054.9253408582217,89.78268835832868,10
4143,2055.471697666013,89.68554279888957,10
4144,2055.931033719741,89.58946141869792,10
4145,2056.4990969715022,89.52437488348801,10
4146,2057.0453033896624,89.6443267623297,10
4147,2057.4173892659473,89.70872348312048,10
4148,2057.7894075624704,89.77807959916116,10
4149,2058.4020660112024,89.6893732165581,10
4150,2058.9269151943577,89.97450354786595,10
4151,2059.4088831066197,90.07712230161117,10
4152,2059.9333881677567,89.98267020674963,10
4153,2060.544968986938,89.99573438374458,10
4154,2060.9815118120214,90.19985231639102,10
4155,2061.353387608232,90.18461149921798,10
4156,2061.9221367230134,90.08601109498503,10
4157,2062.1191879545063,90.1641890063351,10
4158,2062.38168086283,90.11174702679743,10
4159,2062.9080593746976,90.02758073412446,10
4160,2063.3236633547003,90.25907786230047,10
4161,2063.9357903123023,90.18148484363432,10
4162,2064.4815314565117,90.18371355264163,10
4163,2065.0054753728664,89.93618176712263,10
4164,2065.617732145081,89.90559459776335,10
4165,2065.991856986678,89.59547405330781,10
4166,2066.3644385454045,89.84311120432186,10
4167,2066.6716735651144,89.93789737613746,10
4168,2067.086660529354,89.76910197307306,10
4169,2067.6332055072626,89.6844366549136,10
4170,2068.0038701132935,89.78784076397898,10
4171,2068.310269640663,89.64097457107545,10
4172,2068.835771706081,89.43640249093866,10
4173,2069.2945887042342,89.6480031885813,10
4174,2069.601403054306,89.67534668077592,10
4175,2070.062421707235,89.88738395381695,10
4176,2070.412174205406,90.11859454097056,10
4177,2071.0019261410757,90.35331800262948,10
4178,2071.699780304685,90.30110511667066,10
4179,2072.310954611776,90.27791509422272,10
4180,2072.835703816024,90.13776673303202,10
4181,2073.2728168752215,89.96617073369394,10
4182,2073.4925628999326,89.92670128773658,10
4183,2073.7563591816315,90.02376441080428,10
4184,2074.521019001019,90.04658859933842,10
4185,2075.022516239017,90.18850271583963,10
4186,2075.5267931024136,90.24175498466066,10
4187,2075.7467119737203,90.43886637282262,10
4188,2075.9653469040313,90.38712246702634,10
4189,2076.3604513152077,90.49501505144578,10
4190,2076.6441781171497,90.55560429640941,10
4191,2077.1466773006387,90.49920864468706,10
4192,2077.8022099310247,90.70423788245398,10
4193,2078.4591528610076,90.86350008324017,10
4194,2079.114941326355,91.13481776032563,10
4195,2079.595049953222,91.34466484167578,10
4196,2080.142501885463,91.5687424913838,10
4197,2080.5786036775867,91.59528051500354,10
4198,2081.1462412680235,91.72828388739259,10
4199,2081.495502313477,91.63721813131754,10
4200,2081.9552985401165,91.58500209994034,10
4201,2082.45881902651,91.76152228447452,10
4202,2082.9398188389687,91.751964556968,10
4203,2083.421100803632,91.72680522071889,10
4204,2083.8594839189327,91.48181338808203,10
4205,2084.3180058415865,91.5792911157922,10
4206,2084.6452434353346,91.50981603657748,10
4207,2085.038846193791,91.56482987650537,10
4208,2085.4746105007493,91.38551907469827,10
4209,2085.935649355045,91.33943897459835,10
4210,2086.7426363225127,91.3292806707511,10
4211,2087.484719663296,91.5279881835847,10
4212,2087.943264530425,91.48061890762722,10
4213,2088.33639624533,91.40013464190055,10
4214,2088.686698736397,91.48966827090416,10
4215,2089.0580721778692,91.56348939542896,10
4216,2089.540369709507,91.53437486903418,10
4217,2090.1308559777267,91.50500000212065,10
4218,2090.5892717190154,91.63110125827431,10
4219,2091.222449299955,91.78859597359083,10
4220,2091.790760764366,91.78685155119473,10
4221,2092.2271114937585,91.76229676154355,10
4222,2092.6190080521087,91.8088578493934,10
4223,2093.0777590277157,91.69635570005589,10
4224,2093.340017725962,91.7992759274401,10
4225,2093.735119974277,91.65167315013491,10
4226,2094.129235898325,91.8141665530457,10
4227,2094.6013070506624,91.88635764592782,10
4228,2095.0595535661396,91.77662506985772,10
4229,2095.6491257404814,91.77618104922747,10
4230,2095.9983934626043,91.92471721065945,10
4231,2096.23915153733,92.00936110465744,10
4232,2096.807982212639,92.14678491869277,10
4233,2097.1576017070156,92.32468841528436,10
4234,2097.6824874650074,92.11023288777055,10
4235,2098.1417735578634,91.93383676967669,10
4236,2098.7093928164186,92.07214579396569,10
4237,2099.0159566375373,92.21066037429796,10
4238,2099.626256999865,92.13047734632278,10
4239,2100.0416799838076,92.16782142864267,10
4240,2100.5000987357325,91.88313130148242,10
4241,2101.111948773,91.9927623553226,10
4242,2101.658877653445,92.10012632743616,10
4243,2102.269659605917,91.88449075727051,10
4244,2102.7068038921643,91.70771582390265,10
4245,2103.1896626003895,91.82667033371098,10
4246,2103.8447555714492,91.87878971200907,10
4247,2104.456387607315,91.75422814518208,10
4248,2105.2199216586987,91.73606242733787,10
4249,2105.548980204456,91.87472754692209,10
4250,2106.0727128970366,91.98828093744747,10
4251,2106.5968254177633,92.06572904091855,10
4252,2107.0774166873202,91.9383779827796,10
4253,2107.759017378515,91.88059281644968,10
4254,2108.17452292124,91.88466889948097,10
4255,2108.93843244447,92.11703151658268,10
4256,2109.11269967936,92.0981783675059,10
4257,2109.5494372960407,92.18718088107168,10
4258,2109.9873721935937,92.36391031466336,10
4259,2110.359195518875,92.27217365722628,10
4260,2110.7543210243784,92.32238107760361,10
4261,2111.147694566326,92.34671137944376,10
4262,2111.6072734317695,92.28115675998832,10
4263,2112.218148415873,92.31271490169522,10
4264,2112.4809169298555,92.28823222464929,10
4265,2113.0924989860655,92.37467948746813,10
4266,2113.617471931677,92.41663588728301,10
4267,2114.033631859079,92.42685629123513,10
4268,2114.644589740794,92.47777111316883,10
4269,2115.1472359585055,92.37264798816679,10
4270,2115.4969000879673,92.48864405271655,10
4271,2115.8911976541576,92.59410902880258,10
4272,2116.393867750606,92.43362642451886,10
4273,2116.8955881992483,92.28448928949499,10
4274,2117.5504694882356,92.24666844803474,10
4275,2118.054083344542,92.07767348912596,10
4276,2118.7308453739797,92.02108783532928,10
4277,2119.0827578268986,91.91302223771505,10
4278,2119.2799839721547,92.08159626625135,10
4279,2119.6948172423977,92.1537018573971,10
4280,2120.3719225728305,92.19367667284763,10
4281,2120.677424184788,92.09360109145203,10
4282,2121.114268815748,92.00563923525833,10
4283,2121.70476838277,92.09269101958728,10
4284,2122.3159968307227,92.32624159124393,10
4285,2122.9501822939174,92.48347870880644,10
4286,2123.4737089247674,92.33197171116853,10
4287,2124.1289218203588,92.29899939365174,10
4288,2124.7205362919635,92.4222598099836,10
4289,2125.287785821791,92.51519709254448,10
4290,2125.833498512421,92.64359020249982,10
4291,2126.2920610041565,92.70852641281813,10
4292,2126.751521654329,92.517757357719,10
4293,2127.14382758641,92.67517642681503,10
4294,2127.7546416980645,92.68045668650754,10
4295,2128.191959434254,92.60318946864166,10
4296,2128.4319450024223,92.48649073865914,10
4297,2128.911930115262,92.42465575694024,10
4298,2129.5014232208446,92.31358421779206,10
4299,2130.0478257246355,92.18658775970331,10
4300,2130.4192256700358,92.32307833628921,10
4301,2131.0092481417246,92.24000654703899,10
4302,2131.4247670515447,92.1447390643972,10
4303,2131.8624995777145,92.35594191166942,10
4304,2132.3216919817173,92.47758793423095,10
4305,2132.890819360657,92.28345338426101,10
4306,2133.524947482914,92.4585912149432,10
4307,2134.049082616525,92.41378957678889,10
4308,2134.7263287223495,92.44403836717309,10
4309,2135.076086887954,92.40483785172808,10
4310,2135.4706623365864,92.36477282859116,10
4311,2136.1525468603904,92.27026681136002,10
4312,2136.437183301826,92.37723742817148,10
4313,2136.8520904608295,92.2917484375618,10
4314,2137.724948424942,92.29195711086433,10
4315,2138.096441077184,92.32414129372881,10
4316,2138.535177985251,92.15145077305553,10
4317,2139.0177614445324,92.23396442308791,10
4318,2139.477409112952,92.0884104157225,10
4319,2139.9365768581238,91.89891150435933,10
4320,2140.482401033029,92.12744976959839,10
4321,2141.0940919061163,92.04868972972776,10
4322,2141.7929299667467,91.97177051253686,10
4323,2142.230556945772,91.84402193543656,10
4324,2142.6682233978427,91.72557725576765,10
4325,2143.170394022917,91.67587262500314,10
4326,2143.607324991022,91.69855205070162,10
4327,2144.2226403791965,91.68220831326921,10
4328,2144.6594226046236,91.77711250515799,10
4329,2145.3149606200545,91.78289443223272,10
4330,2145.9084228091892,91.72271047202132,10
4331,2146.258263385568,91.54139105962545,10
4332,2146.9564240327068,91.5372428380366,10
4333,2147.371469742045,91.44122230396822,10
4334,2147.810497074861,91.28292425277301,10
4335,2148.0533595379757,91.32856455950001,10
4336,2148.4482641670634,91.49089448506476,10
4337,2148.973553942285,91.83009942569991,10
4338,2149.3454775341643,91.86109655913297,10
4339,2149.8057707722655,91.81459903363702,10
4340,2150.4173489760447,91.66332671740471,10
4341,2151.0296449048883,91.52367227350742,10
4342,2151.4675185708443,91.42074187534155,10
4343,2152.0131413550976,91.3233783437917,10
4344,2152.6467468801097,91.2082756070802,10
4345,2152.994985408384,91.27703467570412,10
4346,2153.497456480673,91.36682226787485,10
4347,2153.979308334442,91.55446841266222,10
4348,2154.3070677038763,91.47313901838001,10
4349,2154.875902763512,91.4453658396475,10
4350,2155.4880310240937,91.56440734643704,10
4351,2155.7730484288254,91.72596101508051,10
4352,2156.4505402212562,91.81380054982324,10
4353,2156.8014216819624,91.93317536078156,10
4354,2157.372256487023,91.79742157490496,10
4355,2157.658702543364,91.8500299190679,10
4356,2158.16122883177,91.96018205498038,10
4357,2158.620052600623,91.73424795181707,10
4358,2159.254865156143,91.54418250565804,10
4359,2159.8665213085346,91.34925133533326,10
4360,2160.238563676926,91.28554676303897,10
4361,2160.828147407011,91.24622921659827,10
4362,2161.3087792300676,91.40457594556648,10
4363,2161.7898956273975,91.56664698497869,10
4364,2161.9659742552303,91.62705535077316,10
4365,2162.314911230488,91.63949185374634,10
4366,2162.8617612919675,91.7417911233673,10
4367,2163.4515745190074,91.70927015681326,10
4368,2164.064105730145,91.58847064446235,10
4369,2164.524216358049,91.39434799314266,10
4370,2164.896284277602,91.45650120676575,10
4371,2165.2907939789466,91.67189160350887,10
4372,2165.663536300589,91.78626751418825,10
4373,2166.2109498928776,91.77842632385257,10
4374,2166.8225913517176,91.9637324930225,10
4375,2167.237585922364,91.94076707628724,10
4376,2167.784544600747,92.07515029323336,10
4377,2168.2655947096337,91.9699244690574,10
4378,2168.833879212584,91.97340444035878,10
4379,2169.491137061895,91.923678129324,10
4380,2169.927747956106,91.7360192318572,10
4381,2170.1472817327694,91.8943025916645,10
4382,2170.5841912180845,91.85796261776342,10
4383,2171.0871740816215,91.90613274461502,10
4384,2171.6117535088724,92.16711204208195,10
4385,2172.0047688539885,92.17222890985481,10
4386,2172.376859517494,92.115521302668,10
4387,2172.9891671890987,92.06560108807928,10
4388,2173.600662432783,92.22480815773122,10
4389,2173.971732213856,92.10418139519929,10
4390,2174.3870121150253,91.95573953943554,10
4391,2174.9992231934434,91.89838191702061,10
4392,2175.415783998916,91.98396581167445,10
4393,2175.96150362452,91.91576056948355,10
4394,2176.573641304067,91.9853448647374,10
4395,2176.9892124569287,91.89124860758919,10
4396,2177.448455095865,92.09615626161482,10
4397,2177.9751373566482,92.2111104067817,10
4398,2178.3908921578923,92.21503861518372,10
4399,2178.7642487346466,92.26970269723326,10
4400,2179.267241057685,92.2289083961513,10
4401,2179.8142849034766,92.38127789416711,10
4402,2180.2313337133246,92.59548335518762,10
4403,2180.889330694504,92.63379257221683,10
4404,2181.3918408735185,92.63350133067198,10
4405,2182.178626166412,92.67298135293433,10
4406,2182.7254090992246,92.84611131055667,10
4407,2183.1623649093463,92.89646152859146,10
4408,2183.774876252066,92.94783845639677,10
4409,2184.1019656586777,93.03527987717568,10
4410,2184.5618554545886,92.9712115996236,10
4411,2185.065732929029,93.16496526552524,10
4412,2185.4816599017477,93.21620908549426,10
4413,2186.116403514957,93.42733878966769,10
4414,2186.4875907953165,93.26214958551633,10
4415,2186.6195684412073,93.31468648340488,10
4416,2187.0567856651633,93.10760926623892,10
4417,2187.5176079734015,93.2580355838551,10
4418,2188.062925825849,93.27172630256219,10
4419,2188.633118797587,93.30416232128026,10
4420,2189.3314882291606,93.11356391603461,10
4421,2189.811768516208,93.09547954172419,10
4422,2190.510449061624,93.04504656539943,10
4423,2190.92490335793,93.26377650267955,10
4424,2191.384495705457,93.09407906835108,10
4425,2191.734175516657,93.02544293378217,10
4426,2192.0416246385457,93.01904421445667,10
4427,2192.7181618649265,93.10002140368466,10
4428,2193.2220818945516,93.10626574919564,10
4429,2193.572980458308,93.23848047513162,10
4430,2193.835275758897,92.89318196053216,10
4431,2194.4258186478205,92.91467242075504,10
4432,2194.9945089852745,93.08091468968995,10
4433,2195.693593307913,93.22899847882266,10
4434,2196.0007513675464,93.04992407956686,10
4435,2196.6800098787,93.02814190171819,10
4436,2196.965464891581,93.29391380513229,10
4437,2197.6441582623333,93.20509640240462,10
4438,2197.9727264131866,93.23301726647831,10
4439,2198.474131590211,93.26176009206328,10
4440,2198.9335134053536,93.26280326691024,10
4441,2199.3707582829907,93.42000824355547,10
4442,2199.8725983772483,93.57270952726502,10
4443,2200.330267735174,93.7787191991798,10
4444,2200.9193336557582,94.05079158772517,10
4445,2201.18175604515,93.78452272643926,10
4446,2201.706305773559,93.88970103854261,10
4447,2202.1236646639545,93.87315778298185,10
4448,2202.647996882887,94.0337979623039,10
4449,2203.041430148169,93.99632912938895,10
4450,2203.6523906045204,94.18125036061501,10
4451,2204.1764560941338,94.32025199079827,10
4452,2204.678754233156,94.44239341391759,10
4453,2205.2037432847665,94.28283378760077,10
4454,2205.728429085835,94.49238687832042,10
4455,2206.0778457951014,94.26410259606247,10
4456,2206.515701226531,94.42870633087445,10
4457,2206.8867467554255,94.13717921732096,10
4458,2207.5858332418566,94.13449570138414,10
4459,2208.132059079709,94.10843049612347,10
4460,2208.6559803637583,94.09424071929524,10
4461,2209.1143206641373,94.23317652266243,10
4462,2209.550574060689,94.56504113003997,10
4463,2210.2269298858464,94.76317502282552,10
4464,2210.5756677155077,94.91062543374312,10
4465,2210.9055048439914,95.19737559997944,10
4466,2211.189701983093,95.23456533847448,10
4467,2211.6077131824463,95.15790514243675,10
4468,2212.023161772695,94.98884698559306,10
4469,2212.50507177496,94.85510912308838,10
4470,2213.2696926539893,94.88283244256041,10
4471,2213.663984614401,94.72425457785904,10
4472,2214.037221212745,94.68246699771946,10
4473,2214.4744969729554,94.57464695022944,10
4474,2215.1515609006174,94.71715596831066,10
4475,2215.525248777781,94.79603218888802,10
4476,2215.8750497555943,94.55685031255292,10
4477,2216.46371204754,94.62519835477143,10
4478,2216.987454055006,94.62514582750192,10
4479,2217.447165818137,94.68041556681402,10
4480,2217.6668185007125,94.77074873906473,10
4481,2218.126677963957,94.97469982619118,10
4482,2218.56521658185,95.04836939020187,10
4483,2219.1771884593986,95.20562246211747,10
4484,2219.5279746357164,95.27802081793673,10
4485,2220.0080720955725,95.04681332290328,10
4486,2220.4240077017866,95.16178854204196,10
4487,2220.730365308056,95.38064715573378,10
4488,2221.2773293954497,95.69896931914562,10
4489,2221.866870673001,95.67589395918417,10
4490,2222.151217578593,95.79179631509928,10
4491,2222.523728696727,96.01440436751233,10
4492,2222.8752082341516,95.96665945201083,10
4493,2223.379695276207,95.87588251029847,10
4494,2223.75215979077,95.8532559921521,10
4495,2224.386149321678,95.82487702100562,10
4496,2224.9967505287996,96.09457289336612,10
4497,2225.367846693725,96.01014256140724,10
4498,2226.0447561522665,95.98659397770089,10
4499,2226.5715129906857,95.8432711098761,10
4500,2227.0295730259068,95.6464502694764,10
4501,2227.5748753196103,95.6891291596351,10
4502,2227.9693018566045,95.62360920989352,10
4503,2228.428830468699,95.82716123258878,10
4504,2228.9311811396233,96.15725648488677,10
4505,2229.2368275670747,96.0067801348358,10
4506,2229.8486625663886,95.98545226749809,10
4507,2230.263399955496,95.78545502385872,10
4508,2230.786697292503,95.75002761265725,10
4509,2231.179980215814,95.53670170791982,10
4510,2231.4210960616097,95.34780623356693,10
4511,2231.9017836928215,95.37175415568733,10
4512,2232.5805354253635,95.32974643620263,10
4513,2233.127481561408,95.58704082881958,10
4514,2233.5867708387736,95.58097757794808,10
4515,2233.894156670984,95.81499091339846,10
4516,2234.244087540628,95.95503923702219,10
4517,2234.5291196214375,96.2158630446473,10
4518,2234.856953836468,96.05247441872457,10
4519,2235.2947756793833,96.11345510629472,10
4520,2235.7313590900976,96.33569279655045,10
4521,2236.12521849877,96.44169959371148,10
4522,2236.4978783114593,96.31685004258001,10
4523,2236.848191586534,96.36135841822887,10
4524,2237.54802670785,96.36557281299865,10
4525,2237.854168344773,96.50044389875917,10
4526,2238.4004199660276,96.75085860741538,10
4527,2238.9706220825638,96.75833255163131,10
4528,2239.5396480290565,96.68956467176501,10
4529,2240.063831749329,96.71664609584991,10
4530,2240.3054197548795,96.72363553744378,10
4531,2240.8952392865767,96.6550945179112,10
4532,2241.441924541408,96.80827351947637,10
4533,2241.6404084271703,96.90969337196839,10
4534,2242.011656519935,97.07981853721506,10
4535,2242.449215680523,97.03312844217821,10
4536,2242.909183000274,96.93007108714558,10
4537,2243.236899684843,96.87593455366847,10
4538,2243.9138122082622,96.89088179502161,10
4539,2244.2186817681595,96.8352557714287,10
4540,2244.611623496512,96.78212894605647,10
4541,2245.0924950614885,96.67766212368556,10
4542,2245.6381141236134,96.61763749319161,10
4543,2245.8131810411473,96.62437157471642,10
4544,2246.2711704279704,96.56588505561128,10
4545,2246.5988249667166,96.3650121508101,10
4546,2247.167163857679,96.60283490029893,10
4547,2247.7139715170733,96.49263681423497,10
4548,2247.889170274822,96.48927901909308,10
4549,2248.6528335089483,96.61608761253859,10
4550,2249.002208313917,96.88244725920566,10
4551,2249.3527304078198,96.97677980054402,10
4552,2249.659089865328,96.87099749333387,10
4553,2250.096948287241,96.79761579925982,10
4554,2250.6303017981254,96.92472646278456,10
4555,2251.134213925675,97.04034447098398,10
4556,2251.5718684335425,97.21927225842875,10
4557,2252.139525208269,97.12595695104602,10
4558,2252.555357663291,96.88493872918217,10
4559,2252.9720329806873,96.9700087206925,10
4560,2253.191195026964,97.15526947927982,10
4561,2253.6283555221553,97.10585082283322,10
4562,2254.15313170393,97.27907681718133,10
4563,2254.3728165324983,97.24576130839611,10
4564,2254.853942665115,97.56511248337063,10
4565,2255.3564108398255,97.63788894131442,10
4566,2255.750856358813,97.87548183086923,10
4567,2255.991783131806,97.92030473248663,10
4568,2256.2765584930153,98.08387439099558,10
4569,2256.7565692813614,98.01606316420975,10
4570,2257.1064656717285,98.11836004683757,10
4571,2257.565880811464,98.3383336786413,10
4572,2258.0014471256204,98.55378775575214,10
4573,2258.437791618189,98.66217337939868,10
4574,2258.8326164194123,98.96787589709811,10
4575,2259.1831884105886,99.23610389568547,10
4576,2259.5982913291987,99.4788417942621,10
4577,2260.037287217187,99.44586906384873,10
4578,2260.454021649651,99.55391070602573,10
4579,2260.934463169866,99.45430813749161,10
4580,2261.69805214041,99.53534143772391,10
4581,2262.114915153378,99.50388589459925,10
4582,2262.639439211116,99.51526121610367,10
4583,2263.0116803125006,99.57040409616208,10
4584,2263.319681115942,99.31989947377633,10
4585,2263.8446748383312,99.11037685751039,10
4586,2264.413155595853,99.03104298887382,10
4587,2264.805999316467,98.98396054289272,10
4588,2265.242883091551,99.25989647274973,10
4589,2265.811436431565,99.09820456896134,10
4590,2266.4440712266874,99.00683042016611,10
4591,2267.054817578233,99.21394821376614,10
4592,2267.4915594828353,99.16084329483296,10
4593,2267.8419637240995,99.23996129358864,10
4594,2268.1702111013033,99.0773319626567,10
4595,2268.694081664775,99.04246348924929,10
4596,2269.3922250373284,98.99159972018083,10
4597,2270.0036977352775,98.84893152942882,10
4598,2270.353384915352,99.0658898820358,10
4599,2270.9007025912424,99.07627716170346,10
4600,2271.511298744857,99.21089427693526,10
4601,2271.839854251434,99.3040206527951,10
4602,2272.3852839067695,99.19110860415903,10
4603,2272.8211191461223,99.30567797394666,10
4604,2273.476072391766,99.29572896539686,10
4605,2273.825668667265,99.27163113301752,10
4606,2274.175776500125,99.13282563361398,10
4607,2274.5041829051966,99.2136137711538,10
4608,2275.1370277624433,99.12403083866,10
4609,2275.5955668941265,99.1730024143738,10
4610,2276.2284108264457,99.09458819606465,10
4611,2276.5569251754578,98.99965520403978,10
4612,2277.169368656164,98.8969301424444,10
4613,2277.45404879117,98.79023256475627,10
4614,2277.9352041036577,98.775097067676,10
4615,2278.308320413031,98.77857919932347,10
4616,2278.91934153964,98.77214427331795,10
4617,2279.181780650145,98.85879827497186,10
4618,2279.7937311250435,98.9890294387063,10
4619,2280.3166460977436,98.87265277412962,10
4620,2280.6896761462804,99.06186606545079,10
4621,2281.1485109461964,98.95849838621263,10
4622,2281.7378074474464,98.93597195211726,10
4623,2282.2182650645254,98.84250823144306,10
4624,2282.7652894142752,99.06421620634838,10
4625,2282.8973234639907,99.08412366492719,10
4626,2283.400830170348,99.04903572497503,10
4627,2283.75090710476,99.06229594846074,10
4628,2284.1233055414605,99.22987619651416,10
4629,2284.582359812745,99.26133478235073,10
4630,2285.151319340355,99.28330781915467,10
4631,2285.7185752909736,99.07662275516877,10
4632,2286.1553880672595,99.26713193208698,10
4633,2286.527342700814,99.41666723656965,10
4634,2287.1608894574797,99.53116625120539,10
4635,2287.8159177362,99.56501333191292,10
4636,2288.274963356435,99.62305725365033,10
4637,2288.7778092648273,99.51674102445926,10
4638,2289.2809885390006,99.50712347036969,10
4639,2289.630336886359,99.54986272543916,10
4640,2290.0231061833515,99.53810539679205,10
4641,2290.612367851879,99.42397050562835,10
4642,2291.3551299432525,99.34865444028527,10
4643,2291.989199818075,99.25639751709663,10
4644,2292.272177110576,99.1932472090009,10
4645,2292.9058243448435,99.01996097175333,10
4646,2293.299594250727,99.22440856672407,10
4647,2293.9772823347207,99.20862836837523,10
4648,2294.436504397866,99.20197365726511,10
4649,2295.0269191073867,99.07906191733511,10
4650,2295.4414579712166,98.93943195358882,10
4651,2295.7263199165736,99.14123278858604,10
4652,2296.1425378225495,99.16944110684268,10
4653,2296.733151642151,99.29903076114661,10
4654,2297.1285513405373,99.29576615810804,10
4655,2297.718250083022,99.0953421485679,10
4656,2298.177808672024,98.83524181483483,10
4657,2298.4626563908982,98.78957115166203,10
4658,2298.8126515125737,98.98855135622586,10
4659,2299.2732164069166,99.18895615239126,10
4660,2299.6446622505437,99.20779496929687,10
4661,2300.1464862433277,99.46336383960116,10
4662,2300.474632761815,99.40888679534636,10
4663,2301.0863609731105,99.54540835690783,10
4664,2301.5678024234458,99.66066253073726,10
4665,2301.9178352091394,99.42297968920205,10
4666,2302.334903780405,99.30567897203109,10
4667,2302.793614472989,99.27228561929698,10
4668,2303.251881861632,99.2440378437418,10
4669,2303.2756502632133,99.24348209495753,10
4670,2303.6263511924,99.13860325162425,10
4671,2304.237128402035,99.25484639715091,10
4672,2304.9360659593253,99.23495887313862,10
4673,2305.4171613293647,99.25879169589551,10
4674,2305.657770440508,99.39361869224915,10
4675,2306.159223006882,99.20873204376382,10
4676,2306.596159313868,99.20368477453653,10
4677,2307.0330446365483,99.1765081492044,10
4678,2307.469964024084,99.28592835924108,10
4679,2307.953550163686,99.42993938436669,10
4680,2308.3700300338937,99.25535178304581,10
4681,2309.0252730513103,99.3341105330413,10
4682,2309.5937518500677,99.23835028643454,10
4683,2310.1409484803985,99.44882703163306,10
4684,2310.4906637722465,99.46082429746433,10
4685,2310.9496767998667,99.62224231754202,10
4686,2311.5602045134674,99.64547460409652,10
4687,2312.1530361839027,99.58149762757162,10
4688,2312.438457394398,99.69691164730115,10
4689,2312.9851818487214,99.58229004336744,10
4690,2313.618714446522,99.87524439775788,10
4691,2314.1655048386074,99.86265107005393,10
4692,2314.6024674954724,99.85801918627766,10
4693,2315.1262346247436,99.79820922270306,10
4694,2315.5200516418217,99.60155863243128,10
4695,2315.8479149572345,99.4602085006441,10
4696,2316.3958489533297,99.57863814878904,10
4697,2316.57096555989,99.31664139338336,10
4698,2317.030842009683,99.51964778456893,10
4699,2317.5125346910527,99.55995713329428,10
4700,2317.9725498565927,99.41533976146208,10
4701,2318.672570970187,99.51442680066245,10
4702,2319.0222895113366,99.40245487385425,10
4703,2319.50275124624,99.34827811118849,10
4704,2320.0267858683555,99.12118237484145,10
4705,2320.661251836974,99.24887415025322,10
4706,2321.0544983325326,99.24152225368235,10
4707,2321.578060064391,99.45615149868189,10
4708,2322.235321714705,99.60728400827541,10
4709,2322.4985183906765,99.49067904832036,10
4710,2323.000840541417,99.5035052760955,10
4711,2323.4615399048985,99.52150915499928,10
4712,2324.138408472909,99.5909872950788,10
4713,2324.619956946015,99.69532467842336,10
4714,2325.2319028641905,99.63152790426572,10
4715,2325.5617528519324,99.56995972219961,10
4716,2325.824807843951,99.69190066972459,10
4717,2326.285900981081,99.58477173320297,10
4718,2326.571471775076,99.68151059503896,10
4719,2326.987581201237,99.55822683896064,10
4720,2327.4465081408407,99.6996148182813,10
4721,2328.037201070935,99.71056781401414,10
4722,2328.6053086833717,99.81978231404942,10
4723,2329.1975632729022,99.70036456590634,10
4724,2329.7218735727097,99.65717060280399,10
4725,2330.202562937847,99.48157533540538,10
4726,2330.619208334101,99.63805528382575,10
4727,2331.1223350918153,99.69336695660532,10
4728,2331.5591284513544,99.73626296453965,10
4729,2331.887168942783,99.5279521012702,10
4730,2332.194457023258,99.63965475701161,10
4731,2332.914925730258,99.73979906482678,10
4732,2333.1115272391826,99.83548601914009,10
4733,2333.59265605602,99.80954828805729,10
4734,2334.09462261317,99.94506075854233,10
4735,2334.379844049176,100.10789916792766,10
4736,2334.9483632728197,100.04037226378999,10
4737,2335.449618094329,100.04473176759271,10
4738,2335.88706274309,100.07422218592656,10
4739,2336.5634435280876,100.20609523842559,10
4740,2337.088231809831,100.42563224684102,10
4741,2337.4386208693677,100.66019254261172,10
4742,2337.8100976639353,100.59991440145544,10
4743,2338.24744580105,100.63981825077909,10
4744,2338.5765648939932,100.81731733710654,10
4745,2338.862932883709,100.75449505957572,10
4746,2339.4568526697394,100.72160499176407,10
4747,2339.830604756975,100.72839603142074,10
4748,2340.2237076886718,101.00786227036666,10
4749,2340.7068293180964,100.97343663428327,10
4750,2341.034952040116,100.99869275240226,10
4751,2341.3624964606524,100.8742484559656,10
4752,2341.90872241012,101.05225447696981,10
4753,2342.4771983154924,101.15119142692721,10
4754,2342.8926360688174,101.18326194564081,10
4755,2343.1336420695734,101.38810924676693,10
4756,2343.7447963829854,101.40047017335404,10
4757,2344.0947411040634,101.27427565531035,10
4758,2344.3795797641988,101.44623791649398,10
4759,2344.773535229905,101.47154757908464,10
4760,2345.166698482123,101.6386241259015,10
4761,2345.6912831541385,101.7333895588965,10
4762,2346.064009892193,101.83390731025914,10
4763,2346.610065587188,101.992248789384,10
4764,2347.069423965497,101.84511627833773,10
4765,2347.614638163577,101.85200291091525,10
4766,2348.00881506202,101.77355718328036,10
4767,2348.641774685132,101.84213110978989,10
4768,2349.2750695100326,102.15173052130834,10
4769,2349.6695177581446,102.08485003002042,10
4770,2349.8678494339124,102.02086182103298,10
4771,2350.5034785757116,102.06579251498395,10
4772,2350.8313484332893,102.26047256567662,10
4773,2351.2475657639343,102.08978807648026,10
4774,2351.7730756762394,102.09155366810664,10
4775,2352.166793637367,102.04188039303243,10
4776,2352.6473719612695,102.16333710513192,10
4777,2353.0636215867253,102.20294742228275,10
4778,2353.326391289228,102.12547350055134,10
4779,2353.807361937029,102.0532100904503,10
4780,2354.18007912707,102.04429712327503,10
4781,2354.6612842266945,101.91058044284225,10
4782,2355.294602176405,101.96214968377545,10
4783,2355.7558023522106,102.15501556679354,10
4784,2356.128268420526,102.3462330177749,10
4785,2356.587297548762,102.46254876132612,10
4786,2356.9602531642245,102.6850183358925,10
4787,2357.5282228544256,102.68409391813464,10
4788,2357.8560416912333,102.6969018137737,10
4789,2358.489149634434,102.69570244916085,10
4790,2358.7095368045457,102.86231814260083,10
4791,2358.9943952391914,102.77308374857236,10
4792,2359.562491912674,102.72480733471933,10
4793,2360.0211225885596,102.70379102118403,10
4794,2360.460444861934,102.74159907144676,10
4795,2360.8136120207423,102.79031745273831,10
4796,2361.274234848721,102.77757059861078,10
4797,2361.7130077371676,102.84926128515858,10
4798,2362.3894836884533,102.87984706226176,10
4799,2362.872973330931,102.96310286496359,10
4800,2363.1804191432757,103.08826018017011,10
4801,2363.639680554157,103.041500656197,10
4802,2364.188090612596,103.08375237377723,10
4803,2364.625026721044,102.87380396301721,10
4804,2365.0414336913223,103.1091931647263,10
4805,2365.698331555378,103.24963806201144,10
4806,2366.13570995017,103.10579257846979,10
4807,2366.812319576367,103.03836385079367,10
4808,2367.380385705355,103.13991740108193,10
4809,2367.6653519458196,103.14111980868005,10
4810,2368.08035664684,103.19780255263211,10
4811,2368.5610777473253,103.11264131112777,10
4812,2368.9771986354676,103.3424690653293,10
4813,2369.3497918925523,103.39407785461339,10
4814,2369.9411876516906,103.38579876387755,10
4815,2370.204643426846,103.53769547215889,10
4816,2370.576943450659,103.53361143746179,10
4817,2370.92556833406,103.40021334922726,10
4818,2371.2316408021866,103.39335511289454,10
4819,2371.6709264401625,103.50412958112645,10
4820,2372.347604871111,103.58883336314722,10
4821,2372.828817373579,103.62941717497867,10
4822,2373.113169562463,103.55090379308913,10
4823,2373.530009196355,103.46770869111938,10
4824,2374.0118852783316,103.43199173139377,10
4825,2374.383803612688,103.44730669619626,10
4826,2374.8217798460278,103.51469321646107,10
4827,2375.3688772572905,103.48530870553206,10
4828,2375.959555168791,103.36793839892847,10
4829,2376.5044746430585,103.23284100303748,10
4830,2377.029458697525,103.31777441473362,10
4831,2377.7501134575045,103.37786624960495,10
4832,2378.1216624559866,103.40253697677934,10
4833,2378.8427871346717,103.27170783902102,10
4834,2379.455034121237,103.34752305617434,10
4835,2380.0872632951327,103.48510468937765,10
4836,2380.437287064202,103.47937210295632,10
4837,2380.7654657857656,103.33637897329321,10
4838,2380.8767582209334,103.37486242812467,10
4839,2381.4470457559914,103.51245572082853,10
4840,2381.8885790991994,103.46763639544307,10
4841,2382.3474665133904,103.46346072048011,10
4842,2382.915840895489,103.32483486007365,10
4843,2383.4620867420495,103.43236958557532,10
4844,2383.963521917103,103.5075919467393,10
4845,2384.357294141615,103.42370056575139,10
4846,2384.8162916155543,103.25933745987463,10
4847,2385.2972949743275,103.383697709822,10
4848,2385.733566034105,103.2012408328933,10
4849,2386.2148105137107,103.39096894212578,10
4850,2386.5872978590046,103.52850061080348,10
4851,2387.114248152991,103.60183030120281,10
4852,2387.639355306027,103.48049807724688,10
4853,2388.315636528795,103.41834684039405,10
4854,2388.8396729819506,103.37698301647362,10
4855,2389.407492740841,103.3609479980101,10
4856,2389.778845045896,103.41857866495582,10
4857,2390.4118169662006,103.5366258142381,10
4858,2390.761703341175,103.67689094561366,10
4859,2391.2872031492157,103.84398953233395,10
4860,2391.6369408487926,103.79156416553973,10
4861,2392.204850025857,103.89663311068857,10
4862,2392.599308462544,103.9520588765712,10
4863,2392.948395387026,104.24620273910435,10
4864,2393.2767221816102,104.1669848304679,10
4865,2393.758222226884,104.37156592260142,10
4866,2394.3481936322323,104.30426480151993,10
4867,2394.676472521101,104.31361764797747,10
4868,2395.049453690835,104.31571226747731,10
4869,2395.487171853134,104.28928287211059,10
4870,2396.0759110527288,104.11191815736353,10
4871,2396.4045397813525,104.03047846468813,10
4872,2397.0605375633227,104.18079780590386,10
4873,2397.5193976897344,104.4203613870289,10
4874,2398.1090747141134,104.4530728816957,10
4875,2398.7445024583803,104.61352906142547,10
4876,2399.1385090691842,104.89257894286298,10
4877,2399.7065429974873,104.97111225741813,10
4878,2400.3176527898704,105.13519836984896,10
4879,2400.9730423543997,105.14870704463317,10
4880,2401.280489303723,105.34049828471674,10
4881,2401.5901549241353,105.52300644328415,10
4882,2402.006876257945,105.47593897960537,10
4883,2402.3556820463355,105.45485435840202,10
4884,2402.837040178736,105.60140920651381,10
4885,2403.3190659101356,105.63206484429134,10
4886,2403.843684048454,105.63524709423348,10
4887,2404.215142773677,105.68015395885287,10
4888,2404.674812983773,105.80193794089983,10
4889,2405.002118496638,105.82788454878175,10
4890,2405.6349939976944,106.13659268745528,10
4891,2406.072805909191,106.30459602657895,10
4892,2406.205166391653,106.39976443632725,10
4893,2406.4015175400514,106.48496257435849,10
4894,2406.948086289879,106.60287789931479,10
4895,2407.2108994939385,106.42845248123871,10
4896,2407.47398026986,106.66595120187215,10
4897,2407.8451906000364,106.82154032637027,10
4898,2408.239525935477,106.9914013816812,10
4899,2408.6553186418137,107.15022950871416,10
4900,2409.266894475087,107.1786033077474,10
4901,2409.769694367636,107.40619692574593,10
4902,2410.3174636577614,107.60662175830475,10
4903,2410.668875439864,107.52353105915411,10
4904,2411.107259706664,107.5682368194026,10
4905,2411.3703411747183,107.53963459512606,10
4906,2411.851920436112,107.66447372418229,10
4907,2412.158706372954,107.95719243381848,10
4908,2412.5306720209283,108.21627581888598,10
4909,2413.0130217406872,108.05380646824862,10
4910,2413.5365376671753,107.83286986965136,10
4911,2414.0183361786467,108.0827223241314,10
4912,2414.651864998957,107.89070360646626,10
4913,2415.2623103888504,107.671247880612,10
4914,2415.808796165259,107.73859790477673,10
4915,2416.266680478616,107.8341981390012,10
4916,2416.9884474543455,107.9839113537064,10
4917,2417.2946386342664,108.01023798007411,10
4918,2417.667727336394,107.99974800172753,10
4919,2418.017867293779,107.98840710370358,10
4920,2418.389881863277,107.77451797977066,10
4921,2418.8490468030104,107.77438819413203,10
4922,2419.4811808206227,107.86430514502895,10
4923,2420.028448459797,107.81986919623682,10
4924,2420.420952345038,107.82632895290826,10
4925,2420.7714204890426,107.82669834419123,10
4926,2421.3396551929263,108.16182426805646,10
4927,2421.822269951842,108.24284838590255,10
4928,2422.1730344025736,108.39991787321263,10
4929,2422.6759214326853,108.59589476403134,10
4930,2423.068446356373,108.78522186261125,10
4931,2423.4842083455164,108.92786648670095,10
4932,2423.833791237849,108.88650835264018,10
4933,2424.1844732248364,109.1101398680545,10
4934,2424.643064455848,109.34739874273706,10
4935,2424.993088695433,109.57351205674158,10
4936,2425.581872606663,109.79197883647993,10
4937,2426.018343714516,109.99410373793526,10
4938,2426.08467509569,110.02815392913786,10
4939,2426.6102506139223,110.17528347494073,10
4940,2427.0464586494613,110.33970543986852,10
4941,2427.5697500881906,110.6072724790988,10
4942,2427.8767317597944,110.62130660979687,10
4943,2428.2059786827735,110.79884990731414,10
4944,2428.556191090748,110.8418405852333,10
4945,2429.145979238296,110.7146356490968,10
4946,2429.6785998574383,110.44038580445691,10
4947,2429.941439739983,110.43892835442556,10
4948,2430.4003495053457,110.64940216256593,10
4949,2430.814997890805,110.67899396171453,10
4950,2431.1862288238062,110.78410298190593,10
4951,2431.4479357898554,110.96682083763054,10
4952,2431.8865488569904,111.04741932515267,10
4953,2432.258811204906,111.08243043586104,10
4954,2432.520762014874,111.28697944129834,10
4955,2432.6302967651764,111.3206508948967,10
4956,2433.109821290916,111.3474275156474,10
4957,2433.5695493770872,111.19818112264412,10
4958,2433.8749273515677,111.30134060902812,10
4959,2434.485901138815,111.3218467889876,10
4960,2434.8579620615683,111.46510675743544,10
4961,2435.295385643278,111.43352394366777,10
4962,2435.929357894959,111.65673532308652,10
4963,2436.3238493440845,111.79070098358524,10
4964,2436.7622441845815,111.99669280992073,10
4965,2437.264444747655,112.12059998538629,10
4966,2437.874937041064,111.97961453708132,10
4967,2438.3769978270093,112.10392191471237,10
4968,2438.682821815282,112.32743061826447,10
4969,2439.2058259996106,112.46118593736834,10
4970,2439.5996656632315,112.53390199020706,10
4971,2440.0153096949193,112.7333198433097,10
4972,2440.364912085259,112.71465812161391,10
4973,2440.7146452865645,112.6382526738721,10
4974,2441.195667780266,112.62075893891866,10
4975,2441.872779361069,112.85531668884535,10
4976,2442.2674062272954,113.08706531738078,10
4977,2442.81392512711,113.281700608398,10
4978,2443.358814199813,113.34860895298986,10
4979,2443.8400827569294,113.31275015859707,10
4980,2444.364493191879,113.58034617204777,10
4981,2444.7576070286536,113.67372866997816,10
4982,2445.1081803935804,113.95392589681076,10
4983,2445.5026131031727,114.14521612148586,10
4984,2445.9396753585092,114.25237301150833,10
4985,2446.333057033592,114.43837125606215,10
4986,2446.8794839669217,114.53786649362739,10
4987,2447.4040126118934,114.78004562389083,10
4988,2447.8398286656766,114.78276293486154,10
4989,2448.386065387746,115.01941928477066,10
4990,2449.0408719386955,114.84623004182083,10
4991,2449.3691463720916,114.83832234868486,10
4992,2449.9152226936703,114.82606562209894,10
4993,2450.5050653717303,114.65824324304954,10
4994,2451.073037751801,114.63456153999911,10
4995,2451.508956474948,114.62634705530623,10
4996,2451.9461838322445,114.47986852799549,10
4997,2452.2964957195604,114.46417004457187,10
4998,2452.755566146955,114.57010479748034,10
4999,2453.2351444215324,114.43251286586012,10
5000,2453.6515152757315,114.5505073818616,10
